group,n_instances,n_offgrid,occupied_cp,occupied_cl,multi_cp,multi_cl,size_pearson,size_spearman,wt_cv_cp,wt_cv_cl,wt_median_norm
P1_t44,292,0,281,284,1,16,0.4677043299292304,0.4739472171670935,0.128285332942003,0.2391186885534428,1.1214456452164845
P2_t44,372,1,350,363,2,2,0.6677221569902181,0.7299017132074569,0.11216987204182287,0.13781635583599006,1.250273714351219
P1_t50,293,0,281,297,1,3,0.7915230703219351,0.7912819521979467,0.1191939686100398,0.13001586682545918,1.0895820309677464
P2_t50,368,1,354,363,2,0,0.8645383128029347,0.8765463173633249,0.10683644183528883,0.12327836721267821,1.203910187937268
P1_t72,305,3,283,297,1,2,0.6847748278256505,0.6878334576672204,0.12645960625114483,0.1668512673848771,1.051541151434958
P2_t72,388,1,323,353,35,16,0.3560050880658308,0.4147157873488901,0.1630879101690935,0.34911772786713213,1.0624636847875415
