group,n_instances,n_offgrid,occupied_cp,occupied_cl,multi_cp,multi_cl,size_pearson,size_spearman,wt_cv_cp,wt_cv_cl,wt_median_norm
P1_t44,278,0,276,284,1,16,0.4026558374484209,0.4384079189619106,0.14693305711974605,0.2391186885534428,1.1037441589368817
P2_t44,336,0,333,363,3,2,0.6535572022159306,0.7300026095880752,0.12569697980843586,0.13781635583599006,1.3173360942178305
P1_t50,278,0,277,297,1,3,0.7490453321879845,0.7836483031671398,0.13291979128020423,0.13001586682545918,1.0928651235661997
P2_t50,346,0,343,363,3,0,0.8447010480190925,0.8591573755972176,0.1257135259540644,0.12327836721267821,1.22408548419997
P1_t72,287,0,285,297,1,2,0.6675568878203004,0.6786204855182131,0.13840042036341316,0.1668512673848771,1.0896469896124534
P2_t72,361,0,319,353,35,16,0.44579580275737885,0.4759645463859332,0.17977941234583109,0.34911772786713213,1.022280244143276
