group,n_instances,n_offgrid,occupied_cp,occupied_cl,multi_cp,multi_cl,size_pearson,size_spearman,wt_cv_cp,wt_cv_cl,wt_median_norm
P1_t44,281,0,279,284,1,16,0.450416683096751,0.4519710410608425,0.15322754297507837,0.2391186885534428,1.1175289069631282
P2_t44,359,0,354,363,3,2,0.70421469860356,0.7623893196981871,0.12294882998622622,0.13781635583599006,1.1884000156720411
P1_t50,283,0,282,297,1,3,0.7870633913656279,0.7841947948079919,0.12999292051214484,0.13001586682545918,1.0881640085375401
P2_t50,355,0,352,363,2,0,0.8583391563207158,0.8759564428117599,0.11208993233856934,0.12327836721267821,1.214512348974249
P1_t72,291,0,283,297,1,2,0.6394201009449281,0.665570606781881,0.13696731438589146,0.1668512673848771,1.0520468668113176
P2_t72,378,0,320,353,35,16,0.48240541051562547,0.49291972573480036,0.17005716696629608,0.34911772786713213,1.0396275468304548
