reference,n,pearson_r,pearson_p,spearman_rho,spearman_p,our_mean_sd,our_mean_se,ref_mean_sd
Costanzo2016,12,0.2695142809972336,0.39692288388539543,0.5034965034965035,0.09515736659412469,0.14138686371218315,0.027762790979004748,0.08149166666666667
Kuzmin2018,4,0.13369054073493103,0.8663094592650689,-0.39999999999999997,0.6,,,
