reference,n,pearson_r,pearson_p,spearman_rho,spearman_p,our_boot_se,our_mean_sd,our_mean_se,ref_mean_sd
Costanzo2016,12,0.6125726350535053,0.0342125887245717,0.6433566433566434,0.024003191200713644,0.02470668649679016,0.14568514958768733,0.028391153615523006,0.08149166666666667
Kuzmin2018,4,0.850992128497525,0.14900787150247496,0.39999999999999997,0.6,,,,
