reference,n,pearson_r,pearson_p,spearman_rho,spearman_p,our_mean_sd,ref_mean_sd
Costanzo2016,12,0.6087268337857215,0.0356763239065227,0.5174825174825175,0.08486877113393493,0.16472811999830167,0.08149166666666667
Kuzmin2018,4,0.8032079569553381,0.1967920430446619,0.39999999999999997,0.6,,
