{
  "thresholds": {
    "hyper": [
      -3.0,
      -4.0,
      -5.0
    ],
    "resist": [
      3.0,
      4.0,
      5.0
    ]
  },
  "HIP": {
    "n_experiments": 2956,
    "n_strains": 5807,
    "n_records": 16939418,
    "n_cells_total": 16939418,
    "score_mean": -0.06635919277447881,
    "score_std": 1.2140615230336766,
    "score_p01": -3.7282442883152362,
    "score_p50": 2.1345076317825398e-06,
    "score_p99": 2.816956594113315,
    "baseline_neg_rate": {
      "neg_rate_3": 0.015080211138304751,
      "neg_rate_4": 0.008823738808499796,
      "neg_rate_5": 0.005962011209594096
    }
  },
  "HOP": {
    "n_experiments": 2923,
    "n_strains": 4912,
    "n_records": 13056820,
    "n_cells_total": 13056820,
    "score_mean": -0.0962098704313131,
    "score_std": 1.5031607016641435,
    "score_p01": -5.63575059361351,
    "score_p50": -2.2230612370778152e-05,
    "score_p99": 3.524136542451665,
    "baseline_neg_rate": {
      "neg_rate_3": 0.025570008623845623,
      "neg_rate_4": 0.017103475425103508,
      "neg_rate_5": 0.012179228939358895
    }
  },
  "total_records": 29996238,
  "lmdb_expected_records": 29996238,
  "reconciliation_match": true,
  "chrom_offsets": {
    "1": 0.0,
    "2": 229317.0,
    "3": 1039657.0,
    "4": 1355654.0,
    "5": 2887365.0,
    "6": 3463890.0,
    "7": 3733406.0,
    "8": 4823152.0,
    "9": 5385199.0,
    "10": 5822242.0,
    "11": 6567153.0,
    "12": 7230442.0,
    "13": 8308340.0,
    "14": 9231834.0,
    "15": 10015121.0,
    "16": 11105984.0
  },
  "chrom_extent": {
    "1": 229317.0,
    "2": 810340.0,
    "3": 315997.0,
    "4": 1531711.0,
    "5": 576525.0,
    "6": 269516.0,
    "7": 1089746.0,
    "8": 562047.0,
    "9": 437043.0,
    "10": 744911.0,
    "11": 663289.0,
    "12": 1077898.0,
    "13": 923494.0,
    "14": 783287.0,
    "15": 1090863.0,
    "16": 947701.0
  },
  "paper_characterized_hip_strains": 157
}