{
  "table_s5": {
    "sha256": "b123dc3e87fc10d3b4256f449fcd2eb38c91d1779000278af5a1a788356624a2",
    "source": "Dryad doi:10.5061/dryad.v5m8v file id 4834604 (si/Table_S5.xls)",
    "n_positional": 160,
    "n_total_flagged": 188,
    "cluster_mutation": {
      "CL1": "Chromosome XI aneuploidy",
      "CL2": "Chromosome XI aneuploidy",
      "CL3": "WHI2 nonsense mutation",
      "CL4": "Chromosome V locus amplification"
    },
    "lab_counts": {
      "Lab 7": 75,
      "Lab 14": 55,
      "Lab 3": 36,
      "Lab 12": 14,
      "Lab 8": 5,
      "Lab 5": 2,
      "Lab 13": 1
    }
  },
  "tier_a_positional_157": {
    "n_in_lmdb": 157,
    "n_records": 463654,
    "pct_all": 1.545707165011826,
    "pct_hip": 2.737130638136446
  },
  "tier_a_total_188": {
    "n_in_lmdb": 185,
    "n_records": 546404,
    "pct_all": 1.8215750921832266,
    "pct_hip": 3.225636205446964
  },
  "n_absent_from_lmdb": 3,
  "absent": [
    "YCR061W",
    "YIL015C-A",
    "YJL017W"
  ],
  "crossvalidation": {
    "n_flagged": 107,
    "TP": 76,
    "FP": 31,
    "FN": 109,
    "precision": 0.7102803738317757,
    "recall": 0.41081081081081083
  }
}