epoch,val/expression/pearson_per_feature,val/expression/mse,val/expression/nmse,val/loss,val/expression/pred_sd_ratio,traineval/expression/pearson_per_feature
0,-0.05519917979836464,0.04053286835551262,1.0085997581481934,0.26412373781204224,0.004238109569996595,-0.03081197291612625
1,0.054593462496995926,0.04050016403198242,1.0066026449203491,0.2636025846004486,0.014059899374842644,
2,0.05483953654766083,0.04071327671408653,1.0116093158721924,0.2641521096229553,0.019860688596963882,
3,0.055009759962558746,0.04057435691356659,1.0083719491958618,0.2647649049758911,0.013839434832334518,
4,0.055237893015146255,0.0404994823038578,1.0054800510406494,0.2636007070541382,0.03254043310880661,
5,0.055180624127388,0.04065448418259621,1.0092859268188477,0.2636425495147705,0.033101215958595276,
6,0.05511043220758438,0.040440935641527176,1.006387710571289,0.2643464207649231,0.005275147967040539,
7,0.05511808395385742,0.04056667163968086,1.0069836378097534,0.2634686231613159,0.03422951698303223,
8,0.05522288382053375,0.04073524475097656,1.0118035078048706,0.26363393664360046,0.02629309520125389,
9,0.05521641671657562,0.04055467247962952,1.0071746110916138,0.26357677578926086,0.025720298290252686,
10,0.05529619753360748,0.04076831415295601,1.0122694969177246,0.2642025947570801,0.03347321227192879,
11,0.055320821702480316,0.04054815694689751,1.0070359706878662,0.26364511251449585,0.025267137214541435,
12,0.05522681400179863,0.04047765955328941,1.0048704147338867,0.2636607885360718,0.03516460955142975,
13,0.055169060826301575,0.040639638900756836,1.0085628032684326,0.26342812180519104,0.039308495819568634,
14,0.05526581406593323,0.040464479476213455,1.0050898790359497,0.26371267437934875,0.026267558336257935,
15,0.05535879731178284,0.04067249596118927,1.0096675157546997,0.2637147903442383,0.034341517835855484,
16,0.05532344803214073,0.04076725244522095,1.0117970705032349,0.2639346718788147,0.041556138545274734,
17,0.05522968992590904,0.040470585227012634,1.005017876625061,0.2636820077896118,0.029725754633545876,
18,0.05534309893846512,0.04051819071173668,1.0068137645721436,0.2635631859302521,0.01709650084376335,
19,0.055136702954769135,0.040459513664245605,1.004884123802185,0.26378679275512695,0.02861376665532589,
20,0.055306773632764816,0.04099706932902336,1.018497347831726,0.2638508081436157,0.0339469350874424,
21,0.05535707250237465,0.04064510017633438,1.0089714527130127,0.2636277675628662,0.03259710595011711,
22,0.055366262793540955,0.04066784679889679,1.009187936782837,0.2633582055568695,0.04010354354977608,
23,0.05522465705871582,0.040797118097543716,1.0126796960830688,0.26372653245925903,0.03688390925526619,
24,0.05530964210629463,0.0406840518116951,1.0099985599517822,0.2634614109992981,0.03437458351254463,
25,,,,,,0.03161212429404259
27,0.05618245154619217,0.040519509464502335,1.006112813949585,0.2630176842212677,0.028982063755393028,
28,0.055818330496549606,0.040523696690797806,1.0056570768356323,0.26299378275871277,0.03712032735347748,
29,0.061317022889852524,0.040531568229198456,1.006643533706665,0.262931227684021,0.03423105925321579,
30,0.06658598780632019,0.04054207354784012,1.0060718059539795,0.2627507746219635,0.04023578390479088,
31,0.06142356991767883,0.040504708886146545,1.004866600036621,0.2629697620868683,0.04319318011403084,
32,0.06896580010652542,0.0403873510658741,1.0025683641433716,0.26395678520202637,0.04274073615670204,
33,0.0679561197757721,0.04082811251282692,1.013095736503601,0.262999951839447,0.04837454482913017,
34,0.08268605917692184,0.040545504540205,1.0061322450637817,0.26227039098739624,0.03684626892209053,
35,0.09292849898338318,0.040238842368125916,0.9986273646354675,0.26207098364830017,0.0690426453948021,
36,0.07961049675941467,0.04048682376742363,1.005218505859375,0.2625981569290161,0.026860905811190605,
37,0.061536889523267746,0.04066929593682289,1.008775234222412,0.26388102769851685,0.047085635364055634,
38,0.07441442459821701,0.04054722189903259,1.005940556526184,0.26255202293395996,0.042237017303705215,
39,0.08715885877609253,0.04040806367993355,1.003638505935669,0.2621525824069977,0.027719687670469284,
40,0.0843236967921257,0.04045100882649422,1.003462791442871,0.2622239589691162,0.044710323214530945,
41,0.0962086170911789,0.04055914655327797,1.0070536136627197,0.2623864710330963,0.03393102064728737,
42,0.09745785593986511,0.040376972407102585,1.001356601715088,0.2620317041873932,0.06381905823945999,
43,0.10133736580610275,0.04031653329730034,1.000285267829895,0.26180148124694824,0.052566029131412506,
44,0.10380558669567108,0.040246665477752686,0.9985949993133545,0.261750191450119,0.058500729501247406,
45,0.11051628738641739,0.04027430713176727,0.9994330406188965,0.2616002857685089,0.05277625471353531,
46,0.10766277462244034,0.04062998667359352,1.0078048706054688,0.2625221610069275,0.04962540417909622,
47,0.10420843958854675,0.04056146368384361,1.0056705474853516,0.26205626130104065,0.045955587178468704,
48,0.1054205670952797,0.04045606777071953,1.0033859014511108,0.2625025510787964,0.06156371906399727,
49,0.09828075021505356,0.040313124656677246,0.9998716711997986,0.2619258165359497,0.05877988785505295,
50,0.10732235014438629,0.040148600935935974,0.995939314365387,0.26209646463394165,0.0791207030415535,0.09762769192457199
51,0.09919146448373795,0.040527671575546265,1.0045459270477295,0.2619437575340271,0.05169573798775673,
52,0.11099336296319962,0.04032296687364578,0.9995420575141907,0.2616892158985138,0.05088184401392937,
53,0.11561043560504913,0.04036237299442291,1.000609040260315,0.2619239091873169,0.05519178509712219,
54,0.07884781062602997,0.04052843526005745,1.0064623355865479,0.2625170648097992,0.027561835944652557,
55,0.11449482291936874,0.040113236755132675,0.9944273829460144,0.2625333070755005,0.09225504845380783,
56,0.10887973755598068,0.040670014917850494,1.0084891319274902,0.2624270021915436,0.04161426052451134,
57,0.13206756114959717,0.04063224047422409,1.0072269439697266,0.2620689272880554,0.04311037436127663,
58,0.11218738555908203,0.04021873697638512,0.9970930218696594,0.2621111571788788,0.09008637815713882,
59,0.13295911252498627,0.04035959020256996,1.000158667564392,0.26158642768859863,0.04968653619289398,
60,0.12944777309894562,0.04032246023416519,0.997732400894165,0.2614736557006836,0.06625787168741226,
61,0.13240313529968262,0.04026271775364876,0.9946148991584778,0.2615355849266052,0.08866839110851288,
63,0.12197744101285934,0.04027934744954109,0.9971070289611816,0.2615397870540619,0.07203277945518494,
64,0.12161817401647568,0.040181223303079605,0.994872510433197,0.2619865834712982,0.09858279675245285,
65,0.1576509028673172,0.041276540607213974,1.0160776376724243,0.2622980773448944,0.3279191255569458,
66,0.12909060716629028,0.040774401277303696,1.0114067792892456,0.2630488872528076,0.03372744470834732,
67,0.1349867582321167,0.0402013398706913,0.991148054599762,0.2622664272785187,0.1518889218568802,
68,0.13644449412822723,0.04021923243999481,0.9914393424987793,0.26191017031669617,0.14315888285636902,
69,0.13737286627292633,0.04036491736769676,0.9991763830184937,0.26172342896461487,0.054001305252313614,
70,0.06241185590624809,0.04063926637172699,1.009022831916809,0.263340026140213,0.02957410365343094,
71,0.06290857493877411,0.040667589753866196,1.0093947649002075,0.26312875747680664,0.03708784654736519,
72,0.07099085301160812,0.040616124868392944,1.0084047317504883,0.2627219259738922,0.02896612510085106,
73,0.0765792652964592,0.04046043008565903,1.0047190189361572,0.2631128430366516,0.03545704856514931,
74,0.1240457147359848,0.040503114461898804,1.0028650760650635,0.26188644766807556,0.04839354753494263,
75,0.1350824385881424,0.04020499065518379,0.9907597303390503,0.26105839014053345,0.1162106990814209,0.1391565352678299
76,0.12550409138202667,0.040493618696928024,1.0012531280517578,0.2619572579860687,0.07651341706514359,
77,0.09933976083993912,0.04049546271562576,1.0040311813354492,0.26252636313438416,0.051622532308101654,
78,0.12464593350887299,0.04017665982246399,0.9928017258644104,0.26189854741096497,0.11221735179424286,
79,0.05298662930727005,0.04065494239330292,1.0095006227493286,0.263620525598526,0.027673443779349327,
80,0.0681193470954895,0.040476858615875244,1.0051627159118652,0.26284000277519226,0.029553430154919624,
81,0.12692002952098846,0.04031187295913696,0.9985977411270142,0.2614465057849884,0.055053193122148514,
82,0.11702922731637955,0.0402776300907135,0.9960875511169434,0.26171034574508667,0.10949937999248505,
83,0.11975783109664917,0.040432702749967575,1.0014413595199585,0.26172342896461487,0.04972751438617706,
84,0.09494121372699738,0.04044704511761665,1.0024064779281616,0.2622019648551941,0.05022076517343521,
85,0.13123521208763123,0.04016372188925743,0.9925276041030884,0.2612760365009308,0.0867672935128212,
86,0.11170612275600433,0.040304578840732574,0.9991028308868408,0.26205092668533325,0.04561810567975044,
87,0.14276337623596191,0.04004596173763275,0.9880601763725281,0.26068589091300964,0.11954044550657272,
88,0.1423887312412262,0.040200188755989075,0.9931314587593079,0.2612389326095581,0.09342128783464432,
89,0.0604366697371006,0.04063969478011131,1.008245825767517,0.26302558183670044,0.04593664035201073,
90,0.0637408196926117,0.04057036712765694,1.007358431816101,0.26272720098495483,0.03885069862008095,
91,0.07145314663648605,0.04049139469861984,1.0048772096633911,0.26250961422920227,0.04789671301841736,
92,0.09180352091789246,0.04049172252416611,1.0039459466934204,0.26236453652381897,0.05733005329966545,
93,0.09374306350946426,0.040399353951215744,1.0015252828598022,0.26224595308303833,0.056256379932165146,
94,0.121688611805439,0.04014934226870537,0.9937984943389893,0.261445552110672,0.097022645175457,
95,0.1016618013381958,0.04048767685890198,1.0035430192947388,0.26213201880455017,0.04914258420467377,
96,0.14014843106269836,0.04003061354160309,0.9883273243904114,0.2613624632358551,0.12644757330417633,
97,0.11328088492155075,0.040395401418209076,0.9979515671730042,0.26194560527801514,0.15241916477680206,
98,0.12469890713691711,0.04044457525014877,1.002941608428955,0.26206865906715393,0.04484745115041733,
99,0.15748241543769836,0.03997521102428436,0.9842050075531006,0.2606179416179657,0.14253301918506622,
100,0.1533111035823822,0.03995972126722336,0.985336184501648,0.26034072041511536,0.13998961448669434,0.16032855212688446
101,0.1341637670993805,0.040156878530979156,0.9922359585762024,0.2609826922416687,0.11082737892866135,
102,0.14042234420776367,0.040235161781311035,0.9953943490982056,0.26099783182144165,0.07440730184316635,
103,0.11789269745349884,0.040579091757535934,1.0075361728668213,0.26239797472953796,0.026020491495728493,
104,0.13554500043392181,0.04031607508659363,0.9978413581848145,0.26131847500801086,0.06634712219238281,
105,0.12447207421064377,0.04049988463521004,1.0040216445922852,0.2616720199584961,0.06471414864063263,
106,0.13257688283920288,0.04027209058403969,0.9931425452232361,0.26153913140296936,0.1682555228471756,
107,0.13395197689533234,0.04033870995044708,0.998272716999054,0.26128408312797546,0.07571297883987427,
108,0.11938188970088959,0.040363144129514694,0.9986330270767212,0.26130926609039307,0.08152779191732407,
109,0.13238193094730377,0.040182746946811676,0.9925925135612488,0.2612583041191101,0.11453655362129211,
110,0.14363326132297516,0.04025234282016754,0.9953739643096924,0.26117953658103943,0.07788725942373276,
111,0.1515549123287201,0.04012354835867882,0.9895628690719604,0.26046842336654663,0.1077839806675911,
112,0.13649040460586548,0.040214069187641144,0.9943342208862305,0.26100286841392517,0.08063570410013199,
113,0.14362165331840515,0.040330227464437485,0.9968954920768738,0.2615809440612793,0.08179944008588791,
114,0.14434339106082916,0.04005415737628937,0.988082230091095,0.2605239152908325,0.12179869413375854,
116,0.12957227230072021,0.04029152914881706,0.9967678785324097,0.2612232565879822,0.07117857038974762,
117,0.1338375061750412,0.04033492133021355,0.9984214305877686,0.2615218162536621,0.06137993931770325,
118,0.13975264132022858,0.04017847031354904,0.9900861978530884,0.26082661747932434,0.12967900931835175,
119,0.14718089997768402,0.04023189842700958,0.9906337857246399,0.26102468371391296,0.14445826411247253,
120,0.14489926397800446,0.04012090340256691,0.9908276200294495,0.2606057822704315,0.10093466937541962,
121,0.1454697698354721,0.04002750664949417,0.988328218460083,0.2604694962501526,0.11524581164121628,
122,0.12373889237642288,0.04027476906776428,0.9968703389167786,0.2612994313240051,0.07109104096889496,
123,0.13465847074985504,0.04008549824357033,0.9896788597106934,0.26094844937324524,0.12451097369194031,
124,0.11720547825098038,0.04028831794857979,0.9971030950546265,0.2615154981613159,0.09048812091350555,
125,0.13260924816131592,0.040361542254686356,0.9995743036270142,0.2612956762313843,0.05433468148112297,0.1648896485567093
126,0.13477225601673126,0.04015462100505829,0.9942257404327393,0.2614763677120209,0.07127374410629272,
127,0.1343824714422226,0.040154289454221725,0.9936226010322571,0.26132825016975403,0.07226388901472092,
128,0.10498892515897751,0.04033916816115379,0.9986299872398376,0.2622104287147522,0.12247167527675629,
129,0.13588647544384003,0.04030898958444595,0.9968931674957275,0.2615073025226593,0.08355768769979477,
130,0.14420117437839508,0.0400560088455677,0.9870563745498657,0.2603825032711029,0.14375241100788116,
131,0.13688267767429352,0.04028886556625366,0.9958191514015198,0.26120924949645996,0.08130130916833878,
132,0.1178041473031044,0.04040541127324104,1.0017621517181396,0.261684387922287,0.06814045459032059,
133,0.10470382124185562,0.04050498455762863,1.0020672082901,0.26216498017311096,0.13557730615139008,
134,0.13200055062770844,0.04011688008904457,0.9919832348823547,0.2617563009262085,0.14201121032238007,
135,0.15083487331867218,0.04005906358361244,0.9892261624336243,0.26060909032821655,0.1024291068315506,
136,0.12388590723276138,0.040292855352163315,0.995826244354248,0.2616823613643646,0.17346037924289703,
137,0.14667938649654388,0.04004752263426781,0.9881640076637268,0.260742723941803,0.11916469037532806,
138,0.1592227816581726,0.03989813104271889,0.9835072159767151,0.25988003611564636,0.1337200403213501,
139,0.15233944356441498,0.040138859301805496,0.9920321106910706,0.2607683837413788,0.07985042780637741,
140,0.1424148827791214,0.04011066257953644,0.9918133616447449,0.2606795132160187,0.09755094349384308,
141,0.1276104599237442,0.04022744297981262,0.9927322864532471,0.2611224353313446,0.14605391025543213,
142,0.1486005187034607,0.040044695138931274,0.9867498874664307,0.2602693736553192,0.15484191477298737,
143,0.1398516744375229,0.04008831828832626,0.9896236062049866,0.2606944441795349,0.13802780210971832,
144,0.13961152732372284,0.040185119956731796,0.9936835169792175,0.2607453763484955,0.0861416906118393,
145,0.1135309562087059,0.0404227115213871,0.9988272190093994,0.2622324824333191,0.16891202330589294,
147,0.13304775953292847,0.04013839364051819,0.9914703369140625,0.2613205015659332,0.12554436922073364,
148,0.14230065047740936,0.04008007422089577,0.9890953898429871,0.2605891823768616,0.11384554207324982,
149,0.15006491541862488,0.04021083191037178,0.9935275316238403,0.2605965733528137,0.06858011335134506,
150,0.1458737701177597,0.04002831131219864,0.9895224571228027,0.2603929936885834,0.09603588283061981,0.18292686343193054
152,0.11188853532075882,0.04044365882873535,0.9999027848243713,0.26233822107315063,0.17568768560886383,
153,0.14806810021400452,0.04007588326931,0.9905504584312439,0.2604975402355194,0.0933816209435463,
154,0.14957429468631744,0.040009044110774994,0.9889761805534363,0.2602558732032776,0.11347215622663498,
155,0.13118138909339905,0.0402156263589859,0.9925836324691772,0.2611550986766815,0.1303061991930008,
156,0.099477618932724,0.04048001766204834,1.0041965246200562,0.26245585083961487,0.04326167702674866,
157,0.14285318553447723,0.0400836355984211,0.9886423945426941,0.2604924738407135,0.11616042256355286,
158,0.1509990096092224,0.04012121632695198,0.9885445833206177,0.2604859471321106,0.1302872896194458,
159,0.11216245591640472,0.040396351367235184,0.9981118440628052,0.2617934048175812,0.13293981552124023,
160,0.10297098010778427,0.0406038798391819,1.0026105642318726,0.2621794044971466,0.14942343533039093,
161,0.10969007760286331,0.0405389666557312,1.0016146898269653,0.26224279403686523,0.13539938628673553,
162,0.11793868988752365,0.04027145355939865,0.9964951872825623,0.2612719237804413,0.09409593045711517,
163,0.11779755353927612,0.04029534384608269,0.9968993067741394,0.2612568736076355,0.10635692626237869,
164,0.12703411281108856,0.040241435170173645,0.9942450523376465,0.260738730430603,0.10865077376365662,
165,0.11472546309232712,0.04039867967367172,0.9971963167190552,0.2617206871509552,0.13375000655651093,
166,0.1332961767911911,0.04020644351840019,0.9907476902008057,0.26059848070144653,0.1460849940776825,
167,0.05530226603150368,0.04062226414680481,1.0081974267959595,0.2634977698326111,0.03757419437170029,
168,0.055290479212999344,0.04059753194451332,1.0075844526290894,0.26349011063575745,0.03731019049882889,
169,0.0553177110850811,0.04055282846093178,1.0066765546798706,0.26345375180244446,0.03356556221842766,
170,0.055307772010564804,0.04061123728752136,1.0081897974014282,0.26354309916496277,0.03251849487423897,
171,0.05533798038959503,0.04055492579936981,1.0065498352050781,0.2635420262813568,0.03677867352962494,
172,0.0553361140191555,0.040592242032289505,1.007466435432434,0.2634313702583313,0.03699982538819313,
173,0.0552685484290123,0.040711380541324615,1.0108916759490967,0.26360073685646057,0.031018177047371864,
174,0.055365096777677536,0.04062514379620552,1.0088162422180176,0.2635062038898468,0.02787298895418644,
175,0.055316343903541565,0.04067942500114441,1.0098780393600464,0.26356884837150574,0.03401478752493858,0.030885042622685432
176,0.05532512068748474,0.04063333198428154,1.0084021091461182,0.2634981572628021,0.03902185708284378,
177,0.05530589073896408,0.04065973311662674,1.0091317892074585,0.2635008692741394,0.038133230060338974,
178,0.05532181262969971,0.0405505932867527,1.006294846534729,0.2634338140487671,0.03959271311759949,
179,0.05533579736948013,0.04075641185045242,1.0111058950424194,0.26355019211769104,0.04902469739317894,
180,0.055310118943452835,0.04060973599553108,1.0078020095825195,0.26343289017677307,0.03895968943834305,
181,0.05532560124993324,0.04059169813990593,1.0077491998672485,0.2634420394897461,0.03151250258088112,
182,0.05534825846552849,0.0406593456864357,1.0094815492630005,0.26351645588874817,0.03170432522892952,
183,0.05528995022177696,0.040668174624443054,1.0094939470291138,0.26352837681770325,0.03560776636004448,
184,0.05531534552574158,0.040630511939525604,1.0089812278747559,0.26349616050720215,0.02737089805305004,
185,0.05530567467212677,0.040604397654533386,1.0074677467346191,0.2634291648864746,0.04259858280420303,
186,0.055292245000600815,0.04060354456305504,1.007576823234558,0.2634468674659729,0.04008696600794792,
187,0.0552976168692112,0.04053260013461113,1.005852222442627,0.2636985182762146,0.039806660264730453,
188,0.055295828729867935,0.04058525711297989,1.0076552629470825,0.26345545053482056,0.030326100066304207,
189,0.05530507490038872,0.040541235357522964,1.0064659118652344,0.26340532302856445,0.032202646136283875,
190,0.05525685474276543,0.04054724797606468,1.0063707828521729,0.26340755820274353,0.03655385598540306,
191,0.05527022108435631,0.04066186025738716,1.0093990564346313,0.2635505795478821,0.034287720918655396,
192,0.055320918560028076,0.04060782864689827,1.0081665515899658,0.2634429931640625,0.03133074566721916,
193,0.05529087409377098,0.040629807859659195,1.008683204650879,0.26346662640571594,0.0322037935256958,
194,0.0552738755941391,0.04061073437333107,1.0083273649215698,0.26349392533302307,0.02975243702530861,
195,0.05524769425392151,0.04060705378651619,1.0077608823776245,0.26345860958099365,0.03833596408367157,
196,0.0552373044192791,0.04064207524061203,1.0089503526687622,0.26346057653427124,0.033100277185440063,
197,0.05517377331852913,0.040585339069366455,1.0075255632400513,0.26341912150382996,0.032599546015262604,
198,0.055111113935709,0.04061846807599068,1.0083032846450806,0.2634948790073395,0.03361626714468002,
199,0.05490196868777275,0.040579233318567276,1.0075654983520508,0.2634258270263672,0.029216213151812553,
200,0.05481279641389847,0.04062119126319885,1.008391261100769,0.26337772607803345,0.03268891200423241,0.03157985955476761
201,0.053066786378622055,0.040553733706474304,1.0065165758132935,0.26322242617607117,0.036963120102882385,
202,0.034850943833589554,0.040580715984106064,1.0082768201828003,0.26331180334091187,0.028105752542614937,
203,0.049780238419771194,0.040632057934999466,1.009437084197998,0.26327282190322876,0.02462703362107277,
204,0.05547694116830826,0.04060220345854759,1.0076707601547241,0.2629288136959076,0.0371989905834198,
205,0.05455793812870979,0.040595922619104385,1.008189082145691,0.26302656531333923,0.03404318541288376,
206,0.05640483275055885,0.04062078520655632,1.0078625679016113,0.26310616731643677,0.04971329867839813,
207,0.05205100402235985,0.04067908972501755,1.01042902469635,0.2632279396057129,0.029081465676426888,
208,0.053147103637456894,0.0406472310423851,1.0088608264923096,0.2632814347743988,0.03956914693117142,
209,0.058850452303886414,0.04058926925063133,1.007737636566162,0.2628832459449768,0.03618914633989334,
210,0.058976974338293076,0.040589410811662674,1.0080081224441528,0.262844443321228,0.03649553656578064,
211,0.06232728064060211,0.04059506580233574,1.007574200630188,0.26296550035476685,0.041814014315605164,
212,0.058044109493494034,0.04054277762770653,1.0068320035934448,0.26300451159477234,0.03715072199702263,
213,0.04870796203613281,0.04056704789400101,1.0076457262039185,0.2633000612258911,0.03169617801904678,
214,0.054418742656707764,0.04060474783182144,1.008057951927185,0.2631014883518219,0.0376833975315094,
215,0.06619862467050552,0.04057624191045761,1.0068230628967285,0.2627072036266327,0.04062319174408913,
216,0.059007078409194946,0.04067763313651085,1.0093910694122314,0.2631165683269501,0.040874071419239044,
217,0.06517992168664932,0.04068613797426224,1.0091705322265625,0.2627323865890503,0.05576557666063309,
218,0.07138849794864655,0.04062756523489952,1.0082794427871704,0.26267609000205994,0.043693166226148605,
219,0.09498035907745361,0.040388163179159164,1.0008656978607178,0.26204395294189453,0.06509385257959366,
220,0.07362069934606552,0.040592391043901443,1.0070899724960327,0.2626502513885498,0.04190083220601082,
221,0.10089084506034851,0.040492214262485504,1.003110647201538,0.26216214895248413,0.05327725037932396,
222,0.10653108358383179,0.040513403713703156,1.0054641962051392,0.2619377076625824,0.04004555568099022,
223,0.06028631702065468,0.04070574790239334,1.0102989673614502,0.26317301392555237,0.03757210820913315,
224,0.08571667969226837,0.04054192081093788,1.005345344543457,0.2624756097793579,0.05012204498052597,
225,0.10091292858123779,0.040421660989522934,1.0021475553512573,0.2627551257610321,0.06410696357488632,0.14647506177425385
226,0.1221548393368721,0.04038560763001442,1.0021512508392334,0.26182466745376587,0.03920011594891548,
227,0.12234625220298767,0.04029787331819534,0.9982902407646179,0.26145070791244507,0.07029931247234344,
228,0.09641294181346893,0.04033426195383072,0.9992533326148987,0.26264041662216187,0.11876321583986282,
229,0.12264354526996613,0.04015837982296944,0.9934308528900146,0.2617685794830322,0.1497933268547058,
230,0.12290158122777939,0.04022132605314255,0.9945119023323059,0.26136264204978943,0.12384510040283203,
231,0.10814769566059113,0.04036234691739082,0.9983752369880676,0.26161158084869385,0.09989522397518158,
232,0.11491934955120087,0.04024336114525795,0.9955431222915649,0.26188328862190247,0.14468534290790558,
233,0.11437876522541046,0.04039592668414116,0.9975881576538086,0.2616976797580719,0.15173593163490295,
234,0.13851168751716614,0.040238216519355774,0.9921873211860657,0.2607758641242981,0.12052137404680252,
235,0.11577946692705154,0.040292151272296906,0.9974266290664673,0.2614402174949646,0.08273518830537796,
236,0.12588392198085785,0.04075950011610985,1.0076593160629272,0.2630173861980438,0.24244779348373413,
237,0.10912633687257767,0.040379296988248825,0.9995431303977966,0.26162201166152954,0.07262767851352692,
238,0.10775865614414215,0.040340472012758255,0.998595654964447,0.260943740606308,0.0779295340180397,
239,0.11884943395853043,0.04038316756486893,0.9985173940658569,0.26129308342933655,0.08007048815488815,
240,0.10266364365816116,0.040424760431051254,1.0002894401550293,0.26157641410827637,0.10979708284139633,
241,0.11790603399276733,0.04023417457938194,0.9948477149009705,0.2613063156604767,0.13211877644062042,
242,0.1139785647392273,0.04036492109298706,1.0006951093673706,0.26137396693229675,0.0545373409986496,
243,0.12518182396888733,0.04024452343583107,0.9940335154533386,0.2612200975418091,0.13537420332431793,
244,0.14559461176395416,0.04005855694413185,0.9894384145736694,0.2605404257774353,0.1065259799361229,
245,0.15223190188407898,0.03995233401656151,0.9839573502540588,0.26027587056159973,0.15995670855045319,
246,0.14214164018630981,0.040061432868242264,0.9877426624298096,0.26062121987342834,0.14335790276527405,
247,0.1259467601776123,0.040175680071115494,0.9928613305091858,0.26124194264411926,0.14381830394268036,
248,0.13708575069904327,0.04011893644928932,0.9918859601020813,0.2607683837413788,0.0956464409828186,
249,0.1290614753961563,0.04031527042388916,0.9930779337882996,0.26080814003944397,0.1426396667957306,
250,0.13564005494117737,0.04024879261851311,0.9918938875198364,0.26074501872062683,0.12946248054504395,0.19682364165782928
251,0.11600693315267563,0.040354955941438675,0.9979665279388428,0.26161614060401917,0.08971861004829407,
252,0.11447765678167343,0.040427062660455704,0.9991941452026367,0.26122093200683594,0.11969974637031555,
253,0.09649438410997391,0.040521956980228424,1.002083659172058,0.2620122730731964,0.11167383193969727,
254,0.102780282497406,0.040428005158901215,0.9996117949485779,0.2618396282196045,0.13421392440795898,
255,0.10647206753492355,0.04060279205441475,1.0040068626403809,0.2627600431442261,0.1689736247062683,
256,0.13241559267044067,0.04026808217167854,0.996365487575531,0.26101958751678467,0.08246717602014542,
257,0.11707840859889984,0.040459319949150085,0.9990293979644775,0.2620237171649933,0.1767284870147705,
258,0.13064175844192505,0.04026654362678528,0.9950783848762512,0.26125526428222656,0.10979024320840836,
259,0.11526823788881302,0.04042234271764755,1.001207709312439,0.2624310553073883,0.18961215019226074,
260,0.1385805904865265,0.0401374027132988,0.9894176125526428,0.2601615786552429,0.13427306711673737,
261,0.1414727419614792,0.04019561782479286,0.9903632402420044,0.26044076681137085,0.1502188891172409,
262,0.13273900747299194,0.04030567407608032,0.9928880929946899,0.2608014941215515,0.15077805519104004,
263,0.15168680250644684,0.04012487456202507,0.989938497543335,0.26026618480682373,0.10145958513021469,
264,0.13317789137363434,0.04038790240883827,0.9960758090019226,0.26071953773498535,0.10748784244060516,
265,0.11585155129432678,0.04041764512658119,0.9982514381408691,0.26172658801078796,0.16068710386753082,
266,0.12372659146785736,0.04038192704319954,0.9967231750488281,0.26110413670539856,0.15408740937709808,
267,0.11291681230068207,0.04057387262582779,1.0016865730285645,0.2619059979915619,0.16558510065078735,
268,0.11728997528553009,0.040376029908657074,0.9969034194946289,0.26164230704307556,0.12988977134227753,
269,0.141121506690979,0.04027819633483887,0.9949396252632141,0.2606765627861023,0.09904216974973679,
270,0.11255329847335815,0.04047819972038269,0.999820351600647,0.26190274953842163,0.16653791069984436,
271,0.13143642246723175,0.04030921682715416,0.9960972666740417,0.26094570755958557,0.08241702616214752,
272,0.09697099030017853,0.04047531634569168,1.001329779624939,0.26189473271369934,0.13892820477485657,
273,0.13432426750659943,0.04041143134236336,1.000158429145813,0.26108843088150024,0.06344488263130188,
274,0.14418339729309082,0.04004330188035965,0.9879117012023926,0.26004087924957275,0.12299777567386627,
275,0.12738002836704254,0.04038691893219948,0.9957790970802307,0.26171883940696716,0.1686122864484787,0.2027842104434967
276,0.1073765978217125,0.04063105583190918,1.0032092332839966,0.26194217801094055,0.16677546501159668,
277,0.10138353705406189,0.040496427565813065,1.0015374422073364,0.2614809274673462,0.12764962017536163,
278,0.055150702595710754,0.04097374901175499,1.0172996520996094,0.26326629519462585,0.14890095591545105,
279,0.06004512682557106,0.040938735008239746,1.014143705368042,0.2632007300853729,0.13452661037445068,
280,0.0966317430138588,0.04074585810303688,1.0062190294265747,0.26234033703804016,0.17181766033172607,
281,0.10039500892162323,0.04037841781973839,0.9997574687004089,0.2616294026374817,0.12379144132137299,
282,0.13293872773647308,0.040106382220983505,0.9901118278503418,0.26061737537384033,0.1462005078792572,
283,0.11028982698917389,0.040587760508060455,1.0029370784759521,0.26178327202796936,0.1837644875049591,
284,0.10431648045778275,0.04086602106690407,1.009700894355774,0.26296648383140564,0.19144834578037262,
285,0.10966932028532028,0.040647391229867935,1.0029877424240112,0.26248419284820557,0.17523963749408722,
286,0.09654677659273148,0.04108196869492531,1.0166243314743042,0.2637709975242615,0.2175837904214859,
287,0.11341071873903275,0.040329523384571075,0.9984535574913025,0.26137876510620117,0.0809328630566597,
288,0.12688332796096802,0.04025663062930107,0.9940137267112732,0.26054009795188904,0.10965753346681595,
289,0.11130927503108978,0.04047919809818268,1.001124620437622,0.261527955532074,0.17084960639476776,
290,0.1167488694190979,0.040429748594760895,0.9990123510360718,0.261665940284729,0.15907004475593567,
291,0.10173100233078003,0.04056563228368759,1.0034986734390259,0.26219573616981506,0.15698003768920898,
292,0.09732858836650848,0.04087000712752342,1.011692762374878,0.26331591606140137,0.19754590094089508,
293,0.08230964094400406,0.04086946323513985,1.0126216411590576,0.26332205533981323,0.1755990982055664,
294,0.07557213306427002,0.04075578227639198,1.0107851028442383,0.2629810571670532,0.15374386310577393,
295,0.07938817143440247,0.040759943425655365,1.0094208717346191,0.2623063027858734,0.15893231332302094,
296,0.10069413483142853,0.04039519652724266,0.9997956156730652,0.2611221969127655,0.11687736958265305,
297,0.10331843048334122,0.04066456854343414,1.0043468475341797,0.26211297512054443,0.16119754314422607,
299,0.07802102714776993,0.04067929834127426,1.0083472728729248,0.26212361454963684,0.14912179112434387,
300,0.08412063121795654,0.04080955311655998,1.0102320909500122,0.2628597021102905,0.1713826209306717,0.20950323343276978
301,0.09844725579023361,0.04051559045910835,1.0035454034805298,0.26134252548217773,0.1397550255060196,
302,0.07997693866491318,0.040780000388622284,1.0116227865219116,0.2629414200782776,0.16949500143527985,
303,0.0505756251513958,0.040947865694761276,1.0162150859832764,0.2635515034198761,0.12004825472831726,
304,0.07325126975774765,0.040911927819252014,1.0153552293777466,0.2633800506591797,0.17516770958900452,
305,0.04775555059313774,0.041137874126434326,1.0214637517929077,0.26376816630363464,0.14913693070411682,
306,0.07600941509008408,0.04074683412909508,1.0121304988861084,0.26282480359077454,0.1659294217824936,
307,0.08073627948760986,0.04093749821186066,1.0159187316894531,0.2634553909301758,0.1917654275894165,
308,0.07057367265224457,0.040955476462841034,1.0182218551635742,0.26345911622047424,0.1824517399072647,
309,0.09685494005680084,0.04074515774846077,1.0068613290786743,0.26277896761894226,0.16820178925991058,
310,0.1055048331618309,0.040427129715681076,0.9996470212936401,0.26152512431144714,0.13824573159217834,
311,0.12199269980192184,0.040235668420791626,0.9946454167366028,0.2605656087398529,0.1163097396492958,
312,0.09802505373954773,0.040448155254125595,1.0014891624450684,0.2613365352153778,0.1318884789943695,
313,0.09980999678373337,0.04063045233488083,1.003690481185913,0.2616440951824188,0.16523778438568115,
314,0.1046580970287323,0.040365397930145264,0.9998323321342468,0.2607414424419403,0.14466887712478638,
315,0.07733190804719925,0.04082996025681496,1.0125906467437744,0.26259392499923706,0.16842979192733765,
316,0.11043335497379303,0.04056376591324806,1.0003143548965454,0.2613832652568817,0.15353119373321533,
317,0.10418045520782471,0.04056344926357269,1.0023982524871826,0.26147693395614624,0.15625037252902985,
318,0.10346144437789917,0.0403820164501667,0.9994882345199585,0.2611386477947235,0.14024707674980164,
319,0.12543180584907532,0.040260881185531616,0.9947286248207092,0.2602759599685669,0.15750908851623535,
320,0.11715784668922424,0.040383487939834595,0.9984012842178345,0.2611238360404968,0.1695195883512497,
321,0.11590686440467834,0.040370646864175797,0.999407947063446,0.2611384391784668,0.1780291050672531,
322,0.09207825362682343,0.04077870398759842,1.0099165439605713,0.2621985375881195,0.17565089464187622,
323,0.10106722265481949,0.04068722575902939,1.0055140256881714,0.2626020014286041,0.16838756203651428,
324,0.1107194647192955,0.040332354605197906,1.001017689704895,0.2607952356338501,0.06606196612119675,
325,0.06273899227380753,0.04075992852449417,1.0118900537490845,0.2619052529335022,0.11586057394742966,0.20715907216072083
326,0.07481463998556137,0.04051143303513527,1.0057986974716187,0.26214930415153503,0.12832793593406677,
327,0.10745913535356522,0.04059375077486038,1.003223180770874,0.2616623342037201,0.17060722410678864,
328,0.10451541841030121,0.04030957445502281,0.998867392539978,0.2610257863998413,0.13868723809719086,
329,0.1130700409412384,0.0406138114631176,1.00272798538208,0.2618108093738556,0.18513533473014832,
330,0.10625704377889633,0.040257424116134644,0.9991272687911987,0.26079806685447693,0.15218378603458405,
331,0.11471337825059891,0.04059232026338577,1.0037630796432495,0.26176050305366516,0.18986950814723969,
332,0.10924297571182251,0.04035494104027748,0.9987975358963013,0.2615087330341339,0.15102452039718628,
333,0.11581981182098389,0.04036261886358261,0.9996638298034668,0.26091352105140686,0.1609296202659607,
334,0.11389132589101791,0.04034841060638428,1.000085711479187,0.261042058467865,0.143119677901268,
335,0.09951401501893997,0.04067423567175865,1.0078538656234741,0.2621261775493622,0.18136675655841827,
336,0.09277716279029846,0.04052441194653511,1.003411889076233,0.26130422949790955,0.12777362763881683,
337,0.09372936189174652,0.04074802249670029,1.0073097944259644,0.2624555826187134,0.1710929125547409,
338,0.1017499789595604,0.040305059403181076,0.9995508193969727,0.26085346937179565,0.08326688408851624,
339,0.09138429164886475,0.040801260620355606,1.0136486291885376,0.2628927230834961,0.19819536805152893,
340,0.0946357324719429,0.04056805744767189,1.0058863162994385,0.26240500807762146,0.16695357859134674,
341,0.1252766102552414,0.040108855813741684,0.992684543132782,0.2605716288089752,0.11405710130929947,
342,0.09915152937173843,0.04052889347076416,1.0025994777679443,0.2615359425544739,0.13531917333602905,
343,0.09166091680526733,0.04044540598988533,1.0042707920074463,0.2617683708667755,0.14640744030475616,
344,0.10999321937561035,0.04033264145255089,0.9975425601005554,0.26114147901535034,0.1416396200656891,
345,0.12003876268863678,0.040263984352350235,0.9958468675613403,0.260670930147171,0.16231516003608704,
346,0.11796204745769501,0.040267214179039,0.9993601441383362,0.2607223093509674,0.18512800335884094,
347,0.1000031903386116,0.040346018970012665,1.0018200874328613,0.2614591419696808,0.14499421417713165,
348,0.09755833446979523,0.04059106111526489,1.0053839683532715,0.2620357275009155,0.16497698426246643,
349,0.12512575089931488,0.04043276235461235,0.9961070418357849,0.26084399223327637,0.14816538989543915,
350,0.11773421615362167,0.04045956954360008,1.001139760017395,0.26123082637786865,0.18887385725975037,0.22304357588291168
351,0.12777122855186462,0.04018319770693779,0.9942450523376465,0.2603423297405243,0.14180396497249603,
352,0.10332878679037094,0.04054772108793259,1.004418969154358,0.26183345913887024,0.18053337931632996,
353,0.09852945804595947,0.04056554287672043,1.0073431730270386,0.2626148760318756,0.18350064754486084,
354,0.060253165662288666,0.04075627774000168,1.0089094638824463,0.2642936110496521,0.12459726631641388,
355,0.05550365149974823,0.040577568113803864,1.0070606470108032,0.26336225867271423,0.034798990935087204,
356,0.04752257466316223,0.04072843864560127,1.011763334274292,0.26367804408073425,0.02147417515516281,
357,0.054347649216651917,0.04069950804114342,1.0106462240219116,0.26346665620803833,0.033134836703538895,
358,0.017277751117944717,0.04058976471424103,1.0097945928573608,0.26368799805641174,0.009121716022491455,
359,0.014424690045416355,0.04062427207827568,1.0102957487106323,0.26379039883613586,0.020159589126706123,
360,0.03405720740556717,0.0405641570687294,1.0085798501968384,0.2636135518550873,0.021491875872015953,
361,0.07843256741762161,0.04055655747652054,1.0074728727340698,0.2631746530532837,0.022259531542658806,
362,0.07899730652570724,0.04041382297873497,1.0047978162765503,0.2627516984939575,0.03575824201107025,
363,0.09135948121547699,0.040541328489780426,1.007607340812683,0.26254603266716003,0.021398872137069702,
364,0.08454732596874237,0.04061577841639519,1.0091755390167236,0.2628934979438782,0.026955703273415565,
365,0.06632642447948456,0.04064135253429413,1.0091514587402344,0.262740820646286,0.037907667458057404,
366,0.091372549533844,0.0403662845492363,1.0007215738296509,0.2622121572494507,0.08018619567155838,
367,0.07261160761117935,0.040413256734609604,1.0042606592178345,0.2623680531978607,0.06724946200847626,
368,0.08954788744449615,0.040438421070575714,1.0040546655654907,0.2616308927536011,0.04840029776096344,
369,0.054358869791030884,0.04056324437260628,1.0079116821289062,0.2625598609447479,0.09582850337028503,
370,0.06629189848899841,0.040492571890354156,1.0053833723068237,0.26181599497795105,0.08736199885606766,
371,0.04924309253692627,0.0404379740357399,1.0051661729812622,0.2619726359844208,0.060456085950136185,
372,0.0821082666516304,0.0404248908162117,1.002846598625183,0.26133352518081665,0.07309094071388245,
373,0.11223350465297699,0.04028137028217316,0.9999524354934692,0.2605127692222595,0.05560710281133652,
374,0.08247434347867966,0.04036223515868187,1.0022529363632202,0.2613307535648346,0.10217945277690887,
375,0.09351719915866852,0.04040195047855377,1.001440405845642,0.2613694965839386,0.07350169122219086,0.20509366691112518
376,0.06562522798776627,0.04063146188855171,1.008508563041687,0.26208239793777466,0.12604950368404388,
377,0.08077922463417053,0.04070762172341347,1.0075798034667969,0.26196223497390747,0.1446591317653656,
378,0.10700981318950653,0.040415044873952866,1.000620722770691,0.26131176948547363,0.15546749532222748,
379,0.12790939211845398,0.04008457437157631,0.9930349588394165,0.259555459022522,0.09872771054506302,
380,0.0843154639005661,0.040383003652095795,1.0022554397583008,0.2614022493362427,0.10021079331636429,
381,0.0972723737359047,0.040392275899648666,1.0022090673446655,0.2618771493434906,0.08363362401723862,
382,0.10402812063694,0.040445175021886826,1.0014514923095703,0.261373370885849,0.13445556163787842,
383,0.10201214253902435,0.04050043597817421,1.0023362636566162,0.2615245282649994,0.14333409070968628,
384,0.11430615931749344,0.04032859578728676,0.9982737898826599,0.26086127758026123,0.15429499745368958,
385,0.08925845474004745,0.04043946787714958,1.004570484161377,0.2621038854122162,0.14708390831947327,
386,0.10210968554019928,0.04043908789753914,1.0013859272003174,0.2615405321121216,0.1462288349866867,
387,0.08538531512022018,0.04059093818068504,1.0080262422561646,0.2622297704219818,0.15823261439800262,
388,0.09484086185693741,0.04036305844783783,1.0007563829421997,0.2611834704875946,0.12187536060810089,
389,0.10204637795686722,0.0404234454035759,1.0033200979232788,0.261752724647522,0.16837212443351746,
390,0.10847055166959763,0.04053806513547897,1.0030813217163086,0.2615602910518646,0.17546816170215607,
391,0.09875480085611343,0.04053766280412674,1.0038373470306396,0.2615727186203003,0.1574886441230774,
392,0.0953923836350441,0.040643468499183655,1.0086172819137573,0.26238465309143066,0.18006660044193268,
393,0.10054755210876465,0.04039153456687927,1.0030900239944458,0.2618143856525421,0.169679194688797,
395,0.12573520839214325,0.04029518738389015,0.995384931564331,0.2606114149093628,0.1180691197514534,
396,0.10995787382125854,0.04032040014863014,0.9981679916381836,0.2608424127101898,0.11290152370929718,
397,0.1323784738779068,0.04024167358875275,0.9923368692398071,0.2601957619190216,0.15529461205005646,
398,0.12095052003860474,0.04033297300338745,0.9969918131828308,0.260484904050827,0.16869929432868958,
399,0.10482067614793777,0.04040239006280899,1.0021201372146606,0.26130130887031555,0.166492760181427,
400,0.11770038306713104,0.04032042250037193,0.9967687726020813,0.26071906089782715,0.15370389819145203,0.22780583798885345
401,0.11044622957706451,0.040067873895168304,0.9958803057670593,0.26085588335990906,0.13673251867294312,
402,0.08832649141550064,0.04052405059337616,1.0064647197723389,0.2619220018386841,0.14032945036888123,
403,0.10435310006141663,0.04043937847018242,1.0017012357711792,0.2617386281490326,0.152279794216156,
404,0.11231840401887894,0.04022571071982384,0.9984318017959595,0.2612276077270508,0.15690721571445465,
405,0.12067870050668716,0.04035988077521324,0.9986306428909302,0.261139839887619,0.17166249454021454,
406,0.12381010502576828,0.040183257311582565,0.9945009350776672,0.2605067491531372,0.16038106381893158,
407,0.10987246781587601,0.04043182358145714,1.0017234086990356,0.2617420256137848,0.17560672760009766,
408,0.11251412332057953,0.040309008210897446,1.0015230178833008,0.2615790069103241,0.17323555052280426,
409,0.10566914081573486,0.04047548398375511,1.0017777681350708,0.2616975009441376,0.1631615310907364,
410,0.12128204852342606,0.04031134396791458,0.9973024725914001,0.26076143980026245,0.17309989035129547,
411,0.11626110225915909,0.040405403822660446,1.002450704574585,0.26151663064956665,0.1928715854883194,
412,0.10054269433021545,0.04041503742337227,1.0053516626358032,0.26256200671195984,0.17633947730064392,
413,0.1052393987774849,0.040346454828977585,1.0030361413955688,0.2617602050304413,0.1529540866613388,
414,0.11461763083934784,0.04036302864551544,1.0008658170700073,0.26158079504966736,0.17038282752037048,
415,0.12390615791082382,0.04024728015065193,0.9971041083335876,0.2611258029937744,0.1520346701145172,
416,0.10424403101205826,0.04035773128271103,1.0046517848968506,0.2619861662387848,0.19044022262096405,
417,0.11996256560087204,0.04037906602025032,0.9985216856002808,0.26106491684913635,0.16716884076595306,
418,0.10821190476417542,0.040398914366960526,1.000740647315979,0.2612594962120056,0.16543933749198914,
419,0.1077653169631958,0.04053530842065811,1.0024629831314087,0.26216650009155273,0.1636447310447693,
420,0.1005757674574852,0.040443725883960724,1.0037288665771484,0.26185140013694763,0.15709200501441956,
421,0.10777577012777328,0.04034539312124252,0.9996645450592041,0.2611865699291229,0.1577046662569046,
422,0.09844011068344116,0.04057350009679794,1.0084213018417358,0.262429803609848,0.18880175054073334,
423,0.08970187604427338,0.04080432280898094,1.0132993459701538,0.2635974884033203,0.19930849969387054,
424,0.0926361158490181,0.04102430120110512,1.015675663948059,0.26377183198928833,0.20866316556930542,
425,0.10707925260066986,0.04062826931476593,1.0055955648422241,0.26220327615737915,0.18872784078121185,0.2416674792766571
426,0.09308868646621704,0.04075619578361511,1.0142508745193481,0.26308831572532654,0.20330765843391418,
427,0.11897096037864685,0.040373995900154114,0.9998193979263306,0.26067209243774414,0.18183811008930206,
428,0.08899061381816864,0.04085066542029381,1.0135139226913452,0.2635348439216614,0.18625594675540924,
429,0.08701782673597336,0.04074082523584366,1.01172935962677,0.2628657817840576,0.18455371260643005,
430,0.10549942404031754,0.04040500894188881,1.0017181634902954,0.2613218128681183,0.15244507789611816,
431,0.11393112689256668,0.040102653205394745,0.9960301518440247,0.26057758927345276,0.13780315220355988,
432,0.11594343930482864,0.04027848690748215,0.9978616833686829,0.2608433663845062,0.16399405896663666,
433,0.08606426417827606,0.040652401745319366,1.0143393278121948,0.26369351148605347,0.1877354383468628,
434,0.09090526401996613,0.04034658893942833,1.0043206214904785,0.2623665928840637,0.13992930948734283,
435,0.07283201813697815,0.04062893986701965,1.0072468519210815,0.26209399104118347,0.11002421379089355,
436,0.08051292598247528,0.04057199880480766,1.0074995756149292,0.2617253363132477,0.10352274775505066,
437,0.11122088134288788,0.0405016764998436,1.0046963691711426,0.2621520161628723,0.18191054463386536,
438,0.11738314479589462,0.040390968322753906,1.0031274557113647,0.2615186274051666,0.20245371758937836,
439,0.12800654768943787,0.04003971442580223,0.9931457042694092,0.26093706488609314,0.15767347812652588,
440,0.12970875203609467,0.04013412445783615,0.9941763877868652,0.26072800159454346,0.16562581062316895,
441,0.12983006238937378,0.04018859192728996,0.9936466813087463,0.2607288062572479,0.15696723759174347,
442,0.13025525212287903,0.0400804728269577,0.9943170547485352,0.2610889673233032,0.16386769711971283,
443,0.13149188458919525,0.040042340755462646,0.9921591281890869,0.25991159677505493,0.15899397432804108,
444,0.13191497325897217,0.04023606330156326,0.995581865310669,0.26062455773353577,0.17011484503746033,
445,0.1335441768169403,0.040182918310165405,0.9951570630073547,0.2605670690536499,0.18005608022212982,
447,0.12451506406068802,0.04012841358780861,0.9957432746887207,0.26071059703826904,0.16869057714939117,
448,0.14586617052555084,0.03999903425574303,0.9881311655044556,0.2599896192550659,0.158208966255188,
449,0.11950299888849258,0.04030339792370796,0.9987757802009583,0.26163023710250854,0.177125483751297,
450,0.12276723235845566,0.04013184458017349,0.9950758218765259,0.2609522044658661,0.15307027101516724,0.24625445902347565
451,0.11525274068117142,0.040523648262023926,1.0016363859176636,0.26191020011901855,0.16913685202598572,
452,0.12314499914646149,0.040362730622291565,1.0005892515182495,0.2618306577205658,0.19478607177734375,
453,0.11723416298627853,0.04047784581780434,1.0017204284667969,0.2614841163158417,0.18543806672096252,
454,0.11763597279787064,0.04033156484365463,1.0016354322433472,0.2615586221218109,0.19327649474143982,
455,0.12645745277404785,0.04017305746674538,0.9965091943740845,0.2608552873134613,0.17245392501354218,
456,0.09139108657836914,0.04058818519115448,1.0104244947433472,0.2629756033420563,0.1889219880104065,
457,0.09999004751443863,0.04060982167720795,1.0076051950454712,0.26281777024269104,0.17859047651290894,
458,0.11293268948793411,0.04041526839137077,1.0036084651947021,0.26191359758377075,0.19563518464565277,
459,0.11670312285423279,0.04021867737174034,0.998409628868103,0.2610570192337036,0.17520448565483093,
460,0.10154151916503906,0.04036478325724602,1.006060242652893,0.2626362442970276,0.18830786645412445,
461,0.1307155340909958,0.04012814164161682,0.9928741455078125,0.26086950302124023,0.16327816247940063,
462,0.11649231612682343,0.04039618372917175,0.9999454021453857,0.2611199617385864,0.1690559834241867,
463,0.11813190579414368,0.04032944142818451,0.9995554089546204,0.2614307105541229,0.1783025860786438,
464,0.10175075381994247,0.04084363207221031,1.0121347904205322,0.2634259760379791,0.19904489815235138,
465,0.11122405529022217,0.040503643453121185,1.0014464855194092,0.26203083992004395,0.17001186311244965,
466,0.1122836321592331,0.04035515338182449,1.0045126676559448,0.2621966004371643,0.1944824606180191,
467,0.12269479781389236,0.040312688797712326,0.9982520937919617,0.2613007724285126,0.1340128779411316,
468,0.1336028128862381,0.04042067751288414,0.9973925948143005,0.2609480321407318,0.17923277616500854,
469,0.10907567292451859,0.04038981348276138,1.0041602849960327,0.2622065246105194,0.18294765055179596,
470,0.10495167970657349,0.04072846472263336,1.0105693340301514,0.2631307542324066,0.1918138563632965,
471,0.12394625693559647,0.0403716005384922,1.001558542251587,0.2617866098880768,0.2045605331659317,
472,0.11295053362846375,0.04056081175804138,1.003821849822998,0.26210471987724304,0.18285423517227173,
473,0.10943928360939026,0.040678124874830246,1.0076943635940552,0.26269325613975525,0.194679394364357,
474,0.1219523698091507,0.04026079922914505,0.9987730979919434,0.26105642318725586,0.16831715404987335,
475,0.10348086804151535,0.04060644283890724,1.004421353340149,0.2620740830898285,0.15877623856067657,0.2542835474014282
476,0.11020023375749588,0.040538087487220764,1.0025995969772339,0.2621749937534332,0.17508773505687714,
477,0.1401999443769455,0.04017015919089317,0.9915741682052612,0.26068979501724243,0.1401490569114685,
478,0.11448365449905396,0.04073768109083176,1.0083374977111816,0.2630192041397095,0.21302272379398346,
479,0.12202531844377518,0.0401361882686615,0.995154857635498,0.26123759150505066,0.16398246586322784,
480,0.12739156186580658,0.040182460099458694,0.9985560178756714,0.261527955532074,0.20829570293426514,
481,0.131379634141922,0.04020821303129196,0.9961556792259216,0.26112639904022217,0.18173004686832428,
482,0.12948006391525269,0.040431078523397446,0.996868908405304,0.261116087436676,0.16131538152694702,
483,0.12443805485963821,0.040315572172403336,0.996594250202179,0.2611296772956848,0.15858489274978638,
484,0.09847746044397354,0.04097462818026543,1.019271969795227,0.2642602324485779,0.22959166765213013,
485,0.09457723796367645,0.04094589874148369,1.0203860998153687,0.26431670784950256,0.22615303099155426,
486,0.11812782287597656,0.040388066321611404,1.003885269165039,0.2618390917778015,0.20688647031784058,
487,0.11092349886894226,0.0406227670609951,1.007315993309021,0.26281124353408813,0.2050914168357849,
488,0.12158159166574478,0.04027685523033142,0.9987444877624512,0.2617368996143341,0.18289066851139069,
489,0.1148582249879837,0.04043025150895119,1.0077491998672485,0.2626800835132599,0.22221828997135162,
490,0.10692606121301651,0.04038980230689049,1.0034795999526978,0.2616395354270935,0.14923126995563507,
491,0.09301196783781052,0.04069429636001587,1.0089064836502075,0.2626000642776489,0.16893000900745392,
492,0.10117565095424652,0.040703706443309784,1.0085941553115845,0.26254770159721375,0.18233278393745422,
493,0.10513189435005188,0.04044174775481224,1.00388503074646,0.2620776891708374,0.1690908968448639,
494,0.11131644994020462,0.04052426666021347,0.9995911121368408,0.2614428400993347,0.14306683838367462,
495,0.0864843875169754,0.040807660669088364,1.0155460834503174,0.26345834136009216,0.19407051801681519,
496,0.10077191144227982,0.04083947837352753,1.0126713514328003,0.2632603645324707,0.20916485786437988,
497,0.10717528313398361,0.040785666555166245,1.0125868320465088,0.26325279474258423,0.216361403465271,
498,0.10941889882087708,0.04062433913350105,1.0123834609985352,0.26305919885635376,0.22391070425510406,
499,0.09913336485624313,0.04089602082967758,1.0177648067474365,0.2637588679790497,0.2235553115606308,
500,0.10978859663009644,0.04050479829311371,1.0086095333099365,0.26246702671051025,0.21053576469421387,0.2722090780735016
501,0.09689832478761673,0.041113920509815216,1.0213711261749268,0.26408129930496216,0.23440563678741455,
502,0.10179182887077332,0.04086144268512726,1.0180054903030396,0.2637476325035095,0.23212723433971405,
503,0.08423031866550446,0.04116784781217575,1.0298233032226562,0.26547855138778687,0.2433442920446396,
504,0.111158587038517,0.040810298174619675,1.0148259401321411,0.2633271813392639,0.2049679309129715,
505,0.09800700098276138,0.040825750678777695,1.0170557498931885,0.26354190707206726,0.21650327742099762,
506,0.09974750131368637,0.04091281816363335,1.0195366144180298,0.26438894867897034,0.23236194252967834,
507,0.09841816127300262,0.0407283678650856,1.0137485265731812,0.26305902004241943,0.20967429876327515,
508,0.10296618938446045,0.04115574434399605,1.0219354629516602,0.2641497850418091,0.24076177179813385,
509,0.10826564580202103,0.04055646434426308,1.011963129043579,0.2627396881580353,0.2216825634241104,
510,0.10715772956609726,0.041059330105781555,1.023345708847046,0.26364317536354065,0.26048174500465393,
511,0.1074833869934082,0.04111561179161072,1.0229936838150024,0.26468586921691895,0.2571846842765808,
512,0.11213851720094681,0.04077495262026787,1.0124377012252808,0.26306018233299255,0.23025941848754883,
513,0.11225318908691406,0.04046691581606865,1.0048388242721558,0.26189422607421875,0.19356076419353485,
514,0.11696115881204605,0.04059912636876106,1.0061771869659424,0.2623453438282013,0.21151770651340485,
515,0.09298188239336014,0.04101306572556496,1.0226770639419556,0.26474037766456604,0.2377668023109436,
516,0.11731980741024017,0.04046263173222542,1.002494215965271,0.2618127763271332,0.19563278555870056,
517,0.09605412185192108,0.040929585695266724,1.0201383829116821,0.26355186104774475,0.2330237179994583,
518,0.09541811794042587,0.0412658266723156,1.0287261009216309,0.264967679977417,0.2524101138114929,
519,0.10062228888273239,0.04115346074104309,1.0256952047348022,0.26476964354515076,0.2484130859375,
520,0.1208994910120964,0.040195662528276443,1.003240704536438,0.2618904709815979,0.21576911211013794,
521,0.10882198065519333,0.04093451052904129,1.0174856185913086,0.2634372115135193,0.24532650411128998,
522,0.10861559957265854,0.04041176289319992,1.010115623474121,0.26395177841186523,0.21959717571735382,
523,0.1238456591963768,0.04032370448112488,0.9981563091278076,0.26115691661834717,0.18083630502223969,
524,0.11619504541158676,0.04039482772350311,1.0022026300430298,0.262220174074173,0.19804030656814575,
525,0.11400770395994186,0.04066374525427818,1.0097323656082153,0.2626700699329376,0.22787286341190338,0.2820320427417755
526,0.11536917835474014,0.04045863822102547,1.0053789615631104,0.2623192369937897,0.20394134521484375,
527,0.11629080772399902,0.04036063700914383,1.0021932125091553,0.26202279329299927,0.18628212809562683,
528,0.10552704334259033,0.04081257805228233,1.0136594772338867,0.26321911811828613,0.2227359563112259,
530,0.10678056627511978,0.041007090359926224,1.0175697803497314,0.2634640336036682,0.21932734549045563,
531,0.11186689883470535,0.0414767824113369,1.0292327404022217,0.26487717032432556,0.2747739255428314,
532,0.11674472689628601,0.0406125970184803,1.0124326944351196,0.2632741630077362,0.23822897672653198,
533,0.11342044174671173,0.04105705767869949,1.0250903367996216,0.26431936025619507,0.2742287218570709,
534,0.09901456534862518,0.04106370359659195,1.0225132703781128,0.2649405598640442,0.24275943636894226,
535,0.10568540543317795,0.041142575442790985,1.0249286890029907,0.26435697078704834,0.2557690739631653,
536,0.1342722773551941,0.040433771908283234,1.0106278657913208,0.2622740864753723,0.27074453234672546,
537,0.10962661355733871,0.04190465807914734,1.0493197441101074,0.2665976583957672,0.3214796483516693,
538,0.11847922205924988,0.04079208895564079,1.014318585395813,0.2630821466445923,0.24421817064285278,
539,0.12954851984977722,0.040231890976428986,0.9996086359024048,0.2611524760723114,0.2067883014678955,
540,0.11871287971735,0.04067954793572426,1.0129421949386597,0.2628575563430786,0.24679253995418549,
541,0.11910048872232437,0.04058655723929405,1.0110598802566528,0.2630631923675537,0.23633670806884766,
542,0.09930218756198883,0.04114846885204315,1.0293214321136475,0.2654782831668854,0.26083970069885254,
543,0.10373180359601974,0.041159164160490036,1.0229566097259521,0.2646198868751526,0.2448556274175644,
544,0.11237666755914688,0.04050026834011078,1.0103920698165894,0.26293590664863586,0.22777213156223297,
545,0.12063289433717728,0.040550701320171356,1.006990671157837,0.26278114318847656,0.22406716644763947,
546,0.11393015086650848,0.040848713368177414,1.0170824527740479,0.2638528645038605,0.24796344339847565,
547,0.11100657284259796,0.04086533933877945,1.0162025690078735,0.26427730917930603,0.2436966598033905,
548,0.10049670934677124,0.04083731397986412,1.0153485536575317,0.2635039687156677,0.2136877179145813,
549,0.10968344658613205,0.04085028916597366,1.0203393697738647,0.26411911845207214,0.2544650733470917,
550,0.10884394496679306,0.04083096608519554,1.0170226097106934,0.2640032172203064,0.23653359711170197,0.29681727290153503
551,0.12083234637975693,0.0406351312994957,1.0128765106201172,0.2631211280822754,0.24027258157730103,
552,0.11806542426347733,0.04060250520706177,1.0134660005569458,0.2635303735733032,0.24088847637176514,
553,0.11417622864246368,0.04077628627419472,1.0167028903961182,0.2636811435222626,0.24684621393680573,
554,0.10437632352113724,0.04091964289546013,1.0226362943649292,0.26447927951812744,0.2580070197582245,
555,0.1205722987651825,0.040355123579502106,1.004886507987976,0.2621164917945862,0.19952230155467987,
557,0.10207147896289825,0.041274163872003555,1.0324444770812988,0.2652360498905182,0.27333661913871765,
558,0.11825080215930939,0.04078725725412369,1.0175156593322754,0.26398468017578125,0.2587178647518158,
559,0.11562179774045944,0.04071244224905968,1.0200175046920776,0.26424747705459595,0.2646150588989258,
560,0.12011047452688217,0.040823448449373245,1.0162878036499023,0.2633766531944275,0.25838953256607056,
561,0.12479572743177414,0.040246862918138504,1.0041342973709106,0.26240479946136475,0.21946221590042114,
562,0.10934694856405258,0.040431298315525055,1.0074198246002197,0.26290562748908997,0.21021974086761475,
563,0.10920079052448273,0.040895458310842514,1.0185095071792603,0.2640763223171234,0.24271811544895172,
564,0.10997616499662399,0.04080072045326233,1.020110845565796,0.26488834619522095,0.25503695011138916,
565,0.11494895070791245,0.04095066338777542,1.0234838724136353,0.2644263207912445,0.2703954875469208,
566,0.10997048765420914,0.0405152402818203,1.0108526945114136,0.2630418837070465,0.22538524866104126,
567,0.10210149735212326,0.04109537973999977,1.0275869369506836,0.26539406180381775,0.2623855769634247,
568,0.10241995751857758,0.04081036522984505,1.017030954360962,0.2642684280872345,0.22456927597522736,
569,0.1152331531047821,0.040795400738716125,1.0249099731445312,0.26529988646507263,0.2772805988788605,
570,0.12489039450883865,0.040322210639715195,1.004702091217041,0.2626819610595703,0.21465405821800232,
571,0.12266715615987778,0.04064818099141121,1.0142017602920532,0.26430147886276245,0.25177574157714844,
573,0.10083047300577164,0.0410681888461113,1.0248757600784302,0.2649557590484619,0.24989041686058044,
574,0.10168717801570892,0.041259922087192535,1.0284725427627563,0.2651961147785187,0.26245611906051636,
575,0.11005812883377075,0.04087533429265022,1.021327257156372,0.2649243175983429,0.2574171721935272,0.30264022946357727
576,0.11190517246723175,0.04041614010930061,1.0089678764343262,0.26352328062057495,0.22668004035949707,
577,0.11417248845100403,0.041217364370822906,1.0311791896820068,0.2658362090587616,0.2938729524612427,
578,0.1089848205447197,0.04086174815893173,1.0208721160888672,0.26543128490448,0.2575107514858246,
579,0.1121087595820427,0.04106522351503372,1.0247772932052612,0.2650333344936371,0.264274001121521,
580,0.10701476037502289,0.04099250212311745,1.0207605361938477,0.26447147130966187,0.24550774693489075,
581,0.10722654312849045,0.040877826511859894,1.021835207939148,0.26486536860466003,0.25531846284866333,
582,0.10249534994363785,0.04136969894170761,1.0333058834075928,0.26580244302749634,0.2773192226886749,
583,0.1215963065624237,0.04054509103298187,1.0137847661972046,0.26394161581993103,0.25630614161491394,
584,0.1017618328332901,0.041559748351573944,1.0335711240768433,0.26592037081718445,0.277272492647171,
585,0.10420054942369461,0.04166897386312485,1.0406733751296997,0.2663879990577698,0.29251229763031006,
586,0.12288543581962585,0.0403023436665535,1.0094414949417114,0.2634775936603546,0.2439431995153427,
587,0.11346154659986496,0.040805697441101074,1.0223934650421143,0.2645377814769745,0.2634000778198242,
588,0.10579946637153625,0.04157043620944023,1.04377019405365,0.2669402062892914,0.31007587909698486,
589,0.1094696968793869,0.04113035276532173,1.0248479843139648,0.26517000794410706,0.26532262563705444,
590,0.10617997497320175,0.0413040854036808,1.0294126272201538,0.26561489701271057,0.2748396396636963,
591,0.12058147042989731,0.04060240089893341,1.0163838863372803,0.26404279470443726,0.26160284876823425,
592,0.10615970194339752,0.041207216680049896,1.0286470651626587,0.2658534646034241,0.2760893702507019,
593,0.11829550564289093,0.040524937212467194,1.0099878311157227,0.2635393738746643,0.22355028986930847,
594,0.09946312010288239,0.04096159711480141,1.0295453071594238,0.2657986879348755,0.26881465315818787,
595,0.11945010721683502,0.04019176587462425,1.0013692378997803,0.26179537177085876,0.1941295713186264,
596,0.10252965241670609,0.041497692465782166,1.0291364192962646,0.26498475670814514,0.25941339135169983,
597,0.1036735475063324,0.040882956236600876,1.0195353031158447,0.2642017602920532,0.24108140170574188,
599,0.0927186980843544,0.04082738608121872,1.018118977546692,0.2643422484397888,0.21719157695770264,
600,,,,,,0.2954995334148407
602,0.10751029849052429,0.041167668998241425,1.031296968460083,0.26550424098968506,0.2754037082195282,
603,0.11302857846021652,0.04105271399021149,1.0277312994003296,0.26506221294403076,0.2780763506889343,
604,0.11964043974876404,0.04082004353404045,1.0263513326644897,0.2651945948600769,0.2909626066684723,
605,0.10901277512311935,0.04083144664764404,1.0228434801101685,0.26536303758621216,0.26433414220809937,
606,0.1007821261882782,0.04094675928354263,1.0250157117843628,0.2647557854652405,0.25185301899909973,
607,0.10678847879171371,0.04079047963023186,1.0226240158081055,0.2649172246456146,0.2617394030094147,
608,0.10681255906820297,0.04108157381415367,1.0264414548873901,0.2649175524711609,0.2662394046783447,
609,0.09947632998228073,0.040983494371175766,1.0250141620635986,0.2651146352291107,0.2548888921737671,
610,0.10584477335214615,0.04121033102273941,1.0359206199645996,0.2667577564716339,0.29541733860969543,
611,0.09839417785406113,0.041463468223810196,1.040096640586853,0.26755258440971375,0.2922164499759674,
612,0.10443396866321564,0.041130244731903076,1.0292197465896606,0.265449583530426,0.274364709854126,
613,0.10429912805557251,0.04105222970247269,1.0276058912277222,0.265681654214859,0.2687058448791504,
614,0.10148028284311295,0.0410313755273819,1.024234414100647,0.26488375663757324,0.2527347803115845,
615,0.10740144550800323,0.040865834802389145,1.0211000442504883,0.2649409770965576,0.2521195113658905,
616,0.09462284296751022,0.041110869497060776,1.0265495777130127,0.26565414667129517,0.2549586296081543,
617,0.09222529828548431,0.04128459468483925,1.0293675661087036,0.2662954330444336,0.2499617040157318,
618,0.10887286067008972,0.04101090878248215,1.0275806188583374,0.26520079374313354,0.2755851149559021,
619,0.10331781953573227,0.04095315560698509,1.0264784097671509,0.26562875509262085,0.2644670009613037,
620,0.10174065083265305,0.04102375730872154,1.0293173789978027,0.26539039611816406,0.2700605094432831,
621,0.1118580549955368,0.04100988060235977,1.0271676778793335,0.26482585072517395,0.281310111284256,
622,0.12775617837905884,0.040046997368335724,1.0027124881744385,0.2619476616382599,0.2295626550912857,
623,0.10738371312618256,0.040730394423007965,1.0236790180206299,0.2643895447254181,0.2689579129219055,
624,0.09783455729484558,0.04150458797812462,1.0350552797317505,0.2669879198074341,0.27615007758140564,
625,0.09924419224262238,0.04130905866622925,1.0335487127304077,0.2656945288181305,0.27356284856796265,0.31573402881622314
626,0.11078498512506485,0.041029300540685654,1.0255922079086304,0.264782577753067,0.2730499804019928,
627,0.0997399240732193,0.041327398270368576,1.033515214920044,0.2663976848125458,0.27659910917282104,
628,0.10333829373121262,0.040971118956804276,1.0319396257400513,0.266061395406723,0.28215405344963074,
629,0.10847555845975876,0.04088447615504265,1.0321542024612427,0.26622235774993896,0.29095643758773804,
630,0.0964437872171402,0.04133394733071327,1.042218804359436,0.26714006066322327,0.2933875322341919,
631,0.09820318222045898,0.04123416543006897,1.0309218168258667,0.2666580080986023,0.2640867829322815,
632,0.09402422606945038,0.0411139652132988,1.0264866352081299,0.265129953622818,0.2532041370868683,
633,0.09397794306278229,0.04101591184735298,1.0319734811782837,0.26637762784957886,0.2662600874900818,
634,0.09665266424417496,0.041544344276189804,1.0413678884506226,0.2668720781803131,0.2944420278072357,
635,0.10639099031686783,0.041098326444625854,1.0337111949920654,0.266885370016098,0.28982114791870117,
636,0.09898915886878967,0.041096631437540054,1.0338932275772095,0.26603105664253235,0.2784539759159088,
637,0.11583992838859558,0.04001600667834282,0.9958080649375916,0.26064789295196533,0.09509805589914322,
638,0.10212531685829163,0.040355145931243896,1.003506064414978,0.26164576411247253,0.15018589794635773,
640,0.07420917600393295,0.04123211279511452,1.0258615016937256,0.2652718722820282,0.21400564908981323,
641,0.09416838735342026,0.040689583867788315,1.0156383514404297,0.2644926607608795,0.2213476449251175,
642,0.1120285913348198,0.04052722826600075,1.0137747526168823,0.2639690041542053,0.24360030889511108,
643,0.09042129665613174,0.04242382198572159,1.079598069190979,0.2730925381183624,0.3546178936958313,
644,0.11094832420349121,0.04019917547702789,1.0012564659118652,0.26200082898139954,0.1869201511144638,
645,0.1336042881011963,0.03991338238120079,0.9954798817634583,0.26098501682281494,0.19249838590621948,
646,0.10325359553098679,0.040863871574401855,1.0266475677490234,0.2659939229488373,0.26606684923171997,
647,0.1307416558265686,0.04007028043270111,1.0051939487457275,0.2620801031589508,0.2421688735485077,
648,0.11747685819864273,0.040655866265296936,1.0186426639556885,0.264004647731781,0.25945281982421875,
649,0.1168341264128685,0.040781911462545395,1.0183573961257935,0.26392555236816406,0.2534859776496887,
650,0.09887757152318954,0.0411953404545784,1.0275739431381226,0.2657999098300934,0.25104624032974243,0.32204416394233704
651,0.11273220181465149,0.04053421691060066,1.0148515701293945,0.26378971338272095,0.24460193514823914,
653,0.11447665095329285,0.04080953076481819,1.0173863172531128,0.26407361030578613,0.2558176815509796,
654,0.10225419700145721,0.040918976068496704,1.024834156036377,0.2659233808517456,0.26122453808784485,
655,0.10443931818008423,0.04131254553794861,1.0285038948059082,0.26556116342544556,0.2651035487651825,
656,0.11880690604448318,0.04091598838567734,1.0184518098831177,0.264239639043808,0.25783511996269226,
657,0.10240805894136429,0.04119770601391792,1.034355640411377,0.2661921977996826,0.2841013967990875,
659,0.10529883205890656,0.04093758761882782,1.022294044494629,0.2648884952068329,0.24942001700401306,
660,0.09464427828788757,0.041243478655815125,1.0313130617141724,0.2662885785102844,0.2585032284259796,
661,0.10015535354614258,0.04147382453083992,1.0382025241851807,0.26713040471076965,0.28825438022613525,
662,0.11499342322349548,0.04131634533405304,1.0326380729675293,0.26571595668792725,0.2921309769153595,
663,0.10197155922651291,0.04131552204489708,1.0332571268081665,0.26567015051841736,0.2743171751499176,
664,0.10954844206571579,0.04075410217046738,1.020675539970398,0.2645612061023712,0.25938501954078674,
665,0.0977383553981781,0.04134967178106308,1.0357056856155396,0.2663419544696808,0.27904820442199707,
666,0.10655627399682999,0.04123130813241005,1.0289905071258545,0.2653171122074127,0.27551138401031494,
667,0.11946278810501099,0.041037701070308685,1.0226688385009766,0.26511093974113464,0.2779715657234192,
668,0.11264146864414215,0.04106920212507248,1.0250164270401,0.2652585506439209,0.27164700627326965,
669,0.10784086585044861,0.041815467178821564,1.0375372171401978,0.266469806432724,0.2908146381378174,
670,0.11519787460565567,0.040568944066762924,1.0116677284240723,0.2636711001396179,0.22571980953216553,
671,0.10985039174556732,0.04072131589055061,1.0198460817337036,0.26468998193740845,0.2573179304599762,
672,0.11247456073760986,0.041292160749435425,1.0255162715911865,0.26513513922691345,0.2745083272457123,
674,0.11122934520244598,0.04106403887271881,1.0274652242660522,0.26613298058509827,0.2792443037033081,
675,0.10571178793907166,0.04089595749974251,1.0225143432617188,0.2647874653339386,0.2589402496814728,0.3347238600254059
676,0.1064440906047821,0.041968248784542084,1.0509227514266968,0.26751235127449036,0.3228558301925659,
677,0.09942658990621567,0.04144506901502609,1.0399973392486572,0.26719629764556885,0.29232996702194214,
678,0.10579013079404831,0.041305042803287506,1.035234808921814,0.26671433448791504,0.29022216796875,
680,0.11197067052125931,0.04142158851027489,1.0292820930480957,0.266135573387146,0.2814513146877289,
682,0.10299235582351685,0.04186495766043663,1.039470911026001,0.26716339588165283,0.29028651118278503,
683,0.11324422061443329,0.04091334715485573,1.019580364227295,0.26451966166496277,0.2521405518054962,
684,0.11527014523744583,0.04128154739737511,1.0358850955963135,0.26659074425697327,0.30764859914779663,
685,0.11790310591459274,0.04106695577502251,1.0289181470870972,0.26598379015922546,0.2923121154308319,
686,0.11557682603597641,0.04115014150738716,1.030150294303894,0.266287624835968,0.2927590310573578,
687,0.11741559207439423,0.041038040071725845,1.0202133655548096,0.2649437189102173,0.25178149342536926,
688,0.1259719878435135,0.0404655896127224,1.0091995000839233,0.2636544406414032,0.24751915037631989,
689,0.11920429766178131,0.040814850479364395,1.0160859823226929,0.2646985948085785,0.2505853772163391,
690,0.13094918429851532,0.04028141498565674,1.003296136856079,0.2628672122955322,0.22930078208446503,
691,0.1274077147245407,0.04094238579273224,1.0211560726165771,0.26532042026519775,0.27665138244628906,
692,0.12938588857650757,0.04068797454237938,1.0207732915878296,0.26488828659057617,0.2875542640686035,
693,0.11031592637300491,0.04078447073698044,1.0250093936920166,0.2663210928440094,0.2744661569595337,
694,0.10853644460439682,0.04106368497014046,1.0267882347106934,0.2651556134223938,0.27253058552742004,
695,0.12191339582204819,0.040891025215387344,1.0187569856643677,0.26457881927490234,0.2652072310447693,
696,0.12262329459190369,0.04064209386706352,1.016947627067566,0.2647281587123871,0.26947733759880066,
698,0.1169225424528122,0.04057330638170242,1.0149158239364624,0.26458945870399475,0.24681812524795532,
699,0.11959727108478546,0.040709130465984344,1.0141468048095703,0.26475054025650024,0.2500195801258087,
700,0.10881048440933228,0.0411427803337574,1.0222283601760864,0.26574164628982544,0.2545118033885956,0.34456726908683777
701,0.11220598965883255,0.040956903249025345,1.0264647006988525,0.26638081669807434,0.27881965041160583,
702,0.11108193546533585,0.04102829098701477,1.0299639701843262,0.26675933599472046,0.286276638507843,
703,0.10065088421106339,0.04151506721973419,1.0413249731063843,0.2677021026611328,0.2950439453125,
704,0.10822667181491852,0.04171096906065941,1.0251787900924683,0.26636022329330444,0.25723978877067566,
705,0.11560904234647751,0.04085097461938858,1.0190749168395996,0.26557520031929016,0.26704323291778564,
706,0.11082444339990616,0.04069983959197998,1.0202603340148926,0.2651187777519226,0.2584337592124939,
707,0.12167885899543762,0.04036654904484749,1.0091019868850708,0.26471659541130066,0.2306893765926361,
708,0.11085756868124008,0.04139157757163048,1.0354093313217163,0.26744964718818665,0.3001265227794647,
709,0.11780819296836853,0.04133134335279465,1.035218358039856,0.2676500976085663,0.3049340546131134,
710,0.1074005737900734,0.04119684547185898,1.0286613702774048,0.26673126220703125,0.27739208936691284,
711,0.11575543135404587,0.041181113570928574,1.0294721126556396,0.2668963372707367,0.2920399308204651,
712,0.11139664053916931,0.040705736726522446,1.0230066776275635,0.26585325598716736,0.26832303404808044,
713,0.1119295135140419,0.04109826311469078,1.0343292951583862,0.2667548656463623,0.3002062737941742,
714,0.11713293194770813,0.040755972266197205,1.017117977142334,0.26567068696022034,0.2580447494983673,
715,0.10519960522651672,0.04096921533346176,1.0257174968719482,0.26657724380493164,0.26703062653541565,
716,0.12289368361234665,0.04040975496172905,1.0077807903289795,0.26395919919013977,0.2310124635696411,
717,0.12249305844306946,0.040427155792713165,1.0181374549865723,0.26528429985046387,0.27699926495552063,
718,0.11822570860385895,0.0411849208176136,1.0265833139419556,0.26671934127807617,0.28500452637672424,
719,0.12719985842704773,0.0400967039167881,1.0097395181655884,0.2646363377571106,0.25681981444358826,
720,0.119273342192173,0.041142482310533524,1.0325957536697388,0.26619359850883484,0.3075689971446991,
721,0.11195237934589386,0.040729865431785583,1.0219151973724365,0.2655481696128845,0.2690325677394867,
722,0.11453717947006226,0.0412604995071888,1.0312793254852295,0.267535537481308,0.29182541370391846,
723,0.10392719507217407,0.0412273108959198,1.0212078094482422,0.26549917459487915,0.2356785088777542,
725,0.11167613416910172,0.041791629046201706,1.044705867767334,0.2681584358215332,0.32189255952835083,0.35860204696655273
726,0.11109627783298492,0.04098218306899071,1.0249686241149902,0.26662275195121765,0.2705465257167816,
727,0.11377497762441635,0.041299931704998016,1.0288422107696533,0.2660314738750458,0.28816625475883484,
728,0.12901261448860168,0.040431875735521317,1.00755774974823,0.2642045021057129,0.24488526582717896,
729,0.12786166369915009,0.04032553732395172,1.0078859329223633,0.2641650438308716,0.2531304657459259,
730,0.11187191307544708,0.04114780202507973,1.0223191976547241,0.2663157880306244,0.25919970870018005,
731,0.12283758819103241,0.04042650759220123,1.0115200281143188,0.26512449979782104,0.2520243227481842,
732,0.11774706840515137,0.04120097681879997,1.0221633911132812,0.2665162980556488,0.2700585126876831,
733,0.12189832329750061,0.04102705046534538,1.0245702266693115,0.2664167582988739,0.28656360507011414,
734,0.12263983488082886,0.040627654641866684,1.0150947570800781,0.26538798213005066,0.26202136278152466,
735,0.12445308268070221,0.04070121794939041,1.019010066986084,0.2653663754463196,0.27921974658966064,
736,0.12525083124637604,0.04051240533590317,1.0123748779296875,0.2647972106933594,0.2583653926849365,
737,0.1135060116648674,0.0409429669380188,1.027899980545044,0.2670779824256897,0.2810519337654114,
738,0.10461246222257614,0.04115910455584526,1.0382087230682373,0.26861411333084106,0.3029698431491852,
739,0.11293041706085205,0.04099569842219353,1.0297653675079346,0.2666541039943695,0.2842007577419281,
740,0.11188066005706787,0.04069635644555092,1.0127530097961426,0.2649890184402466,0.2333049178123474,
741,0.11813530325889587,0.040428727865219116,1.015999436378479,0.2651265859603882,0.25964832305908203,
742,0.12273936718702316,0.04080075025558472,1.0201597213745117,0.2663533389568329,0.276435911655426,
743,0.12584903836250305,0.04071022570133209,1.020133376121521,0.26577261090278625,0.28440913558006287,
744,0.11394867300987244,0.04086796194314957,1.022265076637268,0.26563289761543274,0.2643536925315857,
745,0.1223975345492363,0.040944505482912064,1.0202182531356812,0.266061931848526,0.27677252888679504,
746,0.10714337974786758,0.041223492473363876,1.0296881198883057,0.26692092418670654,0.27777770161628723,
747,0.12020822614431381,0.041246552020311356,1.0307233333587646,0.267682820558548,0.29590532183647156,
748,0.12134966254234314,0.0407605804502964,1.0249396562576294,0.2663499414920807,0.2905746400356293,
749,0.11885200440883636,0.04128307104110718,1.0364232063293457,0.2683320939540863,0.31261005997657776,
750,0.1150045320391655,0.04135153070092201,1.031969428062439,0.2671433389186859,0.2982850670814514,0.3715813159942627
751,0.12084124237298965,0.04074247553944588,1.025106430053711,0.26683229207992554,0.29033002257347107,
752,0.1227201521396637,0.04081880301237106,1.0231218338012695,0.2661716043949127,0.28718894720077515,
753,0.10901546478271484,0.04088358208537102,1.0236717462539673,0.26634207367897034,0.26278141140937805,
754,0.11977917701005936,0.04082894325256348,1.0218069553375244,0.266561359167099,0.2746184468269348,
755,0.11119512468576431,0.04108784347772598,1.0193361043930054,0.26616713404655457,0.24501974880695343,
756,0.12211956083774567,0.040987685322761536,1.021920919418335,0.26648277044296265,0.2814235985279083,
757,0.11419042944908142,0.040904656052589417,1.0324419736862183,0.26821354031562805,0.30227115750312805,
758,0.1256912797689438,0.04064130038022995,1.017016053199768,0.2657414376735687,0.278369277715683,
759,0.11471182852983475,0.040872637182474136,1.0201506614685059,0.2660285234451294,0.26341477036476135,
760,0.11805665493011475,0.0407525971531868,1.0166633129119873,0.2658088207244873,0.2544940412044525,
761,0.13131633400917053,0.040316998958587646,1.0105375051498413,0.26456451416015625,0.26982277631759644,
762,0.12928906083106995,0.040631253272295,1.0125019550323486,0.2654169201850891,0.2590045630931854,
763,0.13426297903060913,0.04059003293514252,1.017215371131897,0.26556941866874695,0.29181215167045593,
764,0.11591912060976028,0.04061603173613548,1.0280693769454956,0.26665443181991577,0.2902540862560272,
765,0.13067826628684998,0.040683407336473465,1.0184435844421387,0.26562654972076416,0.28793418407440186,
766,0.12758368253707886,0.04048285633325577,1.020914912223816,0.2660161256790161,0.28960874676704407,
767,0.12194210290908813,0.040290363132953644,1.0198642015457153,0.26607176661491394,0.2824310064315796,
768,0.1209568902850151,0.04104930907487869,1.0334314107894897,0.26793211698532104,0.31059780716896057,
769,0.1309930384159088,0.040591418743133545,1.0122711658477783,0.2653414309024811,0.26888686418533325,
770,0.12656056880950928,0.04042445495724678,1.0159248113632202,0.2656312882900238,0.27642977237701416,
771,0.13113221526145935,0.04026438668370247,1.0063047409057617,0.26425981521606445,0.2458343207836151,
772,0.13942328095436096,0.040635012090206146,1.0098693370819092,0.2647911608219147,0.26897919178009033,
773,0.11897359043359756,0.04125656187534332,1.0311790704727173,0.26814475655555725,0.2925453782081604,
774,0.1326838880777359,0.04029938951134682,1.0116337537765503,0.264091432094574,0.2647913098335266,
775,0.14161157608032227,0.040019311010837555,1.0048083066940308,0.2643255591392517,0.2717188000679016,0.3763378858566284
776,0.12364939600229263,0.04056156799197197,1.0204778909683228,0.2661031484603882,0.28040242195129395,
777,0.12584292888641357,0.0405009463429451,1.0172401666641235,0.26549091935157776,0.2757076025009155,
778,0.1301489621400833,0.0408080518245697,1.0242831707000732,0.26695516705513,0.30202722549438477,
779,0.12945827841758728,0.04054667800664902,1.0138306617736816,0.26500317454338074,0.27054262161254883,
780,0.14180628955364227,0.04061736911535263,1.0107988119125366,0.26475319266319275,0.2805401384830475,
781,0.1332545280456543,0.04056236892938614,1.0120513439178467,0.26507019996643066,0.2751072645187378,
782,0.1339305341243744,0.040648266673088074,1.0150260925292969,0.26567956805229187,0.28094783425331116,
783,0.14376509189605713,0.04028189182281494,1.0072439908981323,0.2647925615310669,0.2828127443790436,
784,0.15144719183444977,0.039907485246658325,0.9961869120597839,0.2636004090309143,0.25123292207717896,
785,0.1331731081008911,0.041097309440374374,1.0204519033432007,0.2664266526699066,0.28716060519218445,
786,0.1312723308801651,0.04137321561574936,1.0295331478118896,0.26730650663375854,0.30982035398483276,
787,0.12530477344989777,0.04093072563409805,1.0215489864349365,0.26689431071281433,0.28383708000183105,
788,0.13340285420417786,0.041573040187358856,1.0344921350479126,0.26806607842445374,0.3294283151626587,
789,0.13178475201129913,0.04083632677793503,1.0201733112335205,0.265815794467926,0.2901095449924469,
790,0.14177991449832916,0.04032100364565849,1.0156590938568115,0.2657129466533661,0.3016049861907959,
791,0.1366279572248459,0.040962234139442444,1.0225130319595337,0.2661644220352173,0.3056330680847168,
792,0.12989865243434906,0.0408690869808197,1.0249452590942383,0.2665005326271057,0.3050110638141632,
793,0.1350097954273224,0.040458016097545624,1.0106371641159058,0.2646469473838806,0.2714751660823822,
794,0.14024043083190918,0.04042164981365204,1.017292857170105,0.2656090557575226,0.3058798313140869,
795,0.14075489342212677,0.04029685631394386,1.0097360610961914,0.2646046280860901,0.2830060124397278,
796,0.14045923948287964,0.04071984067559242,1.0191199779510498,0.26583537459373474,0.3020083010196686,
797,0.13054430484771729,0.040983449667692184,1.024787187576294,0.2668371796607971,0.3044074475765228,
798,0.13989493250846863,0.04099924862384796,1.0268988609313965,0.267377644777298,0.3260120451450348,
799,0.1401706486940384,0.0405137725174427,1.0205607414245605,0.2664790451526642,0.31659427285194397,
800,0.1408432573080063,0.04062734544277191,1.017208218574524,0.26577892899513245,0.30500727891921997,0.3920425772666931
801,0.1390528529882431,0.04053131490945816,1.017086148262024,0.26617228984832764,0.30004018545150757,
802,0.142868310213089,0.040789853781461716,1.0198702812194824,0.2668640911579132,0.31297194957733154,
803,0.1382606327533722,0.040928199887275696,1.0160937309265137,0.26522693037986755,0.2868983745574951,
804,0.1399148851633072,0.04038086533546448,1.0089586973190308,0.26471319794654846,0.27224934101104736,
806,0.1396566480398178,0.04065163433551788,1.0125187635421753,0.26602301001548767,0.27739715576171875,
807,0.14988915622234344,0.04009471833705902,1.0016834735870361,0.26419031620025635,0.26736485958099365,
808,0.1343914121389389,0.04071354120969772,1.0184656381607056,0.26575061678886414,0.29413363337516785,
809,0.14185377955436707,0.04040514677762985,1.0138049125671387,0.2660074234008789,0.29871582984924316,
810,0.13569475710391998,0.040956832468509674,1.0174883604049683,0.26636195182800293,0.2911243736743927,
811,0.12937304377555847,0.041420139372348785,1.0334614515304565,0.2680078446865082,0.3218451738357544,
812,0.12772084772586823,0.04134939983487129,1.0320323705673218,0.2679464817047119,0.31600871682167053,
813,0.13013462722301483,0.04104142636060715,1.0267555713653564,0.266818642616272,0.30677759647369385,
814,0.12884698808193207,0.041188787668943405,1.0267877578735352,0.26669713854789734,0.30460548400878906,
815,0.13553309440612793,0.04074466601014137,1.0185110569000244,0.266100138425827,0.29800745844841003,
816,0.12893076241016388,0.04137720540165901,1.030550479888916,0.2676396667957306,0.31416094303131104,
817,0.13695602118968964,0.04089971259236336,1.019039273262024,0.2661226689815521,0.29939132928848267,
818,0.1344381421804428,0.04104239121079445,1.0218859910964966,0.2668639123439789,0.2997501790523529,
819,0.144235759973526,0.040667302906513214,1.015674352645874,0.2655809223651886,0.29404377937316895,
820,0.13439606130123138,0.04110988602042198,1.0233423709869385,0.2666637599468231,0.2976815402507782,
821,0.15037801861763,0.04033191502094269,1.0038366317749023,0.26412102580070496,0.2729387879371643,
822,0.13655994832515717,0.04093024134635925,1.0197031497955322,0.26625582575798035,0.2895340323448181,
823,0.14375042915344238,0.040226347744464874,1.0091456174850464,0.2647120952606201,0.282490074634552,
824,0.13920633494853973,0.040633246302604675,1.0149235725402832,0.2655254602432251,0.285971462726593,
825,0.14212413132190704,0.04052460938692093,1.0115222930908203,0.26532548666000366,0.2829020917415619,0.40346983075141907
826,0.1404365748167038,0.04057737812399864,1.0157049894332886,0.26589828729629517,0.2935129702091217,
827,0.14222590625286102,0.040606290102005005,1.0139741897583008,0.26510778069496155,0.2919270098209381,
828,0.14444909989833832,0.04106374830007553,1.0202114582061768,0.2663520574569702,0.30919113755226135,
829,0.13995182514190674,0.04087847098708153,1.0176728963851929,0.2657865881919861,0.29462918639183044,
830,0.14251115918159485,0.0405251681804657,1.0141258239746094,0.26538708806037903,0.29141077399253845,
831,0.1446380913257599,0.04039934277534485,1.0109626054763794,0.26518213748931885,0.2867705523967743,
832,0.14560140669345856,0.040423840284347534,1.008915662765503,0.2647246718406677,0.28229057788848877,
833,0.14636175334453583,0.04055183008313179,1.0124319791793823,0.26583734154701233,0.29973873496055603,
834,0.13802486658096313,0.04076036438345909,1.019573450088501,0.2659584581851959,0.3014838695526123,
835,0.14590437710285187,0.04029445722699165,1.0105514526367188,0.26464611291885376,0.2921821177005768,
837,0.1407562494277954,0.040668148547410965,1.0236579179763794,0.267539381980896,0.31986433267593384,
838,0.14329852163791656,0.041024718433618546,1.0251892805099487,0.2675757110118866,0.3215842545032501,
839,0.1470702737569809,0.03990277275443077,1.0045973062515259,0.2648760974407196,0.2757869362831116,
840,0.13820984959602356,0.04154391959309578,1.0405415296554565,0.2687269151210785,0.3516000807285309,
841,0.13515999913215637,0.04095005989074707,1.0207871198654175,0.2668423652648926,0.28935185074806213,
842,0.13031883537769318,0.041120585054159164,1.0269349813461304,0.26784563064575195,0.3094140291213989,
843,0.15130378305912018,0.03971332311630249,0.9990407228469849,0.26261627674102783,0.26009640097618103,
844,0.15272924304008484,0.040131356567144394,1.0095010995864868,0.26475340127944946,0.2983013093471527,
845,0.14581435918807983,0.04023350030183792,1.0115283727645874,0.2649834156036377,0.30015039443969727,
846,0.14168936014175415,0.04070909321308136,1.0180398225784302,0.26540666818618774,0.3023908734321594,
847,0.1441522240638733,0.04080166667699814,1.0197157859802246,0.2666248083114624,0.31327253580093384,
848,0.13904963433742523,0.04061891511082649,1.0168596506118774,0.2657845616340637,0.29384511709213257,
849,0.13427500426769257,0.04127807170152664,1.027870535850525,0.26770901679992676,0.3161448836326599,
850,0.14859461784362793,0.04023725539445877,1.01200270652771,0.26552891731262207,0.30799198150634766,0.415286123752594
851,0.1451721042394638,0.040569156408309937,1.0156536102294922,0.26597532629966736,0.3052525520324707,
852,0.15400323271751404,0.04035846143960953,1.0159339904785156,0.2656712532043457,0.32576826214790344,
853,0.1517581194639206,0.04002976790070534,1.0031582117080688,0.26346635818481445,0.2817993760108948,
854,0.14889901876449585,0.04031341150403023,1.010119915008545,0.26511046290397644,0.2957208454608917,
855,0.14177827537059784,0.04077877476811409,1.019409418106079,0.26579415798187256,0.3076733648777008,
856,0.14373984932899475,0.04031256586313248,1.0127534866333008,0.26538607478141785,0.29067179560661316,
857,0.13480664789676666,0.04117320850491524,1.0328930616378784,0.2678869366645813,0.32762646675109863,
858,0.1337783932685852,0.0413547046482563,1.0357029438018799,0.2679249942302704,0.3355289101600647,
859,0.14301641285419464,0.040862590074539185,1.0227547883987427,0.2664443552494049,0.3199271559715271,
860,0.13891685009002686,0.0405668243765831,1.0209407806396484,0.26605868339538574,0.30979135632514954,
861,0.1455969363451004,0.040481533855199814,1.0214836597442627,0.266353964805603,0.323186993598938,
862,0.14120879769325256,0.040801387280225754,1.025739312171936,0.2669998109340668,0.3224414587020874,
863,0.1498948186635971,0.040672436356544495,1.020222783088684,0.2666299343109131,0.3263128101825714,
864,0.1412474662065506,0.0410718098282814,1.0297363996505737,0.26759231090545654,0.33112281560897827,
865,0.13590092957019806,0.04160050302743912,1.0406919717788696,0.26943647861480713,0.34329602122306824,
866,0.13669615983963013,0.04139142110943794,1.0339457988739014,0.26793041825294495,0.33112847805023193,
867,0.13370613753795624,0.04130130633711815,1.0285227298736572,0.2672821283340454,0.3132544755935669,
868,0.1432364284992218,0.04076574742794037,1.0167253017425537,0.265576034784317,0.2976035177707672,
869,0.14587272703647614,0.04084935039281845,1.024948239326477,0.26691463589668274,0.32404056191444397,
870,0.14755061268806458,0.04057788476347923,1.0165127515792847,0.26588913798332214,0.3091413676738739,
871,0.14344413578510284,0.04062935337424278,1.0200982093811035,0.26623114943504333,0.3125252425670624,
872,0.1450980007648468,0.04071401059627533,1.0218100547790527,0.2667030394077301,0.3203367590904236,
873,0.1472230702638626,0.040376439690589905,1.014289379119873,0.266065776348114,0.2991894483566284,
874,0.15563547611236572,0.039924073964357376,1.0086849927902222,0.2647366523742676,0.3096058964729309,
875,0.1428220123052597,0.04048394039273262,1.017932653427124,0.26635876297950745,0.307680606842041,0.43092915415763855
876,0.15010735392570496,0.04070333018898964,1.0217502117156982,0.2664428651332855,0.32951945066452026,
877,0.14216114580631256,0.04056178033351898,1.0243709087371826,0.2661866247653961,0.3209540843963623,
878,0.14131921529769897,0.04113968461751938,1.0308159589767456,0.26750752329826355,0.33077549934387207,
879,0.15179190039634705,0.040851011872291565,1.0196595191955566,0.2659636437892914,0.3210831880569458,
880,0.14978085458278656,0.040775712579488754,1.020477294921875,0.2660600244998932,0.31531015038490295,
881,0.14955216646194458,0.04060499370098114,1.0208933353424072,0.2670934498310089,0.3263351321220398,
882,0.15742021799087524,0.04003913700580597,1.0079480409622192,0.2648598849773407,0.30742859840393066,
883,0.1464349925518036,0.04077661782503128,1.0201537609100342,0.2662522792816162,0.31480956077575684,
884,0.1485317051410675,0.04088606685400009,1.0262929201126099,0.2674919664859772,0.3345005214214325,
885,0.14879360795021057,0.040740564465522766,1.021651029586792,0.2669840157032013,0.3236009478569031,
886,0.1539774388074875,0.040682535618543625,1.0225205421447754,0.2671685516834259,0.3347366750240326,
887,0.14926472306251526,0.04052739217877388,1.0188846588134766,0.26617082953453064,0.3197125792503357,
888,0.15266059339046478,0.04013809561729431,1.0151042938232422,0.26553666591644287,0.3174411356449127,
889,0.14557230472564697,0.040816351771354675,1.0226596593856812,0.2663624882698059,0.31775039434432983,
890,0.14740747213363647,0.040329981595277786,1.0162010192871094,0.26611602306365967,0.30881476402282715,
891,0.1488243192434311,0.04013895243406296,1.0140796899795532,0.26564231514930725,0.3049556016921997,
892,0.14391037821769714,0.041038185358047485,1.0322972536087036,0.2679494023323059,0.3387651741504669,
893,0.14821290969848633,0.040884923189878464,1.0274592638015747,0.2674157917499542,0.3335667550563812,
894,0.15784920752048492,0.04060704633593559,1.0190986394882202,0.2664850950241089,0.32831433415412903,
895,0.14320360124111176,0.04031193628907204,1.017549753189087,0.26572227478027344,0.30484434962272644,
896,0.14377835392951965,0.04078042507171631,1.0243843793869019,0.2679351568222046,0.32463863492012024,
897,0.1503753364086151,0.04067832604050636,1.02351975440979,0.26722127199172974,0.325778990983963,
898,0.14225253462791443,0.04170788824558258,1.0416496992111206,0.26980891823768616,0.35165151953697205,
899,0.14427241683006287,0.040729980915784836,1.0219128131866455,0.2667108476161957,0.31449082493782043,
900,0.15717996656894684,0.040613893419504166,1.0137029886245728,0.2657933533191681,0.3098568022251129,0.4446689784526825
901,0.15830755233764648,0.04090064391493797,1.0232210159301758,0.2668881118297577,0.3352867662906647,
902,0.14432811737060547,0.04096445441246033,1.0266063213348389,0.2671233117580414,0.3247092068195343,
903,0.15633843839168549,0.04066099599003792,1.0195482969284058,0.2663786709308624,0.3246154487133026,
904,0.1507924348115921,0.04095282778143883,1.0273573398590088,0.2671447694301605,0.3389328420162201,
905,0.16531848907470703,0.03997594490647316,1.0106557607650757,0.26456403732299805,0.32993173599243164,
906,0.15127214789390564,0.040406085550785065,1.0173640251159668,0.265872985124588,0.3190224766731262,
907,0.1404569298028946,0.04117376729846001,1.0386183261871338,0.26836487650871277,0.35068053007125854,
908,0.15210948884487152,0.040553029626607895,1.0218302011489868,0.26656395196914673,0.33228743076324463,
909,0.14872543513774872,0.04095049202442169,1.0308787822723389,0.2679629921913147,0.34438952803611755,
910,0.15793673694133759,0.04049227386713028,1.022193431854248,0.26672837138175964,0.34138673543930054,
911,0.15542146563529968,0.04043637216091156,1.0184855461120605,0.26623740792274475,0.32745644450187683,
912,0.15134310722351074,0.04051945358514786,1.0192722082138062,0.2658328115940094,0.3226640522480011,
913,0.16097691655158997,0.04031193628907204,1.013257622718811,0.2654707729816437,0.32479041814804077,
914,0.14083637297153473,0.041029468178749084,1.0283100605010986,0.2672201693058014,0.3236152231693268,
915,0.15180328488349915,0.04015030339360237,1.0160775184631348,0.2659577429294586,0.3189435601234436,
916,0.15618610382080078,0.04044107347726822,1.0214087963104248,0.2667006850242615,0.33168092370033264,
917,0.14957909286022186,0.04045141860842705,1.019562005996704,0.26591822504997253,0.3195575177669525,
918,0.16226500272750854,0.039830416440963745,1.0050488710403442,0.2642481029033661,0.3043765127658844,
919,0.1532810628414154,0.040717482566833496,1.021726369857788,0.2662525177001953,0.3302154541015625,
920,0.15274594724178314,0.04043532535433769,1.0157787799835205,0.2655911147594452,0.31659460067749023,
921,0.1526706963777542,0.04044056311249733,1.0208243131637573,0.2665424942970276,0.32991284132003784,
922,0.15127725899219513,0.04085265472531319,1.0330826044082642,0.267865389585495,0.35557976365089417,
923,0.15811306238174438,0.04003114253282547,1.0125963687896729,0.26470524072647095,0.32017016410827637,
924,0.1520013064146042,0.04054556414484978,1.0289772748947144,0.2675698697566986,0.35352981090545654,
925,0.1457977443933487,0.0408996157348156,1.0333001613616943,0.26835063099861145,0.3487207591533661,0.46397674083709717
926,0.149990051984787,0.04060783237218857,1.0254647731781006,0.267316073179245,0.33503100275993347,
927,0.15700390934944153,0.04042922332882881,1.0227329730987549,0.26681986451148987,0.34451696276664734,
928,0.1499195396900177,0.040854163467884064,1.0338518619537354,0.2682879567146301,0.35737574100494385,
929,0.15045684576034546,0.04063090682029724,1.02424955368042,0.2668795883655548,0.33706265687942505,
930,0.15328066051006317,0.040269650518894196,1.0205719470977783,0.26688235998153687,0.33023184537887573,
931,0.15164713561534882,0.040729302912950516,1.025639295578003,0.26738956570625305,0.33555111289024353,
932,0.15457817912101746,0.040574051439762115,1.0227861404418945,0.2669582664966583,0.336039274930954,
933,0.16160151362419128,0.040663402527570724,1.0249577760696411,0.2668056786060333,0.35075312852859497,
934,0.16139653325080872,0.04013834893703461,1.0143972635269165,0.2655937373638153,0.32645466923713684,
935,0.15204168856143951,0.040805939584970474,1.0280507802963257,0.2670326828956604,0.34198781847953796,
937,0.15575650334358215,0.040513329207897186,1.0217374563217163,0.2666113078594208,0.34280940890312195,
938,0.14971771836280823,0.04106355831027031,1.0308185815811157,0.26776501536369324,0.3421144485473633,
939,0.1392872929573059,0.041160110384225845,1.0264036655426025,0.26672786474227905,0.31031545996665955,
940,0.14706049859523773,0.04106399416923523,1.0242952108383179,0.2669541537761688,0.3172668516635895,
941,0.14665839076042175,0.04112913832068443,1.0239689350128174,0.2670440971851349,0.3194826543331146,
942,0.1449727863073349,0.040891073644161224,1.0272184610366821,0.26770564913749695,0.3286595642566681,
943,0.15279938280582428,0.04072035476565361,1.023942232131958,0.2667295038700104,0.3352888822555542,
944,0.14392706751823425,0.0404338538646698,1.0209347009658813,0.26641711592674255,0.30680570006370544,
945,0.13435135781764984,0.04140830785036087,1.0389478206634521,0.26899996399879456,0.33802530169487,
946,0.14262080192565918,0.04048798978328705,1.0247520208358765,0.26671937108039856,0.32052096724510193,
947,0.148813858628273,0.040399011224508286,1.0162262916564941,0.2655301094055176,0.3081209361553192,
948,0.15062978863716125,0.040685854852199554,1.0196393728256226,0.2659817636013031,0.3162365257740021,
949,0.14817245304584503,0.04114801436662674,1.0313163995742798,0.26771876215934753,0.3438119888305664,
950,0.15594829618930817,0.04015165567398071,1.0125939846038818,0.2647935748100281,0.313356876373291,0.4770885705947876
951,0.15375767648220062,0.04076371341943741,1.0249719619750977,0.26687049865722656,0.3349047601222992,
952,0.14920397102832794,0.04054189845919609,1.0242385864257812,0.2670859098434448,0.32868432998657227,
953,0.14993515610694885,0.04087862744927406,1.0281364917755127,0.2675003409385681,0.3400360941886902,
954,0.15269005298614502,0.04088979586958885,1.0305182933807373,0.2681562304496765,0.3460988402366638,
955,0.1477251946926117,0.04061485454440117,1.025417447090149,0.2670232653617859,0.3294569253921509,
956,0.1526118367910385,0.04069039225578308,1.0226666927337646,0.26627734303474426,0.33019715547561646,
957,0.15387490391731262,0.04049383103847504,1.0221848487854004,0.2663683593273163,0.33115020394325256,
958,0.154816135764122,0.040529072284698486,1.0222734212875366,0.2663927674293518,0.3353270888328552,
959,0.15564268827438354,0.040752582252025604,1.0304350852966309,0.2680206596851349,0.35441094636917114,
960,0.1573265641927719,0.04030436649918556,1.0152000188827515,0.26557061076164246,0.32045143842697144,
961,0.1508854627609253,0.040882643312215805,1.0299568176269531,0.2680869996547699,0.34133782982826233,
962,0.15998432040214539,0.04027579724788666,1.0188384056091309,0.2659582495689392,0.3360639810562134,
963,0.15577413141727448,0.040743522346019745,1.025769591331482,0.26722633838653564,0.34342408180236816,
964,0.1483212411403656,0.04109455645084381,1.0295422077178955,0.267890602350235,0.33643072843551636,
965,0.15230607986450195,0.040438275784254074,1.0217012166976929,0.26672425866127014,0.3311956524848938,
966,0.14907114207744598,0.04111294075846672,1.0390043258666992,0.26915085315704346,0.36139172315597534,
967,0.15481284260749817,0.04034221172332764,1.0217400789260864,0.2668701112270355,0.33836838603019714,
968,0.15032237768173218,0.04071534425020218,1.0275030136108398,0.2678156793117523,0.3385447561740875,
969,0.152122363448143,0.040185850113630295,1.0149394273757935,0.2659178078174591,0.3111180067062378,
970,0.15478238463401794,0.04040343314409256,1.020390510559082,0.2663693130016327,0.33154404163360596,
971,0.15865875780582428,0.04034370556473732,1.0238693952560425,0.2669057548046112,0.3485482633113861,
972,0.14527344703674316,0.040304020047187805,1.0197371244430542,0.26584330201148987,0.31310662627220154,
973,0.1521182358264923,0.040627337992191315,1.0276906490325928,0.26756587624549866,0.3453032672405243,
974,0.15224899351596832,0.0403074286878109,1.0186042785644531,0.2661155164241791,0.32349833846092224,
975,0.16131912171840668,0.040204569697380066,1.0160701274871826,0.2653284966945648,0.3312341272830963,0.49220550060272217
976,0.1632860153913498,0.04076375439763069,1.0304373502731323,0.26792338490486145,0.36642035841941833,
977,0.16605131328105927,0.039803873747587204,1.0120737552642822,0.26479658484458923,0.33493730425834656,
978,0.16043920814990997,0.04032062739133835,1.0191236734390259,0.2657743990421295,0.33770713210105896,
979,0.15973758697509766,0.04021766409277916,1.0215837955474854,0.26635485887527466,0.34467923641204834,
980,0.1447138488292694,0.040456026792526245,1.0195873975753784,0.26519495248794556,0.30720269680023193,
981,0.1565474271774292,0.04061488062143326,1.0245927572250366,0.26686304807662964,0.34334227442741394,
982,0.15159739553928375,0.04064573720097542,1.027073621749878,0.26750364899635315,0.3403470814228058,
983,0.16086672246456146,0.04061784967780113,1.0244176387786865,0.2668244540691376,0.3504210114479065,
984,0.14795567095279694,0.04087074100971222,1.0302824974060059,0.26809412240982056,0.3405025899410248,
985,0.15364794433116913,0.04023319482803345,1.0206481218338013,0.26649484038352966,0.3261994421482086,
986,0.16164296865463257,0.04003562778234482,1.011741280555725,0.2650200128555298,0.319839745759964,
987,0.1513330340385437,0.04044625535607338,1.025843620300293,0.2670176923274994,0.33440345525741577,
988,0.16137747466564178,0.03997620940208435,1.0164912939071655,0.2654060423374176,0.32674312591552734,
989,0.1489851176738739,0.040742743760347366,1.0271848440170288,0.2669081389904022,0.3345492482185364,
990,0.1549730896949768,0.04068316891789436,1.0308327674865723,0.26772430539131165,0.3537067770957947,
992,0.16194364428520203,0.040121328085660934,1.0219645500183105,0.2664661109447479,0.3447182774543762,
993,0.1655733287334442,0.04018642008304596,1.0224539041519165,0.26651641726493835,0.3595546782016754,
994,0.168141171336174,0.03977617248892784,1.0175261497497559,0.2657696008682251,0.3507464528083801,
995,0.16545337438583374,0.03993004932999611,1.0202304124832153,0.2657139301300049,0.3513045310974121,
996,0.15367752313613892,0.04076068103313446,1.036238431930542,0.2679053544998169,0.36697813868522644,
997,0.15940073132514954,0.04017401114106178,1.0182197093963623,0.2655501663684845,0.33314284682273865,
998,0.15915438532829285,0.040423933416604996,1.025389313697815,0.266218364238739,0.3546977639198303,
999,0.15441833436489105,0.04034191370010376,1.0247275829315186,0.2665036618709564,0.340696781873703,
1000,0.15402653813362122,0.04054940864443779,1.0249674320220947,0.26666945219039917,0.3424533009529114,0.5018391609191895
1001,0.1560477614402771,0.04054524376988411,1.0289474725723267,0.26710331439971924,0.3516502380371094,
1002,0.15816986560821533,0.04047819972038269,1.0236984491348267,0.2661879360675812,0.34284156560897827,
1003,0.16536128520965576,0.04009106382727623,1.0242273807525635,0.26587221026420593,0.3586972951889038,
1004,0.1645975559949875,0.04004652425646782,1.0205451250076294,0.26610997319221497,0.3518223762512207,
1005,0.164567232131958,0.040236469358205795,1.0253757238388062,0.2666628062725067,0.361539751291275,
1006,0.16376115381717682,0.04055120050907135,1.025023341178894,0.26687949895858765,0.3551698327064514,
1007,0.1538086086511612,0.04068223387002945,1.031248927116394,0.2677854895591736,0.3563990592956543,
1008,0.1573026329278946,0.040474265813827515,1.0251893997192383,0.26619136333465576,0.34923189878463745,
1009,0.16554956138134003,0.04020346701145172,1.0181381702423096,0.265361487865448,0.3416454493999481,
1010,0.16965386271476746,0.03992081433534622,1.0165132284164429,0.2653226852416992,0.35378625988960266,
1011,0.16558773815631866,0.03979964554309845,1.0162746906280518,0.2651699483394623,0.3393510580062866,
1012,0.1628987342119217,0.040363483130931854,1.0278820991516113,0.26725733280181885,0.3596612215042114,
1013,0.1628204882144928,0.04009527713060379,1.0251272916793823,0.2661963701248169,0.35864174365997314,
1014,0.16228754818439484,0.039866432547569275,1.0164867639541626,0.26573505997657776,0.33833885192871094,
1015,0.16198453307151794,0.0401834212243557,1.0215203762054443,0.2663613259792328,0.346714586019516,
1016,0.16063012182712555,0.040011316537857056,1.0175659656524658,0.265211820602417,0.3336046636104584,
1017,0.17084985971450806,0.039598703384399414,1.0125283002853394,0.26490676403045654,0.3473396301269531,
1018,0.16212806105613708,0.040071580559015274,1.02284574508667,0.26648396253585815,0.34948277473449707,
1019,0.1600266844034195,0.04024278372526169,1.0241074562072754,0.26679858565330505,0.35516974329948425,
1020,0.16736413538455963,0.04002183675765991,1.0160068273544312,0.26543575525283813,0.3463784456253052,
1021,0.19500599801540375,0.038662850856781006,0.991388201713562,0.2620810866355896,0.3398207128047943,
1022,0.175591379404068,0.039500195533037186,1.0085725784301758,0.26457875967025757,0.3410404920578003,
1023,0.1786390095949173,0.04008646309375763,1.0148019790649414,0.26559337973594666,0.36180734634399414,
1024,0.17517726123332977,0.03976674750447273,1.0113272666931152,0.26491355895996094,0.3480444848537445,
1025,0.16445550322532654,0.040280502289533615,1.0251022577285767,0.2667369246482849,0.3572142720222473,0.5087413787841797
1026,0.16814637184143066,0.03949590399861336,1.0109455585479736,0.26486721634864807,0.33810120820999146,
1027,0.17344820499420166,0.03967238962650299,1.0131981372833252,0.26495128870010376,0.3478679656982422,
1028,0.1746131181716919,0.0395752489566803,1.0084367990493774,0.26369914412498474,0.3385220468044281,
1029,0.17601792514324188,0.04011965170502663,1.0225406885147095,0.2662370502948761,0.37679359316825867,
1030,0.164873868227005,0.04022346809506416,1.024530053138733,0.26622188091278076,0.35905563831329346,
1031,0.16833312809467316,0.03993448242545128,1.017215371131897,0.26541921496391296,0.3471495509147644,
1032,0.1696736365556717,0.03983364626765251,1.0172287225723267,0.2655065655708313,0.3504890203475952,
1033,0.16903863847255707,0.03963441774249077,1.0126545429229736,0.2648726999759674,0.34369051456451416,
1034,0.16839495301246643,0.03998218849301338,1.017069697380066,0.26511645317077637,0.3470391035079956,
1035,0.1671588122844696,0.039834462106227875,1.0152357816696167,0.2650998830795288,0.3412339687347412,
1036,0.17029914259910583,0.03957975283265114,1.0102630853652954,0.2643829882144928,0.3379465341567993,
1037,0.16918933391571045,0.040232475847005844,1.0167964696884155,0.26553159952163696,0.3470606505870819,
1038,0.16025227308273315,0.04049205407500267,1.021327018737793,0.26611584424972534,0.3413953483104706,
1039,0.17192956805229187,0.039857927709817886,1.0145292282104492,0.26533612608909607,0.3468612730503082,
1040,0.16555821895599365,0.040178317576646805,1.020321011543274,0.265667587518692,0.34991177916526794,
1041,0.17131678760051727,0.039811231195926666,1.0143373012542725,0.26507166028022766,0.35087278485298157,
1042,0.17178863286972046,0.03947354480624199,1.0091379880905151,0.263986736536026,0.3401528298854828,
1043,0.161436527967453,0.04046511650085449,1.0267040729522705,0.2668371796607971,0.35839077830314636,
1044,0.1616688370704651,0.04046821594238281,1.0261764526367188,0.2670387625694275,0.35522329807281494,
1045,0.1724870204925537,0.04002486541867256,1.0152798891067505,0.26518940925598145,0.34786370396614075,
1046,0.17273320257663727,0.04013488441705704,1.0224642753601074,0.26658836007118225,0.37296730279922485,
1047,0.1737508624792099,0.0400833860039711,1.022570252418518,0.26622825860977173,0.37105876207351685,
1048,0.16217829287052155,0.04033203795552254,1.0255601406097412,0.2660306692123413,0.3567199409008026,
1049,0.1590774953365326,0.040420182049274445,1.0290151834487915,0.26684004068374634,0.36140766739845276,
1050,0.16792277991771698,0.04037727788090706,1.0241408348083496,0.2667393684387207,0.36344751715660095,0.5207165479660034
1051,0.17024800181388855,0.0396096296608448,1.0157724618911743,0.26476168632507324,0.3508336544036865,
1052,0.16906115412712097,0.03970770537853241,1.0147204399108887,0.26473861932754517,0.34581661224365234,
1053,0.16369685530662537,0.040245234966278076,1.027541995048523,0.2670491635799408,0.3619133532047272,
1054,0.1699192076921463,0.04021274298429489,1.0234366655349731,0.2664090692996979,0.3677336275577545,
1055,0.16543617844581604,0.040131568908691406,1.023899793624878,0.2658473551273346,0.35843217372894287,
1056,0.1693064570426941,0.040094975382089615,1.0215427875518799,0.2660444676876068,0.3593063950538635,
1057,0.16130894422531128,0.04040021076798439,1.0260517597198486,0.2663039267063141,0.35676735639572144,
1058,0.16283400356769562,0.04010598734021187,1.0219885110855103,0.2659202814102173,0.3478028476238251,
1060,0.1754031777381897,0.03977154567837715,1.0136460065841675,0.2649315893650055,0.3544919192790985,
1061,0.15227729082107544,0.040973059833049774,1.0364279747009277,0.26824912428855896,0.36087721586227417,
1062,0.17148371040821075,0.0399433933198452,1.0148273706436157,0.265476793050766,0.34809473156929016,
1063,0.16749252378940582,0.03974365442991257,1.013603925704956,0.26520469784736633,0.3402002453804016,
1064,0.1597422957420349,0.04050397127866745,1.0276846885681152,0.2670832574367523,0.35572341084480286,
1065,0.17391425371170044,0.04001597315073013,1.017626404762268,0.2656465172767639,0.3575238883495331,
1066,0.17143745720386505,0.039703141897916794,1.0161536931991577,0.26571059226989746,0.35162636637687683,
1067,0.17379805445671082,0.0398295633494854,1.0126210451126099,0.2648783326148987,0.3483071029186249,
1068,0.16434568166732788,0.04015396535396576,1.0228873491287231,0.2667897939682007,0.3570508360862732,
1069,0.16395385563373566,0.040653374046087265,1.0288786888122559,0.2676619589328766,0.3657941520214081,
1070,0.16608160734176636,0.04040989279747009,1.0269557237625122,0.2668847441673279,0.36589711904525757,
1071,0.1762036383152008,0.040027230978012085,1.017427682876587,0.2660825848579407,0.36371999979019165,
1072,0.16923655569553375,0.04059551656246185,1.0310628414154053,0.2676427364349365,0.38031816482543945,
1073,0.1723884642124176,0.03963609039783478,1.0129990577697754,0.26525744795799255,0.3517095446586609,
1074,0.16609430313110352,0.03990171104669571,1.0197741985321045,0.26590919494628906,0.3497855067253113,
1075,0.17265605926513672,0.03995498642325401,1.017518401145935,0.2658022940158844,0.3599311411380768,0.5283185839653015
1076,0.1610497534275055,0.04060875251889229,1.0298975706100464,0.2669356167316437,0.36336207389831543,
1077,0.16828985512256622,0.04031482711434364,1.022019386291504,0.26635393500328064,0.35685449838638306,
1078,0.17408639192581177,0.04035666584968567,1.0238126516342163,0.2664780914783478,0.3693471848964691,
1079,0.16722942888736725,0.0403357557952404,1.0225627422332764,0.26661431789398193,0.3556530475616455,
1080,0.17563295364379883,0.03978976979851723,1.0126338005065918,0.26482903957366943,0.350982129573822,
1081,0.17253321409225464,0.03993350267410278,1.0170215368270874,0.26585593819618225,0.35790765285491943,
1082,0.16276580095291138,0.04022159054875374,1.0271573066711426,0.26684290170669556,0.3606589734554291,
1083,0.15960712730884552,0.04065749794244766,1.0312459468841553,0.2675155699253082,0.3627368211746216,
1084,0.1710536628961563,0.04028244689106941,1.0220931768417358,0.26608020067214966,0.3624143898487091,
1085,0.1844404935836792,0.039845388382673264,1.0112539529800415,0.265045166015625,0.36975371837615967,
1086,0.1649034023284912,0.04032698646187782,1.0243451595306396,0.2664859890937805,0.3582243025302887,
1087,0.17054623365402222,0.040162552148103714,1.021443486213684,0.26576825976371765,0.3661017119884491,
1088,0.17136679589748383,0.040251024067401886,1.016586184501648,0.2657499313354492,0.35026320815086365,
1089,0.16531549394130707,0.040185973048210144,1.0212169885635376,0.26592326164245605,0.3519652783870697,
1090,0.16764160990715027,0.04018854349851608,1.0198687314987183,0.26604700088500977,0.3531021475791931,
1091,0.15692178905010223,0.040763240307569504,1.0382452011108398,0.26864898204803467,0.3771589398384094,
1092,0.1596786230802536,0.040738545358181,1.034777045249939,0.26812610030174255,0.3749442994594574,
1093,0.17114520072937012,0.03999119997024536,1.01907479763031,0.2663496434688568,0.3632555902004242,
1094,0.17615985870361328,0.03989239037036896,1.0150096416473389,0.2655065953731537,0.3552172780036926,
1095,0.17535366117954254,0.03998858854174614,1.017311453819275,0.2656942903995514,0.3641481101512909,
1096,0.16760483384132385,0.04002730920910835,1.0190174579620361,0.2662011682987213,0.35495123267173767,
1097,0.15146300196647644,0.04056490957736969,1.031705379486084,0.26790422201156616,0.35356104373931885,
1098,0.1687028855085373,0.040245093405246735,1.0237863063812256,0.2665562629699707,0.3651118874549866,
1099,0.16854459047317505,0.04013248160481453,1.0213972330093384,0.2664576470851898,0.36075639724731445,
1100,0.1739150881767273,0.040241044014692307,1.0239828824996948,0.2667750120162964,0.37941038608551025,0.5366073846817017
1101,0.16053637862205505,0.040225762873888016,1.0236599445343018,0.26692354679107666,0.3522360622882843,
1102,0.16763180494308472,0.04033598303794861,1.0251599550247192,0.26669472455978394,0.36687171459198,
1103,0.1614842563867569,0.04043734073638916,1.0254323482513428,0.2667405903339386,0.3533961772918701,
1104,0.16693885624408722,0.04042711481451988,1.0222251415252686,0.26613596081733704,0.3579852283000946,
1105,0.17396728694438934,0.04045761004090309,1.0240157842636108,0.2668532133102417,0.37263593077659607,
1106,0.16053125262260437,0.04056210443377495,1.0298855304718018,0.26782792806625366,0.36058664321899414,
1108,0.1654895544052124,0.04023199900984764,1.0241448879241943,0.2667067348957062,0.361894428730011,
1109,0.16216163337230682,0.04099936783313751,1.0338212251663208,0.26800981163978577,0.37337806820869446,
1111,0.16368936002254486,0.0404999814927578,1.0299180746078491,0.26783254742622375,0.3706675171852112,
1112,0.17077599465847015,0.04040360823273659,1.0237160921096802,0.2669333517551422,0.3689170479774475,
1113,0.16436001658439636,0.04039350524544716,1.025417685508728,0.26722660660743713,0.361083984375,
1114,0.16728907823562622,0.04031067714095116,1.0224831104278564,0.26642516255378723,0.3565531075000763,
1115,0.165733203291893,0.03998171165585518,1.0187486410140991,0.2660693824291229,0.35184404253959656,
1117,0.16220495104789734,0.04062099754810333,1.0324208736419678,0.26766207814216614,0.3722527027130127,
1118,0.16507898271083832,0.04051400348544121,1.0250312089920044,0.26640114188194275,0.3590208888053894,
1119,0.16514486074447632,0.04031594097614288,1.0222574472427368,0.26669859886169434,0.356132835149765,
1120,0.17060337960720062,0.04038805514574051,1.0239620208740234,0.2666228711605072,0.370758593082428,
1121,0.16656044125556946,0.04051147401332855,1.0271918773651123,0.2674894630908966,0.3663051426410675,
1122,0.17156600952148438,0.04026223346590996,1.021524429321289,0.2661307156085968,0.3619820177555084,
1123,0.16832266747951508,0.04022636637091637,1.0208016633987427,0.266276478767395,0.3593841791152954,
1124,0.16854535043239594,0.040072184056043625,1.023285150527954,0.266737163066864,0.36819517612457275,
1125,0.17459265887737274,0.03980833664536476,1.0156922340393066,0.26539942622184753,0.35655680298805237,0.5433782339096069
1126,0.17319336533546448,0.03972393274307251,1.014987826347351,0.26555126905441284,0.3561912178993225,
1127,0.17840874195098877,0.03967374190688133,1.0150260925292969,0.2655980885028839,0.36488664150238037,
1128,0.16803361475467682,0.04037744551897049,1.0246086120605469,0.26632004976272583,0.3653092086315155,
1129,0.17166727781295776,0.04015665128827095,1.018118977546692,0.265621155500412,0.35791724920272827,
1130,0.16368186473846436,0.04063251242041588,1.0293705463409424,0.2672550082206726,0.3695071339607239,
1131,0.16731514036655426,0.040286172181367874,1.0262809991836548,0.2671949565410614,0.36647549271583557,
1132,0.17063945531845093,0.03991375491023064,1.0121095180511475,0.2647874057292938,0.339900940656662,
1133,0.15444603562355042,0.04073785990476608,1.0307583808898926,0.26795053482055664,0.35438162088394165,
1134,0.17539642751216888,0.039752207696437836,1.0189343690872192,0.26583510637283325,0.3698321282863617,
1135,0.16933506727218628,0.040395960211753845,1.0260876417160034,0.266628623008728,0.37017735838890076,
1136,0.158547505736351,0.0406237356364727,1.0296533107757568,0.2673298716545105,0.3623167872428894,
1137,0.16860494017601013,0.0399535596370697,1.0219836235046387,0.2669009268283844,0.3655981719493866,
1138,0.16829128563404083,0.04020990431308746,1.0252233743667603,0.2671087980270386,0.37197303771972656,
1139,0.17109771072864532,0.04027831554412842,1.0244308710098267,0.26697421073913574,0.3717217445373535,
1140,0.15655940771102905,0.04071655124425888,1.0339215993881226,0.26818525791168213,0.3681788146495819,
1141,0.1635584831237793,0.04072651267051697,1.0307533740997314,0.2678593695163727,0.37098774313926697,
1142,0.16362331807613373,0.0405425988137722,1.0316373109817505,0.2675209045410156,0.3730500638484955,
1143,0.15741883218288422,0.04049312323331833,1.0308517217636108,0.2672489285469055,0.3602868616580963,
1144,0.15404760837554932,0.04092365503311157,1.0391911268234253,0.26861634850502014,0.37132617831230164,
1145,0.1609736979007721,0.04043738171458244,1.0277730226516724,0.26766398549079895,0.3598770201206207,
1146,0.165643110871315,0.04036107286810875,1.0275192260742188,0.26775142550468445,0.36894315481185913,
1147,0.16559796035289764,0.040169328451156616,1.0242925882339478,0.2666373550891876,0.36086422204971313,
1148,0.16298750042915344,0.04031159728765488,1.038960576057434,0.2687593698501587,0.39480215311050415,
1149,0.16525235772132874,0.040630556643009186,1.033729910850525,0.268289715051651,0.3830797076225281,
1150,0.16528120636940002,0.04074566438794136,1.0352975130081177,0.26880595088005066,0.3855251371860504,0.5493946671485901
1151,0.16724549233913422,0.04030291363596916,1.0228710174560547,0.2667093873023987,0.35883471369743347,
1152,0.15773895382881165,0.04104940593242645,1.0386545658111572,0.2686609923839569,0.3783264756202698,
1153,0.16869544982910156,0.04039591923356056,1.026728868484497,0.2669796943664551,0.3722513020038605,
1154,0.16328372061252594,0.04041510447859764,1.0263837575912476,0.26686665415763855,0.3625710606575012,
1155,0.1696932166814804,0.040331315249204636,1.0252251625061035,0.2670157551765442,0.3736984133720398,
1156,0.16490072011947632,0.04028097912669182,1.0248775482177734,0.2670171856880188,0.35807839035987854,
1157,0.1641470193862915,0.040856439620256424,1.0345556735992432,0.26835328340530396,0.37757736444473267,
1158,0.16052818298339844,0.04039378836750984,1.028376817703247,0.26781728863716125,0.3637910485267639,
1159,0.16496889293193817,0.04046100750565529,1.029159426689148,0.26762720942497253,0.3741174042224884,
1160,0.15875668823719025,0.040890224277973175,1.0372710227966309,0.26904651522636414,0.3787303566932678,
1161,0.15510323643684387,0.04098973795771599,1.0368279218673706,0.26875635981559753,0.36928123235702515,
1162,0.16293932497501373,0.040552977472543716,1.0285123586654663,0.2673179507255554,0.36574217677116394,
1163,0.17371848225593567,0.0402289517223835,1.0232785940170288,0.26676079630851746,0.37498781085014343,
1164,0.15773648023605347,0.04100021347403526,1.0399105548858643,0.26939377188682556,0.3821316659450531,
1165,0.16190217435359955,0.04065258055925369,1.0338945388793945,0.2683223485946655,0.37662792205810547,
1166,0.17256854474544525,0.04053990915417671,1.0331979990005493,0.2687014043331146,0.39468681812286377,
1167,0.16928540170192719,0.040112003684043884,1.0242332220077515,0.2671608030796051,0.3726513981819153,
1168,0.1609758585691452,0.04060020670294762,1.0314277410507202,0.2684703767299652,0.3694504201412201,
1169,0.1625606119632721,0.04053714871406555,1.0368025302886963,0.2686481177806854,0.3839712142944336,
1170,0.1639053076505661,0.04055798053741455,1.0337868928909302,0.2677817940711975,0.38053011894226074,
1171,0.1696939319372177,0.04014056175947189,1.025343418121338,0.2668634355068207,0.3707842528820038,
1172,0.16468743979930878,0.040441203862428665,1.0309356451034546,0.2678805887699127,0.3765246272087097,
1173,0.1704760640859604,0.04023690149188042,1.0238271951675415,0.267055869102478,0.37090927362442017,
1174,0.15166622400283813,0.04093530774116516,1.044797420501709,0.26971399784088135,0.3817134499549866,
1175,0.16199736297130585,0.04072201997041702,1.0340150594711304,0.2678346335887909,0.375409871339798,0.5578120946884155
1176,0.16569703817367554,0.040852125734090805,1.0362117290496826,0.2685765027999878,0.385906845331192,
1177,0.1615935117006302,0.04064760357141495,1.0308051109313965,0.2676362097263336,0.36992982029914856,
1178,0.1590380221605301,0.04094209522008896,1.0377025604248047,0.26876282691955566,0.3791522681713104,
1179,0.1595652848482132,0.04067586734890938,1.0412473678588867,0.26932191848754883,0.3909129798412323,
1180,0.1618645340204239,0.04084378108382225,1.0427682399749756,0.2697882354259491,0.396424800157547,
1181,0.1563735157251358,0.04077499732375145,1.0376039743423462,0.26878201961517334,0.3747248947620392,
1182,0.15876542031764984,0.04037143662571907,1.0300977230072021,0.2674199342727661,0.3634277582168579,
1184,0.1625068634748459,0.04079907014966011,1.0370360612869263,0.269751638174057,0.38293570280075073,
1185,0.16745004057884216,0.04036115109920502,1.0265841484069824,0.2673923075199127,0.37285175919532776,
1186,0.1672283411026001,0.04056498035788536,1.0288985967636108,0.26780542731285095,0.3750080466270447,
1187,0.1571718454360962,0.04087435081601143,1.0348362922668457,0.26865267753601074,0.36851605772972107,
1188,0.16049551963806152,0.04087471216917038,1.0347806215286255,0.26825979351997375,0.3737388551235199,
1189,0.1604062020778656,0.04104127362370491,1.0383632183074951,0.269639253616333,0.3827546536922455,
1190,0.16157576441764832,0.04042355716228485,1.0270538330078125,0.26717984676361084,0.36027616262435913,
1191,0.15384845435619354,0.041246891021728516,1.043210744857788,0.2697461247444153,0.37868359684944153,
1192,0.14847765862941742,0.04148031771183014,1.0515328645706177,0.2712381184101105,0.3841247260570526,
1193,0.14858675003051758,0.041198961436748505,1.0400832891464233,0.2686120271682739,0.3640901446342468,
1194,0.15805450081825256,0.04090765863656998,1.0354375839233398,0.268253892660141,0.3720025420188904,
1195,0.15512102842330933,0.041120920330286026,1.0410358905792236,0.269299179315567,0.37759703397750854,
1196,0.16494791209697723,0.04095132648944855,1.039372205734253,0.26882725954055786,0.3915119767189026,
1197,0.16077923774719238,0.04112990200519562,1.0440255403518677,0.2698938846588135,0.3949967324733734,
1198,0.16660934686660767,0.040563810616731644,1.028239369392395,0.26815614104270935,0.369724303483963,
1199,0.1616223156452179,0.040880654007196426,1.0347156524658203,0.26817479729652405,0.37512990832328796,
1200,0.15853022038936615,0.041041526943445206,1.0376248359680176,0.26857393980026245,0.37456515431404114,0.5650718212127686
1201,0.16427691280841827,0.040882062166929245,1.0356836318969727,0.26868703961372375,0.38443857431411743,
1202,0.15583698451519012,0.04130277410149574,1.0474700927734375,0.27029919624328613,0.3900779187679291,
1203,0.156495600938797,0.04109184071421623,1.0412061214447021,0.26925456523895264,0.3816535472869873,
1204,0.158773735165596,0.041016314178705215,1.0398929119110107,0.269239604473114,0.3844442069530487,
1205,0.15817493200302124,0.04072759300470352,1.0341603755950928,0.2683461308479309,0.3700646758079529,
1206,0.1541646271944046,0.040848493576049805,1.0377631187438965,0.2691632807254791,0.37409812211990356,
1207,0.14685235917568207,0.041397444903850555,1.0494879484176636,0.27039965987205505,0.3802449107170105,
1208,0.14346067607402802,0.04136249050498009,1.04662024974823,0.2702222168445587,0.37187573313713074,
1209,0.15543651580810547,0.041209518909454346,1.0447694063186646,0.26990196108818054,0.3864690661430359,
1210,0.15190286934375763,0.04134487733244896,1.050057291984558,0.27091729640960693,0.39270010590553284,
1211,0.15899667143821716,0.04095330089330673,1.0395277738571167,0.26935189962387085,0.3843119442462921,
1212,0.15781694650650024,0.04165633022785187,1.0530563592910767,0.2711358964443207,0.4064134657382965,
1213,0.1596699208021164,0.04102671891450882,1.0416914224624634,0.26983994245529175,0.39128369092941284,
1214,0.15384896099567413,0.04122210666537285,1.0470529794692993,0.27048778533935547,0.3888204097747803,
1215,0.1527199149131775,0.040980368852615356,1.039007306098938,0.2692355215549469,0.3704225420951843,
1216,0.15592314302921295,0.041056010872125626,1.0436772108078003,0.2693431079387665,0.38479292392730713,
1217,0.16625837981700897,0.040580715984106064,1.0327435731887817,0.26790738105773926,0.3836830258369446,
1218,0.16096895933151245,0.04066818952560425,1.0371989011764526,0.26879650354385376,0.38248902559280396,
1219,0.15991082787513733,0.040662139654159546,1.0376101732254028,0.26875850558280945,0.38267627358436584,
1220,0.1615496128797531,0.04063282161951065,1.0390007495880127,0.26898565888404846,0.38644149899482727,
1221,0.1653764545917511,0.04064071178436279,1.0384880304336548,0.26942873001098633,0.39335912466049194,
1222,0.1628321409225464,0.04088864102959633,1.0412890911102295,0.2692820131778717,0.39334049820899963,
1223,0.15680618584156036,0.041307758539915085,1.0451527833938599,0.26928701996803284,0.386229008436203,
1224,0.15784761309623718,0.0409306176006794,1.0371205806732178,0.26871344447135925,0.37675413489341736,
1225,0.1578722596168518,0.04130788519978523,1.0477726459503174,0.2701784074306488,0.395907461643219,0.5722203850746155
1226,0.15421181917190552,0.04096388816833496,1.0437983274459839,0.2697615921497345,0.3802359700202942,
1227,0.15897808969020844,0.04095017537474632,1.0397193431854248,0.2691989541053772,0.38368678092956543,
1228,0.16320592164993286,0.04075188562273979,1.0394465923309326,0.26930615305900574,0.39213451743125916,
1229,0.1465572714805603,0.04191625490784645,1.0642035007476807,0.2727092206478119,0.40745505690574646,
1230,0.1517036110162735,0.04109254851937294,1.0456788539886475,0.270367830991745,0.3834071755409241,
1231,0.161418154835701,0.04107140749692917,1.0405992269515991,0.26939037442207336,0.38859182596206665,
1232,0.15724603831768036,0.0412505604326725,1.04362952709198,0.26954784989356995,0.3896944224834442,
1233,0.15260019898414612,0.04116302728652954,1.0448087453842163,0.26947373151779175,0.3782733976840973,
1234,0.15507003664970398,0.041161492466926575,1.042799949645996,0.26992908120155334,0.3806838393211365,
1235,0.16179485619068146,0.04081829637289047,1.0374161005020142,0.26888763904571533,0.3801218569278717,
1236,0.15740826725959778,0.04157622903585434,1.0485295057296753,0.27076926827430725,0.39542537927627563,
1237,0.16244226694107056,0.04109639301896095,1.0439337491989136,0.27009519934654236,0.3969435691833496,
1238,0.1587962955236435,0.04100087285041809,1.0434727668762207,0.27010515332221985,0.39112502336502075,
1239,0.15883654356002808,0.04107986390590668,1.0408967733383179,0.2693258821964264,0.38146907091140747,
1240,0.16051869094371796,0.041098423302173615,1.043262004852295,0.26912811398506165,0.3875872790813446,
1241,0.15522220730781555,0.04156442731618881,1.054711937904358,0.27096027135849,0.40410035848617554,
1242,0.16076673567295074,0.041124023497104645,1.0446264743804932,0.2699224054813385,0.39239490032196045,
1243,0.15900278091430664,0.041307877749204636,1.0412677526474,0.2695062756538391,0.38427942991256714,
1244,0.16431699693202972,0.04086078703403473,1.0357472896575928,0.26857873797416687,0.3848423957824707,
1245,0.16025413572788239,0.040917251259088516,1.0377271175384521,0.2687886357307434,0.3815808892250061,
1246,0.16146411001682281,0.041066743433475494,1.041877269744873,0.26961538195610046,0.38696372509002686,
1247,0.15949226915836334,0.04108938202261925,1.0409809350967407,0.269270658493042,0.38827306032180786,
1248,0.1604052633047104,0.04126191511750221,1.0446370840072632,0.2695341110229492,0.38979464769363403,
1249,0.15860982239246368,0.04097067564725876,1.043414831161499,0.2699083387851715,0.38817864656448364,
1250,0.16361983120441437,0.04092000424861908,1.0397905111312866,0.2694736123085022,0.3915327489376068,0.5784038305282593
1251,0.1584899127483368,0.04065445065498352,1.035801887512207,0.26851290464401245,0.3730764091014862,
1252,0.15775825083255768,0.04116867482662201,1.0462373495101929,0.27009961009025574,0.39281970262527466,
1253,0.16804665327072144,0.040819257497787476,1.0355898141860962,0.26853427290916443,0.3884868919849396,
1254,0.16715754568576813,0.04066046327352524,1.0335065126419067,0.26849260926246643,0.38303297758102417,
1255,0.1660817563533783,0.04103522747755051,1.0411179065704346,0.26898011565208435,0.39542943239212036,
1256,0.16698108613491058,0.04077405482530594,1.0384334325790405,0.26929423213005066,0.3917789161205292,
1257,0.1612626165151596,0.04113692045211792,1.041958212852478,0.2699560225009918,0.39176255464553833,
1258,0.16655154526233673,0.04075106978416443,1.0370070934295654,0.2692510187625885,0.3916650712490082,
1259,0.15975449979305267,0.041141774505376816,1.0442049503326416,0.27008727192878723,0.3918694853782654,
1260,0.1599586457014084,0.04087528958916664,1.0384936332702637,0.2694222629070282,0.38056761026382446,
1261,0.1575240045785904,0.04102760925889015,1.0458430051803589,0.2697654664516449,0.39197221398353577,
1262,0.16725146770477295,0.04069583863019943,1.0327705144882202,0.2685319483280182,0.3851360082626343,
1263,0.1587619185447693,0.04117535054683685,1.0434722900390625,0.2698066532611847,0.38740023970603943,
1264,0.16005267202854156,0.040868598967790604,1.0434396266937256,0.27028289437294006,0.39273351430892944,
1265,0.15294615924358368,0.041202906519174576,1.0458130836486816,0.26998457312583923,0.38572099804878235,
1266,0.16485510766506195,0.04100397601723671,1.0431140661239624,0.2699398696422577,0.3968590199947357,
1267,0.15440672636032104,0.04146571084856987,1.0492521524429321,0.27040940523147583,0.3925955891609192,
1268,0.15892577171325684,0.04160769656300545,1.0517748594284058,0.2712976634502411,0.4044734835624695,
1269,0.15803135931491852,0.041077349334955215,1.0438405275344849,0.27015015482902527,0.3880692422389984,
1270,0.1605902761220932,0.04096989333629608,1.0397896766662598,0.269674152135849,0.3861255943775177,
1271,0.15511585772037506,0.040915634483098984,1.0388646125793457,0.2695401608943939,0.3747533857822418,
1272,0.16062073409557343,0.04087714105844498,1.0393462181091309,0.2697691023349762,0.3866550326347351,
1273,0.1668047457933426,0.04073386266827583,1.037564992904663,0.26918765902519226,0.3902457058429718,
1274,0.16335125267505646,0.04109615087509155,1.0440021753311157,0.2702299654483795,0.3994642198085785,
1275,,,,,,0.5860782861709595
1276,0.1582520604133606,0.041102807968854904,1.0452910661697388,0.27080586552619934,0.3928075134754181,
1277,0.1694253832101822,0.04084586724638939,1.0410709381103516,0.26998230814933777,0.4041961431503296,
1278,0.16964179277420044,0.04051055759191513,1.0334140062332153,0.269090861082077,0.3877209722995758,
1279,0.16230162978172302,0.04042346403002739,1.0306981801986694,0.26837581396102905,0.37166735529899597,
1280,0.16593238711357117,0.04073532298207283,1.0347524881362915,0.26877906918525696,0.3819063901901245,
1281,0.17089058458805084,0.040398407727479935,1.0282549858093262,0.2681713402271271,0.3795526325702667,
1282,0.17181864380836487,0.040272846817970276,1.0252904891967773,0.26759618520736694,0.3701530396938324,
1283,0.15722769498825073,0.04118756204843521,1.0459415912628174,0.27090945839881897,0.38813158869743347,
1284,0.16879642009735107,0.04052427038550377,1.0309756994247437,0.26843738555908203,0.37918999791145325,
1285,0.17410732805728912,0.04073202982544899,1.0314140319824219,0.26832205057144165,0.3902038335800171,
1286,0.1680753529071808,0.040779631584882736,1.0370681285858154,0.26901718974113464,0.390169620513916,
1287,0.16736365854740143,0.04103979468345642,1.0418025255203247,0.2703370749950409,0.40086814761161804,
1288,0.1611899882555008,0.04108646512031555,1.0397123098373413,0.26998719573020935,0.3824061453342438,
1289,0.16125644743442535,0.041370607912540436,1.047648549079895,0.2711384892463684,0.399774432182312,
1290,0.1595679670572281,0.0408150739967823,1.0363088846206665,0.2694714069366455,0.37386757135391235,
1291,0.1718483865261078,0.040926091372966766,1.0393433570861816,0.2696181833744049,0.4002379775047302,
1292,0.16995373368263245,0.04097673296928406,1.042752981185913,0.2696973979473114,0.4088990092277527,
1293,0.16789467632770538,0.0409541130065918,1.0387895107269287,0.26955586671829224,0.39212748408317566,
1294,0.16436220705509186,0.04093169793486595,1.0406116247177124,0.2698267698287964,0.39373892545700073,
1295,0.16933250427246094,0.04067285731434822,1.0350462198257446,0.26934224367141724,0.39318183064460754,
1296,0.16749733686447144,0.040856827050447464,1.0349324941635132,0.2691618800163269,0.38143593072891235,
1297,0.1738768219947815,0.040674950927495956,1.035088300704956,0.2688842713832855,0.39865174889564514,
1298,0.17109929025173187,0.04087768495082855,1.0399448871612549,0.2705034911632538,0.40040016174316406,
1299,0.1717871129512787,0.040934380143880844,1.0396678447723389,0.2704889476299286,0.4056645631790161,
1300,0.16511598229408264,0.041187308728694916,1.046797513961792,0.2706114649772644,0.4077410101890564,0.5919259190559387
1301,0.1654607057571411,0.04079992696642876,1.0390268564224243,0.2697414457798004,0.3939170241355896,
1302,0.16461914777755737,0.04083551838994026,1.037496566772461,0.2693852186203003,0.3872337341308594,
1303,0.1636497527360916,0.0407884381711483,1.0349303483963013,0.269142746925354,0.38232362270355225,
1304,0.17739133536815643,0.040591031312942505,1.031956434249878,0.2692667841911316,0.3979281783103943,
1305,0.17169202864170074,0.04071506857872009,1.0362880229949951,0.26950353384017944,0.39389556646347046,
1306,0.16541244089603424,0.04091370478272438,1.0397143363952637,0.26984238624572754,0.39436954259872437,
1307,0.16820330917835236,0.04075732082128525,1.0374284982681274,0.26944413781166077,0.39102083444595337,
1308,0.16431847214698792,0.04065747931599617,1.0336405038833618,0.269281804561615,0.377316415309906,
1309,0.1596502810716629,0.04096253961324692,1.0426466464996338,0.27039727568626404,0.3906410038471222,
1310,0.16687847673892975,0.040548987686634064,1.0331181287765503,0.2690631151199341,0.38616499304771423,
1311,0.16089417040348053,0.04076772555708885,1.0395210981369019,0.2697497606277466,0.38303935527801514,
1313,0.17106325924396515,0.040821000933647156,1.0423368215560913,0.27016714215278625,0.40922197699546814,
1314,0.16379106044769287,0.041058555245399475,1.044130802154541,0.2706103026866913,0.40379902720451355,
1315,0.1562737226486206,0.041210271418094635,1.050412654876709,0.2714691758155823,0.3967086672782898,
1316,0.16399459540843964,0.041025158017873764,1.0437387228012085,0.26992785930633545,0.3957030177116394,
1317,0.1678522378206253,0.04081547260284424,1.0390524864196777,0.27014151215553284,0.3974990248680115,
1318,0.17592348158359528,0.0405871719121933,1.0360299348831177,0.26949143409729004,0.4028089642524719,
1319,0.1689162701368332,0.04100712016224861,1.0367953777313232,0.26938343048095703,0.39202508330345154,
1320,0.1683691143989563,0.04067870229482651,1.0391638278961182,0.269957572221756,0.39888855814933777,
1321,0.16853488981723785,0.04063000902533531,1.0359578132629395,0.26893410086631775,0.3924148678779602,
1322,0.1641683578491211,0.04074931889772415,1.0397619009017944,0.2699373662471771,0.39200839400291443,
1323,0.16260550916194916,0.04095232114195824,1.0432511568069458,0.2698398232460022,0.39472079277038574,
1324,0.1681937277317047,0.04113965108990669,1.044723391532898,0.2707807719707489,0.4078060984611511,
1325,0.15988510847091675,0.041453585028648376,1.054848313331604,0.2718918025493622,0.412880539894104,0.5978384017944336
1326,0.16574057936668396,0.04107438772916794,1.044885516166687,0.2702096402645111,0.40140077471733093,
1327,0.15993937849998474,0.041716646403074265,1.058006763458252,0.27254679799079895,0.41681143641471863,
1328,0.1667194366455078,0.041010838001966476,1.0422136783599854,0.2700773775577545,0.39789825677871704,
1329,0.16150899231433868,0.0409068763256073,1.0387094020843506,0.2698637545108795,0.38193202018737793,
1330,0.16272775828838348,0.04108805954456329,1.0455037355422974,0.270548015832901,0.39874887466430664,
1331,0.16533717513084412,0.040537454187870026,1.035222053527832,0.26905712485313416,0.38547152280807495,
1332,0.1612018495798111,0.041085127741098404,1.040595293045044,0.2703188359737396,0.385042279958725,
1333,0.1681116372346878,0.04098673164844513,1.0381642580032349,0.27039721608161926,0.3938441276550293,
1334,0.16930225491523743,0.040810439735651016,1.0404084920883179,0.27032145857810974,0.4006407856941223,
1336,0.1678730845451355,0.041109584271907806,1.0472586154937744,0.2706567645072937,0.4156871438026428,
1337,0.16776098310947418,0.04126306623220444,1.0489625930786133,0.2713640332221985,0.4117518663406372,
1338,0.1667436957359314,0.040871068835258484,1.0411525964736938,0.27019864320755005,0.3985568881034851,
1339,0.17214320600032806,0.0410187765955925,1.0428887605667114,0.2709238827228546,0.41037461161613464,
1340,0.17217470705509186,0.04069770500063896,1.039345145225525,0.26993614435195923,0.4026414752006531,
1341,0.17150269448757172,0.04061198607087135,1.0364429950714111,0.2700936198234558,0.3965419828891754,
1342,0.16632011532783508,0.04093498736619949,1.0447686910629272,0.2706148326396942,0.4023093283176422,
1343,0.16936911642551422,0.04079292714595795,1.0406113862991333,0.26979726552963257,0.39985212683677673,
1344,0.17467711865901947,0.040749676525592804,1.0395598411560059,0.27046775817871094,0.4068508744239807,
1346,0.164811372756958,0.041022609919309616,1.0474797487258911,0.27138328552246094,0.4065200388431549,
1347,0.16805003583431244,0.04073980823159218,1.0391968488693237,0.2702135145664215,0.39745408296585083,
1349,0.17084568738937378,0.04053987190127373,1.0364298820495605,0.2697393298149109,0.3936466574668884,
1350,0.17439962923526764,0.040140070021152496,1.0293275117874146,0.26829850673675537,0.38683637976646423,0.6028652191162109
1351,0.16683842241764069,0.0408531129360199,1.047757863998413,0.2711600959300995,0.4079323709011078,
1352,0.16653621196746826,0.04075922071933746,1.0403046607971191,0.27014902234077454,0.3931508958339691,
1353,0.16696126759052277,0.040780965238809586,1.0407224893569946,0.2699993848800659,0.3985332250595093,
1354,0.16417838633060455,0.04080560430884361,1.0376098155975342,0.2697208523750305,0.3841492831707001,
1355,0.16642427444458008,0.04130131006240845,1.0556033849716187,0.27209553122520447,0.4233987331390381,
1356,0.16590538620948792,0.04097779095172882,1.045548439025879,0.2709634602069855,0.40695807337760925,
1357,0.1664094477891922,0.04084523394703865,1.043541669845581,0.27046141028404236,0.4015282988548279,
1358,0.1711355596780777,0.04087745398283005,1.046370029449463,0.2711343467235565,0.412810355424881,
1359,0.16703180968761444,0.04112890735268593,1.0537415742874146,0.2723405063152313,0.4207826554775238,
1360,0.16526834666728973,0.04077722877264023,1.0433597564697266,0.2704191207885742,0.3956955671310425,
1361,0.16476421058177948,0.041511420160532,1.0559611320495605,0.27236154675483704,0.420394629240036,
1362,0.17166486382484436,0.041045088320970535,1.0434752702713013,0.27111297845840454,0.40723374485969543,
1363,0.15725494921207428,0.041200317442417145,1.0478878021240234,0.27121078968048096,0.3933298587799072,
1364,0.16051074862480164,0.041060518473386765,1.0442450046539307,0.2712532877922058,0.39479368925094604,
1365,0.16425196826457977,0.04089873284101486,1.0398461818695068,0.2698918581008911,0.39219436049461365,
1366,0.1686214804649353,0.04080387204885483,1.0424901247024536,0.27058812975883484,0.40480005741119385,
1367,0.16715367138385773,0.04111122339963913,1.0478429794311523,0.2719440460205078,0.4146348536014557,
1369,0.15636077523231506,0.04102688655257225,1.046684980392456,0.2710789442062378,0.39077290892601013,
1370,0.16917312145233154,0.04066544771194458,1.0419620275497437,0.27044740319252014,0.40527281165122986,
1371,0.1617860645055771,0.04088911414146423,1.0451247692108154,0.2708755135536194,0.4001159965991974,
1372,0.17102785408496857,0.040743403136730194,1.0393638610839844,0.2696719169616699,0.40339410305023193,
1373,0.16667215526103973,0.04094782844185829,1.040250301361084,0.27007371187210083,0.3949160575866699,
1374,0.17528216540813446,0.040639765560626984,1.0358166694641113,0.2692984938621521,0.4016648828983307,
1375,0.17794492840766907,0.04040563851594925,1.0315749645233154,0.2692902982234955,0.39984193444252014,0.6079974174499512
1376,0.17832067608833313,0.04028880223631859,1.033746361732483,0.2690525949001312,0.40414267778396606,
1378,0.16865530610084534,0.04116418957710266,1.0474625825881958,0.27114012837409973,0.406795859336853,
1379,0.17433755099773407,0.04062672704458237,1.0351369380950928,0.2700220048427582,0.4007280468940735,
1380,0.16466331481933594,0.04132211580872536,1.052916407585144,0.27207762002944946,0.4151122272014618,
1381,0.17492400109767914,0.04054472967982292,1.0383615493774414,0.27005138993263245,0.4083392024040222,
1382,0.17771978676319122,0.040566302835941315,1.0393856763839722,0.2704218029975891,0.41634735465049744,
1383,0.1674705296754837,0.04073099046945572,1.0401381254196167,0.27006348967552185,0.3980847895145416,
1384,0.172789067029953,0.04088064283132553,1.0423065423965454,0.2702156901359558,0.4107939898967743,
1385,0.1722480058670044,0.040741682052612305,1.0414276123046875,0.27071413397789,0.40893635153770447,
1386,0.17352835834026337,0.04049471765756607,1.035487174987793,0.27007490396499634,0.3974325954914093,
1388,0.17258307337760925,0.04056689143180847,1.0359658002853394,0.2699624001979828,0.3970174491405487,
1389,0.17071625590324402,0.04052501916885376,1.0380240678787231,0.26995065808296204,0.39623358845710754,
1390,0.1700775921344757,0.040584154427051544,1.0341731309890747,0.2694309651851654,0.3893906772136688,
1391,0.1742842048406601,0.04045442119240761,1.0357177257537842,0.26982367038726807,0.4002540409564972,
1392,0.17518837749958038,0.040674883872270584,1.0391353368759155,0.2703688442707062,0.4059944748878479,
1393,0.16791515052318573,0.04049228876829147,1.0348039865493774,0.2699914872646332,0.38792064785957336,
1394,0.17188410460948944,0.040885910391807556,1.043792724609375,0.27126678824424744,0.40823397040367126,
1395,0.16926102340221405,0.040827617049217224,1.0439879894256592,0.2709807753562927,0.4066494107246399,
1396,0.17468225955963135,0.04073497653007507,1.040830373764038,0.2701127529144287,0.4082719385623932,
1397,0.16942225396633148,0.04102461040019989,1.044839859008789,0.2711371183395386,0.40727609395980835,
1398,0.17440319061279297,0.04080306738615036,1.0418552160263062,0.27053868770599365,0.4105839133262634,
1399,0.16990502178668976,0.04075758531689644,1.042519450187683,0.27061784267425537,0.40347546339035034,
1400,0.16970036923885345,0.040588099509477615,1.0400521755218506,0.2703040838241577,0.4000120162963867,0.6118605732917786
1401,0.1630476713180542,0.0405738539993763,1.040238618850708,0.2702994644641876,0.38865768909454346,
1402,0.1794661283493042,0.04062366858124733,1.0357657670974731,0.27013465762138367,0.409789502620697,
1403,0.16421033442020416,0.0409013032913208,1.0476891994476318,0.27143460512161255,0.4042705297470093,
1404,0.16872958838939667,0.04115736484527588,1.0439568758010864,0.2713068723678589,0.40525734424591064,
1405,0.16720646619796753,0.04101387411355972,1.0433616638183594,0.270456999540329,0.40124693512916565,
1406,0.17047394812107086,0.0411272868514061,1.0473915338516235,0.27178269624710083,0.4150940775871277,
1407,0.16545774042606354,0.04085305333137512,1.0434948205947876,0.2713797390460968,0.3993181586265564,
1408,0.16903671622276306,0.04088592529296875,1.043332815170288,0.2701433598995209,0.40707582235336304,
1409,0.17569537460803986,0.04093305766582489,1.042427659034729,0.2710113525390625,0.414012610912323,
1410,0.17381328344345093,0.040814656764268875,1.0395584106445312,0.2703717052936554,0.40818384289741516,
1411,0.17148731648921967,0.0408470556139946,1.043316125869751,0.2706287205219269,0.4091154932975769,
1412,0.1668577790260315,0.041186004877090454,1.0476694107055664,0.27193593978881836,0.4107458293437958,
1413,0.1643308401107788,0.04117560759186745,1.0508991479873657,0.27221834659576416,0.41066980361938477,
1414,0.1636047661304474,0.04147503897547722,1.056532621383667,0.2726901173591614,0.4201773703098297,
1415,0.16258995234966278,0.04123350605368614,1.0530072450637817,0.2727157175540924,0.41441792249679565,
1416,0.17229731380939484,0.04076889529824257,1.0406320095062256,0.27030909061431885,0.4052586257457733,
1417,0.1700875163078308,0.040678512305021286,1.0379794836044312,0.2706521451473236,0.3977717459201813,
1418,0.1626216620206833,0.04127204418182373,1.0496164560317993,0.2720615863800049,0.406486839056015,
1419,0.16403944790363312,0.041371945291757584,1.0537598133087158,0.2727258503437042,0.41765567660331726,
1420,0.1664591282606125,0.04097538813948631,1.0471688508987427,0.27182450890541077,0.41045811772346497,
1421,0.16920027136802673,0.040684908628463745,1.0433237552642822,0.2710230052471161,0.4086330235004425,
1422,0.17966599762439728,0.04041166976094246,1.037100911140442,0.27056387066841125,0.4123091995716095,
1423,0.1697959452867508,0.040908582508563995,1.0433628559112549,0.27098530530929565,0.4068877398967743,
1424,0.16658785939216614,0.04107435420155525,1.0487383604049683,0.2719235122203827,0.4111798405647278,
1425,0.16891539096832275,0.04071427136659622,1.044295310974121,0.27055561542510986,0.40800580382347107,0.6157406568527222
1426,0.171320378780365,0.040773436427116394,1.0406993627548218,0.2703838348388672,0.4070504903793335,
1427,0.17014406621456146,0.040985848754644394,1.0455718040466309,0.2717175781726837,0.414065420627594,
1428,0.17061620950698853,0.040881749242544174,1.0437785387039185,0.2708165645599365,0.4118649661540985,
1429,0.17707353830337524,0.04057105630636215,1.0375744104385376,0.27013421058654785,0.41126179695129395,
1430,0.16654862463474274,0.041265819221735,1.057578444480896,0.2736629247665405,0.4291430413722992,
1431,0.1771593689918518,0.04039599746465683,1.033623218536377,0.2694871127605438,0.39925727248191833,
1432,0.17390301823616028,0.04082441329956055,1.0440469980239868,0.2710566222667694,0.4144151508808136,
1433,0.16582322120666504,0.04102292284369469,1.051015019416809,0.2719470262527466,0.41278886795043945,
1434,0.17565278708934784,0.04074186831712723,1.045127034187317,0.2713625431060791,0.420274555683136,
1435,0.16528823971748352,0.041205763816833496,1.0580625534057617,0.27375486493110657,0.4256960153579712,
1436,0.1784803420305252,0.040461570024490356,1.0362069606781006,0.27015042304992676,0.404385507106781,
1437,0.1692056953907013,0.04092675447463989,1.0509624481201172,0.27208778262138367,0.4210642874240875,
1438,0.17211738228797913,0.040859341621398926,1.0446193218231201,0.2713756561279297,0.41400283575057983,
1439,0.17120282351970673,0.041218508034944534,1.0506844520568848,0.2725798189640045,0.42617344856262207,
1440,0.17387965321540833,0.04076434671878815,1.038720965385437,0.27006667852401733,0.4066286087036133,
1441,0.17396481335163116,0.04063395410776138,1.0419344902038574,0.27060168981552124,0.4143792390823364,
1442,0.1775328665971756,0.04060687869787216,1.0387431383132935,0.270721971988678,0.4133302867412567,
1443,0.1709323674440384,0.040675658732652664,1.0375454425811768,0.270795613527298,0.3997043967247009,
1444,0.15754421055316925,0.04106223210692406,1.0373218059539795,0.26847249269485474,0.3705066740512848,
1445,0.15675713121891022,0.04107227921485901,1.0498625040054321,0.27222880721092224,0.40165582299232483,
1446,0.16898617148399353,0.0409504733979702,1.0463334321975708,0.27180880308151245,0.4132823944091797,
1447,0.16853857040405273,0.041129015386104584,1.053389310836792,0.27256473898887634,0.425498366355896,
1448,0.16629761457443237,0.04122782498598099,1.050573468208313,0.2725850045681,0.4180745482444763,
1449,0.16644099354743958,0.04102537781000137,1.0496214628219604,0.2718314826488495,0.41143134236335754,
1450,0.16505904495716095,0.0406189039349556,1.0384998321533203,0.2704201340675354,0.3910749554634094,0.6209182143211365
1451,0.16726261377334595,0.04103510081768036,1.045172095298767,0.2716066539287567,0.40733346343040466,
1452,0.1683940887451172,0.04085538536310196,1.0449844598770142,0.27108636498451233,0.4114531874656677,
1453,0.17395274341106415,0.04117279127240181,1.0496716499328613,0.27266404032707214,0.4269638657569885,
1454,0.16854755580425262,0.040862444788217545,1.0435434579849243,0.2712216079235077,0.4055071771144867,
1455,0.16619928181171417,0.04091591760516167,1.0453245639801025,0.2714347541332245,0.409300833940506,
1456,0.16807711124420166,0.040934041142463684,1.046787142753601,0.2717321217060089,0.4116455316543579,
1457,0.1679498553276062,0.040954798460006714,1.0469694137573242,0.2719036042690277,0.41289007663726807,
1458,0.1671268492937088,0.0410434864461422,1.0473231077194214,0.2724095284938812,0.4102993309497833,
1459,0.1718253642320633,0.040872614830732346,1.0433800220489502,0.27123600244522095,0.4113207757472992,
1460,0.17146742343902588,0.04102832078933716,1.0499714612960815,0.27255338430404663,0.4233248233795166,
1461,0.17667174339294434,0.04054196551442146,1.0373668670654297,0.27029433846473694,0.40704500675201416,
1462,0.16945351660251617,0.04074260592460632,1.0460401773452759,0.27176690101623535,0.4111439287662506,
1463,0.176301971077919,0.040318846702575684,1.033010482788086,0.2694794833660126,0.40047362446784973,
1464,0.17116422951221466,0.04080209881067276,1.04459810256958,0.270521342754364,0.4132329225540161,
1465,0.17177410423755646,0.04065430909395218,1.0382804870605469,0.2702806890010834,0.4047127962112427,
1466,0.1753990650177002,0.040567271411418915,1.0383402109146118,0.270341694355011,0.40994709730148315,
1467,0.172113835811615,0.04055844992399216,1.0387245416641235,0.2707171142101288,0.40645450353622437,
1468,0.16924701631069183,0.040971312671899796,1.0492538213729858,0.2720910310745239,0.419867604970932,
1469,0.16969722509384155,0.04103356599807739,1.0496408939361572,0.2720772922039032,0.42059963941574097,
1470,0.1722506731748581,0.04074178636074066,1.044708251953125,0.27148982882499695,0.4163939356803894,
1471,0.16875781118869781,0.041116222739219666,1.0505640506744385,0.27240294218063354,0.4234543740749359,
1472,0.16501587629318237,0.04113027825951576,1.0523308515548706,0.2729025185108185,0.4200098514556885,
1474,0.1696614772081375,0.040905166417360306,1.043280839920044,0.2710912227630615,0.40896016359329224,
1475,0.1683662235736847,0.04122302681207657,1.0541099309921265,0.27311235666275024,0.42449596524238586,0.6253289580345154
1476,0.16231676936149597,0.04135281965136528,1.055181860923767,0.27306708693504333,0.4173930883407593,
1477,0.17458176612854004,0.041020717471838,1.0484970808029175,0.27249643206596375,0.426091730594635,
1478,0.1652350127696991,0.04115903750061989,1.0580599308013916,0.27354729175567627,0.430542916059494,
1479,0.16998983919620514,0.041181761771440506,1.0532914400100708,0.27257928252220154,0.42668604850769043,
1480,0.1730535328388214,0.0408327579498291,1.0460962057113647,0.2720728814601898,0.42191484570503235,
1481,0.17201370000839233,0.0407537966966629,1.0414328575134277,0.271086186170578,0.4031224846839905,
1482,0.17497296631336212,0.04091086611151695,1.044374704360962,0.2714225649833679,0.41949889063835144,
1483,0.17471033334732056,0.04073777049779892,1.0427212715148926,0.2714134454727173,0.4165336787700653,
1484,0.1740327775478363,0.04079601168632507,1.04702627658844,0.2720065712928772,0.42338430881500244,
1485,0.17429141700267792,0.041101958602666855,1.0506744384765625,0.27163970470428467,0.4302464723587036,
1486,0.17568014562129974,0.04085974395275116,1.0429086685180664,0.2710203528404236,0.4169139266014099,
1487,0.17487818002700806,0.041107408702373505,1.046926498413086,0.2718811631202698,0.4228705167770386,
1488,0.17247076332569122,0.04096581041812897,1.046255350112915,0.27211880683898926,0.416347473859787,
1489,0.18124650418758392,0.04037671536207199,1.0342379808425903,0.27051132917404175,0.4137170612812042,
1490,0.16962987184524536,0.041143596172332764,1.050411343574524,0.27248287200927734,0.42113155126571655,
1491,0.16537398099899292,0.04158506169915199,1.0566140413284302,0.2728767395019531,0.4233652949333191,
1492,0.1654505580663681,0.041438642889261246,1.0541969537734985,0.27225637435913086,0.42128801345825195,
1493,0.1704723834991455,0.041232332587242126,1.0525226593017578,0.2724077105522156,0.42757508158683777,
1494,0.17311543226242065,0.04091641306877136,1.0448988676071167,0.2711606025695801,0.41398054361343384,
1495,0.17978745698928833,0.04113197699189186,1.050505518913269,0.27230051159858704,0.43986523151397705,
1496,0.1745617389678955,0.0409969761967659,1.0460350513458252,0.2716377377510071,0.42262181639671326,
1497,0.17846772074699402,0.04061290621757507,1.037716269493103,0.26999837160110474,0.4110228419303894,
1498,0.17704935371875763,0.04055018723011017,1.0349164009094238,0.27053341269493103,0.40677446126937866,
1499,0.17122969031333923,0.0410129651427269,1.0460275411605835,0.2719571888446808,0.41921794414520264,
1500,0.17396481335163116,0.04098566994071007,1.047954797744751,0.2720246911048889,0.42696988582611084,0.6301186084747314
1501,0.17698924243450165,0.040892988443374634,1.0450444221496582,0.2722356915473938,0.42513173818588257,
1502,0.17248541116714478,0.04083967208862305,1.0435177087783813,0.2715364992618561,0.4135924279689789,
1503,0.16696299612522125,0.04123523458838463,1.0547077655792236,0.2727413475513458,0.4234643280506134,
1504,0.1782282292842865,0.04093426838517189,1.0457097291946411,0.27184227108955383,0.4240369200706482,
1505,0.166510209441185,0.040841929614543915,1.0503290891647339,0.2727150022983551,0.41660189628601074,
1506,0.1674150824546814,0.04111097380518913,1.051132321357727,0.27305158972740173,0.42089948058128357,
1507,0.16957689821720123,0.04082788899540901,1.0471771955490112,0.27198702096939087,0.41462430357933044,
1508,0.16750723123550415,0.040964752435684204,1.0505751371383667,0.27232104539871216,0.41727298498153687,
1509,0.17367427051067352,0.04071342945098877,1.045397162437439,0.2721121609210968,0.41663289070129395,
1510,0.1724473536014557,0.04092292860150337,1.0466862916946411,0.2720053791999817,0.4210333526134491,
1511,0.164582759141922,0.04140103608369827,1.055069923400879,0.2732046842575073,0.4195936918258667,
1512,0.1657475382089615,0.04121878743171692,1.0506668090820312,0.27246224880218506,0.4170476496219635,
1513,0.15959638357162476,0.04119020327925682,1.0541762113571167,0.2731592059135437,0.40846773982048035,
1514,0.17128188908100128,0.04084087163209915,1.0439475774765015,0.27126961946487427,0.4105091989040375,
1515,0.17326588928699493,0.040900349617004395,1.0446606874465942,0.27138397097587585,0.4140916168689728,
1516,0.17718355357646942,0.04083224758505821,1.0443204641342163,0.2713184952735901,0.4217890799045563,
1517,0.1759537011384964,0.040467943996191025,1.0375031232833862,0.27044981718063354,0.4093635082244873,
1518,0.17348478734493256,0.04124412685632706,1.0542274713516235,0.272943913936615,0.4323056936264038,
1519,0.16703268885612488,0.04104078188538551,1.0512992143630981,0.2723250985145569,0.4192030131816864,
1520,0.17694811522960663,0.04084889963269234,1.0437307357788086,0.27121502161026,0.4203799068927765,
1521,0.18025487661361694,0.040649913251399994,1.0424466133117676,0.2717205286026001,0.4281619191169739,
1522,0.16658124327659607,0.04119272530078888,1.051194429397583,0.2723499536514282,0.4149862229824066,
1523,0.17143580317497253,0.04102783650159836,1.050626516342163,0.27231720089912415,0.4272012710571289,
1524,0.17415772378444672,0.04104156792163849,1.0468330383300781,0.27255651354789734,0.420376181602478,
1525,0.1697959005832672,0.04098757728934288,1.0483499765396118,0.27149686217308044,0.41406744718551636,0.6352761387825012
1526,0.17600293457508087,0.04074898362159729,1.045336127281189,0.2722299098968506,0.4228367805480957,
1527,0.17424316704273224,0.040617935359478,1.0425161123275757,0.27180856466293335,0.4151889681816101,
1528,0.17339082062244415,0.04083642363548279,1.0442255735397339,0.2718365490436554,0.4165596067905426,
1529,0.17079858481884003,0.0408039316534996,1.0465348958969116,0.2718435227870941,0.4169541597366333,
1530,0.17548224329948425,0.041081320494413376,1.0529876947402954,0.2731706202030182,0.43689849972724915,
1531,0.17352163791656494,0.04064750671386719,1.0472559928894043,0.27185389399528503,0.4234964847564697,
1532,0.16927559673786163,0.04091054946184158,1.048925518989563,0.2722979784011841,0.41810932755470276,
1533,0.1724948137998581,0.040806859731674194,1.0442756414413452,0.27196595072746277,0.415277898311615,
1534,0.17204993963241577,0.04081795737147331,1.0450847148895264,0.27218306064605713,0.4150557219982147,
1535,0.1697036176919937,0.04110110178589821,1.0516564846038818,0.2729465961456299,0.4231340289115906,
1537,0.1766204535961151,0.04107353836297989,1.0499993562698364,0.272718608379364,0.43258246779441833,
1538,0.172435462474823,0.04091404750943184,1.0448200702667236,0.2714025676250458,0.41311198472976685,
1539,0.16987523436546326,0.04105463624000549,1.0521389245986938,0.2734191119670868,0.4223242700099945,
1540,0.17588718235492706,0.04037261754274368,1.0375499725341797,0.27080458402633667,0.4093203842639923,
1541,0.17742004990577698,0.04050986468791962,1.038636326789856,0.2709181308746338,0.413358211517334,
1542,0.17685918509960175,0.040812667459249496,1.0484591722488403,0.271742582321167,0.42734721302986145,
1543,0.17646963894367218,0.04057995229959488,1.0430715084075928,0.27210769057273865,0.4207058548927307,
1544,0.17577318847179413,0.040742289274930954,1.0447214841842651,0.272090882062912,0.4207058250904083,
1545,0.18102100491523743,0.040526989847421646,1.0393098592758179,0.2711528241634369,0.41696467995643616,
1546,0.18075281381607056,0.040686123073101044,1.0415630340576172,0.2711794376373291,0.423208624124527,
1547,0.17212462425231934,0.04077346995472908,1.0453203916549683,0.2718115448951721,0.4167623221874237,
1548,0.17954684793949127,0.040543362498283386,1.0381628274917603,0.2707441747188568,0.415851891040802,
1549,0.18048764765262604,0.04056638106703758,1.038060188293457,0.27144190669059753,0.4164642095565796,
1550,0.17653833329677582,0.04030376672744751,1.0370309352874756,0.2705520987510681,0.40736502408981323,0.637530505657196
1551,0.17804406583309174,0.04079711064696312,1.0475165843963623,0.27179691195487976,0.4301578104496002,
1552,0.17746025323867798,0.04069678112864494,1.0425972938537598,0.271696001291275,0.4198184013366699,
1553,0.1757546365261078,0.04081244766712189,1.0438085794448853,0.2714484632015228,0.4195452928543091,
1554,0.1730577051639557,0.041124407202005386,1.0477815866470337,0.27217772603034973,0.4244000315666199,
1555,0.17463418841362,0.041067950427532196,1.0488474369049072,0.27207809686660767,0.42517805099487305,
1556,0.17475950717926025,0.0410117506980896,1.0477346181869507,0.2722657322883606,0.4255959093570709,
1557,0.17767702043056488,0.041038792580366135,1.0506662130355835,0.2726512849330902,0.4362843930721283,
1558,0.173080176115036,0.04056548327207565,1.043496012687683,0.27103540301322937,0.4117858111858368,
1559,0.17526118457317352,0.04105366766452789,1.0527688264846802,0.2725568413734436,0.4362795352935791,
1560,0.1688195765018463,0.040892742574214935,1.0483286380767822,0.27184242010116577,0.4164086580276489,
1561,0.16443336009979248,0.040891725569963455,1.0527806282043457,0.2727780342102051,0.41876718401908875,
1562,0.18039463460445404,0.04033038392663002,1.035760521888733,0.2707075774669647,0.4134325683116913,
1563,0.18487447500228882,0.04050393030047417,1.0433706045150757,0.2717697024345398,0.43360424041748047,
1564,0.16647404432296753,0.04101166874170303,1.0513648986816406,0.27247393131256104,0.41993430256843567,
1565,0.18269744515419006,0.04058939963579178,1.0405149459838867,0.2712865471839905,0.42441630363464355,
1566,0.17157895863056183,0.041166119277477264,1.0549426078796387,0.2731424570083618,0.43425312638282776,
1567,0.17885427176952362,0.040624044835567474,1.0443971157073975,0.27219924330711365,0.4280816912651062,
1568,0.17480096220970154,0.040560733526945114,1.0445786714553833,0.27209290862083435,0.41935843229293823,
1569,0.18747714161872864,0.04059639945626259,1.0440958738327026,0.27203425765037537,0.4442308247089386,
1570,0.17900656163692474,0.04034063592553139,1.0370125770568848,0.27089381217956543,0.4114328622817993,
1572,0.1753474771976471,0.04111558943986893,1.051079273223877,0.272417813539505,0.42941561341285706,
1573,0.1742415726184845,0.04112960770726204,1.0530848503112793,0.27235639095306396,0.4344838857650757,
1574,0.18060216307640076,0.04096357524394989,1.0484681129455566,0.2726364731788635,0.43783044815063477,
1575,0.18442076444625854,0.040631502866744995,1.0423786640167236,0.27151989936828613,0.4317777752876282,0.6415610313415527
1576,0.17954882979393005,0.04064476862549782,1.0446536540985107,0.2719150185585022,0.42828381061553955,
1577,0.184020534157753,0.04066060855984688,1.04047429561615,0.2713724374771118,0.42998799681663513,
1578,0.18077072501182556,0.04106687381863594,1.0526628494262695,0.2728375494480133,0.4431796967983246,
1579,0.1856255978345871,0.04025191068649292,1.0361640453338623,0.27059125900268555,0.42509981989860535,
1580,0.18105971813201904,0.04053725674748421,1.043613076210022,0.272341787815094,0.4307490289211273,
1581,0.17213904857635498,0.041186243295669556,1.0551576614379883,0.27323582768440247,0.4343052804470062,
1582,0.17943063378334045,0.04101390391588211,1.051485300064087,0.2727247476577759,0.4440228343009949,
1583,0.18197916448116302,0.04071822017431259,1.0433965921401978,0.2715862989425659,0.4284552037715912,
1584,0.18457910418510437,0.04030444100499153,1.0381184816360474,0.27065709233283997,0.42631515860557556,
1585,0.1834971159696579,0.04017763212323189,1.0327435731887817,0.26983916759490967,0.4108293652534485,
1586,0.18100574612617493,0.04047109931707382,1.0419907569885254,0.2714214622974396,0.4253072738647461,
1587,0.18882392346858978,0.040021952241659164,1.028861403465271,0.2695696949958801,0.41193652153015137,
1588,0.18457184731960297,0.040245216339826584,1.0348178148269653,0.2703901529312134,0.4195317029953003,
1589,0.1758352816104889,0.04057759419083595,1.0425857305526733,0.272165447473526,0.41693469882011414,
1590,0.17483997344970703,0.0406968779861927,1.046357274055481,0.27184373140335083,0.4257775545120239,
1591,0.17613089084625244,0.04062368720769882,1.042486310005188,0.2714182138442993,0.4175911545753479,
1592,0.17668946087360382,0.0406813770532608,1.0453104972839355,0.27222731709480286,0.4276008903980255,
1593,0.18116211891174316,0.04056433588266373,1.0392104387283325,0.27164381742477417,0.4207625687122345,
1594,0.17823144793510437,0.04056930169463158,1.0432106256484985,0.27163732051849365,0.4244062304496765,
1595,0.17867618799209595,0.040586285293102264,1.0433266162872314,0.27154815196990967,0.424855500459671,
1596,0.18372759222984314,0.040486253798007965,1.0405164957046509,0.271319717168808,0.42560696601867676,
1597,0.18171009421348572,0.040250543504953384,1.034336805343628,0.27052071690559387,0.41360339522361755,
1598,0.18273772299289703,0.040270283818244934,1.0339356660842896,0.2709024250507355,0.41613519191741943,
1599,0.18193036317825317,0.04037195071578026,1.0405185222625732,0.27073365449905396,0.42075294256210327,
1600,0.18871721625328064,0.04037726670503616,1.0404574871063232,0.2709841728210449,0.4389006197452545,0.6447361707687378
1601,0.18295639753341675,0.04052499309182167,1.0434963703155518,0.2717161774635315,0.42705217003822327,
1602,0.18086062371730804,0.040531523525714874,1.0462603569030762,0.2723267078399658,0.430199533700943,
1603,0.18280203640460968,0.04064079746603966,1.0412386655807495,0.27140501141548157,0.4241503179073334,
1604,0.18343067169189453,0.04053528979420662,1.0403872728347778,0.2711030840873718,0.4250677824020386,
1605,0.18061575293540955,0.04082241281867027,1.04502534866333,0.2716408371925354,0.42857626080513,
1606,0.17216791212558746,0.04090655595064163,1.0487017631530762,0.272478848695755,0.4224313497543335,
1607,0.18070849776268005,0.040710579603910446,1.0468661785125732,0.2720262110233307,0.43492868542671204,
1608,0.1763184368610382,0.041147809475660324,1.0524739027023315,0.27321505546569824,0.4376698136329651,
1609,0.17481112480163574,0.040886927396059036,1.0437712669372559,0.27193549275398254,0.4186047315597534,
1610,0.17141377925872803,0.04111582785844803,1.0515116453170776,0.272444486618042,0.42640629410743713,
1611,0.17715293169021606,0.041004300117492676,1.0527269840240479,0.2729717493057251,0.4364315867424011,
1612,0.1803242266178131,0.04096101596951485,1.0487288236618042,0.27216675877571106,0.4353944957256317,
1613,0.17315062880516052,0.041195884346961975,1.054988145828247,0.2730867862701416,0.4352204501628876,
1614,0.1827572137117386,0.040372807532548904,1.0378854274749756,0.27048417925834656,0.4192093014717102,
1615,0.18720220029354095,0.04053472727537155,1.0395852327346802,0.27120569348335266,0.4326317608356476,
1616,0.18600977957248688,0.04078010842204094,1.045194387435913,0.27197104692459106,0.4394526183605194,
1618,0.17762184143066406,0.04136238619685173,1.057570219039917,0.27316927909851074,0.4445761740207672,
1619,0.18150901794433594,0.04079769179224968,1.045630931854248,0.2716701626777649,0.43284228444099426,
1620,0.18475358188152313,0.040490709245204926,1.0414468050003052,0.27197664976119995,0.4317382574081421,
1621,0.1878277212381363,0.04077448323369026,1.0459136962890625,0.2717655897140503,0.44423985481262207,
1622,0.17916743457317352,0.04064669460058212,1.0422489643096924,0.2709014415740967,0.4192035496234894,
1623,0.17574943602085114,0.04068484529852867,1.040000319480896,0.2708979845046997,0.4125577211380005,
1624,0.1740218997001648,0.04103873670101166,1.0507482290267944,0.27283233404159546,0.42683491110801697,
1625,0.17882457375526428,0.04044723138213158,1.0380216836929321,0.2717010974884033,0.4150504469871521,0.6465479731559753
1626,0.1810796707868576,0.04048691689968109,1.0389138460159302,0.27074140310287476,0.4183690547943115,
1627,0.17440378665924072,0.040938373655080795,1.0479921102523804,0.27238473296165466,0.4252372980117798,
1628,0.17872843146324158,0.04056251049041748,1.042525053024292,0.27117353677749634,0.422353595495224,
1629,0.17448918521404266,0.04093669727444649,1.050904393196106,0.2725569009780884,0.4297333359718323,
1630,0.1877748966217041,0.040514010936021805,1.037982702255249,0.2711009979248047,0.42863693833351135,
1631,0.1837453991174698,0.040565282106399536,1.0411674976348877,0.27149271965026855,0.42734459042549133,
1632,0.17569996416568756,0.04062189161777496,1.0455408096313477,0.27155888080596924,0.42200207710266113,
1633,0.18318705260753632,0.04044779762625694,1.0382901430130005,0.2709273099899292,0.42202404141426086,
1634,0.17867469787597656,0.04041966050863266,1.0416172742843628,0.27218860387802124,0.4236568510532379,
1635,0.17543140053749084,0.040777530521154404,1.0514798164367676,0.272335410118103,0.43414047360420227,
1636,0.17269159853458405,0.04064966365695,1.0483325719833374,0.272251695394516,0.4232700765132904,
1637,0.17836123704910278,0.04039868712425232,1.0405033826828003,0.2717548608779907,0.41829174757003784,
1638,0.18164417147636414,0.040282707661390305,1.0379389524459839,0.27107539772987366,0.41787049174308777,
1639,0.17841637134552002,0.04070950299501419,1.04450523853302,0.27153295278549194,0.42733559012413025,
1640,0.17613106966018677,0.040869735181331635,1.0501468181610107,0.2730151414871216,0.4321158826351166,
1641,0.17942383885383606,0.0405689999461174,1.0447313785552979,0.2723950147628784,0.4302988648414612,
1642,0.1814938485622406,0.04039691016077995,1.0383623838424683,0.2709801495075226,0.4183725416660309,
1643,0.1856020987033844,0.040063872933387756,1.031008005142212,0.2698194980621338,0.4105242192745209,
1644,0.18222974240779877,0.04056378826498985,1.0464431047439575,0.27189910411834717,0.4342332184314728,
1645,0.18815870583057404,0.040322091430425644,1.041039228439331,0.27132493257522583,0.43456679582595825,
1646,0.1851222813129425,0.040289632976055145,1.0363225936889648,0.27001717686653137,0.4206894040107727,
1647,0.18349102139472961,0.04026826471090317,1.0406529903411865,0.2715611755847931,0.42838820815086365,
1648,0.18432505428791046,0.040739648044109344,1.0433939695358276,0.27140793204307556,0.43325552344322205,
1649,0.18478412926197052,0.040815938264131546,1.0468369722366333,0.2720256447792053,0.44177451729774475,
1650,0.18055760860443115,0.04083339497447014,1.0436822175979614,0.27158060669898987,0.42521029710769653,0.6511908769607544
1651,0.1780475676059723,0.04059281945228577,1.0450366735458374,0.2712147533893585,0.42387697100639343,
1652,0.17964592576026917,0.040716756135225296,1.0470565557479858,0.27230170369148254,0.42980822920799255,
1653,0.18344709277153015,0.040560219436883926,1.041830062866211,0.2718956768512726,0.4273722469806671,
1654,0.182417094707489,0.04073798656463623,1.0429291725158691,0.27220994234085083,0.43114927411079407,
1655,0.1822863072156906,0.04031474515795708,1.0359247922897339,0.2709353566169739,0.41454631090164185,
1657,0.18350927531719208,0.040458403527736664,1.041341781616211,0.27116304636001587,0.4297722280025482,
1658,0.18562987446784973,0.04053579270839691,1.0436663627624512,0.27157559990882874,0.43814170360565186,
1659,0.18382646143436432,0.040321387350559235,1.0360262393951416,0.27073028683662415,0.41748589277267456,
1660,0.18008726835250854,0.040366582572460175,1.03679621219635,0.27046260237693787,0.41457003355026245,
1661,0.17923061549663544,0.04055596515536308,1.041581630706787,0.27191388607025146,0.421699583530426,
1662,0.18061617016792297,0.040450699627399445,1.0396043062210083,0.271340936422348,0.4211680293083191,
1663,0.190711110830307,0.04049902409315109,1.0379762649536133,0.2714996337890625,0.43719911575317383,
1664,0.1869828850030899,0.04033870995044708,1.0384905338287354,0.2715037167072296,0.4286274313926697,
1666,0.1822265088558197,0.04063650965690613,1.0423649549484253,0.27195656299591064,0.42841628193855286,
1667,0.1847933977842331,0.040738318115472794,1.042765498161316,0.27186858654022217,0.4326041042804718,
1669,0.18055878579616547,0.040601082146167755,1.0423098802566528,0.2715168297290802,0.4261341691017151,
1670,0.19133460521697998,0.04022569954395294,1.0355465412139893,0.2709766626358032,0.4316941797733307,
1671,0.18612028658390045,0.04049531742930412,1.038270115852356,0.2704415023326874,0.425447940826416,
1672,0.18539422750473022,0.04067230224609375,1.0454126596450806,0.2726915776729584,0.4409627914428711,
1673,0.17965984344482422,0.040678720921278,1.04459547996521,0.2715928256511688,0.42490628361701965,
1674,0.1861342489719391,0.040261585265398026,1.0333459377288818,0.27037855982780457,0.41888219118118286,
1675,0.19298098981380463,0.03996841236948967,1.029930830001831,0.27007216215133667,0.4235561192035675,0.6536189913749695
1676,0.18886134028434753,0.04028928652405739,1.0365711450576782,0.27163273096084595,0.428876131772995,
1677,0.18406754732131958,0.04039981961250305,1.0384552478790283,0.2707435190677643,0.4207819700241089,
1678,0.1877802163362503,0.040143392980098724,1.0348399877548218,0.27090150117874146,0.4255789518356323,
1679,0.1867201179265976,0.04036017134785652,1.0379441976547241,0.2711317241191864,0.4303305745124817,
1680,0.185903400182724,0.04079321771860123,1.0485327243804932,0.2727595567703247,0.4469586908817291,
1681,0.19066746532917023,0.0403624102473259,1.0374771356582642,0.27147939801216125,0.43515586853027344,
1682,0.18653732538223267,0.04054895415902138,1.0439846515655518,0.27174073457717896,0.44059568643569946,
1683,0.1857525259256363,0.040193140506744385,1.0360134840011597,0.270467609167099,0.4202791452407837,
1684,0.18543480336666107,0.04035906121134758,1.0365712642669678,0.2715422809123993,0.42213869094848633,
1685,0.1884889006614685,0.04043193161487579,1.040286898612976,0.2714075446128845,0.43583983182907104,
1686,0.18649424612522125,0.040521278977394104,1.0419793128967285,0.2713828682899475,0.43337729573249817,
1687,0.1809653788805008,0.04074085131287575,1.044049859046936,0.2722457945346832,0.4287112057209015,
1688,0.19283977150917053,0.04041168838739395,1.034610390663147,0.27081263065338135,0.43445125222206116,
1689,0.1861102432012558,0.04040823504328728,1.041335940361023,0.27187514305114746,0.4342554807662964,
1690,0.19227205216884613,0.040361370891332626,1.0372782945632935,0.27140167355537415,0.43669426441192627,
1691,0.19038185477256775,0.040011681616306305,1.0319817066192627,0.27051904797554016,0.4226504862308502,
1692,0.1895992010831833,0.04007656127214432,1.030023455619812,0.2699233293533325,0.41851720213890076,
1693,0.1910599023103714,0.04001695290207863,1.0349745750427246,0.27089670300483704,0.4300391376018524,
1694,0.1887785792350769,0.04016714170575142,1.0319695472717285,0.27038270235061646,0.4193721413612366,
1695,0.18899595737457275,0.040380802005529404,1.0406684875488281,0.27185553312301636,0.4368191659450531,
1696,0.19101732969284058,0.04004236310720444,1.0351951122283936,0.27087464928627014,0.4296911954879761,
1697,0.19363224506378174,0.04011140391230583,1.0372012853622437,0.27094417810440063,0.43945786356925964,
1698,0.1896524429321289,0.04005300626158714,1.0329278707504272,0.27054649591445923,0.4217236638069153,
1699,0.1906953603029251,0.04000343382358551,1.0315967798233032,0.26993075013160706,0.4206407368183136,
1700,0.18894876539707184,0.04010547697544098,1.0364998579025269,0.27111318707466125,0.43000340461730957,0.6549081802368164
1701,0.18909454345703125,0.040596410632133484,1.0401328802108765,0.27165094017982483,0.43476879596710205,
1702,0.18899184465408325,0.040327757596969604,1.0347211360931396,0.27091366052627563,0.42785191535949707,
1703,0.19109827280044556,0.040091484785079956,1.029937744140625,0.2702765166759491,0.421537846326828,
1704,0.19253584742546082,0.04002859443426132,1.0292943716049194,0.2700059115886688,0.4175189733505249,
1705,0.18563754856586456,0.04041988402605057,1.0436047315597534,0.2721305787563324,0.43752872943878174,
1706,0.19416286051273346,0.04008110240101814,1.0274430513381958,0.27010759711265564,0.4207994043827057,
1707,0.19498711824417114,0.04006107151508331,1.0312018394470215,0.2701416313648224,0.43117374181747437,
1708,0.1834852546453476,0.04057479649782181,1.0421185493469238,0.27185457944869995,0.4296201467514038,
1709,0.19050951302051544,0.04031854867935181,1.03511381149292,0.27144041657447815,0.429439902305603,
1710,0.19877468049526215,0.039905156940221786,1.0245766639709473,0.26927852630615234,0.4231441915035248,
1711,0.19256943464279175,0.04076622426509857,1.045640230178833,0.2722417116165161,0.45035430788993835,
1712,0.19266949594020844,0.04032093286514282,1.0356051921844482,0.2709215581417084,0.43500009179115295,
1713,0.19371744990348816,0.04009014740586281,1.0296574831008911,0.2700434625148773,0.423287570476532,
1714,0.18427391350269318,0.04059945419430733,1.0394790172576904,0.2709735929965973,0.42496272921562195,
1715,0.18784287571907043,0.04026072472333908,1.0301605463027954,0.27001258730888367,0.41284266114234924,
1717,0.18713557720184326,0.04047035053372383,1.0421335697174072,0.2718474864959717,0.4373539984226227,
1718,0.18820999562740326,0.040219079703092575,1.0342662334442139,0.27048394083976746,0.4257635176181793,
1719,0.18508267402648926,0.04056927561759949,1.042847752571106,0.2718210518360138,0.4345620274543762,
1720,0.19545608758926392,0.04005934298038483,1.0309655666351318,0.2698613405227661,0.42873308062553406,
1721,0.18579941987991333,0.040265243500471115,1.0340440273284912,0.270472913980484,0.41671881079673767,
1722,0.18646623194217682,0.04034905880689621,1.041071891784668,0.27150553464889526,0.43617114424705505,
1723,0.18542343378067017,0.04030507057905197,1.0407873392105103,0.27172303199768066,0.43040889501571655,
1724,0.19088441133499146,0.0399179644882679,1.0283502340316772,0.2702648341655731,0.416447252035141,
1725,0.19859172403812408,0.03981929272413254,1.0296368598937988,0.2708147466182709,0.43427926301956177,0.6557491421699524
1726,0.198198139667511,0.03975696489214897,1.0279186964035034,0.27001577615737915,0.4311426877975464,
1727,0.19432884454727173,0.04020671546459198,1.0395936965942383,0.27172064781188965,0.44376835227012634,
1728,0.19338952004909515,0.040314674377441406,1.0374674797058105,0.27125200629234314,0.4343735873699188,
1730,0.19888374209403992,0.03992701321840286,1.0268856287002563,0.27020248770713806,0.4252564013004303,
1731,0.19522631168365479,0.03998339921236038,1.031576156616211,0.27050647139549255,0.43508097529411316,
1732,0.19522596895694733,0.04020564630627632,1.0312434434890747,0.27065515518188477,0.4306636154651642,
1733,0.19828841090202332,0.03981717303395271,1.0264815092086792,0.2693921625614166,0.4256521761417389,
1734,0.1913202553987503,0.0398760549724102,1.0300415754318237,0.27002570033073425,0.423549085855484,
1735,0.1950879991054535,0.03993905335664749,1.0297586917877197,0.27039897441864014,0.4277220368385315,
1736,0.19369415938854218,0.04041874781250954,1.0336394309997559,0.2715680003166199,0.4314920902252197,
1737,0.19394312798976898,0.040160585194826126,1.0352239608764648,0.2705676555633545,0.43794503808021545,
1738,0.18939152359962463,0.040176331996917725,1.0332858562469482,0.27025043964385986,0.4227749705314636,
1739,0.18954163789749146,0.040440917015075684,1.0406988859176636,0.27185744047164917,0.4388899803161621,
1740,0.19016721844673157,0.04019066318869591,1.0329782962799072,0.2702517509460449,0.42042386531829834,
1741,0.1909826397895813,0.04003958776593208,1.033361554145813,0.27074357867240906,0.4251423180103302,
1742,0.18834881484508514,0.03986942768096924,1.0250639915466309,0.26949480175971985,0.40198928117752075,
1743,0.1915346384048462,0.040020477026700974,1.0331813097000122,0.2708054184913635,0.4296707510948181,
1744,0.18633201718330383,0.04053524136543274,1.0401968955993652,0.27143046259880066,0.43132802844047546,
1745,0.17962287366390228,0.04052916169166565,1.0424025058746338,0.2716847062110901,0.4252496063709259,
1746,0.19252032041549683,0.04006366804242134,1.0304279327392578,0.2702998220920563,0.42313152551651,
1747,0.185698464512825,0.04060248285531998,1.0459620952606201,0.2720930874347687,0.4396039843559265,
1748,0.19406768679618835,0.04008686542510986,1.0321120023727417,0.27039235830307007,0.4296315610408783,
1749,0.1961527317762375,0.040255311876535416,1.037819743156433,0.27178213000297546,0.4450826346874237,
1750,0.1854860633611679,0.04040221497416496,1.0420469045639038,0.2719690501689911,0.4358912706375122,0.6598153114318848
1751,0.18870703876018524,0.0405765175819397,1.0457427501678467,0.2723589539527893,0.4469815492630005,
1752,0.1881536841392517,0.0403720885515213,1.042081594467163,0.2716626524925232,0.43709874153137207,
1753,0.19194400310516357,0.03989981859922409,1.0286396741867065,0.27037861943244934,0.41840627789497375,
1754,0.18720082938671112,0.04021228104829788,1.03659188747406,0.27087944746017456,0.4240044057369232,
1755,0.18924692273139954,0.0401545986533165,1.0396111011505127,0.2720511853694916,0.4381912648677826,
1756,0.18895840644836426,0.04026750102639198,1.039857029914856,0.27146536111831665,0.43256932497024536,
1757,0.19162696599960327,0.04022953659296036,1.0364103317260742,0.2718811333179474,0.43616923689842224,
1758,0.18446700274944305,0.040462758392095566,1.0373504161834717,0.2706238627433777,0.4243840277194977,
1759,0.18373262882232666,0.040574733167886734,1.0438629388809204,0.2720178961753845,0.4348527789115906,
1760,0.18981991708278656,0.04033517837524414,1.0363526344299316,0.2711467146873474,0.4306405484676361,
1761,0.18534541130065918,0.040348634123802185,1.0418344736099243,0.27182528376579285,0.4326172173023224,
1762,0.1885543018579483,0.04050485044717789,1.041252851486206,0.2721795439720154,0.4396873712539673,
1763,0.18798613548278809,0.040401991456747055,1.0435619354248047,0.27225762605667114,0.4386809468269348,
1764,0.19720114767551422,0.03990073874592781,1.0299046039581299,0.270412802696228,0.430819034576416,
1765,0.19329649209976196,0.0401480570435524,1.0353381633758545,0.27126583456993103,0.4341622292995453,
1766,0.19478999078273773,0.04013221710920334,1.0351741313934326,0.2705610692501068,0.43923842906951904,
1767,0.19498492777347565,0.039977725595235825,1.0312179327011108,0.27020666003227234,0.43044865131378174,
1768,0.1915155053138733,0.04034106433391571,1.0409239530563354,0.2718413472175598,0.4397875964641571,
1769,0.19049547612667084,0.04039201885461807,1.0386791229248047,0.271599680185318,0.4352577030658722,
1770,0.18942008912563324,0.04036003723740578,1.0385795831680298,0.2714909613132477,0.4309903383255005,
1771,0.1929410845041275,0.040509894490242004,1.0455150604248047,0.27193692326545715,0.4539179503917694,
1772,0.1927877962589264,0.040340814739465714,1.0386708974838257,0.27168986201286316,0.43982625007629395,
1773,0.19012106955051422,0.040354229509830475,1.0396161079406738,0.2715255320072174,0.4370487332344055,
1774,0.19373397529125214,0.03994191437959671,1.0307537317276,0.2708028256893158,0.42857569456100464,
1775,0.18847957253456116,0.04039674252271652,1.0409280061721802,0.27207741141319275,0.4358716607093811,0.6616840958595276
1776,0.19647978246212006,0.040102459490299225,1.0321472883224487,0.27093979716300964,0.434821754693985,
1777,0.1980765014886856,0.03988023102283478,1.029783010482788,0.2702062427997589,0.43297553062438965,
1778,0.19340287148952484,0.04019919037818909,1.0355144739151,0.27107685804367065,0.4344480335712433,
1779,0.19057926535606384,0.04019983112812042,1.0343294143676758,0.27111849188804626,0.43003425002098083,
1780,0.19359587132930756,0.04041923210024834,1.0397915840148926,0.2719593048095703,0.4438427686691284,
1781,0.1908242553472519,0.040313590317964554,1.0344537496566772,0.27101942896842957,0.42820897698402405,
1782,0.18463020026683807,0.04085241258144379,1.0477620363235474,0.27286219596862793,0.4435466229915619,
1783,0.19152076542377472,0.04043516144156456,1.0444376468658447,0.2728220820426941,0.4502631723880768,
1785,0.1949806809425354,0.04010361060500145,1.031708002090454,0.27050524950027466,0.42914366722106934,
1786,0.19722074270248413,0.04016890376806259,1.0344300270080566,0.2707199454307556,0.4397515058517456,
1787,0.20260243117809296,0.03992949053645134,1.0304194688796997,0.2709965407848358,0.4442465901374817,
1788,0.198743537068367,0.040148939937353134,1.0323089361190796,0.2710961401462555,0.4398365020751953,
1789,0.1990327090024948,0.04007941484451294,1.0336414575576782,0.2718659043312073,0.44522005319595337,
1790,0.18997298181056976,0.04045084863901138,1.0424505472183228,0.27231305837631226,0.4444524049758911,
1791,0.19281978905200958,0.040092889219522476,1.0362125635147095,0.27189871668815613,0.43342939019203186,
1792,0.19571493566036224,0.0400504544377327,1.0345455408096313,0.271199107170105,0.43265998363494873,
1793,0.19508101046085358,0.04001924768090248,1.0313384532928467,0.27099305391311646,0.4311777949333191,
1794,0.1898055523633957,0.04036741331219673,1.0411361455917358,0.2723572850227356,0.4383583068847656,
1795,0.1980101615190506,0.03983468934893608,1.0276679992675781,0.27091795206069946,0.4260689318180084,
1796,0.19741424918174744,0.03982018679380417,1.0268421173095703,0.27058640122413635,0.42688998579978943,
1797,0.18871314823627472,0.04032200574874878,1.0374724864959717,0.27172407507896423,0.4297974705696106,
1798,0.19309210777282715,0.03996221348643303,1.0327364206314087,0.2709997594356537,0.4307519495487213,
1799,0.1967683732509613,0.04002252593636513,1.0314277410507202,0.2710067927837372,0.4337114989757538,
1800,0.19193196296691895,0.04061776027083397,1.043540358543396,0.2722536027431488,0.4484519064426422,0.663722038269043
1801,0.1957196146249771,0.03995503857731819,1.0298349857330322,0.2707098126411438,0.4266659915447235,
1802,0.19251896440982819,0.040167924016714096,1.0377371311187744,0.27219292521476746,0.43973833322525024,
1803,0.19001619517803192,0.040360961109399796,1.0389626026153564,0.2716370224952698,0.43728455901145935,
1804,0.19495846331119537,0.03986704722046852,1.0274344682693481,0.2700797915458679,0.4221569299697876,
1805,0.18664821982383728,0.04047245904803276,1.0411250591278076,0.2719734013080597,0.4319753050804138,
1806,0.1966269165277481,0.03990742191672325,1.0291733741760254,0.27016937732696533,0.4277593493461609,
1807,0.19269748032093048,0.0403849259018898,1.0413997173309326,0.2720077633857727,0.4452734589576721,
1808,0.1991446316242218,0.04029072821140289,1.0338367223739624,0.270894855260849,0.4438348114490509,
1809,0.19040174782276154,0.04036751389503479,1.0403413772583008,0.27219879627227783,0.43816015124320984,
1810,0.18773357570171356,0.040407851338386536,1.0382704734802246,0.27187564969062805,0.429161936044693,
1811,0.19410744309425354,0.040080610662698746,1.0355545282363892,0.2711000144481659,0.4362708628177643,
1812,0.19318068027496338,0.040026698261499405,1.0330203771591187,0.2709493935108185,0.43251362442970276,
1813,0.19007126986980438,0.040270689874887466,1.0379929542541504,0.2719060778617859,0.4361598789691925,
1814,0.18974466621875763,0.03999997302889824,1.0330703258514404,0.27148163318634033,0.42582738399505615,
1815,0.19764618575572968,0.040205445140600204,1.0330114364624023,0.2715279757976532,0.43999212980270386,
1816,0.19358839094638824,0.03986058384180069,1.0315901041030884,0.2711502015590668,0.4271942675113678,
1817,0.20109307765960693,0.03975551947951317,1.0268510580062866,0.2703966796398163,0.4323709309101105,
1818,0.19842679798603058,0.03987094387412071,1.029291033744812,0.27069947123527527,0.4342670738697052,
1819,0.1998947113752365,0.03979688137769699,1.0289417505264282,0.26992735266685486,0.43528488278388977,
1820,0.19775444269180298,0.039902836084365845,1.0330784320831299,0.2708132266998291,0.4403316378593445,
1821,0.1966182291507721,0.0402388833463192,1.0342292785644531,0.2709556221961975,0.4428565502166748,
1822,0.19132353365421295,0.04039766266942024,1.0401431322097778,0.2723838686943054,0.440761536359787,
1823,0.19917619228363037,0.0403888002038002,1.04189932346344,0.27222102880477905,0.45953261852264404,
1824,0.20222587883472443,0.03980724513530731,1.0251505374908447,0.2693285346031189,0.428946316242218,
1825,0.19984886050224304,0.04011211544275284,1.0332762002944946,0.27126505970954895,0.4427013397216797,0.6649512052536011
1826,0.19637183845043182,0.04012787342071533,1.0345276594161987,0.27118435502052307,0.4405602514743805,
1827,0.1991446316242218,0.039987120777368546,1.0296462774276733,0.27068233489990234,0.4345150589942932,
1828,0.20537221431732178,0.03957735747098923,1.0199002027511597,0.26979148387908936,0.4243077337741852,
1829,0.2052922546863556,0.03957211971282959,1.0226458311080933,0.27038416266441345,0.43392714858055115,
1830,0.20232002437114716,0.03978284075856209,1.0289428234100342,0.2707584500312805,0.4400441646575928,
1831,0.19640657305717468,0.04002371430397034,1.0312995910644531,0.27034640312194824,0.43193018436431885,
1832,0.20008979737758636,0.039972804486751556,1.031876802444458,0.2707615792751312,0.438764363527298,
1833,0.20045429468154907,0.03985097259283066,1.0262219905853271,0.2698185443878174,0.4286736845970154,
1834,0.20453019440174103,0.039708755910396576,1.0252519845962524,0.2699751555919647,0.43552350997924805,
1835,0.20257921516895294,0.04013906046748161,1.0298889875411987,0.27075082063674927,0.44029468297958374,
1836,0.1995602548122406,0.040148790925741196,1.0345369577407837,0.2720312178134918,0.44378772377967834,
1837,0.1991729885339737,0.03995228931307793,1.0295039415359497,0.270864874124527,0.43572065234184265,
1838,0.1977825164794922,0.03991979733109474,1.0317736864089966,0.27060526609420776,0.4371389150619507,
1839,0.2012224942445755,0.040077030658721924,1.0354143381118774,0.2707703113555908,0.44954389333724976,
1840,0.2012413740158081,0.039827100932598114,1.0300334692001343,0.2704576551914215,0.4373422861099243,
1841,0.19469687342643738,0.03995877504348755,1.031626582145691,0.2706717848777771,0.4299798905849457,
1842,0.19899120926856995,0.04001035913825035,1.031854510307312,0.27071553468704224,0.44017428159713745,
1843,0.1936442255973816,0.04024270176887512,1.0425127744674683,0.2725049555301666,0.4497643709182739,
1844,0.19621574878692627,0.03977824002504349,1.0293751955032349,0.2703593671321869,0.4263039529323578,
1845,0.19746483862400055,0.03995438292622566,1.0320641994476318,0.27119866013526917,0.4368336796760559,
1846,0.19900475442409515,0.03965189680457115,1.0234564542770386,0.26999327540397644,0.41892576217651367,
1847,0.19801035523414612,0.039669815450906754,1.028497338294983,0.2701883614063263,0.4297342896461487,
1848,0.2048553228378296,0.039556894451379776,1.022600769996643,0.2697353661060333,0.43357622623443604,
1849,0.1975707858800888,0.03961510956287384,1.0267856121063232,0.26997026801109314,0.4244621694087982,
1850,0.2004612684249878,0.039696354418992996,1.0280168056488037,0.27059507369995117,0.43201911449432373,0.6664721369743347
1851,0.2009434998035431,0.0397731214761734,1.0285850763320923,0.27050620317459106,0.43537840247154236,
1852,0.19291573762893677,0.03985297679901123,1.0295113325119019,0.27035629749298096,0.4227880537509918,
1853,0.19243207573890686,0.04042772948741913,1.0444893836975098,0.27271658182144165,0.4503202736377716,
1854,0.19642864167690277,0.039928138256073,1.028848648071289,0.27093011140823364,0.42840376496315,
1855,0.19365407526493073,0.040055785328149796,1.032879114151001,0.27158015966415405,0.43036067485809326,
1856,0.1921568363904953,0.040129974484443665,1.0380795001983643,0.27226734161376953,0.4387398362159729,
1857,0.19312293827533722,0.03995521366596222,1.0349031686782837,0.27116939425468445,0.4333447217941284,
1858,0.19528213143348694,0.0398457832634449,1.0287083387374878,0.2700559198856354,0.42595425248146057,
1859,0.1953291893005371,0.040054552257061005,1.0343927145004272,0.27107176184654236,0.43365737795829773,
1860,0.19355735182762146,0.04027090594172478,1.0393365621566772,0.27221089601516724,0.44197288155555725,
1861,0.19787061214447021,0.039947789162397385,1.0303988456726074,0.27082690596580505,0.4346523582935333,
1862,0.19600610435009003,0.040202707052230835,1.0356462001800537,0.2714722752571106,0.4373635947704315,
1863,0.1951933056116104,0.04009326547384262,1.0349310636520386,0.2716401219367981,0.4394907057285309,
1864,0.19602170586585999,0.040109846740961075,1.0301600694656372,0.27060315012931824,0.4317336678504944,
1865,0.19385860860347748,0.040396422147750854,1.0441550016403198,0.2726397216320038,0.4540107846260071,
1866,0.1982165426015854,0.03971526026725769,1.0272431373596191,0.2701542377471924,0.42956238985061646,
1867,0.19755248725414276,0.03979916125535965,1.030335545539856,0.270965576171875,0.4363129138946533,
1868,0.19761568307876587,0.040089864283800125,1.033246636390686,0.27124637365341187,0.43529027700424194,
1869,0.19762249290943146,0.03986223042011261,1.0285459756851196,0.2702445387840271,0.43036186695098877,
1870,0.19843453168869019,0.03989143297076225,1.0312517881393433,0.2705684006214142,0.43098631501197815,
1871,0.1921824961900711,0.03996916487812996,1.0324095487594604,0.27181318402290344,0.4258752167224884,
1872,0.19822372496128082,0.04013731703162193,1.0363532304763794,0.27171263098716736,0.44603580236434937,
1873,0.1999354511499405,0.039927881211042404,1.0333551168441772,0.27169355750083923,0.44179630279541016,
1874,0.19726628065109253,0.04013433679938316,1.0344510078430176,0.2709786593914032,0.4391496181488037,
1875,0.19708041846752167,0.0401475727558136,1.0354753732681274,0.2718348503112793,0.43786898255348206,0.6685827374458313
1876,0.1999935358762741,0.0398406945168972,1.0279852151870728,0.27089568972587585,0.4317733943462372,
1877,0.19754454493522644,0.03994366154074669,1.03144109249115,0.2708379030227661,0.4325541853904724,
1878,0.1922277957201004,0.04024264216423035,1.0375761985778809,0.27225691080093384,0.43594789505004883,
1879,0.19615840911865234,0.04013079032301903,1.0383892059326172,0.27193307876586914,0.4448360800743103,
1880,0.1960706263780594,0.039688508957624435,1.0291281938552856,0.2709573805332184,0.4291476905345917,
1881,0.1959824413061142,0.04010283201932907,1.0351225137710571,0.2708909213542938,0.43815189599990845,
1882,0.19648098945617676,0.04011167958378792,1.0360063314437866,0.2716619372367859,0.43971455097198486,
1883,0.20075838267803192,0.03976597264409065,1.0290113687515259,0.270412415266037,0.4348556101322174,
1884,0.19825299084186554,0.03971526026725769,1.031490445137024,0.2705449163913727,0.4330615997314453,
1885,0.1979386806488037,0.040025193244218826,1.0370758771896362,0.27152329683303833,0.4438994824886322,
1886,0.19127921760082245,0.04011928290128708,1.0371078252792358,0.272219717502594,0.43347424268722534,
1888,0.19347529113292694,0.03989164158701897,1.0319863557815552,0.27060437202453613,0.4214128255844116,
1889,0.2011716365814209,0.03981293365359306,1.027996301651001,0.27102261781692505,0.4350389540195465,
1890,0.196129709482193,0.03977339342236519,1.028472900390625,0.27024325728416443,0.4252408742904663,
1891,0.1941983848810196,0.040130261331796646,1.039840579032898,0.2723241448402405,0.4441787898540497,
1892,0.19055405259132385,0.0399724617600441,1.0350574254989624,0.2715508043766022,0.43109312653541565,
1893,0.18698056042194366,0.04061233624815941,1.0468907356262207,0.27347332239151,0.44490185379981995,
1894,0.18858638405799866,0.04042269289493561,1.043310284614563,0.2727339565753937,0.43822887539863586,
1896,0.20020636916160583,0.03969474881887436,1.0248898267745972,0.27007144689559937,0.4266895651817322,
1898,0.20014211535453796,0.03967733681201935,1.0280166864395142,0.2708398401737213,0.43266284465789795,
1899,0.19600532948970795,0.039694610983133316,1.0269179344177246,0.27068454027175903,0.4215925335884094,
1900,0.19431525468826294,0.03999612107872963,1.0350871086120605,0.27193912863731384,0.43310412764549255,0.6694144606590271
1901,0.2087182253599167,0.03944278880953789,1.0212868452072144,0.269390344619751,0.4327077567577362,
1902,0.1960245966911316,0.039785247296094894,1.0269941091537476,0.2703303098678589,0.4197610020637512,
1903,0.19459912180900574,0.039988718926906586,1.0313043594360352,0.271016925573349,0.4298686683177948,
1904,0.19601602852344513,0.03993183746933937,1.031629204750061,0.27184832096099854,0.4325421452522278,
1905,0.19565914571285248,0.04005274921655655,1.0388824939727783,0.27181506156921387,0.4443380534648895,
1906,0.19399841129779816,0.04005870595574379,1.0388017892837524,0.2726057469844818,0.44323185086250305,
1907,0.19626714289188385,0.04015316441655159,1.0363554954528809,0.2715148329734802,0.43764379620552063,
1908,0.1958451122045517,0.04032104089856148,1.0404906272888184,0.2723758816719055,0.4492555558681488,
1909,0.19558091461658478,0.040166303515434265,1.0392215251922607,0.27246543765068054,0.4458862543106079,
1910,0.18723860383033752,0.04049640893936157,1.0437456369400024,0.27294641733169556,0.4396404027938843,
1911,0.1967981904745102,0.04002531245350838,1.0344672203063965,0.27108001708984375,0.44262993335723877,
1912,0.19852691888809204,0.040174610912799835,1.0385088920593262,0.2721606492996216,0.449776828289032,
1913,0.19193634390830994,0.040277428925037384,1.040038824081421,0.2724786400794983,0.4413498342037201,
1914,0.2006184309720993,0.03993646055459976,1.0341129302978516,0.2713465988636017,0.44604766368865967,
1915,0.19221870601177216,0.04009927809238434,1.0363646745681763,0.27207356691360474,0.4357834756374359,
1916,0.2004939168691635,0.03975384309887886,1.0296550989151,0.2709617018699646,0.4364878237247467,
1917,0.19019073247909546,0.040289461612701416,1.040160059928894,0.2717469334602356,0.43721508979797363,
1918,0.19095028936862946,0.04035636782646179,1.0421096086502075,0.272604763507843,0.44023144245147705,
1919,0.1969550997018814,0.03989039361476898,1.0334511995315552,0.2714338004589081,0.4369714856147766,
1920,0.18694894015789032,0.04019211232662201,1.0422945022583008,0.27281829714775085,0.43450623750686646,
1921,0.19966085255146027,0.04000391066074371,1.035304307937622,0.2713407874107361,0.44629615545272827,
1922,0.20029109716415405,0.04016410931944847,1.0373960733413696,0.27147722244262695,0.45291668176651,
1923,0.195831760764122,0.04028251767158508,1.037711501121521,0.27225780487060547,0.44405192136764526,
1924,0.20474544167518616,0.03971237689256668,1.0262171030044556,0.2706460952758789,0.4352775514125824,
1925,0.1981079876422882,0.040234021842479706,1.0386666059494019,0.2721787989139557,0.4474596083164215,0.6716750264167786
1926,0.1992398351430893,0.0401148684322834,1.035925030708313,0.2712428867816925,0.4444880783557892,
1927,0.20063616335391998,0.039788637310266495,1.0307830572128296,0.27044564485549927,0.4388267397880554,
1928,0.1976737678050995,0.040027983486652374,1.0383520126342773,0.27238404750823975,0.4471417963504791,
1929,0.19390714168548584,0.04031088203191757,1.0387907028198242,0.27222585678100586,0.4388944208621979,
1930,0.19864360988140106,0.039866507053375244,1.0312386751174927,0.27110323309898376,0.4332711398601532,
1931,0.18920065462589264,0.040549810975790024,1.0424491167068481,0.2724939286708832,0.4380337595939636,
1932,0.19832409918308258,0.039930760860443115,1.0300509929656982,0.2707928419113159,0.4317373037338257,
1933,0.20080643892288208,0.04009765386581421,1.0352814197540283,0.2716175615787506,0.44980916380882263,
1934,0.19305844604969025,0.040396466851234436,1.0409162044525146,0.2726510465145111,0.4459986090660095,
1935,0.20064589381217957,0.039958033710718155,1.0348052978515625,0.27164560556411743,0.44875553250312805,
1936,0.19844532012939453,0.04024432227015495,1.0389128923416138,0.27265414595603943,0.45179834961891174,
1937,0.19869481027126312,0.03989986330270767,1.030622124671936,0.271073579788208,0.43456119298934937,
1939,0.19536417722702026,0.040113482624292374,1.0367692708969116,0.2717697024345398,0.43972858786582947,
1940,0.19636136293411255,0.040207669138908386,1.0379241704940796,0.27167990803718567,0.44472530484199524,
1941,0.1942814141511917,0.040325213223695755,1.0402907133102417,0.27243372797966003,0.44701194763183594,
1943,0.19363166391849518,0.04046468436717987,1.0423651933670044,0.2727503478527069,0.450229674577713,
1944,0.1895127147436142,0.040434759110212326,1.0444666147232056,0.27265557646751404,0.4430745840072632,
1945,0.19779987633228302,0.04036317765712738,1.04154634475708,0.27309396862983704,0.4522295296192169,
1946,0.1824621856212616,0.04052778333425522,1.0449072122573853,0.2729414701461792,0.4344291090965271,
1947,0.18710294365882874,0.04102678596973419,1.0508116483688354,0.27398598194122314,0.45093828439712524,
1948,0.1900554895401001,0.04034346714615822,1.0418542623519897,0.27287209033966064,0.440083384513855,
1949,0.1935996115207672,0.040650345385074615,1.044430136680603,0.27276140451431274,0.4497832655906677,
1950,0.19522057473659515,0.04051147401332855,1.0434010028839111,0.273070365190506,0.45297613739967346,0.6728610396385193
1951,0.19534750282764435,0.040108174085617065,1.036494255065918,0.2723627984523773,0.44008147716522217,
1952,0.1994965821504593,0.04008765518665314,1.0334556102752686,0.27135488390922546,0.44076353311538696,
1953,0.19742292165756226,0.04021849483251572,1.0366312265396118,0.2715516686439514,0.44564753770828247,
1954,0.19605663418769836,0.04026512801647186,1.038250207901001,0.272054523229599,0.4443777799606323,
1955,0.1917683333158493,0.04041466861963272,1.039252519607544,0.27256616950035095,0.43932875990867615,
1956,0.19232244789600372,0.040390919893980026,1.0397800207138062,0.2725712060928345,0.4433761537075043,
1957,0.19645468890666962,0.04025391489267349,1.0389155149459839,0.27210959792137146,0.4478476643562317,
1958,0.19134971499443054,0.040447086095809937,1.04575514793396,0.27289828658103943,0.4516938626766205,
1959,0.19912441074848175,0.04017987847328186,1.034745693206787,0.2708466947078705,0.44507554173469543,
1960,0.19982172548770905,0.04028431698679924,1.0363703966140747,0.27129602432250977,0.44925323128700256,
1961,0.20180316269397736,0.039589885622262955,1.025197148323059,0.2702738344669342,0.4333198070526123,
1962,0.19704295694828033,0.04042267054319382,1.0406980514526367,0.2725941240787506,0.45150575041770935,
1963,0.19388021528720856,0.04014711081981659,1.037276268005371,0.27219852805137634,0.436815083026886,
1964,0.19679704308509827,0.04007226228713989,1.0357050895690918,0.2721405625343323,0.44190943241119385,
1965,0.19699324667453766,0.0403633639216423,1.0412696599960327,0.27287641167640686,0.45201700925827026,
1966,0.1913173347711563,0.03998609259724617,1.0349546670913696,0.27122053503990173,0.4298780858516693,
1968,0.1930132508277893,0.040288571268320084,1.0426884889602661,0.27244794368743896,0.4464157819747925,
1969,0.19516277313232422,0.040119919925928116,1.0361337661743164,0.27193236351013184,0.4397471249103546,
1970,0.20200131833553314,0.04001877084374428,1.0323868989944458,0.27142271399497986,0.4481678605079651,
1971,0.20215028524398804,0.04001447558403015,1.0375051498413086,0.2719389796257019,0.454813688993454,
1972,0.19935151934623718,0.04004382714629173,1.0348933935165405,0.27172958850860596,0.4436367154121399,
1973,0.19209086894989014,0.04040085896849632,1.0455940961837769,0.2726382315158844,0.4506155252456665,
1974,0.20006313920021057,0.04026895761489868,1.0378353595733643,0.27179059386253357,0.4503045678138733,
1975,0.1988239884376526,0.040068477392196655,1.038388967514038,0.27216601371765137,0.4492204189300537,0.674479603767395
1976,0.19786393642425537,0.04005342349410057,1.0390695333480835,0.2725537121295929,0.44915884733200073,
1977,0.19631221890449524,0.04006798565387726,1.0359538793563843,0.2711048722267151,0.44365212321281433,
1979,0.1944880485534668,0.04015443101525307,1.0393381118774414,0.2728663384914398,0.44317907094955444,
1980,0.203264519572258,0.039846040308475494,1.0299010276794434,0.2704247534275055,0.4448058605194092,
1981,0.196415975689888,0.04021790251135826,1.0406707525253296,0.27241960167884827,0.4495042860507965,
1982,0.20345894992351532,0.03991956636309624,1.0336965322494507,0.27212652564048767,0.4502061903476715,
1983,0.1947338879108429,0.040056586265563965,1.035353660583496,0.27165859937667847,0.43691617250442505,
1984,0.19624297320842743,0.04019610956311226,1.0400322675704956,0.2724432945251465,0.4511159658432007,
1985,0.20193272829055786,0.040002383291721344,1.0347024202346802,0.27164608240127563,0.4484823942184448,
1986,0.19429031014442444,0.039924439042806625,1.0342447757720947,0.27164825797080994,0.4355916976928711,
1987,0.1991529017686844,0.03995507210493088,1.033212423324585,0.27151334285736084,0.44212913513183594,
1988,0.18954935669898987,0.040182407945394516,1.0394264459609985,0.2726251482963562,0.4374418556690216,
1989,0.19607879221439362,0.04008696973323822,1.0385370254516602,0.2726970911026001,0.4469134509563446,
1990,0.2005562037229538,0.039847251027822495,1.0306059122085571,0.27132874727249146,0.4401650130748749,
1991,0.19868089258670807,0.0400519035756588,1.0386308431625366,0.2728622257709503,0.4516957104206085,
1992,0.19844481348991394,0.04019223153591156,1.0368398427963257,0.27235475182533264,0.4492636024951935,
1993,0.20160074532032013,0.040225621312856674,1.0384175777435303,0.2725888788700104,0.4583684206008911,
1994,0.20111875236034393,0.040069952607154846,1.0370450019836426,0.2720630168914795,0.44976991415023804,
1995,0.19646143913269043,0.040199365466833115,1.0388158559799194,0.27237990498542786,0.4460076689720154,
1996,0.19595648348331451,0.040072280913591385,1.0340502262115479,0.2722017467021942,0.43761515617370605,
1997,0.1987382024526596,0.04015417769551277,1.038156509399414,0.27223312854766846,0.44801127910614014,
1998,0.19735847413539886,0.039773307740688324,1.02987539768219,0.2710542380809784,0.43169817328453064,
1999,0.20097850263118744,0.03980403393507004,1.0304077863693237,0.27119725942611694,0.43727442622184753,
2000,0.2038382589817047,0.040155474096536636,1.0357507467269897,0.27176377177238464,0.4539482593536377,0.6747387647628784
2001,0.2072674185037613,0.03976485878229141,1.0294528007507324,0.271027147769928,0.44889336824417114,
2002,0.19626809656620026,0.03992569074034691,1.0317943096160889,0.2716376781463623,0.43710798025131226,
2003,0.1988392323255539,0.04035915806889534,1.041572093963623,0.27271389961242676,0.45747825503349304,
2004,0.202054962515831,0.04002312943339348,1.034372329711914,0.27202415466308594,0.4466138184070587,
2005,0.20396733283996582,0.040201250463724136,1.0373719930648804,0.27204635739326477,0.4599131941795349,
2006,0.19432099163532257,0.04027064889669418,1.043406367301941,0.27307555079460144,0.45229342579841614,
2007,0.19447480142116547,0.040081482380628586,1.0369197130203247,0.2724342942237854,0.43870192766189575,
2008,0.20138709247112274,0.04024053364992142,1.039251446723938,0.27251139283180237,0.4574871063232422,
2009,0.19743499159812927,0.04015861824154854,1.0373860597610474,0.27217912673950195,0.44757091999053955,
2010,0.19856958091259003,0.04035655036568642,1.0387839078903198,0.27210623025894165,0.44974464178085327,
2011,0.20341089367866516,0.04019607976078987,1.0397019386291504,0.2719617187976837,0.46123141050338745,
2012,0.19211843609809875,0.04029867425560951,1.0400704145431519,0.27204078435897827,0.44082456827163696,
2013,0.19773370027542114,0.040197115391492844,1.0377610921859741,0.272490918636322,0.44815224409103394,
2014,0.19880633056163788,0.040096599608659744,1.0352426767349243,0.2716965675354004,0.44216030836105347,
2015,0.1938142627477646,0.040128156542778015,1.037060022354126,0.27192553877830505,0.4363989531993866,
2016,0.18617184460163116,0.040555439889431,1.0461585521697998,0.27361351251602173,0.4409763813018799,
2017,0.19944685697555542,0.04016276076436043,1.0365467071533203,0.2723741829395294,0.4496891498565674,
2018,0.1948375254869461,0.04006509855389595,1.033483862876892,0.271890789270401,0.43437203764915466,
2019,0.1963953971862793,0.040167711675167084,1.0385713577270508,0.2722531855106354,0.44372910261154175,
2020,0.19841958582401276,0.040329061448574066,1.0413403511047363,0.2728757858276367,0.4545289874076843,
2021,0.20236894488334656,0.04000479355454445,1.0329806804656982,0.2718563675880432,0.4482288062572479,
2022,0.19939565658569336,0.040048666298389435,1.0351768732070923,0.27200883626937866,0.44529640674591064,
2024,0.1967950165271759,0.040336642414331436,1.0376125574111938,0.27237632870674133,0.4481576681137085,
2025,0.19754736125469208,0.04010113328695297,1.0369521379470825,0.27234041690826416,0.4444126784801483,0.6775291562080383
2026,0.2039823830127716,0.039946939796209335,1.0349892377853394,0.2717367708683014,0.45261815190315247,
2027,0.2052350789308548,0.03978949785232544,1.028683066368103,0.2709950804710388,0.44569316506385803,
2028,0.1990092694759369,0.04008908569812775,1.0374665260314941,0.27236971259117126,0.44852301478385925,
2029,0.19898183643817902,0.03977176547050476,1.0291588306427002,0.2710239291191101,0.4344028830528259,
2030,0.2002372145652771,0.04003160074353218,1.0340877771377563,0.2712740898132324,0.4465625584125519,
2031,0.20607219636440277,0.039974767714738846,1.034256935119629,0.2713703215122223,0.45761173963546753,
2032,0.20292402803897858,0.03988628461956978,1.0305123329162598,0.27105021476745605,0.44273337721824646,
2033,0.2088310718536377,0.039632994681596756,1.0305694341659546,0.2706257104873657,0.4531237781047821,
2034,0.20005357265472412,0.040067918598651886,1.0380151271820068,0.27194374799728394,0.45314455032348633,
2035,0.1983882635831833,0.04005642235279083,1.0341012477874756,0.2716384530067444,0.43866050243377686,
2036,0.19704216718673706,0.040151212364435196,1.0367006063461304,0.27165931463241577,0.44414910674095154,
2037,0.19744722545146942,0.03989638760685921,1.0320628881454468,0.27139243483543396,0.43424496054649353,
2038,0.1992592215538025,0.040038805454969406,1.0328062772750854,0.27126672863960266,0.44202426075935364,
2039,0.20102375745773315,0.03998056799173355,1.0359739065170288,0.27142369747161865,0.4496816098690033,
2040,0.19779890775680542,0.040016088634729385,1.034848928451538,0.271229088306427,0.4443133771419525,
2041,0.19351662695407867,0.04039628803730011,1.0426452159881592,0.2726316750049591,0.4466559588909149,
2042,0.19430674612522125,0.04035145416855812,1.0401118993759155,0.2725295126438141,0.44416144490242004,
2043,0.197282075881958,0.03988232836127281,1.0296118259429932,0.270751416683197,0.42945539951324463,
2044,0.19518227875232697,0.04012252762913704,1.0364576578140259,0.27203062176704407,0.44071075320243835,
2045,0.19449901580810547,0.04044010490179062,1.0453929901123047,0.27294233441352844,0.45137524604797363,
2046,0.19841858744621277,0.03986788168549538,1.0322226285934448,0.2713399827480316,0.439270555973053,
2047,0.20453061163425446,0.040000010281801224,1.0364599227905273,0.2721056044101715,0.4552295506000519,
2048,0.2080787867307663,0.0393279604613781,1.019914150238037,0.26960378885269165,0.430632621049881,
2049,0.203894704580307,0.03976389393210411,1.0279204845428467,0.2712075412273407,0.440443754196167,
2050,0.2079782634973526,0.03950996324419975,1.0239216089248657,0.2700394093990326,0.43909749388694763,0.6781783699989319
2051,0.19959087669849396,0.03988860920071602,1.033796787261963,0.2711358368396759,0.44346410036087036,
2052,0.19832965731620789,0.03987780213356018,1.0329991579055786,0.27148768305778503,0.4345129430294037,
2053,0.20637477934360504,0.039583224803209305,1.026322364807129,0.27020540833473206,0.4406015872955322,
2054,0.20186251401901245,0.03975911810994148,1.0271623134613037,0.27084964513778687,0.43330317735671997,
2055,0.20399615168571472,0.039880283176898956,1.030259609222412,0.2707456052303314,0.4450680911540985,
2056,0.20361647009849548,0.03982676938176155,1.0311096906661987,0.27113136649131775,0.4423017203807831,
2057,0.20570158958435059,0.0398019514977932,1.0363353490829468,0.27177613973617554,0.46029454469680786,
2058,0.21261049807071686,0.03947487100958824,1.0264101028442383,0.2705208659172058,0.45543172955513,
2059,0.2113257795572281,0.03960477560758591,1.0275503396987915,0.270528644323349,0.4539867341518402,
2060,0.20848438143730164,0.03965230658650398,1.027660846710205,0.27130943536758423,0.4474506080150604,
2061,0.20839348435401917,0.03970356285572052,1.0315282344818115,0.27102580666542053,0.45523110032081604,
2062,0.20236492156982422,0.04003450646996498,1.0403435230255127,0.272792786359787,0.45929887890815735,
2063,0.1998278647661209,0.04002920538187027,1.0370101928710938,0.27222639322280884,0.4514264166355133,
2064,0.20426210761070251,0.03967124596238136,1.029998540878296,0.27113065123558044,0.4473702907562256,
2065,0.19749966263771057,0.04013247787952423,1.0373570919036865,0.27213039994239807,0.44364237785339355,
2066,0.20236451923847198,0.040165990591049194,1.0375823974609375,0.27177587151527405,0.4566912055015564,
2067,0.19560398161411285,0.04019778221845627,1.0379917621612549,0.2720150947570801,0.4439305067062378,
2068,0.2047272026538849,0.03993767499923706,1.0318585634231567,0.27164071798324585,0.450843870639801,
2069,0.2038111835718155,0.04006006196141243,1.034024715423584,0.27175354957580566,0.45294761657714844,
2070,0.20446793735027313,0.039864782243967056,1.032137393951416,0.2717304825782776,0.4488649070262909,
2071,0.20404337346553802,0.04007438197731972,1.0352963209152222,0.27213382720947266,0.4547031819820404,
2072,0.19917908310890198,0.0405915342271328,1.046281337738037,0.273766428232193,0.46609824895858765,
2073,0.20204532146453857,0.04011140018701553,1.0364675521850586,0.2722539007663727,0.4526706337928772,
2074,0.2017766237258911,0.040072303265333176,1.0333266258239746,0.27145931124687195,0.44631126523017883,
2075,0.19782927632331848,0.04022720456123352,1.0389257669448853,0.2727101445198059,0.44973844289779663,0.6800740361213684
2076,0.20605172216892242,0.03993317112326622,1.0356155633926392,0.2713920474052429,0.45704200863838196,
2077,0.20590601861476898,0.04019499570131302,1.0395426750183105,0.27292823791503906,0.4647423326969147,
2078,0.2054806500673294,0.03982480987906456,1.0309967994689941,0.2713378369808197,0.44860729575157166,
2079,0.2022152990102768,0.039835549890995026,1.0336716175079346,0.2718334197998047,0.4473780393600464,
2080,0.20280282199382782,0.0401705764234066,1.0402933359146118,0.2722425162792206,0.461934894323349,
2081,0.2062327265739441,0.03964651748538017,1.0268216133117676,0.2705460488796234,0.4423160254955292,
2082,0.19947683811187744,0.03987110033631325,1.0350853204727173,0.27192652225494385,0.4456246495246887,
2083,0.20488257706165314,0.03974655643105507,1.0300241708755493,0.27125218510627747,0.44764214754104614,
2084,0.20207679271697998,0.039975401014089584,1.0343831777572632,0.2715107202529907,0.4509415626525879,
2085,0.20081453025341034,0.04000244289636612,1.0348412990570068,0.27188390493392944,0.4499698579311371,
2086,0.2024710327386856,0.03994164615869522,1.0319546461105347,0.27214789390563965,0.4432004988193512,
2087,0.1999768316745758,0.039913855493068695,1.037125587463379,0.2726856768131256,0.45124945044517517,
2088,0.1938343644142151,0.03994649276137352,1.035990834236145,0.27183064818382263,0.4334454834461212,
2089,0.199794739484787,0.039905887097120285,1.0331825017929077,0.27192506194114685,0.44348034262657166,
2090,0.20197546482086182,0.04001505300402641,1.0355093479156494,0.27262353897094727,0.4485207498073578,
2091,0.19497264921665192,0.040445759892463684,1.0479755401611328,0.27357763051986694,0.45932334661483765,
2092,0.20116393268108368,0.040056172758340836,1.0377882719039917,0.27250003814697266,0.4524458646774292,
2093,0.19933894276618958,0.04010097309947014,1.0389193296432495,0.2725071609020233,0.4502427279949188,
2094,0.198680579662323,0.04019303247332573,1.0375529527664185,0.27227744460105896,0.4495220482349396,
2095,0.1981024593114853,0.040026720613241196,1.034541368484497,0.2715296149253845,0.4407426416873932,
2096,0.20186787843704224,0.04002965986728668,1.033693552017212,0.2721824049949646,0.4486895799636841,
2097,0.19191323220729828,0.040256012231111526,1.0391981601715088,0.2728286385536194,0.4375353157520294,
2098,0.19831916689872742,0.039948780089616776,1.0360702276229858,0.27182942628860474,0.4463886022567749,
2099,0.19734488427639008,0.03981371223926544,1.0326063632965088,0.2715419828891754,0.43747568130493164,
2100,0.19535569846630096,0.0399731807410717,1.0370111465454102,0.2720136046409607,0.44052016735076904,0.6806391477584839
2101,0.19452090561389923,0.04019012302160263,1.041974663734436,0.2728451192378998,0.4502250850200653,
2102,0.19717063009738922,0.04007256403565407,1.0377596616744995,0.2714126408100128,0.4479527771472931,
2103,0.1946663111448288,0.04018653929233551,1.0403155088424683,0.27329176664352417,0.44819024205207825,
2104,0.18938815593719482,0.04028276354074478,1.0420805215835571,0.27225154638290405,0.43674108386039734,
2105,0.19599135220050812,0.040062353014945984,1.0404049158096313,0.272948682308197,0.4497852921485901,
2106,0.19901390373706818,0.0398486889898777,1.0317518711090088,0.27150312066078186,0.43329134583473206,
2107,0.19496433436870575,0.04024515300989151,1.041267991065979,0.27292361855506897,0.44922277331352234,
2108,0.19190622866153717,0.040581926703453064,1.0506649017333984,0.27421456575393677,0.460374653339386,
2109,0.19868789613246918,0.04007648304104805,1.040326714515686,0.2725617587566376,0.4530189633369446,
2110,0.1982843428850174,0.040063854306936264,1.0361891984939575,0.2721872627735138,0.44694724678993225,
2111,0.1909574419260025,0.040759216994047165,1.053005337715149,0.27420657873153687,0.46282950043678284,
2112,0.19148357212543488,0.04058504477143288,1.0472413301467896,0.27315232157707214,0.45435401797294617,
2113,0.19017253816127777,0.04070389270782471,1.0484925508499146,0.27375686168670654,0.45415887236595154,
2114,0.19398978352546692,0.04049498960375786,1.0434377193450928,0.2726552486419678,0.45182687044143677,
2115,0.19437626004219055,0.04017417132854462,1.040458083152771,0.272316575050354,0.44629955291748047,
2116,0.19310230016708374,0.04027093946933746,1.0404995679855347,0.2729439437389374,0.4435170590877533,
2117,0.19861479103565216,0.04008879512548447,1.0408459901809692,0.272950142621994,0.45075738430023193,
2118,0.1983305811882019,0.04034165292978287,1.0426442623138428,0.2730083465576172,0.45693737268447876,
2119,0.19546471536159515,0.04024021327495575,1.0418509244918823,0.27304649353027344,0.45174846053123474,
2120,0.20217473804950714,0.04012520611286163,1.0345474481582642,0.2723393738269806,0.4492608308792114,
2121,0.1941116452217102,0.04024001583456993,1.0388202667236328,0.2725326418876648,0.4430902898311615,
2122,0.200704887509346,0.04043757915496826,1.0436874628067017,0.2730710804462433,0.46262475848197937,
2123,0.2009517252445221,0.03988588973879814,1.0339949131011963,0.2715904116630554,0.44533273577690125,
2124,0.19852474331855774,0.04012648016214371,1.041189193725586,0.2725473940372467,0.4541223347187042,
2125,0.20272333920001984,0.04027443379163742,1.039404034614563,0.2725243866443634,0.4600386917591095,0.6816635131835938
2126,0.1939135640859604,0.040186408907175064,1.0411391258239746,0.27260473370552063,0.44614553451538086,
2127,0.20021918416023254,0.040006689727306366,1.033393144607544,0.2716999351978302,0.44387322664260864,
2129,0.20157858729362488,0.03991689532995224,1.0351561307907104,0.27200281620025635,0.4471730589866638,
2130,0.19759051501750946,0.04012665897607803,1.0387378931045532,0.27233779430389404,0.44696009159088135,
2131,0.2042022943496704,0.03981173783540726,1.03120756149292,0.2716287076473236,0.4456876218318939,
2132,0.20000441372394562,0.04004904255270958,1.040661096572876,0.27323997020721436,0.4544842839241028,
2133,0.19989754259586334,0.04034571722149849,1.0415711402893066,0.2722854018211365,0.45605140924453735,
2134,0.19357247650623322,0.04016728326678276,1.040505290031433,0.27247145771980286,0.4457545280456543,
2135,0.20317162573337555,0.03987300395965576,1.0328092575073242,0.27187564969062805,0.44478535652160645,
2136,0.19844114780426025,0.04014572128653526,1.0391470193862915,0.27289190888404846,0.45141875743865967,
2137,0.20488186180591583,0.039844684302806854,1.031302571296692,0.27115681767463684,0.44479870796203613,
2138,0.20015788078308105,0.040074422955513,1.0409306287765503,0.2727481424808502,0.4557519257068634,
2139,0.20518271625041962,0.039730072021484375,1.0301042795181274,0.27125951647758484,0.4422709345817566,
2140,0.19765624403953552,0.03986211121082306,1.0347645282745361,0.27161964774131775,0.43800994753837585,
2141,0.20424002408981323,0.039668790996074677,1.0291926860809326,0.2710154950618744,0.4427712857723236,
2142,0.1957179754972458,0.040178004652261734,1.0416349172592163,0.27291324734687805,0.4511885643005371,
2143,0.20207685232162476,0.04023705795407295,1.0423328876495361,0.27319714426994324,0.4623555541038513,
2144,0.19673040509223938,0.04025856778025627,1.0426126718521118,0.27316734194755554,0.45462048053741455,
2145,0.19588856399059296,0.040384821593761444,1.0464680194854736,0.2736247181892395,0.4620892405509949,
2146,0.1984737515449524,0.04028300195932388,1.04047691822052,0.2733171582221985,0.455057829618454,
2147,0.1989276260137558,0.04009493067860603,1.0409921407699585,0.27310144901275635,0.4545985758304596,
2148,0.201959490776062,0.04003842920064926,1.0359605550765991,0.2720368504524231,0.4529038965702057,
2149,0.19855356216430664,0.040240705013275146,1.0377295017242432,0.2723793089389801,0.4483564794063568,
2150,0.2004539519548416,0.04023671895265579,1.0398263931274414,0.27265048027038574,0.45501217246055603,0.6812061071395874
2151,0.19875648617744446,0.040419016033411026,1.0432989597320557,0.2726782560348511,0.4586339592933655,
2152,0.1981259137392044,0.04024052992463112,1.0385825634002686,0.27216094732284546,0.4477272033691406,
2153,0.1958341896533966,0.04027658328413963,1.04425048828125,0.27406957745552063,0.45594269037246704,
2154,0.19324098527431488,0.04040970653295517,1.0442173480987549,0.2736782431602478,0.4499804973602295,
2155,0.1942434459924698,0.040473293513059616,1.0437560081481934,0.27303746342658997,0.45190736651420593,
2156,0.1972295641899109,0.040124159306287766,1.0347354412078857,0.27173328399658203,0.43885016441345215,
2157,0.1952754557132721,0.04048943519592285,1.0464134216308594,0.2738782465457916,0.457785427570343,
2158,0.1991216242313385,0.04026452824473381,1.0398067235946655,0.2727673649787903,0.454836368560791,
2159,0.19851462543010712,0.040165774524211884,1.0386624336242676,0.2728753089904785,0.450419157743454,
2160,0.2046123594045639,0.03998236730694771,1.0361055135726929,0.2720440626144409,0.4548552930355072,
2161,0.19906648993492126,0.040124814957380295,1.0396665334701538,0.2720920741558075,0.4522860646247864,
2162,0.20177707076072693,0.039982955902814865,1.0386909246444702,0.2720544934272766,0.4538130760192871,
2163,0.19702070951461792,0.04036158323287964,1.0419338941574097,0.2734335660934448,0.45325300097465515,
2164,0.19798292219638824,0.040400125086307526,1.0449190139770508,0.27343714237213135,0.46088525652885437,
2165,0.20377762615680695,0.04009516164660454,1.034149408340454,0.2721492052078247,0.44980961084365845,
2166,0.19927255809307098,0.04039018973708153,1.0444226264953613,0.2736845016479492,0.46194642782211304,
2167,0.199515700340271,0.04023303464055061,1.0383820533752441,0.27226558327674866,0.451265424489975,
2168,0.2003067582845688,0.04024890810251236,1.038918137550354,0.2724308967590332,0.4532131850719452,
2169,0.20215542614459991,0.03989635407924652,1.0325218439102173,0.27177950739860535,0.44224491715431213,
2170,0.20339614152908325,0.04013330489397049,1.0359299182891846,0.27227941155433655,0.45347118377685547,
2171,0.20651458203792572,0.040141761302948,1.0332139730453491,0.2716675400733948,0.45385172963142395,
2172,0.19931013882160187,0.039999086409807205,1.0344899892807007,0.2717345356941223,0.4427829086780548,
2173,0.2001226395368576,0.04037624970078468,1.0398213863372803,0.27296173572540283,0.45499902963638306,
2174,0.19470824301242828,0.04030086472630501,1.0402878522872925,0.27303674817085266,0.4469721019268036,
2175,0.20181860029697418,0.04009635001420975,1.036224603652954,0.2722563147544861,0.45146456360816956,0.6840986609458923
2176,0.20514854788780212,0.04020562395453453,1.037771463394165,0.2724939286708832,0.4610498249530792,
2177,0.2020091563463211,0.04009370133280754,1.0355255603790283,0.27171793580055237,0.4514324367046356,
2178,0.20664791762828827,0.03994016349315643,1.0354206562042236,0.27207228541374207,0.4596952497959137,
2179,0.20120848715305328,0.04004265367984772,1.0376406908035278,0.27254703640937805,0.45344823598861694,
2180,0.2030065953731537,0.03997638076543808,1.0335383415222168,0.27161940932273865,0.4459558129310608,
2181,0.20378609001636505,0.03985859826207161,1.0335158109664917,0.27162107825279236,0.44962766766548157,
2182,0.20430858433246613,0.03997265547513962,1.0348752737045288,0.2720251679420471,0.45344576239585876,
2183,0.20363706350326538,0.03982251510024071,1.0273760557174683,0.2703394293785095,0.43746668100357056,
2184,0.2004735767841339,0.040060654282569885,1.037657380104065,0.27255624532699585,0.44988706707954407,
2185,0.19268472492694855,0.040416695177555084,1.04170823097229,0.27371421456336975,0.44312500953674316,
2186,0.2015383392572403,0.0401453971862793,1.0363283157348633,0.27234330773353577,0.4470168948173523,
2187,0.19948351383209229,0.040076758712530136,1.0365861654281616,0.27209633588790894,0.44587835669517517,
2188,0.20505833625793457,0.039983708411455154,1.0363411903381348,0.2721449136734009,0.45624253153800964,
2189,0.19998286664485931,0.03997069224715233,1.0305520296096802,0.27115634083747864,0.43774837255477905,
2190,0.20249855518341064,0.040291912853717804,1.040408968925476,0.27283576130867004,0.45758360624313354,
2191,0.20376300811767578,0.039967864751815796,1.0321204662322998,0.27186164259910583,0.44448062777519226,
2192,0.20375333726406097,0.039954934269189835,1.0351604223251343,0.2727113664150238,0.45196396112442017,
2193,0.20326998829841614,0.04009111225605011,1.036782145500183,0.27208054065704346,0.45061397552490234,
2194,0.20235605537891388,0.04001976177096367,1.0336658954620361,0.2718910276889801,0.4469574987888336,
2195,0.19801579415798187,0.04049728438258171,1.044895052909851,0.27375349402427673,0.4616847038269043,
2196,0.20311924815177917,0.04001634567975998,1.03563392162323,0.27221179008483887,0.454039990901947,
2197,0.20131701231002808,0.04021457955241203,1.0383524894714355,0.2720235288143158,0.4526144564151764,
2198,0.19371549785137177,0.04055710881948471,1.0475395917892456,0.2736649513244629,0.457608699798584,
2199,0.20393596589565277,0.040324579924345016,1.0410829782485962,0.27259814739227295,0.4626406133174896,
2200,0.20466212928295135,0.040055807679891586,1.0340845584869385,0.27152228355407715,0.4503360092639923,0.6845570206642151
2201,0.19903752207756042,0.04043266922235489,1.0443024635314941,0.2736695110797882,0.4613426923751831,
2202,0.19923175871372223,0.040268704295158386,1.038716197013855,0.2727072536945343,0.4511084258556366,
2203,0.2059294730424881,0.04017001762986183,1.0352128744125366,0.27225247025489807,0.4570227265357971,
2204,0.2032707929611206,0.04024425148963928,1.0392922163009644,0.27261242270469666,0.4589928984642029,
2205,0.2042774111032486,0.039988428354263306,1.0350961685180664,0.2726108133792877,0.4515194594860077,
2206,0.2018888294696808,0.04040193930268288,1.0432895421981812,0.2731272876262665,0.46212661266326904,
2207,0.2011837512254715,0.04027943313121796,1.0377049446105957,0.27269744873046875,0.4512385129928589,
2208,0.20588620007038116,0.04014018177986145,1.0352654457092285,0.2717871367931366,0.457206130027771,
2209,0.2053384631872177,0.040125370025634766,1.0374599695205688,0.27287131547927856,0.46048039197921753,
2210,0.2081761211156845,0.039940446615219116,1.0316883325576782,0.2718217074871063,0.4556121528148651,
2211,0.2035868614912033,0.0402645468711853,1.0396760702133179,0.27248865365982056,0.46352842450141907,
2212,0.20819643139839172,0.04008331522345543,1.0377405881881714,0.27226367592811584,0.46554896235466003,
2213,0.20478403568267822,0.039958033710718155,1.032871961593628,0.27125003933906555,0.45009076595306396,
2214,0.19730328023433685,0.040495578199625015,1.0433436632156372,0.27307775616645813,0.458665132522583,
2215,0.20360004901885986,0.040208399295806885,1.0391227006912231,0.2720033824443817,0.4554797410964966,
2216,0.20214495062828064,0.04015886038541794,1.037065029144287,0.27262622117996216,0.4532686173915863,
2217,0.2088478058576584,0.039871715009212494,1.0306464433670044,0.27147623896598816,0.45259514451026917,
2218,0.2026805728673935,0.040241219103336334,1.0362623929977417,0.2723070979118347,0.4490492045879364,
2219,0.19743861258029938,0.04042694345116615,1.042993187904358,0.2730550765991211,0.45698288083076477,
2220,0.20722219347953796,0.04002082720398903,1.0343084335327148,0.27138468623161316,0.4582216441631317,
2221,0.20135346055030823,0.040122140198946,1.0364034175872803,0.2716156542301178,0.45180296897888184,
2222,0.20975236594676971,0.04005811735987663,1.029647946357727,0.27148696780204773,0.4522392451763153,
2223,0.20871242880821228,0.04011910408735275,1.0348165035247803,0.27177324891090393,0.4619998633861542,
2224,0.19983389973640442,0.040346741676330566,1.0434297323226929,0.27256181836128235,0.4603152573108673,
2225,0.20545510947704315,0.04007710888981819,1.034168004989624,0.27194464206695557,0.45547762513160706,0.6858741641044617
2226,0.20452871918678284,0.040191520005464554,1.0364259481430054,0.27194419503211975,0.4585600793361664,
2227,0.20844680070877075,0.040090981870889664,1.0364850759506226,0.2724215090274811,0.46363702416419983,
2228,0.20554353296756744,0.04034614562988281,1.0383939743041992,0.27222803235054016,0.4621802270412445,
2229,0.2098701447248459,0.04000098630785942,1.031494140625,0.2715001404285431,0.45863428711891174,
2230,0.20616334676742554,0.04070020094513893,1.0461174249649048,0.2736160457134247,0.47670429944992065,
2231,0.20238637924194336,0.04037958011031151,1.0356427431106567,0.27201950550079346,0.4455850422382355,
2232,0.19930434226989746,0.04012921825051308,1.0322967767715454,0.2714563012123108,0.4370121955871582,
2233,0.19909793138504028,0.04037971422076225,1.0428240299224854,0.2734956443309784,0.45699411630630493,
2234,0.2004406750202179,0.0401046946644783,1.0361578464508057,0.2723892033100128,0.4476904571056366,
2235,0.2049509882926941,0.040026724338531494,1.0357379913330078,0.2720509469509125,0.4572737514972687,
2236,0.2092544287443161,0.04003318026661873,1.035244107246399,0.2721865773200989,0.4628917872905731,
2238,0.19821672141551971,0.04063991829752922,1.0454648733139038,0.2727862596511841,0.4614183008670807,
2239,0.19998511672019958,0.040400851517915726,1.0432523488998413,0.2735488712787628,0.4617826044559479,
2240,0.2013176679611206,0.04025464132428169,1.0374393463134766,0.2720854580402374,0.4505097568035126,
2241,0.19720596075057983,0.04030299931764603,1.0430723428726196,0.2733302116394043,0.45438119769096375,
2242,0.20239654183387756,0.04021859169006348,1.0411731004714966,0.27271780371665955,0.4618745446205139,
2243,0.20279663801193237,0.0402766615152359,1.0426005125045776,0.2727677822113037,0.46439412236213684,
2244,0.2024262547492981,0.04032008722424507,1.0436323881149292,0.2733611464500427,0.4647980034351349,
2245,0.20421470701694489,0.04007069021463394,1.0371419191360474,0.27186888456344604,0.45560187101364136,
2246,0.19651184976100922,0.04048743098974228,1.0453951358795166,0.27341753244400024,0.4588656723499298,
2247,0.20175303518772125,0.0403929241001606,1.0409547090530396,0.2726779878139496,0.4622272253036499,
2248,0.20119845867156982,0.040233638137578964,1.0421861410140991,0.2733951807022095,0.46052810549736023,
2249,0.2044762372970581,0.04040125012397766,1.044097661972046,0.27291086316108704,0.47223666310310364,
2250,0.1967146396636963,0.04042443260550499,1.0443909168243408,0.27364104986190796,0.45708516240119934,0.6866593956947327
2251,0.19954818487167358,0.04031511768698692,1.041203498840332,0.27272123098373413,0.45858973264694214,
2252,0.19997724890708923,0.03983215242624283,1.0322319269180298,0.2716161906719208,0.43944650888442993,
2253,0.20366442203521729,0.040184386074543,1.0380380153656006,0.2724274694919586,0.45762819051742554,
2255,0.20272527635097504,0.040110617876052856,1.0379151105880737,0.2725936770439148,0.4572732746601105,
2257,0.20112566649913788,0.03993097320199013,1.0322226285934448,0.27163419127464294,0.4436953663825989,
2258,0.2024868130683899,0.039975736290216446,1.0360605716705322,0.2723621129989624,0.45158177614212036,
2259,0.20499083399772644,0.04020494967699051,1.0414003133773804,0.27363210916519165,0.46761658787727356,
2260,0.20215921103954315,0.040110960602760315,1.0424683094024658,0.2728452980518341,0.46005359292030334,
2261,0.20856773853302002,0.04021775722503662,1.042242169380188,0.2730600833892822,0.47327721118927,
2262,0.20738954842090607,0.039880573749542236,1.030975341796875,0.27148786187171936,0.45247405767440796,
2264,0.20490531623363495,0.03985220938920975,1.03322434425354,0.2716764807701111,0.45148539543151855,
2265,0.20295260846614838,0.04018482565879822,1.0393943786621094,0.2724323272705078,0.4590478837490082,
2266,0.19913338124752045,0.040594641119241714,1.0486961603164673,0.2738821804523468,0.4682755172252655,
2267,0.20243051648139954,0.040063560009002686,1.0356321334838867,0.27176573872566223,0.4498598575592041,
2268,0.20056697726249695,0.04018178954720497,1.0388810634613037,0.2731158435344696,0.4521433413028717,
2269,0.2004585862159729,0.040357526391744614,1.0398441553115845,0.27277296781539917,0.45485788583755493,
2270,0.20112217962741852,0.040458932518959045,1.0427141189575195,0.2729925215244293,0.46079063415527344,
2271,0.20122255384922028,0.04021327570080757,1.0411224365234375,0.27326661348342896,0.45863547921180725,
2272,0.20068281888961792,0.0400998592376709,1.039897084236145,0.2723693251609802,0.4553450644016266,
2273,0.19749213755130768,0.04029932618141174,1.0417612791061401,0.27352237701416016,0.45344242453575134,
2274,0.20167216658592224,0.039885491132736206,1.0309858322143555,0.2715423107147217,0.44029632210731506,
2275,0.20328934490680695,0.04014207422733307,1.038347840309143,0.27255892753601074,0.456820547580719,0.6876819133758545
2276,0.1980847865343094,0.040148280560970306,1.0378248691558838,0.2726230025291443,0.4475041925907135,
2277,0.2030995935201645,0.040013182908296585,1.0354039669036865,0.2723102271556854,0.45361462235450745,
2278,0.20397572219371796,0.039936065673828125,1.0351642370224,0.2717683017253876,0.4535624384880066,
2279,0.20598104596138,0.0400480255484581,1.0363119840621948,0.2725337743759155,0.46143439412117004,
2280,0.20967388153076172,0.03990282863378525,1.032619833946228,0.27188822627067566,0.4596036374568939,
2281,0.20634375512599945,0.04029920697212219,1.0399032831192017,0.2725505232810974,0.46740633249282837,
2282,0.2082137018442154,0.03995484113693237,1.034090280532837,0.2718998193740845,0.4593592584133148,
2283,0.20359358191490173,0.040187083184719086,1.0380566120147705,0.27278605103492737,0.4589695632457733,
2284,0.20638632774353027,0.03996000811457634,1.0313730239868164,0.2715478837490082,0.4509548842906952,
2285,0.21082045137882233,0.039505135267972946,1.0233395099639893,0.2704518139362335,0.44402745366096497,
2286,0.2062423676252365,0.03988790139555931,1.0316126346588135,0.2714105546474457,0.4469129741191864,
2287,0.20438797771930695,0.040102697908878326,1.0374464988708496,0.2726268172264099,0.4575333595275879,
2288,0.20594839751720428,0.04017843306064606,1.0395021438598633,0.2727656066417694,0.464019238948822,
2289,0.20498627424240112,0.040088195353746414,1.0396232604980469,0.2721225619316101,0.46242210268974304,
2290,0.20516128838062286,0.040035054087638855,1.0368688106536865,0.2719191014766693,0.4554407298564911,
2291,0.20003867149353027,0.04053812101483345,1.057797908782959,0.2750139832496643,0.4857034385204315,
2292,0.20106655359268188,0.04025505855679512,1.0463625192642212,0.2730397582054138,0.4709234833717346,
2293,0.2068091481924057,0.04000803083181381,1.041045069694519,0.2726759910583496,0.4689961373806,
2294,0.2007388025522232,0.040493737906217575,1.0521864891052246,0.27423954010009766,0.474679172039032,
2295,0.2067680060863495,0.040319494903087616,1.0464049577713013,0.27391430735588074,0.47725188732147217,
2296,0.20679691433906555,0.04015481099486351,1.0372799634933472,0.27211707830429077,0.4630621671676636,
2297,0.20297282934188843,0.04000372067093849,1.0387996435165405,0.2727566659450531,0.4570840895175934,
2298,0.209553524851799,0.04008452594280243,1.0406137704849243,0.2731107175350189,0.47492989897727966,
2299,0.20456697046756744,0.04022524505853653,1.0458216667175293,0.2733233869075775,0.4732085168361664,
2300,0.20505377650260925,0.0400569774210453,1.0402060747146606,0.2725960612297058,0.4670652449131012,0.6882228255271912
2301,0.2061157375574112,0.04014080390334129,1.04624342918396,0.2732221186161041,0.47626906633377075,
2302,0.20536203682422638,0.04011052846908569,1.0375330448150635,0.2722037732601166,0.45974257588386536,
2303,0.20452813804149628,0.04019761458039284,1.0424635410308838,0.27304092049598694,0.4686906635761261,
2304,0.2081627994775772,0.0398298054933548,1.0314290523529053,0.27136772871017456,0.4560836851596832,
2305,0.2031806856393814,0.03999277576804161,1.0370763540267944,0.2724153697490692,0.4543187618255615,
2308,0.20708565413951874,0.04001995548605919,1.037969708442688,0.2718419134616852,0.46332669258117676,
2309,0.20527413487434387,0.04027952998876572,1.0414131879806519,0.2726602554321289,0.4686817526817322,
2310,0.20467212796211243,0.039944373071193695,1.0351618528366089,0.2723016142845154,0.452867716550827,
2311,0.20782892405986786,0.04021958261728287,1.0418076515197754,0.2726466655731201,0.4722326099872589,
2312,0.2106497883796692,0.03980289399623871,1.032044529914856,0.2719004154205322,0.46216055750846863,
2313,0.2072702944278717,0.040030889213085175,1.0369675159454346,0.27205538749694824,0.46091195940971375,
2314,0.20949116349220276,0.04005151242017746,1.0303771495819092,0.2715626358985901,0.45451438426971436,
2315,0.20579862594604492,0.04014343395829201,1.037721872329712,0.2726037800312042,0.4619500935077667,
2316,0.1994815319776535,0.040184468030929565,1.0385417938232422,0.27281156182289124,0.45003798604011536,
2317,0.20548906922340393,0.040023092180490494,1.0322964191436768,0.27172979712486267,0.4504283368587494,
2318,0.20742954313755035,0.04003804177045822,1.0360792875289917,0.2722884714603424,0.4615475535392761,
2319,0.2048950046300888,0.040135618299245834,1.040385365486145,0.2731669545173645,0.46279484033584595,
2320,0.2066769301891327,0.03997568413615227,1.034658432006836,0.2715844213962555,0.4568255543708801,
2321,0.20718437433242798,0.040351223200559616,1.0442447662353516,0.27340030670166016,0.47652870416641235,
2322,0.21088047325611115,0.03972515091300011,1.0284943580627441,0.2708417773246765,0.45426085591316223,
2323,0.21009761095046997,0.040038399398326874,1.0378391742706299,0.2725712060928345,0.470375657081604,
2324,0.20271846652030945,0.040297478437423706,1.042924165725708,0.27310919761657715,0.4655512571334839,
2325,0.20819337666034698,0.04019170254468918,1.0375880002975464,0.27203571796417236,0.4647009074687958,0.68891841173172
2326,0.206588476896286,0.040122415870428085,1.0366976261138916,0.2728598117828369,0.461910605430603,
2327,0.20565272867679596,0.040358953177928925,1.0412431955337524,0.27307769656181335,0.46618548035621643,
2328,0.20134925842285156,0.04045194387435913,1.0426509380340576,0.27303123474121094,0.4638526737689972,
2329,0.2071480005979538,0.04012607783079147,1.0365338325500488,0.2726697027683258,0.46229925751686096,
2330,0.20630112290382385,0.04023345559835434,1.038844347000122,0.2724950611591339,0.4646066725254059,
2331,0.20470233261585236,0.03986314684152603,1.0307466983795166,0.27167949080467224,0.44607552886009216,
2332,0.20484428107738495,0.04003675654530525,1.0361570119857788,0.27227944135665894,0.45711246132850647,
2333,0.20877937972545624,0.03999194875359535,1.0352519750595093,0.2725921869277954,0.4597152769565582,
2334,0.20905408263206482,0.04009406268596649,1.0405948162078857,0.27286604046821594,0.4707404673099518,
2335,0.20230814814567566,0.04005434364080429,1.0369101762771606,0.27238088846206665,0.45336711406707764,
2336,0.20691567659378052,0.04030950739979744,1.0398235321044922,0.2725672721862793,0.4683132767677307,
2337,0.20348209142684937,0.040392354130744934,1.0382615327835083,0.27247175574302673,0.46062618494033813,
2338,0.2030261754989624,0.040426239371299744,1.0479655265808105,0.27366986870765686,0.4733259975910187,
2339,0.2004522830247879,0.04044554382562637,1.0460848808288574,0.27392134070396423,0.4669068455696106,
2340,0.20513659715652466,0.04038674384355545,1.0411598682403564,0.2732234299182892,0.4648760259151459,
2341,0.2053103893995285,0.04055594652891159,1.0478460788726807,0.27393391728401184,0.47869673371315,
2342,0.20265349745750427,0.04043940454721451,1.0465657711029053,0.27355730533599854,0.4720141291618347,
2343,0.20051518082618713,0.04061388596892357,1.051230788230896,0.27463892102241516,0.47808659076690674,
2344,0.20105065405368805,0.04055146500468254,1.0487066507339478,0.2742267847061157,0.4730786383152008,
2345,0.20716382563114166,0.040090542286634445,1.0364526510238647,0.2722405791282654,0.45723479986190796,
2346,0.2090182900428772,0.04014948755502701,1.038225769996643,0.27318820357322693,0.4693112075328827,
2347,0.2065737247467041,0.03992771357297897,1.0368931293487549,0.27269190549850464,0.46219953894615173,
2348,0.2081734538078308,0.040076036006212234,1.0385080575942993,0.27206286787986755,0.4673762321472168,
2349,0.20860740542411804,0.040554940700531006,1.0472562313079834,0.27401432394981384,0.4842832684516907,
2350,0.2087039351463318,0.040154457092285156,1.039394497871399,0.2728550434112549,0.46973034739494324,0.6896460652351379
2351,0.20388467609882355,0.0402752049267292,1.0412677526474,0.27324196696281433,0.46283626556396484,
2352,0.19913208484649658,0.04067236930131912,1.0529617071151733,0.27440938353538513,0.47478431463241577,
2353,0.20432864129543304,0.04023382440209389,1.0463484525680542,0.27340662479400635,0.47345688939094543,
2354,0.20381951332092285,0.04034591093659401,1.0477840900421143,0.27436912059783936,0.4777302145957947,
2355,0.19980233907699585,0.0406200997531414,1.0509530305862427,0.2746424376964569,0.47409144043922424,
2356,0.2067394256591797,0.0403006374835968,1.043936848640442,0.2732884883880615,0.47427624464035034,
2357,0.20915910601615906,0.040083449333906174,1.0402557849884033,0.2728126049041748,0.47180062532424927,
2358,0.20615732669830322,0.040184445679187775,1.0379905700683594,0.2726363241672516,0.46351689100265503,
2359,0.19942571222782135,0.040455274283885956,1.0449678897857666,0.2737652063369751,0.4641183912754059,
2360,0.20810870826244354,0.04005993902683258,1.0368837118148804,0.2723386585712433,0.46347421407699585,
2361,0.20599296689033508,0.040400657802820206,1.044252872467041,0.2735801339149475,0.4738227128982544,
2362,0.2063985913991928,0.04045184701681137,1.041788935661316,0.2729417383670807,0.4701608419418335,
2363,0.20363065600395203,0.04052159562706947,1.0459716320037842,0.27359116077423096,0.4718892276287079,
2364,0.20569652318954468,0.040399521589279175,1.0423017740249634,0.2731693983078003,0.46927887201309204,
2365,0.20397523045539856,0.040387559682130814,1.0431681871414185,0.27310001850128174,0.4677969813346863,
2366,0.20235586166381836,0.040619365870952606,1.0495553016662598,0.2740604281425476,0.478415846824646,
2367,0.20263215899467468,0.04047173634171486,1.0480817556381226,0.2743953466415405,0.473400354385376,
2368,0.20179393887519836,0.04007730633020401,1.0382912158966064,0.27287036180496216,0.4536442756652832,
2369,0.21128317713737488,0.04027588665485382,1.0491445064544678,0.27402180433273315,0.4891548752784729,
2370,0.20881547033786774,0.040373336523771286,1.044496774673462,0.27363458275794983,0.47952166199684143,
2371,0.2051490992307663,0.040304236114025116,1.0459139347076416,0.27390655875205994,0.47413328289985657,
2372,0.2076295018196106,0.040460310876369476,1.0488580465316772,0.2738209068775177,0.4824492037296295,
2373,0.20407868921756744,0.04027468338608742,1.044630527496338,0.27320781350135803,0.4680693447589874,
2374,0.20895454287528992,0.04026983305811882,1.0450382232666016,0.2734379470348358,0.47899767756462097,
2375,0.21067236363887787,0.04003790020942688,1.037507176399231,0.2724955677986145,0.47085288166999817,0.6905011534690857
2376,0.2127857357263565,0.03984122723340988,1.0329933166503906,0.271854966878891,0.4663439095020294,
2377,0.20483388006687164,0.04026075080037117,1.0439088344573975,0.2732292413711548,0.4684889316558838,
2379,0.20576444268226624,0.04011634737253189,1.0368462800979614,0.27215611934661865,0.45925816893577576,
2380,0.20977993309497833,0.04003481939435005,1.0372768640518188,0.27294549345970154,0.4687768816947937,
2381,0.20968374609947205,0.03989545628428459,1.033155918121338,0.27174821496009827,0.4556550979614258,
2382,0.2070588767528534,0.04029030352830887,1.0430153608322144,0.27288055419921875,0.4741062819957733,
2383,0.21012133359909058,0.039861857891082764,1.026842713356018,0.27070483565330505,0.4503573179244995,
2384,0.2092159241437912,0.04055296257138252,1.047803282737732,0.2737842798233032,0.4861317574977875,
2385,0.20688001811504364,0.04015754908323288,1.0368363857269287,0.27228695154190063,0.4625147879123688,
2386,0.20662744343280792,0.040411822497844696,1.0459904670715332,0.2740366756916046,0.4749879539012909,
2387,0.20368923246860504,0.04029787331819534,1.0447289943695068,0.27331870794296265,0.4684792160987854,
2388,0.20718181133270264,0.040065135806798935,1.0391919612884521,0.2729904055595398,0.46440207958221436,
2389,0.20538082718849182,0.04000318422913551,1.0366644859313965,0.272159218788147,0.457168310880661,
2390,0.20566219091415405,0.04012992978096008,1.041304588317871,0.2731708288192749,0.4659671187400818,
2391,0.20051723718643188,0.040302351117134094,1.0439597368240356,0.273232638835907,0.4613906741142273,
2392,0.20592130720615387,0.04026574268937111,1.040917158126831,0.2727903723716736,0.46810561418533325,
2393,0.20876389741897583,0.03999537229537964,1.0430508852005005,0.27321168780326843,0.4763285517692566,
2394,0.2094283252954483,0.03982744365930557,1.0323517322540283,0.2716306149959564,0.45830005407333374,
2395,0.20755507051944733,0.040419962257146835,1.043256402015686,0.2731298506259918,0.47539302706718445,
2396,0.20508410036563873,0.040150873363018036,1.0376008749008179,0.2725255787372589,0.45926281809806824,
2397,0.2113487720489502,0.0398942269384861,1.0338643789291382,0.2713980972766876,0.46561339497566223,
2398,0.20962689816951752,0.039933010935783386,1.0361260175704956,0.2721201181411743,0.4640299677848816,
2399,0.20470264554023743,0.04040295630693436,1.0482823848724365,0.2737176716327667,0.47540023922920227,
2400,0.20588596165180206,0.0400729700922966,1.0438085794448853,0.2734571099281311,0.4689919948577881,0.6915649175643921
2401,0.20274615287780762,0.04005858674645424,1.0386563539505005,0.27219241857528687,0.4555726945400238,
2402,0.20289061963558197,0.040095917880535126,1.0374211072921753,0.2722800374031067,0.45573917031288147,
2403,0.20402632653713226,0.040217023342847824,1.0386019945144653,0.27253690361976624,0.4603331387042999,
2404,0.20677776634693146,0.040437813848257065,1.0458678007125854,0.2733701467514038,0.47728270292282104,
2405,0.20621700584888458,0.0403645820915699,1.0431079864501953,0.27266401052474976,0.47169166803359985,
2406,0.19885720312595367,0.04068534076213837,1.0490005016326904,0.27415770292282104,0.47034409642219543,
2407,0.20115023851394653,0.040487680584192276,1.0465154647827148,0.27415481209754944,0.467291921377182,
2408,0.20621754229068756,0.040245238691568375,1.042342185974121,0.27299633622169495,0.4683549702167511,
2409,0.2035003900527954,0.039929527789354324,1.0336353778839111,0.271807461977005,0.44781818985939026,
2410,0.2005002647638321,0.04055008292198181,1.05097234249115,0.27376067638397217,0.47357094287872314,
2411,0.19957256317138672,0.04069654271006584,1.0481603145599365,0.2737255096435547,0.47070783376693726,
2412,0.20429041981697083,0.040423888713121414,1.047263264656067,0.273881196975708,0.4763224720954895,
2413,0.2082502543926239,0.040100403130054474,1.0362576246261597,0.27215349674224854,0.4628642499446869,
2414,0.2074257880449295,0.040404848754405975,1.0441033840179443,0.27344900369644165,0.4748872220516205,
2415,0.20801261067390442,0.04045553877949715,1.0455561876296997,0.2737581729888916,0.47990086674690247,
2416,0.20492541790008545,0.040446989238262177,1.0458351373672485,0.2734760344028473,0.4728160500526428,
2417,0.20566026866436005,0.040269725024700165,1.0420050621032715,0.2731609046459198,0.4708188772201538,
2418,0.20727354288101196,0.04049207642674446,1.0450023412704468,0.27319636940956116,0.4756677448749542,
2420,0.20732086896896362,0.04024343565106392,1.0429354906082153,0.27331241965293884,0.47460463643074036,
2421,0.20987458527088165,0.04015200585126877,1.0398586988449097,0.27295470237731934,0.47093942761421204,
2422,0.20578818023204803,0.039986152201890945,1.0364863872528076,0.2723888158798218,0.4583241939544678,
2423,0.2058047354221344,0.04037250950932503,1.0415654182434082,0.2731340825557709,0.46545442938804626,
2424,0.20849089324474335,0.04027622193098068,1.0397497415542603,0.27326080203056335,0.46786290407180786,
2425,0.20474596321582794,0.04035281017422676,1.0424476861953735,0.2739325165748596,0.4664711654186249,0.6918534636497498
2426,0.20684558153152466,0.04037735238671303,1.0468471050262451,0.274276465177536,0.4788854122161865,
2427,0.20697692036628723,0.04008959233760834,1.0382391214370728,0.27264073491096497,0.46232715249061584,
2428,0.2091040015220642,0.04037829115986824,1.0447916984558105,0.2732568085193634,0.47984251379966736,
2429,0.20336921513080597,0.04015892744064331,1.0358302593231201,0.2724129259586334,0.45099687576293945,
2430,0.20791234076023102,0.040176283568143845,1.0386502742767334,0.27291566133499146,0.46656298637390137,
2431,0.2038165032863617,0.04053226485848427,1.048707127571106,0.2742355763912201,0.47781771421432495,
2432,0.20406374335289001,0.040284931659698486,1.0399038791656494,0.27303546667099,0.46125802397727966,
2433,0.20637154579162598,0.040270183235406876,1.0407977104187012,0.27274638414382935,0.4659118056297302,
2434,0.20392592251300812,0.04029358550906181,1.0440596342086792,0.2736293375492096,0.4685671925544739,
2435,0.2028268724679947,0.040140628814697266,1.0429996252059937,0.2730359435081482,0.46405351161956787,
2436,0.20167633891105652,0.04005573317408562,1.0411090850830078,0.27250877022743225,0.4574193060398102,
2437,0.20831969380378723,0.040052372962236404,1.0375490188598633,0.2723030149936676,0.4649219214916229,
2438,0.21413829922676086,0.039894331246614456,1.0359439849853516,0.2720586359500885,0.4746679365634918,
2439,0.20686891674995422,0.04024012014269829,1.0412124395370483,0.27301961183547974,0.46749332547187805,
2440,0.20479781925678253,0.040250588208436966,1.040259599685669,0.2729904055595398,0.4627693295478821,
2441,0.20552776753902435,0.040394145995378494,1.0449784994125366,0.2732686698436737,0.47328200936317444,
2442,0.20437678694725037,0.04038297012448311,1.043337345123291,0.2735435962677002,0.4676890969276428,
2443,0.1983601301908493,0.04045460745692253,1.0458886623382568,0.27436235547065735,0.4622732400894165,
2444,0.20504769682884216,0.04062505066394806,1.0491660833358765,0.2742536962032318,0.48121169209480286,
2445,0.19909760355949402,0.04054638370871544,1.0499171018600464,0.2741388976573944,0.4701249599456787,
2446,0.20346195995807648,0.04056832939386368,1.0485703945159912,0.274493545293808,0.4769548177719116,
2447,0.20745643973350525,0.04035766050219536,1.0444443225860596,0.2740653157234192,0.4755713641643524,
2448,0.2014237493276596,0.0402657687664032,1.0405404567718506,0.2733013331890106,0.45708420872688293,
2449,0.19921819865703583,0.04037991166114807,1.0437856912612915,0.273602157831192,0.45998892188072205,
2450,0.2042541801929474,0.0402696467936039,1.0427250862121582,0.2733969986438751,0.46573930978775024,0.6925357580184937
2451,0.2098371982574463,0.03982635587453842,1.0312694311141968,0.2719946503639221,0.46037057042121887,
2452,0.2061070203781128,0.04003677889704704,1.0387046337127686,0.27250364422798157,0.46197766065597534,
2453,0.20046916604042053,0.04032690078020096,1.0417165756225586,0.2731545865535736,0.4578615427017212,
2454,0.20093978941440582,0.040352318435907364,1.0436514616012573,0.2733241021633148,0.4599160850048065,
2455,0.1948223114013672,0.0410701259970665,1.062423586845398,0.2760831117630005,0.48415854573249817,
2456,0.2029544562101364,0.040589407086372375,1.0496271848678589,0.2745511829853058,0.4776217043399811,
2457,0.20543663203716278,0.04029913991689682,1.044642448425293,0.27355313301086426,0.47235551476478577,
2458,0.1986224502325058,0.04051492363214493,1.051023006439209,0.27419713139533997,0.4727040231227875,
2459,0.20879773795604706,0.03994538635015488,1.0356112718582153,0.27248087525367737,0.46211501955986023,
2460,0.2051139920949936,0.04057302325963974,1.0496039390563965,0.2743690013885498,0.48025065660476685,
2461,0.2037956416606903,0.040264178067445755,1.0435441732406616,0.27353623509407043,0.4673151671886444,
2462,0.20112450420856476,0.040259949862957,1.0448410511016846,0.2734488844871521,0.4655762016773224,
2463,0.20957273244857788,0.0399581603705883,1.0375173091888428,0.2725933790206909,0.469486802816391,
2464,0.2055777609348297,0.03999510034918785,1.0384739637374878,0.27293455600738525,0.46390652656555176,
2465,0.2065238356590271,0.04049214720726013,1.0482470989227295,0.2740709185600281,0.47977903485298157,
2466,0.2049226462841034,0.04029764607548714,1.0428119897842407,0.2736535966396332,0.4678614139556885,
2467,0.20408153533935547,0.04029376804828644,1.0411138534545898,0.27271103858947754,0.46596232056617737,
2468,0.20622263848781586,0.040354955941438675,1.046080470085144,0.27357757091522217,0.4742984175682068,
2469,0.20656287670135498,0.04025297239422798,1.0424357652664185,0.2735292613506317,0.4718497395515442,
2470,0.20073415338993073,0.04038560017943382,1.045940637588501,0.27380701899528503,0.4655945897102356,
2471,0.20352421700954437,0.04049910232424736,1.046280860900879,0.27370280027389526,0.4715598225593567,
2472,0.2037057876586914,0.04046523571014404,1.0434235334396362,0.273928165435791,0.465800017118454,
2473,0.2069099396467209,0.04029977694153786,1.0410349369049072,0.27369561791419983,0.4697588384151459,
2474,0.2034144401550293,0.040516238659620285,1.0474624633789062,0.27371639013290405,0.4736219346523285,
2475,0.198813334107399,0.0402316078543663,1.0394352674484253,0.27263882756233215,0.4515968859195709,0.69342440366745
2476,0.20309531688690186,0.04050487279891968,1.0485783815383911,0.274336576461792,0.4764261543750763,
2478,0.20023015141487122,0.04054693505167961,1.047494888305664,0.2742128372192383,0.46819740533828735,
2479,0.20519179105758667,0.040421757847070694,1.0458829402923584,0.2735920548439026,0.4750499129295349,
2480,0.20945274829864502,0.040253568440675735,1.0440120697021484,0.2731197476387024,0.47846728563308716,
2481,0.20981533825397491,0.040031272917985916,1.0384469032287598,0.27263182401657104,0.469788134098053,
2482,0.20627079904079437,0.0398605577647686,1.032240629196167,0.27191027998924255,0.45282498002052307,
2483,0.2060193419456482,0.0403016097843647,1.0443106889724731,0.27361202239990234,0.4738383889198303,
2484,0.20581522583961487,0.040289100259542465,1.0439984798431396,0.27381518483161926,0.47414281964302063,
2485,0.2015678882598877,0.040347423404455185,1.0457395315170288,0.2740474343299866,0.46733957529067993,
2486,0.20243823528289795,0.040209557861089706,1.0435791015625,0.27374351024627686,0.4641476571559906,
2487,0.20354942977428436,0.04022151976823807,1.0394693613052368,0.27267080545425415,0.45862287282943726,
2488,0.20137836039066315,0.040677525103092194,1.052100658416748,0.27460429072380066,0.4780018925666809,
2489,0.20521196722984314,0.04037998616695404,1.0446360111236572,0.2742871046066284,0.47310882806777954,
2490,0.2015753984451294,0.04044242575764656,1.0439516305923462,0.27371349930763245,0.46319302916526794,
2491,0.19823580980300903,0.04038155451416969,1.0437456369400024,0.27390599250793457,0.45674005150794983,
2492,0.20153355598449707,0.04045381769537926,1.0450938940048218,0.27422115206718445,0.467386931180954,
2493,0.204084113240242,0.04016273096203804,1.0391759872436523,0.27242526412010193,0.4570414125919342,
2494,0.1959449052810669,0.0405033640563488,1.048770785331726,0.27455881237983704,0.4608100354671478,
2495,0.2047136276960373,0.04017657786607742,1.0402730703353882,0.2730010449886322,0.4649658501148224,
2496,0.2014111578464508,0.04031266272068024,1.0437581539154053,0.2732776403427124,0.4647517800331116,
2497,0.19731558859348297,0.0403987318277359,1.046947956085205,0.27396780252456665,0.4616544246673584,
2498,0.20192943513393402,0.04016511142253876,1.0396078824996948,0.2735658288002014,0.4572121500968933,
2499,0.20644526183605194,0.040166668593883514,1.0398569107055664,0.2733800709247589,0.4667317271232605,
2500,0.20367221534252167,0.04046303778886795,1.0483046770095825,0.27398476004600525,0.4780663251876831,0.6946911811828613
2501,0.20305956900119781,0.04050486907362938,1.0477819442749023,0.27494367957115173,0.4726774990558624,
2502,0.2039612978696823,0.04007469490170479,1.0376607179641724,0.2729918956756592,0.4560622572898865,
2503,0.20584695041179657,0.04032958671450615,1.0428675413131714,0.27350735664367676,0.4696422517299652,
2504,0.20161548256874084,0.04056036099791527,1.0488609075546265,0.27399080991744995,0.47454479336738586,
2505,0.19751089811325073,0.04043164476752281,1.0428520441055298,0.273666650056839,0.4558033347129822,
2506,0.20290909707546234,0.04014182090759277,1.0391496419906616,0.2727822959423065,0.4572584927082062,
2507,0.2087114453315735,0.040052931755781174,1.0378992557525635,0.2725234925746918,0.4657115042209625,
2508,0.20531994104385376,0.0402863584458828,1.0391769409179688,0.27292802929878235,0.4636302590370178,
2509,0.2015571892261505,0.04025757685303688,1.0408574342727661,0.2732251286506653,0.4599348306655884,
2510,0.20257516205310822,0.04018782079219818,1.036522388458252,0.2727634012699127,0.45137152075767517,
2511,0.20054912567138672,0.040355198085308075,1.0462993383407593,0.27349281311035156,0.4630281329154968,
2512,0.2065945714712143,0.040349751710891724,1.045871376991272,0.273794561624527,0.47608327865600586,
2513,0.20540176331996918,0.04029463976621628,1.0406988859176636,0.27313268184661865,0.4641371965408325,
2514,0.21045079827308655,0.03983529284596443,1.031225562095642,0.2719368040561676,0.45559990406036377,
2515,0.20801042020320892,0.040227584540843964,1.0417542457580566,0.2735154330730438,0.4723968207836151,
2516,0.20125870406627655,0.04058181121945381,1.0495620965957642,0.27487751841545105,0.4708813726902008,
2517,0.2029499113559723,0.04039247706532478,1.0432301759719849,0.27372294664382935,0.46279144287109375,
2518,0.20597076416015625,0.04014570638537407,1.0413473844528198,0.27317342162132263,0.46698838472366333,
2519,0.20622530579566956,0.04032057896256447,1.0454447269439697,0.2737264931201935,0.47367560863494873,
2520,0.20554319024085999,0.040194813162088394,1.0399264097213745,0.2737913131713867,0.46381282806396484,
2521,0.20797258615493774,0.04011346399784088,1.0378543138504028,0.27307823300361633,0.4630178213119507,
2522,0.20581921935081482,0.04007280245423317,1.0368657112121582,0.27269092202186584,0.45745351910591125,
2523,0.20178693532943726,0.04037432372570038,1.0480570793151855,0.2745251953601837,0.4715617299079895,
2524,0.20827040076255798,0.040484167635440826,1.0491712093353271,0.2738666534423828,0.48244526982307434,
2525,0.20330697298049927,0.040233809500932693,1.0435482263565063,0.2738655209541321,0.46453434228897095,0.6946326494216919
2526,0.20145398378372192,0.040327753871679306,1.043794870376587,0.2738601863384247,0.4634416997432709,
2527,0.20853866636753082,0.04009808599948883,1.0403854846954346,0.27327796816825867,0.46770143508911133,
2528,0.20920386910438538,0.04048257693648338,1.04759681224823,0.2741144597530365,0.4848184585571289,
2529,0.20363101363182068,0.04037530720233917,1.045091986656189,0.2739734649658203,0.46810072660446167,
2530,0.20369380712509155,0.04002783074975014,1.0412179231643677,0.27348625659942627,0.4641769826412201,
2531,0.20580245554447174,0.04007641598582268,1.0408259630203247,0.27397769689559937,0.4666438698768616,
2532,0.20820578932762146,0.0399915985763073,1.0390559434890747,0.2730867564678192,0.4672011137008667,
2533,0.2056588977575302,0.040097810328006744,1.0412143468856812,0.2734150290489197,0.46923938393592834,
2534,0.20943239331245422,0.04005233198404312,1.0360627174377441,0.2724915146827698,0.4632793664932251,
2535,0.21289436519145966,0.03994613513350487,1.0370376110076904,0.2727065682411194,0.47321373224258423,
2536,0.20736919343471527,0.03990213945508003,1.0363718271255493,0.27248460054397583,0.46095845103263855,
2537,0.20912717282772064,0.04020172730088234,1.043205738067627,0.2731642723083496,0.47129374742507935,
2538,0.20212973654270172,0.040528006851673126,1.0491019487380981,0.274441123008728,0.4734553396701813,
2539,0.20929095149040222,0.04019913449883461,1.0429147481918335,0.2733892500400543,0.47563573718070984,
2540,0.20435504615306854,0.04040100798010826,1.044647455215454,0.2741903066635132,0.47238269448280334,
2541,0.202689990401268,0.04047245904803276,1.0485466718673706,0.2738703489303589,0.47420087456703186,
2542,0.21038281917572021,0.040271684527397156,1.0430141687393188,0.27311939001083374,0.4775192141532898,
2543,0.20764991641044617,0.04023507237434387,1.0414432287216187,0.27306896448135376,0.46906352043151855,
2544,0.2130809873342514,0.04000655189156532,1.0337411165237427,0.2721489667892456,0.4661926329135895,
2545,0.20906943082809448,0.04005034267902374,1.0351803302764893,0.2726217806339264,0.45992645621299744,
2546,0.20707423985004425,0.04014885798096657,1.0388374328613281,0.2727073132991791,0.46324604749679565,
2547,0.20792657136917114,0.040379878133535385,1.0403828620910645,0.2734648883342743,0.46802565455436707,
2548,0.20492421090602875,0.04003943130373955,1.0372246503829956,0.27247047424316406,0.45556533336639404,
2550,0.21134106814861298,0.039912715554237366,1.032127857208252,0.27198681235313416,0.4584820568561554,0.6955910921096802
2551,0.21406014263629913,0.03986376151442528,1.0332902669906616,0.2721148133277893,0.4651022255420685,
2552,0.20635585486888885,0.040275949984788895,1.0401976108551025,0.2733835279941559,0.4669068157672882,
2553,0.20791122317314148,0.04017499089241028,1.0399973392486572,0.27321889996528625,0.4681704044342041,
2554,0.21137572824954987,0.04003680497407913,1.0381239652633667,0.273150771856308,0.47147077322006226,
2555,0.20614635944366455,0.040060531347990036,1.0346685647964478,0.27266210317611694,0.45209401845932007,
2556,0.20498964190483093,0.0403180755674839,1.043104887008667,0.2735306918621063,0.4678473472595215,
2557,0.20837616920471191,0.040215734392404556,1.0421812534332275,0.2730230391025543,0.4725988805294037,
2558,0.2126762866973877,0.04041256383061409,1.046492576599121,0.27345696091651917,0.48714888095855713,
2559,0.2106938362121582,0.04012219235301018,1.0359545946121216,0.27223363518714905,0.46595829725265503,
2560,0.2123904824256897,0.04000445827841759,1.0332387685775757,0.2718847095966339,0.4648030400276184,
2561,0.21084366738796234,0.04000694304704666,1.0378988981246948,0.27313804626464844,0.4669250249862671,
2562,0.20423592627048492,0.04021228849887848,1.0385676622390747,0.2729957103729248,0.4584781527519226,
2563,0.20411434769630432,0.04045397415757179,1.045496940612793,0.2740411162376404,0.4735792875289917,
2564,0.20533965528011322,0.04051584377884865,1.048722743988037,0.27425211668014526,0.4797780513763428,
2565,0.20272235572338104,0.04039574787020683,1.0461047887802124,0.27388322353363037,0.46995842456817627,
2566,0.20845983922481537,0.040092583745718,1.0353331565856934,0.27205002307891846,0.46183767914772034,
2567,0.20523600280284882,0.040344078093767166,1.048006296157837,0.2743505537509918,0.47548434138298035,
2568,0.2031526118516922,0.039971716701984406,1.0349012613296509,0.27208080887794495,0.452425479888916,
2569,0.20984753966331482,0.04013347998261452,1.0402367115020752,0.27298134565353394,0.4713211953639984,
2570,0.20948465168476105,0.04043492302298546,1.0500154495239258,0.27465635538101196,0.48896121978759766,
2571,0.20960554480552673,0.04034940525889397,1.0428868532180786,0.2737816572189331,0.47545552253723145,
2572,0.2062712013721466,0.04023251309990883,1.0415403842926025,0.2732812762260437,0.46978023648262024,
2573,0.20377594232559204,0.04051916301250458,1.0441863536834717,0.2742864787578583,0.4680468738079071,
2574,0.20688773691654205,0.04015374928712845,1.0386104583740234,0.27289968729019165,0.46361953020095825,
2575,0.20670488476753235,0.040414657443761826,1.0456700325012207,0.27399975061416626,0.47650110721588135,0.6967127919197083
2576,0.20702585577964783,0.04028844088315964,1.0404906272888184,0.2735018730163574,0.46685075759887695,
2577,0.20572343468666077,0.04012996703386307,1.037381649017334,0.2732963263988495,0.4595131278038025,
2578,0.20682121813297272,0.03998709097504616,1.0358233451843262,0.2728865146636963,0.45873215794563293,
2579,0.2072736620903015,0.040443796664476395,1.0422792434692383,0.27383148670196533,0.4712896943092346,
2580,0.20401562750339508,0.040606699883937836,1.0479623079299927,0.2745661437511444,0.47566133737564087,
2581,0.20467279851436615,0.04040946066379547,1.0430166721343994,0.27347174286842346,0.46751850843429565,
2582,0.2024833858013153,0.04068392515182495,1.050378441810608,0.2752985954284668,0.4765428304672241,
2583,0.20607952773571014,0.040330540388822556,1.0449141263961792,0.274313360452652,0.4721355736255646,
2584,0.20576344430446625,0.04015951603651047,1.03722083568573,0.2731989324092865,0.46170783042907715,
2585,0.209112286567688,0.0402456596493721,1.037527322769165,0.2731036841869354,0.46708768606185913,
2586,0.203720822930336,0.040059804916381836,1.0374739170074463,0.27323126792907715,0.45625409483909607,
2587,0.21272841095924377,0.0400904156267643,1.0364983081817627,0.2725639045238495,0.46731871366500854,
2588,0.20887689292430878,0.04020360857248306,1.0382622480392456,0.2728573977947235,0.4649186134338379,
2589,0.20952816307544708,0.040058284997940063,1.0341681241989136,0.27253055572509766,0.45735570788383484,
2590,0.21161268651485443,0.04005419462919235,1.0346399545669556,0.27273717522621155,0.4635852575302124,
2591,0.20945420861244202,0.03999840095639229,1.0362974405288696,0.2723740041255951,0.46332621574401855,
2592,0.20688003301620483,0.04006054997444153,1.0343137979507446,0.27208298444747925,0.45420607924461365,
2593,0.21199451386928558,0.04020410776138306,1.0387873649597168,0.2739138901233673,0.47541773319244385,
2594,0.20738768577575684,0.04047519341111183,1.047452688217163,0.27420714497566223,0.4800271689891815,
2595,0.21375364065170288,0.040010713040828705,1.0359482765197754,0.2725537121295929,0.47011077404022217,
2596,0.20752166211605072,0.04022005945444107,1.038342833518982,0.2725799083709717,0.4618299603462219,
2597,0.2114686220884323,0.0400397926568985,1.0341933965682983,0.2722294330596924,0.46399006247520447,
2598,0.2140989899635315,0.04025277867913246,1.0437897443771362,0.27451685070991516,0.48692312836647034,
2599,0.21706624329090118,0.04029485583305359,1.0461827516555786,0.2740415632724762,0.49436256289482117,
2600,0.20823128521442413,0.040264733135700226,1.0426661968231201,0.27318671345710754,0.4716861844062805,0.6963549852371216
2601,0.21521835029125214,0.04020873084664345,1.044543743133545,0.2740422785282135,0.4869677424430847,
2602,0.21122412383556366,0.04000866413116455,1.0416444540023804,0.27330151200294495,0.4753420650959015,
2603,0.20887872576713562,0.040339648723602295,1.0460808277130127,0.27388256788253784,0.47757914662361145,
2604,0.2148951143026352,0.040250156074762344,1.041403889656067,0.2735385000705719,0.4817756712436676,
2605,0.2098534256219864,0.039960455149412155,1.0364211797714233,0.27256208658218384,0.46231141686439514,
2606,0.20918667316436768,0.040078625082969666,1.035643219947815,0.27312400937080383,0.4611372649669647,
2607,0.20362848043441772,0.04039052128791809,1.0472887754440308,0.2746650278568268,0.47165191173553467,
2608,0.21351315081119537,0.03988676518201828,1.0330730676651,0.2724790871143341,0.46591123938560486,
2609,0.20930986106395721,0.03993495926260948,1.0367329120635986,0.2731589376926422,0.4639393091201782,
2610,0.20377719402313232,0.040382858365774155,1.0460138320922852,0.2739487588405609,0.4703189730644226,
2611,0.20984530448913574,0.040236689150333405,1.0403668880462646,0.2740112543106079,0.4723164737224579,
2612,0.20627088844776154,0.04033951461315155,1.0486758947372437,0.2745637595653534,0.4787089228630066,
2613,0.20752041041851044,0.04033974930644035,1.0470176935195923,0.2742457389831543,0.4789481461048126,
2615,0.21014021337032318,0.039946217089891434,1.036449909210205,0.27267155051231384,0.4630392789840698,
2616,0.210283100605011,0.040078409016132355,1.0406839847564697,0.2734701931476593,0.47411105036735535,
2617,0.20861773192882538,0.04005473852157593,1.0383793115615845,0.272986501455307,0.46564769744873047,
2618,0.21160714328289032,0.03998728469014168,1.0374115705490112,0.2731159031391144,0.46684640645980835,
2619,0.2040657252073288,0.0404515378177166,1.0485211610794067,0.2744138240814209,0.4747467637062073,
2620,0.20808443427085876,0.04013890400528908,1.0401387214660645,0.27306199073791504,0.466730535030365,
2621,0.20876501500606537,0.04009938985109329,1.039810299873352,0.27312400937080383,0.465256005525589,
2622,0.207014799118042,0.04015670344233513,1.0382498502731323,0.2727195620536804,0.46401605010032654,
2623,0.21107110381126404,0.04020525515079498,1.0405404567718506,0.27375084161758423,0.4763648211956024,
2624,0.2148541361093521,0.03984750434756279,1.0339375734329224,0.2729510962963104,0.47001370787620544,
2625,0.21237777173519135,0.04022867605090141,1.0409945249557495,0.273233562707901,0.4762742519378662,0.6977189183235168
2626,0.20831260085105896,0.04030056670308113,1.0449533462524414,0.27403169870376587,0.47557738423347473,
2627,0.21211467683315277,0.0401446633040905,1.0409998893737793,0.2730332911014557,0.4768752157688141,
2628,0.2058471441268921,0.0403062105178833,1.0407471656799316,0.27372515201568604,0.46407562494277954,
2629,0.21229948103427887,0.04001668095588684,1.0375542640686035,0.27253395318984985,0.47032007575035095,
2632,0.2105613797903061,0.04004809260368347,1.0363645553588867,0.27266955375671387,0.46371033787727356,
2633,0.20916235446929932,0.04002762213349342,1.0375498533248901,0.2726750075817108,0.4649154245853424,
2634,0.21165277063846588,0.04005928337574005,1.0360357761383057,0.27271971106529236,0.46740031242370605,
2635,0.20933638513088226,0.04003871604800224,1.039117693901062,0.2727952003479004,0.46903371810913086,
2636,0.21175648272037506,0.04010170325636864,1.040981650352478,0.27325940132141113,0.476676344871521,
2637,0.20865680277347565,0.03998851403594017,1.0373042821884155,0.2726277709007263,0.462288498878479,
2638,0.2106938511133194,0.03985140845179558,1.031078577041626,0.27227869629859924,0.455353707075119,
2639,0.21056686341762543,0.03999945521354675,1.0354055166244507,0.2727091610431671,0.461841344833374,
2640,0.21170520782470703,0.04024244472384453,1.03912353515625,0.27333101630210876,0.47282013297080994,
2641,0.2079106867313385,0.04014654457569122,1.0407639741897583,0.27328360080718994,0.46633610129356384,
2642,0.20999491214752197,0.040114954113960266,1.0392014980316162,0.2735227048397064,0.46895110607147217,
2643,0.21462495625019073,0.03984970599412918,1.0332504510879517,0.27265477180480957,0.466744601726532,
2644,0.21523939073085785,0.039710789918899536,1.0303603410720825,0.27186620235443115,0.4611043334007263,
2645,0.2116059511899948,0.040000416338443756,1.0369136333465576,0.2731417119503021,0.4687110185623169,
2646,0.21062710881233215,0.039850540459156036,1.0325664281845093,0.2713963985443115,0.4596952497959137,
2647,0.21151301264762878,0.040087759494781494,1.0376455783843994,0.27271634340286255,0.46783754229545593,
2648,0.20819790661334991,0.04006868228316307,1.0376406908035278,0.2728751599788666,0.4610552191734314,
2649,0.2123413234949112,0.039950113743543625,1.0339329242706299,0.27251502871513367,0.4650754928588867,
2650,0.20813538134098053,0.04039043188095093,1.0434242486953735,0.2737443447113037,0.4754438102245331,0.6983036994934082
2651,0.20960956811904907,0.040113821625709534,1.0389162302017212,0.2729862630367279,0.4663470983505249,
2652,0.21405024826526642,0.04002193361520767,1.0357390642166138,0.27302438020706177,0.4717189073562622,
2653,0.2075788825750351,0.0402032807469368,1.0408997535705566,0.2733430564403534,0.4666973650455475,
2654,0.20913399755954742,0.04007026553153992,1.0399819612503052,0.27377018332481384,0.46928584575653076,
2655,0.21445883810520172,0.040025174617767334,1.0376323461532593,0.2729467451572418,0.4770994782447815,
2656,0.21502777934074402,0.03990565240383148,1.034372091293335,0.27192750573158264,0.470054566860199,
2657,0.21336306631565094,0.03979378566145897,1.0327057838439941,0.27244868874549866,0.46388331055641174,
2658,0.21548908948898315,0.04005349799990654,1.0396199226379395,0.2732142508029938,0.4802749454975128,
2659,0.21669651567935944,0.039597611874341965,1.0324980020523071,0.27210763096809387,0.4704555869102478,
2660,0.21347947418689728,0.04009784385561943,1.0374187231063843,0.2724796533584595,0.474905788898468,
2661,0.21323922276496887,0.040066614747047424,1.0388743877410889,0.27358806133270264,0.47429266571998596,
2662,0.21481089293956757,0.0400642454624176,1.0395433902740479,0.27290716767311096,0.48059335350990295,
2663,0.21783865988254547,0.039703406393527985,1.0301692485809326,0.2714273929595947,0.46870753169059753,
2664,0.21734142303466797,0.03978114202618599,1.0331496000289917,0.27265962958335876,0.47198131680488586,
2665,0.20597748458385468,0.04015104100108147,1.0406908988952637,0.2731364667415619,0.46384841203689575,
2666,0.2115805447101593,0.039694227278232574,1.0298237800598145,0.27161741256713867,0.4536680579185486,
2667,0.210770845413208,0.040134552866220474,1.035335898399353,0.27238842844963074,0.4643780589103699,
2668,0.20855675637722015,0.040127649903297424,1.039466142654419,0.27325981855392456,0.46881553530693054,
2669,0.2086590677499771,0.04016953706741333,1.0411328077316284,0.2732756435871124,0.46785005927085876,
2670,0.21052873134613037,0.04007778316736221,1.0381441116333008,0.27257078886032104,0.46879926323890686,
2671,0.21440871059894562,0.03997914493083954,1.0379523038864136,0.2727183997631073,0.4773745834827423,
2672,0.21578387916088104,0.040054697543382645,1.0365774631500244,0.2725274860858917,0.476412832736969,
2673,0.21815846860408783,0.03973640501499176,1.0312416553497314,0.27171021699905396,0.4696621298789978,
2674,0.21384695172309875,0.03987528756260872,1.0347344875335693,0.2724170386791229,0.4679662883281708,
2675,0.21278946101665497,0.04005055129528046,1.0370888710021973,0.2729282081127167,0.47111937403678894,0.6984571814537048
2676,0.20800048112869263,0.04001650586724281,1.0357728004455566,0.27279338240623474,0.4579373300075531,
2677,0.20885628461837769,0.04016168788075447,1.0429097414016724,0.27353909611701965,0.4744114279747009,
2678,0.21123647689819336,0.040264807641506195,1.0407099723815918,0.27234262228012085,0.47410842776298523,
2679,0.2127569019794464,0.040203820914030075,1.0427978038787842,0.2738131582736969,0.4828226566314697,
2680,0.20864169299602509,0.04032028093934059,1.045912265777588,0.27435874938964844,0.4776412546634674,
2681,0.20656539499759674,0.04037237539887428,1.0501289367675781,0.27501797676086426,0.48144906759262085,
2682,0.2122509926557541,0.040451422333717346,1.0487691164016724,0.2743420898914337,0.49010470509529114,
2683,0.21220384538173676,0.04027162492275238,1.0411077737808228,0.2733609974384308,0.4765195846557617,
2684,0.20652306079864502,0.040472161024808884,1.0483955144882202,0.2747960388660431,0.4806733727455139,
2685,0.20700594782829285,0.040466129779815674,1.0503084659576416,0.2749232053756714,0.481608510017395,
2686,0.20963019132614136,0.040137551724910736,1.0403764247894287,0.2739967107772827,0.4715394377708435,
2687,0.2084311693906784,0.04012578725814819,1.0403510332107544,0.27305126190185547,0.4677378237247467,
2688,0.2095233052968979,0.040271494537591934,1.0478459596633911,0.2737855911254883,0.48399221897125244,
2689,0.20534512400627136,0.04048902168869972,1.049599528312683,0.2752327024936676,0.47752994298934937,
2690,0.20194432139396667,0.0406624935567379,1.0511728525161743,0.27501586079597473,0.4770646095275879,
2692,0.20977652072906494,0.040565308183431625,1.0520375967025757,0.2749609053134918,0.49331405758857727,
2693,0.2122686207294464,0.040013402700424194,1.0362615585327148,0.2729140818119049,0.46894213557243347,
2694,0.20640164613723755,0.04025688022375107,1.0417993068695068,0.27398788928985596,0.46820542216300964,
2695,0.20703597366809845,0.040390171110630035,1.048392415046692,0.2747611403465271,0.48199257254600525,
2696,0.2011287659406662,0.0404961071908474,1.0484429597854614,0.2742007374763489,0.4699518084526062,
2697,0.21075402200222015,0.039897941052913666,1.0337035655975342,0.2726092040538788,0.4614260196685791,
2698,0.2121111899614334,0.040124498307704926,1.0367050170898438,0.27357181906700134,0.46921223402023315,
2699,0.21032768487930298,0.04042349383234978,1.0441235303878784,0.27472546696662903,0.48055586218833923,
2700,0.20774111151695251,0.04022260010242462,1.0418449640274048,0.27335017919540405,0.4697401821613312,0.6994780898094177
2701,0.20918726921081543,0.040247924625873566,1.0414066314697266,0.2733874022960663,0.47257372736930847,
2702,0.21167534589767456,0.04002626612782478,1.034348964691162,0.2727886140346527,0.4622787833213806,
2703,0.21050459146499634,0.0402032770216465,1.0417505502700806,0.2742273509502411,0.47596225142478943,
2704,0.20830771327018738,0.04033217579126358,1.0460208654403687,0.2744416296482086,0.47903063893318176,
2705,0.2117627114057541,0.04033926501870155,1.0472087860107422,0.2745824158191681,0.48460468649864197,
2706,0.209437295794487,0.03998100012540817,1.0374937057495117,0.27325454354286194,0.46591079235076904,
2707,0.21213991940021515,0.03988892212510109,1.0373773574829102,0.27278319001197815,0.468081533908844,
2708,0.20839132368564606,0.04006447643041611,1.0361905097961426,0.27268409729003906,0.46213385462760925,
2709,0.20619633793830872,0.03983030468225479,1.034201741218567,0.27283188700675964,0.45405346155166626,
2710,0.2108089178800583,0.039981987327337265,1.035953164100647,0.27277320623397827,0.46593937277793884,
2711,0.2149377465248108,0.0398537702858448,1.0361155271530151,0.273030549287796,0.47255939245224,
2712,0.21656733751296997,0.03971913084387779,1.0326197147369385,0.2722809910774231,0.47025254368782043,
2713,0.21286538243293762,0.03996405750513077,1.0351388454437256,0.27305036783218384,0.4667716920375824,
2714,0.21360830962657928,0.03988778218626976,1.0321236848831177,0.2715965509414673,0.46442028880119324,
2715,0.21131066977977753,0.04010359197854996,1.0371278524398804,0.27299901843070984,0.46893927454948425,
2716,0.21295545995235443,0.039899494498968124,1.033926010131836,0.27193430066108704,0.46640917658805847,
2717,0.2132500559091568,0.039840150624513626,1.0356383323669434,0.27272137999534607,0.4689411520957947,
2718,0.209069162607193,0.04039407894015312,1.0438462495803833,0.2743525505065918,0.4771674573421478,
2719,0.20965071022510529,0.040141865611076355,1.0396008491516113,0.273250937461853,0.4711090326309204,
2720,0.21658959984779358,0.03985752537846565,1.032179355621338,0.27220427989959717,0.4702012538909912,
2721,0.2141101360321045,0.03995038568973541,1.035434603691101,0.2724173367023468,0.4727244973182678,
2722,0.20994475483894348,0.040418192744255066,1.047783374786377,0.2745056450366974,0.48591428995132446,
2723,0.20880667865276337,0.0401422418653965,1.0381252765655518,0.27317172288894653,0.4652532935142517,
2724,0.21027210354804993,0.04015996679663658,1.038754940032959,0.2732695937156677,0.468009889125824,
2725,0.21250763535499573,0.039974093437194824,1.0361692905426025,0.2727036476135254,0.4647952616214752,0.700219988822937
2726,0.21648640930652618,0.04004416987299919,1.038826584815979,0.2733539044857025,0.4772336781024933,
2727,0.21612025797367096,0.04024665057659149,1.0425325632095337,0.2736445367336273,0.4868078827857971,
2728,0.2114834040403366,0.040164727717638016,1.0406140089035034,0.2729189097881317,0.47402992844581604,
2729,0.21315443515777588,0.039899297058582306,1.0330007076263428,0.27259281277656555,0.4663076102733612,
2730,0.20776456594467163,0.040111176669597626,1.0381215810775757,0.27359575033187866,0.465034544467926,
2731,0.2077060490846634,0.040309641510248184,1.0444998741149902,0.27389687299728394,0.4734935760498047,
2732,0.2106013298034668,0.040049538016319275,1.0362508296966553,0.27343812584877014,0.4640050232410431,
2733,0.21047577261924744,0.04006015881896019,1.0369045734405518,0.27295300364494324,0.4648442566394806,
2734,0.20597882568836212,0.04059409350156784,1.0488202571868896,0.27446725964546204,0.4804707467556,
2735,0.2094898521900177,0.04043416306376457,1.0472252368927002,0.2743673324584961,0.48125654458999634,
2736,0.2055193930864334,0.040267717093229294,1.0404314994812012,0.273509681224823,0.4638004004955292,
2737,0.2083357870578766,0.04021136835217476,1.0409519672393799,0.2729688882827759,0.47246983647346497,
2738,0.21328870952129364,0.040225379168987274,1.0405802726745605,0.2730371356010437,0.48234280943870544,
2739,0.21239899098873138,0.040190890431404114,1.0443925857543945,0.27390727400779724,0.48318836092948914,
2740,0.20811960101127625,0.04042951017618179,1.046181321144104,0.2746765613555908,0.4779040515422821,
2741,0.21048149466514587,0.04005701094865799,1.0398317575454712,0.27353712916374207,0.47133922576904297,
2742,0.2092314511537552,0.04008686915040016,1.0370534658432007,0.27283236384391785,0.46630537509918213,
2743,0.20584215223789215,0.040283892303705215,1.0421795845031738,0.27347248792648315,0.4650793671607971,
2744,0.21177373826503754,0.03998628631234169,1.0359829664230347,0.27265307307243347,0.4673013389110565,
2745,0.21547770500183105,0.04000290483236313,1.0354994535446167,0.2721758484840393,0.47417783737182617,
2746,0.21019183099269867,0.04032451659440994,1.047508955001831,0.27396857738494873,0.4846840798854828,
2747,0.2106695920228958,0.03991309553384781,1.0342826843261719,0.2718229293823242,0.46473565697669983,
2748,0.21381618082523346,0.04017331078648567,1.0443847179412842,0.2734675705432892,0.4867556393146515,
2749,0.2117694914340973,0.03987624868750572,1.0349299907684326,0.27283841371536255,0.4656746983528137,
2750,0.21070100367069244,0.04031416401267052,1.0453883409500122,0.2737227976322174,0.4835679531097412,0.7005816698074341
2751,0.21503299474716187,0.040125176310539246,1.0395545959472656,0.273124098777771,0.480887234210968,
2752,0.21684417128562927,0.0397975780069828,1.031485676765442,0.2725684940814972,0.4705185890197754,
2753,0.21370787918567657,0.04015561565756798,1.0427720546722412,0.2738361656665802,0.48286277055740356,
2754,0.21579447388648987,0.03986956551671028,1.0376302003860474,0.27298393845558167,0.47597771883010864,
2755,0.21038387715816498,0.04024973511695862,1.045608401298523,0.27354779839515686,0.48135676980018616,
2756,0.212248295545578,0.04009139910340309,1.0389779806137085,0.27287623286247253,0.4745164215564728,
2757,0.21117278933525085,0.04032173380255699,1.0476199388504028,0.2744183838367462,0.4872018098831177,
2758,0.21163688600063324,0.03996431082487106,1.0372886657714844,0.27294692397117615,0.47211289405822754,
2759,0.2125837206840515,0.04025880619883537,1.0453078746795654,0.27410590648651123,0.48563769459724426,
2760,0.20976564288139343,0.040439486503601074,1.0471231937408447,0.27409884333610535,0.4840971529483795,
2761,0.20349659025669098,0.04039130359888077,1.046494722366333,0.2735254168510437,0.4716830253601074,
2762,0.21221600472927094,0.04002910479903221,1.0396802425384521,0.2739273011684418,0.47947171330451965,
2763,0.21809886395931244,0.03985263779759407,1.0334914922714233,0.2722254693508148,0.47497260570526123,
2764,0.21323247253894806,0.040061235427856445,1.038419246673584,0.2731870710849762,0.4767707884311676,
2765,0.21508492529392242,0.040173210203647614,1.0413782596588135,0.27327513694763184,0.48166725039482117,
2766,0.20863476395606995,0.040298089385032654,1.0428061485290527,0.2736922800540924,0.47709938883781433,
2767,0.2103503942489624,0.04016360267996788,1.0390280485153198,0.27309155464172363,0.4698468744754791,
2768,0.20871515572071075,0.04012192040681839,1.03825044631958,0.2730368971824646,0.46533602476119995,
2769,0.2130812108516693,0.04001828283071518,1.0359688997268677,0.2724829316139221,0.4705388844013214,
2770,0.20661957561969757,0.04023964703083038,1.0393909215927124,0.27258411049842834,0.463901549577713,
2771,0.20808957517147064,0.04017499461770058,1.0387409925460815,0.27304139733314514,0.46577098965644836,
2772,0.21382611989974976,0.04004547372460365,1.0328832864761353,0.272372305393219,0.46405139565467834,
2773,0.20379631221294403,0.040292199701070786,1.042777419090271,0.2734875977039337,0.4646568298339844,
2774,0.20371270179748535,0.040566522628068924,1.049692988395691,0.2745615243911743,0.47949230670928955,
2775,0.20920942723751068,0.04023507982492447,1.0434486865997314,0.27395251393318176,0.47436267137527466,0.7012714743614197
2776,0.2089553326368332,0.04025664180517197,1.0390734672546387,0.27336418628692627,0.4691123962402344,
2777,0.2155378758907318,0.0399470254778862,1.0351145267486572,0.2730197608470917,0.47315713763237,
2778,0.21117068827152252,0.03985822573304176,1.0362565517425537,0.2727451026439667,0.46689373254776,
2779,0.20955581963062286,0.04037517309188843,1.0443768501281738,0.2741653323173523,0.47818344831466675,
2780,0.2063685953617096,0.040389642119407654,1.042956829071045,0.27376553416252136,0.47013550996780396,
2781,0.21136340498924255,0.04014728218317032,1.037581443786621,0.2726518511772156,0.4705446660518646,
2782,0.21094979345798492,0.04043710604310036,1.044081449508667,0.27402397990226746,0.4807002544403076,
2783,0.21235716342926025,0.040316615253686905,1.0411347150802612,0.27332791686058044,0.4776560664176941,
2784,0.20790596306324005,0.039992157369852066,1.033446192741394,0.27277588844299316,0.454232782125473,
2785,0.2121400088071823,0.03991086408495903,1.0364840030670166,0.27290815114974976,0.46436208486557007,
2786,0.2099991738796234,0.040103696286678314,1.0425368547439575,0.2735617756843567,0.47736668586730957,
2787,0.2155497968196869,0.03995416313409805,1.0351327657699585,0.27287736535072327,0.4739144444465637,
2788,0.21064741909503937,0.04006139934062958,1.0417203903198242,0.27354496717453003,0.4746175706386566,
2789,0.21252869069576263,0.04017294943332672,1.0426669120788574,0.27356982231140137,0.4801446795463562,
2790,0.21873533725738525,0.03994956240057945,1.0339791774749756,0.2717602550983429,0.4762972295284271,
2791,0.20921221375465393,0.04011930525302887,1.0405468940734863,0.27305111289024353,0.47322776913642883,
2792,0.21367010474205017,0.04006238654255867,1.0382449626922607,0.2725452184677124,0.4726051986217499,
2793,0.2154521644115448,0.03993988409638405,1.0338364839553833,0.27227792143821716,0.4714314937591553,
2794,0.2171480804681778,0.03982530161738396,1.0332801342010498,0.2718924283981323,0.47245681285858154,
2795,0.21794722974300385,0.039764419198036194,1.031026005744934,0.271913081407547,0.47118332982063293,
2796,0.2146330177783966,0.0400528647005558,1.0380959510803223,0.27270275354385376,0.47786322236061096,
2797,0.21613097190856934,0.039850443601608276,1.03303861618042,0.2725967764854431,0.47009000182151794,
2798,0.2119947075843811,0.04008868709206581,1.0366638898849487,0.27258971333503723,0.46968814730644226,
2799,0.21021167933940887,0.040082890540361404,1.0392591953277588,0.2731037735939026,0.4692832827568054,
2800,0.21771052479743958,0.03979035094380379,1.032408595085144,0.27242180705070496,0.47464001178741455,0.7021090984344482
2802,0.2180003672838211,0.039771392941474915,1.034358263015747,0.27233949303627014,0.4765380024909973,
2803,0.20534509420394897,0.04024650529026985,1.0448395013809204,0.274149090051651,0.46995460987091064,
2804,0.21302972733974457,0.04003637656569481,1.0430963039398193,0.27371275424957275,0.4812760055065155,
2805,0.2145935297012329,0.040042225271463394,1.038520097732544,0.272827684879303,0.4776563346385956,
2806,0.21042893826961517,0.03997611626982689,1.0364444255828857,0.27311229705810547,0.46150243282318115,
2807,0.21396182477474213,0.04002229496836662,1.0420399904251099,0.2736818492412567,0.48225951194763184,
2808,0.21320125460624695,0.0401194728910923,1.0462145805358887,0.2746143043041229,0.48720014095306396,
2809,0.21256189048290253,0.0401376336812973,1.0410789251327515,0.2736169993877411,0.47762179374694824,
2810,0.2056020349264145,0.04059441015124321,1.0543327331542969,0.2749972343444824,0.48769211769104004,
2811,0.2101384401321411,0.040115296840667725,1.042410135269165,0.27358323335647583,0.4769269824028015,
2812,0.21564799547195435,0.03993190452456474,1.039217233657837,0.27241167426109314,0.47931209206581116,
2813,0.21197566390037537,0.04000084474682808,1.0411261320114136,0.2731492817401886,0.4753704369068146,
2814,0.21219496428966522,0.040067125111818314,1.0448743104934692,0.27489420771598816,0.4844599962234497,
2815,0.21431326866149902,0.040107131004333496,1.0438944101333618,0.2738358676433563,0.4871887266635895,
2816,0.20867224037647247,0.040096741169691086,1.0427415370941162,0.2742130160331726,0.47538065910339355,
2817,0.21107614040374756,0.04024595022201538,1.046409249305725,0.2748808264732361,0.485186904668808,
2818,0.21149353682994843,0.040374454110860825,1.0464509725570679,0.27460968494415283,0.4867928624153137,
2819,0.2120891660451889,0.03990715369582176,1.0365846157073975,0.27310773730278015,0.46889522671699524,
2820,0.21455611288547516,0.03996770456433296,1.0397539138793945,0.27341514825820923,0.478387713432312,
2821,0.21312865614891052,0.04003317654132843,1.0416134595870972,0.2734883427619934,0.4799083173274994,
2822,0.2102828323841095,0.03986945003271103,1.036458969116211,0.2726241648197174,0.466295450925827,
2823,0.21047239005565643,0.0401395745575428,1.0453230142593384,0.2746947109699249,0.4821169376373291,
2824,0.21244244277477264,0.040170080959796906,1.0459880828857422,0.2745639681816101,0.4876624345779419,
2825,0.2086157351732254,0.0400574766099453,1.0405280590057373,0.27367663383483887,0.46967393159866333,0.7022168040275574
2826,0.2159249484539032,0.03994898498058319,1.03855299949646,0.2734926640987396,0.4751698672771454,
2827,0.2140384465456009,0.03995458781719208,1.0398519039154053,0.2731249928474426,0.47928857803344727,
2829,0.21015536785125732,0.04010168835520744,1.0401921272277832,0.27395379543304443,0.4713001847267151,
2830,0.2136194407939911,0.04025791957974434,1.0443216562271118,0.27390748262405396,0.4850091338157654,
2831,0.21654681861400604,0.040305815637111664,1.0470778942108154,0.2742041349411011,0.4985654354095459,
2832,0.21307949721813202,0.040328942239284515,1.0492839813232422,0.27441731095314026,0.4918004274368286,
2833,0.2155832052230835,0.04004755616188049,1.0406224727630615,0.2738962173461914,0.48178157210350037,
2834,0.20692750811576843,0.040161021053791046,1.0477745532989502,0.2741362154483795,0.4784238934516907,
2835,0.2127777338027954,0.04021739959716797,1.0442403554916382,0.273652046918869,0.48433199524879456,
2836,0.21111993491649628,0.04018412157893181,1.0411021709442139,0.2735289931297302,0.4804220497608185,
2837,0.2176463007926941,0.03982376679778099,1.0349756479263306,0.2724630534648895,0.475465327501297,
2839,0.2127498835325241,0.0398988351225853,1.0360575914382935,0.27296555042266846,0.47056642174720764,
2840,0.21050377190113068,0.04044412076473236,1.0486881732940674,0.27458807826042175,0.4887309670448303,
2841,0.21126161515712738,0.04034969210624695,1.0451291799545288,0.27399709820747375,0.484008252620697,
2842,0.21607433259487152,0.040077220648527145,1.0370386838912964,0.27361974120140076,0.4796247184276581,
2843,0.21737593412399292,0.03989582881331444,1.036971926689148,0.27273881435394287,0.4786180257797241,
2844,0.21192984282970428,0.04013126716017723,1.041755199432373,0.2740623354911804,0.47844773530960083,
2845,0.21383817493915558,0.04001076519489288,1.0406627655029297,0.27372437715530396,0.4800868630409241,
2846,0.22091911733150482,0.039780281484127045,1.0347585678100586,0.2725354731082916,0.48389843106269836,
2847,0.2249821573495865,0.0399586446583271,1.036819577217102,0.2727431356906891,0.49275514483451843,
2848,0.21291320025920868,0.03995240852236748,1.035744071006775,0.272540420293808,0.4658699929714203,
2849,0.2094077467918396,0.0401904471218586,1.0430487394332886,0.27388134598731995,0.47594964504241943,
2850,0.21250852942466736,0.0400514081120491,1.0354377031326294,0.2729572355747223,0.4670870006084442,0.7024446725845337
2851,0.21330475807189941,0.0402197502553463,1.0406012535095215,0.27379468083381653,0.47659963369369507,
2852,0.21447156369686127,0.03996817395091057,1.0375672578811646,0.27327388525009155,0.4717561900615692,
2853,0.2175881564617157,0.03997855260968208,1.0370616912841797,0.2730281352996826,0.4802953898906708,
2854,0.21322637796401978,0.040048468858003616,1.042719841003418,0.27413269877433777,0.4817679226398468,
2855,0.20906755328178406,0.04037437587976456,1.0485042333602905,0.27458593249320984,0.48308902978897095,
2856,0.21274104714393616,0.040035028010606766,1.0387389659881592,0.27318233251571655,0.47416067123413086,
2857,0.21094577014446259,0.04011835157871246,1.0414149761199951,0.27386873960494995,0.4746449589729309,
2858,0.21379390358924866,0.04015288129448891,1.0431889295578003,0.2738387882709503,0.48234823346138,
2860,0.2098775953054428,0.04017890989780426,1.0426274538040161,0.27382153272628784,0.4760817885398865,
2861,0.21285153925418854,0.04005761444568634,1.0414687395095825,0.27327656745910645,0.4811725616455078,
2862,0.2122257798910141,0.039925698190927505,1.0321937799453735,0.27255645394325256,0.4606209993362427,
2863,0.21288548409938812,0.04022012650966644,1.0429775714874268,0.2740265429019928,0.4818204343318939,
2864,0.21685440838336945,0.03990791365504265,1.0371809005737305,0.27286338806152344,0.47872602939605713,
2865,0.21672438085079193,0.040237560868263245,1.0449715852737427,0.27383559942245483,0.49386659264564514,
2866,0.21244491636753082,0.04025841876864433,1.046536922454834,0.2743437588214874,0.4867786169052124,
2867,0.21003073453903198,0.04031980037689209,1.0473090410232544,0.27474671602249146,0.4850441813468933,
2868,0.2147226184606552,0.0401800274848938,1.040600061416626,0.2741546034812927,0.48357486724853516,
2869,0.2129690796136856,0.040276914834976196,1.0489137172698975,0.2753588855266571,0.4908106029033661,
2870,0.215871199965477,0.03989194706082344,1.0345815420150757,0.2728421092033386,0.47196945548057556,
2871,0.21215437352657318,0.040313929319381714,1.0441315174102783,0.2745189666748047,0.4836755394935608,
2872,0.20841291546821594,0.04047641158103943,1.0507309436798096,0.2753220498561859,0.4887818396091461,
2873,0.2112470269203186,0.04026303440332413,1.0412770509719849,0.273515522480011,0.47493305802345276,
2874,0.20805399119853973,0.04018236696720123,1.0429366827011108,0.27400270104408264,0.47440001368522644,
2875,0.21015720069408417,0.04017717018723488,1.0431758165359497,0.27413448691368103,0.4777897894382477,0.7031955122947693
2876,0.21255291998386383,0.040003806352615356,1.038049578666687,0.2732861042022705,0.4721761643886566,
2877,0.212148979306221,0.03999284654855728,1.0392496585845947,0.2735705077648163,0.47415122389793396,
2878,0.21320553123950958,0.040116168558597565,1.0418663024902344,0.27383047342300415,0.48253682255744934,
2879,0.20932278037071228,0.04016690328717232,1.041630506515503,0.2732256352901459,0.47177624702453613,
2881,0.2089863419532776,0.040170568972826004,1.042169451713562,0.27335312962532043,0.47499629855155945,
2882,0.2054932713508606,0.040145598351955414,1.0395808219909668,0.2736763656139374,0.4623415470123291,
2883,0.20808619260787964,0.04020535573363304,1.0422604084014893,0.27388572692871094,0.47368839383125305,
2884,0.210276260972023,0.04005976393818855,1.0415446758270264,0.2742173373699188,0.47420042753219604,
2885,0.21231575310230255,0.0399036668241024,1.0374138355255127,0.2731861174106598,0.471488356590271,
2886,0.2128400057554245,0.04023704677820206,1.044856071472168,0.27463722229003906,0.48383352160453796,
2887,0.21638530492782593,0.03982577845454216,1.0371849536895752,0.27329719066619873,0.4798356294631958,
2888,0.2104845494031906,0.04018057510256767,1.0400758981704712,0.2738407254219055,0.47256946563720703,
2889,0.2122814953327179,0.04054511338472366,1.050268530845642,0.2757565975189209,0.4952651858329773,
2890,0.2142699956893921,0.04032376408576965,1.044769287109375,0.2741403877735138,0.48676785826683044,
2891,0.2075439989566803,0.04031921550631523,1.0458498001098633,0.2748485505580902,0.47752252221107483,
2892,0.2144855260848999,0.040046051144599915,1.0389854907989502,0.27324193716049194,0.47610411047935486,
2893,0.2170051485300064,0.039863549172878265,1.0354564189910889,0.27266326546669006,0.47713541984558105,
2894,0.21082274615764618,0.040356606245040894,1.0452392101287842,0.27415940165519714,0.48190343379974365,
2895,0.2145315557718277,0.04015091061592102,1.0405570268630981,0.2731553912162781,0.4794205129146576,
2896,0.21586589515209198,0.03985724598169327,1.0334281921386719,0.2722418010234833,0.46832120418548584,
2897,0.21890799701213837,0.04014591500163078,1.04147207736969,0.273721307516098,0.4889199137687683,
2898,0.21809852123260498,0.039589252322912216,1.0253881216049194,0.27116137742996216,0.45769259333610535,
2899,0.2153715193271637,0.04009415954351425,1.0392942428588867,0.2735911011695862,0.48018312454223633,
2900,0.21528245508670807,0.04015208035707474,1.0389049053192139,0.2732522189617157,0.47581151127815247,0.7032666802406311
2901,0.21495255827903748,0.03983514755964279,1.0335876941680908,0.2724061906337738,0.46836718916893005,
2902,0.21629855036735535,0.04008951038122177,1.039226770401001,0.2734524607658386,0.48103436827659607,
2903,0.21301472187042236,0.03992469236254692,1.033324122428894,0.27252522110939026,0.46412718296051025,
2904,0.21084697544574738,0.040027931332588196,1.0401631593704224,0.27323877811431885,0.4731966257095337,
2905,0.2117815762758255,0.04057431221008301,1.0517123937606812,0.2750457227230072,0.49180883169174194,
2906,0.211150124669075,0.04043997824192047,1.0461829900741577,0.27433186769485474,0.483628511428833,
2907,0.2129136323928833,0.04008513689041138,1.040144443511963,0.2738488018512726,0.47722336649894714,
2909,0.21031758189201355,0.04017895460128784,1.041377305984497,0.2738209366798401,0.47101345658302307,
2910,0.21445538103580475,0.03989753499627113,1.0352641344070435,0.27271103858947754,0.468195378780365,
2911,0.209710955619812,0.04015866294503212,1.0412392616271973,0.2734488844871521,0.47136157751083374,
2912,0.20915721356868744,0.040310394018888474,1.0432637929916382,0.27400681376457214,0.4773823916912079,
2913,0.21218155324459076,0.04023164510726929,1.041513204574585,0.27354273200035095,0.478667676448822,
2914,0.21227174997329712,0.040390193462371826,1.0499759912490845,0.2752023935317993,0.4931119382381439,
2915,0.21214312314987183,0.04030551761388779,1.0448130369186401,0.27453315258026123,0.48554936051368713,
2916,0.21112388372421265,0.04034552350640297,1.045532464981079,0.2741205096244812,0.48382455110549927,
2917,0.216237410902977,0.03987494856119156,1.0355042219161987,0.27333611249923706,0.4753250181674957,
2918,0.21975290775299072,0.03971916437149048,1.0342696905136108,0.2729566991329193,0.4775432050228119,
2919,0.21625809371471405,0.03983288258314133,1.034942865371704,0.272926926612854,0.4754782021045685,
2920,0.21310903131961823,0.03996751084923744,1.0349457263946533,0.27298757433891296,0.4664556682109833,
2921,0.21305210888385773,0.040318816900253296,1.0461918115615845,0.274486780166626,0.48918616771698,
2922,0.21259157359600067,0.04020228981971741,1.0423675775527954,0.2741522789001465,0.4803479313850403,
2923,0.2162330001592636,0.040048930794000626,1.0383044481277466,0.2734168469905853,0.4774627089500427,
2924,0.22041310369968414,0.03974123299121857,1.0314877033233643,0.27262336015701294,0.4730350375175476,
2925,0.21717660129070282,0.03977258875966072,1.0314568281173706,0.2729414403438568,0.4671540856361389,0.7037508487701416
2926,0.21940505504608154,0.03980168327689171,1.0371465682983398,0.2733790874481201,0.4814097583293915,
2927,0.21376676857471466,0.040072448551654816,1.041688084602356,0.27386024594306946,0.4826061725616455,
2928,0.21216197311878204,0.04007941111922264,1.0389171838760376,0.2732314169406891,0.4696824848651886,
2929,0.2156735211610794,0.03984285891056061,1.0322200059890747,0.2726863920688629,0.46734222769737244,
2930,0.21202649176120758,0.040318265557289124,1.0436747074127197,0.2743281126022339,0.4813441336154938,
2931,0.2099347710609436,0.040007252246141434,1.0393939018249512,0.27372080087661743,0.4707648456096649,
2933,0.2150339037179947,0.03987317532300949,1.0348719358444214,0.27267661690711975,0.4705761671066284,
2936,0.2122199982404709,0.04012387618422508,1.041911005973816,0.2737487256526947,0.4782329499721527,
2937,0.2147875428199768,0.03978019580245018,1.0322635173797607,0.27281689643859863,0.4660109281539917,
2938,0.2177511602640152,0.04010872542858124,1.0420173406600952,0.27405571937561035,0.48980340361595154,
2939,0.21277670562267303,0.03993022441864014,1.0361272096633911,0.27289900183677673,0.4672098457813263,
2940,0.21315930783748627,0.040021661669015884,1.0380399227142334,0.2731783986091614,0.47349271178245544,
2941,0.21593260765075684,0.04005034267902374,1.0423426628112793,0.27409765124320984,0.4859614968299866,
2942,0.21793025732040405,0.039850395172834396,1.0371638536453247,0.2732846736907959,0.4782402813434601,
2943,0.2132968157529831,0.0400264672935009,1.0372982025146484,0.27332621812820435,0.46993499994277954,
2944,0.21648772060871124,0.03976329043507576,1.0301320552825928,0.27247127890586853,0.46536263823509216,
2945,0.21140457689762115,0.04032481461763382,1.0446316003799438,0.27448350191116333,0.48135143518447876,
2946,0.2184080332517624,0.03988410159945488,1.0385336875915527,0.27286645770072937,0.48248016834259033,
2947,0.22134579718112946,0.039766404777765274,1.0330114364624023,0.2721443772315979,0.4799586832523346,
2948,0.20867983996868134,0.04018790274858475,1.0377349853515625,0.2731349468231201,0.46706774830818176,
2949,0.2147434800863266,0.04006892070174217,1.0369144678115845,0.27314817905426025,0.47648683190345764,
2950,0.2091718316078186,0.040174052119255066,1.0413196086883545,0.2733887732028961,0.4692404270172119,0.7048335671424866
2951,0.21155795454978943,0.04021332040429115,1.0414530038833618,0.273843377828598,0.4766339063644409,
2952,0.21560804545879364,0.04017900675535202,1.040683627128601,0.2734181582927704,0.4838812053203583,
2953,0.2149227261543274,0.04016771540045738,1.0447678565979004,0.2741181254386902,0.48892539739608765,
2954,0.21727822721004486,0.04009823873639107,1.0388420820236206,0.2735164761543274,0.48162075877189636,
2955,0.21597160398960114,0.04010970890522003,1.0378751754760742,0.273188978433609,0.47891756892204285,
2956,0.2151680439710617,0.04019175097346306,1.0345581769943237,0.27269822359085083,0.4716325104236603,
2957,0.2166951298713684,0.04003182798624039,1.0328255891799927,0.2721952199935913,0.46755433082580566,
2958,0.21578772366046906,0.040107931941747665,1.0373494625091553,0.2727990746498108,0.47716981172561646,
2959,0.21477080881595612,0.040106967091560364,1.0380916595458984,0.27378928661346436,0.4745865762233734,
2960,0.2158777266740799,0.04006512835621834,1.0385655164718628,0.273397833108902,0.47838202118873596,
2961,0.21574488282203674,0.04034014046192169,1.0474239587783813,0.2744606137275696,0.4937278926372528,
2962,0.21994589269161224,0.03990394249558449,1.0313047170639038,0.2722686529159546,0.47447696328163147,
2963,0.21595817804336548,0.040334586054086685,1.0449010133743286,0.2743110954761505,0.4902839958667755,
2964,0.21256965398788452,0.040108442306518555,1.03593909740448,0.2728863060474396,0.4680230915546417,
2965,0.2157289683818817,0.04008137807250023,1.0382262468338013,0.27331817150115967,0.4806354343891144,
2966,0.21583899855613708,0.040480829775333405,1.045104742050171,0.27444973587989807,0.4879190921783447,
2967,0.21378733217716217,0.04032690450549126,1.0391392707824707,0.27387258410453796,0.4761107265949249,
2968,0.21167932450771332,0.03995086997747421,1.0341851711273193,0.27292338013648987,0.4638479948043823,
2969,0.21283909678459167,0.04004206880927086,1.0383161306381226,0.27270030975341797,0.47266584634780884,
2970,0.21252009272575378,0.04038579389452934,1.0471469163894653,0.27443432807922363,0.48697802424430847,
2971,0.21625898778438568,0.03999735787510872,1.035313367843628,0.2726515531539917,0.4732307493686676,
2972,0.21368061006069183,0.040177538990974426,1.0406312942504883,0.2735837697982788,0.47950461506843567,
2973,0.21634283661842346,0.03998629003763199,1.0378762483596802,0.2733624279499054,0.4791926145553589,
2974,0.2147059440612793,0.03984437137842178,1.0338654518127441,0.2723369896411896,0.467074453830719,
2975,0.21536649763584137,0.040041469037532806,1.037762999534607,0.2734445035457611,0.4773721992969513,0.7048147320747375
2976,0.2135796695947647,0.04021238535642624,1.0432170629501343,0.2741723358631134,0.4835619032382965,
2977,0.21866361796855927,0.03979301452636719,1.032875418663025,0.2724790871143341,0.4749928116798401,
2978,0.21861499547958374,0.03989044204354286,1.0370374917984009,0.2733248770236969,0.4829282760620117,
2979,0.21171589195728302,0.04014391824603081,1.0391758680343628,0.2734872102737427,0.47304707765579224,
2980,0.21774807572364807,0.03996405005455017,1.0347005128860474,0.27276644110679626,0.47804006934165955,
2981,0.21591444313526154,0.03984605520963669,1.0327693223953247,0.2726897597312927,0.4690999984741211,
2983,0.21673142910003662,0.04009261727333069,1.0418027639389038,0.27356359362602234,0.4897288680076599,
2984,0.21224941313266754,0.040271151810884476,1.044345736503601,0.2742159962654114,0.4830319583415985,
2985,0.21417343616485596,0.04002492129802704,1.0363627672195435,0.2729124128818512,0.4733555316925049,
2986,0.21775370836257935,0.039834633469581604,1.0358338356018066,0.2729172110557556,0.4790174663066864,
2987,0.213492289185524,0.040144216269254684,1.0388720035552979,0.27346426248550415,0.4729818105697632,
2988,0.2132229208946228,0.04001213610172272,1.0389572381973267,0.2734028100967407,0.4755363166332245,
2989,0.21684013307094574,0.04000553488731384,1.0369402170181274,0.27319496870040894,0.47847187519073486,
2990,0.2186860293149948,0.04016255587339401,1.039082407951355,0.27301523089408875,0.48717406392097473,
2991,0.2157558649778366,0.039940208196640015,1.0322428941726685,0.27254846692085266,0.46727365255355835,
2992,0.2140783816576004,0.04026676341891289,1.0446171760559082,0.27469125390052795,0.48709210753440857,
2993,0.222117617726326,0.03979410231113434,1.0304757356643677,0.2719467282295227,0.47685307264328003,
2994,0.21755336225032806,0.03997534513473511,1.034132957458496,0.27248087525367737,0.47570449113845825,
2995,0.2181081473827362,0.03988005593419075,1.0299148559570312,0.2722601294517517,0.4684203863143921,
2996,0.2124212682247162,0.040209706872701645,1.0401942729949951,0.27340999245643616,0.4756135940551758,
2997,0.21334315836429596,0.040522120893001556,1.0448633432388306,0.2742588520050049,0.4843122959136963,
2998,0.21389587223529816,0.04033202305436134,1.0440791845321655,0.27406853437423706,0.485278844833374,
2999,0.21867118775844574,0.040119826793670654,1.0415343046188354,0.27386531233787537,0.4900282025337219,
3000,0.218469500541687,0.039998747408390045,1.035144567489624,0.2726503908634186,0.4777439534664154,0.7061200141906738
3001,0.2166781723499298,0.03989340737462044,1.0327253341674805,0.2723860740661621,0.46662718057632446,
3003,0.2101583033800125,0.04023775830864906,1.0417749881744385,0.27345365285873413,0.4752175211906433,
3004,0.20998911559581757,0.0403740368783474,1.043983817100525,0.2743138074874878,0.4789160490036011,
3005,0.2142908126115799,0.04037068411707878,1.0450119972229004,0.27452710270881653,0.48760390281677246,
3006,0.21629583835601807,0.03999808430671692,1.0375945568084717,0.27369701862335205,0.47798267006874084,
3007,0.21853648126125336,0.04010560363531113,1.0401476621627808,0.2733544111251831,0.48721909523010254,
3008,0.21319055557250977,0.03992713615298271,1.0372244119644165,0.27330338954925537,0.4694654047489166,
3009,0.21248173713684082,0.04016313701868057,1.0449475049972534,0.2743179202079773,0.4829833507537842,
3010,0.21297018229961395,0.04039376229047775,1.0483441352844238,0.27488383650779724,0.4908166527748108,
3011,0.2187572866678238,0.03994150832295418,1.0368971824645996,0.2727713882923126,0.48116669058799744,
3012,0.2104136198759079,0.04034263640642166,1.0469040870666504,0.27461546659469604,0.48487380146980286,
3013,0.21362003684043884,0.04027428478002548,1.0428777933120728,0.27435243129730225,0.48495033383369446,
3014,0.21740888059139252,0.039910897612571716,1.0338430404663086,0.2728661298751831,0.4760144352912903,
3015,0.21105331182479858,0.040115516632795334,1.0387985706329346,0.27340003848075867,0.46869030594825745,
3016,0.21865063905715942,0.0398845337331295,1.032453179359436,0.27264440059661865,0.4742843806743622,
3017,0.21354101598262787,0.040206097066402435,1.0408196449279785,0.27393123507499695,0.4769141972064972,
3018,0.21130986511707306,0.0399148166179657,1.0353459119796753,0.2740103006362915,0.46609967947006226,
3019,0.21503421664237976,0.03986640274524689,1.030738353729248,0.2722061276435852,0.46486055850982666,
3020,0.21590301394462585,0.04019547998905182,1.039818525314331,0.27350321412086487,0.4819278419017792,
3021,0.22027353942394257,0.03979847952723503,1.0304738283157349,0.27194827795028687,0.4702395796775818,
3022,0.21493065357208252,0.04004157334566116,1.0393297672271729,0.2735762894153595,0.4770652949810028,
3023,0.2192351371049881,0.040198687463998795,1.0424526929855347,0.274016797542572,0.49318039417266846,
3024,0.21297958493232727,0.039939336478710175,1.029898762702942,0.2721223533153534,0.4539905786514282,
3025,0.21386481821537018,0.04009817913174629,1.0369445085525513,0.27366870641708374,0.47031307220458984,0.7067410945892334
3026,0.21249714493751526,0.04029698669910431,1.0452231168746948,0.27423661947250366,0.48253127932548523,
3027,0.21306227147579193,0.04038805514574051,1.0466810464859009,0.2749350666999817,0.48855045437812805,
3028,0.21209967136383057,0.04022412374615669,1.0431759357452393,0.27442848682403564,0.47798097133636475,
3029,0.20786510407924652,0.0403204970061779,1.0439618825912476,0.2744981646537781,0.47429054975509644,
3030,0.2153773009777069,0.040016841143369675,1.0390838384628296,0.2732255160808563,0.48061224818229675,
3031,0.20887121558189392,0.040097761899232864,1.0404671430587769,0.27372226119041443,0.46998900175094604,
3032,0.21526660025119781,0.03996250405907631,1.0387895107269287,0.27300819754600525,0.47864440083503723,
3033,0.21701674163341522,0.04016182944178581,1.0426284074783325,0.2739281952381134,0.4880150258541107,
3034,0.21579378843307495,0.04003051668405533,1.0404378175735474,0.27390575408935547,0.4826793372631073,
3035,0.2153574526309967,0.04019932448863983,1.0438807010650635,0.2740382254123688,0.48931005597114563,
3036,0.21076495945453644,0.040583424270153046,1.0525907278060913,0.27533987164497375,0.49304085969924927,
3037,0.2140568643808365,0.03996628522872925,1.0365867614746094,0.2729550004005432,0.47300466895103455,
3038,0.21217884123325348,0.04025822877883911,1.0452566146850586,0.27448680996894836,0.48401519656181335,
3039,0.2110273540019989,0.04014415666460991,1.0419731140136719,0.2739971876144409,0.4774206280708313,
3040,0.2082906812429428,0.040229059755802155,1.0419707298278809,0.2738538086414337,0.47119060158729553,
3041,0.2143564671278,0.03998294845223427,1.0388758182525635,0.2733728289604187,0.47696739435195923,
3042,0.21442599594593048,0.04003779962658882,1.039882779121399,0.27374494075775146,0.48013561964035034,
3043,0.21576552093029022,0.03997331112623215,1.0364824533462524,0.2731010317802429,0.47486424446105957,
3044,0.21480627357959747,0.04005550593137741,1.0364221334457397,0.2731599509716034,0.4740404188632965,
3045,0.21810026466846466,0.040060654282569885,1.0387506484985352,0.27356669306755066,0.4796049892902374,
3046,0.21219131350517273,0.04042084887623787,1.048518419265747,0.2754451632499695,0.4904766380786896,
3047,0.21374812722206116,0.040169160813093185,1.039246678352356,0.27382147312164307,0.47641515731811523,
3048,0.2185724973678589,0.0400090366601944,1.0364731550216675,0.2729235887527466,0.4785802662372589,
3049,0.21547502279281616,0.03986941650509834,1.034797191619873,0.2733162045478821,0.4719217121601105,
3050,0.21920214593410492,0.039846114814281464,1.0333276987075806,0.2727399468421936,0.475511372089386,0.7067448496818542
3051,0.21291349828243256,0.040204741060733795,1.0419892072677612,0.27390366792678833,0.4797506630420685,
3052,0.215811625123024,0.04009627923369408,1.0388072729110718,0.27393651008605957,0.48209312558174133,
3053,0.21629813313484192,0.040100786834955215,1.0390852689743042,0.274120956659317,0.4801483750343323,
3054,0.21047158539295197,0.04024806618690491,1.0400418043136597,0.27401357889175415,0.47379037737846375,
3055,0.21219800412654877,0.04016178473830223,1.0395768880844116,0.27368688583374023,0.4765300750732422,
3056,0.2181132435798645,0.039947256445884705,1.0359338521957397,0.27304038405418396,0.47791317105293274,
3057,0.21250811219215393,0.040261976420879364,1.0437792539596558,0.2744634449481964,0.4853592813014984,
3058,0.2164205014705658,0.04018331319093704,1.0467145442962646,0.2748260200023651,0.4955765902996063,
3059,0.21476319432258606,0.040166083723306656,1.0416598320007324,0.2736383378505707,0.483236700296402,
3060,0.21771103143692017,0.04012610763311386,1.0400540828704834,0.2734234035015106,0.4836796820163727,
3061,0.21121257543563843,0.04039137810468674,1.0479576587677002,0.2749289274215698,0.48567265272140503,
3062,0.21100305020809174,0.04033539816737175,1.044213891029358,0.27453601360321045,0.4811169505119324,
3063,0.21282386779785156,0.04050234332680702,1.0507934093475342,0.2753262221813202,0.4939413070678711,
3064,0.21883998811244965,0.04002801328897476,1.0393887758255005,0.2739291489124298,0.4858802556991577,
3065,0.20932717621326447,0.04021088406443596,1.0472205877304077,0.2741357684135437,0.48115721344947815,
3066,0.20909176766872406,0.04011301323771477,1.0432848930358887,0.27417874336242676,0.4743885099887848,
3067,0.21425065398216248,0.040064722299575806,1.0385503768920898,0.27358385920524597,0.47736161947250366,
3068,0.21227872371673584,0.04020826518535614,1.0438766479492188,0.2742931544780731,0.4828324019908905,
3069,0.21017739176750183,0.04033951088786125,1.046032190322876,0.2741813361644745,0.48340341448783875,
3070,0.21153545379638672,0.04036419466137886,1.0446101427078247,0.2749292552471161,0.482947438955307,
3071,0.2162265032529831,0.04018809273838997,1.0383132696151733,0.27342742681503296,0.4811195135116577,
3072,0.21310769021511078,0.040065523236989975,1.0377742052078247,0.27356627583503723,0.4734453856945038,
3073,0.2170170545578003,0.04028474912047386,1.0453723669052124,0.2741539478302002,0.4927673637866974,
3074,0.21190160512924194,0.04038706049323082,1.0489563941955566,0.2753293812274933,0.4913206100463867,
3075,0.2130690962076187,0.04007226973772049,1.0406482219696045,0.27393844723701477,0.477439284324646,0.7071554660797119
3076,0.21066491305828094,0.04024013504385948,1.0444005727767944,0.2744651436805725,0.4812180995941162,
3077,0.21700060367584229,0.03997141495347023,1.038695216178894,0.2741378843784332,0.48089444637298584,
3078,0.2182687371969223,0.03984395042061806,1.0367846488952637,0.2732292711734772,0.4798073470592499,
3080,0.21524564921855927,0.039948489516973495,1.0375441312789917,0.27353861927986145,0.47772446274757385,
3081,0.21804744005203247,0.040063854306936264,1.0417321920394897,0.27424052357673645,0.48974812030792236,
3083,0.21217964589595795,0.04038024693727493,1.0473605394363403,0.2748430371284485,0.4875173568725586,
3084,0.21355614066123962,0.040292736142873764,1.0465837717056274,0.27453863620758057,0.49100545048713684,
3085,0.2156924307346344,0.03992682322859764,1.0366228818893433,0.27369406819343567,0.4747738242149353,
3086,0.21747829020023346,0.03997459635138512,1.038242220878601,0.27324479818344116,0.48114487528800964,
3087,0.21067140996456146,0.040318261831998825,1.0450814962387085,0.274493008852005,0.47981396317481995,
3088,0.2112778276205063,0.04017055407166481,1.0422191619873047,0.2744928300380707,0.47712424397468567,
3089,0.2136470377445221,0.04005110263824463,1.040515422821045,0.2743959128856659,0.47776466608047485,
3090,0.21668869256973267,0.04015355184674263,1.0412638187408447,0.2735518515110016,0.48712241649627686,
3091,0.2137598842382431,0.040054257959127426,1.039704442024231,0.2737991511821747,0.4752683639526367,
3092,0.21725766360759735,0.040075190365314484,1.039506435394287,0.2742718458175659,0.48178038001060486,
3093,0.21555620431900024,0.039971303194761276,1.0413283109664917,0.274137943983078,0.48055967688560486,
3094,0.21378816664218903,0.04009576886892319,1.0438882112503052,0.2743401825428009,0.48257625102996826,
3095,0.21346056461334229,0.040045250207185745,1.0404092073440552,0.2740934491157532,0.47935694456100464,
3096,0.21443472802639008,0.03978584334254265,1.0320053100585938,0.27263548970222473,0.46387770771980286,
3097,0.21447782218456268,0.0399177186191082,1.0421764850616455,0.27413830161094666,0.4824230372905731,
3098,0.21074609458446503,0.040269721299409866,1.0467127561569214,0.2748948037624359,0.48364731669425964,
3099,0.212763711810112,0.04030079394578934,1.0480506420135498,0.27455106377601624,0.492125540971756,
3100,0.2115011364221573,0.04005245491862297,1.0389198064804077,0.2739824950695038,0.4714556038379669,0.7072897553443909
3101,0.21753716468811035,0.04002572223544121,1.0393766164779663,0.27355000376701355,0.48216259479522705,
3102,0.21554571390151978,0.04002837836742401,1.0383745431900024,0.2736796736717224,0.47686222195625305,
3103,0.21991011500358582,0.039952561259269714,1.0405505895614624,0.27384987473487854,0.4904235601425171,
3104,0.21828559041023254,0.03998839855194092,1.037210464477539,0.27370020747184753,0.4807225465774536,
3105,0.22203731536865234,0.039866477251052856,1.0423123836517334,0.27351853251457214,0.4965185523033142,
3106,0.21608096361160278,0.03986763581633568,1.0372700691223145,0.27339744567871094,0.4770430624485016,
3107,0.21419678628444672,0.04024915024638176,1.045013666152954,0.2743000090122223,0.490825355052948,
3108,0.21710705757141113,0.04006548970937729,1.0395183563232422,0.27405062317848206,0.4863884449005127,
3109,0.21579335629940033,0.0402136892080307,1.0420193672180176,0.273804634809494,0.4872022867202759,
3110,0.21394242346286774,0.04008923098444939,1.0396101474761963,0.2738616466522217,0.47922763228416443,
3111,0.21743276715278625,0.039853304624557495,1.0350542068481445,0.2731177508831024,0.4796186089515686,
3112,0.2162020057439804,0.03974949195981026,1.0341423749923706,0.27304521203041077,0.47241899371147156,
3113,0.2165779024362564,0.03979019075632095,1.0358701944351196,0.27319350838661194,0.47322672605514526,
3114,0.22217422723770142,0.03977276384830475,1.0332423448562622,0.2725449204444885,0.48065444827079773,
3115,0.21823276579380035,0.03979405760765076,1.0367200374603271,0.27317512035369873,0.4813476800918579,
3116,0.21769723296165466,0.03991508483886719,1.0368455648422241,0.2734975516796112,0.48125022649765015,
3117,0.2182696908712387,0.040016960352659225,1.041164517402649,0.27417317032814026,0.48881661891937256,
3118,0.2141333371400833,0.03976517915725708,1.033345103263855,0.27303141355514526,0.466830849647522,
3119,0.21617785096168518,0.03978193551301956,1.0337681770324707,0.27285346388816833,0.4682590365409851,
3120,0.22019192576408386,0.040216073393821716,1.0451992750167847,0.27435168623924255,0.500519335269928,
3121,0.2174306958913803,0.03988659754395485,1.037347435951233,0.27316978573799133,0.482699453830719,
3122,0.21433387696743011,0.039856694638729095,1.032949686050415,0.27241501212120056,0.467806875705719,
3123,0.20988239347934723,0.04023125022649765,1.047607660293579,0.27456286549568176,0.48497456312179565,
3124,0.21892249584197998,0.039712123572826385,1.031598687171936,0.2729446291923523,0.4724850356578827,
3125,0.213751420378685,0.03997029736638069,1.0390444993972778,0.27358344197273254,0.47683966159820557,0.7080896496772766
3126,0.21425573527812958,0.04032876715064049,1.0459903478622437,0.27529531717300415,0.4920145571231842,
3127,0.21455791592597961,0.039978835731744766,1.0353479385375977,0.2731989622116089,0.46977102756500244,
3128,0.2119477540254593,0.04012664034962654,1.0426616668701172,0.274585098028183,0.4827687740325928,
3129,0.2157084047794342,0.040028609335422516,1.0431286096572876,0.2741609215736389,0.4874483346939087,
3130,0.21325187385082245,0.04048691317439079,1.0560200214385986,0.27586472034454346,0.5042691230773926,
3131,0.21790483593940735,0.039956383407115936,1.041650414466858,0.2739560902118683,0.49032917618751526,
3132,0.2142488658428192,0.04003031924366951,1.0410369634628296,0.2736762464046478,0.4824013411998749,
3133,0.21411053836345673,0.04008687287569046,1.0413953065872192,0.274464875459671,0.4845414459705353,
3134,0.21800003945827484,0.04000584036111832,1.0383490324020386,0.273789644241333,0.48322591185569763,
3135,0.21752668917179108,0.03997188061475754,1.0371180772781372,0.27342939376831055,0.48098909854888916,
3136,0.21941007673740387,0.03988055884838104,1.0342752933502197,0.27321019768714905,0.47909706830978394,
3137,0.21309594810009003,0.0400475412607193,1.039314866065979,0.2740675210952759,0.4768892824649811,
3139,0.21991200745105743,0.039860330522060394,1.0386840105056763,0.27382004261016846,0.48420625925064087,
3140,0.21946945786476135,0.039845746010541916,1.0388176441192627,0.2736969590187073,0.4856811463832855,
3141,0.2217310518026352,0.0395532101392746,1.0295227766036987,0.2719152271747589,0.47171464562416077,
3142,0.2180510312318802,0.03979603201150894,1.0365302562713623,0.2727614939212799,0.47988125681877136,
3143,0.21064510941505432,0.04026447981595993,1.0482120513916016,0.27530327439308167,0.4859853982925415,
3144,0.21309490501880646,0.0401713065803051,1.044775366783142,0.2750585079193115,0.48656195402145386,
3145,0.21724799275398254,0.03978203237056732,1.035105586051941,0.2728804349899292,0.47692251205444336,
3146,0.21938712894916534,0.040091633796691895,1.042952537536621,0.274260550737381,0.4923611879348755,
3147,0.21590125560760498,0.04005654528737068,1.0403857231140137,0.2737441658973694,0.48251742124557495,
3148,0.2137150764465332,0.040117260068655014,1.0406787395477295,0.27393612265586853,0.4782795011997223,
3149,0.21484871208667755,0.04027867317199707,1.0440248250961304,0.2743823528289795,0.48748037219047546,
3150,0.2136267125606537,0.04030425101518631,1.047914981842041,0.2750936448574066,0.49353399872779846,0.707707941532135
3151,0.21521739661693573,0.04022746533155441,1.044992208480835,0.2746683657169342,0.48814934492111206,
3152,0.21430683135986328,0.04009649530053139,1.0432932376861572,0.274692177772522,0.4871300756931305,
3153,0.21700118482112885,0.04010991007089615,1.0422776937484741,0.2739906311035156,0.4870438873767853,
3154,0.2162107527256012,0.04013314098119736,1.0404410362243652,0.2735685706138611,0.4816930890083313,
3155,0.2158760130405426,0.03983462229371071,1.0348981618881226,0.27319368720054626,0.4708203077316284,
3156,0.21751074492931366,0.040113575756549835,1.0426445007324219,0.2745529115200043,0.48945096135139465,
3157,0.20953650772571564,0.04039210081100464,1.0510311126708984,0.27528050541877747,0.48968878388404846,
3158,0.21292071044445038,0.040069419890642166,1.0408903360366821,0.27404072880744934,0.4793085753917694,
3159,0.20938865840435028,0.04040081799030304,1.0479576587677002,0.27469971776008606,0.4830453097820282,
3160,0.21241801977157593,0.04036741703748703,1.0488630533218384,0.27507367730140686,0.49098148941993713,
3161,0.21152958273887634,0.04035992920398712,1.0542004108428955,0.275986909866333,0.49744725227355957,
3162,0.20892751216888428,0.04047193005681038,1.0483273267745972,0.275028795003891,0.48364531993865967,
3163,0.21030576527118683,0.04042378440499306,1.0488945245742798,0.2748126685619354,0.4887875020503998,
3164,0.21240752935409546,0.040353965014219284,1.0500961542129517,0.275343120098114,0.49345844984054565,
3165,0.21557465195655823,0.0401243157684803,1.042854905128479,0.2740638554096222,0.485490083694458,
3166,0.21204040944576263,0.04021752253174782,1.0478993654251099,0.2748677432537079,0.4882845878601074,
3167,0.21309971809387207,0.04027301073074341,1.0452280044555664,0.27434179186820984,0.48601552844047546,
3168,0.21384485065937042,0.03996667265892029,1.0420483350753784,0.2739740312099457,0.48154377937316895,
3169,0.2150317132472992,0.04020402207970619,1.0485258102416992,0.2751401662826538,0.49520647525787354,
3170,0.21667936444282532,0.039985693991184235,1.0440393686294556,0.273567795753479,0.4898342490196228,
3171,0.21688270568847656,0.039966028183698654,1.0417993068695068,0.27395978569984436,0.4876428246498108,
3172,0.21173156797885895,0.04030168801546097,1.0535131692886353,0.2756313681602478,0.4976610839366913,
3173,0.21220459043979645,0.04017133265733719,1.048067331314087,0.2747102379798889,0.4897937774658203,
3174,0.21357017755508423,0.04015333950519562,1.041587471961975,0.2737266421318054,0.4794206917285919,
3175,0.2141726166009903,0.039935193955898285,1.0407119989395142,0.2738740146160126,0.4797670543193817,0.7079762816429138
3176,0.21659936010837555,0.03999508544802666,1.0413157939910889,0.27405568957328796,0.4864252805709839,
3177,0.21178923547267914,0.040341541171073914,1.0460292100906372,0.2744414210319519,0.48348307609558105,
3178,0.21417856216430664,0.0401301346719265,1.0453104972839355,0.2747630476951599,0.48615220189094543,
3179,0.21508997678756714,0.040222037583589554,1.050100326538086,0.2750118374824524,0.4979231655597687,
3180,0.21225227415561676,0.04035510495305061,1.0464575290679932,0.2750721573829651,0.4831506311893463,
3181,0.21838107705116272,0.039889443665742874,1.0359797477722168,0.2733546197414398,0.47940218448638916,
3182,0.21526409685611725,0.04012735188007355,1.0425457954406738,0.274352490901947,0.48591601848602295,
3183,0.2173381894826889,0.04017435014247894,1.0413458347320557,0.2738058865070343,0.48526453971862793,
3184,0.21732784807682037,0.04003503546118736,1.039782166481018,0.2741956412792206,0.48599129915237427,
3185,0.21710467338562012,0.0399264432489872,1.0377885103225708,0.27332979440689087,0.4799884259700775,
3186,0.21707090735435486,0.03992682695388794,1.0394771099090576,0.273427277803421,0.4825606942176819,
3187,0.21750667691230774,0.04007338359951973,1.0422180891036987,0.2738252580165863,0.4879987835884094,
3188,0.21994243562221527,0.03984931856393814,1.0372331142425537,0.2732061743736267,0.4829419255256653,
3189,0.21468491852283478,0.04033787176012993,1.044283390045166,0.273899644613266,0.4826498031616211,
3190,0.2142825424671173,0.04026290774345398,1.0465587377548218,0.2743700444698334,0.4873959720134735,
3191,0.21665294468402863,0.04017863795161247,1.0445729494094849,0.2743668556213379,0.49062252044677734,
3192,0.2138790488243103,0.04005780071020126,1.0393277406692505,0.2742498219013214,0.4765186309814453,
3193,0.21169839799404144,0.04009469971060753,1.043509602546692,0.27451929450035095,0.4800199866294861,
3194,0.21249869465827942,0.04057975113391876,1.0541714429855347,0.2762849032878876,0.5008107423782349,
3195,0.21012744307518005,0.040558792650699615,1.05673348903656,0.27617061138153076,0.4984327554702759,
3196,0.20600935816764832,0.040452223271131516,1.0500673055648804,0.27539536356925964,0.4812644124031067,
3197,0.2163168042898178,0.04021510109305382,1.0485364198684692,0.27536243200302124,0.4973788559436798,
3198,0.21382947266101837,0.040127288550138474,1.0482380390167236,0.2751283347606659,0.48912444710731506,
3199,0.21276022493839264,0.04031514748930931,1.0529580116271973,0.27600836753845215,0.4951592683792114,
3200,0.21206149458885193,0.04018815606832504,1.0459542274475098,0.2747561037540436,0.48481422662734985,0.7095210552215576
3201,0.21713146567344666,0.040209606289863586,1.047566294670105,0.2748463749885559,0.4965741038322449,
3202,0.2199128270149231,0.04000765457749367,1.04071044921875,0.27432551980018616,0.4922837018966675,
3203,0.21650207042694092,0.03989030420780182,1.0375689268112183,0.2737899720668793,0.4801133871078491,
3204,0.21298745274543762,0.04031077399849892,1.0490552186965942,0.2754555940628052,0.49203065037727356,
3205,0.21149209141731262,0.040239691734313965,1.0405594110488892,0.2738809883594513,0.47402897477149963,
3206,0.21424372494220734,0.04023655876517296,1.042156457901001,0.27382540702819824,0.4798603355884552,
3207,0.21568019688129425,0.04020717367529869,1.0427687168121338,0.2742578387260437,0.48846951127052307,
3208,0.21549077332019806,0.04002860188484192,1.0376191139221191,0.2730552554130554,0.4767441153526306,
3209,0.21186292171478271,0.040044091641902924,1.0356366634368896,0.2735356092453003,0.46721789240837097,
3210,0.21419230103492737,0.0402713343501091,1.045685887336731,0.2743518054485321,0.48845595121383667,
3211,0.21691757440567017,0.04029780253767967,1.0483986139297485,0.27524280548095703,0.49980810284614563,
3212,0.21463550627231598,0.04030422866344452,1.0449236631393433,0.274954229593277,0.4884564280509949,
3213,0.21140916645526886,0.040410347282886505,1.0497266054153442,0.2747434973716736,0.49219080805778503,
3214,0.21416884660720825,0.040449339896440506,1.0512770414352417,0.27512305974960327,0.49727681279182434,
3215,0.21196530759334564,0.04026374965906143,1.044066309928894,0.274436891078949,0.4826943874359131,
3216,0.21366265416145325,0.040200233459472656,1.0407981872558594,0.2742009460926056,0.47889265418052673,
3217,0.20750822126865387,0.04047854617238045,1.0483672618865967,0.274827778339386,0.4807504117488861,
3218,0.2143513709306717,0.040287647396326065,1.0462086200714111,0.2744031250476837,0.4900325536727905,
3219,0.21489068865776062,0.04006924852728844,1.0405863523483276,0.2738249599933624,0.4805232286453247,
3220,0.2193552702665329,0.03997635841369629,1.0424439907073975,0.2735706865787506,0.4931005537509918,
3221,0.2189960926771164,0.04000149667263031,1.038764238357544,0.27344244718551636,0.4852485954761505,
3222,0.21957458555698395,0.04000730440020561,1.0407202243804932,0.27417421340942383,0.4892311096191406,
3224,0.22390536963939667,0.03949839994311333,1.0273005962371826,0.2717297077178955,0.4757174253463745,
3225,0.21723023056983948,0.04001779481768608,1.038503885269165,0.27358338236808777,0.4787093698978424,0.7097963094711304
3226,0.2201089709997177,0.03987212851643562,1.0341187715530396,0.27349698543548584,0.4796176254749298,
3227,0.2201347053050995,0.0401206873357296,1.038385272026062,0.2736343741416931,0.4882265329360962,
3228,0.21785596013069153,0.0398830808699131,1.036382794380188,0.273030549287796,0.47870156168937683,
3229,0.21678651869297028,0.04030010849237442,1.0449966192245483,0.27428874373435974,0.49366679787635803,
3230,0.2147342562675476,0.040338002145290375,1.044843077659607,0.2746639549732208,0.4896269142627716,
3231,0.21772710978984833,0.040223557502031326,1.0418378114700317,0.2748010754585266,0.4907090365886688,
3232,0.2140914797782898,0.04021061211824417,1.0432546138763428,0.2742922008037567,0.4831937849521637,
3233,0.21313120424747467,0.04034338518977165,1.045547604560852,0.2744264304637909,0.4869881570339203,
3234,0.2130526751279831,0.040154218673706055,1.0413955450057983,0.2747340500354767,0.4808480441570282,
3235,0.21533049643039703,0.04019169136881828,1.044313907623291,0.2751775085926056,0.48737382888793945,
3236,0.21573702991008759,0.039999015629291534,1.0365796089172363,0.2730896770954132,0.47550082206726074,
3237,0.21777619421482086,0.03996027633547783,1.040778398513794,0.27413409948349,0.4867801070213318,
3238,0.21325956284999847,0.039960864931344986,1.039654016494751,0.2738190293312073,0.47781631350517273,
3239,0.21388916671276093,0.04037368297576904,1.0515064001083374,0.27538150548934937,0.49988308548927307,
3240,0.21350321173667908,0.04021413251757622,1.0470597743988037,0.27471378445625305,0.48983630537986755,
3241,0.21161437034606934,0.04028603807091713,1.0496076345443726,0.2751840353012085,0.4907917380332947,
3242,0.21191157400608063,0.040094755589962006,1.0397188663482666,0.2736717760562897,0.4749659299850464,
3243,0.2157033383846283,0.03997601941227913,1.0409016609191895,0.2743760049343109,0.48447948694229126,
3244,0.21701884269714355,0.04012472555041313,1.0456018447875977,0.2748478055000305,0.4936554431915283,
3245,0.21465876698493958,0.04017603024840355,1.0448460578918457,0.27427852153778076,0.48762091994285583,
3246,0.22052854299545288,0.03998483344912529,1.0395570993423462,0.27366188168525696,0.4922727346420288,
3247,0.21982623636722565,0.03966629132628441,1.032839059829712,0.27369043231010437,0.47749367356300354,
3248,0.21308772265911102,0.040133021771907806,1.044225811958313,0.2748833894729614,0.48371315002441406,
3249,0.2159033566713333,0.040299899876117706,1.047317624092102,0.27440696954727173,0.4947143793106079,
3250,0.21710434556007385,0.04002995416522026,1.0430526733398438,0.2737933397293091,0.4874924123287201,0.7104184031486511
3251,0.2238210290670395,0.03973035141825676,1.0349934101104736,0.27276960015296936,0.4867393374443054,
3252,0.22348645329475403,0.03985937684774399,1.0400952100753784,0.2741509675979614,0.4985148310661316,
3253,0.22290877997875214,0.03984646499156952,1.0359705686569214,0.2729644179344177,0.4881381690502167,
3254,0.2195768654346466,0.03975236415863037,1.0302201509475708,0.2714874744415283,0.47055092453956604,
3255,0.21713393926620483,0.04010052606463432,1.0401561260223389,0.27313217520713806,0.4849127233028412,
3256,0.22185923159122467,0.03979113698005676,1.0372990369796753,0.273602157831192,0.4871736764907837,
3257,0.21511438488960266,0.040240515023469925,1.0463818311691284,0.2746703326702118,0.4913046061992645,
3258,0.2152719646692276,0.040256671607494354,1.043509840965271,0.2743087410926819,0.48409363627433777,
3259,0.2224639505147934,0.039850153028964996,1.0346918106079102,0.27330803871154785,0.4845001995563507,
3260,0.21536065638065338,0.03998845815658569,1.0380903482437134,0.27384448051452637,0.4806711673736572,
3261,0.21880438923835754,0.04003353416919708,1.0363653898239136,0.27338066697120667,0.4821150302886963,
3262,0.21122166514396667,0.04015546664595604,1.0399190187454224,0.273765504360199,0.4708971083164215,
3263,0.2158069610595703,0.03997362405061722,1.0364738702774048,0.27330493927001953,0.4730387330055237,
3264,0.21714994311332703,0.0399780310690403,1.0383635759353638,0.27325814962387085,0.48219260573387146,
3265,0.21832077205181122,0.040024079382419586,1.0393695831298828,0.2733200490474701,0.48495858907699585,
3266,0.2175038605928421,0.04006994515657425,1.0418329238891602,0.2740301191806793,0.4892314374446869,
3267,0.2154528647661209,0.04004400968551636,1.040899395942688,0.274040162563324,0.4799425005912781,
3268,0.217885360121727,0.039989255368709564,1.036476969718933,0.27362990379333496,0.47952917218208313,
3269,0.21890297532081604,0.040323399007320404,1.0470815896987915,0.27508652210235596,0.4979034662246704,
3270,0.21446648240089417,0.0400954894721508,1.036615014076233,0.2732997238636017,0.4725836515426636,
3271,0.21731454133987427,0.040094420313835144,1.04109787940979,0.2745952010154724,0.48414525389671326,
3272,0.2133219987154007,0.040385447442531586,1.0478432178497314,0.2749141454696655,0.4895142614841461,
3273,0.21615998446941376,0.03997252881526947,1.0381598472595215,0.2741854786872864,0.47720247507095337,
3274,0.21923649311065674,0.03973057121038437,1.0316426753997803,0.2725989818572998,0.4744119346141815,
3275,0.22094950079917908,0.039698999375104904,1.030205488204956,0.2723458707332611,0.47260430455207825,0.7109119296073914
3276,0.21663449704647064,0.03979840874671936,1.0356136560440063,0.2735579311847687,0.4747217893600464,
3277,0.21600840985774994,0.040017567574977875,1.0381097793579102,0.273783415555954,0.48215481638908386,
3278,0.2239805907011032,0.03981141746044159,1.0362998247146606,0.2734639048576355,0.4884442090988159,
3279,0.21891792118549347,0.03977832943201065,1.0328503847122192,0.273081511259079,0.4768889248371124,
3280,0.2211538553237915,0.039872150868177414,1.0375701189041138,0.27350229024887085,0.48823869228363037,
3281,0.21826542913913727,0.040053289383649826,1.040210247039795,0.27360066771507263,0.48773542046546936,
3282,0.21603795886039734,0.04011883586645126,1.042648434638977,0.27423641085624695,0.4871916174888611,
3283,0.22068451344966888,0.03987286612391472,1.038378119468689,0.27422815561294556,0.4878212511539459,
3284,0.21477386355400085,0.03992847353219986,1.0375196933746338,0.2730098068714142,0.4753635823726654,
3285,0.22040033340454102,0.03974670171737671,1.0358816385269165,0.27319714426994324,0.4814854860305786,
3286,0.2144738733768463,0.03992832452058792,1.0402911901474,0.27357661724090576,0.4805179238319397,
3287,0.21231260895729065,0.04014486446976662,1.0475062131881714,0.2748841345310211,0.4877036213874817,
3288,0.21440812945365906,0.04023299738764763,1.0466796159744263,0.27470359206199646,0.4905179738998413,
3289,0.21628513932228088,0.03992927446961403,1.0372756719589233,0.273688405752182,0.4771713614463806,
3290,0.21721437573432922,0.039984866976737976,1.0376718044281006,0.27315106987953186,0.47848278284072876,
3291,0.21149854362010956,0.04031652957201004,1.0438194274902344,0.2742021977901459,0.4799268841743469,
3292,0.20940248668193817,0.04053805395960808,1.0545741319656372,0.2762227952480316,0.4969373047351837,
3293,0.21581140160560608,0.04012936353683472,1.0434695482254028,0.274426132440567,0.4890037775039673,
3294,0.2128957211971283,0.04037884622812271,1.050946831703186,0.2758008539676666,0.49643078446388245,
3295,0.21792790293693542,0.03989188373088837,1.0365521907806396,0.27295419573783875,0.48167452216148376,
3296,0.21735401451587677,0.04022267833352089,1.044028401374817,0.27476805448532104,0.4931471645832062,
3297,0.2177397906780243,0.040139440447092056,1.0437735319137573,0.2742559015750885,0.4918517470359802,
3298,0.2147415429353714,0.04040895402431488,1.0511727333068848,0.27578121423721313,0.4982635974884033,
3299,0.21285557746887207,0.04019979387521744,1.0445020198822021,0.2743731737136841,0.4835505187511444,
3300,0.21773360669612885,0.04005240648984909,1.0407116413116455,0.27387720346450806,0.48490434885025024,0.7112776041030884
3302,0.2140679806470871,0.04017536714673042,1.0453253984451294,0.27468618750572205,0.48729389905929565,
3303,0.21719412505626678,0.03983704000711441,1.0364726781845093,0.2734408974647522,0.47438499331474304,
3304,0.22057031095027924,0.039731938391923904,1.0344775915145874,0.2730534076690674,0.48075154423713684,
3305,0.21618883311748505,0.040100205689668655,1.0440019369125366,0.2743091583251953,0.49000173807144165,
3306,0.2168065756559372,0.03984753414988518,1.0357730388641357,0.27321377396583557,0.4778010845184326,
3307,0.21718618273735046,0.039951104670763016,1.038297414779663,0.27362385392189026,0.4794001281261444,
3308,0.2179388403892517,0.04002855345606804,1.0429317951202393,0.2743348777294159,0.4914545714855194,
3309,0.21351352334022522,0.04028154909610748,1.0519942045211792,0.27531224489212036,0.49823251366615295,
3310,0.21928620338439941,0.04007376357913017,1.0421077013015747,0.27416303753852844,0.493920236825943,
3311,0.2185923010110855,0.039921004325151443,1.038039207458496,0.27352970838546753,0.4848640263080597,
3312,0.2182142287492752,0.04012831300497055,1.0437812805175781,0.2742052674293518,0.49342814087867737,
3313,0.21912188827991486,0.039773814380168915,1.0316466093063354,0.27297699451446533,0.47284066677093506,
3314,0.2226972132921219,0.03982163220643997,1.036910891532898,0.27321282029151917,0.48800185322761536,
3315,0.22103996574878693,0.03977331146597862,1.032305121421814,0.2731979787349701,0.4790240228176117,
3316,0.2200409322977066,0.039834827184677124,1.0345128774642944,0.2728245258331299,0.4816667437553406,
3317,0.21959729492664337,0.040057238191366196,1.043544054031372,0.27449098229408264,0.49590161442756653,
3318,0.22135211527347565,0.03969382867217064,1.0377352237701416,0.2732766568660736,0.48964694142341614,
3319,0.21728260815143585,0.03975571319460869,1.0369439125061035,0.2736995220184326,0.4791754186153412,
3320,0.21617752313613892,0.040042176842689514,1.0398818254470825,0.2739395201206207,0.48173391819000244,
3321,0.21285761892795563,0.040428295731544495,1.0497734546661377,0.27532753348350525,0.4942595362663269,
3322,0.2145940065383911,0.04032716527581215,1.0511646270751953,0.27558159828186035,0.49929893016815186,
3323,0.21514056622982025,0.03996104374527931,1.0414891242980957,0.2739615738391876,0.4835536777973175,
3324,0.21575267612934113,0.0402512326836586,1.050146222114563,0.2755613625049591,0.4987903833389282,
3325,0.21275492012500763,0.04001997783780098,1.0441854000091553,0.27440446615219116,0.4837721586227417,0.7118182182312012
3326,0.2154356688261032,0.040161311626434326,1.0467066764831543,0.27501383423805237,0.4935336112976074,
3327,0.2189159244298935,0.040073879063129425,1.0450361967086792,0.2746526002883911,0.4981212019920349,
3328,0.21989060938358307,0.04005151242017746,1.0440272092819214,0.27458855509757996,0.49799415469169617,
3329,0.21655191481113434,0.040189873427152634,1.0482505559921265,0.2747543156147003,0.4988333582878113,
3330,0.21558940410614014,0.04004286974668503,1.0421863794326782,0.27400073409080505,0.48671755194664,
3331,0.2134651392698288,0.0402044877409935,1.0485318899154663,0.2751087248325348,0.49453726410865784,
3332,0.22243919968605042,0.04014615714550018,1.046541690826416,0.2749215364456177,0.5078724026679993,
3333,0.21670383214950562,0.040024835616350174,1.04293692111969,0.2747015953063965,0.48854923248291016,
3334,0.2168862372636795,0.040042005479335785,1.0433350801467896,0.2742668390274048,0.48973122239112854,
3335,0.2214275449514389,0.03998655825853348,1.042127013206482,0.27393218874931335,0.4936807155609131,
3336,0.2224676012992859,0.04001942276954651,1.0430203676223755,0.27431145310401917,0.49702051281929016,
3337,0.21982255578041077,0.039767127484083176,1.0342644453048706,0.2733946740627289,0.4771946370601654,
3338,0.2168227732181549,0.039768997579813004,1.0370478630065918,0.2734137773513794,0.47925251722335815,
3339,0.2202729433774948,0.03987797722220421,1.0381731986999512,0.2734625041484833,0.48544198274612427,
3340,0.21688824892044067,0.04006054624915123,1.0404452085494995,0.2740103006362915,0.48507630825042725,
3341,0.22191615402698517,0.03978442773222923,1.0375088453292847,0.27348271012306213,0.4907699525356293,
3342,0.21853631734848022,0.04007767513394356,1.0453407764434814,0.27517637610435486,0.4988180994987488,
3343,0.22198782861232758,0.03992750868201256,1.0435782670974731,0.27426859736442566,0.5016568303108215,
3344,0.21752269566059113,0.040176860988140106,1.0453932285308838,0.27465569972991943,0.49681344628334045,
3345,0.22118015587329865,0.0398828461766243,1.0381516218185425,0.27376195788383484,0.48913660645484924,
3346,0.2188670039176941,0.04013877734541893,1.0462459325790405,0.2747325897216797,0.49870023131370544,
3347,0.2243727594614029,0.039817407727241516,1.038130521774292,0.27387717366218567,0.4956948161125183,
3348,0.22038692235946655,0.04012050852179527,1.046265721321106,0.27455729246139526,0.5028306841850281,
3349,0.2145129293203354,0.04002096876502037,1.043283462524414,0.274325966835022,0.48722514510154724,
3350,0.21733444929122925,0.040117792785167694,1.0464775562286377,0.2744143605232239,0.4943316876888275,0.710724413394928
3351,0.21715380251407623,0.03994140028953552,1.0435177087783813,0.2748938500881195,0.4913278818130493,
3352,0.21394073963165283,0.04005281999707222,1.0419284105300903,0.2743852138519287,0.4818788468837738,
3353,0.2225516140460968,0.039784565567970276,1.039775013923645,0.27327343821525574,0.4964326322078705,
3354,0.22204552590847015,0.04003509134054184,1.0437566041946411,0.274221807718277,0.5007744431495667,
3355,0.21553456783294678,0.04042452201247215,1.0548771619796753,0.27595430612564087,0.5070133209228516,
3356,0.21755263209342957,0.03996195271611214,1.0420070886611938,0.27416372299194336,0.49210286140441895,
3357,0.2134784758090973,0.04024729132652283,1.0469261407852173,0.27559414505958557,0.4905990958213806,
3358,0.21216341853141785,0.04022280126810074,1.0445963144302368,0.27422329783439636,0.48674651980400085,
3359,0.213672935962677,0.04020184278488159,1.0480928421020508,0.27538833022117615,0.49228543043136597,
3360,0.22228771448135376,0.04011418670415878,1.0437723398208618,0.2743748426437378,0.5011096596717834,
3361,0.21437273919582367,0.04009394347667694,1.0434952974319458,0.27469345927238464,0.48689112067222595,
3362,0.21329057216644287,0.040232934057712555,1.0458015203475952,0.2749813497066498,0.48864394426345825,
3363,0.2149762213230133,0.040403690189123154,1.0529117584228516,0.2761629521846771,0.5027865767478943,
3364,0.21541498601436615,0.04019126296043396,1.0430477857589722,0.27480435371398926,0.4889012277126312,
3365,0.21557804942131042,0.040057241916656494,1.0412266254425049,0.27437204122543335,0.48570024967193604,
3366,0.22147469222545624,0.0399615578353405,1.038827896118164,0.2736928462982178,0.49036309123039246,
3367,0.21762600541114807,0.040016476064920425,1.0399644374847412,0.27390480041503906,0.48595118522644043,
3368,0.21961720287799835,0.039945971220731735,1.0368311405181885,0.27297243475914,0.4842413663864136,
3369,0.21796977519989014,0.040084343403577805,1.0449717044830322,0.27435168623924255,0.4964781105518341,
3370,0.21583294868469238,0.04003060236573219,1.0411196947097778,0.2745296359062195,0.48627525568008423,
3371,0.21664780378341675,0.04000892862677574,1.0440093278884888,0.27419349551200867,0.49205926060676575,
3372,0.21391743421554565,0.040382254868745804,1.0501524209976196,0.2752564549446106,0.49771052598953247,
3373,0.21508362889289856,0.04014553502202034,1.0455336570739746,0.27476027607917786,0.4927690327167511,
3374,0.21497753262519836,0.04018395021557808,1.0435969829559326,0.2746070921421051,0.4888625741004944,
3375,0.2159082144498825,0.04004044830799103,1.044390082359314,0.2747468054294586,0.49128320813179016,0.711941659450531
3376,0.21239493787288666,0.03995417430996895,1.041574239730835,0.2741565406322479,0.47843998670578003,
3377,0.21902672946453094,0.040082238614559174,1.044746994972229,0.27511468529701233,0.49764132499694824,
3378,0.21698392927646637,0.04012458026409149,1.0448503494262695,0.2753256559371948,0.49245622754096985,
3379,0.21431976556777954,0.04043775796890259,1.0520788431167603,0.27583178877830505,0.4987725615501404,
3380,0.21338874101638794,0.03995417058467865,1.0416430234909058,0.274654746055603,0.48280200362205505,
3381,0.21312029659748077,0.04026461020112038,1.049918532371521,0.2754135727882385,0.4945167303085327,
3382,0.21906042098999023,0.040065500885248184,1.0458197593688965,0.27471500635147095,0.49960392713546753,
3383,0.21882714331150055,0.040060535073280334,1.0468385219573975,0.2747878432273865,0.4982389807701111,
3384,0.21467451751232147,0.04049127176403999,1.0543662309646606,0.27617794275283813,0.506214439868927,
3385,0.21113622188568115,0.04026726633310318,1.0472933053970337,0.2744239866733551,0.4858967363834381,
3386,0.21633146703243256,0.040002401918172836,1.043565273284912,0.27458950877189636,0.4894751310348511,
3387,0.21478641033172607,0.03979874029755592,1.0375994443893433,0.27362024784088135,0.4776305556297302,
3388,0.2146657556295395,0.04025254026055336,1.0533809661865234,0.2757854759693146,0.5035035610198975,
3389,0.2146671563386917,0.04000275954604149,1.042236089706421,0.2743583023548126,0.4840673804283142,
3390,0.21491746604442596,0.04020478203892708,1.0459588766098022,0.27487578988075256,0.4921830892562866,
3391,0.21783313155174255,0.03971557319164276,1.0359424352645874,0.2738204002380371,0.47838258743286133,
3392,0.21467848122119904,0.03997610881924629,1.0400779247283936,0.274191677570343,0.4791787564754486,
3393,0.21655121445655823,0.03986317664384842,1.0369168519973755,0.27376675605773926,0.4769810438156128,
3394,0.22052034735679626,0.03988673537969589,1.04303777217865,0.2742425799369812,0.495831161737442,
3395,0.22272233664989471,0.039772260934114456,1.041282296180725,0.2744240164756775,0.4957002103328705,
3396,0.21312293410301208,0.040043774992227554,1.0435831546783447,0.2748869061470032,0.4848937690258026,
3397,0.21942532062530518,0.03992650657892227,1.0425995588302612,0.2744060754776001,0.494843989610672,
3398,0.2172732949256897,0.04009009897708893,1.0469273328781128,0.2748602032661438,0.497434139251709,
3399,0.22082839906215668,0.040062010288238525,1.0433907508850098,0.27414998412132263,0.49850326776504517,
3400,0.21643562614917755,0.04018905386328697,1.049595594406128,0.27521276473999023,0.49783608317375183,0.7131703495979309
3401,0.21869100630283356,0.040060680359601974,1.0426359176635742,0.2742025852203369,0.49411919713020325,
3402,0.2170836478471756,0.04020914435386658,1.0462286472320557,0.27477091550827026,0.497079074382782,
3403,0.22129122912883759,0.03985319659113884,1.035730004310608,0.2733996510505676,0.4849698841571808,
3404,0.22073008120059967,0.039984673261642456,1.0425690412521362,0.2741425037384033,0.49568700790405273,
3405,0.21627388894557953,0.03999404236674309,1.04267418384552,0.27401867508888245,0.4891827404499054,
3406,0.21703818440437317,0.04003650322556496,1.0406315326690674,0.2737770080566406,0.4876154959201813,
3407,0.2159983068704605,0.040120020508766174,1.047276496887207,0.27497801184654236,0.4956680238246918,
3408,0.22033214569091797,0.039798803627491,1.038700819015503,0.273464560508728,0.4877786338329315,
3409,0.22017639875411987,0.03985606133937836,1.0372461080551147,0.273501992225647,0.4849812388420105,
3410,0.21307684481143951,0.04009999334812164,1.0463252067565918,0.2748367190361023,0.4897845387458801,
3412,0.2122906595468521,0.04023890197277069,1.043879508972168,0.2748807966709137,0.4833807349205017,
3413,0.21844063699245453,0.040017034858465195,1.0448237657546997,0.2747597098350525,0.49684807658195496,
3414,0.2187902182340622,0.04011937975883484,1.0455480813980103,0.27500516176223755,0.4973943829536438,
3415,0.21909964084625244,0.03976062685251236,1.033727765083313,0.27324312925338745,0.47807052731513977,
3416,0.21720512211322784,0.03990576043725014,1.035491943359375,0.27384433150291443,0.47860583662986755,
3417,0.21535542607307434,0.04008147120475769,1.0402922630310059,0.2746329605579376,0.48338592052459717,
3418,0.21642374992370605,0.03974347561597824,1.0363779067993164,0.273546427488327,0.4785643219947815,
3419,0.21290309727191925,0.0401776060461998,1.047780156135559,0.2747787535190582,0.4923052191734314,
3420,0.2220010757446289,0.03970005363225937,1.0323207378387451,0.2726013958454132,0.4799296259880066,
3421,0.21939978003501892,0.03977128118276596,1.0342146158218384,0.272961288690567,0.47686654329299927,
3422,0.2199849635362625,0.04009610787034035,1.0450495481491089,0.2751775085926056,0.5000197887420654,
3423,0.21777600049972534,0.040096793323755264,1.0420277118682861,0.274698406457901,0.49029988050460815,
3424,0.219185009598732,0.039943430572748184,1.039659023284912,0.27355000376701355,0.48884057998657227,
3425,0.22100675106048584,0.03977656364440918,1.0396279096603394,0.2742319405078888,0.48983773589134216,0.7137753963470459
3426,0.21712720394134521,0.03969431295990944,1.0338094234466553,0.27290743589401245,0.47137919068336487,
3427,0.21638932824134827,0.03984667733311653,1.0408124923706055,0.27445438504219055,0.4856679141521454,
3428,0.21855498850345612,0.03980229049921036,1.0406423807144165,0.274400532245636,0.48748791217803955,
3429,0.21942448616027832,0.039954762905836105,1.0436798334121704,0.2748991549015045,0.4948171079158783,
3430,0.2204502820968628,0.03977929428219795,1.037807822227478,0.2741307020187378,0.48729532957077026,
3431,0.21458354592323303,0.04025426506996155,1.0494617223739624,0.27587008476257324,0.49753037095069885,
3432,0.22155922651290894,0.03993656486272812,1.0373352766036987,0.2740327715873718,0.4888778328895569,
3433,0.22249096632003784,0.039831649512052536,1.0367319583892822,0.2737624943256378,0.4893876016139984,
3434,0.2222520112991333,0.03987725451588631,1.0393671989440918,0.27349790930747986,0.492066890001297,
3435,0.219615176320076,0.039874207228422165,1.0388275384902954,0.27380049228668213,0.48860839009284973,
3436,0.22263498604297638,0.039748430252075195,1.0358405113220215,0.2736360728740692,0.4873327910900116,
3437,0.22171013057231903,0.03985774144530296,1.040333867073059,0.2739766240119934,0.4926530718803406,
3438,0.2261044830083847,0.03968530893325806,1.0353152751922607,0.27329543232917786,0.49380072951316833,
3439,0.21987801790237427,0.03971821069717407,1.037321925163269,0.27401790022850037,0.48577409982681274,
3440,0.22227101027965546,0.03985762223601341,1.0317362546920776,0.27281826734542847,0.48013490438461304,
3441,0.22057361900806427,0.039778754115104675,1.0343921184539795,0.2733815312385559,0.48285752534866333,
3442,0.22174808382987976,0.03970995545387268,1.032515287399292,0.27292463183403015,0.4812625050544739,
3443,0.22467532753944397,0.039547909051179886,1.0277260541915894,0.2722368836402893,0.4770567715167999,
3444,0.22012996673583984,0.039972808212041855,1.039505124092102,0.27404147386550903,0.49208325147628784,
3445,0.2170371115207672,0.03990481421351433,1.0365086793899536,0.2735970616340637,0.4831720292568207,
3446,0.2237505465745926,0.0396525114774704,1.0340180397033691,0.2729299068450928,0.48640501499176025,
3447,0.22092320024967194,0.03986945375800133,1.040226697921753,0.27403131127357483,0.4920496344566345,
3448,0.21868540346622467,0.03983717039227486,1.039117455482483,0.27424219250679016,0.48523518443107605,
3449,0.22249633073806763,0.03983956202864647,1.0344520807266235,0.27325963973999023,0.485887348651886,
3450,0.2170787900686264,0.0400368869304657,1.0450860261917114,0.27455011010169983,0.4940940737724304,0.7139280438423157
3451,0.22005197405815125,0.039831701666116714,1.038365364074707,0.27407270669937134,0.49021413922309875,
3452,0.2233879715204239,0.03980681300163269,1.0390530824661255,0.2742615342140198,0.49550309777259827,
3453,0.22465786337852478,0.039741743355989456,1.035639762878418,0.2734772861003876,0.4909694194793701,
3454,0.22007517516613007,0.03978504240512848,1.0364807844161987,0.27406951785087585,0.48398199677467346,
3455,0.22371149063110352,0.039670683443546295,1.0329293012619019,0.2729429304599762,0.48373767733573914,
3456,0.22784143686294556,0.03958884999155998,1.0329558849334717,0.27326443791389465,0.49290427565574646,
3457,0.2253277450799942,0.03975372761487961,1.0323582887649536,0.2732503116130829,0.485714316368103,
3458,0.2276783287525177,0.03972780331969261,1.0361298322677612,0.2735258638858795,0.49922019243240356,
3459,0.2251499742269516,0.03965790942311287,1.030017614364624,0.27298247814178467,0.4810391962528229,
3460,0.2242557406425476,0.03980936482548714,1.0354900360107422,0.2736276090145111,0.49152684211730957,
3461,0.22201712429523468,0.040142133831977844,1.0447962284088135,0.27450090646743774,0.5028867125511169,
3462,0.2205965220928192,0.039979562163352966,1.040220022201538,0.2741653621196747,0.4912552833557129,
3463,0.21912343800067902,0.03984504193067551,1.0348635911941528,0.2735285460948944,0.4787169396877289,
3464,0.21854303777217865,0.04004676640033722,1.0412688255310059,0.27424097061157227,0.49231746792793274,
3465,0.21578530967235565,0.04012708738446236,1.0437359809875488,0.2749757766723633,0.4898284077644348,
3466,0.21977499127388,0.03987494111061096,1.039015531539917,0.27380672097206116,0.48917365074157715,
3467,0.21731199324131012,0.03990386798977852,1.0432575941085815,0.2748517096042633,0.49233514070510864,
3468,0.21826639771461487,0.03979220241308212,1.0350871086120605,0.2732323408126831,0.4790673851966858,
3470,0.21325072646141052,0.03983796760439873,1.0354424715042114,0.27333125472068787,0.4683070182800293,
3471,0.2190108746290207,0.039727527648210526,1.0347398519515991,0.2731770873069763,0.479339063167572,
3472,0.22723251581192017,0.039345379918813705,1.0261797904968262,0.27205806970596313,0.4807044565677643,
3473,0.2213294804096222,0.039789389818906784,1.038771152496338,0.2734709084033966,0.4875826835632324,
3474,0.21920883655548096,0.03996929153800011,1.0374349355697632,0.27383747696876526,0.4823462963104248,
3475,0.21645483374595642,0.040065065026283264,1.0390748977661133,0.27376532554626465,0.4833167493343353,0.7148534059524536
3476,0.21872559189796448,0.04015960171818733,1.0444469451904297,0.27472788095474243,0.4957611858844757,
3477,0.21986831724643707,0.040033113211393356,1.0397506952285767,0.27367085218429565,0.4862251281738281,
3478,0.21670733392238617,0.039987657219171524,1.0388375520706177,0.27377137541770935,0.4821101129055023,
3479,0.21662554144859314,0.040281448513269424,1.0470924377441406,0.2748945653438568,0.4961276948451996,
3480,0.21636758744716644,0.04016304761171341,1.0441690683364868,0.27424734830856323,0.49103233218193054,
3481,0.2164960503578186,0.04026872664690018,1.0472723245620728,0.2755790054798126,0.49885839223861694,
3482,0.2149205505847931,0.03996305167675018,1.0389119386672974,0.2745862603187561,0.47796210646629333,
3484,0.2152969241142273,0.04013824090361595,1.047549843788147,0.27574601769447327,0.49453824758529663,
3485,0.21027739346027374,0.040355682373046875,1.0513461828231812,0.27610859274864197,0.4942181408405304,
3486,0.21244654059410095,0.04032207652926445,1.047819972038269,0.2755587697029114,0.4914511442184448,
3487,0.21685396134853363,0.04050343111157417,1.0534076690673828,0.27632156014442444,0.5077826976776123,
3488,0.21114125847816467,0.04042338952422142,1.0496553182601929,0.27542781829833984,0.4910319447517395,
3489,0.21767891943454742,0.04008553922176361,1.041588306427002,0.2740683853626251,0.49063897132873535,
3490,0.21419066190719604,0.040364377200603485,1.0525559186935425,0.27535635232925415,0.5032799243927002,
3491,0.21684640645980835,0.03996957838535309,1.0425472259521484,0.2751167416572571,0.48559609055519104,
3492,0.21351727843284607,0.04058003053069115,1.0564345121383667,0.27636414766311646,0.5071548819541931,
3493,0.21783658862113953,0.040084756910800934,1.0433119535446167,0.2746555507183075,0.4910374581813812,
3494,0.2160159945487976,0.04026858136057854,1.044116735458374,0.2747468054294586,0.4885540306568146,
3495,0.21944165229797363,0.04011794552206993,1.0390442609786987,0.2737376093864441,0.48837628960609436,
3496,0.2140163779258728,0.04033275321125984,1.0492651462554932,0.275530070066452,0.4952613115310669,
3497,0.2154751867055893,0.04015020281076431,1.043249487876892,0.2745243310928345,0.48939529061317444,
3498,0.21754318475723267,0.0400766022503376,1.0445610284805298,0.2747197449207306,0.49386411905288696,
3499,0.21993039548397064,0.040019020438194275,1.0412275791168213,0.274497389793396,0.4912092983722687,
3500,0.213681161403656,0.040113989263772964,1.0402978658676147,0.27451494336128235,0.47966042160987854,0.714158296585083
3501,0.2188112586736679,0.0399317666888237,1.04232919216156,0.27441471815109253,0.4900350868701935,
3502,0.2190641164779663,0.039780665189027786,1.0340476036071777,0.2732188403606415,0.4763205647468567,
3503,0.21865878999233246,0.03994159772992134,1.0381525754928589,0.2741905450820923,0.4836297929286957,
3505,0.2166641503572464,0.039846885949373245,1.0364443063735962,0.2733815312385559,0.4767583906650543,
3506,0.21819934248924255,0.03983438387513161,1.0383459329605103,0.27452391386032104,0.48107513785362244,
3507,0.22199395298957825,0.03987042233347893,1.0390384197235107,0.2741674482822418,0.4937187135219574,
3508,0.21705031394958496,0.03998297080397606,1.0426454544067383,0.2739751935005188,0.48922139406204224,
3509,0.21672119200229645,0.04029228165745735,1.0484726428985596,0.2755383253097534,0.4997889995574951,
3510,0.21806780993938446,0.039724841713905334,1.0390279293060303,0.2740894556045532,0.48528537154197693,
3511,0.21849320828914642,0.04006187990307808,1.047761082649231,0.27533432841300964,0.5007127523422241,
3512,0.21726393699645996,0.039952266961336136,1.0417237281799316,0.2747608423233032,0.4902687966823578,
3513,0.21959064900875092,0.039571065455675125,1.0330462455749512,0.27256980538368225,0.47661158442497253,
3514,0.2178632766008377,0.040015824139118195,1.042612075805664,0.2745878994464874,0.49180868268013,
3515,0.22230225801467896,0.03979814425110817,1.0415624380111694,0.2753102779388428,0.4976050555706024,
3516,0.2248290628194809,0.03948068991303444,1.0326353311538696,0.27345409989356995,0.4849981367588043,
3517,0.2210845947265625,0.03984440863132477,1.0362273454666138,0.274239718914032,0.483974814414978,
3518,0.21334965527057648,0.04017619043588638,1.0440807342529297,0.2746482491493225,0.4839719235897064,
3519,0.21898774802684784,0.0399412177503109,1.0424895286560059,0.27495357394218445,0.49163976311683655,
3520,0.2232069969177246,0.03996347263455391,1.0405118465423584,0.2741283178329468,0.49535706639289856,
3521,0.2174113690853119,0.04029759392142296,1.049258828163147,0.27569082379341125,0.49901673197746277,
3522,0.22172394394874573,0.040062811225652695,1.0434963703155518,0.2745828330516815,0.49676549434661865,
3523,0.22098195552825928,0.03989839926362038,1.0396109819412231,0.2737937569618225,0.49102142453193665,
3524,0.21589142084121704,0.0399402491748333,1.0435045957565308,0.27538377046585083,0.4903433918952942,
3525,0.22311019897460938,0.03999657928943634,1.0447436571121216,0.27431198954582214,0.5051378011703491,0.7151373624801636
3526,0.2188362330198288,0.040132783353328705,1.0445774793624878,0.27441611886024475,0.4952142536640167,
3527,0.22024007141590118,0.04026060551404953,1.048374891281128,0.27473747730255127,0.505795955657959,
3528,0.2157592922449112,0.040251828730106354,1.045455813407898,0.27442416548728943,0.4913358688354492,
3529,0.22099623084068298,0.03995741158723831,1.0384228229522705,0.27349963784217834,0.48798036575317383,
3530,0.21798212826251984,0.04003499820828438,1.0443350076675415,0.2744583487510681,0.49397486448287964,
3531,0.21803182363510132,0.039903346449136734,1.0384336709976196,0.2740691602230072,0.48331427574157715,
3533,0.22116626799106598,0.039961498230695724,1.0389900207519531,0.2743818163871765,0.4903517961502075,
3534,0.22091443836688995,0.0398799367249012,1.036920428276062,0.27387794852256775,0.48699328303337097,
3535,0.21239136159420013,0.04057123884558678,1.0533117055892944,0.27575281262397766,0.500394344329834,
3536,0.21739645302295685,0.04005030542612076,1.0448731184005737,0.2748078405857086,0.4933378994464874,
3537,0.21853528916835785,0.039986751973629,1.0404303073883057,0.2740098237991333,0.48865270614624023,
3538,0.2162434458732605,0.03977861627936363,1.0389862060546875,0.2741074562072754,0.48004263639450073,
3539,0.2230575680732727,0.039961423724889755,1.0426920652389526,0.2738858163356781,0.5015488862991333,
3540,0.21944257616996765,0.039958659559488297,1.036983609199524,0.2732287049293518,0.48463109135627747,
3541,0.2166878879070282,0.04031669348478317,1.0527315139770508,0.27571919560432434,0.5060423016548157,
3542,0.22223630547523499,0.03995537757873535,1.0410935878753662,0.27428221702575684,0.49868330359458923,
3543,0.2170659601688385,0.040243010967969894,1.0491321086883545,0.2753044366836548,0.4993407428264618,
3544,0.20786528289318085,0.04047984629869461,1.0484267473220825,0.2750074863433838,0.4845551550388336,
3545,0.2194642722606659,0.04012415558099747,1.0464342832565308,0.27466651797294617,0.49990567564964294,
3546,0.21791672706604004,0.04012207314372063,1.0462276935577393,0.27460652589797974,0.4984535574913025,
3547,0.21520249545574188,0.040430329740047455,1.054634690284729,0.27607712149620056,0.5051996111869812,
3548,0.223356693983078,0.039883896708488464,1.0381824970245361,0.2734801173210144,0.49262869358062744,
3549,0.2155391275882721,0.04013269022107124,1.0465337038040161,0.274461030960083,0.4925045669078827,
3550,0.2196962982416153,0.03997832164168358,1.0425560474395752,0.2742428183555603,0.4945785701274872,0.7143972516059875
3552,0.21981535851955414,0.04014291241765022,1.0464361906051636,0.2753026783466339,0.5026949644088745,
3553,0.21874718368053436,0.040179070085287094,1.0477216243743896,0.2746802568435669,0.5006691217422485,
3554,0.21912364661693573,0.0400080680847168,1.0404027700424194,0.27400192618370056,0.4877380132675171,
3555,0.22467546164989471,0.0400649718940258,1.04397714138031,0.27393001317977905,0.5076689124107361,
3556,0.22264304757118225,0.03973880037665367,1.0369352102279663,0.27333104610443115,0.4896814525127411,
3557,0.2197159230709076,0.040042366832494736,1.046852946281433,0.27551206946372986,0.5005353689193726,
3558,0.22364020347595215,0.03998348116874695,1.042324185371399,0.27499920129776,0.4984164237976074,
3560,0.22010843455791473,0.04040207713842392,1.0555858612060547,0.2761688828468323,0.5178627371788025,
3561,0.2170107066631317,0.04011024162173271,1.0441323518753052,0.2746274173259735,0.49164947867393494,
3562,0.2197568118572235,0.040194373577833176,1.046342372894287,0.27531856298446655,0.5028232336044312,
3563,0.22046157717704773,0.040109314024448395,1.0461480617523193,0.27486667037010193,0.49931973218917847,
3564,0.21768206357955933,0.040044400840997696,1.0473936796188354,0.2751145362854004,0.49823933839797974,
3565,0.21404357254505157,0.040435973554849625,1.0534651279449463,0.27559149265289307,0.5017979741096497,
3566,0.2226819545030594,0.03988058120012283,1.040954351425171,0.2744919955730438,0.4971121549606323,
3567,0.22018346190452576,0.04019017517566681,1.0460973978042603,0.27536046504974365,0.5002732276916504,
3568,0.21565715968608856,0.04026057943701744,1.0507789850234985,0.27588319778442383,0.5035716891288757,
3569,0.21614474058151245,0.04021118953824043,1.0497066974639893,0.27567189931869507,0.49997591972351074,
3570,0.22127491235733032,0.04003991559147835,1.044348120689392,0.27437812089920044,0.4996294379234314,
3571,0.2224932312965393,0.03982112184166908,1.0387003421783447,0.2739754021167755,0.4930683374404907,
3572,0.22052615880966187,0.04009942710399628,1.0485867261886597,0.27537643909454346,0.5071507096290588,
3573,0.21240608394145966,0.04031224176287651,1.0547362565994263,0.2759569585323334,0.5021054148674011,
3574,0.21739190816879272,0.040093932300806046,1.0470921993255615,0.2753523290157318,0.49782344698905945,
3575,0.21875353157520294,0.04004523903131485,1.0459963083267212,0.27458348870277405,0.49591580033302307,0.7161287069320679
3576,0.2196233570575714,0.0399317592382431,1.0400968790054321,0.274635910987854,0.49074193835258484,
3577,0.2261734902858734,0.039761628955602646,1.0394041538238525,0.2740793526172638,0.5013837814331055,
3578,0.22309237718582153,0.04000430181622505,1.0447219610214233,0.27474161982536316,0.5033674836158752,
3579,0.21827436983585358,0.04029807075858116,1.0500521659851074,0.2755742073059082,0.5053926706314087,
3580,0.22088678181171417,0.04032662883400917,1.0507858991622925,0.27597159147262573,0.512492299079895,
3581,0.21502628922462463,0.04016614705324173,1.0476468801498413,0.2752761244773865,0.4928933084011078,
3582,0.21649552881717682,0.04049099609255791,1.055450439453125,0.27603283524513245,0.508777916431427,
3583,0.22007198631763458,0.040563154965639114,1.0598483085632324,0.27665814757347107,0.5234976410865784,
3584,0.2243579775094986,0.039915718138217926,1.0423907041549683,0.274504691362381,0.500418484210968,
3585,0.22188210487365723,0.03981924429535866,1.040655255317688,0.27416473627090454,0.494584321975708,
3586,0.21757280826568604,0.040403034538030624,1.0560038089752197,0.27649009227752686,0.5132821202278137,
3587,0.21980059146881104,0.040066398680210114,1.0480798482894897,0.2753317058086395,0.5006757378578186,
3588,0.22390422224998474,0.03968590497970581,1.038482666015625,0.274322509765625,0.4947797656059265,
3589,0.224351167678833,0.039752133190631866,1.0358809232711792,0.2738252282142639,0.4909573495388031,
3590,0.22331298887729645,0.03971680998802185,1.0342684984207153,0.27338093519210815,0.48248347640037537,
3591,0.22106467187404633,0.03983091190457344,1.037695288658142,0.27403783798217773,0.48812952637672424,
3592,0.22778384387493134,0.039540257304906845,1.0333386659622192,0.2736605703830719,0.4913109540939331,
3593,0.21547557413578033,0.0400606244802475,1.0430597066879272,0.27480360865592957,0.48843100666999817,
3594,0.21521668136119843,0.03995485231280327,1.0452184677124023,0.2752452492713928,0.4904325306415558,
3595,0.22518815100193024,0.03965180367231369,1.0383880138397217,0.27409279346466064,0.4975045323371887,
3596,0.218780979514122,0.0398525670170784,1.0393637418746948,0.27406713366508484,0.4890279769897461,
3597,0.2196902632713318,0.040099579840898514,1.0486459732055664,0.27548128366470337,0.506160318851471,
3598,0.22204767167568207,0.039880815893411636,1.038036823272705,0.2742544412612915,0.4920034408569336,
3599,0.21849322319030762,0.04028891399502754,1.045596957206726,0.2752115726470947,0.49522319436073303,
3600,0.2159726917743683,0.04020969942212105,1.048293948173523,0.27522626519203186,0.4958042502403259,0.7161402702331543
3601,0.22266192734241486,0.039423320442438126,1.028767466545105,0.27307915687561035,0.4751383066177368,
3602,0.21961554884910583,0.04026446118950844,1.0516891479492188,0.2755051851272583,0.5110386610031128,
3603,0.21940480172634125,0.039775874465703964,1.0387415885925293,0.2740296423435211,0.4884882867336273,
3604,0.22240036725997925,0.03982679173350334,1.0392556190490723,0.27462270855903625,0.4912338852882385,
3605,0.22002816200256348,0.03995972126722336,1.040306806564331,0.27435988187789917,0.4890097975730896,
3606,0.21887421607971191,0.04010254517197609,1.044345498085022,0.2750855088233948,0.4981408715248108,
3607,0.21875542402267456,0.04020814225077629,1.0496994256973267,0.27510613203048706,0.5048512816429138,
3608,0.21591944992542267,0.04013184458017349,1.046495795249939,0.27559706568717957,0.49429577589035034,
3609,0.21384328603744507,0.040564313530921936,1.060546875,0.27715617418289185,0.5116892457008362,
3610,0.21949531137943268,0.03998352959752083,1.0431861877441406,0.27484461665153503,0.49151793122291565,
3611,0.2214745581150055,0.03990289941430092,1.040226936340332,0.27419936656951904,0.48867037892341614,
3612,0.22284778952598572,0.039708252996206284,1.036794900894165,0.27395254373550415,0.4908902049064636,
3613,0.2184268683195114,0.03991230949759483,1.044911503791809,0.27523723244667053,0.49429360032081604,
3614,0.2232731729745865,0.03980547934770584,1.0349433422088623,0.2731911540031433,0.4876212775707245,
3615,0.2217796891927719,0.04001361131668091,1.044580340385437,0.27530738711357117,0.5019341707229614,
3616,0.22387735545635223,0.039659976959228516,1.0364408493041992,0.27375954389572144,0.4910140633583069,
3617,0.21630890667438507,0.04002251476049423,1.0452033281326294,0.275347501039505,0.4902043342590332,
3618,0.21731436252593994,0.03985575586557388,1.0430666208267212,0.27431124448776245,0.49031054973602295,
3619,0.2154257893562317,0.04014470800757408,1.0461187362670898,0.27469515800476074,0.49229416251182556,
3620,0.21777036786079407,0.04016893357038498,1.046736478805542,0.27534884214401245,0.4991469979286194,
3621,0.21408556401729584,0.0400518998503685,1.0452269315719604,0.27501246333122253,0.4919532835483551,
3622,0.21806390583515167,0.040028657764196396,1.0459731817245483,0.2746649980545044,0.49756836891174316,
3623,0.21930387616157532,0.03976239636540413,1.0376615524291992,0.2736779451370239,0.4849923551082611,
3624,0.21440324187278748,0.040124617516994476,1.0454343557357788,0.27547600865364075,0.4889448881149292,
3625,,,,,,0.7168084979057312
3626,0.2175157219171524,0.03992472589015961,1.044169545173645,0.2751910984516144,0.4934357702732086,
3627,0.21828556060791016,0.03988908976316452,1.042151689529419,0.27499812841415405,0.4916122257709503,
3628,0.21959781646728516,0.0401344820857048,1.0492188930511475,0.2754676342010498,0.5041959881782532,
3629,0.2235700488090515,0.039673998951911926,1.0334827899932861,0.2735092341899872,0.48521700501441956,
3630,0.219247505068779,0.039802368730306625,1.036963701248169,0.2743454575538635,0.4831182062625885,
3631,0.21572139859199524,0.04036860913038254,1.051942229270935,0.27597981691360474,0.4991072416305542,
3632,0.2154695838689804,0.04010923206806183,1.0457528829574585,0.27520132064819336,0.4934295117855072,
3633,0.21609416604042053,0.04010634496808052,1.0442142486572266,0.27473118901252747,0.49045464396476746,
3634,0.21475696563720703,0.04005520045757294,1.0437296628952026,0.27468594908714294,0.48920518159866333,
3635,0.21655899286270142,0.04016144201159477,1.0458484888076782,0.2752270996570587,0.49637502431869507,
3636,0.21533599495887756,0.04012075439095497,1.0450176000595093,0.275070458650589,0.4914906620979309,
3637,0.21744970977306366,0.04007114842534065,1.0439839363098145,0.2748544216156006,0.49215513467788696,
3638,0.22113466262817383,0.03982241824269295,1.0378004312515259,0.27416670322418213,0.4888421297073364,
3639,0.219654381275177,0.04009313881397247,1.0443668365478516,0.2749931812286377,0.49575966596603394,
3640,0.21816913783550262,0.039846908301115036,1.0381709337234497,0.2741931676864624,0.4825551211833954,
3641,0.21596169471740723,0.039906829595565796,1.0430824756622314,0.27495524287223816,0.48792022466659546,
3642,0.21444368362426758,0.04023370519280434,1.0448611974716187,0.2754102647304535,0.48949724435806274,
3643,0.2165995091199875,0.04019204527139664,1.044416904449463,0.2751019597053528,0.48953527212142944,
3644,0.21755234897136688,0.03991716355085373,1.0390678644180298,0.2744802236557007,0.4844476282596588,
3645,0.2145627737045288,0.040339093655347824,1.0529017448425293,0.27652427554130554,0.5039438009262085,
3646,0.21847765147686005,0.04020668938755989,1.0469443798065186,0.27486690878868103,0.5009781718254089,
3647,0.22084170579910278,0.03979881480336189,1.0378087759017944,0.27428796887397766,0.48815712332725525,
3648,0.21761861443519592,0.039975956082344055,1.0410511493682861,0.2749144434928894,0.4836013913154602,
3649,0.22294238209724426,0.03960883989930153,1.0301014184951782,0.27311116456985474,0.4787790775299072,
3650,0.21803231537342072,0.04014602676033974,1.048248052597046,0.27513864636421204,0.5002140402793884,0.7168126702308655
3651,0.2203209549188614,0.03991317003965378,1.0416041612625122,0.27438798546791077,0.49238863587379456,
3652,0.21711184084415436,0.04008133336901665,1.0425777435302734,0.27457669377326965,0.48872074484825134,
3653,0.22184963524341583,0.039864614605903625,1.0403333902359009,0.2745726406574249,0.494179904460907,
3654,0.21553829312324524,0.04022869095206261,1.0512722730636597,0.27526500821113586,0.5015046000480652,
3655,0.21868525445461273,0.03985053300857544,1.0397655963897705,0.2748069167137146,0.4863643944263458,
3656,0.22238273918628693,0.03996243327856064,1.0400950908660889,0.27490219473838806,0.4963797330856323,
3657,0.21674413979053497,0.04018006473779678,1.043422818183899,0.2748689651489258,0.4875207841396332,
3658,0.2188633233308792,0.040286459028720856,1.048996090888977,0.27626192569732666,0.5040724873542786,
3659,0.21963553130626678,0.03999737650156021,1.0423610210418701,0.2747226655483246,0.49532487988471985,
3660,0.22056983411312103,0.0400146059691906,1.043690800666809,0.27504491806030273,0.4995035231113434,
3661,0.2155476212501526,0.04004658758640289,1.044634222984314,0.2746838331222534,0.4908199608325958,
3662,0.21374832093715668,0.04034120589494705,1.052839756011963,0.2759835124015808,0.501780092716217,
3663,0.21994417905807495,0.039955634623765945,1.0394806861877441,0.2741408944129944,0.489712119102478,
3664,0.22057774662971497,0.03994477167725563,1.04420006275177,0.27509090304374695,0.4986461400985718,
3665,0.22148382663726807,0.03983234241604805,1.0412267446517944,0.2747233211994171,0.4952543377876282,
3666,0.2208307981491089,0.03982148692011833,1.0430183410644531,0.27532684803009033,0.4977394640445709,
3667,0.22284847497940063,0.03973578289151192,1.0385832786560059,0.2743128538131714,0.4948621690273285,
3668,0.22276009619235992,0.039723269641399384,1.037501573562622,0.27473923563957214,0.4921800494194031,
3669,0.22304213047027588,0.039737965911626816,1.0399256944656372,0.27481043338775635,0.49485650658607483,
3670,0.22014811635017395,0.04007108137011528,1.0421303510665894,0.27459460496902466,0.49276483058929443,
3671,0.2194538116455078,0.03989007696509361,1.042737364768982,0.27414751052856445,0.49411872029304504,
3672,0.21671836078166962,0.039937738329172134,1.0405269861221313,0.2746119797229767,0.4866580069065094,
3673,0.22266291081905365,0.03997708484530449,1.0441396236419678,0.27508142590522766,0.5030198693275452,
3674,0.2205485999584198,0.04014289751648903,1.0445705652236938,0.27482423186302185,0.5000201463699341,
3675,0.2198878973722458,0.03974674269556999,1.0369360446929932,0.2742576003074646,0.48406460881233215,0.7174420952796936
3676,0.21693255007266998,0.0401199534535408,1.0429136753082275,0.27499184012413025,0.4909277558326721,
3677,0.21963456273078918,0.040069568902254105,1.0437712669372559,0.27503272891044617,0.4978601038455963,
3678,0.22086688876152039,0.04018464684486389,1.044968605041504,0.2753089368343353,0.49956774711608887,
3679,0.2194174975156784,0.040090303868055344,1.0425255298614502,0.2748723328113556,0.49202024936676025,
3680,0.22176288068294525,0.03997136652469635,1.0438522100448608,0.2749616205692291,0.5000573992729187,
3681,0.22217965126037598,0.03992146626114845,1.0409573316574097,0.27527329325675964,0.4971221089363098,
3682,0.2201218158006668,0.03980090096592903,1.040549635887146,0.2747657597064972,0.4915061295032501,
3683,0.22950011491775513,0.03969105705618858,1.0377612113952637,0.27424487471580505,0.502314031124115,
3684,0.22295796871185303,0.039721183478832245,1.0362348556518555,0.273693710565567,0.48907724022865295,
3685,0.22624430060386658,0.03980664163827896,1.0372154712677002,0.2732471525669098,0.4960152506828308,
3686,0.22310024499893188,0.04014666751027107,1.0491981506347656,0.27543044090270996,0.5105430483818054,
3687,0.22265376150608063,0.03974262252449989,1.0363742113113403,0.2738034725189209,0.48943597078323364,
3688,0.22724784910678864,0.03978100046515465,1.037456750869751,0.2739159166812897,0.49754202365875244,
3689,0.22076795995235443,0.03990780934691429,1.0366432666778564,0.273560106754303,0.48478251695632935,
3690,0.22180922329425812,0.040135301649570465,1.0445663928985596,0.27491316199302673,0.5031557679176331,
3691,0.223211869597435,0.03982076048851013,1.0393919944763184,0.2741473913192749,0.49509599804878235,
3692,0.22449353337287903,0.03986665606498718,1.0398279428482056,0.2735496163368225,0.4979672133922577,
3693,0.22522935271263123,0.039806876331567764,1.0424762964248657,0.2745383083820343,0.5031648874282837,
3694,0.21976681053638458,0.04002713784575462,1.0445529222488403,0.2751058340072632,0.5001000165939331,
3695,0.22649197280406952,0.0396653488278389,1.034734845161438,0.27367913722991943,0.49261924624443054,
3696,0.2210613340139389,0.03989023342728615,1.037250280380249,0.2734227478504181,0.48833346366882324,
3697,0.21730855107307434,0.04000524803996086,1.0394024848937988,0.27399975061416626,0.4816151261329651,
3698,0.2205723077058792,0.03994010016322136,1.0367889404296875,0.27413979172706604,0.48353075981140137,
3699,0.22607488930225372,0.03979489207267761,1.0361636877059937,0.27360764145851135,0.4939891993999481,
3700,0.21690672636032104,0.040079791098833084,1.0433783531188965,0.2750678062438965,0.48904380202293396,0.7176289558410645
3701,0.220883309841156,0.040122099220752716,1.0430748462677002,0.2746354341506958,0.4976985454559326,
3702,0.22098037600517273,0.03996887803077698,1.0419092178344727,0.274708092212677,0.4959736168384552,
3703,0.2235589325428009,0.039749521762132645,1.036211371421814,0.2735278308391571,0.49041104316711426,
3704,0.22117136418819427,0.03989541903138161,1.037139654159546,0.2743455469608307,0.486521452665329,
3705,0.22279967367649078,0.03992452099919319,1.0400302410125732,0.27466708421707153,0.49251461029052734,
3706,0.21667061746120453,0.040199872106313705,1.0473822355270386,0.2759086489677429,0.49622461199760437,
3707,0.21962064504623413,0.040039144456386566,1.0412131547927856,0.2744238078594208,0.4919162690639496,
3708,0.22193823754787445,0.03973429650068283,1.03506338596344,0.27417272329330444,0.4849764108657837,
3709,0.22285959124565125,0.039717018604278564,1.0360740423202515,0.2740151882171631,0.4870123267173767,
3710,0.22151410579681396,0.039858996868133545,1.035081148147583,0.27382785081863403,0.4840574264526367,
3711,0.22179056704044342,0.04004170373082161,1.0441421270370483,0.274765282869339,0.5017445087432861,
3712,0.2240171730518341,0.03967343270778656,1.0326532125473022,0.2730855941772461,0.48501819372177124,
3713,0.22736234962940216,0.03969699144363403,1.0339397192001343,0.2739282548427582,0.4932139217853546,
3714,0.22250254452228546,0.0399291105568409,1.0378429889678955,0.2739214301109314,0.488044798374176,
3715,0.22104278206825256,0.039994608610868454,1.0384671688079834,0.27500513195991516,0.492108553647995,
3716,0.21929088234901428,0.03993043303489685,1.038365125656128,0.2749228775501251,0.48489245772361755,
3717,0.22165751457214355,0.039885684847831726,1.0399717092514038,0.27406275272369385,0.4934067726135254,
3718,0.2179480791091919,0.03986549749970436,1.0403103828430176,0.274681031703949,0.48709195852279663,
3719,0.22354869544506073,0.03989619016647339,1.0414764881134033,0.27455011010169983,0.5004895329475403,
3720,0.22041061520576477,0.040003594011068344,1.0457764863967896,0.2749733328819275,0.5010349154472351,
3721,0.22217068076133728,0.03972560539841652,1.0345503091812134,0.27383819222450256,0.48600468039512634,
3722,0.22165647149085999,0.03971172496676445,1.034743309020996,0.27352574467658997,0.4841051995754242,
3723,0.22271756827831268,0.039737358689308167,1.0374677181243896,0.2743087410926819,0.49003365635871887,
3724,0.22078488767147064,0.03986237198114395,1.0396641492843628,0.27433228492736816,0.48771932721138,
3725,0.22363696992397308,0.03988339751958847,1.0418674945831299,0.2748262584209442,0.497840017080307,0.7180461287498474
3726,0.22404853999614716,0.039523422718048096,1.0281846523284912,0.2727116644382477,0.4754425585269928,
3727,0.2198866903781891,0.03989850729703903,1.0417143106460571,0.2747317850589752,0.493021160364151,
3728,0.21357935667037964,0.040351592004299164,1.0521831512451172,0.27651548385620117,0.5003112554550171,
3729,0.216255784034729,0.040103502571582794,1.046667218208313,0.2758139371871948,0.49572235345840454,
3730,0.21853530406951904,0.0402638241648674,1.0510191917419434,0.2756236791610718,0.5069022178649902,
3731,0.22174465656280518,0.03984737768769264,1.0368199348449707,0.2741451859474182,0.48844510316848755,
3732,0.22556477785110474,0.03997918590903282,1.041517972946167,0.27439722418785095,0.5043483972549438,
3733,0.21894922852516174,0.03982691094279289,1.0394437313079834,0.2745925188064575,0.48729124665260315,
3734,0.2190721035003662,0.03990030288696289,1.0386861562728882,0.2744431495666504,0.48783284425735474,
3735,0.22255440056324005,0.0397401824593544,1.035526156425476,0.27370068430900574,0.4866909682750702,
3736,0.22301523387432098,0.03971543535590172,1.036387324333191,0.2739337682723999,0.4895223081111908,
3737,0.21690037846565247,0.03996391221880913,1.0417547225952148,0.275125652551651,0.48765769600868225,
3738,0.21869763731956482,0.04007268324494362,1.0452580451965332,0.2757408320903778,0.4967012107372284,
3739,0.21693235635757446,0.04003630578517914,1.0433655977249146,0.27557238936424255,0.4901302456855774,
3740,0.21851025521755219,0.040157269686460495,1.0472205877304077,0.27551206946372986,0.5014005899429321,
3741,0.21777555346488953,0.04009544849395752,1.046529769897461,0.2754208445549011,0.4987104535102844,
3742,0.22305402159690857,0.039565980434417725,1.0306384563446045,0.2728523015975952,0.4805346429347992,
3743,0.2202407568693161,0.03980671241879463,1.0410946607589722,0.2752136290073395,0.49322834610939026,
3744,0.2217288613319397,0.039867427200078964,1.039133906364441,0.27466046810150146,0.49379467964172363,
3746,0.21820451319217682,0.04001371189951897,1.0421112775802612,0.2745717763900757,0.49031728506088257,
3747,0.21926209330558777,0.040117695927619934,1.0471060276031494,0.2755354046821594,0.5003781318664551,
3748,0.21695587038993835,0.03999816253781319,1.0439600944519043,0.27514785528182983,0.49350351095199585,
3749,0.21864153444766998,0.04005368426442146,1.0421100854873657,0.27490466833114624,0.49139758944511414,
3750,0.21973565220832825,0.03984154760837555,1.0401197671890259,0.27482837438583374,0.4896461069583893,0.7182021737098694
3751,0.2207401692867279,0.040095359086990356,1.0473945140838623,0.27543023228645325,0.5021072626113892,
3752,0.2219628542661667,0.03983113542199135,1.0374644994735718,0.2742238938808441,0.49012407660484314,
3753,0.223863422870636,0.03982507064938545,1.0396066904067993,0.2745060622692108,0.4984723627567291,
3754,0.22281163930892944,0.0398133359849453,1.0371278524398804,0.2738598883152008,0.49097156524658203,
3755,0.21931205689907074,0.03981408476829529,1.0421112775802612,0.2753809690475464,0.4939180910587311,
3756,0.21774937212467194,0.04021286964416504,1.048647403717041,0.27574121952056885,0.4995100200176239,
3757,0.21934977173805237,0.040066614747047424,1.0480469465255737,0.27525943517684937,0.5039981603622437,
3758,0.22413410246372223,0.03933241218328476,1.0239226818084717,0.2719147503376007,0.4682599604129791,
3759,0.2226129025220871,0.03970592841506004,1.0328642129898071,0.2736780643463135,0.48225879669189453,
3760,0.2238473743200302,0.03990812972187996,1.039684772491455,0.27432072162628174,0.49772894382476807,
3761,0.23119160532951355,0.03956349194049835,1.0310683250427246,0.2733890116214752,0.4972269535064697,
3762,0.22266994416713715,0.03987455740571022,1.0367778539657593,0.27450165152549744,0.4890800416469574,
3763,0.22638817131519318,0.0396760068833828,1.0350147485733032,0.27397793531417847,0.4942547380924225,
3764,0.22505821287631989,0.03996286541223526,1.0404891967773438,0.27500617504119873,0.5016700029373169,
3765,0.22281719744205475,0.03977176174521446,1.035912275314331,0.2738777995109558,0.48344162106513977,
3766,0.2234245389699936,0.03969592601060867,1.0362321138381958,0.2740296721458435,0.49187251925468445,
3767,0.2231561243534088,0.039775166660547256,1.040727972984314,0.27461814880371094,0.4982888996601105,
3768,0.22181355953216553,0.03986319154500961,1.0372306108474731,0.27414950728416443,0.49131104350090027,
3769,0.2224874645471573,0.03965749219059944,1.0332056283950806,0.2737519145011902,0.48438799381256104,
3770,0.22266723215579987,0.03979650139808655,1.036652684211731,0.2743504047393799,0.48668283224105835,
3771,0.22170579433441162,0.040032122284173965,1.04347825050354,0.27483299374580383,0.501413106918335,
3772,0.22493389248847961,0.03985273092985153,1.0373377799987793,0.2736632227897644,0.49466970562934875,
3773,0.22055520117282867,0.03997402265667915,1.0452301502227783,0.27515700459480286,0.5016230940818787,
3774,0.22513535618782043,0.039709195494651794,1.0351892709732056,0.2737266719341278,0.4925614595413208,
3775,0.21859346330165863,0.040041595697402954,1.0460489988327026,0.27552053332328796,0.4971124827861786,0.7188966274261475
3776,0.22201237082481384,0.040040843188762665,1.044283151626587,0.2753889262676239,0.5021312236785889,
3777,0.22409175336360931,0.03977866843342781,1.037312626838684,0.27424463629722595,0.4926697611808777,
3778,0.22027714550495148,0.0399370938539505,1.0388610363006592,0.2744407057762146,0.4897686541080475,
3779,0.2225937843322754,0.03996533527970314,1.0422017574310303,0.2751276195049286,0.4984986186027527,
3780,0.22096854448318481,0.039925772696733475,1.0407074689865112,0.2742805778980255,0.49366438388824463,
3781,0.22031278908252716,0.04000316187739372,1.0415089130401611,0.2749938666820526,0.49425920844078064,
3782,0.22126378118991852,0.04005672037601471,1.040444016456604,0.2748115360736847,0.4955778121948242,
3783,0.2282128632068634,0.03960204869508743,1.0313113927841187,0.27354395389556885,0.4899823069572449,
3784,0.21890033781528473,0.040013521909713745,1.0432133674621582,0.275136798620224,0.49320167303085327,
3785,0.21908527612686157,0.040119465440511703,1.0458451509475708,0.275692343711853,0.49973738193511963,
3786,0.2238857001066208,0.03993798419833183,1.0412821769714355,0.27473530173301697,0.4993564784526825,
3787,0.21913312375545502,0.0398983471095562,1.0392811298370361,0.27477341890335083,0.48579785227775574,
3788,0.215892031788826,0.04035675898194313,1.049397349357605,0.27570194005966187,0.49907228350639343,
3789,0.21880704164505005,0.04025356099009514,1.0491482019424438,0.275883287191391,0.5039523243904114,
3790,0.21863892674446106,0.04026706889271736,1.0468803644180298,0.27550655603408813,0.49956339597702026,
3791,0.22329838573932648,0.040035996586084366,1.0429141521453857,0.27445781230926514,0.503057062625885,
3792,0.2197525054216385,0.039947036653757095,1.0371897220611572,0.27452221512794495,0.4863768219947815,
3793,0.22240599989891052,0.03966100513935089,1.0324268341064453,0.27312880754470825,0.4825441241264343,
3794,0.21941597759723663,0.039999041706323624,1.0404685735702515,0.27459728717803955,0.4907395839691162,
3795,0.22396911680698395,0.03978390991687775,1.03565514087677,0.27404072880744934,0.489662230014801,
3796,0.22316160798072815,0.0396883599460125,1.0360260009765625,0.27429237961769104,0.48963695764541626,
3797,0.2252005934715271,0.03971158340573311,1.0350778102874756,0.27382567524909973,0.49217087030410767,
3798,0.2254253774881363,0.03951370343565941,1.031508445739746,0.27344897389411926,0.4846072196960449,
3799,0.21958981454372406,0.039942849427461624,1.0424500703811646,0.27445781230926514,0.49540185928344727,
3800,0.22310422360897064,0.03977053612470627,1.035927653312683,0.2736876308917999,0.4904977083206177,0.7191373109817505
3801,0.22805818915367126,0.039543893188238144,1.0323762893676758,0.27350425720214844,0.49136921763420105,
3802,0.22523735463619232,0.03998139500617981,1.0426267385482788,0.2746027708053589,0.5040164589881897,
3803,0.2207128405570984,0.03985878452658653,1.0387663841247559,0.2739528715610504,0.4891311824321747,
3804,0.2229749709367752,0.04007332772016525,1.0472691059112549,0.27555617690086365,0.5089254379272461,
3805,0.2219468355178833,0.039973288774490356,1.0415263175964355,0.27514708042144775,0.4991171061992645,
3806,0.22237887978553772,0.039693474769592285,1.0356680154800415,0.27402588725090027,0.4874022305011749,
3807,0.2212386280298233,0.039780985563993454,1.0363858938217163,0.2742891013622284,0.4881564974784851,
3808,0.2275339663028717,0.03951473534107208,1.0275135040283203,0.2724844515323639,0.48306527733802795,
3809,0.22896035015583038,0.03964715823531151,1.0366352796554565,0.2742172181606293,0.5027773380279541,
3810,0.23419122397899628,0.039300885051488876,1.0226693153381348,0.27136629819869995,0.48407480120658875,
3811,0.22096654772758484,0.039797164499759674,1.0370726585388184,0.27359539270401,0.4861515164375305,
3812,0.22728846967220306,0.0397338792681694,1.035093069076538,0.2738819718360901,0.49616873264312744,
3813,0.22110523283481598,0.039925482124090195,1.0419654846191406,0.27467161417007446,0.4969027042388916,
3814,0.22570453584194183,0.039915334433317184,1.0409647226333618,0.27522483468055725,0.5061963796615601,
3815,0.22783102095127106,0.03963395580649376,1.0354740619659424,0.2740981876850128,0.49888214468955994,
3816,0.22431576251983643,0.03999926522374153,1.0397237539291382,0.2749440371990204,0.49906137585639954,
3817,0.2224886119365692,0.039989832788705826,1.0418450832366943,0.27507081627845764,0.4986889660358429,
3818,0.2239469438791275,0.04005833715200424,1.0466852188110352,0.2755396068096161,0.5106037855148315,
3819,0.22523362934589386,0.03989516943693161,1.037071943283081,0.27402645349502563,0.496055006980896,
3820,0.22636820375919342,0.0398116260766983,1.0363620519638062,0.27432405948638916,0.496041476726532,
3821,0.22492653131484985,0.039678528904914856,1.0338771343231201,0.27359768748283386,0.49077126383781433,
3822,0.22219987213611603,0.039910878986120224,1.0389394760131836,0.2744755446910858,0.49269595742225647,
3823,0.22063951194286346,0.039887912571430206,1.0439672470092773,0.2750091552734375,0.4976881742477417,
3824,0.22010275721549988,0.04005905240774155,1.0436985492706299,0.2750592529773712,0.4973125457763672,
3825,0.2246040403842926,0.03998406231403351,1.041326880455017,0.2749495506286621,0.501960039138794,0.7197326421737671
3826,0.21862757205963135,0.04009673371911049,1.0482330322265625,0.2762656807899475,0.5034847855567932,
3827,0.2230091691017151,0.04004262760281563,1.046408772468567,0.2755209505558014,0.5091039538383484,
3830,0.22337143123149872,0.03977109119296074,1.0356557369232178,0.27452224493026733,0.4894189238548279,
3831,0.22237162292003632,0.04002954065799713,1.0471452474594116,0.274899423122406,0.5050482749938965,
3832,0.2240259051322937,0.0398026742041111,1.0381684303283691,0.27470993995666504,0.4940813183784485,
3833,0.22411690652370453,0.040041401982307434,1.0429166555404663,0.2752366364002228,0.503292977809906,
3834,0.2218019962310791,0.03988678753376007,1.0391513109207153,0.2743373215198517,0.494178831577301,
3835,0.22080792486667633,0.0396578386425972,1.0321228504180908,0.2740514576435089,0.4775582253932953,
3836,0.22386567294597626,0.039799727499485016,1.0403568744659424,0.27504733204841614,0.4983169138431549,
3837,0.22306418418884277,0.03979567065834999,1.035919189453125,0.27395880222320557,0.4843234717845917,
3838,0.22623413801193237,0.04001345857977867,1.0387455224990845,0.2742884159088135,0.49949541687965393,
3839,0.22385695576667786,0.03982648253440857,1.0356208086013794,0.2743365168571472,0.4860178828239441,
3840,0.2244904339313507,0.03968825191259384,1.0339983701705933,0.2738431990146637,0.4886942505836487,
3841,0.22929677367210388,0.0395643375813961,1.02869713306427,0.2727412283420563,0.4887320101261139,
3842,0.22737649083137512,0.03953701630234718,1.0291075706481934,0.2731728255748749,0.4840107262134552,
3844,0.2244960516691208,0.03979823738336563,1.0388554334640503,0.27446821331977844,0.49484819173812866,
3845,0.22289644181728363,0.03967519477009773,1.0348904132843018,0.2740785777568817,0.48642581701278687,
3846,0.22366061806678772,0.03984426334500313,1.0364187955856323,0.27451178431510925,0.49143922328948975,
3847,0.22091670334339142,0.04010426998138428,1.0435680150985718,0.27605414390563965,0.4991997182369232,
3848,0.22555507719516754,0.03965263441205025,1.034887671470642,0.27426719665527344,0.49030429124832153,
3849,0.22779890894889832,0.03975566476583481,1.0393377542495728,0.2753724157810211,0.5021811723709106,
3850,0.22337491810321808,0.04002984240651131,1.0425041913986206,0.27562764286994934,0.5007808804512024,0.7197712063789368
3851,0.222548708319664,0.039905522018671036,1.0400694608688354,0.2752731442451477,0.49423131346702576,
3852,0.22565819323062897,0.039633482694625854,1.0318355560302734,0.273586243391037,0.4886476397514343,
3853,0.23132629692554474,0.03954758867621422,1.0310637950897217,0.27374061942100525,0.49733811616897583,
3854,0.2294921875,0.03950822353363037,1.028679609298706,0.2732279598712921,0.48803022503852844,
3855,0.23424884676933289,0.03924240171909332,1.0260013341903687,0.272801011800766,0.49160805344581604,
3857,0.2256069928407669,0.039748720824718475,1.0364511013031006,0.27440863847732544,0.4973251223564148,
3858,0.2280547320842743,0.03954004868865013,1.0302355289459229,0.27394384145736694,0.49051105976104736,
3859,0.22514104843139648,0.03979473561048508,1.0383878946304321,0.27489325404167175,0.4985792636871338,
3860,0.2216348648071289,0.03984411433339119,1.0407395362854004,0.27498841285705566,0.4955349266529083,
3861,0.222850501537323,0.04006975144147873,1.0440661907196045,0.27557137608528137,0.5030977725982666,
3862,0.22261574864387512,0.03979982063174248,1.0377092361450195,0.2741004228591919,0.4916306436061859,
3863,0.22570618987083435,0.03990647941827774,1.041694164276123,0.27500513195991516,0.5033174753189087,
3864,0.22526593506336212,0.039712172001600266,1.0364001989364624,0.27432164549827576,0.49475035071372986,
3865,0.2249852865934372,0.039696935564279556,1.0376036167144775,0.2744121551513672,0.4941438138484955,
3866,0.2221592366695404,0.040007349103689194,1.0416454076766968,0.27558043599128723,0.4963184595108032,
3867,0.2263074815273285,0.03953912854194641,1.0344887971878052,0.2742116153240204,0.49410393834114075,
3868,0.21848593652248383,0.03983243554830551,1.0364692211151123,0.2741609215736389,0.4807639718055725,
3869,0.2185206413269043,0.040051285177469254,1.0414958000183105,0.2749499976634979,0.48702093958854675,
3870,0.21947620809078217,0.040362320840358734,1.0495507717132568,0.276204913854599,0.5050757527351379,
3871,0.2214955985546112,0.04016198217868805,1.0477877855300903,0.27614274621009827,0.5066848993301392,
3872,0.21759994328022003,0.04006269946694374,1.0445548295974731,0.27538082003593445,0.4938618540763855,
3873,0.22110462188720703,0.039793532341718674,1.0390290021896362,0.2750716209411621,0.4904172420501709,
3874,0.22312243282794952,0.03982944414019585,1.0405656099319458,0.27478814125061035,0.49611854553222656,
3875,0.22088837623596191,0.040041159838438034,1.0436805486679077,0.2758959233760834,0.49774259328842163,0.7196648120880127
3876,0.2275952249765396,0.03978385776281357,1.038725733757019,0.2751074433326721,0.5025370121002197,
3877,0.21927735209465027,0.03994451090693474,1.043529748916626,0.27544280886650085,0.4964052736759186,
3878,0.22175545990467072,0.04015648365020752,1.0465342998504639,0.27564337849617004,0.5039229989051819,
3879,0.22562886774539948,0.03992433473467827,1.0439860820770264,0.2751537561416626,0.5083742737770081,
3880,0.23196837306022644,0.039487384259700775,1.0306740999221802,0.27361369132995605,0.4994265139102936,
3881,0.23322518169879913,0.039437469094991684,1.0250544548034668,0.27267560362815857,0.48755958676338196,
3882,0.22490915656089783,0.03969671577215195,1.0348401069641113,0.27427244186401367,0.4893523156642914,
3883,0.22779986262321472,0.039716918021440506,1.0386285781860352,0.274516224861145,0.5022568106651306,
3884,0.2269919514656067,0.03976496309041977,1.0348572731018066,0.27456149458885193,0.4956398606300354,
3885,0.22200822830200195,0.039896879345178604,1.0390625,0.27475228905677795,0.49313119053840637,
3886,0.22427153587341309,0.03994149714708328,1.0411897897720337,0.27512624859809875,0.5014722943305969,
3887,0.2211552858352661,0.03983663022518158,1.0418121814727783,0.2753840982913971,0.4953153431415558,
3888,0.22404348850250244,0.03980129212141037,1.0374412536621094,0.2745252549648285,0.49272650480270386,
3889,0.22099551558494568,0.03979871794581413,1.0382509231567383,0.27479302883148193,0.49064746499061584,
3890,0.2224545031785965,0.03989483043551445,1.040513515472412,0.2748027443885803,0.4958110451698303,
3891,0.21769146621227264,0.03994183614850044,1.0468772649765015,0.2762148976325989,0.4986114203929901,
3892,0.22415496408939362,0.03971230611205101,1.036442756652832,0.27493831515312195,0.49067142605781555,
3893,0.22471512854099274,0.03973974660038948,1.0366328954696655,0.2741530239582062,0.4921451807022095,
3894,0.223912313580513,0.040081802755594254,1.0490093231201172,0.27615752816200256,0.513163149356842,
3895,0.2258554995059967,0.04003927856683731,1.048399806022644,0.27639392018318176,0.5180189609527588,
3896,0.22885552048683167,0.03975214064121246,1.0367486476898193,0.27383455634117126,0.5018149018287659,
3897,0.2274017482995987,0.03977733105421066,1.03602933883667,0.2748909890651703,0.4947052597999573,
3898,0.22937455773353577,0.039615336805582047,1.032950758934021,0.2746596336364746,0.4968538284301758,
3899,0.22438552975654602,0.03981351479887962,1.0370537042617798,0.274485319852829,0.4942481219768524,
3900,0.2269657850265503,0.03974989429116249,1.0360382795333862,0.274673193693161,0.49578970670700073,0.7203598618507385
3901,0.22670766711235046,0.03984885290265083,1.0379770994186401,0.2746286988258362,0.49971529841423035,
3902,0.22044643759727478,0.04009488597512245,1.047572374343872,0.2759997844696045,0.5048311948776245,
3903,0.22371360659599304,0.040031444281339645,1.040534257888794,0.2749960422515869,0.49912330508232117,
3904,0.2255527824163437,0.03972329944372177,1.0361218452453613,0.274442583322525,0.4972560703754425,
3905,0.22266174852848053,0.039886366575956345,1.0402898788452148,0.2745961546897888,0.4977686107158661,
3906,0.22727768123149872,0.039655495434999466,1.037222981452942,0.2746526598930359,0.49904510378837585,
3907,0.2202368974685669,0.03990223631262779,1.0428874492645264,0.27537626028060913,0.4970471262931824,
3908,0.2241126000881195,0.03989119827747345,1.043053388595581,0.2754117548465729,0.5039185881614685,
3909,0.2271839678287506,0.0398673415184021,1.0480573177337646,0.27573147416114807,0.5179011821746826,
3910,0.23078404366970062,0.03961426019668579,1.0366735458374023,0.2742193043231964,0.5048311948776245,
3911,0.22828584909439087,0.03947567567229271,1.0328434705734253,0.2743033766746521,0.4922347962856293,
3912,0.22825518250465393,0.039762914180755615,1.0457580089569092,0.2758181691169739,0.5156261324882507,
3913,0.23699483275413513,0.0393226332962513,1.0311574935913086,0.2733224332332611,0.5054587721824646,
3914,0.22718997299671173,0.03970164805650711,1.0375103950500488,0.27478426694869995,0.502169132232666,
3915,0.22709867358207703,0.03990396857261658,1.0462702512741089,0.27574029564857483,0.5138996243476868,
3916,0.2323693037033081,0.03947374224662781,1.0343585014343262,0.27434223890304565,0.5006222128868103,
3917,0.22383862733840942,0.03994287922978401,1.0432273149490356,0.2760778069496155,0.5022469758987427,
3918,0.22891466319561005,0.0395621657371521,1.0331476926803589,0.2738756239414215,0.49394097924232483,
3919,0.22370195388793945,0.03995780646800995,1.0412852764129639,0.27496337890625,0.49984073638916016,
3920,0.2266378253698349,0.03982695937156677,1.0410388708114624,0.27514612674713135,0.5024856925010681,
3921,0.22610430419445038,0.03970508277416229,1.0395119190216064,0.2744632959365845,0.49890875816345215,
3922,0.22841620445251465,0.03942315652966499,1.0296242237091064,0.27324503660202026,0.48807042837142944,
3923,0.22656917572021484,0.03954385966062546,1.0367093086242676,0.27415111660957336,0.4981573820114136,
3924,0.2230682224035263,0.03990437090396881,1.0421795845031738,0.2751331329345703,0.4994075894355774,
3925,0.22667677700519562,0.03973229601979256,1.0392862558364868,0.27506023645401,0.5038990378379822,0.7203803658485413
3926,0.2273651510477066,0.03961911052465439,1.0395982265472412,0.27520546317100525,0.5023396611213684,
3927,0.22580578923225403,0.0397140234708786,1.0389796495437622,0.274583101272583,0.5010055303573608,
3928,0.22567391395568848,0.039539407938718796,1.032948613166809,0.27370813488960266,0.48720216751098633,
3929,0.2277982383966446,0.03956538438796997,1.0351454019546509,0.274070143699646,0.4984625279903412,
3930,0.22845710813999176,0.03956754133105278,1.0363445281982422,0.2738381028175354,0.4999381899833679,
3931,0.22563797235488892,0.03964470326900482,1.035637378692627,0.2742454707622528,0.4952164590358734,
3932,0.22411008179187775,0.039781782776117325,1.0432417392730713,0.27576303482055664,0.5054972767829895,
3933,0.22741025686264038,0.039673056453466415,1.037022352218628,0.27489110827445984,0.497458815574646,
3934,0.22462227940559387,0.039627302438020706,1.0362731218338013,0.2752428650856018,0.4908800423145294,
3935,0.22136864066123962,0.04005730524659157,1.0483514070510864,0.2765139043331146,0.507023274898529,
3936,0.22547705471515656,0.039795756340026855,1.0381733179092407,0.27475249767303467,0.49755188822746277,
3937,0.22402797639369965,0.039832279086112976,1.0418764352798462,0.2752171456813812,0.502551257610321,
3938,0.22712475061416626,0.039730336517095566,1.0374702215194702,0.274448961019516,0.5014684796333313,
3939,0.2242879569530487,0.03980103135108948,1.0378543138504028,0.27461645007133484,0.493818074464798,
3940,0.22430020570755005,0.03979700058698654,1.0342628955841064,0.27403298020362854,0.48737362027168274,
3941,0.2237241417169571,0.039983734488487244,1.0449423789978027,0.2755967676639557,0.5045650601387024,
3942,0.22228744626045227,0.040044017136096954,1.043069839477539,0.27563685178756714,0.5012341141700745,
3943,0.22046780586242676,0.03979722037911415,1.0427820682525635,0.2758232057094574,0.49574732780456543,
3944,0.22389066219329834,0.039915356785058975,1.0484368801116943,0.2757553458213806,0.5113060474395752,
3945,0.22524040937423706,0.03991128131747246,1.0438148975372314,0.27557215094566345,0.5091469287872314,
3946,0.22849319875240326,0.03990331292152405,1.046998143196106,0.27624213695526123,0.5184142589569092,
3947,0.2269376963376999,0.03972060978412628,1.0391271114349365,0.2746835947036743,0.5045021772384644,
3948,0.22526144981384277,0.039947181940078735,1.0422505140304565,0.27582958340644836,0.5072819590568542,
3949,0.22528567910194397,0.03968886286020279,1.0411221981048584,0.2754085063934326,0.4989651143550873,
3950,0.22512087225914001,0.03959733247756958,1.0345306396484375,0.27465155720710754,0.4915412366390228,0.7215314507484436
3951,0.22197163105010986,0.039901044219732285,1.0455870628356934,0.27637678384780884,0.5025764107704163,
3952,0.2263883352279663,0.03963008522987366,1.0359952449798584,0.2751694321632385,0.4939447343349457,
3953,0.22734616696834564,0.03984663262963295,1.0444822311401367,0.27567198872566223,0.5107004046440125,
3954,0.2272990643978119,0.03964107111096382,1.0342066287994385,0.2743118405342102,0.492692232131958,
3955,0.22137057781219482,0.04018976539373398,1.0461933612823486,0.27634790539741516,0.5049269199371338,
3956,0.22796933352947235,0.03970082104206085,1.0351592302322388,0.2745634913444519,0.4983426630496979,
3957,0.22674012184143066,0.03960823267698288,1.037017583847046,0.27500689029693604,0.49640554189682007,
3958,0.22675538063049316,0.03979288041591644,1.03667414188385,0.2743094265460968,0.4966168701648712,
3959,0.22517088055610657,0.039958465844392776,1.0459235906600952,0.2757461965084076,0.5095963478088379,
3960,0.2257940024137497,0.03963787853717804,1.037583827972412,0.27494946122169495,0.49660930037498474,
3961,0.2264472097158432,0.03978533297777176,1.0395913124084473,0.27474936842918396,0.5030663013458252,
3962,0.21882015466690063,0.03997326269745827,1.047104001045227,0.2766627371311188,0.5006198883056641,
3963,0.22129017114639282,0.039863619953393936,1.0414868593215942,0.2755562961101532,0.4973241686820984,
3964,0.22093439102172852,0.039842817932367325,1.0437737703323364,0.27588218450546265,0.4961507022380829,
3965,0.2254919409751892,0.03941285237669945,1.0346522331237793,0.2742970585823059,0.48974424600601196,
3966,0.23074746131896973,0.039378438144922256,1.030742883682251,0.2740246653556824,0.4940282106399536,
3967,0.22797425091266632,0.039695579558610916,1.0387310981750488,0.27488934993743896,0.5008962154388428,
3968,0.2285483330488205,0.03967275470495224,1.04026460647583,0.2754271328449249,0.5076493620872498,
3969,0.22999443113803864,0.039607226848602295,1.0342669486999512,0.2742992639541626,0.4993482232093811,
3970,0.22788465023040771,0.039474304765462875,1.032346487045288,0.27419379353523254,0.490153044462204,
3971,0.22749631106853485,0.03958563134074211,1.0401276350021362,0.2751992642879486,0.5054299235343933,
3972,0.2269132286310196,0.03964347764849663,1.034684658050537,0.27437880635261536,0.494931697845459,
3973,0.22772042453289032,0.039565347135066986,1.0350364446640015,0.2742617130279541,0.496089369058609,
3974,0.22462038695812225,0.039838291704654694,1.0415610074996948,0.27519896626472473,0.5016160607337952,
3975,0.22377797961235046,0.039893366396427155,1.0390886068344116,0.27493152022361755,0.49730101227760315,0.7212100028991699
3976,0.2248121201992035,0.0400519073009491,1.0470259189605713,0.27658820152282715,0.512976884841919,
3977,0.22512409090995789,0.03984532132744789,1.039099931716919,0.27548134326934814,0.49827146530151367,
3978,0.2274286299943924,0.039697472006082535,1.0369406938552856,0.274789035320282,0.4991215765476227,
3979,0.2260555773973465,0.039737679064273834,1.0380829572677612,0.27539485692977905,0.49861377477645874,
3980,0.22162924706935883,0.03991969674825668,1.038957953453064,0.2752058804035187,0.4917243719100952,
3981,0.2230556458234787,0.039808932691812515,1.0419319868087769,0.2752958834171295,0.4967553913593292,
3982,0.222440704703331,0.03977705165743828,1.0410606861114502,0.2753681242465973,0.4973110258579254,
3983,0.22392795979976654,0.03984702378511429,1.0400691032409668,0.27527445554733276,0.4969880282878876,
3984,0.22569192945957184,0.039538051933050156,1.035448431968689,0.27476710081100464,0.49588078260421753,
3985,0.22272586822509766,0.03984123095870018,1.0401041507720947,0.2754555344581604,0.4969741106033325,
3986,0.22371499240398407,0.039803165942430496,1.0391522645950317,0.27481383085250854,0.4956507384777069,
3988,0.2282252013683319,0.03967125341296196,1.037361741065979,0.2748844027519226,0.5013803243637085,
3989,0.22740329802036285,0.03972232714295387,1.0380568504333496,0.2746281921863556,0.5019528269767761,
3990,0.22016479074954987,0.039879318326711655,1.0426726341247559,0.2756741940975189,0.49592527747154236,
3991,0.2267490029335022,0.039729390293359756,1.0392022132873535,0.274793416261673,0.5016075968742371,
3992,0.2241085022687912,0.039866819977760315,1.0436540842056274,0.2759227752685547,0.5031724572181702,
3993,0.22194769978523254,0.03974839672446251,1.042095422744751,0.2753933370113373,0.4974934458732605,
3995,0.22735130786895752,0.03967222198843956,1.0347081422805786,0.2741820216178894,0.49507686495780945,
3996,0.22617319226264954,0.03987877815961838,1.0406019687652588,0.2752622365951538,0.5056024193763733,
3997,0.22675448656082153,0.039789456874132156,1.0419942140579224,0.27577799558639526,0.5076395869255066,
3998,0.2253333032131195,0.03995702788233757,1.0462182760238647,0.2759726643562317,0.5119113326072693,
3999,0.22521841526031494,0.03979416936635971,1.0393564701080322,0.2753944396972656,0.49993035197257996,
4000,0.22718773782253265,0.0397384837269783,1.0373698472976685,0.2745865285396576,0.49964872002601624,0.722064197063446
4001,0.22660626471042633,0.03990381211042404,1.0438753366470337,0.27588334679603577,0.5071230530738831,
4002,0.229753777384758,0.03949922323226929,1.034771203994751,0.27476903796195984,0.5010548233985901,
4003,0.22595511376857758,0.039918188005685806,1.041178822517395,0.2753976285457611,0.5032958984375,
4004,0.22983857989311218,0.03939852863550186,1.0296038389205933,0.2737090587615967,0.48933959007263184,
4005,0.22958965599536896,0.039744552224874496,1.0404949188232422,0.2754938304424286,0.5070062279701233,
4006,0.2294946163892746,0.03942515701055527,1.029897689819336,0.27392640709877014,0.49144116044044495,
4007,0.23013091087341309,0.039708368480205536,1.0359489917755127,0.2744012773036957,0.5022456645965576,
4008,0.2264116406440735,0.039693787693977356,1.036571741104126,0.2744652330875397,0.49703851342201233,
4009,0.2280525416135788,0.04002540558576584,1.0426651239395142,0.27562418580055237,0.5109095573425293,
4010,0.22858652472496033,0.039940353482961655,1.041518211364746,0.2755976617336273,0.5117984414100647,
4011,0.22332653403282166,0.04005158692598343,1.0449122190475464,0.2756151854991913,0.5055283308029175,
4012,0.22241027653217316,0.03999098390340805,1.042256474494934,0.27571308612823486,0.49887633323669434,
4014,0.2264658361673355,0.039979927241802216,1.042685866355896,0.2752797603607178,0.5077236294746399,
4015,0.2287372648715973,0.039975326508283615,1.0434136390686035,0.2756362557411194,0.5105493068695068,
4016,0.22440816462039948,0.03986681252717972,1.0426552295684814,0.275528222322464,0.5023403763771057,
4017,0.22440236806869507,0.03970377519726753,1.0359307527542114,0.2747582197189331,0.4905890226364136,
4018,0.2272724211215973,0.0396287739276886,1.0357714891433716,0.27443039417266846,0.4970643222332001,
4019,0.2236618548631668,0.039798326790332794,1.0388028621673584,0.2748873829841614,0.4958823621273041,
4021,0.22508753836154938,0.03978836536407471,1.036598563194275,0.2745117247104645,0.4938082993030548,
4022,0.22412699460983276,0.03978409990668297,1.0342336893081665,0.27438366413116455,0.48729366064071655,
4023,0.22634916007518768,0.03970847651362419,1.0361733436584473,0.2747271955013275,0.49505478143692017,
4024,0.22370284795761108,0.040040500462055206,1.0466476678848267,0.27610841393470764,0.511512279510498,
4025,0.22795520722866058,0.03986985236406326,1.0437402725219727,0.27653560042381287,0.5133735537528992,0.721703827381134
4026,0.2302202731370926,0.03957260400056839,1.0341061353683472,0.2742951512336731,0.498151034116745,
4027,0.22283045947551727,0.039807599037885666,1.039878487586975,0.2749871611595154,0.49696651101112366,
4028,0.2244863510131836,0.03987210988998413,1.04236900806427,0.27519604563713074,0.5015043020248413,
4029,0.22448813915252686,0.0397966243326664,1.0404993295669556,0.2748219966888428,0.4983845055103302,
4030,0.21994857490062714,0.03981238231062889,1.0410038232803345,0.27535727620124817,0.4895973205566406,
4031,0.22770841419696808,0.03982504829764366,1.0402750968933105,0.2748042345046997,0.5039448738098145,
4032,0.22319915890693665,0.03997800126671791,1.0492695569992065,0.27620458602905273,0.5122682452201843,
4033,0.22495150566101074,0.04005998373031616,1.0454826354980469,0.27580833435058594,0.5102615356445312,
4034,0.22875449061393738,0.039666302502155304,1.0354065895080566,0.2745020091533661,0.5004361867904663,
4035,0.22783000767230988,0.03957976773381233,1.0329623222351074,0.273935467004776,0.4931296408176422,
4036,0.22622591257095337,0.039856068789958954,1.0416033267974854,0.2753606140613556,0.5059203505516052,
4037,0.2252509593963623,0.039576947689056396,1.0352227687835693,0.27483367919921875,0.49232444167137146,
4038,0.22372812032699585,0.039740826934576035,1.0388611555099487,0.27446117997169495,0.49721667170524597,
4039,0.22281567752361298,0.039856020361185074,1.0456925630569458,0.2756008803844452,0.5043225884437561,
4040,0.2220860868692398,0.03989585489034653,1.0408430099487305,0.2754577398300171,0.4947885274887085,
4041,0.21881632506847382,0.040063340216875076,1.0450013875961304,0.2760752737522125,0.4975208044052124,
4042,0.22333350777626038,0.039758749306201935,1.038491129875183,0.27463987469673157,0.4950328767299652,
4043,0.2193199247121811,0.04008058086037636,1.0465749502182007,0.2758304476737976,0.5015942454338074,
4044,0.22003240883350372,0.04012506455183029,1.0456463098526,0.27579793334007263,0.5021032094955444,
4045,0.2230655550956726,0.03982139751315117,1.0407274961471558,0.2754193842411041,0.49990034103393555,
4046,0.22294306755065918,0.039893779903650284,1.0425121784210205,0.27575448155403137,0.5021673440933228,
4047,0.22420354187488556,0.040122538805007935,1.0452674627304077,0.2761797606945038,0.5073649883270264,
4048,0.2248295247554779,0.040020477026700974,1.0426326990127563,0.27541202306747437,0.5027874112129211,
4049,0.2201731652021408,0.04032179340720177,1.0500065088272095,0.2765709459781647,0.5075080990791321,
4050,0.2227533906698227,0.03998110070824623,1.0476113557815552,0.27582287788391113,0.5091412663459778,0.7224563956260681
4051,0.21646587550640106,0.0403938814997673,1.0548163652420044,0.2771163582801819,0.5093041658401489,
4052,0.22292333841323853,0.04011859372258186,1.0438615083694458,0.27523577213287354,0.5027741193771362,
4053,0.2252257764339447,0.03992423415184021,1.0409643650054932,0.2751542627811432,0.5021347403526306,
4054,0.22336597740650177,0.039900753647089005,1.0373704433441162,0.2743487060070038,0.48979008197784424,
4055,0.22517924010753632,0.03986411169171333,1.0373742580413818,0.2747511863708496,0.4964037537574768,
4056,0.22046589851379395,0.03991107642650604,1.0408616065979004,0.2753002643585205,0.49446290731430054,
4057,0.22353817522525787,0.040007565170526505,1.0402095317840576,0.27463650703430176,0.4971331059932709,
4058,0.22259719669818878,0.040241509675979614,1.049270749092102,0.2770960032939911,0.5111847519874573,
4059,0.2257060706615448,0.03972536697983742,1.034543514251709,0.2741814851760864,0.4935155212879181,
4060,0.2244483381509781,0.039784930646419525,1.035182237625122,0.27455073595046997,0.49204814434051514,
4061,0.22655954957008362,0.03984975814819336,1.0418612957000732,0.2751576006412506,0.5049216747283936,
4062,0.22444085776805878,0.039830807596445084,1.039003610610962,0.27432629466056824,0.49844273924827576,
4063,0.22366108000278473,0.039776839315891266,1.037265658378601,0.2743200957775116,0.4926374554634094,
4064,0.22671635448932648,0.03994372487068176,1.0426428318023682,0.275447279214859,0.5087937712669373,
4065,0.2250126600265503,0.03983606398105621,1.039380431175232,0.27500343322753906,0.4997498691082001,
4066,0.21945104002952576,0.04028479754924774,1.047505259513855,0.2762407958507538,0.5033866763114929,
4067,0.2167428582906723,0.040203023701906204,1.0476609468460083,0.2765735387802124,0.498018354177475,
4068,0.22048884630203247,0.039994977414608,1.0416139364242554,0.2749771773815155,0.4952410161495209,
4069,0.21524707973003387,0.040326349437236786,1.0474400520324707,0.27603501081466675,0.4947499930858612,
4070,0.21685202419757843,0.04058624804019928,1.0569552183151245,0.277205228805542,0.5142537951469421,
4071,0.2050803303718567,0.040690261870622635,1.0633232593536377,0.275808185338974,0.5006721019744873,
4072,0.20939838886260986,0.04077025502920151,1.0629229545593262,0.2759570777416229,0.5074485540390015,
4073,0.21777544915676117,0.04021729156374931,1.0501205921173096,0.27595824003219604,0.5042785406112671,
4074,0.22101567685604095,0.04039396718144417,1.0551633834838867,0.27671265602111816,0.5172656774520874,
4075,0.22131913900375366,0.04026962071657181,1.0536940097808838,0.2763986885547638,0.5135012269020081,0.7200219035148621
4076,0.22037960588932037,0.04004938155412674,1.047407865524292,0.2754817306995392,0.5065504312515259,
4077,0.22570675611495972,0.03981051966547966,1.0444082021713257,0.27605220675468445,0.5077657699584961,
4078,0.2240052968263626,0.04020120948553085,1.051838994026184,0.2762989103794098,0.5192422866821289,
4079,0.22024722397327423,0.04019467160105705,1.046474814414978,0.27561408281326294,0.5019590258598328,
4080,0.2218937873840332,0.03986922279000282,1.0401713848114014,0.27457350492477417,0.49219581484794617,
4081,0.21694239974021912,0.04025789350271225,1.0499792098999023,0.27671724557876587,0.5019595623016357,
4082,0.22223682701587677,0.040130965411663055,1.0461697578430176,0.2762047052383423,0.5051146149635315,
4083,0.22093307971954346,0.04014374315738678,1.0476417541503906,0.2757461667060852,0.5060651302337646,
4084,0.22238676249980927,0.040039416402578354,1.0502396821975708,0.276045560836792,0.5125137567520142,
4085,0.22734376788139343,0.039945393800735474,1.045190453529358,0.27566051483154297,0.5136280655860901,
4086,0.22008615732192993,0.0400874987244606,1.0472372770309448,0.27597764134407043,0.5026431679725647,
4087,0.2224401831626892,0.040131136775016785,1.0478519201278687,0.2758319079875946,0.508943498134613,
4088,0.22365765273571014,0.04024166613817215,1.0530513525009155,0.27679482102394104,0.5186300277709961,
4089,0.2222764641046524,0.040145061910152435,1.0450040102005005,0.27576935291290283,0.5036417245864868,
4090,0.22019676864147186,0.04022377356886864,1.0474905967712402,0.27575647830963135,0.504239022731781,
4091,0.22260907292366028,0.03995576500892639,1.0414072275161743,0.2751496732234955,0.4983765780925751,
4092,0.22142383456230164,0.0403551422059536,1.050972819328308,0.2763045132160187,0.5113324522972107,
4093,0.21521450579166412,0.040351610630750656,1.0513290166854858,0.2772084176540375,0.5017243027687073,
4094,0.2210051268339157,0.03988711163401604,1.041560411453247,0.2751832604408264,0.49523138999938965,
4095,0.2243080884218216,0.039675042033195496,1.0349878072738647,0.2744900584220886,0.4896680414676666,
4096,0.22380881011486053,0.04028203710913658,1.0536267757415771,0.2767244279384613,0.5220741629600525,
4097,0.22654590010643005,0.03973342478275299,1.0323586463928223,0.27387261390686035,0.48966795206069946,
4098,0.2284606397151947,0.03973972424864769,1.0376100540161133,0.2748583257198334,0.5020127296447754,
4099,0.22519531846046448,0.04011641442775726,1.0478090047836304,0.27597576379776,0.5132553577423096,
4100,0.21855321526527405,0.040217287838459015,1.0473289489746094,0.27542948722839355,0.5005599856376648,0.7229260802268982
4101,0.22992193698883057,0.03975294530391693,1.0361608266830444,0.27445369958877563,0.5041835308074951,
4102,0.23376598954200745,0.03989627584815025,1.0383964776992798,0.2745656967163086,0.5137203335762024,
4103,0.22769655287265778,0.040053222328424454,1.043573021888733,0.2754390239715576,0.512174665927887,
4104,0.22646792232990265,0.039719246327877045,1.0397292375564575,0.27469590306282043,0.5012701749801636,
4105,0.22313642501831055,0.040133364498615265,1.0467358827590942,0.2758585512638092,0.5075612664222717,
