run_id,arm,seed,epoch,val/mean/pearson_per_feature,val/expression/pearson_per_feature,val/expression/pearson_per_instance,val/expression/loss,val/expression/pred_sd_ratio,train/expression/pearson_per_feature,train/expression/loss,train/grad_norm,train/grad_norm_clip_frac,gate/perturbation_transform.null_bias
v1grwe46,N_sink_mm,0,0,-0.05242259055376053,-0.05242259055376053,-0.008373131044209003,0.26423341035842896,0.005939815659075975,0.002753137843683362,0.2225184589624405,0.12369264662265778,0.012369263917207718,0.005952244624495506
v1grwe46,N_sink_mm,0,1,-0.053547587245702744,-0.053547587245702744,-0.005813369527459145,0.2642192840576172,0.004617637023329735,-0.00043055048445239663,0.31860432028770447,0.04034201800823212,0.0040342011488974094,0.007853260263800621
v1grwe46,N_sink_mm,0,2,-0.05217267572879791,-0.05217267572879791,-0.005970874335616827,0.26403266191482544,0.0025810652878135443,-0.002114537637680769,0.28964561223983765,0.03607248142361641,0.003607247956097126,0.009130134247243404
v1grwe46,N_sink_mm,0,3,-0.05103844031691551,-0.05103844031691551,-0.005234476178884506,0.2644166648387909,0.0016522709047421813,0.0007868196116760373,0.2547376751899719,0.03554029017686844,0.0035540300887078047,0.009871430695056915
v1grwe46,N_sink_mm,0,4,-0.047899164259433746,-0.047899164259433746,-0.004119501914829016,0.2642529308795929,0.001169912749901414,0.002895170357078314,0.26059186458587646,0.03749367967247963,0.0037493680138140917,0.010747023858129978
v1grwe46,N_sink_mm,0,5,-0.03406231477856636,-0.03406231477856636,-0.005525196902453899,0.2640812397003174,0.0006070918752811849,0.0016183020779863,0.28905224800109863,0.029859649017453194,0.002985964994877577,0.011282704770565033
v1grwe46,N_sink_mm,0,6,0.026857173070311546,0.026857173070311546,-0.005146179813891649,0.26393330097198486,0.0004686051106546074,0.0014852016465738416,0.2544149160385132,0.024225741624832153,0.0024225744418799877,0.011776799336075783
v1grwe46,N_sink_mm,0,7,0.055636756122112274,0.055636756122112274,-0.004769851919263601,0.2639865577220917,0.0009371389751322567,-0.0009497003629803658,0.25690245628356934,0.023765649646520615,0.00237656501121819,0.012156703509390354
v1grwe46,N_sink_mm,0,8,0.054307542741298676,0.054307542741298676,-0.00430136127397418,0.2639947831630707,0.0012130994582548738,0.00015645488747395575,0.26800182461738586,0.026619739830493927,0.002661973936483264,0.012242520228028297
v1grwe46,N_sink_mm,0,9,0.05591503530740738,0.05591503530740738,-0.003404507413506508,0.2639642655849457,0.0015802335692569613,0.0003557242453098297,0.27083244919776917,0.024394391104578972,0.0024394390638917685,0.01267301943153143
v1grwe46,N_sink_mm,0,10,0.055809322744607925,0.055809322744607925,-0.004017036408185959,0.2639065980911255,0.001928943325765431,-0.001160626532509923,0.24891768395900726,0.025150733068585396,0.0025150729343295097,0.013042012229561806
v1grwe46,N_sink_mm,0,11,0.05627131089568138,0.05627131089568138,-0.0037600998766720295,0.2640029788017273,0.0022905722726136446,0.0038943456020206213,0.2919118404388428,0.026644114404916763,0.0026644114404916763,0.013015827164053917
v1grwe46,N_sink_mm,0,12,0.05636274442076683,0.05636274442076683,-0.0035559930838644505,0.264508455991745,0.0023601010907441378,-0.003915843088179827,0.22559747099876404,0.024226278066635132,0.0024226282257586718,0.01297349575906992
v1grwe46,N_sink_mm,0,13,0.05557626485824585,0.05557626485824585,-0.003839856944978237,0.2641238272190094,0.002061203122138977,-0.00922832265496254,0.2866657078266144,0.031769655644893646,0.0031769652850925922,0.013475891202688217
v1grwe46,N_sink_mm,0,14,0.05623176693916321,0.05623176693916321,-0.0032374062575399876,0.2639645040035248,0.002211187733337283,0.0004082577070221305,0.24451903998851776,0.0223045963793993,0.002230459824204445,0.014124725013971329
v1grwe46,N_sink_mm,0,15,0.056074805557727814,0.056074805557727814,-0.0034915527794510126,0.2639722228050232,0.0023947295267134905,0.0005295853479765356,0.26831868290901184,0.023676874116063118,0.0023676869459450245,0.014421654865145683
v1grwe46,N_sink_mm,0,16,0.05569314584136009,0.05569314584136009,-0.0018723816610872746,0.2638576030731201,0.0021729767322540283,0.002189244842156768,0.26497918367385864,0.026316408067941666,0.0026316409930586815,0.014859592542052269
v1grwe46,N_sink_mm,0,17,0.055442843586206436,0.055442843586206436,-0.0028436644934117794,0.26425686478614807,0.002827554941177368,0.0025901261251419783,0.24609757959842682,0.02173362299799919,0.0021733620669692755,0.01513146236538887
v1grwe46,N_sink_mm,0,18,0.05623112618923187,0.05623112618923187,-0.0006982550257816911,0.2638261914253235,0.002978714881464839,0.0009912344394251704,0.2451859414577484,0.024491680786013603,0.0024491683579981327,0.015211344696581364
v1grwe46,N_sink_mm,0,19,0.05570221692323685,0.05570221692323685,-0.0008858313667587936,0.2638269066810608,0.002997846808284521,0.0003886998747475445,0.22393707931041718,0.02519831992685795,0.0025198315270245075,0.015536049380898476
v1grwe46,N_sink_mm,0,20,0.05617981776595116,0.05617981776595116,-9.4755640020594e-05,0.2638675570487976,0.0030678794719278812,0.005338562652468681,0.23443111777305603,0.0250700656324625,0.0025070069823414087,0.015760861337184906
v1grwe46,N_sink_mm,0,21,0.056122008711099625,0.056122008711099625,0.00024069591017905623,0.2639601528644562,0.0035362031776458025,0.0027570112142711878,0.2389308661222458,0.02413000725209713,0.0024130011443048716,0.015567179769277573
v1grwe46,N_sink_mm,0,22,0.05629608407616615,0.05629608407616615,0.000948551984038204,0.2639143764972687,0.0035266561899334192,0.0007500200299546123,0.2681545615196228,0.02285083942115307,0.0022850842215120792,0.015789449214935303
v1grwe46,N_sink_mm,0,23,0.05620446428656578,0.05620446428656578,0.0019853338599205017,0.26381435990333557,0.003630784573033452,-0.0008869558805599809,0.2664479911327362,0.0255254078656435,0.0025525407399982214,0.01634630188345909
v1grwe46,N_sink_mm,0,24,0.05553968995809555,0.05553968995809555,0.0023396192118525505,0.2638663351535797,0.003936814609915018,-0.0035417356994003057,0.28688496351242065,0.022645847871899605,0.0022645844146609306,0.01610434800386429
v1grwe46,N_sink_mm,0,25,0.05542922765016556,0.05542922765016556,0.007203806657344103,0.26383787393569946,0.0036352514289319515,-0.0010986392153427005,0.2801177501678467,0.02505478635430336,0.0025054789148271084,0.01643400639295578
v1grwe46,N_sink_mm,0,26,0.0549369752407074,0.0549369752407074,0.012062769383192062,0.2639184594154358,0.004162400495260954,0.003309644525870681,0.2517949342727661,0.02569720707833767,0.0025697206147015095,0.016211355105042458
v1grwe46,N_sink_mm,0,27,0.05189258232712746,0.05189258232712746,0.011914356611669064,0.26377129554748535,0.004437802359461784,0.0035949163138866425,0.24567276239395142,0.023612838238477707,0.0023612838704138994,0.016694096848368645
v1grwe46,N_sink_mm,0,28,0.042371511459350586,0.042371511459350586,0.012114488519728184,0.2637473940849304,0.006204776465892792,0.0029069215524941683,0.2747581899166107,0.024200234562158585,0.002420023549348116,0.01635364443063736
v1grwe46,N_sink_mm,0,29,0.025287292897701263,0.025287292897701263,0.013420874252915382,0.26354196667671204,0.009146634489297867,0.0014748497633263469,0.31898704171180725,0.024134494364261627,0.0024134493432939053,0.016630686819553375
v1grwe46,N_sink_mm,0,30,0.03678833320736885,0.03678833320736885,0.01879696361720562,0.26369765400886536,0.003989430144429207,-0.006765053141862154,0.25482022762298584,0.022820567712187767,0.0022820569574832916,0.017220545560121536
v1grwe46,N_sink_mm,0,31,0.010730552487075329,0.010730552487075329,0.017924141138792038,0.26344287395477295,0.014498114585876465,0.0009998856112360954,0.30599695444107056,0.02522457391023636,0.002522457158192992,0.016497334465384483
v1grwe46,N_sink_mm,0,32,0.022547638043761253,0.022547638043761253,0.020553652197122574,0.2635582685470581,0.0059293052181601524,-0.007097546011209488,0.23683270812034607,0.023391403257846832,0.002339140512049198,0.01643713004887104
v1grwe46,N_sink_mm,0,33,0.008659767918288708,0.008659767918288708,0.022012541070580482,0.2632506489753723,0.010511745698750019,-0.007249781396239996,0.2313019037246704,0.02539053186774254,0.00253905332647264,0.016621755436062813
v1grwe46,N_sink_mm,0,34,0.007918957620859146,0.007918957620859146,0.02349376119673252,0.26326319575309753,0.004926243796944618,-0.002035662764683366,0.25550124049186707,0.027197228744626045,0.002719723153859377,0.01712167076766491
v1grwe46,N_sink_mm,0,35,0.042855557054281235,0.042855557054281235,0.02435328997671604,0.26317328214645386,0.004221905954182148,0.0002284989895997569,0.291943222284317,0.024380406364798546,0.0024380399845540524,0.016948046162724495
v1grwe46,N_sink_mm,0,36,0.044850677251815796,0.044850677251815796,0.021823585033416748,0.2633369565010071,0.0029755537398159504,0.0014151502400636673,0.24736370146274567,0.02997446432709694,0.0029974456410855055,0.016788208857178688
v1grwe46,N_sink_mm,0,37,0.05653991922736168,0.05653991922736168,0.023281311616301537,0.26336154341697693,0.0042456043884158134,0.00043723711860366166,0.2321288287639618,0.027568796649575233,0.0027568796649575233,0.016896525397896767
v1grwe46,N_sink_mm,0,38,0.05980535224080086,0.05980535224080086,0.020752077922225,0.26329541206359863,0.004011711571365595,0.0010880415793508291,0.2575753331184387,0.02813739888370037,0.0028137401677668095,0.01706007681787014
v1grwe46,N_sink_mm,0,39,0.06237835809588432,0.06237835809588432,0.022492310032248497,0.26292088627815247,0.006108324509114027,0.00472194654867053,0.27717137336730957,0.02063615620136261,0.002063615946099162,0.016808338463306427
v1grwe46,N_sink_mm,0,40,0.06276358664035797,0.06276358664035797,0.02389492280781269,0.2629361152648926,0.015414307825267315,0.010160461068153381,0.28441518545150757,0.026887502521276474,0.00268875015899539,0.016721319407224655
v1grwe46,N_sink_mm,0,41,0.07004962861537933,0.07004962861537933,0.020393744111061096,0.26282212138175964,0.013850738294422626,0.014558366499841213,0.24930837750434875,0.028459487482905388,0.0028459487948566675,0.016770483925938606
v1grwe46,N_sink_mm,0,42,0.09467124193906784,0.09467124193906784,0.018006427213549614,0.26308107376098633,0.014953522011637688,0.015489092096686363,0.23997141420841217,0.02759970724582672,0.0027599704917520285,0.017580628395080566
v1grwe46,N_sink_mm,0,43,0.07577048242092133,0.07577048242092133,0.021519266068935394,0.262826144695282,0.020156800746917725,0.022605551406741142,0.2698841094970703,0.025126460939645767,0.0025126461405307055,0.017087718471884727
v1grwe46,N_sink_mm,0,44,0.08435379713773727,0.08435379713773727,0.02451271563768387,0.26267847418785095,0.018250491470098495,0.0231179092079401,0.2793516516685486,0.0315193310379982,0.00315193273127079,0.017268093302845955
v1grwe46,N_sink_mm,0,45,0.09128434956073761,0.09128434956073761,0.021913811564445496,0.2624415159225464,0.028608011081814766,0.02977140247821808,0.24718089401721954,0.02572845108807087,0.0025728445034474134,0.01770636811852455
v1grwe46,N_sink_mm,0,46,0.0870715081691742,0.0870715081691742,0.01990477740764618,0.26275870203971863,0.03598501533269882,0.029521044343709946,0.30708420276641846,0.029137201607227325,0.002913720440119505,0.017678139731287956
v1grwe46,N_sink_mm,0,47,0.0953298881649971,0.0953298881649971,0.02052914910018444,0.262460857629776,0.02991022914648056,0.027920516207814217,0.22559209167957306,0.030811024829745293,0.00308110355399549,0.01837696135044098
v1grwe46,N_sink_mm,0,48,0.09928257018327713,0.09928257018327713,0.022855056449770927,0.2623605728149414,0.0350494384765625,0.04275073856115341,0.26374319195747375,0.026860103011131287,0.002686010906472802,0.01841690205037594
v1grwe46,N_sink_mm,0,49,0.09330425411462784,0.09330425411462784,0.023332156240940094,0.26271742582321167,0.02012319304049015,0.039886314421892166,0.2515586316585541,0.03384961932897568,0.00338496221229434,0.018962055444717407
v1grwe46,N_sink_mm,0,50,0.10868924111127853,0.10868924111127853,0.01919989474117756,0.26211968064308167,0.03906278312206268,0.04869336262345314,0.24603044986724854,0.028709901496767998,0.002870989730581641,0.01936917193233967
v1grwe46,N_sink_mm,0,51,0.08842404931783676,0.08842404931783676,0.015425927005708218,0.2641189992427826,0.034635379910469055,0.04705308377742767,0.2511788606643677,0.03182496130466461,0.0031824966426938772,0.019023491069674492
v1grwe46,N_sink_mm,0,52,0.09142998605966568,0.09142998605966568,0.028941018506884575,0.26262417435646057,0.03386542573571205,0.044105663895606995,0.2828950881958008,0.0349765345454216,0.0034976524766534567,0.02014542743563652
v1grwe46,N_sink_mm,0,53,0.10210764408111572,0.10210764408111572,0.026015158742666245,0.2622007727622986,0.040178924798965454,0.050633504986763,0.2721049189567566,0.0311745535582304,0.0031174554023891687,0.01975572109222412
v1grwe46,N_sink_mm,0,54,0.09458034485578537,0.09458034485578537,0.02197095938026905,0.262655109167099,0.05173087492585182,0.058472368866205215,0.26072272658348083,0.027954578399658203,0.002795457374304533,0.0198966171592474
v1grwe46,N_sink_mm,0,55,0.09259186685085297,0.09259186685085297,0.020641347393393517,0.2623976767063141,0.047722116112709045,0.06821802258491516,0.30744943022727966,0.03494821861386299,0.003494822420179844,0.019762538373470306
v1grwe46,N_sink_mm,0,56,0.11409998685121536,0.11409998685121536,0.015919381752610207,0.26208361983299255,0.04540146142244339,0.0637650415301323,0.2761879563331604,0.033069901168346405,0.0033069902565330267,0.01960110478103161
v1grwe46,N_sink_mm,0,57,0.10874761641025543,0.10874761641025543,0.0258652251213789,0.262081503868103,0.03352225571870804,0.05986151099205017,0.22245797514915466,0.030583200976252556,0.0030583208426833153,0.020649584010243416
v1grwe46,N_sink_mm,0,58,0.10092431306838989,0.10092431306838989,0.02242482639849186,0.26234570145606995,0.05069984868168831,0.062088195234537125,0.2798396646976471,0.03288399428129196,0.003288399428129196,0.02023557387292385
v1grwe46,N_sink_mm,0,59,0.1157483384013176,0.1157483384013176,0.01325727254152298,0.26259124279022217,0.02914014831185341,0.0670185536146164,0.24531985819339752,0.03469246253371239,0.0034692459739744663,0.020902559161186218
v1grwe46,N_sink_mm,0,60,0.09669584780931473,0.09669584780931473,0.024267107248306274,0.2626425325870514,0.05387285351753235,0.06865222752094269,0.2316795140504837,0.03129604086279869,0.0031296033412218094,0.02048327587544918
v1grwe46,N_sink_mm,0,61,0.10747351497411728,0.10747351497411728,0.025051230564713478,0.2623574435710907,0.05670774728059769,0.06045175716280937,0.259225457906723,0.03141390532255173,0.003141390858218074,0.020954007282853127
v1grwe46,N_sink_mm,0,62,0.10894215852022171,0.10894215852022171,0.0225879717618227,0.26223716139793396,0.06327944993972778,0.07495348900556564,0.22814583778381348,0.03209933638572693,0.0032099331729114056,0.02080514281988144
v1grwe46,N_sink_mm,0,63,0.10455987602472305,0.10455987602472305,0.022443387657403946,0.26247498393058777,0.05487341806292534,0.08053270727396011,0.2670164406299591,0.03433521091938019,0.003433520207181573,0.021224981173872948
v1grwe46,N_sink_mm,0,64,0.10554098337888718,0.10554098337888718,0.022144902497529984,0.2623882591724396,0.058536384254693985,0.07576137781143188,0.3029184341430664,0.0343715138733387,0.003437151201069355,0.021072931587696075
v1grwe46,N_sink_mm,0,65,0.09842286258935928,0.09842286258935928,0.023596245795488358,0.26249781250953674,0.07208604365587234,0.08422283828258514,0.24506881833076477,0.03129148483276367,0.0031291486229747534,0.021478282287716866
v1grwe46,N_sink_mm,0,66,0.1149437353014946,0.1149437353014946,0.02264615334570408,0.2621369957923889,0.07305791974067688,0.08741046488285065,0.2883588373661041,0.03780416399240494,0.003780416678637266,0.021571042016148567
v1grwe46,N_sink_mm,0,67,0.1224137544631958,0.1224137544631958,0.027761459350585938,0.26182833313941956,0.05378153175115585,0.08606623113155365,0.3194362223148346,0.036164749413728714,0.003616474336013198,0.022009795531630516
v1grwe46,N_sink_mm,0,68,0.1145622581243515,0.1145622581243515,0.025046659633517265,0.26171818375587463,0.07778780907392502,0.08880751579999924,0.2792704105377197,0.03263222426176071,0.0032632218208163977,0.022222140803933144
v1grwe46,N_sink_mm,0,69,0.10865600407123566,0.10865600407123566,0.02566094882786274,0.2623346149921417,0.08100461959838867,0.0898672416806221,0.2647016942501068,0.03530237451195717,0.0035302371252328157,0.022109879180788994
v1grwe46,N_sink_mm,0,70,0.10644741356372833,0.10644741356372833,0.02748381346464157,0.2620476186275482,0.06189019978046417,0.07877883315086365,0.2905377447605133,0.03497813642024994,0.0034978133626282215,0.022213375195860863
v1grwe46,N_sink_mm,0,71,0.11547784507274628,0.11547784507274628,0.02769629657268524,0.2616225779056549,0.07084960490465164,0.09098926186561584,0.22587896883487701,0.03470984473824501,0.0034709847532212734,0.022584503516554832
v1grwe46,N_sink_mm,0,72,0.12802520394325256,0.12802520394325256,0.028897536918520927,0.2616688907146454,0.06663138419389725,0.10156432539224625,0.22925569117069244,0.038641199469566345,0.0038641190622001886,0.023126965388655663
v1grwe46,N_sink_mm,0,73,0.13007748126983643,0.13007748126983643,0.030342379584908485,0.2620776295661926,0.034773364663124084,0.09377748519182205,0.2746194899082184,0.038821760565042496,0.0038821762427687645,0.02308570221066475
v1grwe46,N_sink_mm,0,74,0.14679096639156342,0.14679096639156342,0.024888673797249794,0.26122260093688965,0.06362419575452805,0.10056804865598679,0.2273014485836029,0.03597629815340042,0.003597630187869072,0.023775579407811165
v1grwe46,N_sink_mm,0,75,0.12931354343891144,0.12931354343891144,0.031167322769761086,0.2609539031982422,0.09337612986564636,0.10413175076246262,0.24657535552978516,0.03689195588231087,0.0036891947966068983,0.02307434380054474
v1grwe46,N_sink_mm,0,76,0.1383429616689682,0.1383429616689682,0.0296061672270298,0.26127123832702637,0.08707933872938156,0.11588726937770844,0.2800185978412628,0.03927897289395332,0.0039278962649405,0.023538054898381233
v1grwe46,N_sink_mm,0,77,0.1426076889038086,0.1426076889038086,0.02874634601175785,0.26085856556892395,0.07551431655883789,0.10333728790283203,0.21979385614395142,0.038380324840545654,0.003838032018393278,0.023745665326714516
v1grwe46,N_sink_mm,0,78,0.13321690261363983,0.13321690261363983,0.028493372723460197,0.2611548602581024,0.08743719756603241,0.1229572519659996,0.2733200788497925,0.04589780792593956,0.0045897820964455605,0.023136969655752182
v1grwe46,N_sink_mm,0,79,0.11285651475191116,0.11285651475191116,0.023836649954319,0.26195329427719116,0.07142132520675659,0.09271551668643951,0.25642067193984985,0.04881537705659866,0.004881539847701788,0.024513812735676765
v1grwe46,N_sink_mm,0,80,0.13187065720558167,0.13187065720558167,0.027733057737350464,0.2614262104034424,0.06546014547348022,0.10282982140779495,0.22989575564861298,0.04105231910943985,0.004105232656002045,0.025042979046702385
v1grwe46,N_sink_mm,0,81,0.11981038749217987,0.11981038749217987,0.0319729708135128,0.2621743381023407,0.09157887101173401,0.10938968509435654,0.23851899802684784,0.03949950262904167,0.003949949983507395,0.024718645960092545
v1grwe46,N_sink_mm,0,82,0.1370203047990799,0.1370203047990799,0.029544390738010406,0.2613759934902191,0.05940072610974312,0.11289599537849426,0.22450298070907593,0.03911591321229935,0.003911591600626707,0.025325113907456398
v1grwe46,N_sink_mm,0,83,0.12321888655424118,0.12321888655424118,0.03207545727491379,0.26192617416381836,0.1165565475821495,0.11999425292015076,0.2903845012187958,0.040664754807949066,0.0040664756670594215,0.025140179321169853
v1grwe46,N_sink_mm,0,84,0.14964766800403595,0.14964766800403595,0.031819459050893784,0.2607792913913727,0.08979259431362152,0.12516553699970245,0.24587492644786835,0.042304396629333496,0.00423043966293335,0.02537720277905464
v1grwe46,N_sink_mm,0,85,0.14789684116840363,0.14789684116840363,0.032428380101919174,0.26075509190559387,0.12119447439908981,0.11951365321874619,0.25841671228408813,0.04030303284525871,0.004030304029583931,0.02550686150789261
v1grwe46,N_sink_mm,0,86,0.14355619251728058,0.14355619251728058,0.03213958069682121,0.26036331057548523,0.11240530759096146,0.12947587668895721,0.22237513959407806,0.04101287201046944,0.0041012875735759735,0.026009049266576767
v1grwe46,N_sink_mm,0,87,0.1659393608570099,0.1659393608570099,0.03456863760948181,0.2599271833896637,0.11418624967336655,0.1360754817724228,0.24931700527668,0.041066646575927734,0.004106664098799229,0.026499805971980095
v1grwe46,N_sink_mm,0,88,0.15280458331108093,0.15280458331108093,0.027578316628932953,0.26224038004875183,0.07899902015924454,0.13282707333564758,0.25658562779426575,0.045247867703437805,0.004524786490947008,0.027358509600162506
v1grwe46,N_sink_mm,0,89,0.13762103021144867,0.13762103021144867,0.03281126543879509,0.26172322034835815,0.055414289236068726,0.12739121913909912,0.24027344584465027,0.04771202802658081,0.0047712018713355064,0.027324272319674492
v1grwe46,N_sink_mm,0,90,0.14178988337516785,0.14178988337516785,0.031131086871027946,0.2613331079483032,0.058872856199741364,0.12982836365699768,0.2512663006782532,0.04159705340862274,0.004159705247730017,0.027708658948540688
v1grwe46,N_sink_mm,0,91,0.13034462928771973,0.13034462928771973,0.0341646708548069,0.2614489793777466,0.12883971631526947,0.13307541608810425,0.25050461292266846,0.04499359428882599,0.004499360453337431,0.027052592486143112
v1grwe46,N_sink_mm,0,92,0.12444557994604111,0.12444557994604111,0.03014005906879902,0.2617443799972534,0.06924103200435638,0.1340145319700241,0.2393975704908371,0.04653570428490639,0.0046535697765648365,0.027745040133595467
v1grwe46,N_sink_mm,0,93,0.1688740998506546,0.1688740998506546,0.03547767177224159,0.2598387598991394,0.08996319770812988,0.12790444493293762,0.26809820532798767,0.04426266998052597,0.004426267463713884,0.028000786900520325
v1grwe46,N_sink_mm,0,94,0.12145281583070755,0.12145281583070755,0.03197135031223297,0.2622065842151642,0.11952690035104752,0.12844504415988922,0.24672061204910278,0.03788038715720177,0.0037880386225879192,0.028434136882424355
v1grwe46,N_sink_mm,0,95,0.14870665967464447,0.14870665967464447,0.030855825170874596,0.26102113723754883,0.1515546292066574,0.13581755757331848,0.24783018231391907,0.04161105677485466,0.004161105491220951,0.028014985844492912
v1grwe46,N_sink_mm,0,96,0.11417540907859802,0.11417540907859802,0.033107154071331024,0.26278793811798096,0.1840219497680664,0.13927561044692993,0.2733181416988373,0.043296296149492264,0.004329630173742771,0.02844175323843956
v1grwe46,N_sink_mm,0,97,0.1400071233510971,0.1400071233510971,0.03636816516518593,0.26081064343452454,0.13784290850162506,0.14523088932037354,0.25537800788879395,0.041667383164167404,0.004166738595813513,0.029011838138103485
v1grwe46,N_sink_mm,0,98,0.1326032131910324,0.1326032131910324,0.03300299495458603,0.26109662652015686,0.09394371509552002,0.15700073540210724,0.2666429877281189,0.0409495010972023,0.00409495085477829,0.029658371582627296
v1grwe46,N_sink_mm,0,99,0.15521691739559174,0.15521691739559174,0.0346531867980957,0.26037323474884033,0.1363217830657959,0.1553487926721573,0.23938563466072083,0.04211758077144623,0.00421175779774785,0.028631405904889107
v1grwe46,N_sink_mm,0,100,0.1288057416677475,0.1288057416677475,0.03471175581216812,0.26123422384262085,0.10737384110689163,0.1409333497285843,0.2601882219314575,0.056726302951574326,0.005672630853950977,0.028944838792085648
v1grwe46,N_sink_mm,0,101,0.14683403074741364,0.14683403074741364,0.03326886147260666,0.2612473666667938,0.10360978543758392,0.12717118859291077,0.27172142267227173,0.05128477141261101,0.005128476303070784,0.0298501867800951
v1grwe46,N_sink_mm,0,102,0.1435619741678238,0.1435619741678238,0.034849442541599274,0.26097530126571655,0.09499923139810562,0.14679239690303802,0.2289036363363266,0.05060357600450516,0.00506035890430212,0.030108030885457993
v1grwe46,N_sink_mm,0,103,0.1178550198674202,0.1178550198674202,0.0316646434366703,0.2617205083370209,0.052902039140462875,0.1517942100763321,0.2578876316547394,0.04952201992273331,0.004952202085405588,0.030904017388820648
v1grwe46,N_sink_mm,0,104,0.08792237192392349,0.08792237192392349,0.03140649199485779,0.26257240772247314,0.08818183094263077,0.13899199664592743,0.32380029559135437,0.04862465709447861,0.004862466361373663,0.030587026849389076
v1grwe46,N_sink_mm,0,105,0.10944266617298126,0.10944266617298126,0.03659975156188011,0.2619495093822479,0.14725105464458466,0.15262877941131592,0.2582578659057617,0.035071875900030136,0.00350718735717237,0.03051828034222126
v1grwe46,N_sink_mm,0,106,0.130937859416008,0.130937859416008,0.04143696278333664,0.26046207547187805,0.09831194579601288,0.1438419371843338,0.25567710399627686,0.04119100421667099,0.004119100049138069,0.031205227598547935
v1grwe46,N_sink_mm,0,107,0.1315661072731018,0.1315661072731018,0.039671968668699265,0.2602408230304718,0.1307608187198639,0.1478208750486374,0.2598094940185547,0.04224652051925659,0.004224651027470827,0.03139808028936386
v1grwe46,N_sink_mm,0,108,0.14899654686450958,0.14899654686450958,0.038330547511577606,0.2600400447845459,0.1312485933303833,0.15208841860294342,0.23754772543907166,0.04492661729454994,0.0044926609843969345,0.030813755467534065
v1grwe46,N_sink_mm,0,109,0.15534581243991852,0.15534581243991852,0.03649531677365303,0.2603345811367035,0.08716662973165512,0.15688066184520721,0.26579612493515015,0.04950636625289917,0.004950636066496372,0.03173103556036949
v1grwe46,N_sink_mm,0,110,0.128017857670784,0.128017857670784,0.038278769701719284,0.2611454725265503,0.05901524797081947,0.14932391047477722,0.21304160356521606,0.04095691069960594,0.004095689859241247,0.031959664076566696
v1grwe46,N_sink_mm,0,111,0.148790180683136,0.148790180683136,0.043157823383808136,0.26018306612968445,0.1181584969162941,0.15886346995830536,0.26659485697746277,0.038757115602493286,0.0038757126312702894,0.03242841362953186
v1grwe46,N_sink_mm,0,112,0.1318815052509308,0.1318815052509308,0.04033629968762398,0.26102975010871887,0.10765555500984192,0.16646434366703033,0.2840430736541748,0.04161699488759041,0.004161698278039694,0.03190140426158905
v1grwe46,N_sink_mm,0,113,0.15943492949008942,0.15943492949008942,0.042186785489320755,0.2598309814929962,0.09565509855747223,0.16225796937942505,0.24257227778434753,0.03966623917222023,0.003966623451560736,0.03335312008857727
v1grwe46,N_sink_mm,0,114,0.15274034440517426,0.15274034440517426,0.04347045719623566,0.25976309180259705,0.1373218297958374,0.175353541970253,0.23206478357315063,0.04143441468477249,0.004143441095948219,0.03354216739535332
v1grwe46,N_sink_mm,0,115,0.1447559893131256,0.1447559893131256,0.03338506445288658,0.2605663239955902,0.1611316204071045,0.15663768351078033,0.3142715096473694,0.05493539944291115,0.005493539851158857,0.03327503800392151
v1grwe46,N_sink_mm,0,116,0.11462834477424622,0.11462834477424622,0.035860758274793625,0.2615039348602295,0.0849253311753273,0.15683671832084656,0.2707933187484741,0.052986785769462585,0.0052986787632107735,0.03420712798833847
v1grwe46,N_sink_mm,0,117,0.13539834320545197,0.13539834320545197,0.042245473712682724,0.2603433132171631,0.12667211890220642,0.1705501824617386,0.20853492617607117,0.04402463510632515,0.004402464255690575,0.03310364484786987
v1grwe46,N_sink_mm,0,118,0.1457003653049469,0.1457003653049469,0.042525168508291245,0.26012757420539856,0.12879714369773865,0.15857061743736267,0.26467227935791016,0.04613171145319939,0.004613170400261879,0.03391364589333534
v1grwe46,N_sink_mm,0,119,0.10442498326301575,0.10442498326301575,0.04079980030655861,0.2615942060947418,0.11517945677042007,0.16509152948856354,0.2955874800682068,0.04301729425787926,0.004301729146391153,0.034474197775125504
v1grwe46,N_sink_mm,0,120,0.14045724272727966,0.14045724272727966,0.039381369948387146,0.26038047671318054,0.10924258828163147,0.17180946469306946,0.26383960247039795,0.04732723906636238,0.004732723813503981,0.03396545723080635
v1grwe46,N_sink_mm,0,121,0.14013797044754028,0.14013797044754028,0.04018687084317207,0.2604850232601166,0.13874584436416626,0.17860697209835052,0.2502482235431671,0.04341479018330574,0.004341478925198317,0.0338452085852623
v1grwe46,N_sink_mm,0,122,0.1526598036289215,0.1526598036289215,0.038634043186903,0.2598731219768524,0.10093759745359421,0.16695424914360046,0.2780943512916565,0.05166463926434517,0.005166464485228062,0.03467745706439018
v1grwe46,N_sink_mm,0,123,0.1511370986700058,0.1511370986700058,0.04473092779517174,0.2602662742137909,0.07845239341259003,0.16948838531970978,0.23325374722480774,0.04347489774227142,0.004347490146756172,0.03509845212101936
v1grwe46,N_sink_mm,0,124,0.11873584240674973,0.11873584240674973,0.041446786373853683,0.2611652612686157,0.08564761281013489,0.18231900036334991,0.27982956171035767,0.04424617812037468,0.004424618557095528,0.03538383170962334
v1grwe46,N_sink_mm,0,125,0.14051614701747894,0.14051614701747894,0.0478292852640152,0.2603224217891693,0.11912532150745392,0.17645326256752014,0.2634047269821167,0.041771817952394485,0.004177181515842676,0.03507896512746811
v1grwe46,N_sink_mm,0,126,0.08811424672603607,0.08811424672603607,0.038147300481796265,0.2639027535915375,0.19438490271568298,0.1851324737071991,0.2552913427352905,0.042473722249269485,0.004247372504323721,0.034949567168951035
v1grwe46,N_sink_mm,0,127,0.10424279421567917,0.10424279421567917,0.04433111101388931,0.2617650628089905,0.1507578194141388,0.1857469379901886,0.21101604402065277,0.045147839933633804,0.004514785949140787,0.036352504044771194
v1grwe46,N_sink_mm,0,128,0.12847355008125305,0.12847355008125305,0.04422195255756378,0.2606443464756012,0.09787305444478989,0.17075252532958984,0.2914969027042389,0.047377243638038635,0.004737725015729666,0.036226511001586914
v1grwe46,N_sink_mm,0,129,0.15046679973602295,0.15046679973602295,0.03475937992334366,0.26091018319129944,0.08947355300188065,0.17642495036125183,0.26850149035453796,0.04622737690806389,0.0046227374114096165,0.03569401428103447
v1grwe46,N_sink_mm,0,130,0.1418340802192688,0.1418340802192688,0.04701361060142517,0.26039600372314453,0.1643005609512329,0.17404595017433167,0.2912246882915497,0.04149448499083519,0.0041494485922157764,0.0357336588203907
v1grwe46,N_sink_mm,0,131,0.12285012006759644,0.12285012006759644,0.043173033744096756,0.26117968559265137,0.1265472024679184,0.17601457238197327,0.2900581657886505,0.04393080249428749,0.004393080715090036,0.037059832364320755
v1grwe46,N_sink_mm,0,132,0.15929627418518066,0.15929627418518066,0.04336130991578102,0.25934895873069763,0.14955051243305206,0.18708667159080505,0.27836504578590393,0.04497643560171127,0.004497644025832415,0.03633793443441391
v1grwe46,N_sink_mm,0,133,0.13966597616672516,0.13966597616672516,0.04606415703892708,0.26008012890815735,0.14190459251403809,0.17759788036346436,0.24901077151298523,0.042324498295784,0.00423244945704937,0.03700512647628784
v1grwe46,N_sink_mm,0,134,0.14781631529331207,0.14781631529331207,0.04690820351243019,0.2604277431964874,0.14565424621105194,0.17697545886039734,0.25299185514450073,0.04663360118865967,0.004663360305130482,0.03723416477441788
v1grwe46,N_sink_mm,0,135,0.12794142961502075,0.12794142961502075,0.04995526373386383,0.26061710715293884,0.13368840515613556,0.1748506724834442,0.22468219697475433,0.04855317249894142,0.00485531659796834,0.037475042045116425
v1grwe46,N_sink_mm,0,136,0.14907081425189972,0.14907081425189972,0.048712484538555145,0.26026618480682373,0.14278216660022736,0.17855609953403473,0.2440403699874878,0.04075475409626961,0.004075475037097931,0.03797732666134834
v1grwe46,N_sink_mm,0,137,0.1616208553314209,0.1616208553314209,0.04862741753458977,0.25938498973846436,0.16725151240825653,0.18697284162044525,0.231681689620018,0.03916805237531662,0.0039168051443994045,0.03790499269962311
v1grwe46,N_sink_mm,0,138,0.1363343447446823,0.1363343447446823,0.04713601619005203,0.26095274090766907,0.19062860310077667,0.18880563974380493,0.28410062193870544,0.04232332110404968,0.004232332576066256,0.03811518847942352
v1grwe46,N_sink_mm,0,139,0.12297675758600235,0.12297675758600235,0.04787826165556908,0.2614608407020569,0.17477189004421234,0.19357968866825104,0.2808244228363037,0.04278712347149849,0.004278712905943394,0.03861597180366516
v1grwe46,N_sink_mm,0,140,0.11347328126430511,0.11347328126430511,0.049262285232543945,0.26127099990844727,0.1556885540485382,0.19052793085575104,0.24264222383499146,0.045253951102495193,0.004525395110249519,0.03955000638961792
v1grwe46,N_sink_mm,0,141,0.09848951548337936,0.09848951548337936,0.04958444461226463,0.26171329617500305,0.12382236123085022,0.18849340081214905,0.22421573102474213,0.047174036502838135,0.004717402625828981,0.03995324298739433
v1grwe46,N_sink_mm,0,142,0.1197499930858612,0.1197499930858612,0.051134832203388214,0.26064518094062805,0.1212986409664154,0.19118522107601166,0.27395015954971313,0.043655723333358765,0.004365572240203619,0.040088117122650146
v1grwe46,N_sink_mm,0,143,0.10506532341241837,0.10506532341241837,0.04628506302833557,0.2619265019893646,0.1510355919599533,0.19122779369354248,0.3357082009315491,0.04637787863612175,0.00463778804987669,0.040493082255125046
v1grwe46,N_sink_mm,0,144,0.1380789428949356,0.1380789428949356,0.048495255410671234,0.26041924953460693,0.10174957662820816,0.1988501250743866,0.2646564245223999,0.047063469886779785,0.004706347826868296,0.04078159108757973
v1grwe46,N_sink_mm,0,145,0.13365481793880463,0.13365481793880463,0.05087022855877876,0.26100486516952515,0.1626366227865219,0.18889667093753815,0.22803270816802979,0.04549860581755638,0.004549860022962093,0.040096551179885864
v1grwe46,N_sink_mm,0,146,0.11279772222042084,0.11279772222042084,0.05477534979581833,0.26175954937934875,0.16019052267074585,0.19544224441051483,0.2654899060726166,0.048576731234788895,0.004857672844082117,0.03977692499756813
v1grwe46,N_sink_mm,0,147,0.12667903304100037,0.12667903304100037,0.05025404691696167,0.26128125190734863,0.15068405866622925,0.1919430047273636,0.21057891845703125,0.05106242373585701,0.005106242839246988,0.04140489920973778
v1grwe46,N_sink_mm,0,148,0.12258294969797134,0.12258294969797134,0.0524321049451828,0.2614683508872986,0.18307514488697052,0.19631679356098175,0.25215980410575867,0.04705485329031944,0.004705484956502914,0.04048967361450195
v1grwe46,N_sink_mm,0,149,0.08224447816610336,0.08224447816610336,0.05041993781924248,0.264699786901474,0.20098242163658142,0.18447287380695343,0.2543768584728241,0.05292082577943802,0.005292082671076059,0.040744200348854065
v1grwe46,N_sink_mm,0,150,0.135167196393013,0.135167196393013,0.04801155999302864,0.2606446444988251,0.14403177797794342,0.19591055810451508,0.2275228351354599,0.04963008686900139,0.0049630082212388515,0.04156111553311348
v1grwe46,N_sink_mm,0,151,0.1348269134759903,0.1348269134759903,0.05305338278412819,0.2603776454925537,0.1369139552116394,0.20238164067268372,0.2576996386051178,0.044024333357810974,0.0044024339877069,0.04187063127756119
v1grwe46,N_sink_mm,0,152,0.11984461545944214,0.11984461545944214,0.0542105995118618,0.26320603489875793,0.22640490531921387,0.1901281327009201,0.2806415259838104,0.047233548015356064,0.004723355174064636,0.04198639094829559
v1grwe46,N_sink_mm,0,153,0.12085595726966858,0.12085595726966858,0.04907149448990822,0.261824369430542,0.1500309705734253,0.1965237408876419,0.2697092592716217,0.05182044208049774,0.005182043649256229,0.04293117672204971
v1grwe46,N_sink_mm,0,154,0.11815153807401657,0.11815153807401657,0.052878398448228836,0.26135456562042236,0.13414078950881958,0.20190566778182983,0.26109611988067627,0.04566537216305733,0.004566536284983158,0.04290502518415451
v1grwe46,N_sink_mm,0,155,0.13113628327846527,0.13113628327846527,0.05353594571352005,0.2607746720314026,0.18272899091243744,0.19452118873596191,0.2564987540245056,0.04500636085867882,0.0045006354339420795,0.04248657822608948
v1grwe46,N_sink_mm,0,156,0.146049365401268,0.146049365401268,0.055356837809085846,0.25975126028060913,0.12535960972309113,0.19768202304840088,0.2589254677295685,0.04999610036611557,0.004999611061066389,0.04352570325136185
v1grwe46,N_sink_mm,0,157,0.13312546908855438,0.13312546908855438,0.05681324750185013,0.26073357462882996,0.15147995948791504,0.1917857825756073,0.2860756516456604,0.04812672361731529,0.0048126718029379845,0.043508559465408325
v1grwe46,N_sink_mm,0,158,0.11602845042943954,0.11602845042943954,0.05302868038415909,0.26203402876853943,0.1698065847158432,0.2072465419769287,0.25984570384025574,0.04318392649292946,0.004318391904234886,0.043563637882471085
v1grwe46,N_sink_mm,0,159,0.10416987538337708,0.10416987538337708,0.059686463326215744,0.26366162300109863,0.21506613492965698,0.2071429044008255,0.25132495164871216,0.04431692883372307,0.0044316924177110195,0.04416101798415184
v1grwe46,N_sink_mm,0,160,0.11589843779802322,0.11589843779802322,0.05682990327477455,0.26146718859672546,0.15162695944309235,0.2108856737613678,0.26621687412261963,0.04933828487992287,0.004933828953653574,0.04462135210633278
v1grwe46,N_sink_mm,0,161,0.11857680231332779,0.11857680231332779,0.05258364975452423,0.26055818796157837,0.11516911536455154,0.1859195977449417,0.24967311322689056,0.0682392567396164,0.006823924835771322,0.044685255736112595
v1grwe46,N_sink_mm,0,162,0.11057259142398834,0.11057259142398834,0.05366689711809158,0.26152539253234863,0.16327013075351715,0.18546031415462494,0.2531123757362366,0.040890805423259735,0.004089080262929201,0.044815294444561005
v1grwe46,N_sink_mm,0,163,0.12343031913042068,0.12343031913042068,0.05845460668206215,0.2606233060359955,0.16220176219940186,0.20468223094940186,0.2722755968570709,0.04803646728396416,0.004803647752851248,0.046090733259916306
v1grwe46,N_sink_mm,0,164,0.099844790995121,0.099844790995121,0.05494657903909683,0.2631438374519348,0.19872929155826569,0.2066924124956131,0.24319085478782654,0.04794790595769882,0.004794790409505367,0.045436497777700424
v1grwe46,N_sink_mm,0,165,0.11126018315553665,0.11126018315553665,0.059361014515161514,0.2613925337791443,0.14771194756031036,0.19933590292930603,0.24103866517543793,0.05034613981842995,0.005034612491726875,0.04617147520184517
v1grwe46,N_sink_mm,0,166,0.09998480975627899,0.09998480975627899,0.058192264288663864,0.2619187533855438,0.1567423790693283,0.20838673412799835,0.22383560240268707,0.045575790107250214,0.0045575788244605064,0.046123117208480835
v1grwe46,N_sink_mm,0,167,0.1051950603723526,0.1051950603723526,0.055273085832595825,0.2620600163936615,0.12468799203634262,0.20659781992435455,0.2733016610145569,0.05613214522600174,0.005613215267658234,0.047149937599897385
v1grwe46,N_sink_mm,0,168,0.08674289286136627,0.08674289286136627,0.05773935467004776,0.26227709650993347,0.11734595149755478,0.20720358192920685,0.28334784507751465,0.04554425925016403,0.00455442676320672,0.047412220388650894
v1grwe46,N_sink_mm,0,169,0.09245191514492035,0.09245191514492035,0.06017735227942467,0.2621169686317444,0.14867985248565674,0.2073572427034378,0.23779968917369843,0.049065787345170975,0.004906578920781612,0.047064997255802155
v1grwe46,N_sink_mm,0,170,0.09884656220674515,0.09884656220674515,0.062312446534633636,0.26237058639526367,0.17269590497016907,0.22050735354423523,0.2635522484779358,0.04464117810130119,0.004464117344468832,0.04766075313091278
v1grwe46,N_sink_mm,0,171,0.09552614390850067,0.09552614390850067,0.05846240743994713,0.2638534605503082,0.22000227868556976,0.21072065830230713,0.25510790944099426,0.05085817724466324,0.005085817538201809,0.047868046909570694
v1grwe46,N_sink_mm,0,172,0.10773275792598724,0.10773275792598724,0.06016162782907486,0.26235365867614746,0.19231322407722473,0.20852714776992798,0.2756861448287964,0.044299229979515076,0.004429923370480537,0.04840194806456566
v1grwe46,N_sink_mm,0,173,0.08693703263998032,0.08693703263998032,0.06440290808677673,0.2629200220108032,0.1959165334701538,0.21082541346549988,0.3116496503353119,0.045024700462818146,0.004502470605075359,0.047978419810533524
v1grwe46,N_sink_mm,0,174,0.0879005566239357,0.0879005566239357,0.06382223218679428,0.26436057686805725,0.2315809577703476,0.22380028665065765,0.23750817775726318,0.04296794906258583,0.004296795930713415,0.04859388992190361
v1grwe46,N_sink_mm,0,175,0.11905615776777267,0.11905615776777267,0.06247615069150925,0.26202037930488586,0.1970161497592926,0.2265479564666748,0.2976824641227722,0.04031381756067276,0.004031382501125336,0.048867397010326385
v1grwe46,N_sink_mm,0,176,0.10597261041402817,0.10597261041402817,0.06376396864652634,0.2621961534023285,0.16781581938266754,0.22284960746765137,0.28733333945274353,0.0519297793507576,0.005192979238927364,0.049149371683597565
v1grwe46,N_sink_mm,0,177,0.08777952194213867,0.08777952194213867,0.06467035412788391,0.26361986994743347,0.204228937625885,0.22335486114025116,0.28150439262390137,0.04405463486909866,0.004405463580042124,0.04913429170846939
v1grwe46,N_sink_mm,0,178,0.08445058763027191,0.08445058763027191,0.06108400225639343,0.26253530383110046,0.15124346315860748,0.22253595292568207,0.27092716097831726,0.04890601709485054,0.0048906016163527966,0.049186550080776215
v1grwe46,N_sink_mm,0,179,0.07999254018068314,0.07999254018068314,0.06195422261953354,0.26336896419525146,0.1768733412027359,0.22366729378700256,0.22908802330493927,0.044973019510507584,0.0044973017647862434,0.050727296620607376
v1grwe46,N_sink_mm,0,180,0.0887497290968895,0.0887497290968895,0.06445077061653137,0.26390016078948975,0.2053358107805252,0.22195136547088623,0.21971018612384796,0.05224837362766266,0.005224837455898523,0.04985896870493889
v1grwe46,N_sink_mm,0,181,0.10588908940553665,0.10588908940553665,0.06529168784618378,0.2620878219604492,0.16801457107067108,0.21569585800170898,0.2606460750102997,0.055594176054000854,0.005559415556490421,0.05028541013598442
v1grwe46,N_sink_mm,0,182,0.09793748706579208,0.09793748706579208,0.0647650882601738,0.2630285322666168,0.19736462831497192,0.22042085230350494,0.23312215507030487,0.04439520835876465,0.004439521115273237,0.050981469452381134
v1grwe46,N_sink_mm,0,183,0.08428431302309036,0.08428431302309036,0.06344188004732132,0.2643986940383911,0.21825963258743286,0.21782343089580536,0.23462386429309845,0.049127690494060516,0.004912768956273794,0.05099443718791008
v1grwe46,N_sink_mm,0,184,0.06720557808876038,0.06720557808876038,0.06117669492959976,0.2635608911514282,0.16856426000595093,0.2309599071741104,0.24763575196266174,0.0461864173412323,0.004618641920387745,0.05195837467908859
v1grwe46,N_sink_mm,0,185,0.07708721607923508,0.07708721607923508,0.05902766436338425,0.26345133781433105,0.18835383653640747,0.22435656189918518,0.26924318075180054,0.04653965309262276,0.004653965122997761,0.05141710862517357
v1grwe46,N_sink_mm,0,186,0.07179076224565506,0.07179076224565506,0.062172599136829376,0.2653970420360565,0.21797825396060944,0.23249220848083496,0.26868075132369995,0.03996872156858444,0.003996873274445534,0.051934558898210526
v1grwe46,N_sink_mm,0,187,0.10169128328561783,0.10169128328561783,0.06242196634411812,0.2628369629383087,0.19434474408626556,0.2338302731513977,0.2303149551153183,0.04384837672114372,0.004384837578982115,0.05203814059495926
v1grwe46,N_sink_mm,0,188,0.06536401808261871,0.06536401808261871,0.06040024384856224,0.2631693482398987,0.14110475778579712,0.22823689877986908,0.2509506344795227,0.05937616154551506,0.005937616806477308,0.053109485656023026
v1grwe46,N_sink_mm,0,189,0.12162624299526215,0.12162624299526215,0.06567372381687164,0.26077592372894287,0.1627037525177002,0.2188597321510315,0.2637888789176941,0.05849099159240723,0.005849098786711693,0.053150761872529984
v1grwe46,N_sink_mm,0,190,0.1079409196972847,0.1079409196972847,0.05741732195019722,0.263372540473938,0.22545017302036285,0.22067086398601532,0.28102728724479675,0.04859589412808418,0.004859589040279388,0.05266568809747696
v1grwe46,N_sink_mm,0,191,0.08467993885278702,0.08467993885278702,0.061276860535144806,0.2624765634536743,0.15917032957077026,0.22848694026470184,0.3026233911514282,0.05479284003376961,0.005479284096509218,0.053401440382003784
v1grwe46,N_sink_mm,0,192,0.10550957918167114,0.10550957918167114,0.06395819783210754,0.26207205653190613,0.1751411259174347,0.220767080783844,0.24005062878131866,0.05255430191755295,0.00525543000549078,0.05336160957813263
v1grwe46,N_sink_mm,0,193,0.11184777319431305,0.11184777319431305,0.05626872926950455,0.26262685656547546,0.20971500873565674,0.23449736833572388,0.2531132400035858,0.04250987991690636,0.004250988829880953,0.05340005084872246
v1grwe46,N_sink_mm,0,194,0.10352911055088043,0.10352911055088043,0.06273434311151505,0.2640892565250397,0.24472181499004364,0.23885086178779602,0.2358493208885193,0.04661812633275986,0.004661812912672758,0.0536036416888237
v1grwe46,N_sink_mm,0,195,0.127237007021904,0.127237007021904,0.06864993274211884,0.26084989309310913,0.17436493933200836,0.23788613080978394,0.21824447810649872,0.045311614871025085,0.004531161859631538,0.053899507969617844
v1grwe46,N_sink_mm,0,196,0.11077187210321426,0.11077187210321426,0.061198290437459946,0.2618228495121002,0.1817094385623932,0.23710978031158447,0.2493198662996292,0.045164380222558975,0.00451643904671073,0.05449812859296799
v1grwe46,N_sink_mm,0,197,0.09353730082511902,0.09353730082511902,0.0611744225025177,0.263253778219223,0.2013326734304428,0.23812393844127655,0.25313106179237366,0.04390225186944008,0.004390224814414978,0.054979730397462845
v1grwe46,N_sink_mm,0,198,0.09438512474298477,0.09438512474298477,0.062383983284235,0.26307934522628784,0.19029134511947632,0.24382653832435608,0.22815226018428802,0.042024027556180954,0.0042024035938084126,0.05529819801449776
v1grwe46,N_sink_mm,0,199,0.09729570895433426,0.09729570895433426,0.06450194120407104,0.26279816031455994,0.19101497530937195,0.23660166561603546,0.29980984330177307,0.056361716240644455,0.005636170972138643,0.05555654317140579
v1grwe46,N_sink_mm,0,200,0.0923706665635109,0.0923706665635109,0.070423923432827,0.26311466097831726,0.1861601173877716,0.2284136563539505,0.24668362736701965,0.06445937603712082,0.006445939186960459,0.05588524043560028
v1grwe46,N_sink_mm,0,201,0.09958042949438095,0.09958042949438095,0.06143995001912117,0.2628304660320282,0.19194673001766205,0.22909264266490936,0.23570041358470917,0.05838783457875252,0.0058387829922139645,0.05635464936494827
v1grwe46,N_sink_mm,0,202,0.09708698093891144,0.09708698093891144,0.06597372144460678,0.2644116282463074,0.23490239679813385,0.23769696056842804,0.28250375390052795,0.04759257286787033,0.004759257193654776,0.05625924468040466
v1grwe46,N_sink_mm,0,203,0.10420744121074677,0.10420744121074677,0.07152704894542694,0.26177769899368286,0.16542422771453857,0.24293000996112823,0.22887744009494781,0.04631636291742325,0.004631637595593929,0.056748826056718826
v1grwe46,N_sink_mm,0,204,0.09611567109823227,0.09611567109823227,0.0670199990272522,0.26274850964546204,0.18396823108196259,0.24297265708446503,0.23619216680526733,0.04566351696848869,0.004566350486129522,0.05628181993961334
v1grwe46,N_sink_mm,0,205,0.08687613159418106,0.08687613159418106,0.0705883651971817,0.2639521062374115,0.20079305768013,0.237798273563385,0.23183758556842804,0.05004815757274628,0.005004815757274628,0.05703287944197655
v1grwe46,N_sink_mm,0,206,0.10763315111398697,0.10763315111398697,0.053867142647504807,0.2634755074977875,0.21771173179149628,0.2428162842988968,0.24935324490070343,0.045612819492816925,0.004561284091323614,0.056832969188690186
v1grwe46,N_sink_mm,0,207,0.08861752599477768,0.08861752599477768,0.05682023614645004,0.26463693380355835,0.21962641179561615,0.2516171932220459,0.26879042387008667,0.04140465334057808,0.004140465520322323,0.05743960663676262
v1grwe46,N_sink_mm,0,208,0.0966126024723053,0.0966126024723053,0.0664980337023735,0.2624959945678711,0.18015220761299133,0.2448367029428482,0.25073784589767456,0.05057987943291664,0.005057989154011011,0.05888327956199646
v1grwe46,N_sink_mm,0,209,0.08566614240407944,0.08566614240407944,0.06621610373258591,0.2647903859615326,0.2312415987253189,0.24635852873325348,0.22952167689800262,0.04671413078904152,0.004671413451433182,0.05747520923614502
v1grwe46,N_sink_mm,0,210,0.08464320003986359,0.08464320003986359,0.06770898401737213,0.26514554023742676,0.24467583000659943,0.24904614686965942,0.27975189685821533,0.04271671921014786,0.004271671641618013,0.05767407268285751
v1grwe46,N_sink_mm,0,211,0.08831553161144257,0.08831553161144257,0.07040510326623917,0.2637786567211151,0.21296408772468567,0.2459484040737152,0.274467796087265,0.05065208300948143,0.005065208300948143,0.058214738965034485
v1grwe46,N_sink_mm,0,212,0.07028187066316605,0.07028187066316605,0.05908956378698349,0.2641904652118683,0.17625144124031067,0.24629761278629303,0.24035103619098663,0.05464613810181618,0.005464612506330013,0.05867109075188637
v1grwe46,N_sink_mm,0,213,0.09393402934074402,0.09393402934074402,0.06930943578481674,0.2633553743362427,0.1919354349374771,0.2360035479068756,0.2760324776172638,0.056090451776981354,0.005609045270830393,0.05847490578889847
v1grwe46,N_sink_mm,0,214,0.09327951073646545,0.09327951073646545,0.07045090198516846,0.26368823647499084,0.21864467859268188,0.2525157630443573,0.2556895315647125,0.05168086290359497,0.0051680863834917545,0.05894004926085472
v1grwe46,N_sink_mm,0,215,0.08990316092967987,0.08990316092967987,0.06769198924303055,0.26240190863609314,0.1627887338399887,0.2510443329811096,0.30331942439079285,0.04537683352828026,0.004537682514637709,0.059594523161649704
v1grwe46,N_sink_mm,0,216,0.09963945299386978,0.09963945299386978,0.0690212994813919,0.263285368680954,0.2066533863544464,0.2444676011800766,0.23991215229034424,0.0567387193441391,0.005673871375620365,0.05999623239040375
v1grwe46,N_sink_mm,0,217,0.07810191065073013,0.07810191065073013,0.060081303119659424,0.26712217926979065,0.2548895478248596,0.2417280226945877,0.24050027132034302,0.06077031418681145,0.006077032536268234,0.05963239073753357
v1grwe46,N_sink_mm,0,218,0.10318411886692047,0.10318411886692047,0.06540834903717041,0.262530654668808,0.18923111259937286,0.24695710837841034,0.23814310133457184,0.0509646013379097,0.005096460226923227,0.06006214767694473
v1grwe46,N_sink_mm,0,219,0.0836680606007576,0.0836680606007576,0.06396149843931198,0.2648429274559021,0.231285959482193,0.2482316642999649,0.24878382682800293,0.04661236330866814,0.004661237355321646,0.06026094779372215
v1grwe46,N_sink_mm,0,220,0.10356336086988449,0.10356336086988449,0.06500108540058136,0.26400282979011536,0.2356155514717102,0.25719279050827026,0.3079971671104431,0.05059931427240372,0.005059931892901659,0.06078046187758446
v1grwe46,N_sink_mm,0,221,0.11743412911891937,0.11743412911891937,0.059926342219114304,0.26220157742500305,0.20179098844528198,0.25794512033462524,0.27960288524627686,0.044115178287029266,0.004411517642438412,0.06035587936639786
v1grwe46,N_sink_mm,0,222,0.07788008451461792,0.07788008451461792,0.06103089824318886,0.26432153582572937,0.20253877341747284,0.2566937208175659,0.3178216814994812,0.04527776315808296,0.004527777433395386,0.06120328605175018
v1grwe46,N_sink_mm,0,223,0.09807512164115906,0.09807512164115906,0.06910959631204605,0.26265084743499756,0.20773163437843323,0.25641483068466187,0.2466646134853363,0.04575590416789055,0.004575591534376144,0.06160149350762367
v1grwe46,N_sink_mm,0,224,0.09701546281576157,0.09701546281576157,0.0699324980378151,0.263540655374527,0.2084917575120926,0.25457432866096497,0.23801414668560028,0.05244043096899986,0.005244043190032244,0.06166653335094452
v1grwe46,N_sink_mm,0,225,0.09900788962841034,0.09900788962841034,0.0722893700003624,0.2643375098705292,0.23424972593784332,0.2511252462863922,0.25211045145988464,0.055837031453847885,0.005583702586591244,0.06195950135588646
v1grwe46,N_sink_mm,0,226,0.09145918488502502,0.09145918488502502,0.06821225583553314,0.26352405548095703,0.19813698530197144,0.2558985948562622,0.26639148592948914,0.048634350299835205,0.004863434936851263,0.06289905309677124
v1grwe46,N_sink_mm,0,227,0.09021344780921936,0.09021344780921936,0.07673358172178268,0.2638283371925354,0.21780404448509216,0.2613471746444702,0.24129469692707062,0.04556608945131302,0.00455660792067647,0.062898650765419
v1grwe46,N_sink_mm,0,228,0.09918918460607529,0.09918918460607529,0.05656467378139496,0.2630912661552429,0.18992555141448975,0.26067593693733215,0.2338024377822876,0.04763439670205116,0.004763438832014799,0.0629783645272255
v1grwe46,N_sink_mm,0,229,0.10807322710752487,0.10807322710752487,0.078885518014431,0.26222139596939087,0.1890127956867218,0.2574826776981354,0.25688624382019043,0.05096852034330368,0.0050968509167432785,0.0629771277308464
v1grwe46,N_sink_mm,0,230,0.1177731528878212,0.1177731528878212,0.06277374178171158,0.26228681206703186,0.17931409180164337,0.25918442010879517,0.24566057324409485,0.0471271276473999,0.0047127120196819305,0.06304354965686798
v1grwe46,N_sink_mm,0,231,0.11974659562110901,0.11974659562110901,0.0687040239572525,0.2642538845539093,0.2676663398742676,0.25833940505981445,0.2798483073711395,0.05100705474615097,0.005100705195218325,0.06285151094198227
v1grwe46,N_sink_mm,0,232,0.1053558960556984,0.1053558960556984,0.0731448158621788,0.26402705907821655,0.23035399615764618,0.2615847587585449,0.2679580748081207,0.04785384610295296,0.004785384517163038,0.0635804757475853
v1grwe46,N_sink_mm,0,233,0.1329987645149231,0.1329987645149231,0.06751583516597748,0.26312434673309326,0.26448675990104675,0.2632285952568054,0.23839937150478363,0.0520470067858696,0.0052047003991901875,0.0642748773097992
v1grwe46,N_sink_mm,0,234,0.08092927187681198,0.08092927187681198,0.05238883197307587,0.2664676904678345,0.25650161504745483,0.23836520314216614,0.25699272751808167,0.061789076775312424,0.006178907118737698,0.06426338851451874
v1grwe46,N_sink_mm,0,235,0.1148044764995575,0.1148044764995575,0.06784642487764359,0.2636954188346863,0.2457459270954132,0.26343250274658203,0.2920030653476715,0.04863712564110756,0.0048637124709784985,0.06491877883672714
v1grwe46,N_sink_mm,0,236,0.09611088782548904,0.09611088782548904,0.062070660293102264,0.26368963718414307,0.21325235068798065,0.26307564973831177,0.24663707613945007,0.05230139568448067,0.005230139009654522,0.06574051827192307
v1grwe46,N_sink_mm,0,237,0.09671992063522339,0.09671992063522339,0.06851290911436081,0.2631261646747589,0.18963801860809326,0.26230981945991516,0.2547343373298645,0.05024996027350426,0.005024996120482683,0.06600067764520645
v1grwe46,N_sink_mm,0,238,0.09363242238759995,0.09363242238759995,0.06590661406517029,0.2641719877719879,0.20596100389957428,0.25854960083961487,0.23359081149101257,0.05243276432156563,0.005243276245892048,0.06688844412565231
v1grwe46,N_sink_mm,0,239,0.09542680531740189,0.09542680531740189,0.07244051992893219,0.2646889388561249,0.23462381958961487,0.25985243916511536,0.2505132853984833,0.05233662575483322,0.005233661737293005,0.0671052411198616
v1grwe46,N_sink_mm,0,240,0.08771703392267227,0.08771703392267227,0.05727727338671684,0.2649534046649933,0.2282596230506897,0.25541192293167114,0.23156104981899261,0.052845221012830734,0.005284521728754044,0.06709152460098267
v1grwe46,N_sink_mm,0,241,0.09358735382556915,0.09358735382556915,0.0637727901339531,0.26605889201164246,0.2695349454879761,0.2653927505016327,0.25387945771217346,0.051189124584198,0.005118912551552057,0.0674910694360733
v1grwe46,N_sink_mm,0,242,0.10986286401748657,0.10986286401748657,0.06315883249044418,0.2630344331264496,0.217234268784523,0.26086297631263733,0.28724440932273865,0.058111581951379776,0.005811157636344433,0.06748355180025101
v1grwe46,N_sink_mm,0,243,0.1182846799492836,0.1182846799492836,0.07025625556707382,0.26204878091812134,0.19473733007907867,0.27297213673591614,0.2961401343345642,0.04103599861264229,0.0041035995818674564,0.06777670979499817
v1grwe46,N_sink_mm,0,244,0.10230574011802673,0.10230574011802673,0.07966196537017822,0.2638323903083801,0.22396747767925262,0.2622823715209961,0.2444896399974823,0.061589181423187256,0.006158918142318726,0.0678936168551445
v1grwe46,N_sink_mm,0,245,0.1100592166185379,0.1100592166185379,0.07255524396896362,0.26372429728507996,0.2467574179172516,0.26944705843925476,0.23469507694244385,0.05195027217268944,0.005195027682930231,0.06806840747594833
v1grwe46,N_sink_mm,0,246,0.1000240296125412,0.1000240296125412,0.062251877039670944,0.2659224271774292,0.2660263478755951,0.2754288911819458,0.26396796107292175,0.046100273728370667,0.004610028117895126,0.06843080371618271
v1grwe46,N_sink_mm,0,247,0.10590309649705887,0.10590309649705887,0.07326575368642807,0.2634998559951782,0.22005696594715118,0.25793400406837463,0.2706640064716339,0.05989452078938484,0.005989452358335257,0.06853125244379044
v1grwe46,N_sink_mm,0,248,0.12003366649150848,0.12003366649150848,0.07798051834106445,0.262864887714386,0.22910663485527039,0.27397894859313965,0.2466212809085846,0.04878978803753853,0.00487897964194417,0.06967125833034515
v1grwe46,N_sink_mm,0,249,0.12755721807479858,0.12755721807479858,0.06815146654844284,0.26174941658973694,0.224768728017807,0.26739686727523804,0.2401818037033081,0.0509696863591671,0.00509696826338768,0.06881418079137802
v1grwe46,N_sink_mm,0,250,0.11136575043201447,0.11136575043201447,0.06286966055631638,0.26351508498191833,0.24101054668426514,0.2696499824523926,0.27672311663627625,0.05373864248394966,0.005373864434659481,0.0695720911026001
v1grwe46,N_sink_mm,0,251,0.10175110399723053,0.10175110399723053,0.07100727409124374,0.26422348618507385,0.2416432499885559,0.2723322808742523,0.26058030128479004,0.05135521665215492,0.005135520827025175,0.0692429170012474
v1grwe46,N_sink_mm,0,252,0.09397202730178833,0.09397202730178833,0.06808042526245117,0.26577213406562805,0.26145488023757935,0.26966339349746704,0.24916218221187592,0.0584263876080513,0.005842637736350298,0.06966821849346161
v1grwe46,N_sink_mm,0,253,0.11451943218708038,0.11451943218708038,0.07741138339042664,0.2619558572769165,0.2108345329761505,0.27011969685554504,0.26042649149894714,0.05540041998028755,0.00554004218429327,0.0705600157380104
v1grwe46,N_sink_mm,0,254,0.10206671804189682,0.10206671804189682,0.06703147292137146,0.26350733637809753,0.2333390712738037,0.2817615568637848,0.23276731371879578,0.05128629878163338,0.0051286304369568825,0.07037673890590668
v1grwe46,N_sink_mm,0,255,0.10700604319572449,0.10700604319572449,0.07956136018037796,0.2633141875267029,0.22839826345443726,0.2771432399749756,0.26401540637016296,0.04975318908691406,0.0049753193743526936,0.0709376409649849
v1grwe46,N_sink_mm,0,256,0.11289691179990768,0.11289691179990768,0.07688692212104797,0.2632664144039154,0.24667471647262573,0.2730139195919037,0.25243648886680603,0.06180638074874878,0.006180638447403908,0.07089947909116745
v1grwe46,N_sink_mm,0,257,0.08985256403684616,0.08985256403684616,0.0687093436717987,0.26603472232818604,0.27670034766197205,0.26968395709991455,0.25962069630622864,0.06453203409910202,0.006453203968703747,0.07147305458784103
v1grwe46,N_sink_mm,0,258,0.10514470934867859,0.10514470934867859,0.07440543919801712,0.2622213661670685,0.21578027307987213,0.24974475800991058,0.24687346816062927,0.0625830814242363,0.006258308421820402,0.07244782149791718
v1grwe46,N_sink_mm,0,259,0.10306733101606369,0.10306733101606369,0.07885310053825378,0.2632693648338318,0.22399862110614777,0.2704271078109741,0.2716434895992279,0.055746011435985565,0.005574601236730814,0.07244092226028442
v1grwe46,N_sink_mm,0,260,0.11501571536064148,0.11501571536064148,0.08463720232248306,0.26438671350479126,0.2706567049026489,0.2763417661190033,0.2931394875049591,0.051761552691459656,0.005176154896616936,0.07222680747509003
v1grwe46,N_sink_mm,0,261,0.10712213814258575,0.10712213814258575,0.08035998046398163,0.2635827660560608,0.2318883240222931,0.2818272113800049,0.2144058793783188,0.0522371307015419,0.005223712883889675,0.07228069007396698
v1grwe46,N_sink_mm,0,262,0.12371277064085007,0.12371277064085007,0.08156891912221909,0.2619674503803253,0.2186448574066162,0.2714618146419525,0.2549072504043579,0.06107931211590767,0.006107931490987539,0.07281812280416489
v1grwe46,N_sink_mm,0,263,0.12168291956186295,0.12168291956186295,0.08248458802700043,0.26345816254615784,0.25116604566574097,0.2826537489891052,0.29410630464553833,0.049211420118808746,0.004921142477542162,0.07373624294996262
v1grwe46,N_sink_mm,0,264,0.1078447699546814,0.1078447699546814,0.06498774141073227,0.2628072500228882,0.1856989711523056,0.2792826294898987,0.24845187366008759,0.058159686625003815,0.005815968848764896,0.07452210038900375
v1grwe46,N_sink_mm,0,265,0.12179645895957947,0.12179645895957947,0.08711592108011246,0.2618407607078552,0.21696960926055908,0.2850867509841919,0.24401617050170898,0.04956930875778198,0.004956931807100773,0.07405582815408707
v1grwe46,N_sink_mm,0,266,0.11381212621927261,0.11381212621927261,0.07642165571451187,0.26152801513671875,0.19229188561439514,0.2818552851676941,0.2853555977344513,0.04928399249911308,0.00492840027436614,0.07427515089511871
v1grwe46,N_sink_mm,0,267,0.11014282703399658,0.11014282703399658,0.07767898589372635,0.2630680203437805,0.22421099245548248,0.2879592776298523,0.2238338589668274,0.046876512467861176,0.004687650594860315,0.07432052493095398
v1grwe46,N_sink_mm,0,268,0.11135508120059967,0.11135508120059967,0.07204915583133698,0.2643345892429352,0.2581814229488373,0.28853079676628113,0.30141937732696533,0.04661205783486366,0.0046612052246928215,0.07450786978006363
v1grwe46,N_sink_mm,0,269,0.09472061693668365,0.09472061693668365,0.06834360957145691,0.26411205530166626,0.2284584641456604,0.28651681542396545,0.2553178071975708,0.053729936480522156,0.005372993182390928,0.07501916587352753
v1grwe46,N_sink_mm,0,270,0.12102947384119034,0.12102947384119034,0.08554467558860779,0.2619950771331787,0.22058013081550598,0.27534928917884827,0.21917346119880676,0.0597432442009449,0.0059743234887719154,0.07527902722358704
v1grwe46,N_sink_mm,0,271,0.11590463668107986,0.11590463668107986,0.08385661244392395,0.26339685916900635,0.25390034914016724,0.28815773129463196,0.2260102778673172,0.05076650530099869,0.005076650530099869,0.07515467703342438
v1grwe46,N_sink_mm,0,272,0.10566572099924088,0.10566572099924088,0.07849963009357452,0.2631814181804657,0.2250281423330307,0.2873618006706238,0.22915120422840118,0.04722839593887329,0.0047228410840034485,0.0756671130657196
v1grwe46,N_sink_mm,0,273,0.124639131128788,0.124639131128788,0.0856037363409996,0.2620351314544678,0.2348862886428833,0.29032793641090393,0.2273513674736023,0.03808751329779625,0.003808750072494149,0.07582243531942368
v1grwe46,N_sink_mm,0,274,0.10646921396255493,0.10646921396255493,0.08350873738527298,0.26334691047668457,0.2304340898990631,0.2846772372722626,0.21426920592784882,0.058671895414590836,0.005867188796401024,0.07578626275062561
v1grwe46,N_sink_mm,0,275,0.12316510081291199,0.12316510081291199,0.08803939819335938,0.26221662759780884,0.23906640708446503,0.28792548179626465,0.2743230164051056,0.053310032933950424,0.00533100264146924,0.07597149163484573
v1grwe46,N_sink_mm,0,276,0.11398585140705109,0.11398585140705109,0.07615909725427628,0.26272547245025635,0.22676533460617065,0.28686755895614624,0.29240819811820984,0.04644027724862099,0.004644027911126614,0.07686755061149597
v1grwe46,N_sink_mm,0,277,0.1026216670870781,0.1026216670870781,0.07930310070514679,0.2630282938480377,0.20968398451805115,0.2905520796775818,0.24572451412677765,0.04633500799536705,0.0046335021033883095,0.07605645805597305
v1grwe46,N_sink_mm,0,278,0.10851231217384338,0.10851231217384338,0.07494541257619858,0.26394402980804443,0.22480884194374084,0.2889721989631653,0.23298899829387665,0.04890153557062149,0.0048901536501944065,0.07706226408481598
v1grwe46,N_sink_mm,0,279,0.12044160813093185,0.12044160813093185,0.085781991481781,0.2627487778663635,0.2292710542678833,0.290941059589386,0.2705234885215759,0.04809415340423584,0.004809414967894554,0.0778907909989357
v1grwe46,N_sink_mm,0,280,0.1290351152420044,0.1290351152420044,0.08413378894329071,0.2621646225452423,0.22656792402267456,0.2922326922416687,0.2539427578449249,0.04855457693338394,0.004855457693338394,0.07732947915792465
v1grwe46,N_sink_mm,0,281,0.12700088322162628,0.12700088322162628,0.0811929777264595,0.2627986669540405,0.27283477783203125,0.28312990069389343,0.22314168512821198,0.05396541580557823,0.005396540742367506,0.07880014181137085
v1grwe46,N_sink_mm,0,282,0.11447114497423172,0.11447114497423172,0.07513796538114548,0.2634110748767853,0.2489011138677597,0.2848912179470062,0.25880590081214905,0.04285445064306259,0.004285444971174002,0.07863175123929977
v1grwe46,N_sink_mm,0,283,0.12242227792739868,0.12242227792739868,0.08701115101575851,0.262447327375412,0.24055185914039612,0.2873400151729584,0.24891236424446106,0.04608483985066414,0.004608483985066414,0.07844168692827225
v1grwe46,N_sink_mm,0,284,0.13616663217544556,0.13616663217544556,0.09440113604068756,0.261903315782547,0.2577750086784363,0.29539167881011963,0.254630446434021,0.04376792535185814,0.004376792348921299,0.07830354571342468
v1grwe46,N_sink_mm,0,285,0.12392774224281311,0.12392774224281311,0.08534834533929825,0.2626422643661499,0.2586213946342468,0.2964255213737488,0.28191283345222473,0.042784664779901505,0.004278467036783695,0.07878108322620392
v1grwe46,N_sink_mm,0,286,0.13075783848762512,0.13075783848762512,0.08861587196588516,0.2608257234096527,0.20960694551467896,0.29600852727890015,0.20908193290233612,0.04618673399090767,0.0046186745166778564,0.07894321531057358
v1grwe46,N_sink_mm,0,287,0.12130311131477356,0.12130311131477356,0.08642995357513428,0.26197415590286255,0.23346693813800812,0.29672399163246155,0.2502084970474243,0.04489745572209358,0.004489746410399675,0.07911831140518188
v1grwe46,N_sink_mm,0,288,0.12832915782928467,0.12832915782928467,0.08414541929960251,0.2624025046825409,0.22991640865802765,0.2936975657939911,0.2744312882423401,0.04946456477046013,0.00494645768776536,0.07863777130842209
v1grwe46,N_sink_mm,0,289,0.12270844727754593,0.12270844727754593,0.08351659774780273,0.26277944445610046,0.2453545480966568,0.2952723503112793,0.2708378732204437,0.05258243530988693,0.005258244462311268,0.07913140952587128
v1grwe46,N_sink_mm,0,290,0.13500629365444183,0.13500629365444183,0.08300746977329254,0.26132524013519287,0.21128255128860474,0.2941884994506836,0.2921876907348633,0.05115871876478195,0.005115872249007225,0.0791933536529541
v1grwe46,N_sink_mm,0,291,0.11809749156236649,0.11809749156236649,0.08167817443609238,0.26263973116874695,0.22875048220157623,0.2982587218284607,0.25995588302612305,0.04452476650476456,0.0044524772092700005,0.07945653796195984
v1grwe46,N_sink_mm,0,292,0.11905334889888763,0.11905334889888763,0.09143499284982681,0.26210328936576843,0.22574694454669952,0.29745230078697205,0.28618600964546204,0.048520777374506,0.004852077923715115,0.07982964813709259
v1grwe46,N_sink_mm,0,293,0.08921020478010178,0.08921020478010178,0.08007370680570602,0.2646960914134979,0.23868034780025482,0.27940940856933594,0.24412918090820312,0.07063491642475128,0.007063492201268673,0.07999927550554276
v1grwe46,N_sink_mm,0,294,0.10572709888219833,0.10572709888219833,0.07507286965847015,0.26249122619628906,0.2047991007566452,0.2885251045227051,0.2838418781757355,0.054257526993751526,0.0054257530719041824,0.08101720362901688
v1grwe46,N_sink_mm,0,295,0.11494819819927216,0.11494819819927216,0.08261080086231232,0.2630404531955719,0.23841622471809387,0.2951788008213043,0.23425829410552979,0.05286198481917381,0.005286198575049639,0.08003231883049011
v1grwe46,N_sink_mm,0,296,0.12970584630966187,0.12970584630966187,0.08829062432050705,0.26306819915771484,0.27237021923065186,0.29140377044677734,0.30390244722366333,0.05703301355242729,0.005703301168978214,0.0808868557214737
v1grwe46,N_sink_mm,0,297,0.12931033968925476,0.12931033968925476,0.08121474832296371,0.2621786296367645,0.23278358578681946,0.2943381071090698,0.2551637887954712,0.049898479133844376,0.004989848006516695,0.08103593438863754
v1grwe46,N_sink_mm,0,298,0.12607429921627045,0.12607429921627045,0.08199141919612885,0.26226240396499634,0.23765037953853607,0.2986522614955902,0.24694852530956268,0.04557682201266289,0.004557682201266289,0.0808575227856636
v1grwe46,N_sink_mm,0,299,0.14152230322360992,0.14152230322360992,0.08246461302042007,0.261400043964386,0.24527952075004578,0.3036562204360962,0.22708822786808014,0.041642483323812485,0.004164248239248991,0.08081183582544327
v1grwe46,N_sink_mm,0,300,,,,,,,0.26060470938682556,,,
v1grwe46,N_sink_mm,0,301,,,,,,,0.22980481386184692,,,
v1grwe46,N_sink_mm,0,302,,,,,,,0.2693880796432495,,,
v1grwe46,N_sink_mm,0,303,,,,,,,0.2591010332107544,,,
v1grwe46,N_sink_mm,0,304,,,,,,,0.2599151134490967,,,
v1grwe46,N_sink_mm,0,305,,,,,,,0.2783905565738678,,,
v1grwe46,N_sink_mm,0,306,,,,,,,0.25488972663879395,,,
v1grwe46,N_sink_mm,0,307,,,,,,,0.23085984587669373,,,
v1grwe46,N_sink_mm,0,308,,,,,,,0.24206779897212982,,,
v1grwe46,N_sink_mm,0,309,,,,,,,0.2744765281677246,,,
v1grwe46,N_sink_mm,0,310,,,,,,,0.23618251085281372,,,
v1grwe46,N_sink_mm,0,311,,,,,,,0.30762994289398193,,,
v1grwe46,N_sink_mm,0,312,,,,,,,0.244595006108284,,,
v1grwe46,N_sink_mm,0,313,,,,,,,0.25458914041519165,,,
v1grwe46,N_sink_mm,0,314,,,,,,,0.25407159328460693,,,
v1grwe46,N_sink_mm,0,315,,,,,,,0.24490144848823547,,,
v1grwe46,N_sink_mm,0,316,,,,,,,0.23709069192409515,,,
v1grwe46,N_sink_mm,0,317,,,,,,,0.24267226457595825,,,
v1grwe46,N_sink_mm,0,318,,,,,,,0.2679721415042877,,,
v1grwe46,N_sink_mm,0,319,,,,,,,0.23603861033916473,,,
v1grwe46,N_sink_mm,0,320,,,,,,,0.2965358793735504,,,
v1grwe46,N_sink_mm,0,321,,,,,,,0.28363025188446045,,,
v1grwe46,N_sink_mm,0,322,,,,,,,0.26605233550071716,,,
v1grwe46,N_sink_mm,0,323,,,,,,,0.24673859775066376,,,
v1grwe46,N_sink_mm,0,324,,,,,,,0.21430058777332306,,,
v1grwe46,N_sink_mm,0,325,,,,,,,0.24234868586063385,,,
v1grwe46,N_sink_mm,0,326,,,,,,,0.25307735800743103,,,
v1grwe46,N_sink_mm,0,327,,,,,,,0.24531452357769012,,,
v1grwe46,N_sink_mm,0,328,,,,,,,0.25060728192329407,,,
v1grwe46,N_sink_mm,0,329,,,,,,,0.2754007875919342,,,
v1grwe46,N_sink_mm,0,330,,,,,,,0.26723596453666687,,,
v1grwe46,N_sink_mm,0,331,,,,,,,0.3082100749015808,,,
v1grwe46,N_sink_mm,0,332,,,,,,,0.23532061278820038,,,
v1grwe46,N_sink_mm,0,333,,,,,,,0.28904756903648376,,,
v1grwe46,N_sink_mm,0,334,,,,,,,0.23546449840068817,,,
v1grwe46,N_sink_mm,0,335,,,,,,,0.2553674876689911,,,
v1grwe46,N_sink_mm,0,336,,,,,,,0.2601408362388611,,,
v1grwe46,N_sink_mm,0,337,,,,,,,0.24749083817005157,,,
v1grwe46,N_sink_mm,0,338,,,,,,,0.2873261272907257,,,
v1grwe46,N_sink_mm,0,339,,,,,,,0.2813511788845062,,,
v1grwe46,N_sink_mm,0,340,,,,,,,0.2642146944999695,,,
v1grwe46,N_sink_mm,0,341,,,,,,,0.2529909312725067,,,
v1grwe46,N_sink_mm,0,342,,,,,,,0.3007371127605438,,,
v1grwe46,N_sink_mm,0,343,,,,,,,0.26996269822120667,,,
v1grwe46,N_sink_mm,0,344,,,,,,,0.23511843383312225,,,
v1grwe46,N_sink_mm,0,345,,,,,,,0.28342553973197937,,,
v1grwe46,N_sink_mm,0,346,,,,,,,0.2420840859413147,,,
v1grwe46,N_sink_mm,0,347,,,,,,,0.28565818071365356,,,
v1grwe46,N_sink_mm,0,348,,,,,,,0.25960466265678406,,,
v1grwe46,N_sink_mm,0,349,,,,,,,0.24250583350658417,,,
v1grwe46,N_sink_mm,0,350,,,,,,,0.21235324442386627,,,
v1grwe46,N_sink_mm,0,351,,,,,,,0.28582555055618286,,,
v1grwe46,N_sink_mm,0,352,,,,,,,0.2557341456413269,,,
v1grwe46,N_sink_mm,0,353,,,,,,,0.22582712769508362,,,
v1grwe46,N_sink_mm,0,354,,,,,,,0.2541816830635071,,,
v1grwe46,N_sink_mm,0,355,,,,,,,0.23330149054527283,,,
v1grwe46,N_sink_mm,0,356,,,,,,,0.23068830370903015,,,
v1grwe46,N_sink_mm,0,357,,,,,,,0.23378688097000122,,,
v1grwe46,N_sink_mm,0,358,,,,,,,0.24833382666110992,,,
v1grwe46,N_sink_mm,0,359,,,,,,,0.23600003123283386,,,
v1grwe46,N_sink_mm,0,360,,,,,,,0.2472146898508072,,,
v1grwe46,N_sink_mm,0,361,,,,,,,0.24815818667411804,,,
v1grwe46,N_sink_mm,0,362,,,,,,,0.2242378294467926,,,
v1grwe46,N_sink_mm,0,363,,,,,,,0.23692172765731812,,,
v1grwe46,N_sink_mm,0,364,,,,,,,0.2506721019744873,,,
v1grwe46,N_sink_mm,0,365,,,,,,,0.2512199580669403,,,
v1grwe46,N_sink_mm,0,366,,,,,,,0.2701285779476166,,,
v1grwe46,N_sink_mm,0,367,,,,,,,0.25570493936538696,,,
v1grwe46,N_sink_mm,0,368,,,,,,,0.2889779210090637,,,
v1grwe46,N_sink_mm,0,369,,,,,,,0.24259021878242493,,,
v1grwe46,N_sink_mm,0,370,,,,,,,0.24434205889701843,,,
v1grwe46,N_sink_mm,0,371,,,,,,,0.23699787259101868,,,
v1grwe46,N_sink_mm,0,372,,,,,,,0.22496050596237183,,,
v1grwe46,N_sink_mm,0,373,,,,,,,0.2869754433631897,,,
v1grwe46,N_sink_mm,0,374,,,,,,,0.2532990872859955,,,
v1grwe46,N_sink_mm,0,375,,,,,,,0.2507067024707794,,,
v1grwe46,N_sink_mm,0,376,,,,,,,0.23385626077651978,,,
v1grwe46,N_sink_mm,0,377,,,,,,,0.3158942759037018,,,
v1grwe46,N_sink_mm,0,378,,,,,,,0.24056315422058105,,,
v1grwe46,N_sink_mm,0,379,,,,,,,0.2817867398262024,,,
v1grwe46,N_sink_mm,0,380,,,,,,,0.2861567437648773,,,
v1grwe46,N_sink_mm,0,381,,,,,,,0.25507304072380066,,,
v1grwe46,N_sink_mm,0,382,,,,,,,0.2727477550506592,,,
v1grwe46,N_sink_mm,0,383,,,,,,,0.24983373284339905,,,
v1grwe46,N_sink_mm,0,384,,,,,,,0.2329491525888443,,,
v1grwe46,N_sink_mm,0,385,,,,,,,0.24683114886283875,,,
v1grwe46,N_sink_mm,0,386,,,,,,,0.26638391613960266,,,
v1grwe46,N_sink_mm,0,387,,,,,,,0.24049539864063263,,,
v1grwe46,N_sink_mm,0,388,,,,,,,0.23072153329849243,,,
v1grwe46,N_sink_mm,0,389,,,,,,,0.2501038610935211,,,
v1grwe46,N_sink_mm,0,390,,,,,,,0.26575979590415955,,,
v1grwe46,N_sink_mm,0,391,,,,,,,0.24740959703922272,,,
v1grwe46,N_sink_mm,0,392,,,,,,,0.2556248903274536,,,
v1grwe46,N_sink_mm,0,393,,,,,,,0.2558635473251343,,,
v1grwe46,N_sink_mm,0,394,,,,,,,0.2531130015850067,,,
v1grwe46,N_sink_mm,0,395,,,,,,,0.2538505792617798,,,
v1grwe46,N_sink_mm,0,396,,,,,,,0.2607180178165436,,,
v1grwe46,N_sink_mm,0,397,,,,,,,0.28886356949806213,,,
v1grwe46,N_sink_mm,0,398,,,,,,,0.26264289021492004,,,
v1grwe46,N_sink_mm,0,399,,,,,,,0.2686564326286316,,,
v1grwe46,N_sink_mm,0,400,,,,,,,0.2251177728176117,,,
v1grwe46,N_sink_mm,0,401,,,,,,,0.2666146755218506,,,
v1grwe46,N_sink_mm,0,402,,,,,,,0.27266108989715576,,,
v1grwe46,N_sink_mm,0,403,,,,,,,0.2428349256515503,,,
v1grwe46,N_sink_mm,0,404,,,,,,,0.2609516382217407,,,
v1grwe46,N_sink_mm,0,405,,,,,,,0.22609980404376984,,,
v1grwe46,N_sink_mm,0,406,,,,,,,0.26658257842063904,,,
v1grwe46,N_sink_mm,0,407,,,,,,,0.29061540961265564,,,
v1grwe46,N_sink_mm,0,408,,,,,,,0.26683855056762695,,,
v1grwe46,N_sink_mm,0,409,,,,,,,0.2717808783054352,,,
v1grwe46,N_sink_mm,0,410,,,,,,,0.2465553879737854,,,
v1grwe46,N_sink_mm,0,411,,,,,,,0.25186887383461,,,
v1grwe46,N_sink_mm,0,412,,,,,,,0.2615520656108856,,,
v1grwe46,N_sink_mm,0,413,,,,,,,0.25563204288482666,,,
v1grwe46,N_sink_mm,0,414,,,,,,,0.2752956449985504,,,
v1grwe46,N_sink_mm,0,415,,,,,,,0.23026207089424133,,,
v1grwe46,N_sink_mm,0,416,,,,,,,0.2663775384426117,,,
v1grwe46,N_sink_mm,0,417,,,,,,,0.2503262758255005,,,
v1grwe46,N_sink_mm,0,418,,,,,,,0.2523287534713745,,,
v1grwe46,N_sink_mm,0,419,,,,,,,0.2399778515100479,,,
v1grwe46,N_sink_mm,0,420,,,,,,,0.23763269186019897,,,
v1grwe46,N_sink_mm,0,421,,,,,,,0.23219536244869232,,,
v1grwe46,N_sink_mm,0,422,,,,,,,0.2286997139453888,,,
v1grwe46,N_sink_mm,0,423,,,,,,,0.24899247288703918,,,
v1grwe46,N_sink_mm,0,424,,,,,,,0.25114133954048157,,,
v1grwe46,N_sink_mm,0,425,,,,,,,0.28614532947540283,,,
v1grwe46,N_sink_mm,0,426,,,,,,,0.25229761004447937,,,
v1grwe46,N_sink_mm,0,427,,,,,,,0.24523480236530304,,,
v1grwe46,N_sink_mm,0,428,,,,,,,0.27679377794265747,,,
v1grwe46,N_sink_mm,0,429,,,,,,,0.23793530464172363,,,
v1grwe46,N_sink_mm,0,430,,,,,,,0.2863315939903259,,,
v1grwe46,N_sink_mm,0,431,,,,,,,0.2453990876674652,,,
v1grwe46,N_sink_mm,0,432,,,,,,,0.2566559612751007,,,
v1grwe46,N_sink_mm,0,433,,,,,,,0.2335423231124878,,,
v1grwe46,N_sink_mm,0,434,,,,,,,0.2185983955860138,,,
v1grwe46,N_sink_mm,0,435,,,,,,,0.32271358370780945,,,
v1grwe46,N_sink_mm,0,436,,,,,,,0.2608376145362854,,,
v1grwe46,N_sink_mm,0,437,,,,,,,0.2490522265434265,,,
v1grwe46,N_sink_mm,0,438,,,,,,,0.24641822278499603,,,
v1grwe46,N_sink_mm,0,439,,,,,,,0.2849200367927551,,,
v1grwe46,N_sink_mm,0,440,,,,,,,0.25749483704566956,,,
v1grwe46,N_sink_mm,0,441,,,,,,,0.23060739040374756,,,
v1grwe46,N_sink_mm,0,442,,,,,,,0.27597445249557495,,,
v1grwe46,N_sink_mm,0,443,,,,,,,0.26687848567962646,,,
v1grwe46,N_sink_mm,0,444,,,,,,,0.28053852915763855,,,
v1grwe46,N_sink_mm,0,445,,,,,,,0.2760375738143921,,,
v1grwe46,N_sink_mm,0,446,,,,,,,0.26110565662384033,,,
v1grwe46,N_sink_mm,0,447,,,,,,,0.2263791412115097,,,
v1grwe46,N_sink_mm,0,448,,,,,,,0.21581026911735535,,,
v1grwe46,N_sink_mm,0,449,,,,,,,0.25227266550064087,,,
v1grwe46,N_sink_mm,0,450,,,,,,,0.24524953961372375,,,
v1grwe46,N_sink_mm,0,451,,,,,,,0.26088058948516846,,,
v1grwe46,N_sink_mm,0,452,,,,,,,0.26197558641433716,,,
v1grwe46,N_sink_mm,0,453,,,,,,,0.21165409684181213,,,
v1grwe46,N_sink_mm,0,454,,,,,,,0.23844385147094727,,,
v1grwe46,N_sink_mm,0,455,,,,,,,0.24739208817481995,,,
v1grwe46,N_sink_mm,0,456,,,,,,,0.25798243284225464,,,
v1grwe46,N_sink_mm,0,457,,,,,,,0.24929279088974,,,
v1grwe46,N_sink_mm,0,458,,,,,,,0.256232351064682,,,
v1grwe46,N_sink_mm,0,459,,,,,,,0.23780201375484467,,,
v1grwe46,N_sink_mm,0,460,,,,,,,0.2985028028488159,,,
v1grwe46,N_sink_mm,0,461,,,,,,,0.25044819712638855,,,
v1grwe46,N_sink_mm,0,462,,,,,,,0.27697494626045227,,,
v1grwe46,N_sink_mm,0,463,,,,,,,0.24094568192958832,,,
v1grwe46,N_sink_mm,0,464,,,,,,,0.24169304966926575,,,
v1grwe46,N_sink_mm,0,465,,,,,,,0.26030126214027405,,,
v1grwe46,N_sink_mm,0,466,,,,,,,0.2974608242511749,,,
v1grwe46,N_sink_mm,0,467,,,,,,,0.2591204047203064,,,
v1grwe46,N_sink_mm,0,468,,,,,,,0.20696397125720978,,,
v1grwe46,N_sink_mm,0,469,,,,,,,0.26119086146354675,,,
v1grwe46,N_sink_mm,0,470,,,,,,,0.31667718291282654,,,
v1grwe46,N_sink_mm,0,471,,,,,,,0.275267094373703,,,
v1grwe46,N_sink_mm,0,472,,,,,,,0.22277478873729706,,,
v1grwe46,N_sink_mm,0,473,,,,,,,0.24681009352207184,,,
v1grwe46,N_sink_mm,0,474,,,,,,,0.252250611782074,,,
v1grwe46,N_sink_mm,0,475,,,,,,,0.2706855833530426,,,
v1grwe46,N_sink_mm,0,476,,,,,,,0.21182815730571747,,,
v1grwe46,N_sink_mm,0,477,,,,,,,0.2802708148956299,,,
v1grwe46,N_sink_mm,0,478,,,,,,,0.2805430591106415,,,
v1grwe46,N_sink_mm,0,479,,,,,,,0.26255619525909424,,,
v1grwe46,N_sink_mm,0,480,,,,,,,0.23962804675102234,,,
v1grwe46,N_sink_mm,0,481,,,,,,,0.27729344367980957,,,
v1grwe46,N_sink_mm,0,482,,,,,,,0.25260892510414124,,,
v1grwe46,N_sink_mm,0,483,,,,,,,0.25306156277656555,,,
v1grwe46,N_sink_mm,0,484,,,,,,,0.23653343319892883,,,
v1grwe46,N_sink_mm,0,485,,,,,,,0.24368378520011902,,,
v1grwe46,N_sink_mm,0,486,,,,,,,0.26432302594184875,,,
v1grwe46,N_sink_mm,0,487,,,,,,,0.2793213427066803,,,
v1grwe46,N_sink_mm,0,488,,,,,,,0.25910142064094543,,,
v1grwe46,N_sink_mm,0,489,,,,,,,0.24097853899002075,,,
v1grwe46,N_sink_mm,0,490,,,,,,,0.27542844414711,,,
v1grwe46,N_sink_mm,0,491,,,,,,,0.2928600311279297,,,
v1grwe46,N_sink_mm,0,492,,,,,,,0.22277012467384338,,,
v1grwe46,N_sink_mm,0,493,,,,,,,0.2729584872722626,,,
v1grwe46,N_sink_mm,0,494,,,,,,,0.22616472840309143,,,
v1grwe46,N_sink_mm,0,495,,,,,,,0.2809814512729645,,,
v1grwe46,N_sink_mm,0,496,,,,,,,0.22110891342163086,,,
v1grwe46,N_sink_mm,0,497,,,,,,,0.24470266699790955,,,
v1grwe46,N_sink_mm,0,498,,,,,,,0.25538596510887146,,,
v1grwe46,N_sink_mm,0,499,,,,,,,0.2467980682849884,,,
v1grwe46,N_sink_mm,0,500,,,,,,,0.2609504461288452,,,
v1grwe46,N_sink_mm,0,501,,,,,,,0.3054214417934418,,,
v1grwe46,N_sink_mm,0,502,,,,,,,0.23617585003376007,,,
v1grwe46,N_sink_mm,0,503,,,,,,,0.2358383983373642,,,
v1grwe46,N_sink_mm,0,504,,,,,,,0.20804964005947113,,,
v1grwe46,N_sink_mm,0,505,,,,,,,0.2417008876800537,,,
v1grwe46,N_sink_mm,0,506,,,,,,,0.2227383852005005,,,
v1grwe46,N_sink_mm,0,507,,,,,,,0.2202724665403366,,,
v1grwe46,N_sink_mm,0,508,,,,,,,0.2358693778514862,,,
v1grwe46,N_sink_mm,0,509,,,,,,,0.23461782932281494,,,
v1grwe46,N_sink_mm,0,510,,,,,,,0.27361151576042175,,,
v1grwe46,N_sink_mm,0,511,,,,,,,0.24932533502578735,,,
v1grwe46,N_sink_mm,0,512,,,,,,,0.2418564409017563,,,
v1grwe46,N_sink_mm,0,513,,,,,,,0.2713463604450226,,,
v1grwe46,N_sink_mm,0,514,,,,,,,0.26042085886001587,,,
v1grwe46,N_sink_mm,0,515,,,,,,,0.24650366604328156,,,
v1grwe46,N_sink_mm,0,516,,,,,,,0.2456582933664322,,,
v1grwe46,N_sink_mm,0,517,,,,,,,0.28093183040618896,,,
v1grwe46,N_sink_mm,0,518,,,,,,,0.2584305703639984,,,
v1grwe46,N_sink_mm,0,519,,,,,,,0.27105817198753357,,,
v1grwe46,N_sink_mm,0,520,,,,,,,0.2698380947113037,,,
v1grwe46,N_sink_mm,0,521,,,,,,,0.2620686888694763,,,
v1grwe46,N_sink_mm,0,522,,,,,,,0.23765134811401367,,,
v1grwe46,N_sink_mm,0,523,,,,,,,0.26153263449668884,,,
v1grwe46,N_sink_mm,0,524,,,,,,,0.22675858438014984,,,
v1grwe46,N_sink_mm,0,525,,,,,,,0.23322860896587372,,,
v1grwe46,N_sink_mm,0,526,,,,,,,0.25659680366516113,,,
v1grwe46,N_sink_mm,0,527,,,,,,,0.2358173280954361,,,
v1grwe46,N_sink_mm,0,528,,,,,,,0.2590540647506714,,,
v1grwe46,N_sink_mm,0,529,,,,,,,0.25755375623703003,,,
v1grwe46,N_sink_mm,0,530,,,,,,,0.2673977017402649,,,
v1grwe46,N_sink_mm,0,531,,,,,,,0.2422265112400055,,,
v1grwe46,N_sink_mm,0,532,,,,,,,0.2670479416847229,,,
v1grwe46,N_sink_mm,0,533,,,,,,,0.24791903793811798,,,
v1grwe46,N_sink_mm,0,534,,,,,,,0.24674606323242188,,,
v1grwe46,N_sink_mm,0,535,,,,,,,0.2434123158454895,,,
v1grwe46,N_sink_mm,0,536,,,,,,,0.25471681356430054,,,
v1grwe46,N_sink_mm,0,537,,,,,,,0.2245294600725174,,,
v1grwe46,N_sink_mm,0,538,,,,,,,0.239755779504776,,,
v1grwe46,N_sink_mm,0,539,,,,,,,0.2695077657699585,,,
v1grwe46,N_sink_mm,0,540,,,,,,,0.22631464898586273,,,
v1grwe46,N_sink_mm,0,541,,,,,,,0.2622709274291992,,,
v1grwe46,N_sink_mm,0,542,,,,,,,0.279347687959671,,,
v1grwe46,N_sink_mm,0,543,,,,,,,0.2350233942270279,,,
v1grwe46,N_sink_mm,0,544,,,,,,,0.2354382574558258,,,
v1grwe46,N_sink_mm,0,545,,,,,,,0.28439053893089294,,,
v1grwe46,N_sink_mm,0,546,,,,,,,0.2719983160495758,,,
v1grwe46,N_sink_mm,0,547,,,,,,,0.2412458062171936,,,
v1grwe46,N_sink_mm,0,548,,,,,,,0.2893546223640442,,,
v1grwe46,N_sink_mm,0,549,,,,,,,0.2591973841190338,,,
v1grwe46,N_sink_mm,0,550,,,,,,,0.2640753984451294,,,
v1grwe46,N_sink_mm,0,551,,,,,,,0.2379382848739624,,,
v1grwe46,N_sink_mm,0,552,,,,,,,0.25498729944229126,,,
v1grwe46,N_sink_mm,0,553,,,,,,,0.27908748388290405,,,
v1grwe46,N_sink_mm,0,554,,,,,,,0.2313680201768875,,,
v1grwe46,N_sink_mm,0,555,,,,,,,0.23389169573783875,,,
v1grwe46,N_sink_mm,0,556,,,,,,,0.2463148981332779,,,
v1grwe46,N_sink_mm,0,557,,,,,,,0.21420742571353912,,,
v1grwe46,N_sink_mm,0,558,,,,,,,0.22543880343437195,,,
v1grwe46,N_sink_mm,0,559,,,,,,,0.28665876388549805,,,
v1grwe46,N_sink_mm,0,560,,,,,,,0.26709631085395813,,,
v1grwe46,N_sink_mm,0,561,,,,,,,0.23602880537509918,,,
v1grwe46,N_sink_mm,0,562,,,,,,,0.23140108585357666,,,
v1grwe46,N_sink_mm,0,563,,,,,,,0.26083430647850037,,,
v1grwe46,N_sink_mm,0,564,,,,,,,0.2412709891796112,,,
v1grwe46,N_sink_mm,0,565,,,,,,,0.25377368927001953,,,
v1grwe46,N_sink_mm,0,566,,,,,,,0.24105703830718994,,,
v1grwe46,N_sink_mm,0,567,,,,,,,0.2570074498653412,,,
v1grwe46,N_sink_mm,0,568,,,,,,,0.24344488978385925,,,
v1grwe46,N_sink_mm,0,569,,,,,,,0.25201648473739624,,,
v1grwe46,N_sink_mm,0,570,,,,,,,0.22417756915092468,,,
v1grwe46,N_sink_mm,0,571,,,,,,,0.24128840863704681,,,
v1grwe46,N_sink_mm,0,572,,,,,,,0.24812795221805573,,,
v1grwe46,N_sink_mm,0,573,,,,,,,0.23725521564483643,,,
v1grwe46,N_sink_mm,0,574,,,,,,,0.26522961258888245,,,
v1grwe46,N_sink_mm,0,575,,,,,,,0.23458904027938843,,,
v1grwe46,N_sink_mm,0,576,,,,,,,0.24136868119239807,,,
v1grwe46,N_sink_mm,0,577,,,,,,,0.24111419916152954,,,
v1grwe46,N_sink_mm,0,578,,,,,,,0.22354763746261597,,,
v1grwe46,N_sink_mm,0,579,,,,,,,0.22445496916770935,,,
v1grwe46,N_sink_mm,0,580,,,,,,,0.26003581285476685,,,
v1grwe46,N_sink_mm,0,581,,,,,,,0.28337985277175903,,,
v1grwe46,N_sink_mm,0,582,,,,,,,0.23750057816505432,,,
v1grwe46,N_sink_mm,0,583,,,,,,,0.21386128664016724,,,
v1grwe46,N_sink_mm,0,584,,,,,,,0.27420714497566223,,,
v1grwe46,N_sink_mm,0,585,,,,,,,0.2476395070552826,,,
v1grwe46,N_sink_mm,0,586,,,,,,,0.2586350739002228,,,
v1grwe46,N_sink_mm,0,587,,,,,,,0.2540555000305176,,,
v1grwe46,N_sink_mm,0,588,,,,,,,0.24989037215709686,,,
v1grwe46,N_sink_mm,0,589,,,,,,,0.24230718612670898,,,
v1grwe46,N_sink_mm,0,590,,,,,,,0.22012215852737427,,,
v1grwe46,N_sink_mm,0,591,,,,,,,0.26764973998069763,,,
v1grwe46,N_sink_mm,0,592,,,,,,,0.24298451840877533,,,
v1grwe46,N_sink_mm,0,593,,,,,,,0.24902507662773132,,,
v1grwe46,N_sink_mm,0,594,,,,,,,0.3032471239566803,,,
v1grwe46,N_sink_mm,0,595,,,,,,,0.27610334753990173,,,
v1grwe46,N_sink_mm,0,596,,,,,,,0.20911036431789398,,,
v1grwe46,N_sink_mm,0,597,,,,,,,0.24388399720191956,,,
v1grwe46,N_sink_mm,0,598,,,,,,,0.2500559687614441,,,
v1grwe46,N_sink_mm,0,599,,,,,,,0.27033939957618713,,,
v1grwe46,N_sink_mm,0,600,,,,,,,0.23890024423599243,,,
v1grwe46,N_sink_mm,0,601,,,,,,,0.24416480958461761,,,
v1grwe46,N_sink_mm,0,602,,,,,,,0.2462421953678131,,,
v1grwe46,N_sink_mm,0,603,,,,,,,0.24508872628211975,,,
v1grwe46,N_sink_mm,0,604,,,,,,,0.227211132645607,,,
v1grwe46,N_sink_mm,0,605,,,,,,,0.2391698807477951,,,
v1grwe46,N_sink_mm,0,606,,,,,,,0.23360216617584229,,,
v1grwe46,N_sink_mm,0,607,,,,,,,0.2485083043575287,,,
v1grwe46,N_sink_mm,0,608,,,,,,,0.24389852583408356,,,
v1grwe46,N_sink_mm,0,609,,,,,,,0.2582060992717743,,,
v1grwe46,N_sink_mm,0,610,,,,,,,0.2699214220046997,,,
v1grwe46,N_sink_mm,0,611,,,,,,,0.2423567771911621,,,
v1grwe46,N_sink_mm,0,612,,,,,,,0.2266562432050705,,,
v1grwe46,N_sink_mm,0,613,,,,,,,0.23770295083522797,,,
v1grwe46,N_sink_mm,0,614,,,,,,,0.27865561842918396,,,
v1grwe46,N_sink_mm,0,615,,,,,,,0.2395690232515335,,,
v1grwe46,N_sink_mm,0,616,,,,,,,0.24685508012771606,,,
v1grwe46,N_sink_mm,0,617,,,,,,,0.25161874294281006,,,
v1grwe46,N_sink_mm,0,618,,,,,,,0.23109179735183716,,,
v1grwe46,N_sink_mm,0,619,,,,,,,0.2564798891544342,,,
v1grwe46,N_sink_mm,0,620,,,,,,,0.2771870493888855,,,
v1grwe46,N_sink_mm,0,621,,,,,,,0.23754863440990448,,,
v1grwe46,N_sink_mm,0,622,,,,,,,0.2259012907743454,,,
v1grwe46,N_sink_mm,0,623,,,,,,,0.26468798518180847,,,
v1grwe46,N_sink_mm,0,624,,,,,,,0.2621455490589142,,,
v1grwe46,N_sink_mm,0,625,,,,,,,0.2570666968822479,,,
v1grwe46,N_sink_mm,0,626,,,,,,,0.22112278640270233,,,
v1grwe46,N_sink_mm,0,627,,,,,,,0.24395184218883514,,,
v1grwe46,N_sink_mm,0,628,,,,,,,0.21623437106609344,,,
v1grwe46,N_sink_mm,0,629,,,,,,,0.26443251967430115,,,
v1grwe46,N_sink_mm,0,630,,,,,,,0.23778551816940308,,,
v1grwe46,N_sink_mm,0,631,,,,,,,0.27147477865219116,,,
v1grwe46,N_sink_mm,0,632,,,,,,,0.23928509652614594,,,
v1grwe46,N_sink_mm,0,633,,,,,,,0.26881393790245056,,,
v1grwe46,N_sink_mm,0,634,,,,,,,0.23689626157283783,,,
v1grwe46,N_sink_mm,0,635,,,,,,,0.25921085476875305,,,
v1grwe46,N_sink_mm,0,636,,,,,,,0.2566901445388794,,,
v1grwe46,N_sink_mm,0,637,,,,,,,0.2537795305252075,,,
v1grwe46,N_sink_mm,0,638,,,,,,,0.303364634513855,,,
v1grwe46,N_sink_mm,0,639,,,,,,,0.2539881467819214,,,
v1grwe46,N_sink_mm,0,640,,,,,,,0.2430942803621292,,,
v1grwe46,N_sink_mm,0,641,,,,,,,0.3048599660396576,,,
v1grwe46,N_sink_mm,0,642,,,,,,,0.24600577354431152,,,
v1grwe46,N_sink_mm,0,643,,,,,,,0.24579599499702454,,,
v1grwe46,N_sink_mm,0,644,,,,,,,0.2826381027698517,,,
v1grwe46,N_sink_mm,0,645,,,,,,,0.23381298780441284,,,
v1grwe46,N_sink_mm,0,646,,,,,,,0.24908964335918427,,,
v1grwe46,N_sink_mm,0,647,,,,,,,0.2694733142852783,,,
v1grwe46,N_sink_mm,0,648,,,,,,,0.24865402281284332,,,
v1grwe46,N_sink_mm,0,649,,,,,,,0.24415135383605957,,,
v1grwe46,N_sink_mm,0,650,,,,,,,0.2606019079685211,,,
v1grwe46,N_sink_mm,0,651,,,,,,,0.2676294147968292,,,
v1grwe46,N_sink_mm,0,652,,,,,,,0.2232675999403,,,
v1grwe46,N_sink_mm,0,653,,,,,,,0.2537679374217987,,,
v1grwe46,N_sink_mm,0,654,,,,,,,0.22666077315807343,,,
v1grwe46,N_sink_mm,0,655,,,,,,,0.24640876054763794,,,
v1grwe46,N_sink_mm,0,656,,,,,,,0.24482299387454987,,,
v1grwe46,N_sink_mm,0,657,,,,,,,0.274933397769928,,,
v1grwe46,N_sink_mm,0,658,,,,,,,0.22821834683418274,,,
v1grwe46,N_sink_mm,0,659,,,,,,,0.2392834722995758,,,
v1grwe46,N_sink_mm,0,660,,,,,,,0.23773586750030518,,,
v1grwe46,N_sink_mm,0,661,,,,,,,0.24947041273117065,,,
v1grwe46,N_sink_mm,0,662,,,,,,,0.22588738799095154,,,
v1grwe46,N_sink_mm,0,663,,,,,,,0.22588738799095154,,,
v1grwe46,N_sink_mm,0,664,,,,,,,0.2561226785182953,,,
v1grwe46,N_sink_mm,0,665,,,,,,,0.2162172794342041,,,
v1grwe46,N_sink_mm,0,666,,,,,,,0.24982069432735443,,,
v1grwe46,N_sink_mm,0,667,,,,,,,0.26619163155555725,,,
v1grwe46,N_sink_mm,0,668,,,,,,,0.27274248003959656,,,
v1grwe46,N_sink_mm,0,669,,,,,,,0.24781015515327454,,,
v1grwe46,N_sink_mm,0,670,,,,,,,0.27194666862487793,,,
v1grwe46,N_sink_mm,0,671,,,,,,,0.23685337603092194,,,
v1grwe46,N_sink_mm,0,672,,,,,,,0.2300080955028534,,,
v1grwe46,N_sink_mm,0,673,,,,,,,0.21972636878490448,,,
v1grwe46,N_sink_mm,0,674,,,,,,,0.25191912055015564,,,
v1grwe46,N_sink_mm,0,675,,,,,,,0.23645956814289093,,,
v1grwe46,N_sink_mm,0,676,,,,,,,0.2559213936328888,,,
v1grwe46,N_sink_mm,0,677,,,,,,,0.24811342358589172,,,
v1grwe46,N_sink_mm,0,678,,,,,,,0.2726685106754303,,,
v1grwe46,N_sink_mm,0,679,,,,,,,0.22706951200962067,,,
v1grwe46,N_sink_mm,0,680,,,,,,,0.22863030433654785,,,
v1grwe46,N_sink_mm,0,681,,,,,,,0.23081175982952118,,,
v1grwe46,N_sink_mm,0,682,,,,,,,0.26518353819847107,,,
v1grwe46,N_sink_mm,0,683,,,,,,,0.25612443685531616,,,
v1grwe46,N_sink_mm,0,684,,,,,,,0.23540087044239044,,,
v1grwe46,N_sink_mm,0,685,,,,,,,0.25469157099723816,,,
v1grwe46,N_sink_mm,0,686,,,,,,,0.20984813570976257,,,
v1grwe46,N_sink_mm,0,687,,,,,,,0.24388736486434937,,,
v1grwe46,N_sink_mm,0,688,,,,,,,0.2775641679763794,,,
v1grwe46,N_sink_mm,0,689,,,,,,,0.25290369987487793,,,
v1grwe46,N_sink_mm,0,690,,,,,,,0.227413147687912,,,
v1grwe46,N_sink_mm,0,691,,,,,,,0.24521175026893616,,,
v1grwe46,N_sink_mm,0,692,,,,,,,0.258663147687912,,,
v1grwe46,N_sink_mm,0,693,,,,,,,0.26765576004981995,,,
v1grwe46,N_sink_mm,0,694,,,,,,,0.22689922153949738,,,
v1grwe46,N_sink_mm,0,695,,,,,,,0.26514238119125366,,,
v1grwe46,N_sink_mm,0,696,,,,,,,0.2687971293926239,,,
v1grwe46,N_sink_mm,0,697,,,,,,,0.2537170648574829,,,
v1grwe46,N_sink_mm,0,698,,,,,,,0.24516770243644714,,,
v1grwe46,N_sink_mm,0,699,,,,,,,0.23366717994213104,,,
v1grwe46,N_sink_mm,0,700,,,,,,,0.243544802069664,,,
v1grwe46,N_sink_mm,0,701,,,,,,,0.253346711397171,,,
v1grwe46,N_sink_mm,0,702,,,,,,,0.2591036260128021,,,
v1grwe46,N_sink_mm,0,703,,,,,,,0.2529412806034088,,,
v1grwe46,N_sink_mm,0,704,,,,,,,0.2258756309747696,,,
v1grwe46,N_sink_mm,0,705,,,,,,,0.25804948806762695,,,
v1grwe46,N_sink_mm,0,706,,,,,,,0.20450760424137115,,,
v1grwe46,N_sink_mm,0,707,,,,,,,0.2200748771429062,,,
v1grwe46,N_sink_mm,0,708,,,,,,,0.2485303431749344,,,
v1grwe46,N_sink_mm,0,709,,,,,,,0.2726868689060211,,,
v1grwe46,N_sink_mm,0,710,,,,,,,0.24070239067077637,,,
v1grwe46,N_sink_mm,0,711,,,,,,,0.2484707534313202,,,
v1grwe46,N_sink_mm,0,712,,,,,,,0.26147696375846863,,,
v1grwe46,N_sink_mm,0,713,,,,,,,0.25913551449775696,,,
v1grwe46,N_sink_mm,0,714,,,,,,,0.21169014275074005,,,
v1grwe46,N_sink_mm,0,715,,,,,,,0.24454104900360107,,,
v1grwe46,N_sink_mm,0,716,,,,,,,0.23232872784137726,,,
v1grwe46,N_sink_mm,0,717,,,,,,,0.2911463975906372,,,
v1grwe46,N_sink_mm,0,718,,,,,,,0.24830247461795807,,,
v1grwe46,N_sink_mm,0,719,,,,,,,0.2152046412229538,,,
v1grwe46,N_sink_mm,0,720,,,,,,,0.2705915868282318,,,
v1grwe46,N_sink_mm,0,721,,,,,,,0.22722835838794708,,,
v1grwe46,N_sink_mm,0,722,,,,,,,0.2111143320798874,,,
v1grwe46,N_sink_mm,0,723,,,,,,,0.24140813946723938,,,
v1grwe46,N_sink_mm,0,724,,,,,,,0.2149379849433899,,,
v1grwe46,N_sink_mm,0,725,,,,,,,0.26577121019363403,,,
v1grwe46,N_sink_mm,0,726,,,,,,,0.23673707246780396,,,
v1grwe46,N_sink_mm,0,727,,,,,,,0.23156578838825226,,,
v1grwe46,N_sink_mm,0,728,,,,,,,0.2383868396282196,,,
v1grwe46,N_sink_mm,0,729,,,,,,,0.23153240978717804,,,
v1grwe46,N_sink_mm,0,730,,,,,,,0.26964473724365234,,,
v1grwe46,N_sink_mm,0,731,,,,,,,0.24401214718818665,,,
v1grwe46,N_sink_mm,0,732,,,,,,,0.2378712296485901,,,
v1grwe46,N_sink_mm,0,733,,,,,,,0.25156542658805847,,,
v1grwe46,N_sink_mm,0,734,,,,,,,0.2730759084224701,,,
v1grwe46,N_sink_mm,0,735,,,,,,,0.22824467718601227,,,
v1grwe46,N_sink_mm,0,736,,,,,,,0.25178802013397217,,,
v1grwe46,N_sink_mm,0,737,,,,,,,0.25936946272850037,,,
v1grwe46,N_sink_mm,0,738,,,,,,,0.26947328448295593,,,
v1grwe46,N_sink_mm,0,739,,,,,,,0.23351624608039856,,,
v1grwe46,N_sink_mm,0,740,,,,,,,0.21739213168621063,,,
v1grwe46,N_sink_mm,0,741,,,,,,,0.23346485197544098,,,
v1grwe46,N_sink_mm,0,742,,,,,,,0.21541929244995117,,,
v1grwe46,N_sink_mm,0,743,,,,,,,0.23646819591522217,,,
v1grwe46,N_sink_mm,0,744,,,,,,,0.2850968837738037,,,
v1grwe46,N_sink_mm,0,745,,,,,,,0.2847912609577179,,,
v1grwe46,N_sink_mm,0,746,,,,,,,0.24399298429489136,,,
v1grwe46,N_sink_mm,0,747,,,,,,,0.24823613464832306,,,
v1grwe46,N_sink_mm,0,748,,,,,,,0.26800447702407837,,,
v1grwe46,N_sink_mm,0,749,,,,,,,0.2415539026260376,,,
v1grwe46,N_sink_mm,0,750,,,,,,,0.23416942358016968,,,
v1grwe46,N_sink_mm,0,751,,,,,,,0.27290260791778564,,,
v1grwe46,N_sink_mm,0,752,,,,,,,0.2540012300014496,,,
v1grwe46,N_sink_mm,0,753,,,,,,,0.25738829374313354,,,
v1grwe46,N_sink_mm,0,754,,,,,,,0.24192045629024506,,,
v1grwe46,N_sink_mm,0,755,,,,,,,0.2534485161304474,,,
v1grwe46,N_sink_mm,0,756,,,,,,,0.2662091851234436,,,
v1grwe46,N_sink_mm,0,757,,,,,,,0.24662621319293976,,,
v1grwe46,N_sink_mm,0,758,,,,,,,0.23000364005565643,,,
v1grwe46,N_sink_mm,0,759,,,,,,,0.23659268021583557,,,
v1grwe46,N_sink_mm,0,760,,,,,,,0.24331673979759216,,,
v1grwe46,N_sink_mm,0,761,,,,,,,0.23684032261371613,,,
v1grwe46,N_sink_mm,0,762,,,,,,,0.27588239312171936,,,
v1grwe46,N_sink_mm,0,763,,,,,,,0.25190457701683044,,,
v1grwe46,N_sink_mm,0,764,,,,,,,0.26738348603248596,,,
v1grwe46,N_sink_mm,0,765,,,,,,,0.2424720823764801,,,
v1grwe46,N_sink_mm,0,766,,,,,,,0.23725208640098572,,,
v1grwe46,N_sink_mm,0,767,,,,,,,0.2279633730649948,,,
v1grwe46,N_sink_mm,0,768,,,,,,,0.245014950633049,,,
v1grwe46,N_sink_mm,0,769,,,,,,,0.2724103331565857,,,
v1grwe46,N_sink_mm,0,770,,,,,,,0.2564120590686798,,,
v1grwe46,N_sink_mm,0,771,,,,,,,0.2300235629081726,,,
v1grwe46,N_sink_mm,0,772,,,,,,,0.22996316850185394,,,
v1grwe46,N_sink_mm,0,773,,,,,,,0.2797395884990692,,,
v1grwe46,N_sink_mm,0,774,,,,,,,0.2721821069717407,,,
v1grwe46,N_sink_mm,0,775,,,,,,,0.22621853649616241,,,
v1grwe46,N_sink_mm,0,776,,,,,,,0.23471201956272125,,,
v1grwe46,N_sink_mm,0,777,,,,,,,0.24326440691947937,,,
v1grwe46,N_sink_mm,0,778,,,,,,,0.2558179199695587,,,
v1grwe46,N_sink_mm,0,779,,,,,,,0.23633967339992523,,,
v1grwe46,N_sink_mm,0,780,,,,,,,0.28146183490753174,,,
v1grwe46,N_sink_mm,0,781,,,,,,,0.24617017805576324,,,
v1grwe46,N_sink_mm,0,782,,,,,,,0.19857874512672424,,,
v1grwe46,N_sink_mm,0,783,,,,,,,0.23946614563465118,,,
v1grwe46,N_sink_mm,0,784,,,,,,,0.24221304059028625,,,
v1grwe46,N_sink_mm,0,785,,,,,,,0.2981272041797638,,,
v1grwe46,N_sink_mm,0,786,,,,,,,0.2521601915359497,,,
v1grwe46,N_sink_mm,0,787,,,,,,,0.2276594042778015,,,
v1grwe46,N_sink_mm,0,788,,,,,,,0.2364194691181183,,,
v1grwe46,N_sink_mm,0,789,,,,,,,0.24586157500743866,,,
v1grwe46,N_sink_mm,0,790,,,,,,,0.24424712359905243,,,
v1grwe46,N_sink_mm,0,791,,,,,,,0.2542424499988556,,,
v1grwe46,N_sink_mm,0,792,,,,,,,0.24801726639270782,,,
v1grwe46,N_sink_mm,0,793,,,,,,,0.2644405663013458,,,
v1grwe46,N_sink_mm,0,794,,,,,,,0.25919944047927856,,,
v1grwe46,N_sink_mm,0,795,,,,,,,0.22899232804775238,,,
v1grwe46,N_sink_mm,0,796,,,,,,,0.2494397759437561,,,
v1grwe46,N_sink_mm,0,797,,,,,,,0.2215539515018463,,,
v1grwe46,N_sink_mm,0,798,,,,,,,0.24792397022247314,,,
v1grwe46,N_sink_mm,0,799,,,,,,,0.2400081753730774,,,
v1grwe46,N_sink_mm,0,800,,,,,,,0.2618076503276825,,,
v1grwe46,N_sink_mm,0,801,,,,,,,0.2157277911901474,,,
v1grwe46,N_sink_mm,0,802,,,,,,,0.25170013308525085,,,
v1grwe46,N_sink_mm,0,803,,,,,,,0.2601572573184967,,,
v1grwe46,N_sink_mm,0,804,,,,,,,0.2334124594926834,,,
v1grwe46,N_sink_mm,0,805,,,,,,,0.21968752145767212,,,
v1grwe46,N_sink_mm,0,806,,,,,,,0.2485474944114685,,,
v1grwe46,N_sink_mm,0,807,,,,,,,0.25385382771492004,,,
v1grwe46,N_sink_mm,0,808,,,,,,,0.2418200671672821,,,
v1grwe46,N_sink_mm,0,809,,,,,,,0.25541314482688904,,,
v1grwe46,N_sink_mm,0,810,,,,,,,0.2445906698703766,,,
v1grwe46,N_sink_mm,0,811,,,,,,,0.23677760362625122,,,
v1grwe46,N_sink_mm,0,812,,,,,,,0.2296358346939087,,,
v1grwe46,N_sink_mm,0,813,,,,,,,0.24707750976085663,,,
v1grwe46,N_sink_mm,0,814,,,,,,,0.24337108433246613,,,
v1grwe46,N_sink_mm,0,815,,,,,,,0.22550514340400696,,,
v1grwe46,N_sink_mm,0,816,,,,,,,0.24941478669643402,,,
v1grwe46,N_sink_mm,0,817,,,,,,,0.22259339690208435,,,
v1grwe46,N_sink_mm,0,818,,,,,,,0.25866225361824036,,,
v1grwe46,N_sink_mm,0,819,,,,,,,0.2680155336856842,,,
v1grwe46,N_sink_mm,0,820,,,,,,,0.2676883637905121,,,
v1grwe46,N_sink_mm,0,821,,,,,,,0.290199875831604,,,
v1grwe46,N_sink_mm,0,822,,,,,,,0.263959676027298,,,
v1grwe46,N_sink_mm,0,823,,,,,,,0.24287109076976776,,,
v1grwe46,N_sink_mm,0,824,,,,,,,0.21714091300964355,,,
v1grwe46,N_sink_mm,0,825,,,,,,,0.23471613228321075,,,
v1grwe46,N_sink_mm,0,826,,,,,,,0.2521406412124634,,,
v1grwe46,N_sink_mm,0,827,,,,,,,0.27690795063972473,,,
v1grwe46,N_sink_mm,0,828,,,,,,,0.2590799629688263,,,
v1grwe46,N_sink_mm,0,829,,,,,,,0.23153267800807953,,,
v1grwe46,N_sink_mm,0,830,,,,,,,0.24888689815998077,,,
v1grwe46,N_sink_mm,0,831,,,,,,,0.23361462354660034,,,
v1grwe46,N_sink_mm,0,832,,,,,,,0.22887903451919556,,,
v1grwe46,N_sink_mm,0,833,,,,,,,0.22480817139148712,,,
v1grwe46,N_sink_mm,0,834,,,,,,,0.23226964473724365,,,
v1grwe46,N_sink_mm,0,835,,,,,,,0.24917809665203094,,,
v1grwe46,N_sink_mm,0,836,,,,,,,0.28380611538887024,,,
v1grwe46,N_sink_mm,0,837,,,,,,,0.27217280864715576,,,
v1grwe46,N_sink_mm,0,838,,,,,,,0.27983489632606506,,,
v1grwe46,N_sink_mm,0,839,,,,,,,0.2410825937986374,,,
v1grwe46,N_sink_mm,0,840,,,,,,,0.2652871906757355,,,
v1grwe46,N_sink_mm,0,841,,,,,,,0.2318820059299469,,,
v1grwe46,N_sink_mm,0,842,,,,,,,0.2240978628396988,,,
v1grwe46,N_sink_mm,0,843,,,,,,,0.2403077632188797,,,
v1grwe46,N_sink_mm,0,844,,,,,,,0.26240861415863037,,,
v1grwe46,N_sink_mm,0,845,,,,,,,0.2410709112882614,,,
v1grwe46,N_sink_mm,0,846,,,,,,,0.24922142922878265,,,
v1grwe46,N_sink_mm,0,847,,,,,,,0.24321337044239044,,,
v1grwe46,N_sink_mm,0,848,,,,,,,0.21719713509082794,,,
v1grwe46,N_sink_mm,0,849,,,,,,,0.24677671492099762,,,
v1grwe46,N_sink_mm,0,850,,,,,,,0.2568482458591461,,,
v1grwe46,N_sink_mm,0,851,,,,,,,0.22182659804821014,,,
v1grwe46,N_sink_mm,0,852,,,,,,,0.2600318491458893,,,
v1grwe46,N_sink_mm,0,853,,,,,,,0.26435768604278564,,,
v1grwe46,N_sink_mm,0,854,,,,,,,0.2515353858470917,,,
v1grwe46,N_sink_mm,0,855,,,,,,,0.25926801562309265,,,
v1grwe46,N_sink_mm,0,856,,,,,,,0.22526632249355316,,,
v1grwe46,N_sink_mm,0,857,,,,,,,0.2733403742313385,,,
v1grwe46,N_sink_mm,0,858,,,,,,,0.2692243754863739,,,
v1grwe46,N_sink_mm,0,859,,,,,,,0.22102861106395721,,,
v1grwe46,N_sink_mm,0,860,,,,,,,0.23814542591571808,,,
v1grwe46,N_sink_mm,0,861,,,,,,,0.23624204099178314,,,
v1grwe46,N_sink_mm,0,862,,,,,,,0.2704159617424011,,,
v1grwe46,N_sink_mm,0,863,,,,,,,0.23599646985530853,,,
v1grwe46,N_sink_mm,0,864,,,,,,,0.2682816684246063,,,
v1grwe46,N_sink_mm,0,865,,,,,,,0.2290959358215332,,,
v1grwe46,N_sink_mm,0,866,,,,,,,0.24585849046707153,,,
v1grwe46,N_sink_mm,0,867,,,,,,,0.2709732949733734,,,
v1grwe46,N_sink_mm,0,868,,,,,,,0.2462533414363861,,,
v1grwe46,N_sink_mm,0,869,,,,,,,0.22875022888183594,,,
v1grwe46,N_sink_mm,0,870,,,,,,,0.22498707473278046,,,
v1grwe46,N_sink_mm,0,871,,,,,,,0.24217882752418518,,,
v1grwe46,N_sink_mm,0,872,,,,,,,0.21291305124759674,,,
v1grwe46,N_sink_mm,0,873,,,,,,,0.26075103878974915,,,
v1grwe46,N_sink_mm,0,874,,,,,,,0.2467534989118576,,,
v1grwe46,N_sink_mm,0,875,,,,,,,0.259255051612854,,,
v1grwe46,N_sink_mm,0,876,,,,,,,0.24655790627002716,,,
v1grwe46,N_sink_mm,0,877,,,,,,,0.2458743453025818,,,
v1grwe46,N_sink_mm,0,878,,,,,,,0.21468162536621094,,,
v1grwe46,N_sink_mm,0,879,,,,,,,0.21265122294425964,,,
v1grwe46,N_sink_mm,0,880,,,,,,,0.24050995707511902,,,
v1grwe46,N_sink_mm,0,881,,,,,,,0.2302674800157547,,,
v1grwe46,N_sink_mm,0,882,,,,,,,0.26466959714889526,,,
v1grwe46,N_sink_mm,0,883,,,,,,,0.22941900789737701,,,
v1grwe46,N_sink_mm,0,884,,,,,,,0.22231097519397736,,,
v1grwe46,N_sink_mm,0,885,,,,,,,0.23785071074962616,,,
v1grwe46,N_sink_mm,0,886,,,,,,,0.24472346901893616,,,
v1grwe46,N_sink_mm,0,887,,,,,,,0.2671178877353668,,,
v1grwe46,N_sink_mm,0,888,,,,,,,0.23796071112155914,,,
v1grwe46,N_sink_mm,0,889,,,,,,,0.2648613452911377,,,
v1grwe46,N_sink_mm,0,890,,,,,,,0.21909639239311218,,,
v1grwe46,N_sink_mm,0,891,,,,,,,0.23654112219810486,,,
v1grwe46,N_sink_mm,0,892,,,,,,,0.20308513939380646,,,
v1grwe46,N_sink_mm,0,893,,,,,,,0.24214676022529602,,,
v1grwe46,N_sink_mm,0,894,,,,,,,0.2449878305196762,,,
v1grwe46,N_sink_mm,0,895,,,,,,,0.24972930550575256,,,
v1grwe46,N_sink_mm,0,896,,,,,,,0.25568079948425293,,,
v1grwe46,N_sink_mm,0,897,,,,,,,0.20877601206302643,,,
v1grwe46,N_sink_mm,0,898,,,,,,,0.2847137451171875,,,
v1grwe46,N_sink_mm,0,899,,,,,,,0.21118199825286865,,,
v1grwe46,N_sink_mm,0,900,,,,,,,0.2514057159423828,,,
v1grwe46,N_sink_mm,0,901,,,,,,,0.2566695213317871,,,
v1grwe46,N_sink_mm,0,902,,,,,,,0.22766011953353882,,,
v1grwe46,N_sink_mm,0,903,,,,,,,0.22651921212673187,,,
v1grwe46,N_sink_mm,0,904,,,,,,,0.2519690990447998,,,
v1grwe46,N_sink_mm,0,905,,,,,,,0.2382090985774994,,,
v1grwe46,N_sink_mm,0,906,,,,,,,0.2573660612106323,,,
v1grwe46,N_sink_mm,0,907,,,,,,,0.24137556552886963,,,
v1grwe46,N_sink_mm,0,908,,,,,,,0.25907468795776367,,,
v1grwe46,N_sink_mm,0,909,,,,,,,0.25204846262931824,,,
v1grwe46,N_sink_mm,0,910,,,,,,,0.2167002558708191,,,
v1grwe46,N_sink_mm,0,911,,,,,,,0.22662433981895447,,,
v1grwe46,N_sink_mm,0,912,,,,,,,0.22818316519260406,,,
v1grwe46,N_sink_mm,0,913,,,,,,,0.27840912342071533,,,
v1grwe46,N_sink_mm,0,914,,,,,,,0.24293449521064758,,,
v1grwe46,N_sink_mm,0,915,,,,,,,0.22295810282230377,,,
v1grwe46,N_sink_mm,0,916,,,,,,,0.2697320878505707,,,
v1grwe46,N_sink_mm,0,917,,,,,,,0.25612783432006836,,,
v1grwe46,N_sink_mm,0,918,,,,,,,0.22289696335792542,,,
v1grwe46,N_sink_mm,0,919,,,,,,,0.2574845850467682,,,
v1grwe46,N_sink_mm,0,920,,,,,,,0.22916090488433838,,,
v1grwe46,N_sink_mm,0,921,,,,,,,0.21731646358966827,,,
v1grwe46,N_sink_mm,0,922,,,,,,,0.23631635308265686,,,
v1grwe46,N_sink_mm,0,923,,,,,,,0.2154719978570938,,,
v1grwe46,N_sink_mm,0,924,,,,,,,0.23873497545719147,,,
v1grwe46,N_sink_mm,0,925,,,,,,,0.24109503626823425,,,
v1grwe46,N_sink_mm,0,926,,,,,,,0.2518778443336487,,,
v1grwe46,N_sink_mm,0,927,,,,,,,0.2504490315914154,,,
v1grwe46,N_sink_mm,0,928,,,,,,,0.26396122574806213,,,
v1grwe46,N_sink_mm,0,929,,,,,,,0.24304765462875366,,,
v1grwe46,N_sink_mm,0,930,,,,,,,0.23093868792057037,,,
v1grwe46,N_sink_mm,0,931,,,,,,,0.2538590729236603,,,
v1grwe46,N_sink_mm,0,932,,,,,,,0.2709782123565674,,,
v1grwe46,N_sink_mm,0,933,,,,,,,0.2506376802921295,,,
v1grwe46,N_sink_mm,0,934,,,,,,,0.2280643880367279,,,
v1grwe46,N_sink_mm,0,935,,,,,,,0.21994143724441528,,,
v1grwe46,N_sink_mm,0,936,,,,,,,0.2496849000453949,,,
v1grwe46,N_sink_mm,0,937,,,,,,,0.23764969408512115,,,
v1grwe46,N_sink_mm,0,938,,,,,,,0.28152593970298767,,,
v1grwe46,N_sink_mm,0,939,,,,,,,0.23049111664295197,,,
v1grwe46,N_sink_mm,0,940,,,,,,,0.25002381205558777,,,
v1grwe46,N_sink_mm,0,941,,,,,,,0.2690483033657074,,,
v1grwe46,N_sink_mm,0,942,,,,,,,0.21700382232666016,,,
v1grwe46,N_sink_mm,0,943,,,,,,,0.22348225116729736,,,
v1grwe46,N_sink_mm,0,944,,,,,,,0.23999793827533722,,,
v1grwe46,N_sink_mm,0,945,,,,,,,0.25781893730163574,,,
v1grwe46,N_sink_mm,0,946,,,,,,,0.2531612813472748,,,
v1grwe46,N_sink_mm,0,947,,,,,,,0.23343616724014282,,,
v1grwe46,N_sink_mm,0,948,,,,,,,0.254972368478775,,,
v1grwe46,N_sink_mm,0,949,,,,,,,0.24998733401298523,,,
v1grwe46,N_sink_mm,0,950,,,,,,,0.24048182368278503,,,
v1grwe46,N_sink_mm,0,951,,,,,,,0.2566848695278168,,,
v1grwe46,N_sink_mm,0,952,,,,,,,0.23934566974639893,,,
v1grwe46,N_sink_mm,0,953,,,,,,,0.25241878628730774,,,
v1grwe46,N_sink_mm,0,954,,,,,,,0.2383241206407547,,,
v1grwe46,N_sink_mm,0,955,,,,,,,0.23529936373233795,,,
v1grwe46,N_sink_mm,0,956,,,,,,,0.2242313176393509,,,
v1grwe46,N_sink_mm,0,957,,,,,,,0.2446245551109314,,,
v1grwe46,N_sink_mm,0,958,,,,,,,0.2412426620721817,,,
v1grwe46,N_sink_mm,0,959,,,,,,,0.2540816366672516,,,
v1grwe46,N_sink_mm,0,960,,,,,,,0.2687382698059082,,,
v1grwe46,N_sink_mm,0,961,,,,,,,0.23525962233543396,,,
v1grwe46,N_sink_mm,0,962,,,,,,,0.25288042426109314,,,
v1grwe46,N_sink_mm,0,963,,,,,,,0.2468203604221344,,,
v1grwe46,N_sink_mm,0,964,,,,,,,0.21564707159996033,,,
v1grwe46,N_sink_mm,0,965,,,,,,,0.22831611335277557,,,
v1grwe46,N_sink_mm,0,966,,,,,,,0.22921116650104523,,,
v1grwe46,N_sink_mm,0,967,,,,,,,0.2293173223733902,,,
v1grwe46,N_sink_mm,0,968,,,,,,,0.2873116433620453,,,
v1grwe46,N_sink_mm,0,969,,,,,,,0.23253986239433289,,,
v1grwe46,N_sink_mm,0,970,,,,,,,0.26329895853996277,,,
v1grwe46,N_sink_mm,0,971,,,,,,,0.24922335147857666,,,
v1grwe46,N_sink_mm,0,972,,,,,,,0.2261192947626114,,,
v1grwe46,N_sink_mm,0,973,,,,,,,0.27303749322891235,,,
v1grwe46,N_sink_mm,0,974,,,,,,,0.24202410876750946,,,
v1grwe46,N_sink_mm,0,975,,,,,,,0.22214382886886597,,,
v1grwe46,N_sink_mm,0,976,,,,,,,0.26535212993621826,,,
v1grwe46,N_sink_mm,0,977,,,,,,,0.2431163489818573,,,
v1grwe46,N_sink_mm,0,978,,,,,,,0.2359878569841385,,,
v1grwe46,N_sink_mm,0,979,,,,,,,0.2379881888628006,,,
v1grwe46,N_sink_mm,0,980,,,,,,,0.23009788990020752,,,
v1grwe46,N_sink_mm,0,981,,,,,,,0.23364906013011932,,,
v1grwe46,N_sink_mm,0,982,,,,,,,0.24515804648399353,,,
v1grwe46,N_sink_mm,0,983,,,,,,,0.2421858012676239,,,
v1grwe46,N_sink_mm,0,984,,,,,,,0.23562870919704437,,,
v1grwe46,N_sink_mm,0,985,,,,,,,0.23931562900543213,,,
v1grwe46,N_sink_mm,0,986,,,,,,,0.26295310258865356,,,
v1grwe46,N_sink_mm,0,987,,,,,,,0.2538474500179291,,,
v1grwe46,N_sink_mm,0,988,,,,,,,0.22296683490276337,,,
v1grwe46,N_sink_mm,0,989,,,,,,,0.2291591912508011,,,
v1grwe46,N_sink_mm,0,990,,,,,,,0.26475608348846436,,,
v1grwe46,N_sink_mm,0,991,,,,,,,0.24138499796390533,,,
v1grwe46,N_sink_mm,0,992,,,,,,,0.2520095705986023,,,
v1grwe46,N_sink_mm,0,993,,,,,,,0.2313939779996872,,,
v1grwe46,N_sink_mm,0,994,,,,,,,0.2467857152223587,,,
v1grwe46,N_sink_mm,0,995,,,,,,,0.22107462584972382,,,
v1grwe46,N_sink_mm,0,996,,,,,,,0.21557021141052246,,,
v1grwe46,N_sink_mm,0,997,,,,,,,0.23088406026363373,,,
v1grwe46,N_sink_mm,0,998,,,,,,,0.24705925583839417,,,
v1grwe46,N_sink_mm,0,999,,,,,,,0.26265037059783936,,,
v1grwe46,N_sink_mm,0,1000,,,,,,,0.24155199527740479,,,
v1grwe46,N_sink_mm,0,1001,,,,,,,0.23383106291294098,,,
v1grwe46,N_sink_mm,0,1002,,,,,,,0.2612212300300598,,,
v1grwe46,N_sink_mm,0,1003,,,,,,,0.26544761657714844,,,
v1grwe46,N_sink_mm,0,1004,,,,,,,0.22872857749462128,,,
v1grwe46,N_sink_mm,0,1005,,,,,,,0.23265676200389862,,,
v1grwe46,N_sink_mm,0,1006,,,,,,,0.2974320650100708,,,
v1grwe46,N_sink_mm,0,1007,,,,,,,0.217336505651474,,,
v1grwe46,N_sink_mm,0,1008,,,,,,,0.2425406277179718,,,
v1grwe46,N_sink_mm,0,1009,,,,,,,0.22148610651493073,,,
v1grwe46,N_sink_mm,0,1010,,,,,,,0.23501606285572052,,,
v1grwe46,N_sink_mm,0,1011,,,,,,,0.2733626365661621,,,
v1grwe46,N_sink_mm,0,1012,,,,,,,0.25898343324661255,,,
v1grwe46,N_sink_mm,0,1013,,,,,,,0.2470070719718933,,,
v1grwe46,N_sink_mm,0,1014,,,,,,,0.2178938239812851,,,
v1grwe46,N_sink_mm,0,1015,,,,,,,0.27737364172935486,,,
v1grwe46,N_sink_mm,0,1016,,,,,,,0.23270508646965027,,,
v1grwe46,N_sink_mm,0,1017,,,,,,,0.2448272407054901,,,
v1grwe46,N_sink_mm,0,1018,,,,,,,0.22259747982025146,,,
v1grwe46,N_sink_mm,0,1019,,,,,,,0.2173214852809906,,,
v1grwe46,N_sink_mm,0,1020,,,,,,,0.21898633241653442,,,
v1grwe46,N_sink_mm,0,1021,,,,,,,0.25311151146888733,,,
v1grwe46,N_sink_mm,0,1022,,,,,,,0.2452739179134369,,,
v1grwe46,N_sink_mm,0,1023,,,,,,,0.2691590189933777,,,
v1grwe46,N_sink_mm,0,1024,,,,,,,0.24842430651187897,,,
v1grwe46,N_sink_mm,0,1025,,,,,,,0.23400796949863434,,,
v1grwe46,N_sink_mm,0,1026,,,,,,,0.2594316601753235,,,
v1grwe46,N_sink_mm,0,1027,,,,,,,0.2311931699514389,,,
v1grwe46,N_sink_mm,0,1028,,,,,,,0.22000885009765625,,,
v1grwe46,N_sink_mm,0,1029,,,,,,,0.2249584197998047,,,
v1grwe46,N_sink_mm,0,1030,,,,,,,0.24105006456375122,,,
v1grwe46,N_sink_mm,0,1031,,,,,,,0.23854868113994598,,,
v1grwe46,N_sink_mm,0,1032,,,,,,,0.24338114261627197,,,
v1grwe46,N_sink_mm,0,1033,,,,,,,0.20403441786766052,,,
v1grwe46,N_sink_mm,0,1034,,,,,,,0.24883127212524414,,,
v1grwe46,N_sink_mm,0,1035,,,,,,,0.26857078075408936,,,
v1grwe46,N_sink_mm,0,1036,,,,,,,0.2560199499130249,,,
v1grwe46,N_sink_mm,0,1037,,,,,,,0.20350441336631775,,,
v1grwe46,N_sink_mm,0,1038,,,,,,,0.2341599017381668,,,
v1grwe46,N_sink_mm,0,1039,,,,,,,0.2455093413591385,,,
v1grwe46,N_sink_mm,0,1040,,,,,,,0.24597808718681335,,,
v1grwe46,N_sink_mm,0,1041,,,,,,,0.22427566349506378,,,
v1grwe46,N_sink_mm,0,1042,,,,,,,0.2664127051830292,,,
v1grwe46,N_sink_mm,0,1043,,,,,,,0.2071867734193802,,,
v1grwe46,N_sink_mm,0,1044,,,,,,,0.21593794226646423,,,
v1grwe46,N_sink_mm,0,1045,,,,,,,0.21227456629276276,,,
v1grwe46,N_sink_mm,0,1046,,,,,,,0.2576292157173157,,,
v1grwe46,N_sink_mm,0,1047,,,,,,,0.24690984189510345,,,
v1grwe46,N_sink_mm,0,1048,,,,,,,0.21906809508800507,,,
v1grwe46,N_sink_mm,0,1049,,,,,,,0.25066953897476196,,,
v1grwe46,N_sink_mm,0,1050,,,,,,,0.2446407824754715,,,
v1grwe46,N_sink_mm,0,1051,,,,,,,0.23921389877796173,,,
v1grwe46,N_sink_mm,0,1052,,,,,,,0.24001996219158173,,,
v1grwe46,N_sink_mm,0,1053,,,,,,,0.25286003947257996,,,
v1grwe46,N_sink_mm,0,1054,,,,,,,0.23630185425281525,,,
v1grwe46,N_sink_mm,0,1055,,,,,,,0.2546703517436981,,,
v1grwe46,N_sink_mm,0,1056,,,,,,,0.23201879858970642,,,
v1grwe46,N_sink_mm,0,1057,,,,,,,0.26912254095077515,,,
v1grwe46,N_sink_mm,0,1058,,,,,,,0.2245677411556244,,,
v1grwe46,N_sink_mm,0,1059,,,,,,,0.22700606286525726,,,
v1grwe46,N_sink_mm,0,1060,,,,,,,0.23027589917182922,,,
v1grwe46,N_sink_mm,0,1061,,,,,,,0.23254244029521942,,,
v1grwe46,N_sink_mm,0,1062,,,,,,,0.2646467983722687,,,
v1grwe46,N_sink_mm,0,1063,,,,,,,0.2595568597316742,,,
v1grwe46,N_sink_mm,0,1064,,,,,,,0.21587592363357544,,,
v1grwe46,N_sink_mm,0,1065,,,,,,,0.2630849778652191,,,
v1grwe46,N_sink_mm,0,1066,,,,,,,0.27928048372268677,,,
v1grwe46,N_sink_mm,0,1067,,,,,,,0.27518075704574585,,,
v1grwe46,N_sink_mm,0,1068,,,,,,,0.23108601570129395,,,
v1grwe46,N_sink_mm,0,1069,,,,,,,0.2472582757472992,,,
v1grwe46,N_sink_mm,0,1070,,,,,,,0.24618111550807953,,,
v1grwe46,N_sink_mm,0,1071,,,,,,,0.2721449136734009,,,
v1grwe46,N_sink_mm,0,1072,,,,,,,0.23200199007987976,,,
v1grwe46,N_sink_mm,0,1073,,,,,,,0.26676157116889954,,,
v1grwe46,N_sink_mm,0,1074,,,,,,,0.25408244132995605,,,
v1grwe46,N_sink_mm,0,1075,,,,,,,0.22268319129943848,,,
v1grwe46,N_sink_mm,0,1076,,,,,,,0.23857299983501434,,,
v1grwe46,N_sink_mm,0,1077,,,,,,,0.23175691068172455,,,
v1grwe46,N_sink_mm,0,1078,,,,,,,0.21649540960788727,,,
v1grwe46,N_sink_mm,0,1079,,,,,,,0.22439515590667725,,,
v1grwe46,N_sink_mm,0,1080,,,,,,,0.22982659935951233,,,
v1grwe46,N_sink_mm,0,1081,,,,,,,0.23492029309272766,,,
v1grwe46,N_sink_mm,0,1082,,,,,,,0.24554580450057983,,,
v1grwe46,N_sink_mm,0,1083,,,,,,,0.23876355588436127,,,
v1grwe46,N_sink_mm,0,1084,,,,,,,0.2194240540266037,,,
v1grwe46,N_sink_mm,0,1085,,,,,,,0.27813875675201416,,,
v1grwe46,N_sink_mm,0,1086,,,,,,,0.22765551507472992,,,
v1grwe46,N_sink_mm,0,1087,,,,,,,0.2486315667629242,,,
v1grwe46,N_sink_mm,0,1088,,,,,,,0.2259310483932495,,,
v1grwe46,N_sink_mm,0,1089,,,,,,,0.24287015199661255,,,
v1grwe46,N_sink_mm,0,1090,,,,,,,0.2694491744041443,,,
v1grwe46,N_sink_mm,0,1091,,,,,,,0.2497621327638626,,,
v1grwe46,N_sink_mm,0,1092,,,,,,,0.27280962467193604,,,
v1grwe46,N_sink_mm,0,1093,,,,,,,0.2267235517501831,,,
v1grwe46,N_sink_mm,0,1094,,,,,,,0.28055068850517273,,,
v1grwe46,N_sink_mm,0,1095,,,,,,,0.2263711541891098,,,
v1grwe46,N_sink_mm,0,1096,,,,,,,0.23795676231384277,,,
v1grwe46,N_sink_mm,0,1097,,,,,,,0.2384096086025238,,,
v1grwe46,N_sink_mm,0,1098,,,,,,,0.27219176292419434,,,
v1grwe46,N_sink_mm,0,1099,,,,,,,0.24011436104774475,,,
v1grwe46,N_sink_mm,0,1100,,,,,,,0.23365648090839386,,,
v1grwe46,N_sink_mm,0,1101,,,,,,,0.25375595688819885,,,
v1grwe46,N_sink_mm,0,1102,,,,,,,0.22792741656303406,,,
v1grwe46,N_sink_mm,0,1103,,,,,,,0.2337852418422699,,,
v1grwe46,N_sink_mm,0,1104,,,,,,,0.23695723712444305,,,
v1grwe46,N_sink_mm,0,1105,,,,,,,0.26622474193573,,,
v1grwe46,N_sink_mm,0,1106,,,,,,,0.2499018758535385,,,
v1grwe46,N_sink_mm,0,1107,,,,,,,0.2367885410785675,,,
v1grwe46,N_sink_mm,0,1108,,,,,,,0.23288215696811676,,,
v1grwe46,N_sink_mm,0,1109,,,,,,,0.23684346675872803,,,
v1grwe46,N_sink_mm,0,1110,,,,,,,0.25886598229408264,,,
v1grwe46,N_sink_mm,0,1111,,,,,,,0.2363857626914978,,,
v1grwe46,N_sink_mm,0,1112,,,,,,,0.24161353707313538,,,
v1grwe46,N_sink_mm,0,1113,,,,,,,0.21847359836101532,,,
v1grwe46,N_sink_mm,0,1114,,,,,,,0.24626319110393524,,,
v1grwe46,N_sink_mm,0,1115,,,,,,,0.23793697357177734,,,
v1grwe46,N_sink_mm,0,1116,,,,,,,0.2926085293292999,,,
v1grwe46,N_sink_mm,0,1117,,,,,,,0.2391020953655243,,,
v1grwe46,N_sink_mm,0,1118,,,,,,,0.23252178728580475,,,
v1grwe46,N_sink_mm,0,1119,,,,,,,0.2508923411369324,,,
v1grwe46,N_sink_mm,0,1120,,,,,,,0.22654332220554352,,,
v1grwe46,N_sink_mm,0,1121,,,,,,,0.2545381188392639,,,
v1grwe46,N_sink_mm,0,1122,,,,,,,0.2365400344133377,,,
v1grwe46,N_sink_mm,0,1123,,,,,,,0.23756232857704163,,,
v1grwe46,N_sink_mm,0,1124,,,,,,,0.2384221851825714,,,
v1grwe46,N_sink_mm,0,1125,,,,,,,0.23151135444641113,,,
v1grwe46,N_sink_mm,0,1126,,,,,,,0.22593364119529724,,,
v1grwe46,N_sink_mm,0,1127,,,,,,,0.21366240084171295,,,
v1grwe46,N_sink_mm,0,1128,,,,,,,0.25827381014823914,,,
v1grwe46,N_sink_mm,0,1129,,,,,,,0.2464800924062729,,,
v1grwe46,N_sink_mm,0,1130,,,,,,,0.22275562584400177,,,
v1grwe46,N_sink_mm,0,1131,,,,,,,0.26903852820396423,,,
v1grwe46,N_sink_mm,0,1132,,,,,,,0.2540050745010376,,,
v1grwe46,N_sink_mm,0,1133,,,,,,,0.23191869258880615,,,
v1grwe46,N_sink_mm,0,1134,,,,,,,0.23257604241371155,,,
v1grwe46,N_sink_mm,0,1135,,,,,,,0.23724715411663055,,,
v1grwe46,N_sink_mm,0,1136,,,,,,,0.24762287735939026,,,
v1grwe46,N_sink_mm,0,1137,,,,,,,0.24171999096870422,,,
v1grwe46,N_sink_mm,0,1138,,,,,,,0.25432151556015015,,,
v1grwe46,N_sink_mm,0,1139,,,,,,,0.25625333189964294,,,
v1grwe46,N_sink_mm,0,1140,,,,,,,0.23326563835144043,,,
v1grwe46,N_sink_mm,0,1141,,,,,,,0.22043533623218536,,,
v1grwe46,N_sink_mm,0,1142,,,,,,,0.27829310297966003,,,
v1grwe46,N_sink_mm,0,1143,,,,,,,0.2330041527748108,,,
v1grwe46,N_sink_mm,0,1144,,,,,,,0.252409428358078,,,
v1grwe46,N_sink_mm,0,1145,,,,,,,0.24953165650367737,,,
v1grwe46,N_sink_mm,0,1146,,,,,,,0.21914000809192657,,,
v1grwe46,N_sink_mm,0,1147,,,,,,,0.27480581402778625,,,
v1grwe46,N_sink_mm,0,1148,,,,,,,0.2240867018699646,,,
v1grwe46,N_sink_mm,0,1149,,,,,,,0.26843249797821045,,,
v1grwe46,N_sink_mm,0,1150,,,,,,,0.26160725951194763,,,
v1grwe46,N_sink_mm,0,1151,,,,,,,0.2253030389547348,,,
v1grwe46,N_sink_mm,0,1152,,,,,,,0.25675150752067566,,,
v1grwe46,N_sink_mm,0,1153,,,,,,,0.23186913132667542,,,
v1grwe46,N_sink_mm,0,1154,,,,,,,0.2309318333864212,,,
v1grwe46,N_sink_mm,0,1155,,,,,,,0.2544938623905182,,,
v1grwe46,N_sink_mm,0,1156,,,,,,,0.2297263741493225,,,
v1grwe46,N_sink_mm,0,1157,,,,,,,0.24517863988876343,,,
v1grwe46,N_sink_mm,0,1158,,,,,,,0.23213495314121246,,,
v1grwe46,N_sink_mm,0,1159,,,,,,,0.2467048466205597,,,
v1grwe46,N_sink_mm,0,1160,,,,,,,0.27415037155151367,,,
v1grwe46,N_sink_mm,0,1161,,,,,,,0.2407851666212082,,,
v1grwe46,N_sink_mm,0,1162,,,,,,,0.257895290851593,,,
v1grwe46,N_sink_mm,0,1163,,,,,,,0.26253536343574524,,,
v1grwe46,N_sink_mm,0,1164,,,,,,,0.20589594542980194,,,
v1grwe46,N_sink_mm,0,1165,,,,,,,0.23212280869483948,,,
v1grwe46,N_sink_mm,0,1166,,,,,,,0.22303186357021332,,,
v1grwe46,N_sink_mm,0,1167,,,,,,,0.23189744353294373,,,
v1grwe46,N_sink_mm,0,1168,,,,,,,0.23671308159828186,,,
v1grwe46,N_sink_mm,0,1169,,,,,,,0.27650186419487,,,
v1grwe46,N_sink_mm,0,1170,,,,,,,0.23080284893512726,,,
kyvkrjcb,N_sink_mm,1,0,0.04212532937526703,0.04212532937526703,-0.0017838027561083436,0.26584792137145996,0.005724525079131126,-0.0004023664223495871,0.2787385880947113,0.09248030930757523,0.009248031303286552,0.005163522902876139
kyvkrjcb,N_sink_mm,1,1,0.042213935405015945,0.042213935405015945,-0.0003039844741579145,0.2656312584877014,0.005592422094196081,-0.00027152951224707067,0.2553209364414215,0.033817943185567856,0.003381794784218073,0.007695767562836409
kyvkrjcb,N_sink_mm,1,2,0.04244116321206093,0.04244116321206093,-0.00022333899687509984,0.2658900022506714,0.00526640098541975,0.002125411294400692,0.26544103026390076,0.0316988006234169,0.0031698800157755613,0.00952799804508686
kyvkrjcb,N_sink_mm,1,3,0.041649654507637024,0.041649654507637024,0.001932326122187078,0.26586881279945374,0.005613349843770266,-0.002551088575273752,0.2514934837818146,0.031913988292217255,0.0031913991551846266,0.010869128629565239
kyvkrjcb,N_sink_mm,1,4,0.04155061021447182,0.04155061021447182,0.0023166178725659847,0.2656633257865906,0.005430800840258598,0.0011406056582927704,0.27548664808273315,0.03433094173669815,0.0034330938942730427,0.011872918345034122
kyvkrjcb,N_sink_mm,1,5,0.041214969009160995,0.041214969009160995,0.004351073410362005,0.26589858531951904,0.004183145705610514,-0.0004080449871253222,0.23458877205848694,0.02717856504023075,0.00271785631775856,0.012788182124495506
kyvkrjcb,N_sink_mm,1,6,0.041014838963747025,0.041014838963747025,0.003656206652522087,0.26560282707214355,0.00439339829608798,0.0005556741962209344,0.25224363803863525,0.026289978995919228,0.0026289974339306355,0.013666719198226929
kyvkrjcb,N_sink_mm,1,7,0.04055323079228401,0.04055323079228401,0.003704339498654008,0.26590868830680847,0.004409361630678177,0.004838781431317329,0.2845343053340912,0.02917429804801941,0.0029174289666116238,0.014498068019747734
kyvkrjcb,N_sink_mm,1,8,0.041554320603609085,0.041554320603609085,0.0038574382197111845,0.2656824290752411,0.004416964016854763,0.004268934018909931,0.2677845358848572,0.025828320533037186,0.0025828322395682335,0.015141415409743786
kyvkrjcb,N_sink_mm,1,9,0.04128562659025192,0.04128562659025192,0.003281041979789734,0.2659052610397339,0.004304966889321804,-0.002791673643514514,0.21920867264270782,0.029318828135728836,0.0029318826273083687,0.015868712216615677
kyvkrjcb,N_sink_mm,1,10,0.04111456125974655,0.04111456125974655,0.0026815454475581646,0.26582401990890503,0.004201054107397795,0.004060227423906326,0.25175246596336365,0.029997652396559715,0.002999765332788229,0.01600569672882557
kyvkrjcb,N_sink_mm,1,11,0.04093562439084053,0.04093562439084053,0.0026224697940051556,0.2656297981739044,0.004289732780307531,0.003484811168164015,0.21178407967090607,0.025428999215364456,0.0025428994558751583,0.016106974333524704
kyvkrjcb,N_sink_mm,1,12,0.04072832688689232,0.04072832688689232,0.0032670344226062298,0.2656407356262207,0.004411421250551939,0.0008505451842211187,0.2286309003829956,0.026931267231702805,0.0026931269094347954,0.016309397295117378
kyvkrjcb,N_sink_mm,1,13,0.03962758928537369,0.03962758928537369,0.003690979676321149,0.2655074894428253,0.004214887972921133,0.0008868989534676075,0.33040913939476013,0.025810236111283302,0.0025810240767896175,0.016331303864717484
kyvkrjcb,N_sink_mm,1,14,0.03879248723387718,0.03879248723387718,0.0036272036377340555,0.26578208804130554,0.0037802858278155327,0.003267379943281412,0.20755882561206818,0.023677853867411613,0.0023677849676460028,0.017309807240962982
kyvkrjcb,N_sink_mm,1,15,0.03880968689918518,0.03880968689918518,0.0007269433699548244,0.2659742534160614,0.003635554341599345,0.0012376579688861966,0.2628287971019745,0.03087569773197174,0.0030875697266310453,0.017404094338417053
kyvkrjcb,N_sink_mm,1,16,0.037031546235084534,0.037031546235084534,0.0035828135441988707,0.2654109597206116,0.003515767864882946,0.006038741208612919,0.25439462065696716,0.022047411650419235,0.0022047406528145075,0.01752632111310959
kyvkrjcb,N_sink_mm,1,17,0.033875733613967896,0.033875733613967896,0.0012304948177188635,0.26553741097450256,0.003910589963197708,2.635562304931227e-05,0.21098366379737854,0.020844360813498497,0.002084436360746622,0.017241407185792923
kyvkrjcb,N_sink_mm,1,18,0.027616428211331367,0.027616428211331367,0.003469278570264578,0.2655351758003235,0.004010587465018034,-0.0002683880738914013,0.2740384340286255,0.021434973925352097,0.0021434978116303682,0.01755704917013645
kyvkrjcb,N_sink_mm,1,19,0.03559144213795662,0.03559144213795662,0.006819731555879116,0.2657390832901001,0.00360889476723969,0.0012966926442459226,0.293975830078125,0.03378979489207268,0.0033789791632443666,0.017703957855701447
kyvkrjcb,N_sink_mm,1,20,0.03425394743680954,0.03425394743680954,0.00301345344632864,0.26558148860931396,0.0033710882999002934,0.005823586601763964,0.253631055355072,0.028829479590058327,0.002882947912439704,0.018450599163770676
kyvkrjcb,N_sink_mm,1,21,0.032702069729566574,0.032702069729566574,0.005761779844760895,0.26548346877098083,0.0034760881680995226,-0.0020610098727047443,0.23699016869068146,0.022318828850984573,0.00223188241943717,0.018036633729934692
kyvkrjcb,N_sink_mm,1,22,0.035835083574056625,0.035835083574056625,0.006559436675161123,0.2656151354312897,0.003180956933647394,0.0007978880894370377,0.22823068499565125,0.022661341354250908,0.0022661343682557344,0.017774458974599838
kyvkrjcb,N_sink_mm,1,23,0.035256993025541306,0.035256993025541306,0.007467577699571848,0.26520082354545593,0.0035145662259310484,0.00038436989416368306,0.26303935050964355,0.02278081513941288,0.0022780816070735455,0.017686966806650162
kyvkrjcb,N_sink_mm,1,24,0.0370299406349659,0.0370299406349659,0.00840652547776699,0.2653239369392395,0.0034755344968289137,0.005647257436066866,0.3200971186161041,0.028721194714307785,0.0028721196576952934,0.018440918996930122
kyvkrjcb,N_sink_mm,1,25,0.03528306633234024,0.03528306633234024,0.00963169988244772,0.265281617641449,0.003302374156191945,0.0024730509612709284,0.2368832677602768,0.021592436358332634,0.002159242983907461,0.018577149137854576
kyvkrjcb,N_sink_mm,1,26,0.044900666922330856,0.044900666922330856,0.006530319806188345,0.26516351103782654,0.0037268362939357758,-5.740928372688359e-06,0.2886221706867218,0.02335139736533165,0.0023351400159299374,0.019323913380503654
kyvkrjcb,N_sink_mm,1,27,0.030034944415092468,0.030034944415092468,0.010847136378288269,0.26537054777145386,0.004717773292213678,0.0017367934342473745,0.2610630393028259,0.02760503627359867,0.0027605032082647085,0.01924932189285755
kyvkrjcb,N_sink_mm,1,28,0.0324350968003273,0.0324350968003273,0.011743605136871338,0.26488879323005676,0.0036911494098603725,-0.001073297462426126,0.2315727025270462,0.025355616584420204,0.002535561565309763,0.018882079049944878
kyvkrjcb,N_sink_mm,1,29,0.03203621134161949,0.03203621134161949,0.011097441427409649,0.26471102237701416,0.00511595606803894,0.0034569199196994305,0.2661252021789551,0.02862810529768467,0.0028628099244087934,0.01918688602745533
kyvkrjcb,N_sink_mm,1,30,0.044730789959430695,0.044730789959430695,0.007167352829128504,0.2650150954723358,0.006952122785151005,0.0009204040979966521,0.2915366291999817,0.02378685399889946,0.0023786849342286587,0.019123872742056847
kyvkrjcb,N_sink_mm,1,31,0.031646665185689926,0.031646665185689926,0.011780990287661552,0.2654115855693817,0.0059746732003986835,-0.0006373428623192012,0.20300374925136566,0.02296740934252739,0.0022967413533478975,0.01998482085764408
kyvkrjcb,N_sink_mm,1,32,0.041684430092573166,0.041684430092573166,0.01171734556555748,0.2646738290786743,0.0070664784871041775,0.005080445669591427,0.2527962923049927,0.023417914286255836,0.002341791521757841,0.019917918369174004
kyvkrjcb,N_sink_mm,1,33,0.04171498492360115,0.04171498492360115,0.012616845779120922,0.26488062739372253,0.0050090616568923,0.0026826343964785337,0.24996311962604523,0.028314996510744095,0.002831498859450221,0.020436961203813553
kyvkrjcb,N_sink_mm,1,34,0.03631434589624405,0.03631434589624405,0.011763186194002628,0.26476791501045227,0.007656221278011799,-0.0002642867329996079,0.2661239504814148,0.027615826576948166,0.002761582378298044,0.02053941786289215
kyvkrjcb,N_sink_mm,1,35,0.04701539874076843,0.04701539874076843,0.011296279728412628,0.264620840549469,0.017777524888515472,0.00944722630083561,0.2133485972881317,0.02113812230527401,0.0021138128358870745,0.020575324073433876
kyvkrjcb,N_sink_mm,1,36,0.0446968749165535,0.0446968749165535,0.010418982245028019,0.2649196684360504,0.012359051033854485,0.008160286583006382,0.28007248044013977,0.030221719294786453,0.003022172022610903,0.020438188686966896
kyvkrjcb,N_sink_mm,1,37,0.03978538140654564,0.03978538140654564,0.010624278336763382,0.2648727297782898,0.014215903356671333,0.008580145426094532,0.2530336380004883,0.0262281596660614,0.0026228155475109816,0.02079472318291664
kyvkrjcb,N_sink_mm,1,38,0.040507227182388306,0.040507227182388306,0.014824910089373589,0.2646934688091278,0.011033005081117153,0.01903502270579338,0.2630515992641449,0.026011157780885696,0.002601115731522441,0.020294977352023125
kyvkrjcb,N_sink_mm,1,39,0.0353841595351696,0.0353841595351696,0.011776575818657875,0.2648358941078186,0.017594557255506516,0.026367904618382454,0.36432090401649475,0.027867037802934647,0.002786703873425722,0.02014673873782158
kyvkrjcb,N_sink_mm,1,40,0.045130934566259384,0.045130934566259384,0.010613709688186646,0.2643429636955261,0.02056792564690113,0.028391055762767792,0.27719298005104065,0.024943958967924118,0.0024943952448666096,0.02113683894276619
kyvkrjcb,N_sink_mm,1,41,0.03920524939894676,0.03920524939894676,0.012954317964613438,0.2645297050476074,0.037168484181165695,0.04169471561908722,0.29099032282829285,0.02597770094871521,0.002597769955173135,0.02089225873351097
kyvkrjcb,N_sink_mm,1,42,0.04760335758328438,0.04760335758328438,0.014308362267911434,0.2641098201274872,0.024738822132349014,0.02643255889415741,0.25300225615501404,0.030262921005487442,0.0030262917280197144,0.021269673481583595
kyvkrjcb,N_sink_mm,1,43,0.03815227374434471,0.03815227374434471,0.012261652387678623,0.264784038066864,0.024223441258072853,0.034384239464998245,0.2350015938282013,0.028304699808359146,0.0028304699808359146,0.021838422864675522
kyvkrjcb,N_sink_mm,1,44,0.040271081030368805,0.040271081030368805,0.012322462163865566,0.264220267534256,0.03480585291981697,0.0393168106675148,0.2461070567369461,0.028886372223496437,0.002888637827709317,0.021586520597338676
kyvkrjcb,N_sink_mm,1,45,0.03939107432961464,0.03939107432961464,0.015081587247550488,0.2642698884010315,0.039646442979574203,0.05405326187610626,0.28824159502983093,0.02458774670958519,0.0024587742518633604,0.02131417766213417
kyvkrjcb,N_sink_mm,1,46,0.03323351964354515,0.03323351964354515,0.012817811220884323,0.26445838809013367,0.0507514588534832,0.047693606466054916,0.26324397325515747,0.03269331529736519,0.003269331529736519,0.021316584199666977
kyvkrjcb,N_sink_mm,1,47,0.034909676760435104,0.034909676760435104,0.013500949367880821,0.2643376290798187,0.045061636716127396,0.05701663717627525,0.3111054003238678,0.03162092715501785,0.0031620929948985577,0.0217666607350111
kyvkrjcb,N_sink_mm,1,48,0.030747588723897934,0.030747588723897934,0.013824020512402058,0.26429128646850586,0.041842956095933914,0.045893143862485886,0.23926588892936707,0.025442462414503098,0.0025442461483180523,0.022353269159793854
kyvkrjcb,N_sink_mm,1,49,0.030946170911192894,0.030946170911192894,0.013113738968968391,0.2644045650959015,0.053401920944452286,0.046334899961948395,0.24780796468257904,0.032256755977869034,0.0032256762497127056,0.021845456212759018
kyvkrjcb,N_sink_mm,1,50,0.03598008677363396,0.03598008677363396,0.012980653904378414,0.2642146348953247,0.0429680272936821,0.060776401311159134,0.2898351848125458,0.02978619374334812,0.0029786196537315845,0.0221082903444767
kyvkrjcb,N_sink_mm,1,51,0.02703489363193512,0.02703489363193512,0.01645692065358162,0.2643715739250183,0.052983660250902176,0.05694039538502693,0.2305271476507187,0.031620047986507416,0.003162004053592682,0.022106651216745377
kyvkrjcb,N_sink_mm,1,52,0.03519885987043381,0.03519885987043381,0.01535413134843111,0.26412340998649597,0.06052876636385918,0.06202162057161331,0.2538760304450989,0.02832920476794243,0.0028329205233603716,0.022653426975011826
kyvkrjcb,N_sink_mm,1,53,0.03447261452674866,0.03447261452674866,0.01572434790432453,0.2640368938446045,0.03969448804855347,0.06799663603305817,0.25556400418281555,0.03173360601067543,0.003173359204083681,0.023307977244257927
kyvkrjcb,N_sink_mm,1,54,0.030582807958126068,0.030582807958126068,0.015307961963117123,0.26432859897613525,0.0390748456120491,0.0725821703672409,0.25192567706108093,0.03288807347416878,0.0032888068817555904,0.023696228861808777
kyvkrjcb,N_sink_mm,1,55,0.02531943842768669,0.02531943842768669,0.019025703892111778,0.2642427086830139,0.05617937073111534,0.0672692358493805,0.21702052652835846,0.02807929553091526,0.0028079289477318525,0.023751113563776016
kyvkrjcb,N_sink_mm,1,56,0.028776466846466064,0.028776466846466064,0.01819930225610733,0.26408252120018005,0.06310194730758667,0.07473180443048477,0.23279525339603424,0.0304192453622818,0.0030419244430959225,0.0240322295576334
kyvkrjcb,N_sink_mm,1,57,0.02958070859313011,0.02958070859313011,0.016041146591305733,0.2653054893016815,0.0783328041434288,0.08335720747709274,0.26131319999694824,0.03515324741601944,0.0035153247881680727,0.02431303821504116
kyvkrjcb,N_sink_mm,1,58,0.019550183787941933,0.019550183787941933,0.016849160194396973,0.26420655846595764,0.03570466861128807,0.0766771137714386,0.2474059760570526,0.0349329374730587,0.0034932936541736126,0.025436289608478546
kyvkrjcb,N_sink_mm,1,59,0.020388485863804817,0.020388485863804817,0.019824892282485962,0.264588326215744,0.0648975595831871,0.08069055527448654,0.24508683383464813,0.0331609770655632,0.0033160981256514788,0.02483448199927807
kyvkrjcb,N_sink_mm,1,60,0.02553226426243782,0.02553226426243782,0.015334154479205608,0.26535630226135254,0.05425800383090973,0.09232479333877563,0.26914358139038086,0.035614605993032455,0.0035614599473774433,0.025279082357883453
kyvkrjcb,N_sink_mm,1,61,0.02045663818717003,0.02045663818717003,0.017502935603260994,0.2646524906158447,0.03588052839040756,0.07579358667135239,0.22385838627815247,0.03206164017319679,0.0032061636447906494,0.02601921185851097
kyvkrjcb,N_sink_mm,1,62,0.028451791033148766,0.028451791033148766,0.014567699283361435,0.2649948000907898,0.06341443955898285,0.08276725560426712,0.23144389688968658,0.03339711204171181,0.0033397108782082796,0.025957850739359856
kyvkrjcb,N_sink_mm,1,63,0.02021036669611931,0.02021036669611931,0.0217256098985672,0.26507315039634705,0.07139448821544647,0.08818455040454865,0.27740636467933655,0.03294102102518082,0.0032941028475761414,0.027495553717017174
kyvkrjcb,N_sink_mm,1,64,0.02524847723543644,0.02524847723543644,0.016415342688560486,0.2647770643234253,0.04765814542770386,0.09048908948898315,0.3414745032787323,0.03422966226935387,0.0034229662269353867,0.027340257540345192
kyvkrjcb,N_sink_mm,1,65,0.022578056901693344,0.022578056901693344,0.019887680187821388,0.2645230293273926,0.05577085539698601,0.0841822400689125,0.23837369680404663,0.03302670270204544,0.0033026705496013165,0.0273685771971941
kyvkrjcb,N_sink_mm,1,66,0.016784636303782463,0.016784636303782463,0.020031806081533432,0.26496943831443787,0.08287159353494644,0.0967136099934578,0.2322036772966385,0.03282446786761284,0.0032824459485709667,0.02657948061823845
kyvkrjcb,N_sink_mm,1,67,0.02021198347210884,0.02021198347210884,0.01595812477171421,0.26439201831817627,0.05761120468378067,0.07830919325351715,0.22495929896831512,0.03273765370249748,0.0032737660221755505,0.02871844172477722
kyvkrjcb,N_sink_mm,1,68,0.0240998025983572,0.0240998025983572,0.018937313929200172,0.26473304629325867,0.0695943608880043,0.09488486498594284,0.26049357652664185,0.03492308035492897,0.0034923087805509567,0.028607068583369255
kyvkrjcb,N_sink_mm,1,69,0.020384853705763817,0.020384853705763817,0.017052140086889267,0.2655261754989624,0.08126649260520935,0.10524311661720276,0.26165369153022766,0.032482046633958817,0.0032482058741152287,0.028607459738850594
kyvkrjcb,N_sink_mm,1,70,0.019485756754875183,0.019485756754875183,0.015383947640657425,0.2648932635784149,0.045967984944581985,0.09496606141328812,0.27559423446655273,0.038216132670640945,0.0038216125685721636,0.029325203970074654
kyvkrjcb,N_sink_mm,1,71,0.019194915890693665,0.019194915890693665,0.01808764599263668,0.265070378780365,0.07858113199472427,0.10358262062072754,0.2598819136619568,0.0346929170191288,0.003469291375949979,0.02894229255616665
kyvkrjcb,N_sink_mm,1,72,0.020407013595104218,0.020407013595104218,0.020131364464759827,0.2650000751018524,0.0837266743183136,0.09705761075019836,0.3338553309440613,0.03564183786511421,0.0035641840659081936,0.028967328369617462
kyvkrjcb,N_sink_mm,1,73,0.022675639018416405,0.022675639018416405,0.017890356481075287,0.26467961072921753,0.034902919083833694,0.106355220079422,0.25469523668289185,0.03975151851773262,0.003975152038037777,0.0303350780159235
kyvkrjcb,N_sink_mm,1,74,0.02137480489909649,0.02137480489909649,0.021313592791557312,0.26474255323410034,0.06591661274433136,0.1003873199224472,0.2702772915363312,0.03716174140572548,0.0037161745131015778,0.029741626232862473
kyvkrjcb,N_sink_mm,1,75,0.023308755829930305,0.023308755829930305,0.015668382868170738,0.264600932598114,0.05068740248680115,0.10536547750234604,0.19099757075309753,0.043088894337415695,0.0043088896200060844,0.030111214146018028
kyvkrjcb,N_sink_mm,1,76,0.02141755446791649,0.02141755446791649,0.01920493319630623,0.2646111249923706,0.07278827577829361,0.10736583918333054,0.24149011075496674,0.038069047033786774,0.003806905122473836,0.03066880628466606
kyvkrjcb,N_sink_mm,1,77,0.018077440559864044,0.018077440559864044,0.01823250576853752,0.26509252190589905,0.078082375228405,0.1128690168261528,0.22320164740085602,0.03600044921040535,0.0036000446416437626,0.031083272770047188
kyvkrjcb,N_sink_mm,1,78,0.02237347885966301,0.02237347885966301,0.016800791025161743,0.2662928104400635,0.08253111690282822,0.12015265971422195,0.26965346932411194,0.03675549477338791,0.0036755502223968506,0.03173031285405159
kyvkrjcb,N_sink_mm,1,79,0.02175009995698929,0.02175009995698929,0.02178006060421467,0.26502272486686707,0.0705920085310936,0.11132285743951797,0.3656488060951233,0.040381673723459244,0.0040381671860814095,0.0329095758497715
kyvkrjcb,N_sink_mm,1,80,0.005880285985767841,0.005880285985767841,0.02049596793949604,0.26614630222320557,0.07273535430431366,0.10741838067770004,0.2709974944591522,0.04443791136145592,0.004443790763616562,0.032475437968969345
kyvkrjcb,N_sink_mm,1,81,0.008712979033589363,0.008712979033589363,0.018812283873558044,0.2670149505138397,0.09757547825574875,0.11980403959751129,0.23181749880313873,0.041802626103162766,0.0041802627965807915,0.032864559441804886
kyvkrjcb,N_sink_mm,1,82,0.005977536551654339,0.005977536551654339,0.02103106491267681,0.2658553719520569,0.09364751726388931,0.12533442676067352,0.2501627802848816,0.04820232093334198,0.004820232279598713,0.03238349035382271
kyvkrjcb,N_sink_mm,1,83,0.01415268238633871,0.01415268238633871,0.015138987451791763,0.2658365070819855,0.08703383058309555,0.09814517945051193,0.2218807488679886,0.049392182379961014,0.004939218983054161,0.03179759532213211
kyvkrjcb,N_sink_mm,1,84,0.021135238930583,0.021135238930583,0.02220759727060795,0.2649107277393341,0.0687948539853096,0.11722850054502487,0.25364068150520325,0.043406106531620026,0.0043406118638813496,0.03266317397356033
kyvkrjcb,N_sink_mm,1,85,0.017734508961439133,0.017734508961439133,0.019963311031460762,0.26451146602630615,0.047857049852609634,0.13367480039596558,0.22778676450252533,0.04178822785615921,0.004178822506219149,0.03349972516298294
kyvkrjcb,N_sink_mm,1,86,0.014405518770217896,0.014405518770217896,0.020477479323744774,0.2663102447986603,0.12396488338708878,0.14494088292121887,0.2617035210132599,0.03988092020153999,0.003988092299550772,0.03264588862657547
kyvkrjcb,N_sink_mm,1,87,0.027524983510375023,0.027524983510375023,0.022423313930630684,0.2655123770236969,0.08812358975410461,0.13084743916988373,0.2535359263420105,0.04563000053167343,0.004563000053167343,0.033441733568906784
kyvkrjcb,N_sink_mm,1,88,0.033230625092983246,0.033230625092983246,0.029029197990894318,0.26467955112457275,0.08611509948968887,0.135489821434021,0.23338273167610168,0.047199420630931854,0.0047199418768286705,0.03350452333688736
kyvkrjcb,N_sink_mm,1,89,0.024206478148698807,0.024206478148698807,0.023369766771793365,0.26498985290527344,0.07549343258142471,0.12409355491399765,0.2378709763288498,0.04347427934408188,0.004347426351159811,0.03393460437655449
kyvkrjcb,N_sink_mm,1,90,0.022002287209033966,0.022002287209033966,0.02239975333213806,0.2649662494659424,0.08187825232744217,0.128889799118042,0.2585456967353821,0.039452336728572845,0.003945234231650829,0.03502888232469559
kyvkrjcb,N_sink_mm,1,91,0.024567632004618645,0.024567632004618645,0.019823452457785606,0.2652694880962372,0.07058193534612656,0.13301874697208405,0.22921666502952576,0.04625479131937027,0.0046254792250692844,0.03522258251905441
kyvkrjcb,N_sink_mm,1,92,0.015030298382043839,0.015030298382043839,0.020489633083343506,0.26595884561538696,0.07432755827903748,0.15838459134101868,0.2630833387374878,0.04146173223853111,0.0041461726650595665,0.03584999218583107
kyvkrjcb,N_sink_mm,1,93,0.01871458999812603,0.01871458999812603,0.025069061666727066,0.26774197816848755,0.135202094912529,0.11678308248519897,0.2524071931838989,0.04978165030479431,0.004978164564818144,0.035213299095630646
kyvkrjcb,N_sink_mm,1,94,0.019223859533667564,0.019223859533667564,0.01822713203728199,0.26688241958618164,0.11765069514513016,0.15343716740608215,0.26851198077201843,0.053993284702301025,0.0053993286564946175,0.0354556068778038
kyvkrjcb,N_sink_mm,1,95,0.014114297926425934,0.014114297926425934,0.019928984344005585,0.2649528682231903,0.061902400106191635,0.16032491624355316,0.27390626072883606,0.04765189439058304,0.004765189252793789,0.035769108682870865
kyvkrjcb,N_sink_mm,1,96,0.011219898238778114,0.011219898238778114,0.02241777814924717,0.2660728991031647,0.09239433705806732,0.11461647599935532,0.29986146092414856,0.048783253878355026,0.004878325387835503,0.03571377694606781
kyvkrjcb,N_sink_mm,1,97,0.015528624877333641,0.015528624877333641,0.022553760558366776,0.26534223556518555,0.05937550216913223,0.14505459368228912,0.2331099659204483,0.05228174850344658,0.005228174384683371,0.0368289053440094
kyvkrjcb,N_sink_mm,1,98,0.016725072637200356,0.016725072637200356,0.023692939430475235,0.2662157416343689,0.11119168251752853,0.16111567616462708,0.2436339557170868,0.03817322850227356,0.0038173221983015537,0.036633625626564026
kyvkrjcb,N_sink_mm,1,99,0.03117012046277523,0.03117012046277523,0.014176847413182259,0.2647734582424164,0.03862525522708893,0.15156158804893494,0.28261274099349976,0.053413521498441696,0.005341353360563517,0.036339521408081055
kyvkrjcb,N_sink_mm,1,100,0.03662174567580223,0.03662174567580223,0.02002815343439579,0.26498398184776306,0.018767066299915314,0.10785751789808273,0.26226678490638733,0.04796657711267471,0.004796657245606184,0.03626781702041626
kyvkrjcb,N_sink_mm,1,101,0.028460677713155746,0.028460677713155746,0.020400160923600197,0.2647271454334259,0.021181225776672363,0.036060504615306854,0.27049019932746887,0.02974911965429783,0.0029749120585620403,0.03650432080030441
kyvkrjcb,N_sink_mm,1,102,0.02638942375779152,0.02638942375779152,0.017982056364417076,0.26505088806152344,0.05071115493774414,0.054817818105220795,0.2540963292121887,0.03424696624279022,0.003424696158617735,0.03660891577601433
kyvkrjcb,N_sink_mm,1,103,0.024335678666830063,0.024335678666830063,0.01958044245839119,0.26512253284454346,0.03337135165929794,0.10312744975090027,0.2046152949333191,0.051743410527706146,0.005174342077225447,0.037763260304927826
kyvkrjcb,N_sink_mm,1,104,0.0263485349714756,0.0263485349714756,0.019137177616357803,0.26467522978782654,0.0673089548945427,0.10453537106513977,0.2656875550746918,0.03739168867468834,0.0037391693331301212,0.03676865994930267
kyvkrjcb,N_sink_mm,1,105,0.022060345858335495,0.022060345858335495,0.017855310812592506,0.2651485800743103,0.06489758938550949,0.11993509531021118,0.265911340713501,0.05608534812927246,0.005608535371720791,0.03681042790412903
kyvkrjcb,N_sink_mm,1,106,0.031094251200556755,0.031094251200556755,0.020970972254872322,0.26421216130256653,0.05548372492194176,0.13670489192008972,0.2906511127948761,0.038075365126132965,0.003807535395026207,0.03737245500087738
kyvkrjcb,N_sink_mm,1,107,0.025550130754709244,0.025550130754709244,0.02769378013908863,0.2647128701210022,0.07964413613080978,0.16516678035259247,0.20619963109493256,0.04245834797620773,0.004245834890753031,0.03729478642344475
kyvkrjcb,N_sink_mm,1,108,0.020667020231485367,0.020667020231485367,0.021459978073835373,0.2648453116416931,0.0798160657286644,0.13600142300128937,0.2747179865837097,0.042182572185993195,0.004218257497996092,0.03854838013648987
kyvkrjcb,N_sink_mm,1,109,0.018215345218777657,0.018215345218777657,0.023362260311841965,0.26544246077537537,0.08910589665174484,0.15980497002601624,0.28485238552093506,0.04529082030057907,0.004529082681983709,0.03843418508768082
kyvkrjcb,N_sink_mm,1,110,0.022553278133273125,0.022553278133273125,0.021222135052084923,0.26523885130882263,0.06957240402698517,0.1557236611843109,0.2549698054790497,0.05306246876716614,0.005306246690452099,0.03872618079185486
kyvkrjcb,N_sink_mm,1,111,0.017244307324290276,0.017244307324290276,0.01933535933494568,0.2655748128890991,0.0687483549118042,0.17081858217716217,0.19592389464378357,0.04799308627843857,0.00479930778965354,0.03895813226699829
kyvkrjcb,N_sink_mm,1,112,0.020228097215294838,0.020228097215294838,0.022171534597873688,0.2665024995803833,0.09410010278224945,0.15049569308757782,0.2683161795139313,0.05270855873823166,0.005270856898277998,0.039250537753105164
kyvkrjcb,N_sink_mm,1,113,0.015378185547888279,0.015378185547888279,0.022397341206669807,0.26707738637924194,0.15682262182235718,0.15726687014102936,0.3053152859210968,0.048062797635793686,0.0048062801361083984,0.03792423754930496
kyvkrjcb,N_sink_mm,1,114,0.017515968531370163,0.017515968531370163,0.021802516654133797,0.26695600152015686,0.11423641443252563,0.16065701842308044,0.22014255821704865,0.06807589530944824,0.006807589437812567,0.03876231983304024
kyvkrjcb,N_sink_mm,1,115,0.014346767216920853,0.014346767216920853,0.01623973809182644,0.2647182047367096,0.05341402068734169,0.11053749918937683,0.2900162935256958,0.03884371370077133,0.0038843706715852022,0.0400640070438385
kyvkrjcb,N_sink_mm,1,116,0.021875567734241486,0.021875567734241486,0.026753021404147148,0.26925626397132874,0.14881324768066406,0.12195859104394913,0.25353869795799255,0.04663945361971855,0.0046639470383524895,0.03870808705687523
kyvkrjcb,N_sink_mm,1,117,0.01941545121371746,0.01941545121371746,0.025805333629250526,0.2648417353630066,0.07213114202022552,0.11463913321495056,0.25476914644241333,0.04517627879977226,0.004517629276961088,0.03992842137813568
kyvkrjcb,N_sink_mm,1,118,0.015709683299064636,0.015709683299064636,0.02431514486670494,0.26615744829177856,0.10582811385393143,0.14718832075595856,0.24618719518184662,0.03635502606630325,0.003635503351688385,0.039665039628744125
kyvkrjcb,N_sink_mm,1,119,0.02189609780907631,0.02189609780907631,0.02231012098491192,0.26502662897109985,0.0923256203532219,0.16308507323265076,0.2381453812122345,0.03726350516080856,0.0037263501435518265,0.04052884131669998
kyvkrjcb,N_sink_mm,1,120,0.015484404750168324,0.015484404750168324,0.022216301411390305,0.2668347954750061,0.1291457563638687,0.17431209981441498,0.25775596499443054,0.050459761172533035,0.0050459750927984715,0.04082036018371582
kyvkrjcb,N_sink_mm,1,121,0.017056751996278763,0.017056751996278763,0.02595735527575016,0.2661097049713135,0.12284629791975021,0.1782827377319336,0.25341975688934326,0.0420461967587471,0.004204620141535997,0.04101273790001869
kyvkrjcb,N_sink_mm,1,122,0.02253410406410694,0.02253410406410694,0.024630865082144737,0.265332967042923,0.08993473649024963,0.16805537045001984,0.2720033824443817,0.04816300421953201,0.004816301167011261,0.041545119136571884
kyvkrjcb,N_sink_mm,1,123,0.023752888664603233,0.023752888664603233,0.028291843831539154,0.26525622606277466,0.08909446001052856,0.17441537976264954,0.29586124420166016,0.04142910614609718,0.004142909310758114,0.041330598294734955
kyvkrjcb,N_sink_mm,1,124,0.022254696115851402,0.022254696115851402,0.03167610242962837,0.26681146025657654,0.1386193335056305,0.18484839797019958,0.27770349383354187,0.03994395583868027,0.003994395956397057,0.04125246778130531
kyvkrjcb,N_sink_mm,1,125,0.015206219628453255,0.015206219628453255,0.024878978729248047,0.26607605814933777,0.10080939531326294,0.18111634254455566,0.2523687779903412,0.041377875953912735,0.004137787502259016,0.04193110018968582
kyvkrjcb,N_sink_mm,1,126,0.023545924574136734,0.023545924574136734,0.020789828151464462,0.2646258473396301,0.05991588905453682,0.18664126098155975,0.2935304045677185,0.041427697986364365,0.0041427696123719215,0.04292641580104828
kyvkrjcb,N_sink_mm,1,127,0.01980123296380043,0.01980123296380043,0.0329323373734951,0.267348051071167,0.11293941736221313,0.19161735475063324,0.25830432772636414,0.042547933757305145,0.004254793282598257,0.042540542781353
kyvkrjcb,N_sink_mm,1,128,0.01660325564444065,0.01660325564444065,0.02637990191578865,0.26621025800704956,0.09954363852739334,0.17884796857833862,0.24059081077575684,0.06030384823679924,0.006030383985489607,0.043471865355968475
kyvkrjcb,N_sink_mm,1,129,0.009870900772511959,0.009870900772511959,0.024068986997008324,0.27071264386177063,0.22521038353443146,0.17224907875061035,0.21828511357307434,0.045304786413908005,0.004530479200184345,0.043771322816610336
kyvkrjcb,N_sink_mm,1,130,0.024044808000326157,0.024044808000326157,0.022791625931859016,0.2652788460254669,0.07910195738077164,0.16815610229969025,0.24074770510196686,0.0456121489405632,0.00456121563911438,0.04469285532832146
kyvkrjcb,N_sink_mm,1,131,0.017654789611697197,0.017654789611697197,0.022913692519068718,0.26619815826416016,0.09746746718883514,0.1767054796218872,0.2930387258529663,0.04818863049149513,0.004818863235414028,0.044825371354818344
kyvkrjcb,N_sink_mm,1,132,0.018981406465172768,0.018981406465172768,0.01852431707084179,0.2652169466018677,0.06508077681064606,0.1848665326833725,0.2469983696937561,0.04572756588459015,0.004572756588459015,0.045613933354616165
kyvkrjcb,N_sink_mm,1,133,0.024898599833250046,0.024898599833250046,0.02610456943511963,0.2658034861087799,0.10332876443862915,0.18593360483646393,0.3089953660964966,0.03846081346273422,0.0038460816722363234,0.04531990364193916
kyvkrjcb,N_sink_mm,1,134,0.023465238511562347,0.023465238511562347,0.02535914070904255,0.26486441493034363,0.056202664971351624,0.19357751309871674,0.26557886600494385,0.04163903370499611,0.004163904115557671,0.04555917903780937
kyvkrjcb,N_sink_mm,1,135,0.01717912033200264,0.01717912033200264,0.025419676676392555,0.2677721679210663,0.14468702673912048,0.19423875212669373,0.21253620088100433,0.04131638631224632,0.004131638444960117,0.0457662008702755
kyvkrjcb,N_sink_mm,1,136,0.015581980347633362,0.015581980347633362,0.02617826871573925,0.2687011957168579,0.16808746755123138,0.2027791440486908,0.27109622955322266,0.04524540901184082,0.00452454062178731,0.0460832379758358
kyvkrjcb,N_sink_mm,1,137,0.01886501908302307,0.01886501908302307,0.028042612597346306,0.2670244872570038,0.13902753591537476,0.1954553723335266,0.2269992083311081,0.050906259566545486,0.005090626887977123,0.046794962137937546
kyvkrjcb,N_sink_mm,1,138,0.021649286150932312,0.021649286150932312,0.02910083532333374,0.2685816287994385,0.18917828798294067,0.178427055478096,0.2206687033176422,0.06339997053146362,0.0063399956561625,0.04701555520296097
kyvkrjcb,N_sink_mm,1,139,0.01830732263624668,0.01830732263624668,0.03220409154891968,0.26760271191596985,0.15031099319458008,0.15353716909885406,0.3272382616996765,0.053871143609285355,0.00538711529225111,0.04680174961686134
kyvkrjcb,N_sink_mm,1,140,0.025362271815538406,0.025362271815538406,0.031284160912036896,0.2655251920223236,0.11573389172554016,0.18338850140571594,0.26671573519706726,0.04286651685833931,0.004286651499569416,0.04716072976589203
kyvkrjcb,N_sink_mm,1,141,0.01752307265996933,0.01752307265996933,0.03512474149465561,0.2689044177532196,0.1746116727590561,0.19756174087524414,0.23700971901416779,0.042185209691524506,0.004218519665300846,0.04691437631845474
kyvkrjcb,N_sink_mm,1,142,0.029693372547626495,0.029693372547626495,0.03357038274407387,0.26502516865730286,0.09845922887325287,0.20374760031700134,0.27896004915237427,0.043056096881628036,0.004305609501898289,0.04803648963570595
kyvkrjcb,N_sink_mm,1,143,0.016854707151651382,0.016854707151651382,0.03291691094636917,0.270240843296051,0.1921187937259674,0.19946596026420593,0.30481329560279846,0.04953620955348015,0.004953620955348015,0.04773014038801193
kyvkrjcb,N_sink_mm,1,144,0.021926486864686012,0.021926486864686012,0.03212926164269447,0.26906803250312805,0.20483967661857605,0.19215410947799683,0.26035428047180176,0.048846594989299774,0.0048846593126654625,0.04837200045585632
kyvkrjcb,N_sink_mm,1,145,0.023875800892710686,0.023875800892710686,0.033232681453228,0.2722128927707672,0.24167299270629883,0.20221418142318726,0.237095907330513,0.0525595061480999,0.005255951080471277,0.04845799505710602
kyvkrjcb,N_sink_mm,1,146,0.016539813950657845,0.016539813950657845,0.03590948507189751,0.27006253600120544,0.2132832407951355,0.19091780483722687,0.238264262676239,0.05519051477313042,0.005519052501767874,0.05006156116724014
kyvkrjcb,N_sink_mm,1,147,0.02333523891866207,0.02333523891866207,0.03317749872803688,0.26623091101646423,0.1357782632112503,0.19532306492328644,0.24977590143680573,0.05414653569459915,0.00541465450078249,0.04935675114393234
kyvkrjcb,N_sink_mm,1,148,0.023933596909046173,0.023933596909046173,0.03894955664873123,0.26747533679008484,0.17005492746829987,0.19062425196170807,0.22710585594177246,0.054172415286302567,0.005417241249233484,0.04964319244027138
kyvkrjcb,N_sink_mm,1,149,0.018882958218455315,0.018882958218455315,0.02302275225520134,0.26635193824768066,0.12166080623865128,0.19799350202083588,0.24063540995121002,0.04602062329649925,0.00460206251591444,0.05039642006158829
kyvkrjcb,N_sink_mm,1,150,0.018789539113640785,0.018789539113640785,0.029604308307170868,0.2670239210128784,0.1489647924900055,0.20347490906715393,0.2314673364162445,0.04458985850214958,0.004458986222743988,0.05055434629321098
kyvkrjcb,N_sink_mm,1,151,0.013193538412451744,0.013193538412451744,0.025724999606609344,0.26640522480010986,0.1007525697350502,0.20719175040721893,0.24416683614253998,0.04455206170678139,0.0044552055187523365,0.05147506669163704
kyvkrjcb,N_sink_mm,1,152,0.019992459565401077,0.019992459565401077,0.03410031646490097,0.26728248596191406,0.14816159009933472,0.20320402085781097,0.229333758354187,0.04441555216908455,0.00444155465811491,0.051457230001688004
kyvkrjcb,N_sink_mm,1,153,0.03701778128743172,0.03701778128743172,0.03681427612900734,0.2649945020675659,0.09929920732975006,0.20079725980758667,0.3164302408695221,0.047620587050914764,0.004762060008943081,0.051432378590106964
kyvkrjcb,N_sink_mm,1,154,0.019755156710743904,0.019755156710743904,0.029580943286418915,0.26563337445259094,0.08193179965019226,0.2007177770137787,0.2566639184951782,0.05361858755350113,0.005361857824027538,0.05123390257358551
kyvkrjcb,N_sink_mm,1,155,0.016804710030555725,0.016804710030555725,0.033687807619571686,0.2676790654659271,0.16445104777812958,0.20019103586673737,0.22028060257434845,0.04575815796852112,0.004575815051794052,0.05170585960149765
kyvkrjcb,N_sink_mm,1,156,0.013802645727992058,0.013802645727992058,0.02749784104526043,0.27144110202789307,0.23558108508586884,0.18759457767009735,0.22805576026439667,0.058245331048965454,0.005824534688144922,0.052339501678943634
kyvkrjcb,N_sink_mm,1,157,0.01742168515920639,0.01742168515920639,0.02690957300364971,0.26758185029029846,0.15659695863723755,0.21514452993869781,0.27416345477104187,0.04811374470591545,0.004811374936252832,0.05218217149376869
kyvkrjcb,N_sink_mm,1,158,0.022530095651745796,0.022530095651745796,0.039370376616716385,0.27055278420448303,0.2444041669368744,0.18951547145843506,0.2058170586824417,0.057243943214416504,0.005724393762648106,0.05307452380657196
kyvkrjcb,N_sink_mm,1,159,0.03123687580227852,0.03123687580227852,0.03626341372728348,0.26606258749961853,0.12845756113529205,0.20744751393795013,0.2974356412887573,0.051219575107097626,0.005121958442032337,0.05347171053290367
kyvkrjcb,N_sink_mm,1,160,0.02071671187877655,0.02071671187877655,0.03885411098599434,0.2693421542644501,0.21463517844676971,0.20902588963508606,0.2363419532775879,0.04326897859573364,0.004326897673308849,0.05373942852020264
kyvkrjcb,N_sink_mm,1,161,0.017617279663681984,0.017617279663681984,0.03574864938855171,0.27170488238334656,0.2443743646144867,0.20936624705791473,0.29405346512794495,0.05328086018562317,0.005328086204826832,0.05411212518811226
kyvkrjcb,N_sink_mm,1,162,0.027096696197986603,0.027096696197986603,0.038844212889671326,0.2676835358142853,0.15762192010879517,0.20340430736541748,0.2086465209722519,0.05606909841299057,0.0056069097481667995,0.05459927022457123
kyvkrjcb,N_sink_mm,1,163,0.02925640158355236,0.02925640158355236,0.0291169211268425,0.26567915081977844,0.12066870182752609,0.21230101585388184,0.21186529099941254,0.04791061580181122,0.004791061393916607,0.05467787757515907
kyvkrjcb,N_sink_mm,1,164,0.02071765810251236,0.02071765810251236,0.03143143653869629,0.26835790276527405,0.16744022071361542,0.21410784125328064,0.22450955212116241,0.046743083745241165,0.004674308467656374,0.055319417268037796
kyvkrjcb,N_sink_mm,1,165,0.023109497502446175,0.023109497502446175,0.03750186413526535,0.2714580297470093,0.24166281521320343,0.21226845681667328,0.24307964742183685,0.04643305018544197,0.004643304739147425,0.0542910099029541
kyvkrjcb,N_sink_mm,1,166,0.01708357222378254,0.01708357222378254,0.027566391974687576,0.26852741837501526,0.18094046413898468,0.21947632730007172,0.25278136134147644,0.05649057775735855,0.00564905721694231,0.05544812232255936
kyvkrjcb,N_sink_mm,1,167,0.01708357222378254,0.01708357222378254,0.027566391974687576,0.26852741837501526,0.18094046413898468,0.21462897956371307,0.20137538015842438,0.0504767969250679,0.005047679878771305,0.05471533536911011
kyvkrjcb,N_sink_mm,1,168,0.02788264863193035,0.02788264863193035,0.03530500829219818,0.2675166726112366,0.18092522025108337,0.21440161764621735,0.27298906445503235,0.053667329251766205,0.005366732832044363,0.05553949996829033
kyvkrjcb,N_sink_mm,1,169,0.024026628583669662,0.024026628583669662,0.033616721630096436,0.26797783374786377,0.16202104091644287,0.2139405459165573,0.27625131607055664,0.05751337856054306,0.005751337856054306,0.05610327422618866
kyvkrjcb,N_sink_mm,1,170,0.030999310314655304,0.030999310314655304,0.038121797144412994,0.26660653948783875,0.13186119496822357,0.21606476604938507,0.2336898297071457,0.047822561115026474,0.0047822571359574795,0.056056346744298935
kyvkrjcb,N_sink_mm,1,171,0.031074009835720062,0.031074009835720062,0.04077797755599022,0.2697470784187317,0.21734048426151276,0.21083681285381317,0.25223106145858765,0.04563762992620468,0.0045637632720172405,0.05593332648277283
kyvkrjcb,N_sink_mm,1,172,0.019955018535256386,0.019955018535256386,0.04029103368520737,0.27293485403060913,0.25534340739250183,0.20333941280841827,0.27529171109199524,0.05722888186573982,0.005722887814044952,0.05617575719952583
kyvkrjcb,N_sink_mm,1,173,0.020732127130031586,0.020732127130031586,0.03970921039581299,0.2708946764469147,0.21382544934749603,0.22069229185581207,0.2591705620288849,0.04722980037331581,0.0047229803167283535,0.05593224614858627
kyvkrjcb,N_sink_mm,1,174,0.03322215750813484,0.03322215750813484,0.046364493668079376,0.2692720890045166,0.21398647129535675,0.22423093020915985,0.2987692952156067,0.04927677661180496,0.004927678033709526,0.05692349374294281
kyvkrjcb,N_sink_mm,1,175,0.01994570717215538,0.01994570717215538,0.037692323327064514,0.2735615670681,0.24824823439121246,0.22462955117225647,0.2603043019771576,0.05011584237217903,0.005011583212763071,0.05755118280649185
kyvkrjcb,N_sink_mm,1,176,0.02050749398767948,0.02050749398767948,0.03200976178050041,0.26895567774772644,0.17306683957576752,0.21997933089733124,0.2221875935792923,0.051447004079818726,0.005144699476659298,0.057600222527980804
kyvkrjcb,N_sink_mm,1,177,0.017619609832763672,0.017619609832763672,0.031069692224264145,0.27323538064956665,0.2369614839553833,0.22412988543510437,0.2758134603500366,0.04862261191010475,0.00486226100474596,0.05779990553855896
kyvkrjcb,N_sink_mm,1,178,0.02878236025571823,0.02878236025571823,0.04242221638560295,0.26906976103782654,0.1927870213985443,0.22044390439987183,0.23376014828681946,0.0488431379199028,0.004884314723312855,0.058433953672647476
kyvkrjcb,N_sink_mm,1,179,0.025921788066625595,0.025921788066625595,0.038606125861406326,0.26824143528938293,0.18204356729984283,0.2279227077960968,0.20927861332893372,0.04327470064163208,0.0043274699710309505,0.059276990592479706
kyvkrjcb,N_sink_mm,1,180,0.025603702291846275,0.025603702291846275,0.039656586945056915,0.2697267532348633,0.19222836196422577,0.2298300713300705,0.30820220708847046,0.04794411361217499,0.004794411361217499,0.05913250520825386
kyvkrjcb,N_sink_mm,1,181,0.02292178012430668,0.02292178012430668,0.03954440355300903,0.2704053521156311,0.18963874876499176,0.22520126402378082,0.2587045133113861,0.0493900328874588,0.004939001984894276,0.058569081127643585
kyvkrjcb,N_sink_mm,1,182,0.020735910162329674,0.020735910162329674,0.03737429901957512,0.27230921387672424,0.2442803531885147,0.22485089302062988,0.2711530029773712,0.05492416024208069,0.0054924157448112965,0.059517450630664825
kyvkrjcb,N_sink_mm,1,183,0.018122365698218346,0.018122365698218346,0.03608618304133415,0.2709008455276489,0.20901672542095184,0.2324310839176178,0.27136343717575073,0.046308886259794235,0.004630888346582651,0.05932728201150894
kyvkrjcb,N_sink_mm,1,184,0.02174902893602848,0.02174902893602848,0.03705336153507233,0.27100685238838196,0.22272861003875732,0.22863245010375977,0.24340587854385376,0.052513767033815384,0.005251375958323479,0.05954374745488167
kyvkrjcb,N_sink_mm,1,185,0.023471349850296974,0.023471349850296974,0.035520706325769424,0.26882460713386536,0.18452088534832,0.22737662494182587,0.2921920418739319,0.052702896296978,0.0052702901884913445,0.05987248569726944
kyvkrjcb,N_sink_mm,1,186,0.027703864499926567,0.027703864499926567,0.04034959897398949,0.2716498374938965,0.23107242584228516,0.23329658806324005,0.2691108286380768,0.04863493889570236,0.004863494075834751,0.059689898043870926
kyvkrjcb,N_sink_mm,1,187,0.033848218619823456,0.033848218619823456,0.040405139327049255,0.2677016854286194,0.18061116337776184,0.22925938665866852,0.4114689826965332,0.042003173381090164,0.004200316499918699,0.05917661637067795
kyvkrjcb,N_sink_mm,1,188,0.035286467522382736,0.035286467522382736,0.044742438942193985,0.2688254714012146,0.19826824963092804,0.2378075122833252,0.24792000651359558,0.047100089490413666,0.004710008855909109,0.05995623394846916
kyvkrjcb,N_sink_mm,1,189,0.018882857635617256,0.018882857635617256,0.032733265310525894,0.27166464924812317,0.21702051162719727,0.22711776196956635,0.2290453016757965,0.05555301904678345,0.005555303767323494,0.06003149598836899
kyvkrjcb,N_sink_mm,1,190,0.0318063385784626,0.0318063385784626,0.043582551181316376,0.2725042402744293,0.27520856261253357,0.23371098935604095,0.25486859679222107,0.05924156308174133,0.005924156866967678,0.0605635792016983
kyvkrjcb,N_sink_mm,1,191,0.016719914972782135,0.016719914972782135,0.037337373942136765,0.27325186133384705,0.24535824358463287,0.23762686550617218,0.3493354320526123,0.05125828832387924,0.005125829018652439,0.060596540570259094
kyvkrjcb,N_sink_mm,1,192,0.024222979322075844,0.024222979322075844,0.03652382269501686,0.27168312668800354,0.2378215789794922,0.22869546711444855,0.23769989609718323,0.05827700346708298,0.005827700719237328,0.060573067516088486
kyvkrjcb,N_sink_mm,1,193,0.024212373420596123,0.024212373420596123,0.03524218872189522,0.2750622630119324,0.2758154571056366,0.23517031967639923,0.25510385632514954,0.0574401430785656,0.005744014400988817,0.061151664704084396
kyvkrjcb,N_sink_mm,1,194,0.04448750615119934,0.04448750615119934,0.04739284887909889,0.2675035297870636,0.19292667508125305,0.2294100970029831,0.348390132188797,0.05469793826341629,0.005469793453812599,0.061869267374277115
kyvkrjcb,N_sink_mm,1,195,0.022180011495947838,0.022180011495947838,0.0323055163025856,0.27136269211769104,0.24214604496955872,0.22155863046646118,0.24958789348602295,0.05741392448544502,0.005741392727941275,0.062367092818021774
kyvkrjcb,N_sink_mm,1,196,0.025723576545715332,0.025723576545715332,0.03938945755362511,0.2713428735733032,0.23371002078056335,0.24227292835712433,0.23707298934459686,0.05088576674461365,0.005088577978312969,0.06277517974376678
kyvkrjcb,N_sink_mm,1,197,0.024000056087970734,0.024000056087970734,0.03278051316738129,0.2721687853336334,0.24071629345417023,0.24608665704727173,0.2676010727882385,0.050472766160964966,0.005047276150435209,0.06316179037094116
kyvkrjcb,N_sink_mm,1,198,0.01862560771405697,0.01862560771405697,0.04470722749829292,0.27661263942718506,0.30194830894470215,0.2375475913286209,0.226078063249588,0.048619162291288376,0.0048619164153933525,0.06320211291313171
kyvkrjcb,N_sink_mm,1,199,0.024919504299759865,0.024919504299759865,0.035450950264930725,0.2714121341705322,0.2227899581193924,0.24584920704364777,0.18723556399345398,0.05114224553108215,0.005114224273711443,0.06299252063035965
kyvkrjcb,N_sink_mm,1,200,0.028456998988986015,0.028456998988986015,0.041072484105825424,0.26983970403671265,0.2132924199104309,0.23825407028198242,0.25213557481765747,0.05414930731058121,0.005414930637925863,0.06394344568252563
kyvkrjcb,N_sink_mm,1,201,0.04057624936103821,0.04057624936103821,0.045215677469968796,0.2662926912307739,0.1502915620803833,0.23856303095817566,0.19684262573719025,0.060112498700618744,0.006011249963194132,0.0637892559170723
kyvkrjcb,N_sink_mm,1,202,0.028051963075995445,0.028051963075995445,0.0427609384059906,0.2704080641269684,0.227616548538208,0.21264156699180603,0.22824205458164215,0.06194569543004036,0.006194569170475006,0.06372247636318207
kyvkrjcb,N_sink_mm,1,203,0.035829901695251465,0.035829901695251465,0.044599007815122604,0.27101922035217285,0.23973864316940308,0.2371935397386551,0.2120019495487213,0.04952983930706978,0.004952984396368265,0.06336420774459839
kyvkrjcb,N_sink_mm,1,204,0.039517663419246674,0.039517663419246674,0.03844824060797691,0.269787073135376,0.21339426934719086,0.24119563400745392,0.2635684609413147,0.05271681398153305,0.00527168158441782,0.06435941904783249
kyvkrjcb,N_sink_mm,1,205,0.027889970690011978,0.027889970690011978,0.03991418704390526,0.26945608854293823,0.1927560418844223,0.24323239922523499,0.2589873671531677,0.057383496314287186,0.005738348700106144,0.06463108211755753
kyvkrjcb,N_sink_mm,1,206,0.019217267632484436,0.019217267632484436,0.040064238011837006,0.2802914083003998,0.3938147723674774,0.2415841668844223,0.21891604363918304,0.051545847207307816,0.005154584534466267,0.06530460715293884
kyvkrjcb,N_sink_mm,1,207,0.03215956687927246,0.03215956687927246,0.037688400596380234,0.2677372694015503,0.16229960322380066,0.23457017540931702,0.19389694929122925,0.06054544448852539,0.006054544355720282,0.06529465317726135
kyvkrjcb,N_sink_mm,1,208,0.03321489319205284,0.03321489319205284,0.0425119511783123,0.2669930160045624,0.1563974767923355,0.2403813749551773,0.23500172793865204,0.05622342973947525,0.005622341297566891,0.0656055212020874
kyvkrjcb,N_sink_mm,1,209,0.033304035663604736,0.033304035663604736,0.04484347626566887,0.2674752175807953,0.17183804512023926,0.24763096868991852,0.2709583640098572,0.05624896287918091,0.005624895915389061,0.06625404208898544
kyvkrjcb,N_sink_mm,1,210,0.02431384287774563,0.02431384287774563,0.03858891874551773,0.2686152160167694,0.1842770278453827,0.25295794010162354,0.2661539912223816,0.054851699620485306,0.005485170055180788,0.06582148373126984
kyvkrjcb,N_sink_mm,1,211,0.02256861887872219,0.02256861887872219,0.03566674143075943,0.27272120118141174,0.24751287698745728,0.24367132782936096,0.24810679256916046,0.05229774862527847,0.005229773931205273,0.06617777049541473
kyvkrjcb,N_sink_mm,1,212,0.022795816883444786,0.022795816883444786,0.04099950194358826,0.2748033404350281,0.2753615975379944,0.24020244181156158,0.2630935609340668,0.057952284812927246,0.005795228760689497,0.0667480081319809
kyvkrjcb,N_sink_mm,1,213,0.030377596616744995,0.030377596616744995,0.04483919218182564,0.2708948254585266,0.23219405114650726,0.25284868478775024,0.2448311299085617,0.04797437787055969,0.004797438625246286,0.06691283732652664
kyvkrjcb,N_sink_mm,1,214,0.026621093973517418,0.026621093973517418,0.04423355683684349,0.27315306663513184,0.25368988513946533,0.2513182759284973,0.2745503783226013,0.058352530002593994,0.0058352528139948845,0.06670650839805603
kyvkrjcb,N_sink_mm,1,215,0.0310677457600832,0.0310677457600832,0.04226841405034065,0.2720028758049011,0.25171950459480286,0.24763986468315125,0.2045496553182602,0.06739608943462372,0.006739608943462372,0.06683647632598877
kyvkrjcb,N_sink_mm,1,216,0.029228294268250465,0.029228294268250465,0.042369432747364044,0.27140864729881287,0.2503502666950226,0.22009192407131195,0.2232109010219574,0.06991926580667496,0.006991925649344921,0.06713058799505234
kyvkrjcb,N_sink_mm,1,217,0.02675650268793106,0.02675650268793106,0.04895036295056343,0.27410629391670227,0.29167038202285767,0.24159111082553864,0.2670385539531708,0.05856887251138687,0.0058568851090967655,0.06767497211694717
kyvkrjcb,N_sink_mm,1,218,0.029954126104712486,0.029954126104712486,0.04661376401782036,0.26970359683036804,0.19944484531879425,0.25103166699409485,0.29148972034454346,0.04853576421737671,0.0048535773530602455,0.06871205568313599
kyvkrjcb,N_sink_mm,1,219,0.024909356608986855,0.024909356608986855,0.03514375910162926,0.26871761679649353,0.1799652874469757,0.25767549872398376,0.40949416160583496,0.05181945115327835,0.00518194492906332,0.06856739521026611
kyvkrjcb,N_sink_mm,1,220,0.03791999816894531,0.03791999816894531,0.0472235269844532,0.26961690187454224,0.2202790379524231,0.25329095125198364,0.2540031671524048,0.050554655492305756,0.0050554657354950905,0.06842466443777084
kyvkrjcb,N_sink_mm,1,221,0.031092600896954536,0.031092600896954536,0.04938000068068504,0.27239227294921875,0.2534373998641968,0.25778934359550476,0.24620522558689117,0.0642368420958519,0.006423684768378735,0.0686846375465393
kyvkrjcb,N_sink_mm,1,222,0.024348312988877296,0.024348312988877296,0.04063756391406059,0.2714498043060303,0.21633335947990417,0.25136348605155945,0.27133646607398987,0.05513010174036026,0.005513010546565056,0.06873476505279541
kyvkrjcb,N_sink_mm,1,223,0.03290635347366333,0.03290635347366333,0.04865666478872299,0.2754666209220886,0.3059098422527313,0.25994211435317993,0.19888836145401,0.04917306452989578,0.004917304962873459,0.06934234499931335
kyvkrjcb,N_sink_mm,1,224,0.037218865007162094,0.037218865007162094,0.05442497506737709,0.2696569263935089,0.22900426387786865,0.26275280117988586,0.29563525319099426,0.04829614609479904,0.004829614423215389,0.06913608312606812
kyvkrjcb,N_sink_mm,1,225,0.0384514220058918,0.0384514220058918,0.055865440517663956,0.273571640253067,0.2878219783306122,0.26597481966018677,0.24548949301242828,0.05550970882177353,0.0055509707890450954,0.06946338713169098
kyvkrjcb,N_sink_mm,1,226,0.027336901053786278,0.027336901053786278,0.04889342188835144,0.27356627583503723,0.26384881138801575,0.23836898803710938,0.2715415358543396,0.10139001905918121,0.010139001533389091,0.07048968225717545
kyvkrjcb,N_sink_mm,1,227,0.028133492916822433,0.028133492916822433,0.03847518190741539,0.26864930987358093,0.17730282247066498,0.21567052602767944,0.23468990623950958,0.05888659879565239,0.005888659507036209,0.0708932876586914
kyvkrjcb,N_sink_mm,1,228,0.02761344239115715,0.02761344239115715,0.0451531708240509,0.26749199628829956,0.15531055629253387,0.24002134799957275,0.22953353822231293,0.05840987712144852,0.005840988829731941,0.07055361568927765
kyvkrjcb,N_sink_mm,1,229,0.031018206849694252,0.031018206849694252,0.0450020432472229,0.26962682604789734,0.20195919275283813,0.2552957534790039,0.23021353781223297,0.05001544952392578,0.0050015440210700035,0.07147771865129471
kyvkrjcb,N_sink_mm,1,230,0.03004123643040657,0.03004123643040657,0.046840351074934006,0.2714283764362335,0.22451752424240112,0.24960316717624664,0.2286851704120636,0.05728405714035034,0.005728405900299549,0.07136587053537369
kyvkrjcb,N_sink_mm,1,231,0.03138415142893791,0.03138415142893791,0.0514422245323658,0.26892197132110596,0.1922992765903473,0.26420751214027405,0.3022533357143402,0.04693008214235306,0.004693006630986929,0.07196193933486938
kyvkrjcb,N_sink_mm,1,232,0.033406879752874374,0.033406879752874374,0.04874638840556145,0.27412208914756775,0.3141011893749237,0.26639339327812195,0.27888309955596924,0.051686156541109085,0.005168615840375423,0.0723632425069809
kyvkrjcb,N_sink_mm,1,233,0.0319904200732708,0.0319904200732708,0.05655809864401817,0.2724039554595947,0.2538048326969147,0.2673610746860504,0.2241397351026535,0.05821777507662773,0.0058217779733240604,0.072083480656147
kyvkrjcb,N_sink_mm,1,234,0.03502681851387024,0.03502681851387024,0.05176577717065811,0.2697919011116028,0.2243056297302246,0.2694927453994751,0.2644098997116089,0.05332527309656143,0.005332526750862598,0.07280105352401733
kyvkrjcb,N_sink_mm,1,235,0.02958751656115055,0.02958751656115055,0.04431932792067528,0.27099451422691345,0.22143132984638214,0.26744455099105835,0.19692261517047882,0.05249776691198349,0.005249777343124151,0.07279528677463531
kyvkrjcb,N_sink_mm,1,236,0.03190169110894203,0.03190169110894203,0.050925057381391525,0.26932865381240845,0.22057317197322845,0.27013203501701355,0.27314141392707825,0.056717634201049805,0.005671762861311436,0.07292546331882477
kyvkrjcb,N_sink_mm,1,237,0.023378165438771248,0.023378165438771248,0.04884004220366478,0.27178311347961426,0.21921907365322113,0.24432706832885742,0.24486495554447174,0.05666763707995415,0.005666762124747038,0.07369798421859741
kyvkrjcb,N_sink_mm,1,238,0.04084831103682518,0.04084831103682518,0.05401163548231125,0.26843783259391785,0.18846078217029572,0.2579318881034851,0.2471124529838562,0.05601626634597778,0.005601626820862293,0.07452421635389328
kyvkrjcb,N_sink_mm,1,239,0.032754991203546524,0.032754991203546524,0.042660683393478394,0.27098149061203003,0.226869136095047,0.2616092264652252,0.30830320715904236,0.051982998847961426,0.005198299419134855,0.07452075928449631
kyvkrjcb,N_sink_mm,1,240,0.038184333592653275,0.038184333592653275,0.04428863525390625,0.26752379536628723,0.1842999905347824,0.2675453722476959,0.2505967617034912,0.05170191079378128,0.0051701911725103855,0.07477012276649475
kyvkrjcb,N_sink_mm,1,241,0.03375985473394394,0.03375985473394394,0.05188897252082825,0.27331361174583435,0.2762642204761505,0.2700011730194092,0.24208253622055054,0.059123434126377106,0.005912343505769968,0.07426565885543823
kyvkrjcb,N_sink_mm,1,242,0.027448413893580437,0.027448413893580437,0.049241457134485245,0.2770247161388397,0.3387528359889984,0.26691362261772156,0.2499459683895111,0.0451037622988224,0.0045103770680725574,0.07473717629909515
kyvkrjcb,N_sink_mm,1,243,0.04384344443678856,0.04384344443678856,0.05995548889040947,0.26939335465431213,0.23041412234306335,0.2705918550491333,0.3053305447101593,0.0566304549574852,0.0056630452163517475,0.07576511055231094
kyvkrjcb,N_sink_mm,1,244,0.045647066086530685,0.045647066086530685,0.054982658475637436,0.2654179036617279,0.11901914328336716,0.27756789326667786,0.23822930455207825,0.044889774173498154,0.004488977137953043,0.07554776221513748
kyvkrjcb,N_sink_mm,1,245,0.03581199795007706,0.03581199795007706,0.05369535833597183,0.27336999773979187,0.27763599157333374,0.27708226442337036,0.25845420360565186,0.051365189254283905,0.005136518739163876,0.07625138759613037
kyvkrjcb,N_sink_mm,1,246,0.023638596758246422,0.023638596758246422,0.050091229379177094,0.2748537063598633,0.2767239809036255,0.2698036730289459,0.24653281271457672,0.05990218371152878,0.005990219302475452,0.07571722567081451
kyvkrjcb,N_sink_mm,1,247,0.04089701548218727,0.04089701548218727,0.05459093302488327,0.26853659749031067,0.2122231274843216,0.2689819633960724,0.22693344950675964,0.0539364218711853,0.005393642466515303,0.07606814056634903
kyvkrjcb,N_sink_mm,1,248,0.039551328867673874,0.039551328867673874,0.05659130588173866,0.2701389789581299,0.23621812462806702,0.2755803167819977,0.24333436787128448,0.05200241878628731,0.005200241692364216,0.07638740539550781
kyvkrjcb,N_sink_mm,1,249,0.026229461655020714,0.026229461655020714,0.054958708584308624,0.27832257747650146,0.35160282254219055,0.2773172855377197,0.22969724237918854,0.05133524537086487,0.005133525002747774,0.07678911089897156
kyvkrjcb,N_sink_mm,1,250,0.031280335038900375,0.031280335038900375,0.05821474269032478,0.27677804231643677,0.32191401720046997,0.2834895849227905,0.22227349877357483,0.04149150103330612,0.004149149172008038,0.07715794444084167
kyvkrjcb,N_sink_mm,1,251,0.03426576405763626,0.03426576405763626,0.055891092866659164,0.27602818608283997,0.34756630659103394,0.27937573194503784,0.3245573341846466,0.04478970170021057,0.0044789700768888,0.07725772261619568
kyvkrjcb,N_sink_mm,1,252,0.033869922161102295,0.033869922161102295,0.0555536262691021,0.2775750756263733,0.3534889817237854,0.28273963928222656,0.24629861116409302,0.049939099699258804,0.00499390996992588,0.0779159888625145
kyvkrjcb,N_sink_mm,1,253,0.0369945652782917,0.0369945652782917,0.05647629126906395,0.2715136408805847,0.2713238000869751,0.2864004373550415,0.23568545281887054,0.044325388967990875,0.004432537592947483,0.07800840586423874
kyvkrjcb,N_sink_mm,1,254,0.04171810299158096,0.04171810299158096,0.06103618070483208,0.2723684310913086,0.28312477469444275,0.27772441506385803,0.23459145426750183,0.051016200333833694,0.005101620685309172,0.07853680849075317
kyvkrjcb,N_sink_mm,1,255,0.029506154358386993,0.029506154358386993,0.058168165385723114,0.28011611104011536,0.38488197326660156,0.25008490681648254,0.24753312766551971,0.08270104229450226,0.008270105347037315,0.0784444734454155
kyvkrjcb,N_sink_mm,1,256,0.024566346779465675,0.024566346779465675,0.041405096650123596,0.28018972277641296,0.35723674297332764,0.2319541722536087,0.24514241516590118,0.07842998951673508,0.007842998951673508,0.07824193686246872
kyvkrjcb,N_sink_mm,1,257,0.03698538616299629,0.03698538616299629,0.06176510080695152,0.26992231607437134,0.2346785068511963,0.2348613291978836,0.29366567730903625,0.06368400156497955,0.0063683995977044106,0.07769648730754852
kyvkrjcb,N_sink_mm,1,258,0.0640023946762085,0.0640023946762085,0.07210054248571396,0.266218364238739,0.1779322475194931,0.25856509804725647,0.26150915026664734,0.06370142847299576,0.006370142102241516,0.0784226506948471
kyvkrjcb,N_sink_mm,1,259,0.04302539303898811,0.04302539303898811,0.06405574828386307,0.2686986029148102,0.21004244685173035,0.26366686820983887,0.24208533763885498,0.07068058103322983,0.0070680589415133,0.07910677790641785
kyvkrjcb,N_sink_mm,1,260,0.04943028837442398,0.04943028837442398,0.0554434098303318,0.26654309034347534,0.15894192457199097,0.2517254948616028,0.25333836674690247,0.06751902401447296,0.0067519014701247215,0.07966955751180649
kyvkrjcb,N_sink_mm,1,261,0.03749075531959534,0.03749075531959534,0.050433915108442307,0.2747121751308441,0.2967052161693573,0.27399760484695435,0.25046664476394653,0.06222376972436905,0.006222377065569162,0.07976006716489792
kyvkrjcb,N_sink_mm,1,262,0.03800546005368233,0.03800546005368233,0.0658501535654068,0.268563836812973,0.2017488330602646,0.2744408845901489,0.26588329672813416,0.05252750962972641,0.005252750590443611,0.08018886297941208
kyvkrjcb,N_sink_mm,1,263,0.03766029700636864,0.03766029700636864,0.053029607981443405,0.26960262656211853,0.2227282077074051,0.2799382209777832,0.20812030136585236,0.05572403594851494,0.005572403781116009,0.08029191195964813
kyvkrjcb,N_sink_mm,1,264,0.04540255665779114,0.04540255665779114,0.05995507910847664,0.267848402261734,0.19530931115150452,0.27107226848602295,0.2691243886947632,0.06821338832378387,0.006821336690336466,0.08071973919868469
kyvkrjcb,N_sink_mm,1,265,0.028692783787846565,0.028692783787846565,0.04985900595784187,0.27306780219078064,0.25524449348449707,0.24162177741527557,0.2759288251399994,0.07546405494213104,0.007546407636255026,0.08117517083883286
kyvkrjcb,N_sink_mm,1,266,0.03314793482422829,0.03314793482422829,0.05059376731514931,0.2670886814594269,0.16594591736793518,0.267526775598526,0.23609387874603271,0.059282220900058746,0.005928223021328449,0.08172935992479324
kyvkrjcb,N_sink_mm,1,267,0.03353352099657059,0.03353352099657059,0.05317877605557442,0.2690621614456177,0.20443113148212433,0.2862389087677002,0.23966561257839203,0.04542391747236252,0.0045423912815749645,0.08160273730754852
kyvkrjcb,N_sink_mm,1,268,0.034278225153684616,0.034278225153684616,0.049975235015153885,0.27118998765945435,0.24230413138866425,0.257355660200119,0.242821604013443,0.06554810702800751,0.006554809864610434,0.08149460703134537
kyvkrjcb,N_sink_mm,1,269,0.035912007093429565,0.035912007093429565,0.056638434529304504,0.2715739607810974,0.24884383380413055,0.27704641222953796,0.23925496637821198,0.04911898449063301,0.004911897704005241,0.08185672760009766
kyvkrjcb,N_sink_mm,1,270,0.046532269567251205,0.046532269567251205,0.05994638800621033,0.27058467268943787,0.23966485261917114,0.2885279059410095,0.2642376124858856,0.041547901928424835,0.004154791124165058,0.0824163556098938
kyvkrjcb,N_sink_mm,1,271,0.033640872687101364,0.033640872687101364,0.055720437318086624,0.27235105633735657,0.2592810392379761,0.28565531969070435,0.21219122409820557,0.048720624297857285,0.004872062709182501,0.08268984407186508
kyvkrjcb,N_sink_mm,1,272,0.04639911279082298,0.04639911279082298,0.054295968264341354,0.2702896296977997,0.24272754788398743,0.2861426770687103,0.2765215039253235,0.04681473970413208,0.0046814740635454655,0.08269013464450836
kyvkrjcb,N_sink_mm,1,273,0.0447891540825367,0.0447891540825367,0.06747160851955414,0.2701026499271393,0.24318139255046844,0.2916845679283142,0.28316885232925415,0.053499359637498856,0.0053499359637498856,0.08314359933137894
kyvkrjcb,N_sink_mm,1,274,0.03434232622385025,0.03434232622385025,0.05084289237856865,0.27407482266426086,0.28449705243110657,0.28593048453330994,0.32355526089668274,0.04622296616435051,0.004622296895831823,0.08249588310718536
kyvkrjcb,N_sink_mm,1,275,0.032118506729602814,0.032118506729602814,0.051782604306936264,0.2710191309452057,0.24288982152938843,0.288099080324173,0.21060043573379517,0.0447792187333107,0.0044779228046536446,0.0835721492767334
kyvkrjcb,N_sink_mm,1,276,0.03464310243725777,0.03464310243725777,0.05078471451997757,0.27189743518829346,0.2462584525346756,0.28984782099723816,0.2539208233356476,0.04874659702181816,0.004874659236520529,0.08349283039569855
kyvkrjcb,N_sink_mm,1,277,0.038385458290576935,0.038385458290576935,0.05804813280701637,0.2733209729194641,0.27838951349258423,0.28862887620925903,0.28430676460266113,0.04963406175374985,0.0049634063616395,0.08312651515007019
kyvkrjcb,N_sink_mm,1,278,0.0326029434800148,0.0326029434800148,0.05601920932531357,0.2760199308395386,0.2975635826587677,0.293812096118927,0.25136473774909973,0.04662586376070976,0.004662587773054838,0.08411496877670288
kyvkrjcb,N_sink_mm,1,279,0.03161580115556717,0.03161580115556717,0.04653404280543327,0.2728540003299713,0.2522883415222168,0.29558050632476807,0.26334649324417114,0.04156258702278137,0.004156258888542652,0.08440514653921127
kyvkrjcb,N_sink_mm,1,280,0.04429064691066742,0.04429064691066742,0.058673303574323654,0.27106404304504395,0.25463876128196716,0.29156702756881714,0.22829590737819672,0.05027806758880615,0.005027806386351585,0.08473476767539978
kyvkrjcb,N_sink_mm,1,281,0.0394136868417263,0.0394136868417263,0.05327026546001434,0.2715272605419159,0.2526586651802063,0.2897454798221588,0.28490400314331055,0.04414195939898491,0.004414196126163006,0.0850483700633049
kyvkrjcb,N_sink_mm,1,282,0.042470939457416534,0.042470939457416534,0.04901528358459473,0.27173492312431335,0.25237712264060974,0.2941053509712219,0.22252371907234192,0.04563625529408455,0.00456362497061491,0.0852077454328537
kyvkrjcb,N_sink_mm,1,283,0.05325078219175339,0.05325078219175339,0.06687939167022705,0.26914477348327637,0.23681245744228363,0.2884283661842346,0.189390629529953,0.057662416249513626,0.00576624134555459,0.08602450042963028
kyvkrjcb,N_sink_mm,1,284,0.03668384626507759,0.03668384626507759,0.055045925080776215,0.2704964578151703,0.2348243147134781,0.2951056957244873,0.3043774962425232,0.04662304371595383,0.0046623037196695805,0.08557163178920746
kyvkrjcb,N_sink_mm,1,285,0.03697476163506508,0.03697476163506508,0.06000854820013046,0.27989915013313293,0.38706666231155396,0.2969019412994385,0.24633654952049255,0.04756810888648033,0.004756810609251261,0.08555018901824951
kyvkrjcb,N_sink_mm,1,286,0.042805422097444534,0.042805422097444534,0.054364778101444244,0.2735392451286316,0.27811217308044434,0.2961902618408203,0.23841653764247894,0.04940367490053177,0.004940367303788662,0.08601003885269165
kyvkrjcb,N_sink_mm,1,287,0.04147200286388397,0.04147200286388397,0.056788742542266846,0.2702184319496155,0.23977671563625336,0.29293200373649597,0.197869673371315,0.051515914499759674,0.0051515898667275906,0.0864439532160759
kyvkrjcb,N_sink_mm,1,288,0.04541171342134476,0.04541171342134476,0.05284601077437401,0.2730811536312103,0.2761513888835907,0.30178210139274597,0.2418065220117569,0.042731113731861115,0.004273111931979656,0.08648022264242172
kyvkrjcb,N_sink_mm,1,289,0.04487090930342674,0.04487090930342674,0.05988677963614464,0.2721303403377533,0.2707567811012268,0.30195367336273193,0.2419692426919937,0.04280878230929375,0.004280877765268087,0.08731047809123993
kyvkrjcb,N_sink_mm,1,290,0.04450346529483795,0.04450346529483795,0.062374297529459,0.2695605158805847,0.22471514344215393,0.29958370327949524,0.2516581416130066,0.0454598143696785,0.0045459819957613945,0.08703286200761795
kyvkrjcb,N_sink_mm,1,291,0.04438837245106697,0.04438837245106697,0.05462724342942238,0.26791808009147644,0.2026851922273636,0.30170151591300964,0.2720145285129547,0.04616932198405266,0.004616931546479464,0.08737954497337341
kyvkrjcb,N_sink_mm,1,292,0.04937407001852989,0.04937407001852989,0.04843966290354729,0.2702445685863495,0.23376116156578064,0.29797008633613586,0.25098174810409546,0.046286799013614655,0.004628680646419525,0.08692201226949692
kyvkrjcb,N_sink_mm,1,293,0.05211858078837395,0.05211858078837395,0.056123096495866776,0.2698817253112793,0.24161168932914734,0.2995787262916565,0.2628936767578125,0.054456233978271484,0.005445622839033604,0.08701912313699722
kyvkrjcb,N_sink_mm,1,294,0.041061509400606155,0.041061509400606155,0.050124965608119965,0.2720007598400116,0.2561442255973816,0.30228784680366516,0.2421608865261078,0.04791814088821411,0.0047918143682181835,0.0875856876373291
kyvkrjcb,N_sink_mm,1,295,0.042579103261232376,0.042579103261232376,0.05906028673052788,0.2708319425582886,0.26517316699028015,0.2991050183773041,0.18260331451892853,0.05148928612470627,0.005148929078131914,0.08855991065502167
kyvkrjcb,N_sink_mm,1,296,0.04030010476708412,0.04030010476708412,0.05250629782676697,0.27283552289009094,0.26755794882774353,0.301118940114975,0.3029155731201172,0.04234974831342697,0.004234974272549152,0.08875299990177155
kyvkrjcb,N_sink_mm,1,297,0.04755207896232605,0.04755207896232605,0.05233444273471832,0.27054619789123535,0.2537837624549866,0.30223512649536133,0.2557278871536255,0.043252021074295044,0.004325201269239187,0.08854161202907562
kyvkrjcb,N_sink_mm,1,298,0.047482095658779144,0.047482095658779144,0.0553121380507946,0.27241840958595276,0.27490201592445374,0.3062758445739746,0.24953602254390717,0.046663712710142136,0.004666371736675501,0.08938486874103546
kyvkrjcb,N_sink_mm,1,299,0.04765313118696213,0.04765313118696213,0.0564299076795578,0.2730475068092346,0.28845325112342834,0.3058648407459259,0.1750524938106537,0.04484181106090546,0.004484180826693773,0.08944865316152573
kyvkrjcb,N_sink_mm,1,300,0.053915224969387054,0.053915224969387054,0.06452962756156921,0.27353620529174805,0.3085177540779114,,0.26646193861961365,,,
kyvkrjcb,N_sink_mm,1,301,,,,,,,0.26163598895072937,,,
kyvkrjcb,N_sink_mm,1,302,,,,,,,0.23281584680080414,,,
kyvkrjcb,N_sink_mm,1,303,,,,,,,0.23249368369579315,,,
kyvkrjcb,N_sink_mm,1,304,,,,,,,0.2697434425354004,,,
kyvkrjcb,N_sink_mm,1,305,,,,,,,0.25125324726104736,,,
kyvkrjcb,N_sink_mm,1,306,,,,,,,0.234388530254364,,,
kyvkrjcb,N_sink_mm,1,307,,,,,,,0.21283501386642456,,,
kyvkrjcb,N_sink_mm,1,308,,,,,,,0.23091472685337067,,,
kyvkrjcb,N_sink_mm,1,309,,,,,,,0.25751951336860657,,,
kyvkrjcb,N_sink_mm,1,310,,,,,,,0.2589426338672638,,,
kyvkrjcb,N_sink_mm,1,311,,,,,,,0.2485968917608261,,,
kyvkrjcb,N_sink_mm,1,312,,,,,,,0.2562590539455414,,,
kyvkrjcb,N_sink_mm,1,313,,,,,,,0.28599295020103455,,,
kyvkrjcb,N_sink_mm,1,314,,,,,,,0.2940009832382202,,,
kyvkrjcb,N_sink_mm,1,315,,,,,,,0.4363664388656616,,,
kyvkrjcb,N_sink_mm,1,316,,,,,,,0.2816959023475647,,,
kyvkrjcb,N_sink_mm,1,317,,,,,,,0.21444173157215118,,,
kyvkrjcb,N_sink_mm,1,318,,,,,,,0.2871032655239105,,,
kyvkrjcb,N_sink_mm,1,319,,,,,,,0.19634075462818146,,,
kyvkrjcb,N_sink_mm,1,320,,,,,,,0.24796342849731445,,,
kyvkrjcb,N_sink_mm,1,321,,,,,,,0.2238292545080185,,,
kyvkrjcb,N_sink_mm,1,322,,,,,,,0.2301534116268158,,,
kyvkrjcb,N_sink_mm,1,323,,,,,,,0.2580212652683258,,,
kyvkrjcb,N_sink_mm,1,324,,,,,,,0.22318920493125916,,,
kyvkrjcb,N_sink_mm,1,325,,,,,,,0.23098993301391602,,,
kyvkrjcb,N_sink_mm,1,326,,,,,,,0.24571165442466736,,,
kyvkrjcb,N_sink_mm,1,327,,,,,,,0.4682813584804535,,,
kyvkrjcb,N_sink_mm,1,328,,,,,,,0.25440922379493713,,,
kyvkrjcb,N_sink_mm,1,329,,,,,,,0.23312000930309296,,,
kyvkrjcb,N_sink_mm,1,330,,,,,,,0.3220349848270416,,,
kyvkrjcb,N_sink_mm,1,331,,,,,,,0.25261175632476807,,,
kyvkrjcb,N_sink_mm,1,332,,,,,,,0.24090637266635895,,,
kyvkrjcb,N_sink_mm,1,333,,,,,,,0.2680594325065613,,,
kyvkrjcb,N_sink_mm,1,334,,,,,,,0.25372928380966187,,,
kyvkrjcb,N_sink_mm,1,335,,,,,,,0.23245204985141754,,,
kyvkrjcb,N_sink_mm,1,336,,,,,,,0.23401544988155365,,,
kyvkrjcb,N_sink_mm,1,337,,,,,,,0.26089972257614136,,,
kyvkrjcb,N_sink_mm,1,338,,,,,,,0.24990491569042206,,,
kyvkrjcb,N_sink_mm,1,339,,,,,,,0.23822596669197083,,,
kyvkrjcb,N_sink_mm,1,340,,,,,,,0.2725060284137726,,,
kyvkrjcb,N_sink_mm,1,341,,,,,,,0.297710120677948,,,
kyvkrjcb,N_sink_mm,1,342,,,,,,,0.2659868896007538,,,
kyvkrjcb,N_sink_mm,1,343,,,,,,,0.21302548050880432,,,
kyvkrjcb,N_sink_mm,1,344,,,,,,,0.2591853439807892,,,
kyvkrjcb,N_sink_mm,1,345,,,,,,,0.23425617814064026,,,
kyvkrjcb,N_sink_mm,1,346,,,,,,,0.23247811198234558,,,
kyvkrjcb,N_sink_mm,1,347,,,,,,,0.20910559594631195,,,
kyvkrjcb,N_sink_mm,1,348,,,,,,,0.23987886309623718,,,
kyvkrjcb,N_sink_mm,1,349,,,,,,,0.24168245494365692,,,
kyvkrjcb,N_sink_mm,1,350,,,,,,,0.25235530734062195,,,
kyvkrjcb,N_sink_mm,1,351,,,,,,,0.30135655403137207,,,
kyvkrjcb,N_sink_mm,1,352,,,,,,,0.2750518023967743,,,
kyvkrjcb,N_sink_mm,1,353,,,,,,,0.21096396446228027,,,
kyvkrjcb,N_sink_mm,1,354,,,,,,,0.2803208529949188,,,
kyvkrjcb,N_sink_mm,1,355,,,,,,,0.2065250724554062,,,
kyvkrjcb,N_sink_mm,1,356,,,,,,,0.30254969000816345,,,
kyvkrjcb,N_sink_mm,1,357,,,,,,,0.22962583601474762,,,
kyvkrjcb,N_sink_mm,1,358,,,,,,,0.25807103514671326,,,
kyvkrjcb,N_sink_mm,1,359,,,,,,,0.28618043661117554,,,
kyvkrjcb,N_sink_mm,1,360,,,,,,,0.27631470561027527,,,
kyvkrjcb,N_sink_mm,1,361,,,,,,,0.2921474874019623,,,
kyvkrjcb,N_sink_mm,1,362,,,,,,,0.26715075969696045,,,
kyvkrjcb,N_sink_mm,1,363,,,,,,,0.2005191594362259,,,
kyvkrjcb,N_sink_mm,1,364,,,,,,,0.2850267291069031,,,
kyvkrjcb,N_sink_mm,1,365,,,,,,,0.2317831963300705,,,
kyvkrjcb,N_sink_mm,1,366,,,,,,,0.24639323353767395,,,
kyvkrjcb,N_sink_mm,1,367,,,,,,,0.25129157304763794,,,
kyvkrjcb,N_sink_mm,1,368,,,,,,,0.2148779034614563,,,
kyvkrjcb,N_sink_mm,1,369,,,,,,,0.31234481930732727,,,
kyvkrjcb,N_sink_mm,1,370,,,,,,,0.2787781357765198,,,
kyvkrjcb,N_sink_mm,1,371,,,,,,,0.2325488179922104,,,
kyvkrjcb,N_sink_mm,1,372,,,,,,,0.25881150364875793,,,
kyvkrjcb,N_sink_mm,1,373,,,,,,,0.2616058588027954,,,
kyvkrjcb,N_sink_mm,1,374,,,,,,,0.2702120840549469,,,
kyvkrjcb,N_sink_mm,1,375,,,,,,,0.27605459094047546,,,
kyvkrjcb,N_sink_mm,1,376,,,,,,,0.2885313928127289,,,
kyvkrjcb,N_sink_mm,1,377,,,,,,,0.2425156980752945,,,
kyvkrjcb,N_sink_mm,1,378,,,,,,,0.2676832973957062,,,
kyvkrjcb,N_sink_mm,1,379,,,,,,,0.18162910640239716,,,
kyvkrjcb,N_sink_mm,1,380,,,,,,,0.24341624975204468,,,
kyvkrjcb,N_sink_mm,1,381,,,,,,,0.21189288794994354,,,
kyvkrjcb,N_sink_mm,1,382,,,,,,,0.2659046947956085,,,
kyvkrjcb,N_sink_mm,1,383,,,,,,,0.20211923122406006,,,
kyvkrjcb,N_sink_mm,1,384,,,,,,,0.23577290773391724,,,
kyvkrjcb,N_sink_mm,1,385,,,,,,,0.2665908932685852,,,
kyvkrjcb,N_sink_mm,1,386,,,,,,,0.23343519866466522,,,
kyvkrjcb,N_sink_mm,1,387,,,,,,,0.3496057987213135,,,
kyvkrjcb,N_sink_mm,1,388,,,,,,,0.23658493161201477,,,
kyvkrjcb,N_sink_mm,1,389,,,,,,,0.2790185809135437,,,
kyvkrjcb,N_sink_mm,1,390,,,,,,,0.2624959349632263,,,
kyvkrjcb,N_sink_mm,1,391,,,,,,,0.3315415382385254,,,
kyvkrjcb,N_sink_mm,1,392,,,,,,,0.30504149198532104,,,
kyvkrjcb,N_sink_mm,1,393,,,,,,,0.22300659120082855,,,
kyvkrjcb,N_sink_mm,1,394,,,,,,,0.25450754165649414,,,
kyvkrjcb,N_sink_mm,1,395,,,,,,,0.20064231753349304,,,
kyvkrjcb,N_sink_mm,1,396,,,,,,,0.26552438735961914,,,
kyvkrjcb,N_sink_mm,1,397,,,,,,,0.24736714363098145,,,
kyvkrjcb,N_sink_mm,1,398,,,,,,,0.25073719024658203,,,
kyvkrjcb,N_sink_mm,1,399,,,,,,,0.22801925241947174,,,
kyvkrjcb,N_sink_mm,1,400,,,,,,,0.2658343017101288,,,
kyvkrjcb,N_sink_mm,1,401,,,,,,,0.23866091668605804,,,
kyvkrjcb,N_sink_mm,1,402,,,,,,,0.2320641577243805,,,
kyvkrjcb,N_sink_mm,1,403,,,,,,,0.19558022916316986,,,
kyvkrjcb,N_sink_mm,1,404,,,,,,,0.2759402394294739,,,
kyvkrjcb,N_sink_mm,1,405,,,,,,,0.25362876057624817,,,
kyvkrjcb,N_sink_mm,1,406,,,,,,,0.2670062482357025,,,
kyvkrjcb,N_sink_mm,1,407,,,,,,,0.24445529282093048,,,
kyvkrjcb,N_sink_mm,1,408,,,,,,,0.2203262448310852,,,
kyvkrjcb,N_sink_mm,1,409,,,,,,,0.2309281826019287,,,
kyvkrjcb,N_sink_mm,1,410,,,,,,,0.2764165997505188,,,
kyvkrjcb,N_sink_mm,1,411,,,,,,,0.18052415549755096,,,
kyvkrjcb,N_sink_mm,1,412,,,,,,,0.27140888571739197,,,
kyvkrjcb,N_sink_mm,1,413,,,,,,,0.24379611015319824,,,
kyvkrjcb,N_sink_mm,1,414,,,,,,,0.27262401580810547,,,
kyvkrjcb,N_sink_mm,1,415,,,,,,,0.26507970690727234,,,
kyvkrjcb,N_sink_mm,1,416,,,,,,,0.2899821698665619,,,
kyvkrjcb,N_sink_mm,1,417,,,,,,,0.2527150511741638,,,
kyvkrjcb,N_sink_mm,1,418,,,,,,,0.22537967562675476,,,
kyvkrjcb,N_sink_mm,1,419,,,,,,,0.23096716403961182,,,
kyvkrjcb,N_sink_mm,1,420,,,,,,,0.24138979613780975,,,
kyvkrjcb,N_sink_mm,1,421,,,,,,,0.29904669523239136,,,
kyvkrjcb,N_sink_mm,1,422,,,,,,,0.22260133922100067,,,
kyvkrjcb,N_sink_mm,1,423,,,,,,,0.20578448474407196,,,
kyvkrjcb,N_sink_mm,1,424,,,,,,,0.21529540419578552,,,
kyvkrjcb,N_sink_mm,1,425,,,,,,,0.25501155853271484,,,
kyvkrjcb,N_sink_mm,1,426,,,,,,,0.24077579379081726,,,
kyvkrjcb,N_sink_mm,1,427,,,,,,,0.19936339557170868,,,
kyvkrjcb,N_sink_mm,1,428,,,,,,,0.23717768490314484,,,
kyvkrjcb,N_sink_mm,1,429,,,,,,,0.2393580973148346,,,
kyvkrjcb,N_sink_mm,1,430,,,,,,,0.2696838080883026,,,
kyvkrjcb,N_sink_mm,1,431,,,,,,,0.21746084094047546,,,
kyvkrjcb,N_sink_mm,1,432,,,,,,,0.2502477765083313,,,
kyvkrjcb,N_sink_mm,1,433,,,,,,,0.2724934220314026,,,
kyvkrjcb,N_sink_mm,1,434,,,,,,,0.21945686638355255,,,
kyvkrjcb,N_sink_mm,1,435,,,,,,,0.20016080141067505,,,
kyvkrjcb,N_sink_mm,1,436,,,,,,,0.2707773447036743,,,
kyvkrjcb,N_sink_mm,1,437,,,,,,,0.28335410356521606,,,
kyvkrjcb,N_sink_mm,1,438,,,,,,,0.27413511276245117,,,
kyvkrjcb,N_sink_mm,1,439,,,,,,,0.18896205723285675,,,
kyvkrjcb,N_sink_mm,1,440,,,,,,,0.2870537340641022,,,
kyvkrjcb,N_sink_mm,1,441,,,,,,,0.2873572111129761,,,
kyvkrjcb,N_sink_mm,1,442,,,,,,,0.2754438519477844,,,
kyvkrjcb,N_sink_mm,1,443,,,,,,,0.2413046658039093,,,
kyvkrjcb,N_sink_mm,1,444,,,,,,,0.2321663796901703,,,
kyvkrjcb,N_sink_mm,1,445,,,,,,,0.25424647331237793,,,
kyvkrjcb,N_sink_mm,1,446,,,,,,,0.256197452545166,,,
kyvkrjcb,N_sink_mm,1,447,,,,,,,0.2057214081287384,,,
kyvkrjcb,N_sink_mm,1,448,,,,,,,0.22296249866485596,,,
kyvkrjcb,N_sink_mm,1,449,,,,,,,0.2796092927455902,,,
kyvkrjcb,N_sink_mm,1,450,,,,,,,0.22389298677444458,,,
kyvkrjcb,N_sink_mm,1,451,,,,,,,0.28415447473526,,,
kyvkrjcb,N_sink_mm,1,452,,,,,,,0.24469320476055145,,,
kyvkrjcb,N_sink_mm,1,453,,,,,,,0.22811076045036316,,,
kyvkrjcb,N_sink_mm,1,454,,,,,,,0.2347622513771057,,,
kyvkrjcb,N_sink_mm,1,455,,,,,,,0.392223060131073,,,
kyvkrjcb,N_sink_mm,1,456,,,,,,,0.26060664653778076,,,
kyvkrjcb,N_sink_mm,1,457,,,,,,,0.29355713725090027,,,
kyvkrjcb,N_sink_mm,1,458,,,,,,,0.21803443133831024,,,
kyvkrjcb,N_sink_mm,1,459,,,,,,,0.2430640459060669,,,
kyvkrjcb,N_sink_mm,1,460,,,,,,,0.2445337325334549,,,
kyvkrjcb,N_sink_mm,1,461,,,,,,,0.2786960005760193,,,
kyvkrjcb,N_sink_mm,1,462,,,,,,,0.2839721739292145,,,
kyvkrjcb,N_sink_mm,1,463,,,,,,,0.3340911269187927,,,
kyvkrjcb,N_sink_mm,1,464,,,,,,,0.2629823684692383,,,
kyvkrjcb,N_sink_mm,1,465,,,,,,,0.2463296353816986,,,
kyvkrjcb,N_sink_mm,1,466,,,,,,,0.23384948074817657,,,
kyvkrjcb,N_sink_mm,1,467,,,,,,,0.3967721462249756,,,
kyvkrjcb,N_sink_mm,1,468,,,,,,,0.24741487205028534,,,
kyvkrjcb,N_sink_mm,1,469,,,,,,,0.27559858560562134,,,
kyvkrjcb,N_sink_mm,1,470,,,,,,,0.22867931425571442,,,
kyvkrjcb,N_sink_mm,1,471,,,,,,,0.20451436936855316,,,
kyvkrjcb,N_sink_mm,1,472,,,,,,,0.2240540087223053,,,
kyvkrjcb,N_sink_mm,1,473,,,,,,,0.2550753951072693,,,
kyvkrjcb,N_sink_mm,1,474,,,,,,,0.27013829350471497,,,
kyvkrjcb,N_sink_mm,1,475,,,,,,,0.26162344217300415,,,
kyvkrjcb,N_sink_mm,1,476,,,,,,,0.28032466769218445,,,
kyvkrjcb,N_sink_mm,1,477,,,,,,,0.25017282366752625,,,
kyvkrjcb,N_sink_mm,1,478,,,,,,,0.2204044610261917,,,
kyvkrjcb,N_sink_mm,1,479,,,,,,,0.21457266807556152,,,
kyvkrjcb,N_sink_mm,1,480,,,,,,,0.21582922339439392,,,
kyvkrjcb,N_sink_mm,1,481,,,,,,,0.2574678957462311,,,
kyvkrjcb,N_sink_mm,1,482,,,,,,,0.24200627207756042,,,
kyvkrjcb,N_sink_mm,1,483,,,,,,,0.2965274155139923,,,
kyvkrjcb,N_sink_mm,1,484,,,,,,,0.24364331364631653,,,
kyvkrjcb,N_sink_mm,1,485,,,,,,,0.25751546025276184,,,
kyvkrjcb,N_sink_mm,1,486,,,,,,,0.24722881615161896,,,
kyvkrjcb,N_sink_mm,1,487,,,,,,,0.2869408428668976,,,
kyvkrjcb,N_sink_mm,1,488,,,,,,,0.2502388060092926,,,
kyvkrjcb,N_sink_mm,1,489,,,,,,,0.25817686319351196,,,
kyvkrjcb,N_sink_mm,1,490,,,,,,,0.23653928935527802,,,
kyvkrjcb,N_sink_mm,1,491,,,,,,,0.28622278571128845,,,
kyvkrjcb,N_sink_mm,1,492,,,,,,,0.26081109046936035,,,
kyvkrjcb,N_sink_mm,1,493,,,,,,,0.25659188628196716,,,
kyvkrjcb,N_sink_mm,1,494,,,,,,,0.25076571106910706,,,
kyvkrjcb,N_sink_mm,1,495,,,,,,,0.2196665108203888,,,
kyvkrjcb,N_sink_mm,1,496,,,,,,,0.25327837467193604,,,
kyvkrjcb,N_sink_mm,1,497,,,,,,,0.2346104085445404,,,
kyvkrjcb,N_sink_mm,1,498,,,,,,,0.29644903540611267,,,
kyvkrjcb,N_sink_mm,1,499,,,,,,,0.36186692118644714,,,
kyvkrjcb,N_sink_mm,1,500,,,,,,,0.2694849669933319,,,
kyvkrjcb,N_sink_mm,1,501,,,,,,,0.2610218822956085,,,
kyvkrjcb,N_sink_mm,1,502,,,,,,,0.24706999957561493,,,
kyvkrjcb,N_sink_mm,1,503,,,,,,,0.2580362558364868,,,
kyvkrjcb,N_sink_mm,1,504,,,,,,,0.2481386363506317,,,
kyvkrjcb,N_sink_mm,1,505,,,,,,,0.21860110759735107,,,
kyvkrjcb,N_sink_mm,1,506,,,,,,,0.23541110754013062,,,
kyvkrjcb,N_sink_mm,1,507,,,,,,,0.2632107734680176,,,
kyvkrjcb,N_sink_mm,1,508,,,,,,,0.23560023307800293,,,
kyvkrjcb,N_sink_mm,1,509,,,,,,,0.2463781088590622,,,
kyvkrjcb,N_sink_mm,1,510,,,,,,,0.2523638606071472,,,
kyvkrjcb,N_sink_mm,1,511,,,,,,,0.2416200339794159,,,
kyvkrjcb,N_sink_mm,1,512,,,,,,,0.26709309220314026,,,
kyvkrjcb,N_sink_mm,1,513,,,,,,,0.20590661466121674,,,
kyvkrjcb,N_sink_mm,1,514,,,,,,,0.24675025045871735,,,
kyvkrjcb,N_sink_mm,1,515,,,,,,,0.32110288739204407,,,
kyvkrjcb,N_sink_mm,1,516,,,,,,,0.21720264852046967,,,
kyvkrjcb,N_sink_mm,1,517,,,,,,,0.22296684980392456,,,
kyvkrjcb,N_sink_mm,1,518,,,,,,,0.21892514824867249,,,
kyvkrjcb,N_sink_mm,1,519,,,,,,,0.23232674598693848,,,
kyvkrjcb,N_sink_mm,1,520,,,,,,,0.23031602799892426,,,
kyvkrjcb,N_sink_mm,1,521,,,,,,,0.22006230056285858,,,
kyvkrjcb,N_sink_mm,1,522,,,,,,,0.28086450695991516,,,
kyvkrjcb,N_sink_mm,1,523,,,,,,,0.3377552330493927,,,
kyvkrjcb,N_sink_mm,1,524,,,,,,,0.2304673194885254,,,
kyvkrjcb,N_sink_mm,1,525,,,,,,,0.28061822056770325,,,
kyvkrjcb,N_sink_mm,1,526,,,,,,,0.23765318095684052,,,
kyvkrjcb,N_sink_mm,1,527,,,,,,,0.24453212320804596,,,
kyvkrjcb,N_sink_mm,1,528,,,,,,,0.2551552653312683,,,
kyvkrjcb,N_sink_mm,1,529,,,,,,,0.26961857080459595,,,
kyvkrjcb,N_sink_mm,1,530,,,,,,,0.23504410684108734,,,
kyvkrjcb,N_sink_mm,1,531,,,,,,,0.3105958104133606,,,
kyvkrjcb,N_sink_mm,1,532,,,,,,,0.274221807718277,,,
kyvkrjcb,N_sink_mm,1,533,,,,,,,0.2550290822982788,,,
kyvkrjcb,N_sink_mm,1,534,,,,,,,0.2488250434398651,,,
kyvkrjcb,N_sink_mm,1,535,,,,,,,0.2635887861251831,,,
kyvkrjcb,N_sink_mm,1,536,,,,,,,0.24737659096717834,,,
kyvkrjcb,N_sink_mm,1,537,,,,,,,0.2767775356769562,,,
kyvkrjcb,N_sink_mm,1,538,,,,,,,0.25643110275268555,,,
kyvkrjcb,N_sink_mm,1,539,,,,,,,0.2440757006406784,,,
kyvkrjcb,N_sink_mm,1,540,,,,,,,0.2356339693069458,,,
kyvkrjcb,N_sink_mm,1,541,,,,,,,0.24753081798553467,,,
kyvkrjcb,N_sink_mm,1,542,,,,,,,0.27400532364845276,,,
kyvkrjcb,N_sink_mm,1,543,,,,,,,0.223789244890213,,,
kyvkrjcb,N_sink_mm,1,544,,,,,,,0.24099527299404144,,,
kyvkrjcb,N_sink_mm,1,545,,,,,,,0.252243310213089,,,
kyvkrjcb,N_sink_mm,1,546,,,,,,,0.2576536238193512,,,
kyvkrjcb,N_sink_mm,1,547,,,,,,,0.16958977282047272,,,
kyvkrjcb,N_sink_mm,1,548,,,,,,,0.22093302011489868,,,
kyvkrjcb,N_sink_mm,1,549,,,,,,,0.23636803030967712,,,
kyvkrjcb,N_sink_mm,1,550,,,,,,,0.23916245996952057,,,
kyvkrjcb,N_sink_mm,1,551,,,,,,,0.18499356508255005,,,
kyvkrjcb,N_sink_mm,1,552,,,,,,,0.2747355103492737,,,
kyvkrjcb,N_sink_mm,1,553,,,,,,,0.24063345789909363,,,
kyvkrjcb,N_sink_mm,1,554,,,,,,,0.2624552845954895,,,
kyvkrjcb,N_sink_mm,1,555,,,,,,,0.19954237341880798,,,
kyvkrjcb,N_sink_mm,1,556,,,,,,,0.24684101343154907,,,
kyvkrjcb,N_sink_mm,1,557,,,,,,,0.2700105607509613,,,
kyvkrjcb,N_sink_mm,1,558,,,,,,,0.26286008954048157,,,
kyvkrjcb,N_sink_mm,1,559,,,,,,,0.19873714447021484,,,
kyvkrjcb,N_sink_mm,1,560,,,,,,,0.23716892302036285,,,
kyvkrjcb,N_sink_mm,1,561,,,,,,,0.2489713579416275,,,
kyvkrjcb,N_sink_mm,1,562,,,,,,,0.256376177072525,,,
kyvkrjcb,N_sink_mm,1,563,,,,,,,0.24588966369628906,,,
kyvkrjcb,N_sink_mm,1,564,,,,,,,0.26096782088279724,,,
kyvkrjcb,N_sink_mm,1,565,,,,,,,0.26919203996658325,,,
kyvkrjcb,N_sink_mm,1,566,,,,,,,0.21642491221427917,,,
kyvkrjcb,N_sink_mm,1,567,,,,,,,0.2688399851322174,,,
kyvkrjcb,N_sink_mm,1,568,,,,,,,0.2396891862154007,,,
kyvkrjcb,N_sink_mm,1,569,,,,,,,0.21779270470142365,,,
kyvkrjcb,N_sink_mm,1,570,,,,,,,0.26253843307495117,,,
kyvkrjcb,N_sink_mm,1,571,,,,,,,0.2531656324863434,,,
kyvkrjcb,N_sink_mm,1,572,,,,,,,0.22844091057777405,,,
kyvkrjcb,N_sink_mm,1,573,,,,,,,0.27065035700798035,,,
kyvkrjcb,N_sink_mm,1,574,,,,,,,0.21715882420539856,,,
kyvkrjcb,N_sink_mm,1,575,,,,,,,0.27586424350738525,,,
kyvkrjcb,N_sink_mm,1,576,,,,,,,0.2439761608839035,,,
kyvkrjcb,N_sink_mm,1,577,,,,,,,0.23038630187511444,,,
kyvkrjcb,N_sink_mm,1,578,,,,,,,0.25187715888023376,,,
kyvkrjcb,N_sink_mm,1,579,,,,,,,0.2017526477575302,,,
kyvkrjcb,N_sink_mm,1,580,,,,,,,0.24147075414657593,,,
kyvkrjcb,N_sink_mm,1,581,,,,,,,0.2834087908267975,,,
kyvkrjcb,N_sink_mm,1,582,,,,,,,0.2644784450531006,,,
kyvkrjcb,N_sink_mm,1,583,,,,,,,0.2424985021352768,,,
kyvkrjcb,N_sink_mm,1,584,,,,,,,0.23289769887924194,,,
kyvkrjcb,N_sink_mm,1,585,,,,,,,0.22944128513336182,,,
kyvkrjcb,N_sink_mm,1,586,,,,,,,0.23326851427555084,,,
kyvkrjcb,N_sink_mm,1,587,,,,,,,0.21904036402702332,,,
kyvkrjcb,N_sink_mm,1,588,,,,,,,0.247274249792099,,,
kyvkrjcb,N_sink_mm,1,589,,,,,,,0.31309571862220764,,,
kyvkrjcb,N_sink_mm,1,590,,,,,,,0.24190129339694977,,,
kyvkrjcb,N_sink_mm,1,591,,,,,,,0.24402107298374176,,,
kyvkrjcb,N_sink_mm,1,592,,,,,,,0.28796520829200745,,,
kyvkrjcb,N_sink_mm,1,593,,,,,,,0.2438887357711792,,,
kyvkrjcb,N_sink_mm,1,594,,,,,,,0.21736784279346466,,,
kyvkrjcb,N_sink_mm,1,595,,,,,,,0.21220603585243225,,,
kyvkrjcb,N_sink_mm,1,596,,,,,,,0.2785707414150238,,,
kyvkrjcb,N_sink_mm,1,597,,,,,,,0.25528082251548767,,,
kyvkrjcb,N_sink_mm,1,598,,,,,,,0.238264262676239,,,
kyvkrjcb,N_sink_mm,1,599,,,,,,,0.21505898237228394,,,
kyvkrjcb,N_sink_mm,1,600,,,,,,,0.27298903465270996,,,
kyvkrjcb,N_sink_mm,1,601,,,,,,,0.27409055829048157,,,
kyvkrjcb,N_sink_mm,1,602,,,,,,,0.2260061800479889,,,
kyvkrjcb,N_sink_mm,1,603,,,,,,,0.19061551988124847,,,
kyvkrjcb,N_sink_mm,1,604,,,,,,,0.2792285084724426,,,
kyvkrjcb,N_sink_mm,1,605,,,,,,,0.23645074665546417,,,
kyvkrjcb,N_sink_mm,1,606,,,,,,,0.29403844475746155,,,
kyvkrjcb,N_sink_mm,1,607,,,,,,,0.20690123736858368,,,
kyvkrjcb,N_sink_mm,1,608,,,,,,,0.2624635100364685,,,
kyvkrjcb,N_sink_mm,1,609,,,,,,,0.24101710319519043,,,
kyvkrjcb,N_sink_mm,1,610,,,,,,,0.2535112202167511,,,
kyvkrjcb,N_sink_mm,1,611,,,,,,,0.21655549108982086,,,
kyvkrjcb,N_sink_mm,1,612,,,,,,,0.24900242686271667,,,
kyvkrjcb,N_sink_mm,1,613,,,,,,,0.2634158134460449,,,
kyvkrjcb,N_sink_mm,1,614,,,,,,,0.24302524328231812,,,
kyvkrjcb,N_sink_mm,1,615,,,,,,,0.2613614797592163,,,
kyvkrjcb,N_sink_mm,1,616,,,,,,,0.2511935532093048,,,
kyvkrjcb,N_sink_mm,1,617,,,,,,,0.20940722525119781,,,
kyvkrjcb,N_sink_mm,1,618,,,,,,,0.2929691672325134,,,
kyvkrjcb,N_sink_mm,1,619,,,,,,,0.2376614362001419,,,
kyvkrjcb,N_sink_mm,1,620,,,,,,,0.2523961663246155,,,
kyvkrjcb,N_sink_mm,1,621,,,,,,,0.24201837182044983,,,
kyvkrjcb,N_sink_mm,1,622,,,,,,,0.27416929602622986,,,
kyvkrjcb,N_sink_mm,1,623,,,,,,,0.20468394458293915,,,
kyvkrjcb,N_sink_mm,1,624,,,,,,,0.2662386894226074,,,
kyvkrjcb,N_sink_mm,1,625,,,,,,,0.30236148834228516,,,
kyvkrjcb,N_sink_mm,1,626,,,,,,,0.27509990334510803,,,
kyvkrjcb,N_sink_mm,1,627,,,,,,,0.20278343558311462,,,
kyvkrjcb,N_sink_mm,1,628,,,,,,,0.2914259731769562,,,
kyvkrjcb,N_sink_mm,1,629,,,,,,,0.23456114530563354,,,
kyvkrjcb,N_sink_mm,1,630,,,,,,,0.2433529943227768,,,
kyvkrjcb,N_sink_mm,1,631,,,,,,,0.2993367314338684,,,
kyvkrjcb,N_sink_mm,1,632,,,,,,,0.2348962426185608,,,
kyvkrjcb,N_sink_mm,1,633,,,,,,,0.24282516539096832,,,
kyvkrjcb,N_sink_mm,1,634,,,,,,,0.2602730691432953,,,
kyvkrjcb,N_sink_mm,1,635,,,,,,,0.31098321080207825,,,
kyvkrjcb,N_sink_mm,1,636,,,,,,,0.24158787727355957,,,
kyvkrjcb,N_sink_mm,1,637,,,,,,,0.2243482619524002,,,
kyvkrjcb,N_sink_mm,1,638,,,,,,,0.21929465234279633,,,
kyvkrjcb,N_sink_mm,1,639,,,,,,,0.21165744960308075,,,
kyvkrjcb,N_sink_mm,1,640,,,,,,,0.20467253029346466,,,
kyvkrjcb,N_sink_mm,1,641,,,,,,,0.26263368129730225,,,
kyvkrjcb,N_sink_mm,1,642,,,,,,,0.24226972460746765,,,
kyvkrjcb,N_sink_mm,1,643,,,,,,,0.2883528470993042,,,
kyvkrjcb,N_sink_mm,1,644,,,,,,,0.2576867341995239,,,
kyvkrjcb,N_sink_mm,1,645,,,,,,,0.2419874519109726,,,
kyvkrjcb,N_sink_mm,1,646,,,,,,,0.24450618028640747,,,
kyvkrjcb,N_sink_mm,1,647,,,,,,,0.20486369729042053,,,
kyvkrjcb,N_sink_mm,1,648,,,,,,,0.24887384474277496,,,
kyvkrjcb,N_sink_mm,1,649,,,,,,,0.2248832881450653,,,
kyvkrjcb,N_sink_mm,1,650,,,,,,,0.25052008032798767,,,
kyvkrjcb,N_sink_mm,1,651,,,,,,,0.20880985260009766,,,
kyvkrjcb,N_sink_mm,1,652,,,,,,,0.2542966306209564,,,
kyvkrjcb,N_sink_mm,1,653,,,,,,,0.2403123676776886,,,
kyvkrjcb,N_sink_mm,1,654,,,,,,,0.2572590410709381,,,
kyvkrjcb,N_sink_mm,1,655,,,,,,,0.29674527049064636,,,
kyvkrjcb,N_sink_mm,1,656,,,,,,,0.2507144510746002,,,
kyvkrjcb,N_sink_mm,1,657,,,,,,,0.2601486146450043,,,
kyvkrjcb,N_sink_mm,1,658,,,,,,,0.2725059986114502,,,
kyvkrjcb,N_sink_mm,1,659,,,,,,,0.21240945160388947,,,
kyvkrjcb,N_sink_mm,1,660,,,,,,,0.2561018168926239,,,
kyvkrjcb,N_sink_mm,1,661,,,,,,,0.24311263859272003,,,
kyvkrjcb,N_sink_mm,1,662,,,,,,,0.2116115689277649,,,
kyvkrjcb,N_sink_mm,1,663,,,,,,,0.17841339111328125,,,
kyvkrjcb,N_sink_mm,1,664,,,,,,,0.2330380082130432,,,
kyvkrjcb,N_sink_mm,1,665,,,,,,,0.24371197819709778,,,
kyvkrjcb,N_sink_mm,1,666,,,,,,,0.231121227145195,,,
kyvkrjcb,N_sink_mm,1,667,,,,,,,0.24314351379871368,,,
kyvkrjcb,N_sink_mm,1,668,,,,,,,0.2656114399433136,,,
kyvkrjcb,N_sink_mm,1,669,,,,,,,0.236571803689003,,,
kyvkrjcb,N_sink_mm,1,670,,,,,,,0.22151638567447662,,,
kyvkrjcb,N_sink_mm,1,671,,,,,,,0.23548293113708496,,,
kyvkrjcb,N_sink_mm,1,672,,,,,,,0.23881228268146515,,,
kyvkrjcb,N_sink_mm,1,673,,,,,,,0.2568923532962799,,,
kyvkrjcb,N_sink_mm,1,674,,,,,,,0.2683390974998474,,,
kyvkrjcb,N_sink_mm,1,675,,,,,,,0.20294427871704102,,,
kyvkrjcb,N_sink_mm,1,676,,,,,,,0.23063653707504272,,,
kyvkrjcb,N_sink_mm,1,677,,,,,,,0.26958656311035156,,,
kyvkrjcb,N_sink_mm,1,678,,,,,,,0.25885093212127686,,,
kyvkrjcb,N_sink_mm,1,679,,,,,,,0.17275075614452362,,,
kyvkrjcb,N_sink_mm,1,680,,,,,,,0.2036876678466797,,,
kyvkrjcb,N_sink_mm,1,681,,,,,,,0.23745901882648468,,,
kyvkrjcb,N_sink_mm,1,682,,,,,,,0.23938322067260742,,,
kyvkrjcb,N_sink_mm,1,683,,,,,,,0.21640755236148834,,,
kyvkrjcb,N_sink_mm,1,684,,,,,,,0.22178326547145844,,,
kyvkrjcb,N_sink_mm,1,685,,,,,,,0.29456987977027893,,,
kyvkrjcb,N_sink_mm,1,686,,,,,,,0.24836964905261993,,,
kyvkrjcb,N_sink_mm,1,687,,,,,,,0.3355499804019928,,,
kyvkrjcb,N_sink_mm,1,688,,,,,,,0.22820746898651123,,,
kyvkrjcb,N_sink_mm,1,689,,,,,,,0.28727084398269653,,,
kyvkrjcb,N_sink_mm,1,690,,,,,,,0.28604748845100403,,,
kyvkrjcb,N_sink_mm,1,691,,,,,,,0.20215284824371338,,,
kyvkrjcb,N_sink_mm,1,692,,,,,,,0.2761607766151428,,,
kyvkrjcb,N_sink_mm,1,693,,,,,,,0.2580403983592987,,,
kyvkrjcb,N_sink_mm,1,694,,,,,,,0.2755776047706604,,,
kyvkrjcb,N_sink_mm,1,695,,,,,,,0.27095863223075867,,,
kyvkrjcb,N_sink_mm,1,696,,,,,,,0.2462710738182068,,,
kyvkrjcb,N_sink_mm,1,697,,,,,,,0.25946518778800964,,,
kyvkrjcb,N_sink_mm,1,698,,,,,,,0.2581167221069336,,,
kyvkrjcb,N_sink_mm,1,699,,,,,,,0.23055097460746765,,,
kyvkrjcb,N_sink_mm,1,700,,,,,,,0.26306667923927307,,,
kyvkrjcb,N_sink_mm,1,701,,,,,,,0.23906633257865906,,,
kyvkrjcb,N_sink_mm,1,702,,,,,,,0.24739158153533936,,,
kyvkrjcb,N_sink_mm,1,703,,,,,,,0.25475141406059265,,,
kyvkrjcb,N_sink_mm,1,704,,,,,,,0.2636967599391937,,,
kyvkrjcb,N_sink_mm,1,705,,,,,,,0.25828441977500916,,,
kyvkrjcb,N_sink_mm,1,706,,,,,,,0.2971808910369873,,,
kyvkrjcb,N_sink_mm,1,707,,,,,,,0.20006927847862244,,,
kyvkrjcb,N_sink_mm,1,708,,,,,,,0.23014356195926666,,,
kyvkrjcb,N_sink_mm,1,709,,,,,,,0.2374304234981537,,,
kyvkrjcb,N_sink_mm,1,710,,,,,,,0.2534710764884949,,,
kyvkrjcb,N_sink_mm,1,711,,,,,,,0.3207365572452545,,,
kyvkrjcb,N_sink_mm,1,712,,,,,,,0.22715792059898376,,,
kyvkrjcb,N_sink_mm,1,713,,,,,,,0.23687992990016937,,,
kyvkrjcb,N_sink_mm,1,714,,,,,,,0.24697181582450867,,,
kyvkrjcb,N_sink_mm,1,715,,,,,,,0.2168884128332138,,,
kyvkrjcb,N_sink_mm,1,716,,,,,,,0.23431947827339172,,,
kyvkrjcb,N_sink_mm,1,717,,,,,,,0.22611667215824127,,,
kyvkrjcb,N_sink_mm,1,718,,,,,,,0.25817903876304626,,,
kyvkrjcb,N_sink_mm,1,719,,,,,,,0.19275528192520142,,,
kyvkrjcb,N_sink_mm,1,720,,,,,,,0.2503322958946228,,,
kyvkrjcb,N_sink_mm,1,721,,,,,,,0.27142593264579773,,,
kyvkrjcb,N_sink_mm,1,722,,,,,,,0.21603739261627197,,,
kyvkrjcb,N_sink_mm,1,723,,,,,,,0.2017829269170761,,,
kyvkrjcb,N_sink_mm,1,724,,,,,,,0.30205217003822327,,,
kyvkrjcb,N_sink_mm,1,725,,,,,,,0.21783511340618134,,,
kyvkrjcb,N_sink_mm,1,726,,,,,,,0.26521268486976624,,,
kyvkrjcb,N_sink_mm,1,727,,,,,,,0.27623656392097473,,,
kyvkrjcb,N_sink_mm,1,728,,,,,,,0.26142534613609314,,,
kyvkrjcb,N_sink_mm,1,729,,,,,,,0.25079816579818726,,,
kyvkrjcb,N_sink_mm,1,730,,,,,,,0.2546326816082001,,,
kyvkrjcb,N_sink_mm,1,731,,,,,,,0.2846551835536957,,,
kyvkrjcb,N_sink_mm,1,732,,,,,,,0.24622641503810883,,,
kyvkrjcb,N_sink_mm,1,733,,,,,,,0.25360965728759766,,,
kyvkrjcb,N_sink_mm,1,734,,,,,,,0.24060793220996857,,,
kyvkrjcb,N_sink_mm,1,735,,,,,,,0.25721967220306396,,,
kyvkrjcb,N_sink_mm,1,736,,,,,,,0.23931191861629486,,,
kyvkrjcb,N_sink_mm,1,737,,,,,,,0.2744046151638031,,,
kyvkrjcb,N_sink_mm,1,738,,,,,,,0.2246173918247223,,,
kyvkrjcb,N_sink_mm,1,739,,,,,,,0.3690786361694336,,,
kyvkrjcb,N_sink_mm,1,740,,,,,,,0.28035807609558105,,,
kyvkrjcb,N_sink_mm,1,741,,,,,,,0.25338268280029297,,,
kyvkrjcb,N_sink_mm,1,742,,,,,,,0.22716370224952698,,,
kyvkrjcb,N_sink_mm,1,743,,,,,,,0.29896464943885803,,,
kyvkrjcb,N_sink_mm,1,744,,,,,,,0.24776293337345123,,,
kyvkrjcb,N_sink_mm,1,745,,,,,,,0.2673264443874359,,,
kyvkrjcb,N_sink_mm,1,746,,,,,,,0.25772544741630554,,,
kyvkrjcb,N_sink_mm,1,747,,,,,,,0.24059994518756866,,,
kyvkrjcb,N_sink_mm,1,748,,,,,,,0.24564510583877563,,,
kyvkrjcb,N_sink_mm,1,749,,,,,,,0.2921398878097534,,,
kyvkrjcb,N_sink_mm,1,750,,,,,,,0.21015596389770508,,,
kyvkrjcb,N_sink_mm,1,751,,,,,,,0.28589746356010437,,,
kyvkrjcb,N_sink_mm,1,752,,,,,,,0.2344481348991394,,,
kyvkrjcb,N_sink_mm,1,753,,,,,,,0.2380971908569336,,,
kyvkrjcb,N_sink_mm,1,754,,,,,,,0.249995157122612,,,
kyvkrjcb,N_sink_mm,1,755,,,,,,,0.2743349075317383,,,
kyvkrjcb,N_sink_mm,1,756,,,,,,,0.24107906222343445,,,
kyvkrjcb,N_sink_mm,1,757,,,,,,,0.24471578001976013,,,
kyvkrjcb,N_sink_mm,1,758,,,,,,,0.25318706035614014,,,
kyvkrjcb,N_sink_mm,1,759,,,,,,,0.3135412931442261,,,
kyvkrjcb,N_sink_mm,1,760,,,,,,,0.26820001006126404,,,
kyvkrjcb,N_sink_mm,1,761,,,,,,,0.25411757826805115,,,
kyvkrjcb,N_sink_mm,1,762,,,,,,,0.2337246984243393,,,
kyvkrjcb,N_sink_mm,1,763,,,,,,,0.23968499898910522,,,
kyvkrjcb,N_sink_mm,1,764,,,,,,,0.2529277801513672,,,
kyvkrjcb,N_sink_mm,1,765,,,,,,,0.27761122584342957,,,
kyvkrjcb,N_sink_mm,1,766,,,,,,,0.3003794252872467,,,
kyvkrjcb,N_sink_mm,1,767,,,,,,,0.21786698698997498,,,
kyvkrjcb,N_sink_mm,1,768,,,,,,,0.25196653604507446,,,
kyvkrjcb,N_sink_mm,1,769,,,,,,,0.26533693075180054,,,
kyvkrjcb,N_sink_mm,1,770,,,,,,,0.2562597990036011,,,
kyvkrjcb,N_sink_mm,1,771,,,,,,,0.46920907497406006,,,
kyvkrjcb,N_sink_mm,1,772,,,,,,,0.26536861062049866,,,
kyvkrjcb,N_sink_mm,1,773,,,,,,,0.24700036644935608,,,
kyvkrjcb,N_sink_mm,1,774,,,,,,,0.2621222734451294,,,
kyvkrjcb,N_sink_mm,1,775,,,,,,,0.31534451246261597,,,
kyvkrjcb,N_sink_mm,1,776,,,,,,,0.24573065340518951,,,
kyvkrjcb,N_sink_mm,1,777,,,,,,,0.21277464926242828,,,
kyvkrjcb,N_sink_mm,1,778,,,,,,,0.24719591438770294,,,
kyvkrjcb,N_sink_mm,1,779,,,,,,,0.28807079792022705,,,
kyvkrjcb,N_sink_mm,1,780,,,,,,,0.27898165583610535,,,
kyvkrjcb,N_sink_mm,1,781,,,,,,,0.28251662850379944,,,
kyvkrjcb,N_sink_mm,1,782,,,,,,,0.20970231294631958,,,
kyvkrjcb,N_sink_mm,1,783,,,,,,,0.28592419624328613,,,
kyvkrjcb,N_sink_mm,1,784,,,,,,,0.26436489820480347,,,
kyvkrjcb,N_sink_mm,1,785,,,,,,,0.28406867384910583,,,
kyvkrjcb,N_sink_mm,1,786,,,,,,,0.23254865407943726,,,
kyvkrjcb,N_sink_mm,1,787,,,,,,,0.36453771591186523,,,
kyvkrjcb,N_sink_mm,1,788,,,,,,,0.26665547490119934,,,
kyvkrjcb,N_sink_mm,1,789,,,,,,,0.21823233366012573,,,
kyvkrjcb,N_sink_mm,1,790,,,,,,,0.2450675517320633,,,
kyvkrjcb,N_sink_mm,1,791,,,,,,,0.238834410905838,,,
kyvkrjcb,N_sink_mm,1,792,,,,,,,0.2651166021823883,,,
kyvkrjcb,N_sink_mm,1,793,,,,,,,0.2747069001197815,,,
kyvkrjcb,N_sink_mm,1,794,,,,,,,0.23622696101665497,,,
kyvkrjcb,N_sink_mm,1,795,,,,,,,0.18995681405067444,,,
kyvkrjcb,N_sink_mm,1,796,,,,,,,0.23075097799301147,,,
kyvkrjcb,N_sink_mm,1,797,,,,,,,0.24372659623622894,,,
kyvkrjcb,N_sink_mm,1,798,,,,,,,0.26765698194503784,,,
kyvkrjcb,N_sink_mm,1,799,,,,,,,0.29663944244384766,,,
kyvkrjcb,N_sink_mm,1,800,,,,,,,0.21369048953056335,,,
kyvkrjcb,N_sink_mm,1,801,,,,,,,0.24769720435142517,,,
kyvkrjcb,N_sink_mm,1,802,,,,,,,0.28950998187065125,,,
kyvkrjcb,N_sink_mm,1,803,,,,,,,0.22271215915679932,,,
kyvkrjcb,N_sink_mm,1,804,,,,,,,0.2560611963272095,,,
kyvkrjcb,N_sink_mm,1,805,,,,,,,0.23640818893909454,,,
kyvkrjcb,N_sink_mm,1,806,,,,,,,0.24100832641124725,,,
kyvkrjcb,N_sink_mm,1,807,,,,,,,0.3669692277908325,,,
kyvkrjcb,N_sink_mm,1,808,,,,,,,0.243333637714386,,,
kyvkrjcb,N_sink_mm,1,809,,,,,,,0.22967807948589325,,,
kyvkrjcb,N_sink_mm,1,810,,,,,,,0.2434786856174469,,,
kyvkrjcb,N_sink_mm,1,811,,,,,,,0.3086710572242737,,,
kyvkrjcb,N_sink_mm,1,812,,,,,,,0.24900810420513153,,,
kyvkrjcb,N_sink_mm,1,813,,,,,,,0.24304711818695068,,,
kyvkrjcb,N_sink_mm,1,814,,,,,,,0.23265999555587769,,,
kyvkrjcb,N_sink_mm,1,815,,,,,,,0.20448513329029083,,,
kyvkrjcb,N_sink_mm,1,816,,,,,,,0.3012872636318207,,,
kyvkrjcb,N_sink_mm,1,817,,,,,,,0.26814255118370056,,,
kyvkrjcb,N_sink_mm,1,818,,,,,,,0.23563121259212494,,,
kyvkrjcb,N_sink_mm,1,819,,,,,,,0.20050515234470367,,,
kyvkrjcb,N_sink_mm,1,820,,,,,,,0.23860371112823486,,,
kyvkrjcb,N_sink_mm,1,821,,,,,,,0.2062247097492218,,,
kyvkrjcb,N_sink_mm,1,822,,,,,,,0.26987943053245544,,,
kyvkrjcb,N_sink_mm,1,823,,,,,,,0.2798876166343689,,,
kyvkrjcb,N_sink_mm,1,824,,,,,,,0.2635396420955658,,,
kyvkrjcb,N_sink_mm,1,825,,,,,,,0.2783069312572479,,,
kyvkrjcb,N_sink_mm,1,826,,,,,,,0.23610040545463562,,,
kyvkrjcb,N_sink_mm,1,827,,,,,,,0.21177233755588531,,,
kyvkrjcb,N_sink_mm,1,828,,,,,,,0.2541961669921875,,,
kyvkrjcb,N_sink_mm,1,829,,,,,,,0.25011560320854187,,,
kyvkrjcb,N_sink_mm,1,830,,,,,,,0.24042493104934692,,,
kyvkrjcb,N_sink_mm,1,831,,,,,,,0.2752983868122101,,,
kyvkrjcb,N_sink_mm,1,832,,,,,,,0.24733729660511017,,,
kyvkrjcb,N_sink_mm,1,833,,,,,,,0.2387159764766693,,,
kyvkrjcb,N_sink_mm,1,834,,,,,,,0.22991374135017395,,,
kyvkrjcb,N_sink_mm,1,835,,,,,,,0.2615717649459839,,,
kyvkrjcb,N_sink_mm,1,836,,,,,,,0.2532358467578888,,,
kyvkrjcb,N_sink_mm,1,837,,,,,,,0.22522614896297455,,,
kyvkrjcb,N_sink_mm,1,838,,,,,,,0.20006583631038666,,,
kyvkrjcb,N_sink_mm,1,839,,,,,,,0.2291513830423355,,,
kyvkrjcb,N_sink_mm,1,840,,,,,,,0.24806304275989532,,,
kyvkrjcb,N_sink_mm,1,841,,,,,,,0.24158069491386414,,,
kyvkrjcb,N_sink_mm,1,842,,,,,,,0.22681237757205963,,,
kyvkrjcb,N_sink_mm,1,843,,,,,,,0.2249063402414322,,,
kyvkrjcb,N_sink_mm,1,844,,,,,,,0.2775556445121765,,,
kyvkrjcb,N_sink_mm,1,845,,,,,,,0.31973788142204285,,,
kyvkrjcb,N_sink_mm,1,846,,,,,,,0.23699568212032318,,,
kyvkrjcb,N_sink_mm,1,847,,,,,,,0.20416508615016937,,,
kyvkrjcb,N_sink_mm,1,848,,,,,,,0.25232988595962524,,,
kyvkrjcb,N_sink_mm,1,849,,,,,,,0.29116350412368774,,,
kyvkrjcb,N_sink_mm,1,850,,,,,,,0.24175956845283508,,,
kyvkrjcb,N_sink_mm,1,851,,,,,,,0.22878791391849518,,,
kyvkrjcb,N_sink_mm,1,852,,,,,,,0.22699175775051117,,,
kyvkrjcb,N_sink_mm,1,853,,,,,,,0.23398377001285553,,,
kyvkrjcb,N_sink_mm,1,854,,,,,,,0.2806816101074219,,,
kyvkrjcb,N_sink_mm,1,855,,,,,,,0.45813825726509094,,,
kyvkrjcb,N_sink_mm,1,856,,,,,,,0.23385898768901825,,,
kyvkrjcb,N_sink_mm,1,857,,,,,,,0.23984819650650024,,,
kyvkrjcb,N_sink_mm,1,858,,,,,,,0.2564268112182617,,,
kyvkrjcb,N_sink_mm,1,859,,,,,,,0.25339093804359436,,,
kyvkrjcb,N_sink_mm,1,860,,,,,,,0.24927818775177002,,,
kyvkrjcb,N_sink_mm,1,861,,,,,,,0.24009481072425842,,,
kyvkrjcb,N_sink_mm,1,862,,,,,,,0.23787915706634521,,,
kyvkrjcb,N_sink_mm,1,863,,,,,,,0.2973933219909668,,,
kyvkrjcb,N_sink_mm,1,864,,,,,,,0.23894129693508148,,,
kyvkrjcb,N_sink_mm,1,865,,,,,,,0.23656561970710754,,,
kyvkrjcb,N_sink_mm,1,866,,,,,,,0.2796560227870941,,,
kyvkrjcb,N_sink_mm,1,867,,,,,,,0.23423951864242554,,,
kyvkrjcb,N_sink_mm,1,868,,,,,,,0.31132957339286804,,,
kyvkrjcb,N_sink_mm,1,869,,,,,,,0.3012039363384247,,,
kyvkrjcb,N_sink_mm,1,870,,,,,,,0.2784029245376587,,,
kyvkrjcb,N_sink_mm,1,871,,,,,,,0.1894744336605072,,,
kyvkrjcb,N_sink_mm,1,872,,,,,,,0.28881773352622986,,,
kyvkrjcb,N_sink_mm,1,873,,,,,,,0.2339654564857483,,,
kyvkrjcb,N_sink_mm,1,874,,,,,,,0.23753508925437927,,,
kyvkrjcb,N_sink_mm,1,875,,,,,,,0.2260965257883072,,,
kyvkrjcb,N_sink_mm,1,876,,,,,,,0.25868573784828186,,,
kyvkrjcb,N_sink_mm,1,877,,,,,,,0.2331985980272293,,,
kyvkrjcb,N_sink_mm,1,878,,,,,,,0.23512175679206848,,,
kyvkrjcb,N_sink_mm,1,879,,,,,,,0.1937611699104309,,,
kyvkrjcb,N_sink_mm,1,880,,,,,,,0.27860888838768005,,,
kyvkrjcb,N_sink_mm,1,881,,,,,,,0.20886331796646118,,,
kyvkrjcb,N_sink_mm,1,882,,,,,,,0.2542679011821747,,,
kyvkrjcb,N_sink_mm,1,883,,,,,,,0.2294163852930069,,,
kyvkrjcb,N_sink_mm,1,884,,,,,,,0.2359982579946518,,,
kyvkrjcb,N_sink_mm,1,885,,,,,,,0.2517431080341339,,,
kyvkrjcb,N_sink_mm,1,886,,,,,,,0.23076967895030975,,,
kyvkrjcb,N_sink_mm,1,887,,,,,,,0.2146245539188385,,,
kyvkrjcb,N_sink_mm,1,888,,,,,,,0.24844799935817719,,,
kyvkrjcb,N_sink_mm,1,889,,,,,,,0.24740582704544067,,,
kyvkrjcb,N_sink_mm,1,890,,,,,,,0.24886837601661682,,,
kyvkrjcb,N_sink_mm,1,891,,,,,,,0.17706187069416046,,,
kyvkrjcb,N_sink_mm,1,892,,,,,,,0.2536882758140564,,,
kyvkrjcb,N_sink_mm,1,893,,,,,,,0.22840294241905212,,,
kyvkrjcb,N_sink_mm,1,894,,,,,,,0.23619431257247925,,,
kyvkrjcb,N_sink_mm,1,895,,,,,,,0.18422093987464905,,,
kyvkrjcb,N_sink_mm,1,896,,,,,,,0.2343684583902359,,,
kyvkrjcb,N_sink_mm,1,897,,,,,,,0.224229097366333,,,
kyvkrjcb,N_sink_mm,1,898,,,,,,,0.2347133606672287,,,
kyvkrjcb,N_sink_mm,1,899,,,,,,,0.2498222142457962,,,
kyvkrjcb,N_sink_mm,1,900,,,,,,,0.267697274684906,,,
kyvkrjcb,N_sink_mm,1,901,,,,,,,0.21830140054225922,,,
kyvkrjcb,N_sink_mm,1,902,,,,,,,0.255890429019928,,,
kyvkrjcb,N_sink_mm,1,903,,,,,,,0.3020572066307068,,,
kyvkrjcb,N_sink_mm,1,904,,,,,,,0.2700531780719757,,,
kyvkrjcb,N_sink_mm,1,905,,,,,,,0.27629896998405457,,,
kyvkrjcb,N_sink_mm,1,906,,,,,,,0.24550512433052063,,,
kyvkrjcb,N_sink_mm,1,907,,,,,,,0.2819295823574066,,,
kyvkrjcb,N_sink_mm,1,908,,,,,,,0.225007101893425,,,
kyvkrjcb,N_sink_mm,1,909,,,,,,,0.2252960056066513,,,
kyvkrjcb,N_sink_mm,1,910,,,,,,,0.22030538320541382,,,
kyvkrjcb,N_sink_mm,1,911,,,,,,,0.2052088975906372,,,
kyvkrjcb,N_sink_mm,1,912,,,,,,,0.21958929300308228,,,
kyvkrjcb,N_sink_mm,1,913,,,,,,,0.2416079342365265,,,
kyvkrjcb,N_sink_mm,1,914,,,,,,,0.2334890067577362,,,
kyvkrjcb,N_sink_mm,1,915,,,,,,,0.2429000288248062,,,
kyvkrjcb,N_sink_mm,1,916,,,,,,,0.23242634534835815,,,
kyvkrjcb,N_sink_mm,1,917,,,,,,,0.2740916609764099,,,
kyvkrjcb,N_sink_mm,1,918,,,,,,,0.23633983731269836,,,
kyvkrjcb,N_sink_mm,1,919,,,,,,,0.2455083429813385,,,
kyvkrjcb,N_sink_mm,1,920,,,,,,,0.22735029458999634,,,
kyvkrjcb,N_sink_mm,1,921,,,,,,,0.25462204217910767,,,
kyvkrjcb,N_sink_mm,1,922,,,,,,,0.23580008745193481,,,
kyvkrjcb,N_sink_mm,1,923,,,,,,,0.24184799194335938,,,
kyvkrjcb,N_sink_mm,1,924,,,,,,,0.22478649020195007,,,
kyvkrjcb,N_sink_mm,1,925,,,,,,,0.24174587428569794,,,
kyvkrjcb,N_sink_mm,1,926,,,,,,,0.24683058261871338,,,
kyvkrjcb,N_sink_mm,1,927,,,,,,,0.20056430995464325,,,
kyvkrjcb,N_sink_mm,1,928,,,,,,,0.2628445029258728,,,
kyvkrjcb,N_sink_mm,1,929,,,,,,,0.2581948935985565,,,
kyvkrjcb,N_sink_mm,1,930,,,,,,,0.22542886435985565,,,
kyvkrjcb,N_sink_mm,1,931,,,,,,,0.18688173592090607,,,
kyvkrjcb,N_sink_mm,1,932,,,,,,,0.25421199202537537,,,
kyvkrjcb,N_sink_mm,1,933,,,,,,,0.2639007270336151,,,
kyvkrjcb,N_sink_mm,1,934,,,,,,,0.21523645520210266,,,
kyvkrjcb,N_sink_mm,1,935,,,,,,,0.28839951753616333,,,
kyvkrjcb,N_sink_mm,1,936,,,,,,,0.2767176330089569,,,
kyvkrjcb,N_sink_mm,1,937,,,,,,,0.2313811331987381,,,
kyvkrjcb,N_sink_mm,1,938,,,,,,,0.25551673769950867,,,
kyvkrjcb,N_sink_mm,1,939,,,,,,,0.20856384932994843,,,
kyvkrjcb,N_sink_mm,1,940,,,,,,,0.24022047221660614,,,
kyvkrjcb,N_sink_mm,1,941,,,,,,,0.19810378551483154,,,
kyvkrjcb,N_sink_mm,1,942,,,,,,,0.2426403909921646,,,
kyvkrjcb,N_sink_mm,1,943,,,,,,,0.21085385978221893,,,
kyvkrjcb,N_sink_mm,1,944,,,,,,,0.2424367517232895,,,
kyvkrjcb,N_sink_mm,1,945,,,,,,,0.23542028665542603,,,
kyvkrjcb,N_sink_mm,1,946,,,,,,,0.27112799882888794,,,
kyvkrjcb,N_sink_mm,1,947,,,,,,,0.2518163323402405,,,
kyvkrjcb,N_sink_mm,1,948,,,,,,,0.2650371789932251,,,
kyvkrjcb,N_sink_mm,1,949,,,,,,,0.246954083442688,,,
kyvkrjcb,N_sink_mm,1,950,,,,,,,0.27499058842658997,,,
kyvkrjcb,N_sink_mm,1,951,,,,,,,0.22492192685604095,,,
kyvkrjcb,N_sink_mm,1,952,,,,,,,0.245683491230011,,,
kyvkrjcb,N_sink_mm,1,953,,,,,,,0.2587693929672241,,,
kyvkrjcb,N_sink_mm,1,954,,,,,,,0.25076961517333984,,,
kyvkrjcb,N_sink_mm,1,955,,,,,,,0.18429170548915863,,,
kyvkrjcb,N_sink_mm,1,956,,,,,,,0.2615836262702942,,,
kyvkrjcb,N_sink_mm,1,957,,,,,,,0.2358395904302597,,,
kyvkrjcb,N_sink_mm,1,958,,,,,,,0.2531149983406067,,,
kyvkrjcb,N_sink_mm,1,959,,,,,,,0.24717089533805847,,,
kyvkrjcb,N_sink_mm,1,960,,,,,,,0.25903186202049255,,,
kyvkrjcb,N_sink_mm,1,961,,,,,,,0.26143938302993774,,,
kyvkrjcb,N_sink_mm,1,962,,,,,,,0.2493283748626709,,,
kyvkrjcb,N_sink_mm,1,963,,,,,,,0.2366451472043991,,,
kyvkrjcb,N_sink_mm,1,964,,,,,,,0.2538986802101135,,,
kyvkrjcb,N_sink_mm,1,965,,,,,,,0.23973782360553741,,,
kyvkrjcb,N_sink_mm,1,966,,,,,,,0.2347833216190338,,,
kyvkrjcb,N_sink_mm,1,967,,,,,,,0.27694806456565857,,,
kyvkrjcb,N_sink_mm,1,968,,,,,,,0.24146178364753723,,,
kyvkrjcb,N_sink_mm,1,969,,,,,,,0.2537630498409271,,,
kyvkrjcb,N_sink_mm,1,970,,,,,,,0.23270957171916962,,,
kyvkrjcb,N_sink_mm,1,971,,,,,,,0.2851833403110504,,,
kyvkrjcb,N_sink_mm,1,972,,,,,,,0.21727609634399414,,,
kyvkrjcb,N_sink_mm,1,973,,,,,,,0.2781134843826294,,,
kyvkrjcb,N_sink_mm,1,974,,,,,,,0.24092788994312286,,,
kyvkrjcb,N_sink_mm,1,975,,,,,,,0.2660185992717743,,,
kyvkrjcb,N_sink_mm,1,976,,,,,,,0.2586553394794464,,,
kyvkrjcb,N_sink_mm,1,977,,,,,,,0.24500977993011475,,,
kyvkrjcb,N_sink_mm,1,978,,,,,,,0.22538340091705322,,,
kyvkrjcb,N_sink_mm,1,979,,,,,,,0.24013829231262207,,,
kyvkrjcb,N_sink_mm,1,980,,,,,,,0.243623286485672,,,
kyvkrjcb,N_sink_mm,1,981,,,,,,,0.2431548535823822,,,
kyvkrjcb,N_sink_mm,1,982,,,,,,,0.24508383870124817,,,
kyvkrjcb,N_sink_mm,1,983,,,,,,,0.2693411707878113,,,
kyvkrjcb,N_sink_mm,1,984,,,,,,,0.28163185715675354,,,
kyvkrjcb,N_sink_mm,1,985,,,,,,,0.2592390179634094,,,
kyvkrjcb,N_sink_mm,1,986,,,,,,,0.2564816176891327,,,
kyvkrjcb,N_sink_mm,1,987,,,,,,,0.18246708810329437,,,
kyvkrjcb,N_sink_mm,1,988,,,,,,,0.21616406738758087,,,
kyvkrjcb,N_sink_mm,1,989,,,,,,,0.2242000550031662,,,
kyvkrjcb,N_sink_mm,1,990,,,,,,,0.2466382384300232,,,
kyvkrjcb,N_sink_mm,1,991,,,,,,,0.2489679753780365,,,
kyvkrjcb,N_sink_mm,1,992,,,,,,,0.278012216091156,,,
kyvkrjcb,N_sink_mm,1,993,,,,,,,0.2382017821073532,,,
kyvkrjcb,N_sink_mm,1,994,,,,,,,0.23800085484981537,,,
kyvkrjcb,N_sink_mm,1,995,,,,,,,0.27683913707733154,,,
kyvkrjcb,N_sink_mm,1,996,,,,,,,0.2396015226840973,,,
kyvkrjcb,N_sink_mm,1,997,,,,,,,0.2224177122116089,,,
kyvkrjcb,N_sink_mm,1,998,,,,,,,0.2542281448841095,,,
kyvkrjcb,N_sink_mm,1,999,,,,,,,0.21600575745105743,,,
kyvkrjcb,N_sink_mm,1,1000,,,,,,,0.2494848072528839,,,
kyvkrjcb,N_sink_mm,1,1001,,,,,,,0.2532441020011902,,,
kyvkrjcb,N_sink_mm,1,1002,,,,,,,0.21529053151607513,,,
kyvkrjcb,N_sink_mm,1,1003,,,,,,,0.2103373110294342,,,
kyvkrjcb,N_sink_mm,1,1004,,,,,,,0.2384251356124878,,,
kyvkrjcb,N_sink_mm,1,1005,,,,,,,0.21324299275875092,,,
kyvkrjcb,N_sink_mm,1,1006,,,,,,,0.23338058590888977,,,
kyvkrjcb,N_sink_mm,1,1007,,,,,,,0.21145585179328918,,,
kyvkrjcb,N_sink_mm,1,1008,,,,,,,0.198953315615654,,,
kyvkrjcb,N_sink_mm,1,1009,,,,,,,0.23584751784801483,,,
kyvkrjcb,N_sink_mm,1,1010,,,,,,,0.24175800383090973,,,
kyvkrjcb,N_sink_mm,1,1011,,,,,,,0.21207991242408752,,,
kyvkrjcb,N_sink_mm,1,1012,,,,,,,0.22086384892463684,,,
kyvkrjcb,N_sink_mm,1,1013,,,,,,,0.25832444429397583,,,
kyvkrjcb,N_sink_mm,1,1014,,,,,,,0.20977476239204407,,,
kyvkrjcb,N_sink_mm,1,1015,,,,,,,0.27686914801597595,,,
kyvkrjcb,N_sink_mm,1,1016,,,,,,,0.23092469573020935,,,
kyvkrjcb,N_sink_mm,1,1017,,,,,,,0.24207232892513275,,,
kyvkrjcb,N_sink_mm,1,1018,,,,,,,0.2417440116405487,,,
kyvkrjcb,N_sink_mm,1,1019,,,,,,,0.19423004984855652,,,
kyvkrjcb,N_sink_mm,1,1020,,,,,,,0.2794610261917114,,,
kyvkrjcb,N_sink_mm,1,1021,,,,,,,0.23324090242385864,,,
kyvkrjcb,N_sink_mm,1,1022,,,,,,,0.24356278777122498,,,
kyvkrjcb,N_sink_mm,1,1023,,,,,,,0.28218257427215576,,,
kyvkrjcb,N_sink_mm,1,1024,,,,,,,0.24429404735565186,,,
kyvkrjcb,N_sink_mm,1,1025,,,,,,,0.22253930568695068,,,
kyvkrjcb,N_sink_mm,1,1026,,,,,,,0.24843712151050568,,,
kyvkrjcb,N_sink_mm,1,1027,,,,,,,0.2975878417491913,,,
kyvkrjcb,N_sink_mm,1,1028,,,,,,,0.20970746874809265,,,
kyvkrjcb,N_sink_mm,1,1029,,,,,,,0.24892812967300415,,,
kyvkrjcb,N_sink_mm,1,1030,,,,,,,0.2256152629852295,,,
kyvkrjcb,N_sink_mm,1,1031,,,,,,,0.2520143687725067,,,
kyvkrjcb,N_sink_mm,1,1032,,,,,,,0.24248026311397552,,,
kyvkrjcb,N_sink_mm,1,1033,,,,,,,0.21548962593078613,,,
kyvkrjcb,N_sink_mm,1,1034,,,,,,,0.23140405118465424,,,
kyvkrjcb,N_sink_mm,1,1035,,,,,,,0.2800332009792328,,,
kyvkrjcb,N_sink_mm,1,1036,,,,,,,0.2400716245174408,,,
kyvkrjcb,N_sink_mm,1,1037,,,,,,,0.27311408519744873,,,
kyvkrjcb,N_sink_mm,1,1038,,,,,,,0.21944959461688995,,,
kyvkrjcb,N_sink_mm,1,1039,,,,,,,0.2588947117328644,,,
kyvkrjcb,N_sink_mm,1,1040,,,,,,,0.272462397813797,,,
kyvkrjcb,N_sink_mm,1,1041,,,,,,,0.2574494481086731,,,
kyvkrjcb,N_sink_mm,1,1042,,,,,,,0.2559775710105896,,,
kyvkrjcb,N_sink_mm,1,1043,,,,,,,0.2282598912715912,,,
kyvkrjcb,N_sink_mm,1,1044,,,,,,,0.2764754891395569,,,
kyvkrjcb,N_sink_mm,1,1045,,,,,,,0.22543561458587646,,,
kyvkrjcb,N_sink_mm,1,1046,,,,,,,0.23120151460170746,,,
kyvkrjcb,N_sink_mm,1,1047,,,,,,,0.1888158917427063,,,
kyvkrjcb,N_sink_mm,1,1048,,,,,,,0.241270050406456,,,
kyvkrjcb,N_sink_mm,1,1049,,,,,,,0.22630177438259125,,,
kyvkrjcb,N_sink_mm,1,1050,,,,,,,0.2399238646030426,,,
kyvkrjcb,N_sink_mm,1,1051,,,,,,,0.467092365026474,,,
kyvkrjcb,N_sink_mm,1,1052,,,,,,,0.23480385541915894,,,
kyvkrjcb,N_sink_mm,1,1053,,,,,,,0.2515163719654083,,,
kyvkrjcb,N_sink_mm,1,1054,,,,,,,0.24139884114265442,,,
kyvkrjcb,N_sink_mm,1,1055,,,,,,,0.22881688177585602,,,
kyvkrjcb,N_sink_mm,1,1056,,,,,,,0.2375756800174713,,,
kyvkrjcb,N_sink_mm,1,1057,,,,,,,0.24073311686515808,,,
kyvkrjcb,N_sink_mm,1,1058,,,,,,,0.2584611177444458,,,
kyvkrjcb,N_sink_mm,1,1059,,,,,,,0.215175598859787,,,
kyvkrjcb,N_sink_mm,1,1060,,,,,,,0.21054768562316895,,,
kyvkrjcb,N_sink_mm,1,1061,,,,,,,0.267268568277359,,,
kyvkrjcb,N_sink_mm,1,1062,,,,,,,0.28479456901550293,,,
kyvkrjcb,N_sink_mm,1,1063,,,,,,,0.2570754289627075,,,
kyvkrjcb,N_sink_mm,1,1064,,,,,,,0.269586980342865,,,
kyvkrjcb,N_sink_mm,1,1065,,,,,,,0.24396397173404694,,,
kyvkrjcb,N_sink_mm,1,1066,,,,,,,0.2494034767150879,,,
kyvkrjcb,N_sink_mm,1,1067,,,,,,,0.27500858902931213,,,
kyvkrjcb,N_sink_mm,1,1068,,,,,,,0.22451919317245483,,,
kyvkrjcb,N_sink_mm,1,1069,,,,,,,0.26918235421180725,,,
kyvkrjcb,N_sink_mm,1,1070,,,,,,,0.23198683559894562,,,
kyvkrjcb,N_sink_mm,1,1071,,,,,,,0.25297412276268005,,,
kyvkrjcb,N_sink_mm,1,1072,,,,,,,0.22899983823299408,,,
kyvkrjcb,N_sink_mm,1,1073,,,,,,,0.23220086097717285,,,
kyvkrjcb,N_sink_mm,1,1074,,,,,,,0.2648243308067322,,,
kyvkrjcb,N_sink_mm,1,1075,,,,,,,0.2615673243999481,,,
kyvkrjcb,N_sink_mm,1,1076,,,,,,,0.2590058147907257,,,
kyvkrjcb,N_sink_mm,1,1077,,,,,,,0.23417049646377563,,,
kyvkrjcb,N_sink_mm,1,1078,,,,,,,0.24777346849441528,,,
kyvkrjcb,N_sink_mm,1,1079,,,,,,,0.2464854121208191,,,
kyvkrjcb,N_sink_mm,1,1080,,,,,,,0.231789693236351,,,
kyvkrjcb,N_sink_mm,1,1081,,,,,,,0.22974571585655212,,,
kyvkrjcb,N_sink_mm,1,1082,,,,,,,0.24670501053333282,,,
kyvkrjcb,N_sink_mm,1,1083,,,,,,,0.19923542439937592,,,
kyvkrjcb,N_sink_mm,1,1084,,,,,,,0.23870998620986938,,,
kyvkrjcb,N_sink_mm,1,1085,,,,,,,0.22767017781734467,,,
kyvkrjcb,N_sink_mm,1,1086,,,,,,,0.23217728734016418,,,
kyvkrjcb,N_sink_mm,1,1087,,,,,,,0.26671940088272095,,,
kyvkrjcb,N_sink_mm,1,1088,,,,,,,0.26017215847969055,,,
kyvkrjcb,N_sink_mm,1,1089,,,,,,,0.23258553445339203,,,
kyvkrjcb,N_sink_mm,1,1090,,,,,,,0.23890161514282227,,,
kyvkrjcb,N_sink_mm,1,1091,,,,,,,0.21397599577903748,,,
kyvkrjcb,N_sink_mm,1,1092,,,,,,,0.24547289311885834,,,
kyvkrjcb,N_sink_mm,1,1093,,,,,,,0.22621308267116547,,,
kyvkrjcb,N_sink_mm,1,1094,,,,,,,0.26315540075302124,,,
kyvkrjcb,N_sink_mm,1,1095,,,,,,,0.2458038330078125,,,
kyvkrjcb,N_sink_mm,1,1096,,,,,,,0.24984577298164368,,,
kyvkrjcb,N_sink_mm,1,1097,,,,,,,0.22283576428890228,,,
kyvkrjcb,N_sink_mm,1,1098,,,,,,,0.2583937346935272,,,
kyvkrjcb,N_sink_mm,1,1099,,,,,,,0.2074320763349533,,,
kyvkrjcb,N_sink_mm,1,1100,,,,,,,0.2536095976829529,,,
kyvkrjcb,N_sink_mm,1,1101,,,,,,,0.2260998785495758,,,
kyvkrjcb,N_sink_mm,1,1102,,,,,,,0.23101404309272766,,,
kyvkrjcb,N_sink_mm,1,1103,,,,,,,0.25314757227897644,,,
kyvkrjcb,N_sink_mm,1,1104,,,,,,,0.24455705285072327,,,
kyvkrjcb,N_sink_mm,1,1105,,,,,,,0.23652441799640656,,,
kyvkrjcb,N_sink_mm,1,1106,,,,,,,0.23690859973430634,,,
kyvkrjcb,N_sink_mm,1,1107,,,,,,,0.24117374420166016,,,
kyvkrjcb,N_sink_mm,1,1108,,,,,,,0.23458518087863922,,,
kyvkrjcb,N_sink_mm,1,1109,,,,,,,0.2462294101715088,,,
kyvkrjcb,N_sink_mm,1,1110,,,,,,,0.21651585400104523,,,
kyvkrjcb,N_sink_mm,1,1111,,,,,,,0.23585952818393707,,,
kyvkrjcb,N_sink_mm,1,1112,,,,,,,0.2523098587989807,,,
kyvkrjcb,N_sink_mm,1,1113,,,,,,,0.2325224131345749,,,
kyvkrjcb,N_sink_mm,1,1114,,,,,,,0.22952228784561157,,,
kyvkrjcb,N_sink_mm,1,1115,,,,,,,0.2560573220252991,,,
kyvkrjcb,N_sink_mm,1,1116,,,,,,,0.29515495896339417,,,
kyvkrjcb,N_sink_mm,1,1117,,,,,,,0.2548603117465973,,,
kyvkrjcb,N_sink_mm,1,1118,,,,,,,0.244904026389122,,,
kyvkrjcb,N_sink_mm,1,1119,,,,,,,0.30203258991241455,,,
kyvkrjcb,N_sink_mm,1,1120,,,,,,,0.2574978172779083,,,
kyvkrjcb,N_sink_mm,1,1121,,,,,,,0.23295378684997559,,,
kyvkrjcb,N_sink_mm,1,1122,,,,,,,0.27769553661346436,,,
kyvkrjcb,N_sink_mm,1,1123,,,,,,,0.1949087679386139,,,
kyvkrjcb,N_sink_mm,1,1124,,,,,,,0.22542759776115417,,,
kyvkrjcb,N_sink_mm,1,1125,,,,,,,0.2662156820297241,,,
kyvkrjcb,N_sink_mm,1,1126,,,,,,,0.2356482744216919,,,
kyvkrjcb,N_sink_mm,1,1127,,,,,,,0.2775889039039612,,,
kyvkrjcb,N_sink_mm,1,1128,,,,,,,0.2625924050807953,,,
kyvkrjcb,N_sink_mm,1,1129,,,,,,,0.23468896746635437,,,
kyvkrjcb,N_sink_mm,1,1130,,,,,,,0.2576524317264557,,,
kyvkrjcb,N_sink_mm,1,1131,,,,,,,0.3470267951488495,,,
kyvkrjcb,N_sink_mm,1,1132,,,,,,,0.24520820379257202,,,
kyvkrjcb,N_sink_mm,1,1133,,,,,,,0.21331261098384857,,,
kyvkrjcb,N_sink_mm,1,1134,,,,,,,0.247329980134964,,,
kyvkrjcb,N_sink_mm,1,1135,,,,,,,0.3136405944824219,,,
kyvkrjcb,N_sink_mm,1,1136,,,,,,,0.2228216677904129,,,
kyvkrjcb,N_sink_mm,1,1137,,,,,,,0.2820379436016083,,,
kyvkrjcb,N_sink_mm,1,1138,,,,,,,0.2346901148557663,,,
kyvkrjcb,N_sink_mm,1,1139,,,,,,,0.2782331109046936,,,
kyvkrjcb,N_sink_mm,1,1140,,,,,,,0.23039042949676514,,,
kyvkrjcb,N_sink_mm,1,1141,,,,,,,0.2426554560661316,,,
kyvkrjcb,N_sink_mm,1,1142,,,,,,,0.2625481188297272,,,
kyvkrjcb,N_sink_mm,1,1143,,,,,,,0.22893616557121277,,,
kyvkrjcb,N_sink_mm,1,1144,,,,,,,0.25000113248825073,,,
kyvkrjcb,N_sink_mm,1,1145,,,,,,,0.2069832682609558,,,
kyvkrjcb,N_sink_mm,1,1146,,,,,,,0.2685043215751648,,,
kyvkrjcb,N_sink_mm,1,1147,,,,,,,0.18783390522003174,,,
kyvkrjcb,N_sink_mm,1,1148,,,,,,,0.25743481516838074,,,
kyvkrjcb,N_sink_mm,1,1149,,,,,,,0.2513694167137146,,,
kyvkrjcb,N_sink_mm,1,1150,,,,,,,0.21519306302070618,,,
kyvkrjcb,N_sink_mm,1,1151,,,,,,,0.20454993844032288,,,
kyvkrjcb,N_sink_mm,1,1152,,,,,,,0.23432913422584534,,,
kyvkrjcb,N_sink_mm,1,1153,,,,,,,0.23959414660930634,,,
kyvkrjcb,N_sink_mm,1,1154,,,,,,,0.26926249265670776,,,
kyvkrjcb,N_sink_mm,1,1155,,,,,,,0.19243113696575165,,,
kyvkrjcb,N_sink_mm,1,1156,,,,,,,0.26163649559020996,,,
kyvkrjcb,N_sink_mm,1,1157,,,,,,,0.24783211946487427,,,
kyvkrjcb,N_sink_mm,1,1158,,,,,,,0.2310437560081482,,,
kyvkrjcb,N_sink_mm,1,1159,,,,,,,0.274714857339859,,,
kyvkrjcb,N_sink_mm,1,1160,,,,,,,0.24552303552627563,,,
kyvkrjcb,N_sink_mm,1,1161,,,,,,,0.2571377754211426,,,
kyvkrjcb,N_sink_mm,1,1162,,,,,,,0.2396264672279358,,,
kyvkrjcb,N_sink_mm,1,1163,,,,,,,0.2681368291378021,,,
kyvkrjcb,N_sink_mm,1,1164,,,,,,,0.22606462240219116,,,
kyvkrjcb,N_sink_mm,1,1165,,,,,,,0.2234063595533371,,,
kyvkrjcb,N_sink_mm,1,1166,,,,,,,0.24223308265209198,,,
kyvkrjcb,N_sink_mm,1,1167,,,,,,,0.2006530910730362,,,
kyvkrjcb,N_sink_mm,1,1168,,,,,,,0.24356897175312042,,,
kyvkrjcb,N_sink_mm,1,1169,,,,,,,0.21651887893676758,,,
kyvkrjcb,N_sink_mm,1,1170,,,,,,,0.2370491921901703,,,
kyvkrjcb,N_sink_mm,1,1171,,,,,,,0.2649366557598114,,,
kyvkrjcb,N_sink_mm,1,1172,,,,,,,0.23265814781188965,,,
kyvkrjcb,N_sink_mm,1,1173,,,,,,,0.26437148451805115,,,
kyvkrjcb,N_sink_mm,1,1174,,,,,,,0.21549218893051147,,,
kyvkrjcb,N_sink_mm,1,1175,,,,,,,0.21252579987049103,,,
kyvkrjcb,N_sink_mm,1,1176,,,,,,,0.23996926844120026,,,
kyvkrjcb,N_sink_mm,1,1177,,,,,,,0.23570701479911804,,,
kyvkrjcb,N_sink_mm,1,1178,,,,,,,0.26373299956321716,,,
kyvkrjcb,N_sink_mm,1,1179,,,,,,,0.24428021907806396,,,
kyvkrjcb,N_sink_mm,1,1180,,,,,,,0.2571988105773926,,,
kyvkrjcb,N_sink_mm,1,1181,,,,,,,0.2535577416419983,,,
kyvkrjcb,N_sink_mm,1,1182,,,,,,,0.22167102992534637,,,
kyvkrjcb,N_sink_mm,1,1183,,,,,,,0.22287429869174957,,,
kyvkrjcb,N_sink_mm,1,1184,,,,,,,0.28235435485839844,,,
kyvkrjcb,N_sink_mm,1,1185,,,,,,,0.2510606050491333,,,
kyvkrjcb,N_sink_mm,1,1186,,,,,,,0.23778413236141205,,,
kyvkrjcb,N_sink_mm,1,1187,,,,,,,0.18565310537815094,,,
kyvkrjcb,N_sink_mm,1,1188,,,,,,,0.2402482032775879,,,
kyvkrjcb,N_sink_mm,1,1189,,,,,,,0.25291359424591064,,,
kyvkrjcb,N_sink_mm,1,1190,,,,,,,0.24021360278129578,,,
kyvkrjcb,N_sink_mm,1,1191,,,,,,,0.2900327742099762,,,
kyvkrjcb,N_sink_mm,1,1192,,,,,,,0.227552130818367,,,
kyvkrjcb,N_sink_mm,1,1193,,,,,,,0.27488309144973755,,,
kyvkrjcb,N_sink_mm,1,1194,,,,,,,0.24173593521118164,,,
kyvkrjcb,N_sink_mm,1,1195,,,,,,,0.20430269837379456,,,
kyvkrjcb,N_sink_mm,1,1196,,,,,,,0.23509272933006287,,,
kyvkrjcb,N_sink_mm,1,1197,,,,,,,0.23126554489135742,,,
kyvkrjcb,N_sink_mm,1,1198,,,,,,,0.25647929310798645,,,
kyvkrjcb,N_sink_mm,1,1199,,,,,,,0.2933093011379242,,,
047tg3h4,N_sink_mm,2,0,-0.03175020217895508,-0.03175020217895508,-0.00037326780147850513,0.2657046914100647,0.0044940924271941185,0.0010303057497367263,0.2572720944881439,0.12741167843341827,0.012741167098283768,0.0037969902623444796
047tg3h4,N_sink_mm,2,1,-0.0335456058382988,-0.0335456058382988,0.0002108836342813447,0.2658843398094177,0.004165797494351864,-0.0019314226228743792,0.2914291024208069,0.03419630229473114,0.0034196306951344013,0.006179274991154671
047tg3h4,N_sink_mm,2,2,-0.03521880507469177,-0.03521880507469177,0.002177582588046789,0.2654063105583191,0.0031382387969642878,-0.0029159351252019405,0.2545193135738373,0.036717645823955536,0.003671764861792326,0.007948187179863453
047tg3h4,N_sink_mm,2,3,-0.03427961841225624,-0.03427961841225624,0.0026670193765312433,0.26553142070770264,0.0028244885616004467,-0.0017369110137224197,0.2590949535369873,0.03220410272479057,0.0032204098533838987,0.009153828024864197
047tg3h4,N_sink_mm,2,4,-0.03446562588214874,-0.03446562588214874,0.0029802846256643534,0.2655058205127716,0.0024468079209327698,-0.0009490731172263622,0.236581489443779,0.029043346643447876,0.0029043355025351048,0.009934053756296635
047tg3h4,N_sink_mm,2,5,-0.03421778231859207,-0.03421778231859207,0.0040400149300694466,0.26544374227523804,0.0020641505252569914,-0.000743457640055567,0.22946572303771973,0.028379768133163452,0.0028379764407873154,0.010634125210344791
047tg3h4,N_sink_mm,2,6,-0.033882271498441696,-0.033882271498441696,0.003521476173773408,0.2655743360519409,0.0019067568937316537,-0.0029379581101238728,0.25827959179878235,0.02792452834546566,0.002792453160509467,0.011124463751912117
047tg3h4,N_sink_mm,2,7,-0.0355769544839859,-0.0355769544839859,0.0045539685525000095,0.26584723591804504,0.0018101921305060387,-0.0010806493228301406,0.22998741269111633,0.028600454330444336,0.002860045526176691,0.012128574773669243
047tg3h4,N_sink_mm,2,8,-0.03318604454398155,-0.03318604454398155,0.004620731808245182,0.2655222713947296,0.001381698646582663,-0.0010541265364736319,0.2881591320037842,0.022481337189674377,0.002248133532702923,0.01246311329305172
047tg3h4,N_sink_mm,2,9,-0.03386254236102104,-0.03386254236102104,0.0025475001893937588,0.26584750413894653,0.0013857281301170588,-0.0016256901435554028,0.25062838196754456,0.02476065419614315,0.0024760658852756023,0.0124495979398489
047tg3h4,N_sink_mm,2,10,-0.028728891164064407,-0.028728891164064407,0.0038404606748372316,0.2656453251838684,0.0008043664856813848,-0.003215058473870158,0.23598137497901917,0.02529863454401493,0.002529863500967622,0.013134065084159374
047tg3h4,N_sink_mm,2,11,-0.028700778260827065,-0.028700778260827065,0.00296229962259531,0.2653243839740753,0.0007561788079328835,-2.4448867407045327e-05,0.2451111078262329,0.022229259833693504,0.002222926588729024,0.013279643841087818
047tg3h4,N_sink_mm,2,12,0.013197499327361584,0.013197499327361584,0.0023660841397941113,0.2658884823322296,0.00031058621243573725,5.4911815823288634e-05,0.21835578978061676,0.02786847949028015,0.0027868475299328566,0.013936755247414112
047tg3h4,N_sink_mm,2,13,-0.012969519942998886,-0.012969519942998886,0.001413585152477026,0.2654248774051666,0.0004010937991552055,-0.001716289552859962,0.24514466524124146,0.022382352501153946,0.002238234970718622,0.013795089907944202
047tg3h4,N_sink_mm,2,14,0.039018597453832626,0.039018597453832626,0.0004967874847352505,0.26552513241767883,0.0005168814677745104,0.0023858328349888325,0.24914759397506714,0.02034224011003971,0.002034224336966872,0.01458353828638792
047tg3h4,N_sink_mm,2,15,0.041784945875406265,0.041784945875406265,0.0011880467645823956,0.2655295431613922,0.0005970803322270513,0.0008021306712180376,0.2846035957336426,0.02302403748035431,0.002302403561770916,0.014429203234612942
047tg3h4,N_sink_mm,2,16,-0.01312978658825159,-0.01312978658825159,0.00041167650488205254,0.2654898464679718,0.0003476379788480699,-0.0011124121956527233,0.26107925176620483,0.023782482370734215,0.002378248143941164,0.014300066977739334
047tg3h4,N_sink_mm,2,17,0.038870669901371,0.038870669901371,0.0018083775648847222,0.26557403802871704,0.000508560799062252,-0.0005807375418953598,0.22369681298732758,0.026481742039322853,0.0026481742970645428,0.014316994696855545
047tg3h4,N_sink_mm,2,18,0.03933700546622276,0.03933700546622276,0.0011883601546287537,0.2654155194759369,0.0011424007825553417,-0.00048181627062149346,0.24324937164783478,0.02666083350777626,0.0026660829316824675,0.014576748013496399
047tg3h4,N_sink_mm,2,19,0.03860114514827728,0.03860114514827728,0.0005804643151350319,0.26574277877807617,0.001714839949272573,0.005057904869318008,0.2129572182893753,0.025959769263863564,0.0025959766935557127,0.015251778066158295
047tg3h4,N_sink_mm,2,20,0.03758515045046806,0.03758515045046806,8.01941569079645e-05,0.2653121054172516,0.001754573779180646,0.0019428727682679892,0.25714561343193054,0.023586736992001534,0.002358674071729183,0.015415515750646591
047tg3h4,N_sink_mm,2,21,0.03517769277095795,0.03517769277095795,0.0010354521218687296,0.26538917422294617,0.00207054172642529,0.00019416400755289942,0.25608551502227783,0.02016376331448555,0.002016376005485654,0.015371544286608696
047tg3h4,N_sink_mm,2,22,0.029679322615265846,0.029679322615265846,0.0058032735250890255,0.2655296325683594,0.0020687400829046965,0.0026199554558843374,0.23084977269172668,0.023710377514362335,0.002371037844568491,0.015299219638109207
047tg3h4,N_sink_mm,2,23,0.011147405952215195,0.011147405952215195,0.007441916037350893,0.2652815282344818,0.0016664721770212054,-6.672104063909501e-05,0.27876922488212585,0.023751279339194298,0.002375127514824271,0.015300797298550606
047tg3h4,N_sink_mm,2,24,-0.008173022419214249,-0.008173022419214249,0.009204676374793053,0.265318900346756,0.0031359370332211256,0.0017848986899480224,0.25906646251678467,0.022119011729955673,0.002211900893598795,0.015002609230577946
047tg3h4,N_sink_mm,2,25,-0.00789253693073988,-0.00789253693073988,0.006232613697648048,0.2654227316379547,0.0020727079827338457,-0.0008387180278077722,0.2079123705625534,0.03282710164785385,0.003282710211351514,0.016160106286406517
047tg3h4,N_sink_mm,2,26,0.01126936450600624,0.01126936450600624,0.0076030041091144085,0.26532164216041565,0.0011200874578207731,0.002197649097070098,0.24251355230808258,0.021076910197734833,0.0021076907869428396,0.016442513093352318
047tg3h4,N_sink_mm,2,27,0.009471974335610867,0.009471974335610867,0.008793025277554989,0.26470527052879333,0.0022426822688430548,-0.0018779764650389552,0.25674328207969666,0.02606162615120411,0.002606162568554282,0.015824979171156883
047tg3h4,N_sink_mm,2,28,0.04242410138249397,0.04242410138249397,0.006473771296441555,0.26477187871932983,0.0020899903029203415,0.0017399599310010672,0.2914123237133026,0.024346884340047836,0.002434688853099942,0.016374748200178146
047tg3h4,N_sink_mm,2,29,0.028432697057724,0.028432697057724,0.005474000703543425,0.2648219168186188,0.002306851791217923,0.0022096445318311453,0.21865549683570862,0.023075437173247337,0.0023075437638908625,0.01598166488111019
047tg3h4,N_sink_mm,2,30,0.014348984695971012,0.014348984695971012,0.007206494454294443,0.2647377848625183,0.0039009808097034693,0.002070495393127203,0.24878402054309845,0.028810754418373108,0.002881075022742152,0.016772881150245667
047tg3h4,N_sink_mm,2,31,0.010698008351027966,0.010698008351027966,0.0079386280849576,0.26472344994544983,0.0038633407093584538,0.0012624738737940788,0.27386391162872314,0.0252399779856205,0.0025239973329007626,0.016462577506899834
047tg3h4,N_sink_mm,2,32,0.02540406584739685,0.02540406584739685,0.0057863229885697365,0.2648605704307556,0.0031833567190915346,0.0019762124866247177,0.3004975914955139,0.02575240097939968,0.0025752403307706118,0.016625987365841866
047tg3h4,N_sink_mm,2,33,0.004632510244846344,0.004632510244846344,0.00604670075699687,0.2644580900669098,0.006445400882512331,0.001241968828253448,0.29193049669265747,0.026741279289126396,0.0026741279289126396,0.016109824180603027
047tg3h4,N_sink_mm,2,34,0.043325308710336685,0.043325308710336685,0.008874338120222092,0.26427358388900757,0.0035025228280574083,-0.00041481427615508437,0.2628178298473358,0.02760588563978672,0.002760588424280286,0.01656794361770153
047tg3h4,N_sink_mm,2,35,0.020659178495407104,0.020659178495407104,0.006481321528553963,0.2648022174835205,0.003733912482857704,0.009081767871975899,0.23974649608135223,0.022651294246315956,0.0022651292383670807,0.0169219970703125
047tg3h4,N_sink_mm,2,36,0.03423848748207092,0.03423848748207092,0.00906581524759531,0.26430654525756836,0.00832081027328968,0.005225154105573893,0.242513969540596,0.02254478819668293,0.0022544788662344217,0.01688353344798088
047tg3h4,N_sink_mm,2,37,0.01720399782061577,0.01720399782061577,0.007680043112486601,0.26486775279045105,0.007391015533357859,0.0041749132797122,0.2645406126976013,0.02654474787414074,0.0026544746942818165,0.01699931174516678
047tg3h4,N_sink_mm,2,38,0.032028667628765106,0.032028667628765106,0.0077779656276106834,0.26450076699256897,0.010465026833117008,0.00877273641526699,0.2857682406902313,0.02533426135778427,0.002533425809815526,0.016655096784234047
047tg3h4,N_sink_mm,2,39,0.04126163572072983,0.04126163572072983,0.006245400756597519,0.2644316256046295,0.009737853892147541,0.00939987227320671,0.27554598450660706,0.027233988046646118,0.0027233988512307405,0.016514349728822708
047tg3h4,N_sink_mm,2,40,0.05194452032446861,0.05194452032446861,0.008592376485466957,0.2647014856338501,0.01762869395315647,0.018283016979694366,0.26283514499664307,0.026877008378505707,0.0026877005584537983,0.016997596248984337
047tg3h4,N_sink_mm,2,41,0.03128335252404213,0.03128335252404213,0.00264640711247921,0.2646191418170929,0.006630497984588146,0.014876997098326683,0.2727696895599365,0.02828034944832325,0.002828035270795226,0.01720060594379902
047tg3h4,N_sink_mm,2,42,0.047976769506931305,0.047976769506931305,0.008622966706752777,0.2646247148513794,0.024501854553818703,0.02239994704723358,0.2636775076389313,0.02685949206352234,0.0026859487406909466,0.017176952213048935
047tg3h4,N_sink_mm,2,43,0.05008881911635399,0.05008881911635399,0.008088028989732265,0.2644321620464325,0.013488475233316422,0.025065544992685318,0.2618297338485718,0.029206423088908195,0.002920642262324691,0.017518961802124977
047tg3h4,N_sink_mm,2,44,0.05084076523780823,0.05084076523780823,0.009329266846179962,0.2644786536693573,0.027441296726465225,0.029493186622858047,0.25711676478385925,0.029573550447821617,0.0029573547653853893,0.01767278090119362
047tg3h4,N_sink_mm,2,45,0.04649550840258598,0.04649550840258598,0.007904496975243092,0.2642762064933777,0.02361646108329296,0.034302543848752975,0.25992241501808167,0.028257589787244797,0.002825759118422866,0.01765482872724533
047tg3h4,N_sink_mm,2,46,0.04498589411377907,0.04498589411377907,0.007735066115856171,0.2643108665943146,0.030530685558915138,0.04751782491803169,0.25169217586517334,0.030276093631982803,0.0030276093166321516,0.018288226798176765
047tg3h4,N_sink_mm,2,47,0.05029967799782753,0.05029967799782753,0.008747340179979801,0.26430344581604004,0.02759172022342682,0.0332336463034153,0.2572163939476013,0.03316258266568184,0.0033162583131343126,0.018374962732195854
047tg3h4,N_sink_mm,2,48,0.05776529759168625,0.05776529759168625,0.00967566017061472,0.2648971974849701,0.033499740064144135,0.044821519404649734,0.25293949246406555,0.031177610158920288,0.0031177611090242863,0.018737761303782463
047tg3h4,N_sink_mm,2,49,0.05785760283470154,0.05785760283470154,0.007513183169066906,0.2644665539264679,0.02794620953500271,0.05300545319914818,0.26678934693336487,0.03021138161420822,0.003021138021722436,0.019148219376802444
047tg3h4,N_sink_mm,2,50,0.05829717963933945,0.05829717963933945,0.009962017647922039,0.26410654187202454,0.03388868644833565,0.06375068426132202,0.2724234163761139,0.033439505845308304,0.0033439509570598602,0.018943892791867256
047tg3h4,N_sink_mm,2,51,0.05622700974345207,0.05622700974345207,0.010140229016542435,0.26448845863342285,0.038868535310029984,0.0643603503704071,0.30971559882164,0.034990351647138596,0.0034990347921848297,0.019404560327529907
047tg3h4,N_sink_mm,2,52,0.0642743930220604,0.0642743930220604,0.008720289915800095,0.26478704810142517,0.04988374933600426,0.05414066091179848,0.25559931993484497,0.028857793658971786,0.0028857795987278223,0.018697336316108704
047tg3h4,N_sink_mm,2,53,0.06555402278900146,0.06555402278900146,0.009714853018522263,0.2641800343990326,0.041124582290649414,0.061663638800382614,0.2327909618616104,0.03392152488231659,0.0033921529538929462,0.019233742728829384
047tg3h4,N_sink_mm,2,54,0.05107007548213005,0.05107007548213005,0.009115916676819324,0.26486727595329285,0.041177961975336075,0.07509110122919083,0.2648022770881653,0.03406013548374176,0.0034060138277709484,0.020253119990229607
047tg3h4,N_sink_mm,2,55,0.05673273652791977,0.05673273652791977,0.005934537388384342,0.26557502150535583,0.027340596541762352,0.07575959712266922,0.25446683168411255,0.03488997742533684,0.0034889972303062677,0.020572612062096596
047tg3h4,N_sink_mm,2,56,0.06537976861000061,0.06537976861000061,0.008660300634801388,0.2645469307899475,0.061331287026405334,0.06392402946949005,0.2779095768928528,0.031203174963593483,0.003120317356660962,0.020280396565794945
047tg3h4,N_sink_mm,2,57,0.057516176253557205,0.057516176253557205,0.007793910335749388,0.26489391922950745,0.04241146519780159,0.08387318253517151,0.245719775557518,0.030825791880488396,0.0030825783032923937,0.021016329526901245
047tg3h4,N_sink_mm,2,58,0.06273038685321808,0.06273038685321808,0.008269998244941235,0.26453784108161926,0.02254779264330864,0.09104112535715103,0.26682326197624207,0.03489568829536438,0.003489568829536438,0.021059270948171616
047tg3h4,N_sink_mm,2,59,0.061025723814964294,0.061025723814964294,0.009179667569696903,0.26473015546798706,0.02496015839278698,0.07918217033147812,0.27297869324684143,0.03853883594274521,0.003853884292766452,0.02073085494339466
047tg3h4,N_sink_mm,2,60,0.05578537657856941,0.05578537657856941,0.00982400868088007,0.26424387097358704,0.04888636991381645,0.07802116870880127,0.2815079987049103,0.032716430723667145,0.0032716423738747835,0.02098868601024151
047tg3h4,N_sink_mm,2,61,0.053664132952690125,0.053664132952690125,0.008645614609122276,0.2645314931869507,0.04811470955610275,0.08892214298248291,0.25971710681915283,0.03349507227540016,0.003349506761878729,0.02111375331878662
047tg3h4,N_sink_mm,2,62,0.045045893639326096,0.045045893639326096,0.01008770614862442,0.2651384174823761,0.039944540709257126,0.10551001131534576,0.2837828993797302,0.041139714419841766,0.004113971255719662,0.021893642842769623
047tg3h4,N_sink_mm,2,63,0.0625215694308281,0.0625215694308281,0.009464211761951447,0.2642406225204468,0.04170510545372963,0.08795303851366043,0.27053549885749817,0.03987970948219299,0.003987971227616072,0.022218851372599602
047tg3h4,N_sink_mm,2,64,0.06007557362318039,0.06007557362318039,0.008924398571252823,0.2648027837276459,0.04092654213309288,0.09077171981334686,0.23517780005931854,0.0385880209505558,0.0038588023744523525,0.022288089618086815
047tg3h4,N_sink_mm,2,65,0.04780258983373642,0.04780258983373642,0.00803050771355629,0.2654154300689697,0.06508506089448929,0.0921931117773056,0.23575039207935333,0.03599364310503006,0.003599363612011075,0.021442996338009834
047tg3h4,N_sink_mm,2,66,0.044505782425403595,0.044505782425403595,0.007925573736429214,0.26608678698539734,0.0814075618982315,0.10355508327484131,0.28009912371635437,0.03604216128587723,0.0036042158026248217,0.020662546157836914
047tg3h4,N_sink_mm,2,67,0.05435745045542717,0.05435745045542717,0.010062583722174168,0.26567110419273376,0.0773671418428421,0.11427851021289825,0.23129017651081085,0.04311176761984825,0.004311177413910627,0.02125626429915428
047tg3h4,N_sink_mm,2,68,0.06263790279626846,0.06263790279626846,0.009983115829527378,0.2643943727016449,0.061282653361558914,0.1145937517285347,0.2221883088350296,0.03658565133810043,0.003658566391095519,0.02207878790795803
047tg3h4,N_sink_mm,2,69,0.057810716331005096,0.057810716331005096,0.011022721417248249,0.26444754004478455,0.05828682705760002,0.12476470321416855,0.2838697135448456,0.0453060045838356,0.0045306007377803326,0.02250504679977894
047tg3h4,N_sink_mm,2,70,0.056344274431467056,0.056344274431467056,0.006811558734625578,0.26434826850891113,0.06351818144321442,0.11300405859947205,0.27184420824050903,0.04655525088310242,0.004655524622648954,0.022660596296191216
047tg3h4,N_sink_mm,2,71,0.06218888610601425,0.06218888610601425,0.008827604353427887,0.2650018632411957,0.09253451973199844,0.11499994993209839,0.2462271898984909,0.03928394615650177,0.003928394988179207,0.02270570583641529
047tg3h4,N_sink_mm,2,72,0.057499539107084274,0.057499539107084274,0.008637252263724804,0.26551076769828796,0.0812268853187561,0.1276949793100357,0.3422292172908783,0.04272366687655449,0.004272365942597389,0.02326972410082817
047tg3h4,N_sink_mm,2,73,0.05885731428861618,0.05885731428861618,0.009919348172843456,0.2643142640590668,0.04330495744943619,0.12582430243492126,0.24494673311710358,0.04670378565788269,0.004670378752052784,0.024193305522203445
047tg3h4,N_sink_mm,2,74,0.06500862538814545,0.06500862538814545,0.010593420825898647,0.2643803656101227,0.05222161114215851,0.12870103120803833,0.24145939946174622,0.03957720473408699,0.003957721404731274,0.024081766605377197
047tg3h4,N_sink_mm,2,75,0.0456022210419178,0.0456022210419178,0.009129754267632961,0.2652111053466797,0.04705863445997238,0.10997842997312546,0.3078117072582245,0.05115233734250069,0.0051152342930436134,0.0246198121458292
047tg3h4,N_sink_mm,2,76,0.05973061919212341,0.05973061919212341,0.009483514353632927,0.26502302289009094,0.09332329034805298,0.13887205719947815,0.26680028438568115,0.041110310703516006,0.004111031070351601,0.024433206766843796
047tg3h4,N_sink_mm,2,77,0.05891229584813118,0.05891229584813118,0.007835468277335167,0.26530420780181885,0.10428334772586823,0.12766800820827484,0.2511395812034607,0.048152245581150055,0.004815224092453718,0.024286065250635147
047tg3h4,N_sink_mm,2,78,0.055360715836286545,0.055360715836286545,0.009838427416980267,0.26519978046417236,0.06634794175624847,0.14773964881896973,0.23087343573570251,0.04532245919108391,0.004532245919108391,0.02465941570699215
047tg3h4,N_sink_mm,2,79,0.06496628373861313,0.06496628373861313,0.00841118860989809,0.26468273997306824,0.08188116550445557,0.15649071335792542,0.2882954776287079,0.04171841964125633,0.004171841777861118,0.025117505341768265
047tg3h4,N_sink_mm,2,80,0.06425830721855164,0.06425830721855164,0.011752595193684101,0.26420262455940247,0.04213663563132286,0.16100451350212097,0.3119262754917145,0.043295834213495255,0.004329584073275328,0.026108616963028908
047tg3h4,N_sink_mm,2,81,0.07974185794591904,0.07974185794591904,0.011612543836236,0.26383015513420105,0.04277319833636284,0.1107393279671669,0.267200231552124,0.050092097371816635,0.005009209271520376,0.02619670145213604
047tg3h4,N_sink_mm,2,82,0.05191206932067871,0.05191206932067871,0.010343632660806179,0.2650688886642456,0.048602208495140076,0.09451795369386673,0.23293305933475494,0.046422965824604034,0.004642297048121691,0.02671504206955433
047tg3h4,N_sink_mm,2,83,0.06712939590215683,0.06712939590215683,0.00727637205272913,0.265029639005661,0.08983276039361954,0.13803575932979584,0.29711779952049255,0.06232564151287079,0.006232564337551594,0.026444407179951668
047tg3h4,N_sink_mm,2,84,0.053301990032196045,0.053301990032196045,0.010176584124565125,0.26678571105003357,0.1757931113243103,0.145384281873703,0.27209794521331787,0.0473979189991951,0.004739790689200163,0.026970479637384415
047tg3h4,N_sink_mm,2,85,0.05870429053902626,0.05870429053902626,0.012423299252986908,0.2659509778022766,0.05717891827225685,0.1419173628091812,0.2772304117679596,0.048048630356788635,0.004804863128811121,0.027846211567521095
047tg3h4,N_sink_mm,2,86,0.06155518442392349,0.06155518442392349,0.011140693910419941,0.26522207260131836,0.10447715222835541,0.14411398768424988,0.2436341792345047,0.056249551475048065,0.005624955054372549,0.027908913791179657
047tg3h4,N_sink_mm,2,87,0.07319510728120804,0.07319510728120804,0.010639430955052376,0.26473268866539,0.10646210610866547,0.14385634660720825,0.2544272840023041,0.04965611919760704,0.004965612664818764,0.028587667271494865
047tg3h4,N_sink_mm,2,88,0.06603687256574631,0.06603687256574631,0.00918335746973753,0.26694807410240173,0.19753986597061157,0.15407516062259674,0.2757556438446045,0.052620116621255875,0.0052620116621255875,0.02843017317354679
047tg3h4,N_sink_mm,2,89,0.0458444319665432,0.0458444319665432,0.00854841060936451,0.26538535952568054,0.044962089508771896,0.14844445884227753,0.2509967088699341,0.045326124876737595,0.004532612860202789,0.028167417272925377
047tg3h4,N_sink_mm,2,90,0.07407326251268387,0.07407326251268387,0.011602289974689484,0.2638382613658905,0.07155667245388031,0.1571774184703827,0.25804606080055237,0.04030479118227959,0.004030479583889246,0.029185224324464798
047tg3h4,N_sink_mm,2,91,0.07124008983373642,0.07124008983373642,0.009550665505230427,0.2647722065448761,0.07908974587917328,0.17493164539337158,0.23369164764881134,0.04117664322257042,0.004117664415389299,0.02919357642531395
047tg3h4,N_sink_mm,2,92,0.06640950590372086,0.06640950590372086,0.009165884926915169,0.26506903767585754,0.09320434182882309,0.15284743905067444,0.25346246361732483,0.05555478855967522,0.005555477924644947,0.029902955517172813
047tg3h4,N_sink_mm,2,93,0.06190291419625282,0.06190291419625282,0.00806946400552988,0.26568150520324707,0.0865301713347435,0.14953087270259857,0.26064440608024597,0.046821534633636475,0.0046821534633636475,0.029176514595746994
047tg3h4,N_sink_mm,2,94,0.060860808938741684,0.060860808938741684,0.006800318602472544,0.26481935381889343,0.07795140892267227,0.16841517388820648,0.22779779136180878,0.046064555644989014,0.004606454633176327,0.029611436650156975
047tg3h4,N_sink_mm,2,95,0.07228005677461624,0.07228005677461624,0.011657120659947395,0.2645333707332611,0.1001494750380516,0.16444945335388184,0.2676548659801483,0.04029766842722893,0.004029766656458378,0.030113540589809418
047tg3h4,N_sink_mm,2,96,0.06407719850540161,0.06407719850540161,0.01222982257604599,0.2648059129714966,0.05212169140577316,0.17862939834594727,0.24585868418216705,0.041841600090265274,0.004184159450232983,0.03128192573785782
047tg3h4,N_sink_mm,2,97,0.06703729927539825,0.06703729927539825,0.009716518223285675,0.26470690965652466,0.08136945962905884,0.16493616998195648,0.24320006370544434,0.053124140948057175,0.0053124139085412025,0.030986901372671127
047tg3h4,N_sink_mm,2,98,0.06696682423353195,0.06696682423353195,0.01042887568473816,0.264970600605011,0.0655447319149971,0.16948625445365906,0.21933987736701965,0.04517299309372902,0.004517300054430962,0.030598824843764305
047tg3h4,N_sink_mm,2,99,0.06540270149707794,0.06540270149707794,0.01044457033276558,0.26455384492874146,0.0673120766878128,0.18256884813308716,0.24289114773273468,0.03829104080796242,0.0038291048258543015,0.03152892366051674
047tg3h4,N_sink_mm,2,100,0.0614393912255764,0.0614393912255764,0.01140664704144001,0.26460951566696167,0.08263541013002396,0.18715249001979828,0.31861254572868347,0.04202242195606232,0.004202242009341717,0.032074619084596634
047tg3h4,N_sink_mm,2,101,0.07031340152025223,0.07031340152025223,0.012347710318863392,0.2639642655849457,0.07218067348003387,0.19094355404376984,0.2362879514694214,0.0456550195813179,0.004565502516925335,0.03244181349873543
047tg3h4,N_sink_mm,2,102,0.05190885066986084,0.05190885066986084,0.012563495896756649,0.2649317979812622,0.1038988009095192,0.18060381710529327,0.24134260416030884,0.04255112260580063,0.004255112260580063,0.032412461936473846
047tg3h4,N_sink_mm,2,103,0.056304726749658585,0.056304726749658585,0.01078619621694088,0.2653249502182007,0.11860108375549316,0.17294302582740784,0.2878444194793701,0.05174674093723297,0.005174675490707159,0.0324261412024498
047tg3h4,N_sink_mm,2,104,0.06515338271856308,0.06515338271856308,0.01110532321035862,0.2644062042236328,0.08164947479963303,0.17464426159858704,0.26217949390411377,0.048371750861406326,0.004837175365537405,0.03312726318836212
047tg3h4,N_sink_mm,2,105,0.061030011624097824,0.061030011624097824,0.012008031830191612,0.26501014828681946,0.08003313839435577,0.1748107373714447,0.25461795926094055,0.04011630639433861,0.004011630546301603,0.0333089716732502
047tg3h4,N_sink_mm,2,106,0.053559545427560806,0.053559545427560806,0.010143562220036983,0.2654285728931427,0.0836678296327591,0.19008445739746094,0.24941781163215637,0.04165802523493767,0.004165802616626024,0.03326265141367912
047tg3h4,N_sink_mm,2,107,0.0501500703394413,0.0501500703394413,0.011212209239602089,0.2655785083770752,0.10675237327814102,0.1898374855518341,0.22636793553829193,0.047747232019901276,0.004774723667651415,0.03389032930135727
047tg3h4,N_sink_mm,2,108,0.05591500550508499,0.05591500550508499,0.014345286414027214,0.26439329981803894,0.0702667161822319,0.1872893124818802,0.252506285905838,0.04108212888240814,0.004108212888240814,0.03390472009778023
047tg3h4,N_sink_mm,2,109,0.05344012379646301,0.05344012379646301,0.010248479433357716,0.26588883996009827,0.10384567826986313,0.1881159245967865,0.21619555354118347,0.048745084553956985,0.0048745074309408665,0.03418956696987152
047tg3h4,N_sink_mm,2,110,0.058025505393743515,0.058025505393743515,0.009126286953687668,0.26502183079719543,0.07383164018392563,0.19075487554073334,0.2640168368816376,0.04368480294942856,0.004368480294942856,0.034145426005125046
047tg3h4,N_sink_mm,2,111,0.04993285611271858,0.04993285611271858,0.012866011820733547,0.2648356854915619,0.06158028915524483,0.19961115717887878,0.27145376801490784,0.040875036269426346,0.00408750306814909,0.0344829186797142
047tg3h4,N_sink_mm,2,112,0.04747104272246361,0.04747104272246361,0.009413439780473709,0.2651538848876953,0.05268542468547821,0.18863609433174133,0.26064854860305786,0.05022871866822243,0.005022870842367411,0.035263046622276306
047tg3h4,N_sink_mm,2,113,0.04799360781908035,0.04799360781908035,0.0115423072129488,0.2661359906196594,0.10488023608922958,0.1734931766986847,0.2763005495071411,0.04988453537225723,0.004988453350961208,0.03328984975814819
047tg3h4,N_sink_mm,2,114,0.06629187613725662,0.06629187613725662,0.01428647618740797,0.264800488948822,0.06269220262765884,0.18491902947425842,0.2128046303987503,0.0445711687207222,0.0044571151956915855,0.03361504524946213
047tg3h4,N_sink_mm,2,115,0.04605219513177872,0.04605219513177872,0.014493649825453758,0.26673850417137146,0.14864975214004517,0.1865336000919342,0.2556888461112976,0.04547573998570442,0.004547573626041412,0.03435510769486427
047tg3h4,N_sink_mm,2,116,0.05671596899628639,0.05671596899628639,0.01601201668381691,0.2653983235359192,0.12221086025238037,0.20383039116859436,0.24918627738952637,0.040017031133174896,0.00400170311331749,0.034572336822748184
047tg3h4,N_sink_mm,2,117,0.051878467202186584,0.051878467202186584,0.017819605767726898,0.26458945870399475,0.0702580064535141,0.1979753077030182,0.25852474570274353,0.04162927716970444,0.004162928089499474,0.03521459922194481
047tg3h4,N_sink_mm,2,118,0.05518951267004013,0.05518951267004013,0.013106778264045715,0.26638901233673096,0.1456644982099533,0.17145535349845886,0.28318914771080017,0.05642585828900337,0.0056425840593874454,0.03549906611442566
047tg3h4,N_sink_mm,2,119,0.05269164964556694,0.05269164964556694,0.010751638561487198,0.2652587294578552,0.07935314625501633,0.18608319759368896,0.23541271686553955,0.04552401974797249,0.004552402067929506,0.03563595563173294
047tg3h4,N_sink_mm,2,120,0.04741176590323448,0.04741176590323448,0.014659241773188114,0.26601022481918335,0.1266249716281891,0.1981557160615921,0.27209532260894775,0.039298392832279205,0.0039298394694924355,0.035421907901763916
047tg3h4,N_sink_mm,2,121,0.045175593346357346,0.045175593346357346,0.012010538950562477,0.265512079000473,0.10601755976676941,0.19248972833156586,0.23905716836452484,0.056909751147031784,0.005690974183380604,0.03587901219725609
047tg3h4,N_sink_mm,2,122,0.05229251831769943,0.05229251831769943,0.016175149008631706,0.26545313000679016,0.11109930276870728,0.18681634962558746,0.25017255544662476,0.0441574901342392,0.0044157481752336025,0.03612997755408287
047tg3h4,N_sink_mm,2,123,0.04066603630781174,0.04066603630781174,0.015133296139538288,0.26580679416656494,0.11231616139411926,0.1980847269296646,0.28860533237457275,0.04319680854678154,0.004319681320339441,0.036554355174303055
047tg3h4,N_sink_mm,2,124,0.05530962720513344,0.05530962720513344,0.020277049392461777,0.265145868062973,0.11328515410423279,0.20408928394317627,0.24944281578063965,0.04868312552571297,0.004868313204497099,0.037300318479537964
047tg3h4,N_sink_mm,2,125,0.05181365832686424,0.05181365832686424,0.018872538581490517,0.2659226059913635,0.1383673995733261,0.20290590822696686,0.24930569529533386,0.044948894530534744,0.004494889639317989,0.037469107657670975
047tg3h4,N_sink_mm,2,126,0.0423700325191021,0.0423700325191021,0.01625221222639084,0.2665776014328003,0.14607928693294525,0.20289990305900574,0.28703242540359497,0.03944379836320877,0.003944378811866045,0.0372493639588356
047tg3h4,N_sink_mm,2,127,0.04764871671795845,0.04764871671795845,0.012053498066961765,0.2655596435070038,0.06580508500337601,0.20505695044994354,0.2342069298028946,0.04077475517988205,0.004077475983649492,0.037683483213186264
047tg3h4,N_sink_mm,2,128,0.04958638921380043,0.04958638921380043,0.011040001176297665,0.2659907042980194,0.09415863454341888,0.19623276591300964,0.21483023464679718,0.05124930664896965,0.005124930292367935,0.037989385426044464
047tg3h4,N_sink_mm,2,129,0.06073235720396042,0.06073235720396042,0.018980378285050392,0.2647283971309662,0.12282177060842514,0.2065683901309967,0.2963820993900299,0.03935122489929199,0.003935122396796942,0.037509627640247345
047tg3h4,N_sink_mm,2,130,0.06830811500549316,0.06830811500549316,0.02187460847198963,0.26401299238204956,0.11772660911083221,0.19763146340847015,0.25065866112709045,0.05010563135147095,0.005010563414543867,0.03852943703532219
047tg3h4,N_sink_mm,2,131,0.04059581086039543,0.04059581086039543,0.016962958499789238,0.2660699188709259,0.11992063373327255,0.179547980427742,0.26298320293426514,0.055797215551137924,0.005579720251262188,0.03909158706665039
047tg3h4,N_sink_mm,2,132,0.05243152007460594,0.05243152007460594,0.019283056259155273,0.26542142033576965,0.11587084829807281,0.20328614115715027,0.2787197232246399,0.04007498547434807,0.0040074982680380344,0.038230832666158676
047tg3h4,N_sink_mm,2,133,0.05131926015019417,0.05131926015019417,0.019823776558041573,0.2649919092655182,0.12353219091892242,0.20866987109184265,0.24796117842197418,0.03889348357915878,0.0038893490564078093,0.039215900003910065
047tg3h4,N_sink_mm,2,134,0.04683183133602142,0.04683183133602142,0.02169175259768963,0.26464998722076416,0.08224112540483475,0.20147696137428284,0.2570702135562897,0.04425862058997154,0.004425862338393927,0.0395822674036026
047tg3h4,N_sink_mm,2,135,0.0474589578807354,0.0474589578807354,0.021366965025663376,0.2662792205810547,0.14816142618656158,0.20627464354038239,0.2812318801879883,0.03985373303294182,0.0039853728376328945,0.03961160033941269
047tg3h4,N_sink_mm,2,136,0.04592232033610344,0.04592232033610344,0.019245678558945656,0.2652658522129059,0.11363129317760468,0.20728816092014313,0.26787999272346497,0.03931832313537598,0.003931832499802113,0.040286336094141006
047tg3h4,N_sink_mm,2,137,0.056448813527822495,0.056448813527822495,0.0215922761708498,0.26533740758895874,0.11291983723640442,0.21083387732505798,0.2518153488636017,0.04359479621052742,0.00435947859659791,0.040105611085891724
047tg3h4,N_sink_mm,2,138,0.04431544244289398,0.04431544244289398,0.018008403480052948,0.26638907194137573,0.1340242624282837,0.2082594484090805,0.2599172294139862,0.04940708354115486,0.0049407086335122585,0.04071926698088646
047tg3h4,N_sink_mm,2,139,0.056177057325839996,0.056177057325839996,0.025663617998361588,0.2645532786846161,0.10459700226783752,0.20286110043525696,0.22819137573242188,0.05391695722937584,0.005391696467995644,0.04153185337781906
047tg3h4,N_sink_mm,2,140,0.05496013164520264,0.05496013164520264,0.018817225471138954,0.26470834016799927,0.07748838514089584,0.1902294158935547,0.2401919662952423,0.04393371567130089,0.004393371753394604,0.04113367572426796
047tg3h4,N_sink_mm,2,141,0.04998883977532387,0.04998883977532387,0.021914616227149963,0.26589521765708923,0.13105913996696472,0.21238698065280914,0.2350785732269287,0.03937719762325287,0.003937719855457544,0.041149038821458817
047tg3h4,N_sink_mm,2,142,0.040050141513347626,0.040050141513347626,0.020758355036377907,0.26599451899528503,0.09313729405403137,0.21160058677196503,0.27880674600601196,0.04521014541387558,0.0045210146345198154,0.041718799620866776
047tg3h4,N_sink_mm,2,143,0.06742459535598755,0.06742459535598755,0.02103576809167862,0.2641587257385254,0.07363314181566238,0.20043188333511353,0.2499374896287918,0.05322229489684105,0.005322229117155075,0.04255323112010956
047tg3h4,N_sink_mm,2,144,0.06054823473095894,0.06054823473095894,0.024757664650678635,0.2642853260040283,0.09061264246702194,0.18793946504592896,0.2353219836950302,0.06178273260593414,0.006178273819386959,0.04213738813996315
047tg3h4,N_sink_mm,2,145,0.05166957154870033,0.05166957154870033,0.018343377858400345,0.26490747928619385,0.11333324760198593,0.20684710144996643,0.2855478525161743,0.040166404098272324,0.004016640596091747,0.04274948686361313
047tg3h4,N_sink_mm,2,146,0.045033957809209824,0.045033957809209824,0.019273167476058006,0.26627644896507263,0.1215970367193222,0.2046661525964737,0.29091840982437134,0.04650123789906502,0.004650123417377472,0.04240599647164345
047tg3h4,N_sink_mm,2,147,0.053323663771152496,0.053323663771152496,0.024170519784092903,0.26478099822998047,0.11476065963506699,0.201258584856987,0.23552747070789337,0.04791523143649101,0.0047915237955749035,0.04341703653335571
047tg3h4,N_sink_mm,2,148,0.03684908524155617,0.03684908524155617,0.020123334601521492,0.2657543420791626,0.09819956868886948,0.20314325392246246,0.22498145699501038,0.05246315151453018,0.005246314685791731,0.04308880865573883
047tg3h4,N_sink_mm,2,149,0.06116916611790657,0.06116916611790657,0.02667282149195671,0.2645883858203888,0.11817218363285065,0.20678284764289856,0.2430325448513031,0.041323188692331314,0.004132318310439587,0.04468517750501633
047tg3h4,N_sink_mm,2,150,0.04637772962450981,0.04637772962450981,0.027099609375,0.2662748098373413,0.16177012026309967,0.20507197082042694,0.29504668712615967,0.04642566293478012,0.004642566666007042,0.04392055794596672
047tg3h4,N_sink_mm,2,151,0.0528007447719574,0.0528007447719574,0.031149622052907944,0.26486679911613464,0.10909207910299301,0.21596021950244904,0.266736775636673,0.0476958230137825,0.004769582767039537,0.044407304376363754
047tg3h4,N_sink_mm,2,152,0.05249889940023422,0.05249889940023422,0.02405894733965397,0.26617512106895447,0.16734035313129425,0.20269951224327087,0.25650060176849365,0.056343138217926025,0.005634313449263573,0.044152263551950455
047tg3h4,N_sink_mm,2,153,0.06399638205766678,0.06399638205766678,0.02803715690970421,0.2638196051120758,0.09837476909160614,0.20625793933868408,0.2930091619491577,0.051689472049474716,0.005168946459889412,0.04524295777082443
047tg3h4,N_sink_mm,2,154,0.04863225296139717,0.04863225296139717,0.02469126135110855,0.2664184272289276,0.15863177180290222,0.21956850588321686,0.26950719952583313,0.043675925582647324,0.004367593210190535,0.044750113040208817
047tg3h4,N_sink_mm,2,155,0.04593260958790779,0.04593260958790779,0.014472570270299911,0.2659685015678406,0.10654003918170929,0.21229934692382812,0.25807785987854004,0.047768719494342804,0.0047768717631697655,0.04551820456981659
047tg3h4,N_sink_mm,2,156,0.042448293417692184,0.042448293417692184,0.022737573832273483,0.2669118642807007,0.15133017301559448,0.2143765687942505,0.2635132372379303,0.049321115016937256,0.004932111594825983,0.04517728090286255
047tg3h4,N_sink_mm,2,157,0.05902063846588135,0.05902063846588135,0.027256451547145844,0.2652379274368286,0.10458523035049438,0.21831242740154266,0.27004382014274597,0.04397585988044739,0.004397586453706026,0.04610395058989525
047tg3h4,N_sink_mm,2,158,0.046089719980955124,0.046089719980955124,0.027949294075369835,0.26496395468711853,0.1121315136551857,0.21567945182323456,0.30263030529022217,0.04197230562567711,0.004197231959551573,0.04613610357046127
047tg3h4,N_sink_mm,2,159,0.033567968755960464,0.033567968755960464,0.029941871762275696,0.266789048910141,0.15110421180725098,0.2132849097251892,0.23188087344169617,0.047382455319166183,0.0047382451593875885,0.04634632542729378
047tg3h4,N_sink_mm,2,160,0.058830518275499344,0.058830518275499344,0.022450627759099007,0.26672104001045227,0.1859448254108429,0.20401720702648163,0.23409824073314667,0.05747353285551071,0.005747351795434952,0.04645519703626633
047tg3h4,N_sink_mm,2,161,0.06766273081302643,0.06766273081302643,0.028935428708791733,0.2648548185825348,0.13380399346351624,0.22488035261631012,0.29484403133392334,0.04012026637792587,0.004012025892734528,0.04681766778230667
047tg3h4,N_sink_mm,2,162,0.06378071755170822,0.06378071755170822,0.02940746396780014,0.2652534246444702,0.16364996135234833,0.21788357198238373,0.2396189123392105,0.04585111886262894,0.004585111979395151,0.04669170454144478
047tg3h4,N_sink_mm,2,163,0.059599220752716064,0.059599220752716064,0.03311944752931595,0.2658923268318176,0.1674608290195465,0.20883040130138397,0.22792629897594452,0.048507850617170334,0.004850784782320261,0.04704786837100983
047tg3h4,N_sink_mm,2,164,0.05271439626812935,0.05271439626812935,0.036697372794151306,0.26486703753471375,0.13288891315460205,0.21589136123657227,0.23562981188297272,0.04530790448188782,0.004530790261924267,0.04737590253353119
047tg3h4,N_sink_mm,2,165,0.03582552820444107,0.03582552820444107,0.019352130591869354,0.2674243450164795,0.1419660598039627,0.22186578810214996,0.24475730955600739,0.04540398344397545,0.004540398251265287,0.04679647460579872
047tg3h4,N_sink_mm,2,166,0.05994178354740143,0.05994178354740143,0.037456996738910675,0.26528993248939514,0.1630452573299408,0.22171534597873688,0.3109275996685028,0.048424962908029556,0.004842496942728758,0.04758952558040619
047tg3h4,N_sink_mm,2,167,0.06706048548221588,0.06706048548221588,0.039951421320438385,0.2647744119167328,0.14521047472953796,0.23321719467639923,0.25929200649261475,0.04654781147837639,0.0046547818928956985,0.04792868718504906
047tg3h4,N_sink_mm,2,168,0.05446875840425491,0.05446875840425491,0.035189807415008545,0.2654641568660736,0.14040659368038177,0.22267381846904755,0.22634920477867126,0.04868170619010925,0.004868170712143183,0.04861423373222351
047tg3h4,N_sink_mm,2,169,0.04929126799106598,0.04929126799106598,0.03151426836848259,0.26519283652305603,0.12164700776338577,0.2262527048587799,0.285264790058136,0.04663614556193352,0.004663614556193352,0.04889117553830147
047tg3h4,N_sink_mm,2,170,0.052460458129644394,0.052460458129644394,0.031791310757398605,0.2657456696033478,0.16353657841682434,0.23233546316623688,0.24398374557495117,0.04245353862643242,0.004245353396981955,0.048746511340141296
047tg3h4,N_sink_mm,2,171,0.05639772489666939,0.05639772489666939,0.034624744206666946,0.2664143145084381,0.16882914304733276,0.2289988100528717,0.2952636778354645,0.044102203100919724,0.004410221707075834,0.04920627176761627
047tg3h4,N_sink_mm,2,172,0.0686163678765297,0.0686163678765297,0.04694795981049538,0.26440733671188354,0.15444472432136536,0.22222094237804413,0.27658969163894653,0.05631544813513756,0.005631544161587954,0.04923003911972046
047tg3h4,N_sink_mm,2,173,0.06263183057308197,0.06263183057308197,0.043145839124917984,0.26515257358551025,0.142904594540596,0.22783781588077545,0.2732127904891968,0.05452180653810501,0.0054521821439266205,0.049732755869627
047tg3h4,N_sink_mm,2,174,0.039423294365406036,0.039423294365406036,0.03923039510846138,0.2667185664176941,0.1516370326280594,0.23184847831726074,0.2633802592754364,0.04877135530114174,0.004877136088907719,0.04961847513914108
047tg3h4,N_sink_mm,2,175,0.05081522464752197,0.05081522464752197,0.03446448966860771,0.26655352115631104,0.1320071667432785,0.23003555834293365,0.28009459376335144,0.045751772820949554,0.004575176630169153,0.049717891961336136
047tg3h4,N_sink_mm,2,176,0.06115852668881416,0.06115852668881416,0.04774332791566849,0.2672439217567444,0.20828430354595184,0.2338937371969223,0.2545178532600403,0.04810958728194237,0.004810960032045841,0.049778539687395096
047tg3h4,N_sink_mm,2,177,0.07416727393865585,0.07416727393865585,0.04976811632514,0.2645381689071655,0.13028685748577118,0.22451481223106384,0.2309950590133667,0.04985863342881203,0.004985862877219915,0.05066238343715668
047tg3h4,N_sink_mm,2,178,0.053963180631399155,0.053963180631399155,0.039382100105285645,0.26601651310920715,0.16357198357582092,0.22386105358600616,0.2481892704963684,0.05038035660982132,0.005038036033511162,0.05099382624030113
047tg3h4,N_sink_mm,2,179,0.06309116631746292,0.06309116631746292,0.0421440415084362,0.2644440531730652,0.13319647312164307,0.23476114869117737,0.2716895639896393,0.050075825303792953,0.00500758271664381,0.05172492191195488
047tg3h4,N_sink_mm,2,180,0.05374683067202568,0.05374683067202568,0.038613371551036835,0.2680601477622986,0.20997683703899384,0.23305539786815643,0.2363264262676239,0.04430655390024185,0.004430655390024185,0.05179307609796524
047tg3h4,N_sink_mm,2,181,0.06893787533044815,0.06893787533044815,0.04445520043373108,0.2653190493583679,0.18220345675945282,0.2326994091272354,0.23124739527702332,0.051743652671575546,0.005174366291612387,0.052191395312547684
047tg3h4,N_sink_mm,2,182,0.054779306054115295,0.054779306054115295,0.045394688844680786,0.2662687599658966,0.17387399077415466,0.2349587380886078,0.2747636139392853,0.05064962059259415,0.005064961966127157,0.052485398948192596
047tg3h4,N_sink_mm,2,183,0.06136592850089073,0.06136592850089073,0.041526079177856445,0.265839546918869,0.16320617496967316,0.23625169694423676,0.2793954014778137,0.050896260887384415,0.005089626647531986,0.052781201899051666
047tg3h4,N_sink_mm,2,184,0.07334264367818832,0.07334264367818832,0.05246951803565025,0.2637532949447632,0.1295013427734375,0.23930948972702026,0.2619490325450897,0.04277367144823074,0.004277366679161787,0.052538517862558365
047tg3h4,N_sink_mm,2,185,0.05483716353774071,0.05483716353774071,0.047150637954473495,0.2652149796485901,0.15308192372322083,0.242693230509758,0.2536502778530121,0.042731404304504395,0.004273139405995607,0.053051188588142395
047tg3h4,N_sink_mm,2,186,0.06480872631072998,0.06480872631072998,0.04440470039844513,0.266720175743103,0.18651139736175537,0.24681830406188965,0.23396384716033936,0.04614296555519104,0.004614296834915876,0.05308616906404495
047tg3h4,N_sink_mm,2,187,0.05012888088822365,0.05012888088822365,0.041281990706920624,0.26602813601493835,0.1631172150373459,0.24076290428638458,0.2514108121395111,0.05546315386891365,0.00554631557315588,0.053261514753103256
047tg3h4,N_sink_mm,2,188,0.05974802374839783,0.05974802374839783,0.048868823796510696,0.26567986607551575,0.16300667822360992,0.24030601978302002,0.2310040444135666,0.05067775398492813,0.005067775025963783,0.05339447781443596
047tg3h4,N_sink_mm,2,189,0.05965309962630272,0.05965309962630272,0.04103616997599602,0.26643019914627075,0.1885761022567749,0.2401479333639145,0.2743571400642395,0.04890577122569084,0.004890576936304569,0.053577713668346405
047tg3h4,N_sink_mm,2,190,0.069267138838768,0.069267138838768,0.029438991099596024,0.2651357054710388,0.10393219441175461,0.23922626674175262,0.23537252843379974,0.05352676659822464,0.005352677311748266,0.05438403785228729
047tg3h4,N_sink_mm,2,191,0.055885400623083115,0.055885400623083115,0.04532114788889885,0.26492932438850403,0.14631430804729462,0.23980171978473663,0.24548646807670593,0.050929777324199677,0.005092978477478027,0.054439790546894073
047tg3h4,N_sink_mm,2,192,0.06012239679694176,0.06012239679694176,0.031149283051490784,0.26769331097602844,0.19289295375347137,0.24362243711948395,0.27754852175712585,0.04671274498105049,0.0046712737530469894,0.05519665405154228
047tg3h4,N_sink_mm,2,193,0.07160795480012894,0.07160795480012894,0.04390379413962364,0.2652222216129303,0.14817526936531067,0.2419789582490921,0.26194483041763306,0.04584795981645584,0.004584796726703644,0.055567722767591476
047tg3h4,N_sink_mm,2,194,0.06262791156768799,0.06262791156768799,0.044782329350709915,0.26491162180900574,0.1172388419508934,0.24092504382133484,0.22981394827365875,0.049734074622392654,0.004973407834768295,0.05534994602203369
047tg3h4,N_sink_mm,2,195,0.06589982658624649,0.06589982658624649,0.05030009523034096,0.26521608233451843,0.16418582201004028,0.23527389764785767,0.2737649083137512,0.051135580986738205,0.005113557912409306,0.05507457256317139
047tg3h4,N_sink_mm,2,196,0.07293064147233963,0.07293064147233963,0.05039477348327637,0.265968382358551,0.1819036900997162,0.24434062838554382,0.2322450876235962,0.04776833951473236,0.004776833578944206,0.05531240627169609
047tg3h4,N_sink_mm,2,197,0.06318797916173935,0.06318797916173935,0.0418882742524147,0.2647798955440521,0.11788974702358246,0.2470812350511551,0.24549300968647003,0.04996781423687935,0.004996781703084707,0.05639367550611496
047tg3h4,N_sink_mm,2,198,0.07737735658884048,0.07737735658884048,0.06165427714586258,0.26413634419441223,0.136134073138237,0.23754414916038513,0.2732992172241211,0.05294456332921982,0.005294456612318754,0.05645379051566124
047tg3h4,N_sink_mm,2,199,0.06869301944971085,0.06869301944971085,0.05338989943265915,0.26538172364234924,0.16753412783145905,0.24697966873645782,0.2692181468009949,0.052611302584409714,0.005261129699647427,0.057020366191864014
047tg3h4,N_sink_mm,2,200,0.060072023421525955,0.060072023421525955,0.04761452227830887,0.2653563916683197,0.1550700068473816,0.24740490317344666,0.25871723890304565,0.045723967254161835,0.004572396632283926,0.05717507749795914
047tg3h4,N_sink_mm,2,201,0.0681672915816307,0.0681672915816307,0.057105839252471924,0.2654275596141815,0.16564027965068817,0.24919433891773224,0.27726802229881287,0.047463227063417435,0.004746323451399803,0.05707493796944618
047tg3h4,N_sink_mm,2,202,0.0568680502474308,0.0568680502474308,0.03796777129173279,0.26668089628219604,0.1804383546113968,0.24925827980041504,0.2796942889690399,0.05256903916597366,0.005256902892142534,0.05824779346585274
047tg3h4,N_sink_mm,2,203,0.06550123542547226,0.06550123542547226,0.05210494250059128,0.2653139531612396,0.17579567432403564,0.241653174161911,0.26071611046791077,0.05343308672308922,0.005343308672308922,0.058304402977228165
047tg3h4,N_sink_mm,2,204,0.06537317484617233,0.06537317484617233,0.042063385248184204,0.2648041248321533,0.12720152735710144,0.24382449686527252,0.24669307470321655,0.054244644939899445,0.005424464587122202,0.058106206357479095
047tg3h4,N_sink_mm,2,205,0.06627761572599411,0.06627761572599411,0.05006621032953262,0.2642943859100342,0.13475069403648376,0.25241819024086,0.2705894410610199,0.04625152423977852,0.004625151865184307,0.058700595051050186
047tg3h4,N_sink_mm,2,206,0.06811552494764328,0.06811552494764328,0.04588761925697327,0.2645255923271179,0.13576699793338776,0.25447094440460205,0.2537345886230469,0.04623345285654068,0.004623345099389553,0.05902227759361267
047tg3h4,N_sink_mm,2,207,0.07304881513118744,0.07304881513118744,0.04756857082247734,0.26672470569610596,0.19475403428077698,0.258680135011673,0.2741492688655853,0.04679858684539795,0.004679858218878508,0.05894820764660835
047tg3h4,N_sink_mm,2,208,0.07515838742256165,0.07515838742256165,0.04082220792770386,0.26471126079559326,0.1472560465335846,0.2547639012336731,0.27039849758148193,0.04829060286283493,0.004829061217606068,0.059203725308179855
047tg3h4,N_sink_mm,2,209,0.0725136250257492,0.0725136250257492,0.052459340542554855,0.2648228704929352,0.15826059877872467,0.26113003492355347,0.23028936982154846,0.044245731085538864,0.004424572456628084,0.06008125841617584
047tg3h4,N_sink_mm,2,210,0.07938352972269058,0.07938352972269058,0.046465493738651276,0.26544296741485596,0.17897222936153412,0.25041452050209045,0.2786434292793274,0.06472425907850266,0.006472426932305098,0.060328129678964615
047tg3h4,N_sink_mm,2,211,0.06664340943098068,0.06664340943098068,0.04165336862206459,0.26511093974113464,0.1448788344860077,0.22037410736083984,0.25097447633743286,0.06843550503253937,0.006843549199402332,0.06131230294704437
047tg3h4,N_sink_mm,2,212,0.06476622819900513,0.06476622819900513,0.05850354582071304,0.2636890113353729,0.1246209368109703,0.2175702452659607,0.278460294008255,0.06732431054115295,0.006732430774718523,0.06091221794486046
047tg3h4,N_sink_mm,2,213,0.07227063924074173,0.07227063924074173,0.0490603893995285,0.2642093896865845,0.13039949536323547,0.24722257256507874,0.2971084713935852,0.05106429383158684,0.005106429569423199,0.061898428946733475
047tg3h4,N_sink_mm,2,214,0.06705597043037415,0.06705597043037415,0.058324579149484634,0.2645089328289032,0.15130090713500977,0.250224232673645,0.29222920536994934,0.05591924488544464,0.005591923370957375,0.06170223653316498
047tg3h4,N_sink_mm,2,215,0.06353979557752609,0.06353979557752609,0.06246915087103844,0.2653213143348694,0.18020762503147125,0.25923871994018555,0.2611849904060364,0.047083523124456406,0.004708352033048868,0.06178291141986847
047tg3h4,N_sink_mm,2,216,0.06692903488874435,0.06692903488874435,0.0514613576233387,0.265419065952301,0.1623353213071823,0.25704026222229004,0.24620947241783142,0.047438833862543106,0.004743883386254311,0.06203550845384598
047tg3h4,N_sink_mm,2,217,0.07886569947004318,0.07886569947004318,0.05685827136039734,0.2653774321079254,0.17416726052761078,0.2600560784339905,0.23586255311965942,0.04582995921373367,0.004582997411489487,0.06219569221138954
047tg3h4,N_sink_mm,2,218,0.07453315705060959,0.07453315705060959,0.05126895755529404,0.2644865810871124,0.14841462671756744,0.26009514927864075,0.27014631032943726,0.0437793992459774,0.004377941135317087,0.06332729011774063
047tg3h4,N_sink_mm,2,219,0.07422831654548645,0.07422831654548645,0.0585501529276371,0.2644128203392029,0.16152557730674744,0.26345306634902954,0.24992980062961578,0.04117920249700546,0.004117920063436031,0.06285206228494644
047tg3h4,N_sink_mm,2,220,0.07333072274923325,0.07333072274923325,0.0541221909224987,0.2656380832195282,0.1927623301744461,0.2623850405216217,0.23908580839633942,0.05688023567199707,0.005688023287802935,0.0630691647529602
047tg3h4,N_sink_mm,2,221,0.07386529445648193,0.07386529445648193,0.05630821734666824,0.2654379904270172,0.17912307381629944,0.2587086856365204,0.2938540279865265,0.05146636813879013,0.005146636627614498,0.06337293982505798
047tg3h4,N_sink_mm,2,222,0.07519224286079407,0.07519224286079407,0.0657532587647438,0.26525044441223145,0.19584563374519348,0.2596997022628784,0.21298296749591827,0.04730049893260002,0.00473004998639226,0.06326092779636383
047tg3h4,N_sink_mm,2,223,0.07445751875638962,0.07445751875638962,0.048660244792699814,0.26475998759269714,0.15652593970298767,0.266588419675827,0.2519075870513916,0.04502614215016365,0.0045026144944131374,0.06376256048679352
047tg3h4,N_sink_mm,2,224,0.09097504615783691,0.09097504615783691,0.05528536066412926,0.2640340030193329,0.16577444970607758,0.26343587040901184,0.25033578276634216,0.05237830430269241,0.0052378298714756966,0.06417974829673767
047tg3h4,N_sink_mm,2,225,0.0884786993265152,0.0884786993265152,0.0637964978814125,0.26509666442871094,0.2137623280286789,0.26760610938072205,0.22637826204299927,0.05007734149694443,0.005007733590900898,0.06424713134765625
047tg3h4,N_sink_mm,2,226,0.08273081481456757,0.08273081481456757,0.0625467598438263,0.26577168703079224,0.21278192102909088,0.26418837904930115,0.24086031317710876,0.05400488153100014,0.005400488153100014,0.06421040743589401
047tg3h4,N_sink_mm,2,227,0.07340013980865479,0.07340013980865479,0.05155760422348976,0.2644875943660736,0.1501372754573822,0.26120445132255554,0.2627543807029724,0.05776680260896683,0.005776680074632168,0.0646071508526802
047tg3h4,N_sink_mm,2,228,0.08168841898441315,0.08168841898441315,0.05295141413807869,0.26365232467651367,0.15428093075752258,0.2568829357624054,0.2587621808052063,0.0534433051943779,0.005344330798834562,0.06532647460699081
047tg3h4,N_sink_mm,2,229,0.07242401689291,0.07242401689291,0.05963420122861862,0.2653200626373291,0.18701566755771637,0.27330270409584045,0.2760257124900818,0.0403842031955719,0.0040384200401604176,0.06544390320777893
047tg3h4,N_sink_mm,2,230,0.08282282948493958,0.08282282948493958,0.050652969628572464,0.2643078863620758,0.1598544865846634,0.2689746618270874,0.25658467411994934,0.04753466323018074,0.004753467161208391,0.06604006886482239
047tg3h4,N_sink_mm,2,231,0.07301061600446701,0.07301061600446701,0.061585910618305206,0.26563045382499695,0.18354515731334686,0.27029141783714294,0.24125872552394867,0.05239344388246536,0.005239342804998159,0.06562191247940063
047tg3h4,N_sink_mm,2,232,0.08616331219673157,0.08616331219673157,0.05381083860993385,0.2633136510848999,0.1481740027666092,0.2676405608654022,0.2558416724205017,0.051439207047224045,0.005143920425325632,0.06683994084596634
047tg3h4,N_sink_mm,2,233,0.08877753466367722,0.08877753466367722,0.06361853331327438,0.2650587558746338,0.1895664483308792,0.26868563890457153,0.2382965087890625,0.05414600297808647,0.005414600018411875,0.06641443818807602
047tg3h4,N_sink_mm,2,234,0.08108396828174591,0.08108396828174591,0.05312751606106758,0.26462915539741516,0.17862913012504578,0.2687245309352875,0.23611633479595184,0.0474192313849926,0.004741922486573458,0.06703246384859085
047tg3h4,N_sink_mm,2,235,0.07439035177230835,0.07439035177230835,0.054330974817276,0.2646538019180298,0.1838531345129013,0.27664488554000854,0.2261454313993454,0.04784887656569481,0.004784887656569481,0.0671592503786087
047tg3h4,N_sink_mm,2,236,0.06853920966386795,0.06853920966386795,0.04727877303957939,0.26599863171577454,0.1588132530450821,0.2703591585159302,0.27290356159210205,0.05143457651138306,0.005143457092344761,0.0674763172864914
047tg3h4,N_sink_mm,2,237,0.08889859914779663,0.08889859914779663,0.057383548468351364,0.26472434401512146,0.17891359329223633,0.2759799361228943,0.22983092069625854,0.04786183312535286,0.004786183591932058,0.0674678310751915
047tg3h4,N_sink_mm,2,238,0.07837340235710144,0.07837340235710144,0.0507279597222805,0.26439085602760315,0.17386938631534576,0.2760010063648224,0.299437940120697,0.047016579657793045,0.004701657686382532,0.06805797666311264
047tg3h4,N_sink_mm,2,239,0.07903863489627838,0.07903863489627838,0.0515618771314621,0.2652209997177124,0.18864047527313232,0.27451658248901367,0.24356190860271454,0.0535556897521019,0.00535556860268116,0.06815026700496674
047tg3h4,N_sink_mm,2,240,0.08169614523649216,0.08169614523649216,0.061832502484321594,0.2645503282546997,0.17673183977603912,0.27088993787765503,0.22971764206886292,0.04860999807715416,0.004860999528318644,0.06854481250047684
047tg3h4,N_sink_mm,2,241,0.09249086678028107,0.09249086678028107,0.06897497177124023,0.26493310928344727,0.22274434566497803,0.2809421122074127,0.27448636293411255,0.04529872536659241,0.004529873374849558,0.06892621517181396
047tg3h4,N_sink_mm,2,242,0.08937317878007889,0.08937317878007889,0.06688427925109863,0.2654232978820801,0.21199455857276917,0.28010818362236023,0.29772430658340454,0.04850202798843384,0.004850205034017563,0.06899408251047134
047tg3h4,N_sink_mm,2,243,0.0887066051363945,0.0887066051363945,0.05736955255270004,0.2637706995010376,0.13874050974845886,0.28113308548927307,0.2482805997133255,0.04749695211648941,0.0047496953047811985,0.06931978464126587
047tg3h4,N_sink_mm,2,244,0.06476003676652908,0.06476003676652908,0.04818293824791908,0.26502659916877747,0.13838645815849304,0.2790232002735138,0.22345653176307678,0.05063435435295105,0.0050634355284273624,0.06987961381673813
047tg3h4,N_sink_mm,2,245,0.07137899845838547,0.07137899845838547,0.06258945167064667,0.2650500237941742,0.1819504201412201,0.2798526883125305,0.3249988257884979,0.05573682859539986,0.005573682487010956,0.06948284059762955
047tg3h4,N_sink_mm,2,246,0.0627237856388092,0.0627237856388092,0.04476720094680786,0.26604580879211426,0.1467171162366867,0.28177738189697266,0.2695554196834564,0.05154983326792717,0.005154983606189489,0.07008623331785202
047tg3h4,N_sink_mm,2,247,0.07052013278007507,0.07052013278007507,0.05421595275402069,0.2653544545173645,0.14770694077014923,0.2827967405319214,0.2677682340145111,0.052498940378427505,0.005249893758445978,0.07024357467889786
047tg3h4,N_sink_mm,2,248,0.07336880266666412,0.07336880266666412,0.055663298815488815,0.26422494649887085,0.1387956589460373,0.28307223320007324,0.23825322091579437,0.05564156547188759,0.005564156454056501,0.0707298219203949
047tg3h4,N_sink_mm,2,249,0.09230764955282211,0.09230764955282211,0.04754666984081268,0.2654359042644501,0.1593039631843567,0.2783767282962799,0.25141316652297974,0.053720809519290924,0.005372081883251667,0.07071395218372345
047tg3h4,N_sink_mm,2,250,0.0967181995511055,0.0967181995511055,0.058458469808101654,0.26353153586387634,0.15557259321212769,0.28031882643699646,0.22482244670391083,0.05100686103105545,0.005100685637444258,0.07040077447891235
047tg3h4,N_sink_mm,2,251,0.07645972073078156,0.07645972073078156,0.06264282017946243,0.2659883201122284,0.19160842895507812,0.2832593619823456,0.24405133724212646,0.053914640098810196,0.0053914631716907024,0.07074613869190216
047tg3h4,N_sink_mm,2,252,0.0689779669046402,0.0689779669046402,0.04973187670111656,0.2654767334461212,0.14916720986366272,0.2878247797489166,0.24997206032276154,0.053793564438819885,0.0053793564438819885,0.07100944221019745
047tg3h4,N_sink_mm,2,253,0.06783100962638855,0.06783100962638855,0.05670858919620514,0.2660991847515106,0.18887583911418915,0.2834440767765045,0.2665499448776245,0.05652420222759247,0.005652420222759247,0.07061269134283066
047tg3h4,N_sink_mm,2,254,0.08561611920595169,0.08561611920595169,0.0597071573138237,0.26429253816604614,0.18753878772258759,0.2847643792629242,0.2818329632282257,0.05380009859800339,0.005380010697990656,0.07189545780420303
047tg3h4,N_sink_mm,2,255,0.054783571511507034,0.054783571511507034,0.05282235145568848,0.2660066783428192,0.13393338024616241,0.28745079040527344,0.24055157601833344,0.04675770550966263,0.004675770178437233,0.07190626859664917
047tg3h4,N_sink_mm,2,256,0.0629984512925148,0.0629984512925148,0.05288945510983467,0.26752790808677673,0.20798811316490173,0.28629201650619507,0.2511005997657776,0.0682716891169548,0.006827168632298708,0.07194669544696808
047tg3h4,N_sink_mm,2,257,0.06559780240058899,0.06559780240058899,0.05251926928758621,0.26457130908966064,0.13046880066394806,0.27759644389152527,0.26698896288871765,0.06690231710672379,0.006690231617540121,0.07185710966587067
047tg3h4,N_sink_mm,2,258,0.07358478754758835,0.07358478754758835,0.05442804470658302,0.2668303847312927,0.2062266319990158,0.28164708614349365,0.23185309767723083,0.055204637348651886,0.005520464386790991,0.07174257189035416
047tg3h4,N_sink_mm,2,259,0.07221631705760956,0.07221631705760956,0.0599563792347908,0.2644849419593811,0.14070989191532135,0.28732964396476746,0.28114816546440125,0.05284061282873154,0.005284061189740896,0.07243095338344574
047tg3h4,N_sink_mm,2,260,0.06362905353307724,0.06362905353307724,0.048979125916957855,0.26526644825935364,0.14613693952560425,0.2895212471485138,0.2722265124320984,0.051247160881757736,0.005124715622514486,0.07295152544975281
047tg3h4,N_sink_mm,2,261,0.07769184559583664,0.07769184559583664,0.05851428210735321,0.26508110761642456,0.16842003166675568,0.2880594730377197,0.2368452548980713,0.05509306117892265,0.005509304814040661,0.07262296229600906
047tg3h4,N_sink_mm,2,262,0.05685640871524811,0.05685640871524811,0.04689826816320419,0.2655333876609802,0.10840391367673874,0.2881736755371094,0.2729409337043762,0.052875954657793045,0.005287594627588987,0.07375461608171463
047tg3h4,N_sink_mm,2,263,0.05946161225438118,0.05946161225438118,0.052815645933151245,0.26598477363586426,0.17299391329288483,0.2944638729095459,0.22691042721271515,0.04776058346033096,0.004776056855916977,0.07348857820034027
047tg3h4,N_sink_mm,2,264,0.07744335383176804,0.07744335383176804,0.05914687365293503,0.26609206199645996,0.1893661767244339,0.2923022210597992,0.2652040719985962,0.05270014703273773,0.005270014051347971,0.07361035794019699
047tg3h4,N_sink_mm,2,265,0.06719423085451126,0.06719423085451126,0.05537807568907738,0.26593300700187683,0.17622774839401245,0.29481685161590576,0.25150376558303833,0.0507981963455677,0.005079819820821285,0.07404422760009766
047tg3h4,N_sink_mm,2,266,0.05988052859902382,0.05988052859902382,0.049316078424453735,0.2678033709526062,0.20625732839107513,0.29741084575653076,0.22121696174144745,0.04794963449239731,0.0047949631698429585,0.07422151416540146
047tg3h4,N_sink_mm,2,267,0.07416287064552307,0.07416287064552307,0.05648335441946983,0.2657838463783264,0.18890678882598877,0.2951855957508087,0.2569108307361603,0.049075037240982056,0.004907504189759493,0.07411813735961914
047tg3h4,N_sink_mm,2,268,0.06270790845155716,0.06270790845155716,0.06037735939025879,0.2673807740211487,0.18626657128334045,0.28579869866371155,0.23343361914157867,0.05457371845841408,0.005457371473312378,0.07501434534788132
047tg3h4,N_sink_mm,2,269,0.07228981703519821,0.07228981703519821,0.05324156954884529,0.26634886860847473,0.19167949259281158,0.29787275195121765,0.26206067204475403,0.048664819449186325,0.004866481758654118,0.07507920265197754
047tg3h4,N_sink_mm,2,270,0.057896193116903305,0.057896193116903305,0.04832879453897476,0.2673812508583069,0.18104654550552368,0.2919057607650757,0.23338128626346588,0.056982629001140594,0.005698263645172119,0.0749051496386528
047tg3h4,N_sink_mm,2,271,0.08219009637832642,0.08219009637832642,0.0618978887796402,0.2630665898323059,0.05359427258372307,0.2428082674741745,0.233537495136261,0.09600599110126495,0.00960059929639101,0.07648726552724838
047tg3h4,N_sink_mm,2,272,0.08238749206066132,0.08238749206066132,0.06274037808179855,0.26291507482528687,0.11180810630321503,0.15207095444202423,0.2402302771806717,0.05647647753357887,0.00564764766022563,0.0770154669880867
047tg3h4,N_sink_mm,2,273,0.057267989963293076,0.057267989963293076,0.05478820204734802,0.26711028814315796,0.1950121968984604,0.2108924388885498,0.21596747636795044,0.07314004004001617,0.00731400353834033,0.07654160261154175
047tg3h4,N_sink_mm,2,274,0.0685594379901886,0.0685594379901886,0.05551280453801155,0.26485106348991394,0.13231678307056427,0.23135243356227875,0.24931924045085907,0.07056908309459686,0.007056908681988716,0.07698550075292587
047tg3h4,N_sink_mm,2,275,0.06490028649568558,0.06490028649568558,0.049550700932741165,0.26570597290992737,0.14370639622211456,0.2618419826030731,0.23954162001609802,0.06211017817258835,0.00621101725846529,0.07706766575574875
047tg3h4,N_sink_mm,2,276,0.055566318333148956,0.055566318333148956,0.05255846679210663,0.2684258818626404,0.21244342625141144,0.2702168822288513,0.23339150846004486,0.06426792591810226,0.0064267911948263645,0.07723334431648254
047tg3h4,N_sink_mm,2,277,0.07571820914745331,0.07571820914745331,0.055236879736185074,0.26525893807411194,0.15268491208553314,0.2690652310848236,0.24767178297042847,0.06497224420309067,0.006497224792838097,0.07732206583023071
047tg3h4,N_sink_mm,2,278,0.08151055127382278,0.08151055127382278,0.06046029552817345,0.26587197184562683,0.18040262162685394,0.273025244474411,0.2535288333892822,0.06612555682659149,0.006612556055188179,0.07767961919307709
047tg3h4,N_sink_mm,2,279,0.07404221594333649,0.07404221594333649,0.05585896968841553,0.26662662625312805,0.20680519938468933,0.2623022794723511,0.26703163981437683,0.0852775052189827,0.008527752012014389,0.07729855924844742
047tg3h4,N_sink_mm,2,280,0.08013984560966492,0.08013984560966492,0.060285136103630066,0.26480960845947266,0.15756426751613617,0.27567797899246216,0.2554444372653961,0.06546297669410706,0.006546296179294586,0.07761025428771973
047tg3h4,N_sink_mm,2,281,0.07167288661003113,0.07167288661003113,0.05558650568127632,0.26484066247940063,0.14349478483200073,0.2908176779747009,0.23937171697616577,0.05318081006407738,0.005318081006407738,0.07735003530979156
047tg3h4,N_sink_mm,2,282,0.057185180485248566,0.057185180485248566,0.04706054925918579,0.2666189968585968,0.17540967464447021,0.2875395715236664,0.2322131097316742,0.06702087819576263,0.006702088285237551,0.07779986411333084
047tg3h4,N_sink_mm,2,283,0.06198104843497276,0.06198104843497276,0.050989557057619095,0.2665528953075409,0.17675761878490448,0.29560649394989014,0.2626941502094269,0.054445989429950714,0.005444597918540239,0.07825648784637451
047tg3h4,N_sink_mm,2,284,0.06549636274576187,0.06549636274576187,0.054902151226997375,0.2663596272468567,0.16152550280094147,0.2962040305137634,0.26943889260292053,0.05298472195863724,0.005298472009599209,0.07786036282777786
047tg3h4,N_sink_mm,2,285,0.07195176184177399,0.07195176184177399,0.06277143210172653,0.26551440358161926,0.17930538952350616,0.2968522608280182,0.23409812152385712,0.0565805621445179,0.005658057052642107,0.0786362737417221
047tg3h4,N_sink_mm,2,286,0.08425331115722656,0.08425331115722656,0.06567542254924774,0.26443395018577576,0.17541851103305817,0.29845380783081055,0.21111653745174408,0.053056519478559494,0.0053056515753269196,0.07862942665815353
047tg3h4,N_sink_mm,2,287,0.0508163645863533,0.0508163645863533,0.05611639469861984,0.2668876051902771,0.1715593785047531,0.29555508494377136,0.2335013896226883,0.07006912678480148,0.007006912492215633,0.07939644157886505
047tg3h4,N_sink_mm,2,288,0.05305950343608856,0.05305950343608856,0.04697130620479584,0.26635488867759705,0.13521482050418854,0.29509201645851135,0.23524732887744904,0.04998621344566345,0.00499862153083086,0.07925186306238174
047tg3h4,N_sink_mm,2,289,0.0635019913315773,0.0635019913315773,0.05103477090597153,0.2663477063179016,0.1543213278055191,0.3027465343475342,0.28350043296813965,0.05135028809309006,0.005135029088705778,0.08001238107681274
047tg3h4,N_sink_mm,2,290,0.07308139652013779,0.07308139652013779,0.06858512759208679,0.2674291729927063,0.21261434257030487,0.30556753277778625,0.23677921295166016,0.04687229171395302,0.004687229171395302,0.08000332862138748
047tg3h4,N_sink_mm,2,291,0.06406977772712708,0.06406977772712708,0.0527503602206707,0.2675038278102875,0.18249621987342834,0.30831170082092285,0.2640971839427948,0.046045925468206406,0.004604593850672245,0.08061552047729492
047tg3h4,N_sink_mm,2,292,0.048924919217824936,0.048924919217824936,0.06200381740927696,0.2668471932411194,0.15907959640026093,0.3095034658908844,0.26357367634773254,0.04369868338108063,0.0043698688969016075,0.0805124044418335
047tg3h4,N_sink_mm,2,293,0.07590275257825851,0.07590275257825851,0.056562669575214386,0.2673252522945404,0.20076772570610046,0.30840224027633667,0.28966206312179565,0.045600004494190216,0.004559999797493219,0.08019158244132996
047tg3h4,N_sink_mm,2,294,0.05157172679901123,0.05157172679901123,0.06701577454805374,0.2674083113670349,0.17233332991600037,0.3106399178504944,0.25292059779167175,0.04165242612361908,0.004165241960436106,0.08087297528982162
047tg3h4,N_sink_mm,2,295,0.05346832051873207,0.05346832051873207,0.060378190129995346,0.26869919896125793,0.18624457716941833,0.31122079491615295,0.256407231092453,0.051498640328645706,0.005149863660335541,0.08051089197397232
047tg3h4,N_sink_mm,2,296,0.04057338833808899,0.04057338833808899,0.052706699818372726,0.26866838335990906,0.17072837054729462,0.3071926236152649,0.23421603441238403,0.054044049233198166,0.0054044052958488464,0.08118906617164612
047tg3h4,N_sink_mm,2,297,0.05052463337779045,0.05052463337779045,0.05512857809662819,0.26754656434059143,0.1737442910671234,0.3138871490955353,0.2653663456439972,0.04461916163563728,0.004461915232241154,0.08178338408470154
047tg3h4,N_sink_mm,2,298,0.05994950234889984,0.05994950234889984,0.06318539381027222,0.2673703134059906,0.17785455286502838,0.30684226751327515,0.24566590785980225,0.05369076505303383,0.005369076505303383,0.08126107603311539
047tg3h4,N_sink_mm,2,299,0.07946816831827164,0.07946816831827164,0.06014150008559227,0.26703333854675293,0.19690002501010895,0.3107675313949585,0.272666335105896,0.049273550510406494,0.004927355330437422,0.08142238110303879
047tg3h4,N_sink_mm,2,300,,,,,,,0.2313641458749771,,,
047tg3h4,N_sink_mm,2,301,,,,,,,0.2395370900630951,,,
047tg3h4,N_sink_mm,2,302,,,,,,,0.2671608328819275,,,
047tg3h4,N_sink_mm,2,303,,,,,,,0.2519851326942444,,,
047tg3h4,N_sink_mm,2,304,,,,,,,0.24297542870044708,,,
047tg3h4,N_sink_mm,2,305,,,,,,,0.23157811164855957,,,
047tg3h4,N_sink_mm,2,306,,,,,,,0.23150606453418732,,,
047tg3h4,N_sink_mm,2,307,,,,,,,0.24953854084014893,,,
047tg3h4,N_sink_mm,2,308,,,,,,,0.23437274992465973,,,
047tg3h4,N_sink_mm,2,309,,,,,,,0.25061169266700745,,,
047tg3h4,N_sink_mm,2,310,,,,,,,0.21001799404621124,,,
047tg3h4,N_sink_mm,2,311,,,,,,,0.22850118577480316,,,
047tg3h4,N_sink_mm,2,312,,,,,,,0.28288620710372925,,,
047tg3h4,N_sink_mm,2,313,,,,,,,0.26646238565444946,,,
047tg3h4,N_sink_mm,2,314,,,,,,,0.2647043764591217,,,
047tg3h4,N_sink_mm,2,315,,,,,,,0.2564331293106079,,,
047tg3h4,N_sink_mm,2,316,,,,,,,0.2660156786441803,,,
047tg3h4,N_sink_mm,2,317,,,,,,,0.21835389733314514,,,
047tg3h4,N_sink_mm,2,318,,,,,,,0.274868905544281,,,
047tg3h4,N_sink_mm,2,319,,,,,,,0.24407197535037994,,,
047tg3h4,N_sink_mm,2,320,,,,,,,0.2996918857097626,,,
047tg3h4,N_sink_mm,2,321,,,,,,,0.232781320810318,,,
047tg3h4,N_sink_mm,2,322,,,,,,,0.2521343231201172,,,
047tg3h4,N_sink_mm,2,323,,,,,,,0.2437208890914917,,,
047tg3h4,N_sink_mm,2,324,,,,,,,0.26017048954963684,,,
047tg3h4,N_sink_mm,2,325,,,,,,,0.2630336582660675,,,
047tg3h4,N_sink_mm,2,326,,,,,,,0.26372504234313965,,,
047tg3h4,N_sink_mm,2,327,,,,,,,0.2246570885181427,,,
047tg3h4,N_sink_mm,2,328,,,,,,,0.24914830923080444,,,
047tg3h4,N_sink_mm,2,329,,,,,,,0.22752565145492554,,,
047tg3h4,N_sink_mm,2,330,,,,,,,0.23259133100509644,,,
047tg3h4,N_sink_mm,2,331,,,,,,,0.27904757857322693,,,
047tg3h4,N_sink_mm,2,332,,,,,,,0.22997629642486572,,,
047tg3h4,N_sink_mm,2,333,,,,,,,0.25547683238983154,,,
047tg3h4,N_sink_mm,2,334,,,,,,,0.257453054189682,,,
047tg3h4,N_sink_mm,2,335,,,,,,,0.23248925805091858,,,
047tg3h4,N_sink_mm,2,336,,,,,,,0.2506099045276642,,,
047tg3h4,N_sink_mm,2,337,,,,,,,0.2750702202320099,,,
047tg3h4,N_sink_mm,2,338,,,,,,,0.2514408826828003,,,
047tg3h4,N_sink_mm,2,339,,,,,,,0.2476937472820282,,,
047tg3h4,N_sink_mm,2,340,,,,,,,0.2504155933856964,,,
047tg3h4,N_sink_mm,2,341,,,,,,,0.22708956897258759,,,
047tg3h4,N_sink_mm,2,342,,,,,,,0.3086049556732178,,,
047tg3h4,N_sink_mm,2,343,,,,,,,0.26421284675598145,,,
047tg3h4,N_sink_mm,2,344,,,,,,,0.29690900444984436,,,
047tg3h4,N_sink_mm,2,345,,,,,,,0.2505589425563812,,,
047tg3h4,N_sink_mm,2,346,,,,,,,0.25888583064079285,,,
047tg3h4,N_sink_mm,2,347,,,,,,,0.2248474359512329,,,
047tg3h4,N_sink_mm,2,348,,,,,,,0.28788813948631287,,,
047tg3h4,N_sink_mm,2,349,,,,,,,0.26444655656814575,,,
047tg3h4,N_sink_mm,2,350,,,,,,,0.26038095355033875,,,
047tg3h4,N_sink_mm,2,351,,,,,,,0.22069936990737915,,,
047tg3h4,N_sink_mm,2,352,,,,,,,0.2385469675064087,,,
047tg3h4,N_sink_mm,2,353,,,,,,,0.22778353095054626,,,
047tg3h4,N_sink_mm,2,354,,,,,,,0.2164180874824524,,,
047tg3h4,N_sink_mm,2,355,,,,,,,0.2284260392189026,,,
047tg3h4,N_sink_mm,2,356,,,,,,,0.2504100799560547,,,
047tg3h4,N_sink_mm,2,357,,,,,,,0.2837264835834503,,,
047tg3h4,N_sink_mm,2,358,,,,,,,0.2638469934463501,,,
047tg3h4,N_sink_mm,2,359,,,,,,,0.2903760075569153,,,
047tg3h4,N_sink_mm,2,360,,,,,,,0.2645987272262573,,,
047tg3h4,N_sink_mm,2,361,,,,,,,0.2841537892818451,,,
047tg3h4,N_sink_mm,2,362,,,,,,,0.2702793776988983,,,
047tg3h4,N_sink_mm,2,363,,,,,,,0.2390509396791458,,,
047tg3h4,N_sink_mm,2,364,,,,,,,0.24718905985355377,,,
047tg3h4,N_sink_mm,2,365,,,,,,,0.26943281292915344,,,
047tg3h4,N_sink_mm,2,366,,,,,,,0.24475866556167603,,,
047tg3h4,N_sink_mm,2,367,,,,,,,0.2743249833583832,,,
047tg3h4,N_sink_mm,2,368,,,,,,,0.24406811594963074,,,
047tg3h4,N_sink_mm,2,369,,,,,,,0.27342554926872253,,,
047tg3h4,N_sink_mm,2,370,,,,,,,0.3020848333835602,,,
047tg3h4,N_sink_mm,2,371,,,,,,,0.22989654541015625,,,
047tg3h4,N_sink_mm,2,372,,,,,,,0.25982794165611267,,,
047tg3h4,N_sink_mm,2,373,,,,,,,0.26085180044174194,,,
047tg3h4,N_sink_mm,2,374,,,,,,,0.3041168451309204,,,
047tg3h4,N_sink_mm,2,375,,,,,,,0.24644841253757477,,,
047tg3h4,N_sink_mm,2,376,,,,,,,0.2578607499599457,,,
047tg3h4,N_sink_mm,2,377,,,,,,,0.24568648636341095,,,
047tg3h4,N_sink_mm,2,378,,,,,,,0.25878143310546875,,,
047tg3h4,N_sink_mm,2,379,,,,,,,0.24591514468193054,,,
047tg3h4,N_sink_mm,2,380,,,,,,,0.2660880386829376,,,
047tg3h4,N_sink_mm,2,381,,,,,,,0.2329580932855606,,,
047tg3h4,N_sink_mm,2,382,,,,,,,0.2640942633152008,,,
047tg3h4,N_sink_mm,2,383,,,,,,,0.2309088110923767,,,
047tg3h4,N_sink_mm,2,384,,,,,,,0.22049082815647125,,,
047tg3h4,N_sink_mm,2,385,,,,,,,0.26454609632492065,,,
047tg3h4,N_sink_mm,2,386,,,,,,,0.22059541940689087,,,
047tg3h4,N_sink_mm,2,387,,,,,,,0.2167552411556244,,,
047tg3h4,N_sink_mm,2,388,,,,,,,0.2549011707305908,,,
047tg3h4,N_sink_mm,2,389,,,,,,,0.23012486100196838,,,
047tg3h4,N_sink_mm,2,390,,,,,,,0.2618803381919861,,,
047tg3h4,N_sink_mm,2,391,,,,,,,0.22679464519023895,,,
047tg3h4,N_sink_mm,2,392,,,,,,,0.23362450301647186,,,
047tg3h4,N_sink_mm,2,393,,,,,,,0.2752957046031952,,,
047tg3h4,N_sink_mm,2,394,,,,,,,0.24449431896209717,,,
047tg3h4,N_sink_mm,2,395,,,,,,,0.25066062808036804,,,
047tg3h4,N_sink_mm,2,396,,,,,,,0.24847015738487244,,,
047tg3h4,N_sink_mm,2,397,,,,,,,0.22960127890110016,,,
047tg3h4,N_sink_mm,2,398,,,,,,,0.23836897313594818,,,
047tg3h4,N_sink_mm,2,399,,,,,,,0.24002711474895477,,,
047tg3h4,N_sink_mm,2,400,,,,,,,0.25306689739227295,,,
047tg3h4,N_sink_mm,2,401,,,,,,,0.2564274072647095,,,
047tg3h4,N_sink_mm,2,402,,,,,,,0.23091720044612885,,,
047tg3h4,N_sink_mm,2,403,,,,,,,0.25966015458106995,,,
047tg3h4,N_sink_mm,2,404,,,,,,,0.23205998539924622,,,
047tg3h4,N_sink_mm,2,405,,,,,,,0.24206343293190002,,,
047tg3h4,N_sink_mm,2,406,,,,,,,0.2570832669734955,,,
047tg3h4,N_sink_mm,2,407,,,,,,,0.23022547364234924,,,
047tg3h4,N_sink_mm,2,408,,,,,,,0.27996593713760376,,,
047tg3h4,N_sink_mm,2,409,,,,,,,0.26193055510520935,,,
047tg3h4,N_sink_mm,2,410,,,,,,,0.2768241763114929,,,
047tg3h4,N_sink_mm,2,411,,,,,,,0.2516717314720154,,,
047tg3h4,N_sink_mm,2,412,,,,,,,0.2083369344472885,,,
047tg3h4,N_sink_mm,2,413,,,,,,,0.2935049831867218,,,
047tg3h4,N_sink_mm,2,414,,,,,,,0.26368483901023865,,,
047tg3h4,N_sink_mm,2,415,,,,,,,0.24989356100559235,,,
047tg3h4,N_sink_mm,2,416,,,,,,,0.2314785122871399,,,
047tg3h4,N_sink_mm,2,417,,,,,,,0.23855295777320862,,,
047tg3h4,N_sink_mm,2,418,,,,,,,0.22585055232048035,,,
047tg3h4,N_sink_mm,2,419,,,,,,,0.271038293838501,,,
047tg3h4,N_sink_mm,2,420,,,,,,,0.26349031925201416,,,
047tg3h4,N_sink_mm,2,421,,,,,,,0.2641211450099945,,,
047tg3h4,N_sink_mm,2,422,,,,,,,0.23511813580989838,,,
047tg3h4,N_sink_mm,2,423,,,,,,,0.2224087119102478,,,
047tg3h4,N_sink_mm,2,424,,,,,,,0.27570533752441406,,,
047tg3h4,N_sink_mm,2,425,,,,,,,0.2965424358844757,,,
047tg3h4,N_sink_mm,2,426,,,,,,,0.26619383692741394,,,
047tg3h4,N_sink_mm,2,427,,,,,,,0.25937527418136597,,,
047tg3h4,N_sink_mm,2,428,,,,,,,0.2536154091358185,,,
047tg3h4,N_sink_mm,2,429,,,,,,,0.24606046080589294,,,
047tg3h4,N_sink_mm,2,430,,,,,,,0.27980586886405945,,,
047tg3h4,N_sink_mm,2,431,,,,,,,0.2503528594970703,,,
047tg3h4,N_sink_mm,2,432,,,,,,,0.23256410658359528,,,
047tg3h4,N_sink_mm,2,433,,,,,,,0.2491491138935089,,,
047tg3h4,N_sink_mm,2,434,,,,,,,0.2170737236738205,,,
047tg3h4,N_sink_mm,2,435,,,,,,,0.22961419820785522,,,
047tg3h4,N_sink_mm,2,436,,,,,,,0.22132231295108795,,,
047tg3h4,N_sink_mm,2,437,,,,,,,0.2734420597553253,,,
047tg3h4,N_sink_mm,2,438,,,,,,,0.2570391893386841,,,
047tg3h4,N_sink_mm,2,439,,,,,,,0.23402388393878937,,,
047tg3h4,N_sink_mm,2,440,,,,,,,0.26947396993637085,,,
047tg3h4,N_sink_mm,2,441,,,,,,,0.24321052432060242,,,
047tg3h4,N_sink_mm,2,442,,,,,,,0.24826720356941223,,,
047tg3h4,N_sink_mm,2,443,,,,,,,0.25665146112442017,,,
047tg3h4,N_sink_mm,2,444,,,,,,,0.2427796870470047,,,
047tg3h4,N_sink_mm,2,445,,,,,,,0.21264544129371643,,,
047tg3h4,N_sink_mm,2,446,,,,,,,0.2463250756263733,,,
047tg3h4,N_sink_mm,2,447,,,,,,,0.2545984089374542,,,
047tg3h4,N_sink_mm,2,448,,,,,,,0.2393774390220642,,,
047tg3h4,N_sink_mm,2,449,,,,,,,0.2681591510772705,,,
047tg3h4,N_sink_mm,2,450,,,,,,,0.24375846982002258,,,
047tg3h4,N_sink_mm,2,451,,,,,,,0.25508058071136475,,,
047tg3h4,N_sink_mm,2,452,,,,,,,0.2596370577812195,,,
047tg3h4,N_sink_mm,2,453,,,,,,,0.2599777579307556,,,
047tg3h4,N_sink_mm,2,454,,,,,,,0.26872849464416504,,,
047tg3h4,N_sink_mm,2,455,,,,,,,0.27615270018577576,,,
047tg3h4,N_sink_mm,2,456,,,,,,,0.22988072037696838,,,
047tg3h4,N_sink_mm,2,457,,,,,,,0.24791651964187622,,,
047tg3h4,N_sink_mm,2,458,,,,,,,0.24064862728118896,,,
047tg3h4,N_sink_mm,2,459,,,,,,,0.2624395787715912,,,
047tg3h4,N_sink_mm,2,460,,,,,,,0.26353922486305237,,,
047tg3h4,N_sink_mm,2,461,,,,,,,0.2888782024383545,,,
047tg3h4,N_sink_mm,2,462,,,,,,,0.24021093547344208,,,
047tg3h4,N_sink_mm,2,463,,,,,,,0.2534050941467285,,,
047tg3h4,N_sink_mm,2,464,,,,,,,0.23672080039978027,,,
047tg3h4,N_sink_mm,2,465,,,,,,,0.2792056202888489,,,
047tg3h4,N_sink_mm,2,466,,,,,,,0.25550714135169983,,,
047tg3h4,N_sink_mm,2,467,,,,,,,0.25111231207847595,,,
047tg3h4,N_sink_mm,2,468,,,,,,,0.27738311886787415,,,
047tg3h4,N_sink_mm,2,469,,,,,,,0.2172534316778183,,,
047tg3h4,N_sink_mm,2,470,,,,,,,0.2100936472415924,,,
047tg3h4,N_sink_mm,2,471,,,,,,,0.27850303053855896,,,
047tg3h4,N_sink_mm,2,472,,,,,,,0.2277125120162964,,,
047tg3h4,N_sink_mm,2,473,,,,,,,0.24088126420974731,,,
047tg3h4,N_sink_mm,2,474,,,,,,,0.29238879680633545,,,
047tg3h4,N_sink_mm,2,475,,,,,,,0.2617754340171814,,,
047tg3h4,N_sink_mm,2,476,,,,,,,0.2485949993133545,,,
047tg3h4,N_sink_mm,2,477,,,,,,,0.24613969027996063,,,
047tg3h4,N_sink_mm,2,478,,,,,,,0.25091552734375,,,
047tg3h4,N_sink_mm,2,479,,,,,,,0.24492540955543518,,,
047tg3h4,N_sink_mm,2,480,,,,,,,0.2554718255996704,,,
047tg3h4,N_sink_mm,2,481,,,,,,,0.23561368882656097,,,
047tg3h4,N_sink_mm,2,482,,,,,,,0.23842386901378632,,,
047tg3h4,N_sink_mm,2,483,,,,,,,0.26028093695640564,,,
047tg3h4,N_sink_mm,2,484,,,,,,,0.23966830968856812,,,
047tg3h4,N_sink_mm,2,485,,,,,,,0.2166789323091507,,,
047tg3h4,N_sink_mm,2,486,,,,,,,0.20853006839752197,,,
047tg3h4,N_sink_mm,2,487,,,,,,,0.2321207970380783,,,
047tg3h4,N_sink_mm,2,488,,,,,,,0.2573353350162506,,,
047tg3h4,N_sink_mm,2,489,,,,,,,0.2539183497428894,,,
047tg3h4,N_sink_mm,2,490,,,,,,,0.23518173396587372,,,
047tg3h4,N_sink_mm,2,491,,,,,,,0.20454341173171997,,,
047tg3h4,N_sink_mm,2,492,,,,,,,0.26837262511253357,,,
047tg3h4,N_sink_mm,2,493,,,,,,,0.252431720495224,,,
047tg3h4,N_sink_mm,2,494,,,,,,,0.23776628077030182,,,
047tg3h4,N_sink_mm,2,495,,,,,,,0.2804330587387085,,,
047tg3h4,N_sink_mm,2,496,,,,,,,0.3277365267276764,,,
047tg3h4,N_sink_mm,2,497,,,,,,,0.2437458634376526,,,
047tg3h4,N_sink_mm,2,498,,,,,,,0.24792581796646118,,,
047tg3h4,N_sink_mm,2,499,,,,,,,0.2546396851539612,,,
047tg3h4,N_sink_mm,2,500,,,,,,,0.26756012439727783,,,
047tg3h4,N_sink_mm,2,501,,,,,,,0.2414580136537552,,,
047tg3h4,N_sink_mm,2,502,,,,,,,0.2346828579902649,,,
047tg3h4,N_sink_mm,2,503,,,,,,,0.25173071026802063,,,
047tg3h4,N_sink_mm,2,504,,,,,,,0.23688597977161407,,,
047tg3h4,N_sink_mm,2,505,,,,,,,0.24347369372844696,,,
047tg3h4,N_sink_mm,2,506,,,,,,,0.24080371856689453,,,
047tg3h4,N_sink_mm,2,507,,,,,,,0.2945239841938019,,,
047tg3h4,N_sink_mm,2,508,,,,,,,0.23285585641860962,,,
047tg3h4,N_sink_mm,2,509,,,,,,,0.2257152646780014,,,
047tg3h4,N_sink_mm,2,510,,,,,,,0.2615083158016205,,,
047tg3h4,N_sink_mm,2,511,,,,,,,0.2667117714881897,,,
047tg3h4,N_sink_mm,2,512,,,,,,,0.257792204618454,,,
047tg3h4,N_sink_mm,2,513,,,,,,,0.26256653666496277,,,
047tg3h4,N_sink_mm,2,514,,,,,,,0.26156365871429443,,,
047tg3h4,N_sink_mm,2,515,,,,,,,0.22835765779018402,,,
047tg3h4,N_sink_mm,2,516,,,,,,,0.2245275378227234,,,
047tg3h4,N_sink_mm,2,517,,,,,,,0.24207042157649994,,,
047tg3h4,N_sink_mm,2,518,,,,,,,0.2729388177394867,,,
047tg3h4,N_sink_mm,2,519,,,,,,,0.2539564371109009,,,
047tg3h4,N_sink_mm,2,520,,,,,,,0.2296755164861679,,,
047tg3h4,N_sink_mm,2,521,,,,,,,0.25303077697753906,,,
047tg3h4,N_sink_mm,2,522,,,,,,,0.2586999237537384,,,
047tg3h4,N_sink_mm,2,523,,,,,,,0.28293102979660034,,,
047tg3h4,N_sink_mm,2,524,,,,,,,0.26267462968826294,,,
047tg3h4,N_sink_mm,2,525,,,,,,,0.26304271817207336,,,
047tg3h4,N_sink_mm,2,526,,,,,,,0.2616559863090515,,,
047tg3h4,N_sink_mm,2,527,,,,,,,0.22136761248111725,,,
047tg3h4,N_sink_mm,2,528,,,,,,,0.2500174343585968,,,
047tg3h4,N_sink_mm,2,529,,,,,,,0.2349977344274521,,,
047tg3h4,N_sink_mm,2,530,,,,,,,0.24156565964221954,,,
047tg3h4,N_sink_mm,2,531,,,,,,,0.26519903540611267,,,
047tg3h4,N_sink_mm,2,532,,,,,,,0.2797935903072357,,,
047tg3h4,N_sink_mm,2,533,,,,,,,0.23717796802520752,,,
047tg3h4,N_sink_mm,2,534,,,,,,,0.2961578369140625,,,
047tg3h4,N_sink_mm,2,535,,,,,,,0.25920724868774414,,,
047tg3h4,N_sink_mm,2,536,,,,,,,0.2622019946575165,,,
047tg3h4,N_sink_mm,2,537,,,,,,,0.23190875351428986,,,
047tg3h4,N_sink_mm,2,538,,,,,,,0.2245243936777115,,,
047tg3h4,N_sink_mm,2,539,,,,,,,0.2497910112142563,,,
047tg3h4,N_sink_mm,2,540,,,,,,,0.2644694149494171,,,
047tg3h4,N_sink_mm,2,541,,,,,,,0.2567974627017975,,,
047tg3h4,N_sink_mm,2,542,,,,,,,0.2555297911167145,,,
047tg3h4,N_sink_mm,2,543,,,,,,,0.22794993221759796,,,
047tg3h4,N_sink_mm,2,544,,,,,,,0.262350469827652,,,
047tg3h4,N_sink_mm,2,545,,,,,,,0.26125121116638184,,,
047tg3h4,N_sink_mm,2,546,,,,,,,0.2518598437309265,,,
047tg3h4,N_sink_mm,2,547,,,,,,,0.2381691038608551,,,
047tg3h4,N_sink_mm,2,548,,,,,,,0.29315614700317383,,,
047tg3h4,N_sink_mm,2,549,,,,,,,0.25326308608055115,,,
047tg3h4,N_sink_mm,2,550,,,,,,,0.25902971625328064,,,
047tg3h4,N_sink_mm,2,551,,,,,,,0.22863227128982544,,,
047tg3h4,N_sink_mm,2,552,,,,,,,0.2257603406906128,,,
047tg3h4,N_sink_mm,2,553,,,,,,,0.24346135556697845,,,
047tg3h4,N_sink_mm,2,554,,,,,,,0.24990291893482208,,,
047tg3h4,N_sink_mm,2,555,,,,,,,0.2131064534187317,,,
047tg3h4,N_sink_mm,2,556,,,,,,,0.26962026953697205,,,
047tg3h4,N_sink_mm,2,557,,,,,,,0.2384762018918991,,,
047tg3h4,N_sink_mm,2,558,,,,,,,0.2363896369934082,,,
047tg3h4,N_sink_mm,2,559,,,,,,,0.24536751210689545,,,
047tg3h4,N_sink_mm,2,560,,,,,,,0.20910629630088806,,,
047tg3h4,N_sink_mm,2,561,,,,,,,0.2153150886297226,,,
047tg3h4,N_sink_mm,2,562,,,,,,,0.26606765389442444,,,
047tg3h4,N_sink_mm,2,563,,,,,,,0.21935398876667023,,,
047tg3h4,N_sink_mm,2,564,,,,,,,0.2291044294834137,,,
047tg3h4,N_sink_mm,2,565,,,,,,,0.27046966552734375,,,
047tg3h4,N_sink_mm,2,566,,,,,,,0.2549439072608948,,,
047tg3h4,N_sink_mm,2,567,,,,,,,0.25596559047698975,,,
047tg3h4,N_sink_mm,2,568,,,,,,,0.22183582186698914,,,
047tg3h4,N_sink_mm,2,569,,,,,,,0.24977771937847137,,,
047tg3h4,N_sink_mm,2,570,,,,,,,0.2414591759443283,,,
047tg3h4,N_sink_mm,2,571,,,,,,,0.2566400170326233,,,
047tg3h4,N_sink_mm,2,572,,,,,,,0.23078471422195435,,,
047tg3h4,N_sink_mm,2,573,,,,,,,0.22094698250293732,,,
047tg3h4,N_sink_mm,2,574,,,,,,,0.2539825141429901,,,
047tg3h4,N_sink_mm,2,575,,,,,,,0.24763214588165283,,,
047tg3h4,N_sink_mm,2,576,,,,,,,0.22462640702724457,,,
047tg3h4,N_sink_mm,2,577,,,,,,,0.2589978873729706,,,
047tg3h4,N_sink_mm,2,578,,,,,,,0.24623626470565796,,,
047tg3h4,N_sink_mm,2,579,,,,,,,0.2625298798084259,,,
047tg3h4,N_sink_mm,2,580,,,,,,,0.22555407881736755,,,
047tg3h4,N_sink_mm,2,581,,,,,,,0.20876647531986237,,,
047tg3h4,N_sink_mm,2,582,,,,,,,0.257475346326828,,,
047tg3h4,N_sink_mm,2,583,,,,,,,0.20577584207057953,,,
047tg3h4,N_sink_mm,2,584,,,,,,,0.27971208095550537,,,
047tg3h4,N_sink_mm,2,585,,,,,,,0.24188469350337982,,,
047tg3h4,N_sink_mm,2,586,,,,,,,0.26218196749687195,,,
047tg3h4,N_sink_mm,2,587,,,,,,,0.269632488489151,,,
047tg3h4,N_sink_mm,2,588,,,,,,,0.26284095644950867,,,
047tg3h4,N_sink_mm,2,589,,,,,,,0.22268258035182953,,,
047tg3h4,N_sink_mm,2,590,,,,,,,0.23314182460308075,,,
047tg3h4,N_sink_mm,2,591,,,,,,,0.23021067678928375,,,
047tg3h4,N_sink_mm,2,592,,,,,,,0.23189792037010193,,,
047tg3h4,N_sink_mm,2,593,,,,,,,0.25755366683006287,,,
047tg3h4,N_sink_mm,2,594,,,,,,,0.2329322099685669,,,
047tg3h4,N_sink_mm,2,595,,,,,,,0.23444624245166779,,,
047tg3h4,N_sink_mm,2,596,,,,,,,0.25938349962234497,,,
047tg3h4,N_sink_mm,2,597,,,,,,,0.26421284675598145,,,
047tg3h4,N_sink_mm,2,598,,,,,,,0.23387475311756134,,,
047tg3h4,N_sink_mm,2,599,,,,,,,0.22091826796531677,,,
047tg3h4,N_sink_mm,2,600,,,,,,,0.23802000284194946,,,
047tg3h4,N_sink_mm,2,601,,,,,,,0.2648206651210785,,,
047tg3h4,N_sink_mm,2,602,,,,,,,0.2508825659751892,,,
047tg3h4,N_sink_mm,2,603,,,,,,,0.2904990613460541,,,
047tg3h4,N_sink_mm,2,604,,,,,,,0.2645699083805084,,,
047tg3h4,N_sink_mm,2,605,,,,,,,0.27563315629959106,,,
047tg3h4,N_sink_mm,2,606,,,,,,,0.25653257966041565,,,
047tg3h4,N_sink_mm,2,607,,,,,,,0.2365645319223404,,,
047tg3h4,N_sink_mm,2,608,,,,,,,0.24643445014953613,,,
047tg3h4,N_sink_mm,2,609,,,,,,,0.2614585757255554,,,
047tg3h4,N_sink_mm,2,610,,,,,,,0.2325751632452011,,,
047tg3h4,N_sink_mm,2,611,,,,,,,0.2567388713359833,,,
047tg3h4,N_sink_mm,2,612,,,,,,,0.2384333312511444,,,
047tg3h4,N_sink_mm,2,613,,,,,,,0.24823623895645142,,,
047tg3h4,N_sink_mm,2,614,,,,,,,0.24041685461997986,,,
047tg3h4,N_sink_mm,2,615,,,,,,,0.224005326628685,,,
047tg3h4,N_sink_mm,2,616,,,,,,,0.23246124386787415,,,
047tg3h4,N_sink_mm,2,617,,,,,,,0.26419275999069214,,,
047tg3h4,N_sink_mm,2,618,,,,,,,0.24831239879131317,,,
047tg3h4,N_sink_mm,2,619,,,,,,,0.25368696451187134,,,
047tg3h4,N_sink_mm,2,620,,,,,,,0.25442826747894287,,,
047tg3h4,N_sink_mm,2,621,,,,,,,0.24251322448253632,,,
047tg3h4,N_sink_mm,2,622,,,,,,,0.27906516194343567,,,
047tg3h4,N_sink_mm,2,623,,,,,,,0.2937099039554596,,,
047tg3h4,N_sink_mm,2,624,,,,,,,0.251068115234375,,,
047tg3h4,N_sink_mm,2,625,,,,,,,0.2254858911037445,,,
047tg3h4,N_sink_mm,2,626,,,,,,,0.25116539001464844,,,
047tg3h4,N_sink_mm,2,627,,,,,,,0.2234555184841156,,,
047tg3h4,N_sink_mm,2,628,,,,,,,0.27322065830230713,,,
047tg3h4,N_sink_mm,2,629,,,,,,,0.27353769540786743,,,
047tg3h4,N_sink_mm,2,630,,,,,,,0.24540849030017853,,,
047tg3h4,N_sink_mm,2,631,,,,,,,0.26385045051574707,,,
047tg3h4,N_sink_mm,2,632,,,,,,,0.26303473114967346,,,
047tg3h4,N_sink_mm,2,633,,,,,,,0.22551581263542175,,,
047tg3h4,N_sink_mm,2,634,,,,,,,0.23698638379573822,,,
047tg3h4,N_sink_mm,2,635,,,,,,,0.24378259479999542,,,
047tg3h4,N_sink_mm,2,636,,,,,,,0.2093864381313324,,,
047tg3h4,N_sink_mm,2,637,,,,,,,0.21749727427959442,,,
047tg3h4,N_sink_mm,2,638,,,,,,,0.23234692215919495,,,
047tg3h4,N_sink_mm,2,639,,,,,,,0.24520516395568848,,,
047tg3h4,N_sink_mm,2,640,,,,,,,0.2609899044036865,,,
047tg3h4,N_sink_mm,2,641,,,,,,,0.22659030556678772,,,
047tg3h4,N_sink_mm,2,642,,,,,,,0.25055503845214844,,,
047tg3h4,N_sink_mm,2,643,,,,,,,0.2537344992160797,,,
047tg3h4,N_sink_mm,2,644,,,,,,,0.23722539842128754,,,
047tg3h4,N_sink_mm,2,645,,,,,,,0.2568863332271576,,,
047tg3h4,N_sink_mm,2,646,,,,,,,0.2620380222797394,,,
047tg3h4,N_sink_mm,2,647,,,,,,,0.22365768253803253,,,
047tg3h4,N_sink_mm,2,648,,,,,,,0.2727939784526825,,,
047tg3h4,N_sink_mm,2,649,,,,,,,0.2532869577407837,,,
047tg3h4,N_sink_mm,2,650,,,,,,,0.24361345171928406,,,
047tg3h4,N_sink_mm,2,651,,,,,,,0.24512001872062683,,,
047tg3h4,N_sink_mm,2,652,,,,,,,0.24301493167877197,,,
047tg3h4,N_sink_mm,2,653,,,,,,,0.2215901017189026,,,
047tg3h4,N_sink_mm,2,654,,,,,,,0.24318401515483856,,,
047tg3h4,N_sink_mm,2,655,,,,,,,0.27176719903945923,,,
047tg3h4,N_sink_mm,2,656,,,,,,,0.2525649070739746,,,
047tg3h4,N_sink_mm,2,657,,,,,,,0.2375371754169464,,,
047tg3h4,N_sink_mm,2,658,,,,,,,0.2572222948074341,,,
047tg3h4,N_sink_mm,2,659,,,,,,,0.26002436876296997,,,
047tg3h4,N_sink_mm,2,660,,,,,,,0.23181474208831787,,,
047tg3h4,N_sink_mm,2,661,,,,,,,0.2539430558681488,,,
047tg3h4,N_sink_mm,2,662,,,,,,,0.24113020300865173,,,
047tg3h4,N_sink_mm,2,663,,,,,,,0.24113020300865173,,,
047tg3h4,N_sink_mm,2,664,,,,,,,0.22569701075553894,,,
047tg3h4,N_sink_mm,2,665,,,,,,,0.24428115785121918,,,
047tg3h4,N_sink_mm,2,666,,,,,,,0.26548728346824646,,,
047tg3h4,N_sink_mm,2,667,,,,,,,0.23671554028987885,,,
047tg3h4,N_sink_mm,2,668,,,,,,,0.2620213031768799,,,
047tg3h4,N_sink_mm,2,669,,,,,,,0.2574155926704407,,,
047tg3h4,N_sink_mm,2,670,,,,,,,0.24879010021686554,,,
047tg3h4,N_sink_mm,2,671,,,,,,,0.26548272371292114,,,
047tg3h4,N_sink_mm,2,672,,,,,,,0.25161194801330566,,,
047tg3h4,N_sink_mm,2,673,,,,,,,0.23345692455768585,,,
047tg3h4,N_sink_mm,2,674,,,,,,,0.26176324486732483,,,
047tg3h4,N_sink_mm,2,675,,,,,,,0.28020262718200684,,,
047tg3h4,N_sink_mm,2,676,,,,,,,0.23379211127758026,,,
047tg3h4,N_sink_mm,2,677,,,,,,,0.22731496393680573,,,
047tg3h4,N_sink_mm,2,678,,,,,,,0.250218003988266,,,
047tg3h4,N_sink_mm,2,679,,,,,,,0.2758485972881317,,,
047tg3h4,N_sink_mm,2,680,,,,,,,0.26273036003112793,,,
047tg3h4,N_sink_mm,2,681,,,,,,,0.23470473289489746,,,
047tg3h4,N_sink_mm,2,682,,,,,,,0.235651895403862,,,
047tg3h4,N_sink_mm,2,683,,,,,,,0.27646157145500183,,,
047tg3h4,N_sink_mm,2,684,,,,,,,0.23824651539325714,,,
047tg3h4,N_sink_mm,2,685,,,,,,,0.24506570398807526,,,
047tg3h4,N_sink_mm,2,686,,,,,,,0.2339940071105957,,,
047tg3h4,N_sink_mm,2,687,,,,,,,0.22259114682674408,,,
047tg3h4,N_sink_mm,2,688,,,,,,,0.24494746327400208,,,
047tg3h4,N_sink_mm,2,689,,,,,,,0.2562152147293091,,,
047tg3h4,N_sink_mm,2,690,,,,,,,0.24699798226356506,,,
047tg3h4,N_sink_mm,2,691,,,,,,,0.23028382658958435,,,
047tg3h4,N_sink_mm,2,692,,,,,,,0.220895454287529,,,
047tg3h4,N_sink_mm,2,693,,,,,,,0.24176761507987976,,,
047tg3h4,N_sink_mm,2,694,,,,,,,0.24557538330554962,,,
047tg3h4,N_sink_mm,2,695,,,,,,,0.2362150251865387,,,
047tg3h4,N_sink_mm,2,696,,,,,,,0.22622184455394745,,,
047tg3h4,N_sink_mm,2,697,,,,,,,0.23344109952449799,,,
047tg3h4,N_sink_mm,2,698,,,,,,,0.23293189704418182,,,
047tg3h4,N_sink_mm,2,699,,,,,,,0.22511562705039978,,,
047tg3h4,N_sink_mm,2,700,,,,,,,0.23786519467830658,,,
047tg3h4,N_sink_mm,2,701,,,,,,,0.24818632006645203,,,
047tg3h4,N_sink_mm,2,702,,,,,,,0.25894176959991455,,,
047tg3h4,N_sink_mm,2,703,,,,,,,0.25092777609825134,,,
047tg3h4,N_sink_mm,2,704,,,,,,,0.26133066415786743,,,
047tg3h4,N_sink_mm,2,705,,,,,,,0.2789102792739868,,,
047tg3h4,N_sink_mm,2,706,,,,,,,0.26304131746292114,,,
047tg3h4,N_sink_mm,2,707,,,,,,,0.2260408252477646,,,
047tg3h4,N_sink_mm,2,708,,,,,,,0.24615737795829773,,,
047tg3h4,N_sink_mm,2,709,,,,,,,0.25291305780410767,,,
047tg3h4,N_sink_mm,2,710,,,,,,,0.25548169016838074,,,
047tg3h4,N_sink_mm,2,711,,,,,,,0.24957355856895447,,,
047tg3h4,N_sink_mm,2,712,,,,,,,0.2404288500547409,,,
047tg3h4,N_sink_mm,2,713,,,,,,,0.21952998638153076,,,
047tg3h4,N_sink_mm,2,714,,,,,,,0.2487444132566452,,,
047tg3h4,N_sink_mm,2,715,,,,,,,0.23539087176322937,,,
047tg3h4,N_sink_mm,2,716,,,,,,,0.27663400769233704,,,
047tg3h4,N_sink_mm,2,717,,,,,,,0.2200765311717987,,,
047tg3h4,N_sink_mm,2,718,,,,,,,0.230567067861557,,,
047tg3h4,N_sink_mm,2,719,,,,,,,0.2240765243768692,,,
047tg3h4,N_sink_mm,2,720,,,,,,,0.23971690237522125,,,
047tg3h4,N_sink_mm,2,721,,,,,,,0.26202309131622314,,,
047tg3h4,N_sink_mm,2,722,,,,,,,0.237140953540802,,,
047tg3h4,N_sink_mm,2,723,,,,,,,0.2415841668844223,,,
047tg3h4,N_sink_mm,2,724,,,,,,,0.21388277411460876,,,
047tg3h4,N_sink_mm,2,725,,,,,,,0.2513127624988556,,,
047tg3h4,N_sink_mm,2,726,,,,,,,0.2177347093820572,,,
047tg3h4,N_sink_mm,2,727,,,,,,,0.2754879295825958,,,
047tg3h4,N_sink_mm,2,728,,,,,,,0.23812659084796906,,,
047tg3h4,N_sink_mm,2,729,,,,,,,0.2364884912967682,,,
047tg3h4,N_sink_mm,2,730,,,,,,,0.22199209034442902,,,
047tg3h4,N_sink_mm,2,731,,,,,,,0.24546809494495392,,,
047tg3h4,N_sink_mm,2,732,,,,,,,0.2747960090637207,,,
047tg3h4,N_sink_mm,2,733,,,,,,,0.23791417479515076,,,
047tg3h4,N_sink_mm,2,734,,,,,,,0.26733213663101196,,,
047tg3h4,N_sink_mm,2,735,,,,,,,0.23803400993347168,,,
047tg3h4,N_sink_mm,2,736,,,,,,,0.2614273130893707,,,
047tg3h4,N_sink_mm,2,737,,,,,,,0.2194751650094986,,,
047tg3h4,N_sink_mm,2,738,,,,,,,0.25051814317703247,,,
047tg3h4,N_sink_mm,2,739,,,,,,,0.235154390335083,,,
047tg3h4,N_sink_mm,2,740,,,,,,,0.24123968183994293,,,
047tg3h4,N_sink_mm,2,741,,,,,,,0.24594295024871826,,,
047tg3h4,N_sink_mm,2,742,,,,,,,0.22453919053077698,,,
047tg3h4,N_sink_mm,2,743,,,,,,,0.22133535146713257,,,
047tg3h4,N_sink_mm,2,744,,,,,,,0.22942522168159485,,,
047tg3h4,N_sink_mm,2,745,,,,,,,0.20290322601795197,,,
047tg3h4,N_sink_mm,2,746,,,,,,,0.22404427826404572,,,
047tg3h4,N_sink_mm,2,747,,,,,,,0.21212121844291687,,,
047tg3h4,N_sink_mm,2,748,,,,,,,0.29215338826179504,,,
047tg3h4,N_sink_mm,2,749,,,,,,,0.23261132836341858,,,
047tg3h4,N_sink_mm,2,750,,,,,,,0.23215430974960327,,,
047tg3h4,N_sink_mm,2,751,,,,,,,0.26151177287101746,,,
047tg3h4,N_sink_mm,2,752,,,,,,,0.22237786650657654,,,
047tg3h4,N_sink_mm,2,753,,,,,,,0.2350732386112213,,,
047tg3h4,N_sink_mm,2,754,,,,,,,0.25401338934898376,,,
047tg3h4,N_sink_mm,2,755,,,,,,,0.2730835974216461,,,
047tg3h4,N_sink_mm,2,756,,,,,,,0.25173765420913696,,,
047tg3h4,N_sink_mm,2,757,,,,,,,0.2554749846458435,,,
047tg3h4,N_sink_mm,2,758,,,,,,,0.2430894374847412,,,
047tg3h4,N_sink_mm,2,759,,,,,,,0.272477924823761,,,
047tg3h4,N_sink_mm,2,760,,,,,,,0.27841123938560486,,,
047tg3h4,N_sink_mm,2,761,,,,,,,0.2291860580444336,,,
047tg3h4,N_sink_mm,2,762,,,,,,,0.25143924355506897,,,
047tg3h4,N_sink_mm,2,763,,,,,,,0.2509569525718689,,,
047tg3h4,N_sink_mm,2,764,,,,,,,0.2527502477169037,,,
047tg3h4,N_sink_mm,2,765,,,,,,,0.2329254150390625,,,
047tg3h4,N_sink_mm,2,766,,,,,,,0.21771401166915894,,,
047tg3h4,N_sink_mm,2,767,,,,,,,0.2426498830318451,,,
047tg3h4,N_sink_mm,2,768,,,,,,,0.24851103127002716,,,
047tg3h4,N_sink_mm,2,769,,,,,,,0.27148157358169556,,,
047tg3h4,N_sink_mm,2,770,,,,,,,0.2572486400604248,,,
047tg3h4,N_sink_mm,2,771,,,,,,,0.25844675302505493,,,
047tg3h4,N_sink_mm,2,772,,,,,,,0.22424335777759552,,,
047tg3h4,N_sink_mm,2,773,,,,,,,0.2400529980659485,,,
047tg3h4,N_sink_mm,2,774,,,,,,,0.2662980258464813,,,
047tg3h4,N_sink_mm,2,775,,,,,,,0.2413100302219391,,,
047tg3h4,N_sink_mm,2,776,,,,,,,0.25789782404899597,,,
047tg3h4,N_sink_mm,2,777,,,,,,,0.25426071882247925,,,
047tg3h4,N_sink_mm,2,778,,,,,,,0.2908005118370056,,,
047tg3h4,N_sink_mm,2,779,,,,,,,0.24976234138011932,,,
047tg3h4,N_sink_mm,2,780,,,,,,,0.22120381891727448,,,
047tg3h4,N_sink_mm,2,781,,,,,,,0.2554455101490021,,,
047tg3h4,N_sink_mm,2,782,,,,,,,0.21304021775722504,,,
047tg3h4,N_sink_mm,2,783,,,,,,,0.28234443068504333,,,
047tg3h4,N_sink_mm,2,784,,,,,,,0.23012131452560425,,,
047tg3h4,N_sink_mm,2,785,,,,,,,0.2589375972747803,,,
047tg3h4,N_sink_mm,2,786,,,,,,,0.25118714570999146,,,
047tg3h4,N_sink_mm,2,787,,,,,,,0.23389555513858795,,,
047tg3h4,N_sink_mm,2,788,,,,,,,0.22248494625091553,,,
047tg3h4,N_sink_mm,2,789,,,,,,,0.22673314809799194,,,
047tg3h4,N_sink_mm,2,790,,,,,,,0.28507113456726074,,,
047tg3h4,N_sink_mm,2,791,,,,,,,0.21849705278873444,,,
047tg3h4,N_sink_mm,2,792,,,,,,,0.24937346577644348,,,
047tg3h4,N_sink_mm,2,793,,,,,,,0.25348472595214844,,,
047tg3h4,N_sink_mm,2,794,,,,,,,0.23201334476470947,,,
047tg3h4,N_sink_mm,2,795,,,,,,,0.20750828087329865,,,
047tg3h4,N_sink_mm,2,796,,,,,,,0.21501712501049042,,,
047tg3h4,N_sink_mm,2,797,,,,,,,0.22512324154376984,,,
047tg3h4,N_sink_mm,2,798,,,,,,,0.24466337263584137,,,
047tg3h4,N_sink_mm,2,799,,,,,,,0.24087947607040405,,,
047tg3h4,N_sink_mm,2,800,,,,,,,0.2303404062986374,,,
047tg3h4,N_sink_mm,2,801,,,,,,,0.28349825739860535,,,
047tg3h4,N_sink_mm,2,802,,,,,,,0.23354607820510864,,,
047tg3h4,N_sink_mm,2,803,,,,,,,0.23949600756168365,,,
047tg3h4,N_sink_mm,2,804,,,,,,,0.2752872407436371,,,
047tg3h4,N_sink_mm,2,805,,,,,,,0.28244271874427795,,,
047tg3h4,N_sink_mm,2,806,,,,,,,0.2552844285964966,,,
047tg3h4,N_sink_mm,2,807,,,,,,,0.2574416697025299,,,
047tg3h4,N_sink_mm,2,808,,,,,,,0.2600676417350769,,,
047tg3h4,N_sink_mm,2,809,,,,,,,0.2548658549785614,,,
047tg3h4,N_sink_mm,2,810,,,,,,,0.21452566981315613,,,
047tg3h4,N_sink_mm,2,811,,,,,,,0.2431270331144333,,,
047tg3h4,N_sink_mm,2,812,,,,,,,0.26778876781463623,,,
047tg3h4,N_sink_mm,2,813,,,,,,,0.2414962500333786,,,
047tg3h4,N_sink_mm,2,814,,,,,,,0.2307577133178711,,,
047tg3h4,N_sink_mm,2,815,,,,,,,0.2509287893772125,,,
047tg3h4,N_sink_mm,2,816,,,,,,,0.25732243061065674,,,
047tg3h4,N_sink_mm,2,817,,,,,,,0.23189528286457062,,,
047tg3h4,N_sink_mm,2,818,,,,,,,0.254199355840683,,,
047tg3h4,N_sink_mm,2,819,,,,,,,0.2254406213760376,,,
047tg3h4,N_sink_mm,2,820,,,,,,,0.2427033632993698,,,
047tg3h4,N_sink_mm,2,821,,,,,,,0.22881995141506195,,,
047tg3h4,N_sink_mm,2,822,,,,,,,0.24506591260433197,,,
047tg3h4,N_sink_mm,2,823,,,,,,,0.2264968454837799,,,
047tg3h4,N_sink_mm,2,824,,,,,,,0.25147685408592224,,,
047tg3h4,N_sink_mm,2,825,,,,,,,0.23457401990890503,,,
047tg3h4,N_sink_mm,2,826,,,,,,,0.23418554663658142,,,
047tg3h4,N_sink_mm,2,827,,,,,,,0.2729608714580536,,,
047tg3h4,N_sink_mm,2,828,,,,,,,0.24327373504638672,,,
047tg3h4,N_sink_mm,2,829,,,,,,,0.2569926679134369,,,
047tg3h4,N_sink_mm,2,830,,,,,,,0.26559895277023315,,,
047tg3h4,N_sink_mm,2,831,,,,,,,0.24663126468658447,,,
047tg3h4,N_sink_mm,2,832,,,,,,,0.2862686216831207,,,
047tg3h4,N_sink_mm,2,833,,,,,,,0.2829739451408386,,,
047tg3h4,N_sink_mm,2,834,,,,,,,0.2705361545085907,,,
047tg3h4,N_sink_mm,2,835,,,,,,,0.24529346823692322,,,
047tg3h4,N_sink_mm,2,836,,,,,,,0.23172627389431,,,
047tg3h4,N_sink_mm,2,837,,,,,,,0.2117059826850891,,,
047tg3h4,N_sink_mm,2,838,,,,,,,0.2710757851600647,,,
047tg3h4,N_sink_mm,2,839,,,,,,,0.24659231305122375,,,
047tg3h4,N_sink_mm,2,840,,,,,,,0.24227146804332733,,,
047tg3h4,N_sink_mm,2,841,,,,,,,0.2528030276298523,,,
047tg3h4,N_sink_mm,2,842,,,,,,,0.2215510755777359,,,
047tg3h4,N_sink_mm,2,843,,,,,,,0.2076316624879837,,,
047tg3h4,N_sink_mm,2,844,,,,,,,0.2747986316680908,,,
047tg3h4,N_sink_mm,2,845,,,,,,,0.2825893461704254,,,
047tg3h4,N_sink_mm,2,846,,,,,,,0.23473450541496277,,,
047tg3h4,N_sink_mm,2,847,,,,,,,0.2347068190574646,,,
047tg3h4,N_sink_mm,2,848,,,,,,,0.23144039511680603,,,
047tg3h4,N_sink_mm,2,849,,,,,,,0.20022191107273102,,,
047tg3h4,N_sink_mm,2,850,,,,,,,0.23960508406162262,,,
047tg3h4,N_sink_mm,2,851,,,,,,,0.26728570461273193,,,
047tg3h4,N_sink_mm,2,852,,,,,,,0.24646566808223724,,,
047tg3h4,N_sink_mm,2,853,,,,,,,0.21606408059597015,,,
047tg3h4,N_sink_mm,2,854,,,,,,,0.23807504773139954,,,
047tg3h4,N_sink_mm,2,855,,,,,,,0.24933764338493347,,,
047tg3h4,N_sink_mm,2,856,,,,,,,0.23235268890857697,,,
047tg3h4,N_sink_mm,2,857,,,,,,,0.21760599315166473,,,
047tg3h4,N_sink_mm,2,858,,,,,,,0.22670899331569672,,,
047tg3h4,N_sink_mm,2,859,,,,,,,0.2592651844024658,,,
047tg3h4,N_sink_mm,2,860,,,,,,,0.2535606324672699,,,
047tg3h4,N_sink_mm,2,861,,,,,,,0.2030268758535385,,,
047tg3h4,N_sink_mm,2,862,,,,,,,0.23376385867595673,,,
047tg3h4,N_sink_mm,2,863,,,,,,,0.24563004076480865,,,
047tg3h4,N_sink_mm,2,864,,,,,,,0.2292516678571701,,,
047tg3h4,N_sink_mm,2,865,,,,,,,0.24061137437820435,,,
047tg3h4,N_sink_mm,2,866,,,,,,,0.24795779585838318,,,
047tg3h4,N_sink_mm,2,867,,,,,,,0.24526003003120422,,,
047tg3h4,N_sink_mm,2,868,,,,,,,0.21104556322097778,,,
047tg3h4,N_sink_mm,2,869,,,,,,,0.24491389095783234,,,
047tg3h4,N_sink_mm,2,870,,,,,,,0.23278065025806427,,,
047tg3h4,N_sink_mm,2,871,,,,,,,0.24490363895893097,,,
047tg3h4,N_sink_mm,2,872,,,,,,,0.24012935161590576,,,
047tg3h4,N_sink_mm,2,873,,,,,,,0.2573361098766327,,,
047tg3h4,N_sink_mm,2,874,,,,,,,0.23088470101356506,,,
047tg3h4,N_sink_mm,2,875,,,,,,,0.27303358912467957,,,
047tg3h4,N_sink_mm,2,876,,,,,,,0.2444649040699005,,,
047tg3h4,N_sink_mm,2,877,,,,,,,0.26545611023902893,,,
047tg3h4,N_sink_mm,2,878,,,,,,,0.24611875414848328,,,
047tg3h4,N_sink_mm,2,879,,,,,,,0.2618508040904999,,,
047tg3h4,N_sink_mm,2,880,,,,,,,0.24123069643974304,,,
047tg3h4,N_sink_mm,2,881,,,,,,,0.2803821563720703,,,
047tg3h4,N_sink_mm,2,882,,,,,,,0.22440586984157562,,,
047tg3h4,N_sink_mm,2,883,,,,,,,0.25093507766723633,,,
047tg3h4,N_sink_mm,2,884,,,,,,,0.2244853973388672,,,
047tg3h4,N_sink_mm,2,885,,,,,,,0.2509821057319641,,,
047tg3h4,N_sink_mm,2,886,,,,,,,0.2669230103492737,,,
047tg3h4,N_sink_mm,2,887,,,,,,,0.26906898617744446,,,
047tg3h4,N_sink_mm,2,888,,,,,,,0.2315029501914978,,,
047tg3h4,N_sink_mm,2,889,,,,,,,0.22051838040351868,,,
047tg3h4,N_sink_mm,2,890,,,,,,,0.2637808322906494,,,
047tg3h4,N_sink_mm,2,891,,,,,,,0.2628191411495209,,,
047tg3h4,N_sink_mm,2,892,,,,,,,0.23205150663852692,,,
047tg3h4,N_sink_mm,2,893,,,,,,,0.2460763305425644,,,
047tg3h4,N_sink_mm,2,894,,,,,,,0.23257045447826385,,,
047tg3h4,N_sink_mm,2,895,,,,,,,0.22259721159934998,,,
047tg3h4,N_sink_mm,2,896,,,,,,,0.2665153741836548,,,
047tg3h4,N_sink_mm,2,897,,,,,,,0.26178234815597534,,,
047tg3h4,N_sink_mm,2,898,,,,,,,0.24965021014213562,,,
047tg3h4,N_sink_mm,2,899,,,,,,,0.27218323945999146,,,
047tg3h4,N_sink_mm,2,900,,,,,,,0.23774012923240662,,,
047tg3h4,N_sink_mm,2,901,,,,,,,0.27832311391830444,,,
047tg3h4,N_sink_mm,2,902,,,,,,,0.2293245494365692,,,
047tg3h4,N_sink_mm,2,903,,,,,,,0.22348716855049133,,,
047tg3h4,N_sink_mm,2,904,,,,,,,0.2294432818889618,,,
047tg3h4,N_sink_mm,2,905,,,,,,,0.23875172436237335,,,
047tg3h4,N_sink_mm,2,906,,,,,,,0.2535625398159027,,,
047tg3h4,N_sink_mm,2,907,,,,,,,0.2594977617263794,,,
047tg3h4,N_sink_mm,2,908,,,,,,,0.21946579217910767,,,
047tg3h4,N_sink_mm,2,909,,,,,,,0.2350020408630371,,,
047tg3h4,N_sink_mm,2,910,,,,,,,0.22612258791923523,,,
047tg3h4,N_sink_mm,2,911,,,,,,,0.2458876520395279,,,
047tg3h4,N_sink_mm,2,912,,,,,,,0.2587277591228485,,,
047tg3h4,N_sink_mm,2,913,,,,,,,0.24348346889019012,,,
047tg3h4,N_sink_mm,2,914,,,,,,,0.2569984197616577,,,
047tg3h4,N_sink_mm,2,915,,,,,,,0.24164681136608124,,,
047tg3h4,N_sink_mm,2,916,,,,,,,0.25243306159973145,,,
047tg3h4,N_sink_mm,2,917,,,,,,,0.2309080809354782,,,
047tg3h4,N_sink_mm,2,918,,,,,,,0.2914297878742218,,,
047tg3h4,N_sink_mm,2,919,,,,,,,0.24295003712177277,,,
047tg3h4,N_sink_mm,2,920,,,,,,,0.2326051890850067,,,
047tg3h4,N_sink_mm,2,921,,,,,,,0.23130406439304352,,,
047tg3h4,N_sink_mm,2,922,,,,,,,0.21604715287685394,,,
047tg3h4,N_sink_mm,2,923,,,,,,,0.2615513205528259,,,
047tg3h4,N_sink_mm,2,924,,,,,,,0.26891815662384033,,,
047tg3h4,N_sink_mm,2,925,,,,,,,0.23858752846717834,,,
047tg3h4,N_sink_mm,2,926,,,,,,,0.24679157137870789,,,
047tg3h4,N_sink_mm,2,927,,,,,,,0.2377871423959732,,,
047tg3h4,N_sink_mm,2,928,,,,,,,0.22221560776233673,,,
047tg3h4,N_sink_mm,2,929,,,,,,,0.24894961714744568,,,
047tg3h4,N_sink_mm,2,930,,,,,,,0.23145321011543274,,,
047tg3h4,N_sink_mm,2,931,,,,,,,0.2676006257534027,,,
047tg3h4,N_sink_mm,2,932,,,,,,,0.21190981566905975,,,
047tg3h4,N_sink_mm,2,933,,,,,,,0.2863432466983795,,,
047tg3h4,N_sink_mm,2,934,,,,,,,0.258384644985199,,,
047tg3h4,N_sink_mm,2,935,,,,,,,0.2809300720691681,,,
047tg3h4,N_sink_mm,2,936,,,,,,,0.22567321360111237,,,
047tg3h4,N_sink_mm,2,937,,,,,,,0.2055540829896927,,,
047tg3h4,N_sink_mm,2,938,,,,,,,0.2588942050933838,,,
047tg3h4,N_sink_mm,2,939,,,,,,,0.23398441076278687,,,
047tg3h4,N_sink_mm,2,940,,,,,,,0.2386588752269745,,,
047tg3h4,N_sink_mm,2,941,,,,,,,0.22232109308242798,,,
047tg3h4,N_sink_mm,2,942,,,,,,,0.2429042011499405,,,
047tg3h4,N_sink_mm,2,943,,,,,,,0.2619696855545044,,,
047tg3h4,N_sink_mm,2,944,,,,,,,0.24499426782131195,,,
047tg3h4,N_sink_mm,2,945,,,,,,,0.26195356249809265,,,
047tg3h4,N_sink_mm,2,946,,,,,,,0.2047707736492157,,,
047tg3h4,N_sink_mm,2,947,,,,,,,0.2651078402996063,,,
047tg3h4,N_sink_mm,2,948,,,,,,,0.23192082345485687,,,
047tg3h4,N_sink_mm,2,949,,,,,,,0.23025287687778473,,,
047tg3h4,N_sink_mm,2,950,,,,,,,0.2395874708890915,,,
047tg3h4,N_sink_mm,2,951,,,,,,,0.22345399856567383,,,
047tg3h4,N_sink_mm,2,952,,,,,,,0.2546200454235077,,,
047tg3h4,N_sink_mm,2,953,,,,,,,0.24923677742481232,,,
047tg3h4,N_sink_mm,2,954,,,,,,,0.22391630709171295,,,
047tg3h4,N_sink_mm,2,955,,,,,,,0.2336849719285965,,,
047tg3h4,N_sink_mm,2,956,,,,,,,0.22768935561180115,,,
047tg3h4,N_sink_mm,2,957,,,,,,,0.25545409321784973,,,
047tg3h4,N_sink_mm,2,958,,,,,,,0.22613176703453064,,,
047tg3h4,N_sink_mm,2,959,,,,,,,0.23754027485847473,,,
047tg3h4,N_sink_mm,2,960,,,,,,,0.2487594187259674,,,
047tg3h4,N_sink_mm,2,961,,,,,,,0.24843381345272064,,,
047tg3h4,N_sink_mm,2,962,,,,,,,0.21058285236358643,,,
047tg3h4,N_sink_mm,2,963,,,,,,,0.24792565405368805,,,
047tg3h4,N_sink_mm,2,964,,,,,,,0.2504747211933136,,,
047tg3h4,N_sink_mm,2,965,,,,,,,0.2270824909210205,,,
047tg3h4,N_sink_mm,2,966,,,,,,,0.2006993293762207,,,
047tg3h4,N_sink_mm,2,967,,,,,,,0.22290636599063873,,,
047tg3h4,N_sink_mm,2,968,,,,,,,0.22034160792827606,,,
047tg3h4,N_sink_mm,2,969,,,,,,,0.20610441267490387,,,
047tg3h4,N_sink_mm,2,970,,,,,,,0.2263922393321991,,,
047tg3h4,N_sink_mm,2,971,,,,,,,0.20395231246948242,,,
047tg3h4,N_sink_mm,2,972,,,,,,,0.2389216423034668,,,
047tg3h4,N_sink_mm,2,973,,,,,,,0.24132072925567627,,,
047tg3h4,N_sink_mm,2,974,,,,,,,0.2270873785018921,,,
047tg3h4,N_sink_mm,2,975,,,,,,,0.282636433839798,,,
047tg3h4,N_sink_mm,2,976,,,,,,,0.23364637792110443,,,
047tg3h4,N_sink_mm,2,977,,,,,,,0.2574535310268402,,,
047tg3h4,N_sink_mm,2,978,,,,,,,0.2534705698490143,,,
047tg3h4,N_sink_mm,2,979,,,,,,,0.24829666316509247,,,
047tg3h4,N_sink_mm,2,980,,,,,,,0.2563551962375641,,,
047tg3h4,N_sink_mm,2,981,,,,,,,0.25843924283981323,,,
047tg3h4,N_sink_mm,2,982,,,,,,,0.23401030898094177,,,
047tg3h4,N_sink_mm,2,983,,,,,,,0.2569770812988281,,,
047tg3h4,N_sink_mm,2,984,,,,,,,0.23642203211784363,,,
047tg3h4,N_sink_mm,2,985,,,,,,,0.24028384685516357,,,
047tg3h4,N_sink_mm,2,986,,,,,,,0.22322866320610046,,,
047tg3h4,N_sink_mm,2,987,,,,,,,0.23578818142414093,,,
047tg3h4,N_sink_mm,2,988,,,,,,,0.23001189529895782,,,
047tg3h4,N_sink_mm,2,989,,,,,,,0.25801458954811096,,,
047tg3h4,N_sink_mm,2,990,,,,,,,0.23850983381271362,,,
047tg3h4,N_sink_mm,2,991,,,,,,,0.2156209647655487,,,
047tg3h4,N_sink_mm,2,992,,,,,,,0.250361829996109,,,
047tg3h4,N_sink_mm,2,993,,,,,,,0.28118985891342163,,,
047tg3h4,N_sink_mm,2,994,,,,,,,0.2652355432510376,,,
047tg3h4,N_sink_mm,2,995,,,,,,,0.23933406174182892,,,
047tg3h4,N_sink_mm,2,996,,,,,,,0.24471281468868256,,,
047tg3h4,N_sink_mm,2,997,,,,,,,0.2413373738527298,,,
047tg3h4,N_sink_mm,2,998,,,,,,,0.22431133687496185,,,
047tg3h4,N_sink_mm,2,999,,,,,,,0.24439913034439087,,,
047tg3h4,N_sink_mm,2,1000,,,,,,,0.2538294196128845,,,
047tg3h4,N_sink_mm,2,1001,,,,,,,0.22862772643566132,,,
047tg3h4,N_sink_mm,2,1002,,,,,,,0.2485131174325943,,,
047tg3h4,N_sink_mm,2,1003,,,,,,,0.23439741134643555,,,
047tg3h4,N_sink_mm,2,1004,,,,,,,0.2576478123664856,,,
047tg3h4,N_sink_mm,2,1005,,,,,,,0.2426062971353531,,,
047tg3h4,N_sink_mm,2,1006,,,,,,,0.24910567700862885,,,
047tg3h4,N_sink_mm,2,1007,,,,,,,0.23592503368854523,,,
047tg3h4,N_sink_mm,2,1008,,,,,,,0.25469323992729187,,,
047tg3h4,N_sink_mm,2,1009,,,,,,,0.21873781085014343,,,
047tg3h4,N_sink_mm,2,1010,,,,,,,0.26245272159576416,,,
047tg3h4,N_sink_mm,2,1011,,,,,,,0.26863816380500793,,,
047tg3h4,N_sink_mm,2,1012,,,,,,,0.2510635256767273,,,
047tg3h4,N_sink_mm,2,1013,,,,,,,0.22673901915550232,,,
047tg3h4,N_sink_mm,2,1014,,,,,,,0.25282347202301025,,,
047tg3h4,N_sink_mm,2,1015,,,,,,,0.22241690754890442,,,
047tg3h4,N_sink_mm,2,1016,,,,,,,0.2358139455318451,,,
047tg3h4,N_sink_mm,2,1017,,,,,,,0.24652640521526337,,,
047tg3h4,N_sink_mm,2,1018,,,,,,,0.21635539829730988,,,
047tg3h4,N_sink_mm,2,1019,,,,,,,0.23857460916042328,,,
047tg3h4,N_sink_mm,2,1020,,,,,,,0.2589675784111023,,,
047tg3h4,N_sink_mm,2,1021,,,,,,,0.2356618493795395,,,
047tg3h4,N_sink_mm,2,1022,,,,,,,0.27651742100715637,,,
047tg3h4,N_sink_mm,2,1023,,,,,,,0.23030267655849457,,,
047tg3h4,N_sink_mm,2,1024,,,,,,,0.2337896078824997,,,
047tg3h4,N_sink_mm,2,1025,,,,,,,0.2133161872625351,,,
047tg3h4,N_sink_mm,2,1026,,,,,,,0.238710418343544,,,
047tg3h4,N_sink_mm,2,1027,,,,,,,0.23442301154136658,,,
047tg3h4,N_sink_mm,2,1028,,,,,,,0.22606641054153442,,,
047tg3h4,N_sink_mm,2,1029,,,,,,,0.28945863246917725,,,
047tg3h4,N_sink_mm,2,1030,,,,,,,0.2682757079601288,,,
047tg3h4,N_sink_mm,2,1031,,,,,,,0.25681591033935547,,,
047tg3h4,N_sink_mm,2,1032,,,,,,,0.25526025891304016,,,
047tg3h4,N_sink_mm,2,1033,,,,,,,0.22865787148475647,,,
047tg3h4,N_sink_mm,2,1034,,,,,,,0.2300010770559311,,,
047tg3h4,N_sink_mm,2,1035,,,,,,,0.2330612987279892,,,
047tg3h4,N_sink_mm,2,1036,,,,,,,0.2240298092365265,,,
047tg3h4,N_sink_mm,2,1037,,,,,,,0.2166394740343094,,,
047tg3h4,N_sink_mm,2,1038,,,,,,,0.24192914366722107,,,
047tg3h4,N_sink_mm,2,1039,,,,,,,0.2383246272802353,,,
047tg3h4,N_sink_mm,2,1040,,,,,,,0.24335195124149323,,,
047tg3h4,N_sink_mm,2,1041,,,,,,,0.2244042307138443,,,
047tg3h4,N_sink_mm,2,1042,,,,,,,0.25252941250801086,,,
047tg3h4,N_sink_mm,2,1043,,,,,,,0.25123658776283264,,,
047tg3h4,N_sink_mm,2,1044,,,,,,,0.23573286831378937,,,
047tg3h4,N_sink_mm,2,1045,,,,,,,0.2612808048725128,,,
047tg3h4,N_sink_mm,2,1046,,,,,,,0.23468641936779022,,,
047tg3h4,N_sink_mm,2,1047,,,,,,,0.24588719010353088,,,
047tg3h4,N_sink_mm,2,1048,,,,,,,0.24137093126773834,,,
047tg3h4,N_sink_mm,2,1049,,,,,,,0.24107371270656586,,,
047tg3h4,N_sink_mm,2,1050,,,,,,,0.22470492124557495,,,
047tg3h4,N_sink_mm,2,1051,,,,,,,0.23673391342163086,,,
047tg3h4,N_sink_mm,2,1052,,,,,,,0.22744245827198029,,,
047tg3h4,N_sink_mm,2,1053,,,,,,,0.2284952998161316,,,
047tg3h4,N_sink_mm,2,1054,,,,,,,0.21827629208564758,,,
047tg3h4,N_sink_mm,2,1055,,,,,,,0.24209384620189667,,,
047tg3h4,N_sink_mm,2,1056,,,,,,,0.22553081810474396,,,
047tg3h4,N_sink_mm,2,1057,,,,,,,0.2346455305814743,,,
047tg3h4,N_sink_mm,2,1058,,,,,,,0.26844310760498047,,,
047tg3h4,N_sink_mm,2,1059,,,,,,,0.257232129573822,,,
047tg3h4,N_sink_mm,2,1060,,,,,,,0.25733354687690735,,,
047tg3h4,N_sink_mm,2,1061,,,,,,,0.2603228986263275,,,
047tg3h4,N_sink_mm,2,1062,,,,,,,0.22793015837669373,,,
047tg3h4,N_sink_mm,2,1063,,,,,,,0.2544996738433838,,,
047tg3h4,N_sink_mm,2,1064,,,,,,,0.2340366244316101,,,
047tg3h4,N_sink_mm,2,1065,,,,,,,0.26319238543510437,,,
047tg3h4,N_sink_mm,2,1066,,,,,,,0.25077077746391296,,,
047tg3h4,N_sink_mm,2,1067,,,,,,,0.23827262222766876,,,
047tg3h4,N_sink_mm,2,1068,,,,,,,0.23551616072654724,,,
047tg3h4,N_sink_mm,2,1069,,,,,,,0.2516513168811798,,,
047tg3h4,N_sink_mm,2,1070,,,,,,,0.27581003308296204,,,
047tg3h4,N_sink_mm,2,1071,,,,,,,0.243549644947052,,,
047tg3h4,N_sink_mm,2,1072,,,,,,,0.2565608620643616,,,
047tg3h4,N_sink_mm,2,1073,,,,,,,0.2566954493522644,,,
047tg3h4,N_sink_mm,2,1074,,,,,,,0.2399105727672577,,,
047tg3h4,N_sink_mm,2,1075,,,,,,,0.25346723198890686,,,
047tg3h4,N_sink_mm,2,1076,,,,,,,0.2785337269306183,,,
047tg3h4,N_sink_mm,2,1077,,,,,,,0.2686002552509308,,,
047tg3h4,N_sink_mm,2,1078,,,,,,,0.23395007848739624,,,
047tg3h4,N_sink_mm,2,1079,,,,,,,0.21368569135665894,,,
047tg3h4,N_sink_mm,2,1080,,,,,,,0.24451936781406403,,,
047tg3h4,N_sink_mm,2,1081,,,,,,,0.23975050449371338,,,
047tg3h4,N_sink_mm,2,1082,,,,,,,0.2238951027393341,,,
047tg3h4,N_sink_mm,2,1083,,,,,,,0.2583431899547577,,,
047tg3h4,N_sink_mm,2,1084,,,,,,,0.257744163274765,,,
047tg3h4,N_sink_mm,2,1085,,,,,,,0.2528730630874634,,,
047tg3h4,N_sink_mm,2,1086,,,,,,,0.2765886187553406,,,
047tg3h4,N_sink_mm,2,1087,,,,,,,0.23339195549488068,,,
047tg3h4,N_sink_mm,2,1088,,,,,,,0.22593992948532104,,,
047tg3h4,N_sink_mm,2,1089,,,,,,,0.23432312905788422,,,
047tg3h4,N_sink_mm,2,1090,,,,,,,0.21154527366161346,,,
047tg3h4,N_sink_mm,2,1091,,,,,,,0.2602967619895935,,,
047tg3h4,N_sink_mm,2,1092,,,,,,,0.26886260509490967,,,
047tg3h4,N_sink_mm,2,1093,,,,,,,0.23462338745594025,,,
047tg3h4,N_sink_mm,2,1094,,,,,,,0.2373020052909851,,,
047tg3h4,N_sink_mm,2,1095,,,,,,,0.25559288263320923,,,
047tg3h4,N_sink_mm,2,1096,,,,,,,0.22731119394302368,,,
047tg3h4,N_sink_mm,2,1097,,,,,,,0.26876524090766907,,,
047tg3h4,N_sink_mm,2,1098,,,,,,,0.2502920627593994,,,
047tg3h4,N_sink_mm,2,1099,,,,,,,0.22396495938301086,,,
047tg3h4,N_sink_mm,2,1100,,,,,,,0.21884024143218994,,,
047tg3h4,N_sink_mm,2,1101,,,,,,,0.2370826154947281,,,
047tg3h4,N_sink_mm,2,1102,,,,,,,0.2230268120765686,,,
047tg3h4,N_sink_mm,2,1103,,,,,,,0.23160617053508759,,,
047tg3h4,N_sink_mm,2,1104,,,,,,,0.22725743055343628,,,
047tg3h4,N_sink_mm,2,1105,,,,,,,0.23090049624443054,,,
047tg3h4,N_sink_mm,2,1106,,,,,,,0.2716532051563263,,,
047tg3h4,N_sink_mm,2,1107,,,,,,,0.2514350414276123,,,
047tg3h4,N_sink_mm,2,1108,,,,,,,0.2160627692937851,,,
047tg3h4,N_sink_mm,2,1109,,,,,,,0.22583401203155518,,,
047tg3h4,N_sink_mm,2,1110,,,,,,,0.2675916254520416,,,
047tg3h4,N_sink_mm,2,1111,,,,,,,0.22209800779819489,,,
047tg3h4,N_sink_mm,2,1112,,,,,,,0.2334020435810089,,,
047tg3h4,N_sink_mm,2,1113,,,,,,,0.2539849877357483,,,
047tg3h4,N_sink_mm,2,1114,,,,,,,0.23319320380687714,,,
047tg3h4,N_sink_mm,2,1115,,,,,,,0.2666599154472351,,,
047tg3h4,N_sink_mm,2,1116,,,,,,,0.27430590987205505,,,
047tg3h4,N_sink_mm,2,1117,,,,,,,0.23353417217731476,,,
047tg3h4,N_sink_mm,2,1118,,,,,,,0.2256108969449997,,,
047tg3h4,N_sink_mm,2,1119,,,,,,,0.2444206178188324,,,
047tg3h4,N_sink_mm,2,1120,,,,,,,0.26136425137519836,,,
047tg3h4,N_sink_mm,2,1121,,,,,,,0.20710667967796326,,,
047tg3h4,N_sink_mm,2,1122,,,,,,,0.24669671058654785,,,
047tg3h4,N_sink_mm,2,1123,,,,,,,0.23536564409732819,,,
047tg3h4,N_sink_mm,2,1124,,,,,,,0.26089921593666077,,,
047tg3h4,N_sink_mm,2,1125,,,,,,,0.2361140251159668,,,
047tg3h4,N_sink_mm,2,1126,,,,,,,0.2501552104949951,,,
047tg3h4,N_sink_mm,2,1127,,,,,,,0.27755236625671387,,,
047tg3h4,N_sink_mm,2,1128,,,,,,,0.252724289894104,,,
047tg3h4,N_sink_mm,2,1129,,,,,,,0.2561122179031372,,,
047tg3h4,N_sink_mm,2,1130,,,,,,,0.22490352392196655,,,
047tg3h4,N_sink_mm,2,1131,,,,,,,0.24516530334949493,,,
047tg3h4,N_sink_mm,2,1132,,,,,,,0.23495320975780487,,,
047tg3h4,N_sink_mm,2,1133,,,,,,,0.21467188000679016,,,
047tg3h4,N_sink_mm,2,1134,,,,,,,0.22365719079971313,,,
047tg3h4,N_sink_mm,2,1135,,,,,,,0.2293456345796585,,,
047tg3h4,N_sink_mm,2,1136,,,,,,,0.2577678859233856,,,
047tg3h4,N_sink_mm,2,1137,,,,,,,0.26654520630836487,,,
047tg3h4,N_sink_mm,2,1138,,,,,,,0.23704779148101807,,,
047tg3h4,N_sink_mm,2,1139,,,,,,,0.23776200413703918,,,
047tg3h4,N_sink_mm,2,1140,,,,,,,0.24601414799690247,,,
047tg3h4,N_sink_mm,2,1141,,,,,,,0.24536646902561188,,,
047tg3h4,N_sink_mm,2,1142,,,,,,,0.2611572742462158,,,
047tg3h4,N_sink_mm,2,1143,,,,,,,0.23075127601623535,,,
047tg3h4,N_sink_mm,2,1144,,,,,,,0.22018219530582428,,,
047tg3h4,N_sink_mm,2,1145,,,,,,,0.21351881325244904,,,
047tg3h4,N_sink_mm,2,1146,,,,,,,0.2892051041126251,,,
047tg3h4,N_sink_mm,2,1147,,,,,,,0.24846507608890533,,,
047tg3h4,N_sink_mm,2,1148,,,,,,,0.23125849664211273,,,
047tg3h4,N_sink_mm,2,1149,,,,,,,0.2293548732995987,,,
047tg3h4,N_sink_mm,2,1150,,,,,,,0.225185826420784,,,
047tg3h4,N_sink_mm,2,1151,,,,,,,0.24566209316253662,,,
047tg3h4,N_sink_mm,2,1152,,,,,,,0.25922340154647827,,,
047tg3h4,N_sink_mm,2,1153,,,,,,,0.2223360389471054,,,
047tg3h4,N_sink_mm,2,1154,,,,,,,0.2239551991224289,,,
047tg3h4,N_sink_mm,2,1155,,,,,,,0.25523263216018677,,,
047tg3h4,N_sink_mm,2,1156,,,,,,,0.23359724879264832,,,
047tg3h4,N_sink_mm,2,1157,,,,,,,0.24185335636138916,,,
047tg3h4,N_sink_mm,2,1158,,,,,,,0.23957368731498718,,,
047tg3h4,N_sink_mm,2,1159,,,,,,,0.20987148582935333,,,
047tg3h4,N_sink_mm,2,1160,,,,,,,0.22570478916168213,,,
047tg3h4,N_sink_mm,2,1161,,,,,,,0.25915858149528503,,,
047tg3h4,N_sink_mm,2,1162,,,,,,,0.2378724068403244,,,
047tg3h4,N_sink_mm,2,1163,,,,,,,0.2350308895111084,,,
047tg3h4,N_sink_mm,2,1164,,,,,,,0.2797870337963104,,,
047tg3h4,N_sink_mm,2,1165,,,,,,,0.21415452659130096,,,
047tg3h4,N_sink_mm,2,1166,,,,,,,0.23124916851520538,,,
047tg3h4,N_sink_mm,2,1167,,,,,,,0.2488100230693817,,,
047tg3h4,N_sink_mm,2,1168,,,,,,,0.248334601521492,,,
047tg3h4,N_sink_mm,2,1169,,,,,,,0.21148139238357544,,,
047tg3h4,N_sink_mm,2,1170,,,,,,,0.22029107809066772,,,
y42h0pwu,N_sink_mm,42,0,-0.03820771351456642,-0.03820771351456642,-0.003433221485465765,0.26927828788757324,0.002595954341813922,0.0017482918919995427,0.24573250114917755,0.09522440284490585,0.009522439911961555,0.003008799394592643
y42h0pwu,N_sink_mm,42,1,-0.0030207084491848946,-0.0030207084491848946,-0.005083482712507248,0.26908040046691895,0.0008419858640991151,0.00035568527528084815,0.24627023935317993,0.03387565538287163,0.003387565491721034,0.00461041321977973
y42h0pwu,N_sink_mm,42,2,0.023444416001439095,0.023444416001439095,-0.007131902035325766,0.26930370926856995,0.0015173926949501038,-0.0018449652707204223,0.20980215072631836,0.032674968242645264,0.0032674972899258137,0.005719248205423355
y42h0pwu,N_sink_mm,42,3,0.02795259654521942,0.02795259654521942,-0.006091149058192968,0.26877331733703613,0.0018620459595695138,-0.003790536429733038,0.22587287425994873,0.03475978970527649,0.0034759785048663616,0.006290789227932692
y42h0pwu,N_sink_mm,42,4,0.026188280433416367,0.026188280433416367,-0.0077894642017781734,0.2689398527145386,0.0016605821438133717,4.636880476027727e-05,0.23040547966957092,0.03029676526784897,0.0030296759214252234,0.006955229211598635
y42h0pwu,N_sink_mm,42,5,0.02681119740009308,0.02681119740009308,-0.0064315167255699635,0.269027978181839,0.001807494554668665,0.0005299482145346701,0.2807132303714752,0.0288938470184803,0.002889384515583515,0.00713637238368392
y42h0pwu,N_sink_mm,42,6,0.017835840582847595,0.017835840582847595,-0.004404718056321144,0.26895031332969666,0.0006347541930153966,-0.0025353527162224054,0.2295663207769394,0.028165802359580994,0.002816579770296812,0.007428315468132496
y42h0pwu,N_sink_mm,42,7,0.022950347512960434,0.022950347512960434,-0.00414778757840395,0.2688925266265869,0.0007076821639202535,0.002657558536157012,0.22733688354492188,0.02879345789551735,0.0028793460223823786,0.007585329469293356
y42h0pwu,N_sink_mm,42,8,0.023084303364157677,0.023084303364157677,-0.00388925988227129,0.2687840461730957,0.0006989832036197186,0.0010902895592153072,0.28934353590011597,0.022821566089987755,0.002282156841829419,0.007871108129620552
y42h0pwu,N_sink_mm,42,9,0.025101536884903908,0.025101536884903908,-0.0029730452224612236,0.2688661217689514,0.0006911121308803558,-0.00010834897693712264,0.22416481375694275,0.022825855761766434,0.0022825852502137423,0.008157017640769482
y42h0pwu,N_sink_mm,42,10,0.024119609966874123,0.024119609966874123,-0.0032459390349686146,0.2687046229839325,0.00066894426709041,0.00033781619276851416,0.2705339789390564,0.02158326283097267,0.0021583260968327522,0.008320440538227558
y42h0pwu,N_sink_mm,42,11,0.02337784692645073,0.02337784692645073,-0.003944583237171173,0.268810898065567,0.0005883139674551785,-0.0022281205747276545,0.23834122717380524,0.02302614413201809,0.00230261473916471,0.00874132290482521
y42h0pwu,N_sink_mm,42,12,0.02411363273859024,0.02411363273859024,-0.0026237466372549534,0.26880455017089844,0.0005912846536375582,0.0003147477109450847,0.26480430364608765,0.02448931336402893,0.0024489315692335367,0.008751295506954193
y42h0pwu,N_sink_mm,42,13,0.02329791896045208,0.02329791896045208,-0.0034217415377497673,0.26875537633895874,0.0005437671206891537,-0.0010770219378173351,0.23427025973796844,0.02510673552751541,0.0025106738321483135,0.009055137634277344
y42h0pwu,N_sink_mm,42,14,0.02941814810037613,0.02941814810037613,-0.0038628450129181147,0.26870620250701904,0.0011524806031957269,0.0007995217456482351,0.3041021525859833,0.025796808302402496,0.002579681109637022,0.009072666056454182
y42h0pwu,N_sink_mm,42,15,0.021990524604916573,0.021990524604916573,-0.0022579950746148825,0.2687234580516815,0.0005201834137551486,0.004681119695305824,0.27442002296447754,0.02357839234173298,0.0023578389082103968,0.00937404204159975
y42h0pwu,N_sink_mm,42,16,0.024517010897397995,0.024517010897397995,-0.0004720761498901993,0.26867741346359253,0.0005955318920314312,-0.0029808180406689644,0.255724161863327,0.024050092324614525,0.002405008999630809,0.009328721091151237
y42h0pwu,N_sink_mm,42,17,0.025904778391122818,0.025904778391122818,-0.00033457414247095585,0.26866963505744934,0.0005956373061053455,-0.00026023652753792703,0.2292889505624771,0.02223648503422737,0.0022236488293856382,0.009610867127776146
y42h0pwu,N_sink_mm,42,18,0.02616078220307827,0.02616078220307827,1.1296979209873825e-05,0.2688959836959839,0.0005431671161204576,0.0015737288631498814,0.2635556161403656,0.025048231706023216,0.002504823263734579,0.010311754420399666
y42h0pwu,N_sink_mm,42,19,0.028682081028819084,0.028682081028819084,0.0008658709120936692,0.26890432834625244,0.0007290237117558718,-0.0029081646353006363,0.261236310005188,0.027470311149954796,0.0027470309287309647,0.010010436177253723
y42h0pwu,N_sink_mm,42,20,0.027491888031363487,0.027491888031363487,0.0007982189417816699,0.26868683099746704,0.0007120409281924367,-0.0007912198780104518,0.22080786526203156,0.02373862825334072,0.0023738625459372997,0.009931284002959728
y42h0pwu,N_sink_mm,42,21,0.02820322848856449,0.02820322848856449,0.000729896652046591,0.26866528391838074,0.0007361305761151016,0.0011170346988365054,0.2646775543689728,0.023490283638238907,0.0023490290623158216,0.010048629716038704
y42h0pwu,N_sink_mm,42,22,0.02877323143184185,0.02877323143184185,0.0015710428124293685,0.26868346333503723,0.0007262389408424497,-0.0043648299761116505,0.2736422121524811,0.028839780017733574,0.002883977722376585,0.010407057590782642
y42h0pwu,N_sink_mm,42,23,0.027335770428180695,0.027335770428180695,0.0028300266712903976,0.26882797479629517,0.0007550436421297491,-0.0015882732113823295,0.2377316653728485,0.023835252970457077,0.0023835247848182917,0.010790158063173294
y42h0pwu,N_sink_mm,42,24,0.02911197952926159,0.02911197952926159,0.0028497064486145973,0.26877325773239136,0.0008551061036996543,-0.00046333123464137316,0.2707284390926361,0.021222809329628944,0.002122281352058053,0.010905816219747066
y42h0pwu,N_sink_mm,42,25,0.029283953830599785,0.029283953830599785,0.003048214828595519,0.2688295543193817,0.0008733202703297138,0.0013035581214353442,0.23808588087558746,0.020075814798474312,0.00200758152641356,0.01101236417889595
y42h0pwu,N_sink_mm,42,26,0.02983357571065426,0.02983357571065426,0.0033858376555144787,0.26866981387138367,0.0010313645470887423,-0.005498817190527916,0.29433852434158325,0.0214682687073946,0.0021468265913426876,0.010916189290583134
y42h0pwu,N_sink_mm,42,27,0.031643226742744446,0.031643226742744446,0.002712042536586523,0.2684589624404907,0.0011811553267762065,-0.0011689550010487437,0.2664714753627777,0.02069978602230549,0.002069978741928935,0.010380090214312077
y42h0pwu,N_sink_mm,42,28,0.03535997122526169,0.03535997122526169,0.001573027460835874,0.26844534277915955,0.0009932814864441752,0.00016570418665651232,0.27671369910240173,0.02470313385128975,0.00247031357139349,0.010554703883826733
y42h0pwu,N_sink_mm,42,29,0.028685690835118294,0.028685690835118294,0.004275648854672909,0.2681097984313965,0.003010296728461981,0.00045957695692777634,0.26184186339378357,0.02686675451695919,0.002686675637960434,0.010236285626888275
y42h0pwu,N_sink_mm,42,30,0.023334965109825134,0.023334965109825134,0.004570908844470978,0.2682138681411743,0.0011548727052286267,0.008664609864354134,0.21790345013141632,0.027848348021507263,0.002784834709018469,0.010556178167462349
y42h0pwu,N_sink_mm,42,31,0.03291407600045204,0.03291407600045204,0.0038164781872183084,0.26840612292289734,0.0012206886895000935,0.0017433443572372198,0.2768022418022156,0.022543281316757202,0.0022543277591466904,0.011128521524369717
y42h0pwu,N_sink_mm,42,32,0.028464771807193756,0.028464771807193756,0.004472045693546534,0.26837393641471863,0.0011152626248076558,0.0026197191327810287,0.23745746910572052,0.023592552170157433,0.002359254751354456,0.010780276730656624
y42h0pwu,N_sink_mm,42,33,0.033718034625053406,0.033718034625053406,0.0036713522858917713,0.26818332076072693,0.0017656073905527592,0.0018312043976038694,0.3004443049430847,0.02589687891304493,0.0025896881707012653,0.011334002949297428
y42h0pwu,N_sink_mm,42,34,0.032835643738508224,0.032835643738508224,0.00543610705062747,0.26773935556411743,0.009105714969336987,0.0016839939635246992,0.3047253489494324,0.025018543004989624,0.002501854207366705,0.010839027352631092
y42h0pwu,N_sink_mm,42,35,0.033473312854766846,0.033473312854766846,0.002524954965338111,0.26823151111602783,0.001280420459806919,0.011614341288805008,0.2516065835952759,0.024494590237736702,0.002449458697810769,0.010145661421120167
y42h0pwu,N_sink_mm,42,36,0.027885830029845238,0.027885830029845238,0.0031051719561219215,0.2679147720336914,0.0024110537488013506,0.0019206723663955927,0.2686143219470978,0.03192029520869255,0.0031920294277369976,0.010031066834926605
y42h0pwu,N_sink_mm,42,37,0.035050731152296066,0.035050731152296066,0.0036590707022696733,0.2682003676891327,0.003232394577935338,0.0033278688788414,0.24542959034442902,0.023407623171806335,0.00234076171182096,0.010549281723797321
y42h0pwu,N_sink_mm,42,38,0.03137412667274475,0.03137412667274475,0.0019526331452652812,0.2678614556789398,0.008037971332669258,0.002968374639749527,0.2514139711856842,0.022003382444381714,0.0022003380581736565,0.010695121251046658
y42h0pwu,N_sink_mm,42,39,0.031486399471759796,0.031486399471759796,0.001813917770050466,0.26765957474708557,0.010798830538988113,0.011096031405031681,0.2559540867805481,0.026922350749373436,0.0026922347024083138,0.010789752937853336
y42h0pwu,N_sink_mm,42,40,0.03495072200894356,0.03495072200894356,0.004172625485807657,0.26813754439353943,0.005519211757928133,0.01704726740717888,0.2615016996860504,0.026948556303977966,0.0026948556769639254,0.010762636549770832
y42h0pwu,N_sink_mm,42,41,0.04029611870646477,0.04029611870646477,0.002700238721445203,0.26746103167533875,0.021137075498700142,0.019143201410770416,0.23684769868850708,0.029991528019309044,0.0029991529881954193,0.010623411275446415
y42h0pwu,N_sink_mm,42,42,0.050560034811496735,0.050560034811496735,0.002598309423774481,0.2675856053829193,0.03409956023097038,0.03308692201972008,0.246015727519989,0.02686375193297863,0.0026863759849220514,0.011253180913627148
y42h0pwu,N_sink_mm,42,43,0.03889450058341026,0.03889450058341026,0.0038971067406237125,0.26728618144989014,0.03445940464735031,0.0187987070530653,0.24778206646442413,0.026473216712474823,0.002647321904078126,0.01167086698114872
y42h0pwu,N_sink_mm,42,44,0.0174030140042305,0.0174030140042305,0.00041839058394543827,0.2682425379753113,0.011008189059793949,0.04187639430165291,0.24210646748542786,0.0297152791172266,0.002971528097987175,0.011353758163750172
y42h0pwu,N_sink_mm,42,45,0.04728586971759796,0.04728586971759796,0.0024066490586847067,0.2672653794288635,0.031764667481184006,0.030342817306518555,0.2785770297050476,0.02945806086063385,0.0029458056669682264,0.011215325444936752
y42h0pwu,N_sink_mm,42,46,0.042722418904304504,0.042722418904304504,0.004904723260551691,0.267313688993454,0.02700882777571678,0.03923274204134941,0.2711098790168762,0.032160256057977676,0.0032160256523638964,0.011580489575862885
y42h0pwu,N_sink_mm,42,47,0.04748988524079323,0.04748988524079323,0.004978308919817209,0.2671734690666199,0.03913739323616028,0.04218726232647896,0.2114986628293991,0.03018012084066868,0.003018012037500739,0.011993368156254292
y42h0pwu,N_sink_mm,42,48,0.04324767738580704,0.04324767738580704,0.005987617187201977,0.2673969268798828,0.05013161897659302,0.059063468128442764,0.2389823943376541,0.028294749557971954,0.002829474862664938,0.011424089781939983
y42h0pwu,N_sink_mm,42,49,0.034165747463703156,0.034165747463703156,0.007466191425919533,0.2679947018623352,0.024204306304454803,0.05630417913198471,0.26716381311416626,0.03469062224030495,0.0034690622705966234,0.012590167112648487
y42h0pwu,N_sink_mm,42,50,0.04194832965731621,0.04194832965731621,0.007068473380059004,0.26764845848083496,0.060867998749017715,0.05998879671096802,0.29332786798477173,0.03239746019244194,0.003239746205508709,0.01185409352183342
y42h0pwu,N_sink_mm,42,51,0.041671283543109894,0.041671283543109894,0.006443314254283905,0.267016738653183,0.044488731771707535,0.048776257783174515,0.22419998049736023,0.029243407770991325,0.002924340544268489,0.012198925949633121
y42h0pwu,N_sink_mm,42,52,0.043255191296339035,0.043255191296339035,0.007308256812393665,0.26711753010749817,0.05342717841267586,0.07116248458623886,0.26197347044944763,0.03124115988612175,0.0031241162214428186,0.012639076448976994
y42h0pwu,N_sink_mm,42,53,0.02552432380616665,0.02552432380616665,0.008292032405734062,0.2676013112068176,0.033880893141031265,0.07230466604232788,0.26334142684936523,0.032818038016557693,0.0032818035688251257,0.01311440858989954
y42h0pwu,N_sink_mm,42,54,0.03971331939101219,0.03971331939101219,0.006672326009720564,0.2670971751213074,0.054972920566797256,0.06779935956001282,0.22524626553058624,0.03630778566002846,0.003630779217928648,0.012800476513803005
y42h0pwu,N_sink_mm,42,55,0.03671213239431381,0.03671213239431381,0.008354038000106812,0.267164021730423,0.06844565272331238,0.07800595462322235,0.2800053656101227,0.028300542384386063,0.002830054145306349,0.013546225614845753
y42h0pwu,N_sink_mm,42,56,0.022674698382616043,0.022674698382616043,0.009696436114609241,0.26769813895225525,0.06318511068820953,0.06957907974720001,0.27495303750038147,0.03124852292239666,0.0031248521991074085,0.013585607521235943
y42h0pwu,N_sink_mm,42,57,0.0401923693716526,0.0401923693716526,0.0068960366770625114,0.2669934034347534,0.07256262004375458,0.08825269341468811,0.26133060455322266,0.03758485987782478,0.003758487058803439,0.013519560918211937
y42h0pwu,N_sink_mm,42,58,0.037137679755687714,0.037137679755687714,0.007337083574384451,0.26742157340049744,0.04548519849777222,0.08101678639650345,0.24504120647907257,0.037267934530973434,0.0037267941515892744,0.014173336327075958
y42h0pwu,N_sink_mm,42,59,0.029329311102628708,0.029329311102628708,0.007004559971392155,0.267113596200943,0.03999807685613632,0.06832628697156906,0.23459869623184204,0.03608274087309837,0.003608274506404996,0.014677396044135094
y42h0pwu,N_sink_mm,42,60,0.02433001808822155,0.02433001808822155,0.011030797846615314,0.267508327960968,0.04813546687364578,0.08819060027599335,0.22933387756347656,0.02880542166531086,0.002880541607737541,0.015224883332848549
y42h0pwu,N_sink_mm,42,61,0.021422093734145164,0.021422093734145164,0.013302836567163467,0.2688172161579132,0.09013736248016357,0.09932452440261841,0.30304786562919617,0.033703844994306564,0.0033703839872032404,0.014843039214611053
y42h0pwu,N_sink_mm,42,62,-0.0011002543615177274,-0.0011002543615177274,0.009408016689121723,0.2680402100086212,0.06128024309873581,0.11131267249584198,0.31068748235702515,0.03679589927196503,0.0036795896012336016,0.015053470619022846
y42h0pwu,N_sink_mm,42,63,0.018915340304374695,0.018915340304374695,0.010183166712522507,0.26778867840766907,0.04799528419971466,0.09570010006427765,0.24922217428684235,0.036585140973329544,0.0036585128400474787,0.015536432154476643
y42h0pwu,N_sink_mm,42,64,0.012205253355205059,0.012205253355205059,0.010933257639408112,0.2681717276573181,0.03145914152264595,0.0959179475903511,0.27379360795021057,0.03334490582346916,0.00333449081517756,0.016008585691452026
y42h0pwu,N_sink_mm,42,65,0.018685391172766685,0.018685391172766685,0.011081411503255367,0.2679101824760437,0.03120233677327633,0.10050046443939209,0.3007522523403168,0.03341279178857803,0.0033412796910852194,0.015167884528636932
y42h0pwu,N_sink_mm,42,66,0.01898874156177044,0.01898874156177044,0.01049452368170023,0.26803696155548096,0.07641631364822388,0.09104142338037491,0.25077158212661743,0.038603875786066055,0.0038603865541517735,0.01627398282289505
y42h0pwu,N_sink_mm,42,67,0.018292861059308052,0.018292861059308052,0.011803657747805119,0.2675904333591461,0.04964328929781914,0.10601392388343811,0.28785067796707153,0.03777257725596428,0.0037772576324641705,0.01626870222389698
y42h0pwu,N_sink_mm,42,68,0.020380066707730293,0.020380066707730293,0.010469143278896809,0.26773470640182495,0.07375671714544296,0.11822950839996338,0.2410767823457718,0.03781998157501221,0.003781998297199607,0.01663157157599926
y42h0pwu,N_sink_mm,42,69,0.020114094018936157,0.020114094018936157,0.011758793145418167,0.267575740814209,0.06988305598497391,0.11340805888175964,0.23962198197841644,0.04097757115960121,0.004097758326679468,0.017063701525330544
y42h0pwu,N_sink_mm,42,70,0.02404523454606533,0.02404523454606533,0.013665839098393917,0.2681446075439453,0.08606794476509094,0.10772312432527542,0.23098914325237274,0.03243527561426163,0.003243527840822935,0.01697794906795025
y42h0pwu,N_sink_mm,42,71,0.01660018227994442,0.01660018227994442,0.01449280884116888,0.26870378851890564,0.10768046230077744,0.12421155720949173,0.2600296139717102,0.038697630167007446,0.003869763109833002,0.017106039449572563
y42h0pwu,N_sink_mm,42,72,0.025389060378074646,0.025389060378074646,0.013003569096326828,0.2678801417350769,0.07029984891414642,0.1127246841788292,0.24947214126586914,0.041494641453027725,0.00414946349337697,0.01824033632874489
y42h0pwu,N_sink_mm,42,73,0.01604633405804634,0.01604633405804634,0.016210004687309265,0.26782095432281494,0.09306583553552628,0.12807892262935638,0.23155266046524048,0.0376826673746109,0.00376826710999012,0.018408017233014107
y42h0pwu,N_sink_mm,42,74,0.007104606367647648,0.007104606367647648,0.014513974077999592,0.2689115107059479,0.11149924993515015,0.12172453105449677,0.20800630748271942,0.03959929943084717,0.0039599291048944,0.018511559814214706
y42h0pwu,N_sink_mm,42,75,0.0128403902053833,0.0128403902053833,0.016024362295866013,0.2695920765399933,0.11238794028759003,0.13950906693935394,0.272788941860199,0.04166274890303612,0.004166275262832642,0.018377577885985374
y42h0pwu,N_sink_mm,42,76,0.0031058110762387514,0.0031058110762387514,0.014268235303461552,0.2684313654899597,0.09956733882427216,0.12716586887836456,0.2145410031080246,0.0425674133002758,0.00425674207508564,0.018579550087451935
y42h0pwu,N_sink_mm,42,77,0.006055460311472416,0.006055460311472416,0.0206599198281765,0.26937127113342285,0.12111373990774155,0.13674494624137878,0.29343777894973755,0.044042982161045074,0.004404297564178705,0.018869910389184952
y42h0pwu,N_sink_mm,42,78,0.009281869046390057,0.009281869046390057,0.016506314277648926,0.2675500810146332,0.0700889378786087,0.14149019122123718,0.257890909910202,0.042780861258506775,0.0042780861258506775,0.019776461645960808
y42h0pwu,N_sink_mm,42,79,0.002773093758150935,0.002773093758150935,0.01996644213795662,0.26791879534721375,0.0687279924750328,0.13034354150295258,0.2868945896625519,0.04349211975932121,0.004349212162196636,0.019628696143627167
y42h0pwu,N_sink_mm,42,80,0.013463221490383148,0.013463221490383148,0.016813626512885094,0.26764437556266785,0.04566279053688049,0.14364922046661377,0.24373124539852142,0.03876899927854538,0.003876900766044855,0.02072810009121895
y42h0pwu,N_sink_mm,42,81,0.005493237636983395,0.005493237636983395,0.016834156587719917,0.2685534954071045,0.1029764860868454,0.1459732949733734,0.3004462718963623,0.03711061179637909,0.003711061319336295,0.020018229261040688
y42h0pwu,N_sink_mm,42,82,0.022027485072612762,0.022027485072612762,0.014065546914935112,0.2679033875465393,0.07986880838871002,0.09819047152996063,0.22415407001972198,0.05726392939686775,0.00572639424353838,0.021271133795380592
y42h0pwu,N_sink_mm,42,83,0.008487940765917301,0.008487940765917301,0.02305731549859047,0.26948025822639465,0.1348770409822464,0.13320991396903992,0.2502175271511078,0.040964167565107346,0.004096416290849447,0.02067357860505581
y42h0pwu,N_sink_mm,42,84,0.006709062959998846,0.006709062959998846,0.01909606344997883,0.2726897597312927,0.21188178658485413,0.1471051275730133,0.26079487800598145,0.04901083931326866,0.004901083651930094,0.02057463675737381
y42h0pwu,N_sink_mm,42,85,0.011596327647566795,0.011596327647566795,0.01534593291580677,0.26814699172973633,0.07844086736440659,0.14421451091766357,0.2571359872817993,0.0432233028113842,0.004322330001741648,0.021337661892175674
y42h0pwu,N_sink_mm,42,86,-0.0003442901943344623,-0.0003442901943344623,0.018204793334007263,0.2683006227016449,0.10535912215709686,0.1471080332994461,0.2430880069732666,0.03986950218677521,0.0039869495667517185,0.02139429561793804
y42h0pwu,N_sink_mm,42,87,0.013608760200440884,0.013608760200440884,0.021179988980293274,0.267572820186615,0.059463728219270706,0.14516732096672058,0.2606028914451599,0.045353733003139496,0.004535373765975237,0.021807808429002762
y42h0pwu,N_sink_mm,42,88,0.008966282941401005,0.008966282941401005,0.017686927691102028,0.26868492364883423,0.10498632490634918,0.14355064928531647,0.28818488121032715,0.044263385236263275,0.004426337778568268,0.021573547273874283
y42h0pwu,N_sink_mm,42,89,0.008296906016767025,0.008296906016767025,0.01654009334743023,0.269647479057312,0.12407755106687546,0.15120862424373627,0.2238761931657791,0.055381547659635544,0.005538153927773237,0.022639591246843338
y42h0pwu,N_sink_mm,42,90,0.008537090383470058,0.008537090383470058,0.012475780211389065,0.2692406475543976,0.11115817725658417,0.12757010757923126,0.2423630952835083,0.04412074014544487,0.004412073642015457,0.022102205082774162
y42h0pwu,N_sink_mm,42,91,0.015540623106062412,0.015540623106062412,0.01679420657455921,0.26730573177337646,0.04736322537064552,0.15797676146030426,0.26016101241111755,0.04335958510637283,0.004335959907621145,0.022293007001280785
y42h0pwu,N_sink_mm,42,92,0.009172121994197369,0.009172121994197369,0.013484516181051731,0.26983311772346497,0.13228638470172882,0.1540631800889969,0.29933667182922363,0.04258355870842934,0.004258355591446161,0.02217712439596653
y42h0pwu,N_sink_mm,42,93,0.011053163558244705,0.011053163558244705,0.018459605053067207,0.26775237917900085,0.0831950232386589,0.17265181243419647,0.290306031703949,0.04378725215792656,0.004378725308924913,0.02234078384935856
y42h0pwu,N_sink_mm,42,94,0.015889160335063934,0.015889160335063934,0.017739810049533844,0.2684980034828186,0.09142298996448517,0.14548105001449585,0.2533693015575409,0.047298554331064224,0.004729854874312878,0.02371312864124775
y42h0pwu,N_sink_mm,42,95,0.02006886713206768,0.02006886713206768,0.01336716953665018,0.26746630668640137,0.0830911248922348,0.15828655660152435,0.23429936170578003,0.047170620411634445,0.004717061761766672,0.023153135553002357
y42h0pwu,N_sink_mm,42,96,0.01934707537293434,0.01934707537293434,0.013148199766874313,0.2701002061367035,0.1344587653875351,0.1609702855348587,0.2632788419723511,0.041561681777238846,0.0041561671532690525,0.023060841485857964
y42h0pwu,N_sink_mm,42,97,0.01920050010085106,0.01920050010085106,0.016879776492714882,0.26760348677635193,0.07189762592315674,0.1693442165851593,0.229458287358284,0.04465625435113907,0.004465625621378422,0.023991502821445465
y42h0pwu,N_sink_mm,42,98,0.0064300838857889175,0.0064300838857889175,0.019530631601810455,0.26807835698127747,0.08117105066776276,0.16970638930797577,0.227067232131958,0.042558472603559494,0.00425584614276886,0.024121267721056938
y42h0pwu,N_sink_mm,42,99,0.013684862293303013,0.013684862293303013,0.016531208530068398,0.2681443393230438,0.09145409613847733,0.16266417503356934,0.2692932188510895,0.042918093502521515,0.004291810095310211,0.024030860513448715
y42h0pwu,N_sink_mm,42,100,0.01440673042088747,0.01440673042088747,0.01767909899353981,0.2677776515483856,0.07810156792402267,0.18686333298683167,0.24791188538074493,0.037031132727861404,0.0037031120155006647,0.024433305487036705
y42h0pwu,N_sink_mm,42,101,0.015852997079491615,0.015852997079491615,0.019094064831733704,0.2678498923778534,0.0793115496635437,0.17525388300418854,0.2485341727733612,0.04640085622668266,0.004640085622668266,0.025189319625496864
y42h0pwu,N_sink_mm,42,102,0.02116236835718155,0.02116236835718155,0.01775089092552662,0.2673278748989105,0.06235966086387634,0.17059962451457977,0.24424093961715698,0.0514039620757103,0.005140396300703287,0.025905082002282143
y42h0pwu,N_sink_mm,42,103,0.014799775555729866,0.014799775555729866,0.019280100241303444,0.26827171444892883,0.08566540479660034,0.1444474309682846,0.26007527112960815,0.04359333962202072,0.004359334707260132,0.024791071191430092
y42h0pwu,N_sink_mm,42,104,0.012698977254331112,0.012698977254331112,0.014699293300509453,0.2702326476573944,0.13704074919223785,0.17394480109214783,0.2570802569389343,0.04113534837961197,0.004113534931093454,0.024710698053240776
y42h0pwu,N_sink_mm,42,105,0.012074919417500496,0.012074919417500496,0.015077454037964344,0.26876410841941833,0.10297218710184097,0.17171135544776917,0.2529139220714569,0.04543990641832352,0.004543990828096867,0.02498786896467209
y42h0pwu,N_sink_mm,42,106,0.02161235176026821,0.02161235176026821,0.02284291572868824,0.2675229609012604,0.046292744576931,0.17335011065006256,0.23541060090065002,0.05534014478325844,0.005534015130251646,0.026380859315395355
y42h0pwu,N_sink_mm,42,107,0.016449570655822754,0.016449570655822754,0.013821412809193134,0.26798775792121887,0.05933229252696037,0.16552415490150452,0.2476290613412857,0.045910291373729706,0.004591027740389109,0.024903273209929466
y42h0pwu,N_sink_mm,42,108,0.014437760226428509,0.014437760226428509,0.016472183167934418,0.2718549072742462,0.17660699784755707,0.1842310130596161,0.294985830783844,0.042694974690675735,0.004269496537744999,0.02530927211046219
y42h0pwu,N_sink_mm,42,109,0.01517566479742527,0.01517566479742527,0.01814008504152298,0.2682414650917053,0.09239111840724945,0.1724821776151657,0.28456953167915344,0.04393467679619789,0.004393467679619789,0.02619834803044796
y42h0pwu,N_sink_mm,42,110,0.014607375487685204,0.014607375487685204,0.022157149389386177,0.26789119839668274,0.08745598047971725,0.17523160576820374,0.22934114933013916,0.04630778729915619,0.004630777984857559,0.02667076885700226
y42h0pwu,N_sink_mm,42,111,0.015054821036756039,0.015054821036756039,0.020158233121037483,0.268214613199234,0.10218638181686401,0.1793995052576065,0.24310041964054108,0.04190722107887268,0.004190721549093723,0.027241401374340057
y42h0pwu,N_sink_mm,42,112,0.021576261147856712,0.021576261147856712,0.021490436047315598,0.26743823289871216,0.0932491347193718,0.18362069129943848,0.25135645270347595,0.041133053600788116,0.004113305825740099,0.027945691719651222
y42h0pwu,N_sink_mm,42,113,0.02665075659751892,0.02665075659751892,0.023546917364001274,0.26702067255973816,0.06670042127370834,0.18641053140163422,0.24895495176315308,0.04062983766198158,0.004062983673065901,0.028248243033885956
y42h0pwu,N_sink_mm,42,114,0.013993365690112114,0.013993365690112114,0.016764342784881592,0.2694452702999115,0.12650206685066223,0.18961386382579803,0.26735711097717285,0.04221460968255997,0.004221461247652769,0.027465976774692535
y42h0pwu,N_sink_mm,42,115,0.021379482001066208,0.021379482001066208,0.019104275852441788,0.26822131872177124,0.09770099073648453,0.1858198195695877,0.2963382303714752,0.04192914813756943,0.0041929143480956554,0.02809431403875351
y42h0pwu,N_sink_mm,42,116,0.018933052197098732,0.018933052197098732,0.019797390326857567,0.26768749952316284,0.08537807315587997,0.19038468599319458,0.26239338517189026,0.039213310927152634,0.003921331372112036,0.028315039351582527
y42h0pwu,N_sink_mm,42,117,0.026563310995697975,0.026563310995697975,0.015304735861718655,0.2679557204246521,0.09973006695508957,0.17761892080307007,0.25947096943855286,0.04725676774978638,0.004725676495581865,0.02851167507469654
y42h0pwu,N_sink_mm,42,118,0.007120504509657621,0.007120504509657621,0.02227163314819336,0.26785507798194885,0.07703356444835663,0.17959646880626678,0.31591013073921204,0.04152030125260353,0.004152030684053898,0.028562115505337715
y42h0pwu,N_sink_mm,42,119,0.031709637492895126,0.031709637492895126,0.023430217057466507,0.2667013704776764,0.044268276542425156,0.19281522929668427,0.22539089620113373,0.04292512685060501,0.0042925127781927586,0.02983088791370392
y42h0pwu,N_sink_mm,42,120,0.010100333020091057,0.010100333020091057,0.020257508382201195,0.26758623123168945,0.060261499136686325,0.19279204308986664,0.26942354440689087,0.04117874056100845,0.004117874428629875,0.029800213873386383
y42h0pwu,N_sink_mm,42,121,0.02146993763744831,0.02146993763744831,0.023949917405843735,0.2678506076335907,0.09842216968536377,0.1827409565448761,0.26055434346199036,0.04237910732626915,0.004237910266965628,0.029254592955112457
y42h0pwu,N_sink_mm,42,122,0.02353460155427456,0.02353460155427456,0.02204308658838272,0.2685299813747406,0.11692588776350021,0.19876788556575775,0.2531088590621948,0.03638200834393501,0.003638201393187046,0.02941131591796875
y42h0pwu,N_sink_mm,42,123,0.018125519156455994,0.018125519156455994,0.02368342876434326,0.2682373523712158,0.09768599271774292,0.1764664500951767,0.31018903851509094,0.04340824857354164,0.004340824205428362,0.029908757656812668
y42h0pwu,N_sink_mm,42,124,0.017504440620541573,0.017504440620541573,0.01781296543776989,0.2706361413002014,0.1595645695924759,0.1980695277452469,0.24811778962612152,0.0447009913623333,0.0044700987637043,0.029686855152249336
y42h0pwu,N_sink_mm,42,125,0.01813098043203354,0.01813098043203354,0.02459167130291462,0.2682211101055145,0.10293547809123993,0.19428952038288116,0.24059273302555084,0.04218285530805588,0.00421828543767333,0.0300615094602108
y42h0pwu,N_sink_mm,42,126,0.014904571697115898,0.014904571697115898,0.02665642462670803,0.26769593358039856,0.08605074137449265,0.17804689705371857,0.2750144898891449,0.05040627345442772,0.005040627438575029,0.030570654198527336
y42h0pwu,N_sink_mm,42,127,0.02210306189954281,0.02210306189954281,0.030611764639616013,0.2674614489078522,0.10365600138902664,0.18005278706550598,0.2815936207771301,0.04190396890044212,0.00419039698317647,0.030502520501613617
y42h0pwu,N_sink_mm,42,128,0.021900394931435585,0.021900394931435585,0.020390786230564117,0.2680512070655823,0.10371454805135727,0.18045207858085632,0.2836226522922516,0.04591646417975426,0.004591647069901228,0.03265928104519844
y42h0pwu,N_sink_mm,42,129,0.02461135759949684,0.02461135759949684,0.02522345818579197,0.26757684350013733,0.10469585657119751,0.1891084462404251,0.3032175600528717,0.03631056845188141,0.0036310572177171707,0.03127617761492729
y42h0pwu,N_sink_mm,42,130,0.0322829931974411,0.0322829931974411,0.025273021310567856,0.26719608902931213,0.06904016435146332,0.19895786046981812,0.30220481753349304,0.04060279577970505,0.004060280043631792,0.03202129155397415
y42h0pwu,N_sink_mm,42,131,0.023283425718545914,0.023283425718545914,0.029199231415987015,0.26723816990852356,0.08711909502744675,0.19159042835235596,0.24698908627033234,0.041406337171792984,0.004140633624047041,0.032869432121515274
y42h0pwu,N_sink_mm,42,132,0.009687081910669804,0.009687081910669804,0.030121605843305588,0.2675502300262451,0.10835730284452438,0.20145082473754883,0.2568216323852539,0.041170570999383926,0.004117057658731937,0.032736822962760925
y42h0pwu,N_sink_mm,42,133,0.020877225324511528,0.020877225324511528,0.029031474143266678,0.2680630683898926,0.10545514523983002,0.2035953253507614,0.26621195673942566,0.03971245139837265,0.003971244674175978,0.031973060220479965
y42h0pwu,N_sink_mm,42,134,0.017247771844267845,0.017247771844267845,0.02596610225737095,0.26858091354370117,0.09797767549753189,0.18809756636619568,0.26577359437942505,0.046678923070430756,0.004667892120778561,0.03334615379571915
y42h0pwu,N_sink_mm,42,135,0.02337508462369442,0.02337508462369442,0.025290781632065773,0.2673846483230591,0.08109118044376373,0.19852688908576965,0.2658931612968445,0.04030351713299751,0.004030351992696524,0.033254414796829224
y42h0pwu,N_sink_mm,42,136,0.03252045810222626,0.03252045810222626,0.02733931690454483,0.2694218158721924,0.1408398300409317,0.19773368537425995,0.29153189063072205,0.046214014291763306,0.004621401429176331,0.03219160810112953
y42h0pwu,N_sink_mm,42,137,0.020385615527629852,0.020385615527629852,0.026007207110524178,0.26774364709854126,0.089719757437706,0.19626446068286896,0.24905121326446533,0.03806270286440849,0.0038062704261392355,0.03347308933734894
y42h0pwu,N_sink_mm,42,138,0.021770989522337914,0.021770989522337914,0.031107671558856964,0.2673346996307373,0.08753903955221176,0.19928397238254547,0.27725014090538025,0.04037440940737724,0.004037440288811922,0.03357883170247078
y42h0pwu,N_sink_mm,42,139,0.03399931639432907,0.03399931639432907,0.035167865455150604,0.267394483089447,0.09822312742471695,0.20124223828315735,0.2581457197666168,0.042701877653598785,0.004270188510417938,0.033761803060770035
y42h0pwu,N_sink_mm,42,140,0.02985929325222969,0.02985929325222969,0.0295064989477396,0.26787060499191284,0.09227850288152695,0.19802476465702057,0.23677024245262146,0.042371220886707306,0.004237122368067503,0.03388692066073418
y42h0pwu,N_sink_mm,42,141,0.024288391694426537,0.024288391694426537,0.031265996396541595,0.26777005195617676,0.1089468002319336,0.18486540019512177,0.2731609642505646,0.0563826821744442,0.00563826784491539,0.0336504727602005
y42h0pwu,N_sink_mm,42,142,0.010871193371713161,0.010871193371713161,0.02210219018161297,0.2695441246032715,0.12501464784145355,0.19328004121780396,0.23802904784679413,0.059392672032117844,0.005939267575740814,0.0345471054315567
y42h0pwu,N_sink_mm,42,143,0.037007492035627365,0.037007492035627365,0.03103642351925373,0.2668112516403198,0.0667232871055603,0.19564183056354523,0.2433469444513321,0.039917297661304474,0.00399173004552722,0.034909795969724655
y42h0pwu,N_sink_mm,42,144,0.04079855978488922,0.04079855978488922,0.023897910490632057,0.2671132981777191,0.06390347331762314,0.1748305857181549,0.2386324107646942,0.05555810034275055,0.0055558099411427975,0.03614480420947075
y42h0pwu,N_sink_mm,42,145,0.03271888941526413,0.03271888941526413,0.032241158187389374,0.26711446046829224,0.10548084229230881,0.1850179135799408,0.2501790523529053,0.04810618609189987,0.00481061777099967,0.03552122414112091
y42h0pwu,N_sink_mm,42,146,0.025882188230752945,0.025882188230752945,0.03103375807404518,0.26738038659095764,0.08471723645925522,0.19104669988155365,0.2348140925168991,0.041666463017463684,0.004166645463556051,0.035929568111896515
y42h0pwu,N_sink_mm,42,147,0.02219763584434986,0.02219763584434986,0.036189351230859756,0.2680790424346924,0.13340112566947937,0.2112201750278473,0.27366021275520325,0.036907926201820374,0.0036907922476530075,0.035103633999824524
y42h0pwu,N_sink_mm,42,148,0.03395378589630127,0.03395378589630127,0.03258220851421356,0.26961472630500793,0.15456467866897583,0.2087704837322235,0.23176230490207672,0.04460813105106354,0.004460813477635384,0.034960392862558365
y42h0pwu,N_sink_mm,42,149,0.02402183599770069,0.02402183599770069,0.028232764452695847,0.27021729946136475,0.1649543046951294,0.17548207938671112,0.2556861639022827,0.052094489336013794,0.005209449678659439,0.0359475314617157
y42h0pwu,N_sink_mm,42,150,0.0319448746740818,0.0319448746740818,0.03168675675988197,0.2688310742378235,0.13186705112457275,0.19101619720458984,0.25033777952194214,0.047828394919633865,0.0047828396782279015,0.03534894809126854
y42h0pwu,N_sink_mm,42,151,0.03423578292131424,0.03423578292131424,0.03929222747683525,0.26805031299591064,0.1153499111533165,0.19636087119579315,0.25227224826812744,0.041442129760980606,0.0041442131623625755,0.03590596839785576
y42h0pwu,N_sink_mm,42,152,0.0308817271143198,0.0308817271143198,0.02914944291114807,0.2677074372768402,0.10550734400749207,0.20746663212776184,0.23692657053470612,0.039100099354982376,0.00391001021489501,0.03647796809673309
y42h0pwu,N_sink_mm,42,153,0.04788712412118912,0.04788712412118912,0.03495147451758385,0.26635509729385376,0.07343889772891998,0.20543503761291504,0.26006290316581726,0.04257609322667122,0.004257609602063894,0.03628429397940636
y42h0pwu,N_sink_mm,42,154,0.03898480907082558,0.03898480907082558,0.033924151211977005,0.2681993544101715,0.12058963626623154,0.2091015875339508,0.26414573192596436,0.04126964882016182,0.0041269646026194096,0.036049291491508484
y42h0pwu,N_sink_mm,42,155,0.02113424241542816,0.02113424241542816,0.03259928524494171,0.26958808302879333,0.1600671261548996,0.20950447022914886,0.25977209210395813,0.04070838540792465,0.004070838913321495,0.03675549477338791
y42h0pwu,N_sink_mm,42,156,0.02485450729727745,0.02485450729727745,0.030246641486883163,0.26793166995048523,0.0936032235622406,0.20808961987495422,0.24256233870983124,0.044106677174568176,0.004410668276250362,0.03734808415174484
y42h0pwu,N_sink_mm,42,157,0.033288147300481796,0.033288147300481796,0.03783420845866203,0.26788920164108276,0.1304945945739746,0.2089666873216629,0.28172391653060913,0.039056792855262756,0.003905679564923048,0.03694611415266991
y42h0pwu,N_sink_mm,42,158,0.030151236802339554,0.030151236802339554,0.031077001243829727,0.268190860748291,0.12044086307287216,0.21133196353912354,0.2216815948486328,0.04069957509636879,0.0040699574165046215,0.03780514374375343
y42h0pwu,N_sink_mm,42,159,0.0553087443113327,0.0553087443113327,0.04085279256105423,0.2666875720024109,0.08649613708257675,0.21253368258476257,0.2901194095611572,0.0485406219959259,0.004854062106460333,0.038091130554676056
y42h0pwu,N_sink_mm,42,160,0.04274250566959381,0.04274250566959381,0.02670852281153202,0.2680978775024414,0.1156793013215065,0.21086916327476501,0.2862629294395447,0.04284737631678581,0.004284737631678581,0.0379713736474514
y42h0pwu,N_sink_mm,42,161,0.03536633029580116,0.03536633029580116,0.039038222283124924,0.2691238522529602,0.15858657658100128,0.2129625827074051,0.2200349122285843,0.04137768968939781,0.004137768410146236,0.03823765739798546
y42h0pwu,N_sink_mm,42,162,0.02697606198489666,0.02697606198489666,0.038884926587343216,0.2675779163837433,0.11502087861299515,0.217376247048378,0.22855375707149506,0.044798802584409714,0.004479880910366774,0.03868585824966431
y42h0pwu,N_sink_mm,42,163,0.037052836269140244,0.037052836269140244,0.04301394522190094,0.26832315325737,0.13524404168128967,0.21756091713905334,0.2543487250804901,0.04180154204368591,0.0041801538318395615,0.03887927159667015
y42h0pwu,N_sink_mm,42,164,0.03221141919493675,0.03221141919493675,0.036577556282281876,0.26739659905433655,0.1119222491979599,0.22039195895195007,0.24845705926418304,0.043101608753204346,0.004310161806643009,0.03942711278796196
y42h0pwu,N_sink_mm,42,165,0.03760771080851555,0.03760771080851555,0.035457395017147064,0.26763394474983215,0.10962188988924026,0.21957635879516602,0.23707154393196106,0.04353649541735649,0.004353648982942104,0.03930891677737236
y42h0pwu,N_sink_mm,42,166,0.042812131345272064,0.042812131345272064,0.035333916544914246,0.26703891158103943,0.10856421291828156,0.2177373170852661,0.287537544965744,0.04854438081383705,0.004854438826441765,0.039944734424352646
y42h0pwu,N_sink_mm,42,167,0.04220506176352501,0.04220506176352501,0.04643095284700394,0.26674842834472656,0.08540456742048264,0.2237340658903122,0.2635360062122345,0.0476512610912323,0.0047651249915361404,0.039956189692020416
y42h0pwu,N_sink_mm,42,168,0.0599382258951664,0.0599382258951664,0.04643042013049126,0.2661696672439575,0.07911989092826843,0.20938077569007874,0.2591257691383362,0.04933123663067818,0.004933123476803303,0.04025835543870926
y42h0pwu,N_sink_mm,42,169,0.03073909878730774,0.03073909878730774,0.04330482706427574,0.26741525530815125,0.10060477256774902,0.21683351695537567,0.2772936522960663,0.04852418601512909,0.004852418787777424,0.040645863860845566
y42h0pwu,N_sink_mm,42,170,0.04464975744485855,0.04464975744485855,0.0410735085606575,0.26771682500839233,0.10478370636701584,0.22491706907749176,0.2536690831184387,0.04517270624637604,0.004517270252108574,0.041554566472768784
y42h0pwu,N_sink_mm,42,171,0.046364206820726395,0.046364206820726395,0.04411948099732399,0.2672846019268036,0.11264210939407349,0.22403502464294434,0.2250720113515854,0.0474538654088974,0.00474538654088974,0.041254494339227676
y42h0pwu,N_sink_mm,42,172,0.042178720235824585,0.042178720235824585,0.04443315789103508,0.26736536622047424,0.1056581437587738,0.21896007657051086,0.23919381201267242,0.04485102370381355,0.004485101904720068,0.04164474830031395
y42h0pwu,N_sink_mm,42,173,0.058876875787973404,0.058876875787973404,0.031669311225414276,0.2673209309577942,0.06530426442623138,0.2230576127767563,0.24788489937782288,0.0511036142706871,0.005110360682010651,0.042618799954652786
y42h0pwu,N_sink_mm,42,174,0.051577724516391754,0.051577724516391754,0.04759328439831734,0.2668699324131012,0.10543788224458694,0.22090120613574982,0.27288976311683655,0.04511522501707077,0.004511522129178047,0.04233252629637718
y42h0pwu,N_sink_mm,42,175,0.06580784916877747,0.06580784916877747,0.04342975839972496,0.26625698804855347,0.075827457010746,0.23045209050178528,0.25887516140937805,0.043682269752025604,0.00436822697520256,0.042683519423007965
y42h0pwu,N_sink_mm,42,176,0.06482407450675964,0.06482407450675964,0.04289209470152855,0.26633861660957336,0.07285411655902863,0.22726711630821228,0.2632353901863098,0.04519420489668846,0.004519420675933361,0.042726654559373856
y42h0pwu,N_sink_mm,42,177,0.03540560230612755,0.03540560230612755,0.04056799039244652,0.2672995626926422,0.09966786205768585,0.2292049080133438,0.24375669658184052,0.04718529433012009,0.004718530457466841,0.04310484230518341
y42h0pwu,N_sink_mm,42,178,0.06759043037891388,0.06759043037891388,0.052968356758356094,0.26647263765335083,0.07633522897958755,0.22079575061798096,0.2727234363555908,0.043656256049871445,0.004365625791251659,0.044191017746925354
y42h0pwu,N_sink_mm,42,179,0.053655099123716354,0.053655099123716354,0.047911569476127625,0.2665437161922455,0.11329986155033112,0.22160577774047852,0.2725358009338379,0.04602256417274475,0.00460225623100996,0.04408635199069977
y42h0pwu,N_sink_mm,42,180,0.03063873201608658,0.03063873201608658,0.04349515587091446,0.26711851358413696,0.08523362129926682,0.22976624965667725,0.28047338128089905,0.048056017607450485,0.004805601201951504,0.04480763152241707
y42h0pwu,N_sink_mm,42,181,0.0541384294629097,0.0541384294629097,0.05137093365192413,0.2674771845340729,0.12154050171375275,0.2300797402858734,0.23513659834861755,0.048652730882167816,0.004865273367613554,0.04478863626718521
y42h0pwu,N_sink_mm,42,182,0.03776272013783455,0.03776272013783455,0.04412410408258438,0.26842355728149414,0.1390949934720993,0.2315860092639923,0.2681143283843994,0.0492798313498497,0.004927982576191425,0.04521715268492699
y42h0pwu,N_sink_mm,42,183,0.05539447441697121,0.05539447441697121,0.038496579974889755,0.26740360260009766,0.12224385142326355,0.2350568175315857,0.22338643670082092,0.04568811133503914,0.004568811506032944,0.04486359283328056
y42h0pwu,N_sink_mm,42,184,0.0621565505862236,0.0621565505862236,0.04966540262103081,0.26640549302101135,0.1234358474612236,0.23681215941905975,0.2590866684913635,0.04394325241446495,0.004394324962049723,0.04535089433193207
y42h0pwu,N_sink_mm,42,185,0.05234459787607193,0.05234459787607193,0.0412871316075325,0.26676544547080994,0.09603966027498245,0.23958691954612732,0.21664424240589142,0.045409563928842545,0.004540956113487482,0.04598746448755264
y42h0pwu,N_sink_mm,42,186,0.05996217578649521,0.05996217578649521,0.05349726974964142,0.2663871645927429,0.10379263758659363,0.2362981140613556,0.2594861388206482,0.05088655650615692,0.005088656209409237,0.04615218937397003
y42h0pwu,N_sink_mm,42,187,0.029700711369514465,0.029700711369514465,0.0398283526301384,0.2672826647758484,0.08283879607915878,0.23388288915157318,0.24136385321617126,0.05110159516334534,0.005110159516334534,0.04667093977332115
y42h0pwu,N_sink_mm,42,188,0.04291560500860214,0.04291560500860214,0.04509764909744263,0.2665794789791107,0.08844640851020813,0.2264477014541626,0.24661985039710999,0.04823243245482445,0.004823243245482445,0.046154726296663284
y42h0pwu,N_sink_mm,42,189,0.05843203142285347,0.05843203142285347,0.04747868329286575,0.2663666605949402,0.09674136340618134,0.22889026999473572,0.24188818037509918,0.04984887316823006,0.004984886851161718,0.046496693044900894
y42h0pwu,N_sink_mm,42,190,0.07036788016557693,0.07036788016557693,0.05703646317124367,0.266410768032074,0.12000101804733276,0.22906772792339325,0.254545658826828,0.046233486384153366,0.004623349290341139,0.04658738523721695
y42h0pwu,N_sink_mm,42,191,0.059766847640275955,0.059766847640275955,0.04166311398148537,0.26699602603912354,0.09622303396463394,0.2320461869239807,0.21240246295928955,0.044795867055654526,0.004479587078094482,0.04712793231010437
y42h0pwu,N_sink_mm,42,192,0.046834271401166916,0.046834271401166916,0.040315426886081696,0.26725053787231445,0.09714573621749878,0.2385622262954712,0.2602141201496124,0.045962635427713394,0.004596263635903597,0.04762556776404381
y42h0pwu,N_sink_mm,42,193,0.0506606251001358,0.0506606251001358,0.05370624363422394,0.2682938277721405,0.1662977933883667,0.24609848856925964,0.28920480608940125,0.0397811122238636,0.003978111315518618,0.047663670033216476
y42h0pwu,N_sink_mm,42,194,0.045688778162002563,0.045688778162002563,0.04510127380490303,0.2684914469718933,0.1406877189874649,0.2492879331111908,0.2984338402748108,0.04413651302456856,0.004413651768118143,0.048752762377262115
y42h0pwu,N_sink_mm,42,195,0.05532434955239296,0.05532434955239296,0.05282095447182655,0.26739221811294556,0.15607142448425293,0.24671314656734467,0.26121267676353455,0.043747249990701675,0.004374724347144365,0.048591628670692444
y42h0pwu,N_sink_mm,42,196,0.04263363778591156,0.04263363778591156,0.0483262725174427,0.26813703775405884,0.16094617545604706,0.23209543526172638,0.2773364186286926,0.048793308436870575,0.004879328887909651,0.049185287207365036
y42h0pwu,N_sink_mm,42,197,0.03672678768634796,0.03672678768634796,0.04653630405664444,0.26899152994155884,0.17467263340950012,0.24794290959835052,0.24960683286190033,0.05234270915389061,0.0052342708222568035,0.050038330256938934
y42h0pwu,N_sink_mm,42,198,0.04418905824422836,0.04418905824422836,0.06250008940696716,0.26727715134620667,0.13722625374794006,0.2237745076417923,0.22539252042770386,0.05368974432349205,0.005368974059820175,0.0498807318508625
y42h0pwu,N_sink_mm,42,199,0.047653499990701675,0.047653499990701675,0.05331020429730415,0.2675393223762512,0.1265541911125183,0.2323281615972519,0.2871996760368347,0.05912625044584274,0.005912624765187502,0.05102263763546944
y42h0pwu,N_sink_mm,42,200,0.04955574497580528,0.04955574497580528,0.04310274124145508,0.2678608298301697,0.1447899490594864,0.23073716461658478,0.24228544533252716,0.05890912190079689,0.005890912842005491,0.05122286081314087
y42h0pwu,N_sink_mm,42,201,0.05530190095305443,0.05530190095305443,0.044382963329553604,0.26707473397254944,0.10839463025331497,0.23887671530246735,0.2337217777967453,0.05073242634534836,0.005073243752121925,0.05162063613533974
y42h0pwu,N_sink_mm,42,202,0.06373525410890579,0.06373525410890579,0.047775790095329285,0.2662443220615387,0.10705546289682388,0.24739105999469757,0.27166667580604553,0.044263534247875214,0.004426352214068174,0.05228213220834732
y42h0pwu,N_sink_mm,42,203,0.0629894807934761,0.0629894807934761,0.041116006672382355,0.26677417755126953,0.07085156440734863,0.24218982458114624,0.2378685474395752,0.04828750342130661,0.004828750155866146,0.052774298936128616
y42h0pwu,N_sink_mm,42,204,0.037892453372478485,0.037892453372478485,0.04005717486143112,0.2686643600463867,0.13576321303844452,0.2482350915670395,0.33097347617149353,0.044034600257873535,0.004403460770845413,0.05312546342611313
y42h0pwu,N_sink_mm,42,205,0.062456224113702774,0.062456224113702774,0.050756338983774185,0.2673574984073639,0.1281774789094925,0.24403145909309387,0.26140114665031433,0.05356128513813019,0.005356128793209791,0.053195659071207047
y42h0pwu,N_sink_mm,42,206,0.06806911528110504,0.06806911528110504,0.052567992359399796,0.26679521799087524,0.13734783232212067,0.2501184344291687,0.25476938486099243,0.04489755630493164,0.0044897557236254215,0.05340798199176788
y42h0pwu,N_sink_mm,42,207,0.05299125239253044,0.05299125239253044,0.056080639362335205,0.26769551634788513,0.14366696774959564,0.2546974718570709,0.2586960196495056,0.041849229484796524,0.004184923600405455,0.05399801582098007
y42h0pwu,N_sink_mm,42,208,0.03889870271086693,0.03889870271086693,0.050314828753471375,0.27006518840789795,0.18067003786563873,0.25391119718551636,0.25525885820388794,0.04673479497432709,0.004673479124903679,0.054371368139982224
y42h0pwu,N_sink_mm,42,209,0.06751223653554916,0.06751223653554916,0.045765724033117294,0.2675986886024475,0.16735923290252686,0.2546165883541107,0.25046369433403015,0.049256060272455215,0.004925606306642294,0.05447492003440857
y42h0pwu,N_sink_mm,42,210,0.07433538883924484,0.07433538883924484,0.06141185015439987,0.26596763730049133,0.13161113858222961,0.25306037068367004,0.2708851099014282,0.04751642420887947,0.004751642234623432,0.054795246571302414
y42h0pwu,N_sink_mm,42,211,0.06371232867240906,0.06371232867240906,0.054448552429676056,0.26755425333976746,0.16525442898273468,0.2546278238296509,0.24064704775810242,0.05173254758119583,0.005173255689442158,0.055317334830760956
y42h0pwu,N_sink_mm,42,212,0.06182725355029106,0.06182725355029106,0.04542629420757294,0.2675056755542755,0.15445688366889954,0.25184792280197144,0.26566430926322937,0.052016954869031906,0.005201695021241903,0.05545017868280411
y42h0pwu,N_sink_mm,42,213,0.06937596201896667,0.06937596201896667,0.053559210151433945,0.26564693450927734,0.07310565561056137,0.24295537173748016,0.23867884278297424,0.05626494437456131,0.0056264931336045265,0.055734097957611084
y42h0pwu,N_sink_mm,42,214,0.06889211386442184,0.06889211386442184,0.0639941394329071,0.2671232521533966,0.15327614545822144,0.2547666132450104,0.2637287676334381,0.04672211408615112,0.004672211594879627,0.0559408962726593
y42h0pwu,N_sink_mm,42,215,0.06718958914279938,0.06718958914279938,0.05648525059223175,0.2676887810230255,0.1685415804386139,0.2582706809043884,0.22627073526382446,0.05471597611904144,0.005471597425639629,0.056137699633836746
y42h0pwu,N_sink_mm,42,216,0.05629734694957733,0.05629734694957733,0.06359174102544785,0.26724955439567566,0.14886999130249023,0.25454434752464294,0.27251482009887695,0.048623569309711456,0.0048623583279550076,0.05664324387907982
y42h0pwu,N_sink_mm,42,217,0.07578162103891373,0.07578162103891373,0.060999661684036255,0.2652885317802429,0.09110104292631149,0.2440088391304016,0.23682700097560883,0.06233866885304451,0.006233867723494768,0.05756592005491257
y42h0pwu,N_sink_mm,42,218,0.056988995522260666,0.056988995522260666,0.05733561888337135,0.26617977023124695,0.0943189188838005,0.20067498087882996,0.25183454155921936,0.059867970645427704,0.005986795760691166,0.05706319585442543
y42h0pwu,N_sink_mm,42,219,0.05947481095790863,0.05947481095790863,0.05613384768366814,0.2670041620731354,0.12949083745479584,0.23713307082653046,0.29614025354385376,0.05738292634487152,0.005738291423767805,0.057154882699251175
y42h0pwu,N_sink_mm,42,220,0.05066065862774849,0.05066065862774849,0.05715067312121391,0.26772114634513855,0.14246150851249695,0.24893377721309662,0.21242693066596985,0.05426926538348198,0.0054269274696707726,0.0580306239426136
y42h0pwu,N_sink_mm,42,221,0.0609021931886673,0.0609021931886673,0.05369052290916443,0.2666499614715576,0.09676896035671234,0.2467053234577179,0.24342268705368042,0.05561507120728493,0.00556150684133172,0.05833423137664795
y42h0pwu,N_sink_mm,42,222,0.06213550269603729,0.06213550269603729,0.05571642145514488,0.2671399414539337,0.14240244030952454,0.2545003294944763,0.2718561589717865,0.04728556424379349,0.004728556610643864,0.05885438993573189
y42h0pwu,N_sink_mm,42,223,0.06102631986141205,0.06102631986141205,0.05023667588829994,0.2670730650424957,0.12949976325035095,0.2615748941898346,0.25656113028526306,0.0465225875377655,0.004652258940041065,0.0594509020447731
y42h0pwu,N_sink_mm,42,224,0.05739584565162659,0.05739584565162659,0.06252245604991913,0.2668440341949463,0.12713922560214996,0.25741028785705566,0.23606468737125397,0.052871186286211014,0.005287117324769497,0.05953548476099968
y42h0pwu,N_sink_mm,42,225,0.05466977506875992,0.05466977506875992,0.05458347499370575,0.26961392164230347,0.20138627290725708,0.25914520025253296,0.21152876317501068,0.05012378841638565,0.00501237902790308,0.059471495449543
y42h0pwu,N_sink_mm,42,226,0.06347646564245224,0.06347646564245224,0.06284335255622864,0.2669660747051239,0.15710628032684326,0.26493510603904724,0.23096774518489838,0.04603918269276619,0.0046039181761443615,0.05987575650215149
y42h0pwu,N_sink_mm,42,227,0.050286244601011276,0.050286244601011276,0.0517343133687973,0.26783350110054016,0.14770810306072235,0.269738107919693,0.29366669058799744,0.044965602457523346,0.004496560897678137,0.06057899445295334
y42h0pwu,N_sink_mm,42,228,0.0617963932454586,0.0617963932454586,0.05495092272758484,0.26734939217567444,0.16219931840896606,0.26801782846450806,0.22641560435295105,0.0433192141354084,0.0043319216929376125,0.06097935885190964
y42h0pwu,N_sink_mm,42,229,0.071803979575634,0.071803979575634,0.05664771422743797,0.2680562734603882,0.1899845451116562,0.26380643248558044,0.24185186624526978,0.047723907977342606,0.00477239117026329,0.06080971658229828
y42h0pwu,N_sink_mm,42,230,0.07355854660272598,0.07355854660272598,0.06476300209760666,0.2664140462875366,0.11840187758207321,0.2536371648311615,0.22012977302074432,0.055757999420166016,0.005575801711529493,0.06068609654903412
y42h0pwu,N_sink_mm,42,231,0.062162429094314575,0.062162429094314575,0.05748281255364418,0.2673768997192383,0.14961734414100647,0.25198400020599365,0.24103054404258728,0.05468161776661873,0.00546816224232316,0.06107711419463158
y42h0pwu,N_sink_mm,42,232,0.05972594767808914,0.05972594767808914,0.05747942253947258,0.2690187990665436,0.19545066356658936,0.26035478711128235,0.24925316870212555,0.04727357625961304,0.004727358464151621,0.061369866132736206
y42h0pwu,N_sink_mm,42,233,0.05734771490097046,0.05734771490097046,0.047008853405714035,0.2689428925514221,0.17404477298259735,0.2665306627750397,0.2901909351348877,0.046964727342128754,0.0046964725479483604,0.0619230717420578
y42h0pwu,N_sink_mm,42,234,0.049014072865247726,0.049014072865247726,0.05326985940337181,0.27009910345077515,0.19594548642635345,0.2662086486816406,0.24247035384178162,0.04849347099661827,0.004849346820265055,0.06197193264961243
y42h0pwu,N_sink_mm,42,235,0.059071216732263565,0.059071216732263565,0.04890558496117592,0.26846060156822205,0.17661918699741364,0.259843647480011,0.24546553194522858,0.04921416938304901,0.0049214172177016735,0.06260789930820465
y42h0pwu,N_sink_mm,42,236,0.06510810554027557,0.06510810554027557,0.06466185301542282,0.2674715220928192,0.16503800451755524,0.2688034176826477,0.24543701112270355,0.050667304545640945,0.005066730547696352,0.06278581917285919
y42h0pwu,N_sink_mm,42,237,0.06520871818065643,0.06520871818065643,0.05288371443748474,0.26700127124786377,0.1158517599105835,0.26453468203544617,0.2630079984664917,0.05126955360174179,0.005126955918967724,0.06363611668348312
y42h0pwu,N_sink_mm,42,238,0.06809789687395096,0.06809789687395096,0.061761192977428436,0.26730093359947205,0.16031421720981598,0.2613534927368164,0.2465713620185852,0.05371258780360222,0.005371258594095707,0.06377678364515305
y42h0pwu,N_sink_mm,42,239,0.07001262903213501,0.07001262903213501,0.0618455745279789,0.2668329179286957,0.14746440947055817,0.27302098274230957,0.2594531774520874,0.04696487635374069,0.004696486983448267,0.06392055004835129
y42h0pwu,N_sink_mm,42,240,0.0674387663602829,0.0674387663602829,0.05538341775536537,0.26671767234802246,0.14100469648838043,0.2754169702529907,0.2547163665294647,0.04341868311166763,0.004341869615018368,0.06372019648551941
y42h0pwu,N_sink_mm,42,241,0.0607631541788578,0.0607631541788578,0.07126709818840027,0.2673996090888977,0.1572970747947693,0.27165186405181885,0.265970379114151,0.05193198472261429,0.005193199496716261,0.06400351971387863
y42h0pwu,N_sink_mm,42,242,0.06290824711322784,0.06290824711322784,0.05000460147857666,0.2668175995349884,0.12333276867866516,0.2709820568561554,0.2667473554611206,0.05095217004418373,0.005095216911286116,0.0646720826625824
y42h0pwu,N_sink_mm,42,243,0.04413483291864395,0.04413483291864395,0.054091330617666245,0.2688463628292084,0.1613098680973053,0.2737922668457031,0.2372778058052063,0.05233999341726303,0.005234000273048878,0.0649593248963356
y42h0pwu,N_sink_mm,42,244,0.05476117506623268,0.05476117506623268,0.0646154135465622,0.26825636625289917,0.17135953903198242,0.26914775371551514,0.25483238697052,0.05450768396258354,0.0054507688619196415,0.0642743855714798
y42h0pwu,N_sink_mm,42,245,0.051979243755340576,0.051979243755340576,0.05813583731651306,0.26844683289527893,0.17430329322814941,0.26793739199638367,0.26816651225090027,0.0516803003847599,0.005168030504137278,0.06516575813293457
y42h0pwu,N_sink_mm,42,246,0.047172192484140396,0.047172192484140396,0.05384008213877678,0.2675154507160187,0.13627535104751587,0.2767302989959717,0.2254108488559723,0.05075261369347572,0.00507526146247983,0.06596150994300842
y42h0pwu,N_sink_mm,42,247,0.05029493570327759,0.05029493570327759,0.0566464439034462,0.2669473886489868,0.12220201641321182,0.2751478850841522,0.2503293752670288,0.05065331235527992,0.005065332166850567,0.06584439426660538
y42h0pwu,N_sink_mm,42,248,0.044634316116571426,0.044634316116571426,0.05150316283106804,0.2688790261745453,0.1657598614692688,0.2707616090774536,0.27552008628845215,0.052522413432598114,0.005252242088317871,0.06565482914447784
y42h0pwu,N_sink_mm,42,249,0.059606533497571945,0.059606533497571945,0.04947805404663086,0.2671569287776947,0.12603241205215454,0.2785686254501343,0.2689111828804016,0.044369541108608246,0.00443695392459631,0.06681861728429794
y42h0pwu,N_sink_mm,42,250,0.05069354176521301,0.05069354176521301,0.05603605881333351,0.2687474489212036,0.18276585638523102,0.2805495262145996,0.2551751732826233,0.04385698586702347,0.004385699052363634,0.06658079475164413
y42h0pwu,N_sink_mm,42,251,0.04747909680008888,0.04747909680008888,0.04486851394176483,0.2690886855125427,0.16640613973140717,0.2765686810016632,0.21488752961158752,0.0487278550863266,0.004872784949839115,0.0672990158200264
y42h0pwu,N_sink_mm,42,252,0.06692353636026382,0.06692353636026382,0.06347325444221497,0.26651108264923096,0.14150592684745789,0.28162574768066406,0.2854929268360138,0.048095788806676865,0.004809578415006399,0.06697700917720795
y42h0pwu,N_sink_mm,42,253,0.05782485380768776,0.05782485380768776,0.05878987908363342,0.2669570744037628,0.15060997009277344,0.2632582485675812,0.23985148966312408,0.06632931530475616,0.0066329301334917545,0.06750335544347763
y42h0pwu,N_sink_mm,42,254,0.05779437720775604,0.05779437720775604,0.056018292903900146,0.26773664355278015,0.1841575801372528,0.261807918548584,0.2407599836587906,0.055237721651792526,0.005523771978914738,0.06801653653383255
y42h0pwu,N_sink_mm,42,255,0.05607602372765541,0.05607602372765541,0.056611016392707825,0.2676214277744293,0.165532648563385,0.27687782049179077,0.28008946776390076,0.04638828709721565,0.004638829734176397,0.06828969717025757
y42h0pwu,N_sink_mm,42,256,0.05016321316361427,0.05016321316361427,0.05839776620268822,0.2689019441604614,0.1915355920791626,0.2807958722114563,0.2537061870098114,0.04289279878139496,0.004289279691874981,0.06827200949192047
y42h0pwu,N_sink_mm,42,257,0.061212703585624695,0.061212703585624695,0.0540689155459404,0.26898691058158875,0.194029301404953,0.2800835967063904,0.2360927313566208,0.0457981675863266,0.004579816944897175,0.0686645582318306
y42h0pwu,N_sink_mm,42,258,0.059983622282743454,0.059983622282743454,0.06803238391876221,0.26631420850753784,0.1360006034374237,0.2801363468170166,0.26235973834991455,0.04506849870085716,0.004506849218159914,0.06918095052242279
y42h0pwu,N_sink_mm,42,259,0.05349701642990112,0.05349701642990112,0.05256903916597366,0.26805928349494934,0.1608847975730896,0.28388911485671997,0.2601465582847595,0.045997969806194305,0.004599797539412975,0.06918951123952866
y42h0pwu,N_sink_mm,42,260,0.057358648627996445,0.057358648627996445,0.060793232172727585,0.2677319347858429,0.18212531507015228,0.2857322692871094,0.2529604136943817,0.0407353937625885,0.00407353974878788,0.06952126324176788
y42h0pwu,N_sink_mm,42,261,0.062144722789525986,0.062144722789525986,0.053289271891117096,0.2682361900806427,0.1866239309310913,0.2871784567832947,0.2929287552833557,0.042971234768629074,0.004297122824937105,0.06979028135538101
y42h0pwu,N_sink_mm,42,262,0.06400534510612488,0.06400534510612488,0.05098116397857666,0.2669072449207306,0.15125615894794464,0.2855806052684784,0.2867879867553711,0.04444686695933342,0.004444686230272055,0.07044050097465515
y42h0pwu,N_sink_mm,42,263,0.055070385336875916,0.055070385336875916,0.05774109810590744,0.26856449246406555,0.183495432138443,0.2902577519416809,0.2559395730495453,0.044241271913051605,0.004424128215759993,0.07053245604038239
y42h0pwu,N_sink_mm,42,264,0.05752326920628548,0.05752326920628548,0.05889594927430153,0.2686251103878021,0.19207662343978882,0.2797243595123291,0.26042646169662476,0.051002137362957,0.005100214388221502,0.07014533877372742
y42h0pwu,N_sink_mm,42,265,0.06390485912561417,0.06390485912561417,0.06291348487138748,0.2691192626953125,0.2152613252401352,0.28181880712509155,0.24826906621456146,0.05021718144416809,0.005021717865020037,0.0706910640001297
y42h0pwu,N_sink_mm,42,266,0.05985774099826813,0.05985774099826813,0.05946459621191025,0.26773685216903687,0.1735556274652481,0.2850571274757385,0.23265264928340912,0.05165335536003113,0.005165335722267628,0.07094027101993561
y42h0pwu,N_sink_mm,42,267,0.05811328813433647,0.05811328813433647,0.0549502894282341,0.26863762736320496,0.2035856693983078,0.2875446081161499,0.24483337998390198,0.048716314136981964,0.004871632903814316,0.07109957188367844
y42h0pwu,N_sink_mm,42,268,0.06312310695648193,0.06312310695648193,0.04499078541994095,0.26701244711875916,0.13717560470104218,0.28427159786224365,0.26242294907569885,0.04664729908108711,0.004664730746299028,0.07175292074680328
y42h0pwu,N_sink_mm,42,269,0.05220286548137665,0.05220286548137665,0.04882729426026344,0.26795095205307007,0.15860861539840698,0.28212520480155945,0.23816850781440735,0.05259868502616882,0.005259868688881397,0.07158662378787994
y42h0pwu,N_sink_mm,42,270,0.06639913469552994,0.06639913469552994,0.057612381875514984,0.2693161368370056,0.2180403769016266,0.2828289270401001,0.31081560254096985,0.04909883439540863,0.004909883253276348,0.07149463146924973
y42h0pwu,N_sink_mm,42,271,0.04908553138375282,0.04908553138375282,0.05636453256011009,0.2680693566799164,0.15662413835525513,0.2885734438896179,0.2661324143409729,0.04560724273324013,0.0045607248321175575,0.07219426333904266
y42h0pwu,N_sink_mm,42,272,0.06158170476555824,0.06158170476555824,0.058153409510850906,0.27190935611724854,0.2556377351284027,0.286137193441391,0.25172510743141174,0.04848935455083847,0.004848937038332224,0.07213015854358673
y42h0pwu,N_sink_mm,42,273,0.0529683455824852,0.0529683455824852,0.05934371426701546,0.2687355875968933,0.19031406939029694,0.2841640114784241,0.26550477743148804,0.05369902774691582,0.005369903519749641,0.07203487306833267
y42h0pwu,N_sink_mm,42,274,0.05960427597165108,0.05960427597165108,0.053888190537691116,0.26925143599510193,0.19746489822864532,0.28558531403541565,0.2741676867008209,0.05191274359822273,0.005191274918615818,0.07290209084749222
y42h0pwu,N_sink_mm,42,275,0.059004683047533035,0.059004683047533035,0.05453908443450928,0.2679135501384735,0.17699430882930756,0.29478719830513,0.25129932165145874,0.04354333132505417,0.004354333039373159,0.07305721938610077
y42h0pwu,N_sink_mm,42,276,0.05290595814585686,0.05290595814585686,0.05321081727743149,0.26888394355773926,0.18606123328208923,0.2964273989200592,0.228337824344635,0.04640916362404823,0.004640916362404823,0.07346437126398087
y42h0pwu,N_sink_mm,42,277,0.05769077315926552,0.05769077315926552,0.062378715723752975,0.2696954905986786,0.21811938285827637,0.2985002398490906,0.2650976777076721,0.04873146116733551,0.004873145837336779,0.07328236103057861
y42h0pwu,N_sink_mm,42,278,0.07708442956209183,0.07708442956209183,0.06308519095182419,0.26644420623779297,0.15054436028003693,0.29163822531700134,0.22468942403793335,0.054187726229429245,0.005418772343546152,0.0739373043179512
y42h0pwu,N_sink_mm,42,279,0.055425629019737244,0.055425629019737244,0.054819609969854355,0.26909980177879333,0.17322026193141937,0.29548656940460205,0.25533655285835266,0.048960521817207336,0.004896052181720734,0.07339629530906677
y42h0pwu,N_sink_mm,42,280,0.06993762403726578,0.06993762403726578,0.05780959501862526,0.2667787969112396,0.14801327884197235,0.28886303305625916,0.24664005637168884,0.051575373858213425,0.00515753822401166,0.07414073497056961
y42h0pwu,N_sink_mm,42,281,0.07289296388626099,0.07289296388626099,0.06694958359003067,0.26687875390052795,0.17908698320388794,0.2917884588241577,0.2940526604652405,0.0558147132396698,0.00558147206902504,0.07450328767299652
y42h0pwu,N_sink_mm,42,282,0.06065680831670761,0.06065680831670761,0.06291081756353378,0.2693914473056793,0.21277986466884613,0.29295453429222107,0.24187929928302765,0.05014435946941376,0.005014435388147831,0.07476796209812164
y42h0pwu,N_sink_mm,42,283,0.05037517100572586,0.05037517100572586,0.057496342808008194,0.2678642272949219,0.15541380643844604,0.2978315055370331,0.22783240675926208,0.057167939841747284,0.005716793704777956,0.0747322365641594
y42h0pwu,N_sink_mm,42,284,0.0569273866713047,0.0569273866713047,0.05821320414543152,0.26853466033935547,0.1841067522764206,0.2921019196510315,0.2667157053947449,0.0505116805434227,0.005051168147474527,0.07525049149990082
y42h0pwu,N_sink_mm,42,285,0.05840937793254852,0.05840937793254852,0.06617768108844757,0.2706146836280823,0.23797482252120972,0.30059751868247986,0.26518574357032776,0.043205320835113525,0.004320531152188778,0.0750938206911087
y42h0pwu,N_sink_mm,42,286,0.05272294953465462,0.05272294953465462,0.04105337709188461,0.27202358841896057,0.24679774045944214,0.2964801490306854,0.2515701651573181,0.056426096707582474,0.005642610602080822,0.07536564767360687
y42h0pwu,N_sink_mm,42,287,0.056201256811618805,0.056201256811618805,0.06331281363964081,0.2694167494773865,0.21142570674419403,0.29741379618644714,0.2608851194381714,0.051839619874954224,0.005183961242437363,0.07484421879053116
y42h0pwu,N_sink_mm,42,288,0.06606673449277878,0.06606673449277878,0.055869195610284805,0.2686561644077301,0.1983799934387207,0.30129411816596985,0.2574516534805298,0.04596349969506264,0.004596350248903036,0.07563992589712143
y42h0pwu,N_sink_mm,42,289,0.06857312470674515,0.06857312470674515,0.054190561175346375,0.2675037384033203,0.1876147836446762,0.2974192202091217,0.25071653723716736,0.04870811477303505,0.004870811942964792,0.07588867843151093
y42h0pwu,N_sink_mm,42,290,0.05054249241948128,0.05054249241948128,0.06383798271417618,0.26814907789230347,0.17717209458351135,0.30081042647361755,0.25677716732025146,0.048136841505765915,0.004813684616237879,0.0761975571513176
y42h0pwu,N_sink_mm,42,291,0.06853752583265305,0.06853752583265305,0.0630069226026535,0.268078476190567,0.2141340970993042,0.30312639474868774,0.24471259117126465,0.051272954791784286,0.0051272958517074585,0.07614480704069138
y42h0pwu,N_sink_mm,42,292,0.06933337450027466,0.06933337450027466,0.06826667487621307,0.2696141004562378,0.2412235289812088,0.29676753282546997,0.24666984379291534,0.060353249311447144,0.006035325117409229,0.07603907585144043
y42h0pwu,N_sink_mm,42,293,0.06835076212882996,0.06835076212882996,0.06321689486503601,0.2684144675731659,0.2225818783044815,0.29472169280052185,0.2361711859703064,0.05780138820409775,0.005780139472335577,0.0766221359372139
y42h0pwu,N_sink_mm,42,294,0.0761692151427269,0.0761692151427269,0.06722905486822128,0.2677384912967682,0.2138960212469101,0.2998907268047333,0.2739068567752838,0.05400342121720314,0.005400342401117086,0.07677178829908371
y42h0pwu,N_sink_mm,42,295,0.060266073793172836,0.060266073793172836,0.06582288444042206,0.2690792977809906,0.22170604765415192,0.3044413626194,0.2536620497703552,0.053087443113327026,0.00530874403193593,0.0774739608168602
y42h0pwu,N_sink_mm,42,296,0.08242054283618927,0.08242054283618927,0.06714670360088348,0.2685855031013489,0.23041796684265137,0.30430248379707336,0.275802880525589,0.04933905228972435,0.0049339053221046925,0.07698215544223785
y42h0pwu,N_sink_mm,42,297,0.07965823262929916,0.07965823262929916,0.06637347489595413,0.2690578103065491,0.2362380176782608,0.3089962303638458,0.2613424062728882,0.04809179529547691,0.004809178411960602,0.0768965631723404
y42h0pwu,N_sink_mm,42,298,0.07255633920431137,0.07255633920431137,0.0689447894692421,0.26770615577697754,0.1863551288843155,0.30221545696258545,0.29393434524536133,0.054481908679008484,0.005448191426694393,0.07751387357711792
y42h0pwu,N_sink_mm,42,299,0.06682295352220535,0.06682295352220535,0.06532825529575348,0.26848843693733215,0.20498909056186676,0.30430495738983154,0.2546168565750122,0.05399111658334732,0.005399111192673445,0.07746753096580505
y42h0pwu,N_sink_mm,42,300,,,,,,,0.24349169433116913,,,
y42h0pwu,N_sink_mm,42,301,,,,,,,0.2858537435531616,,,
y42h0pwu,N_sink_mm,42,302,,,,,,,0.2571185231208801,,,
y42h0pwu,N_sink_mm,42,303,,,,,,,0.249166801571846,,,
y42h0pwu,N_sink_mm,42,304,,,,,,,0.23931440711021423,,,
y42h0pwu,N_sink_mm,42,305,,,,,,,0.28792238235473633,,,
y42h0pwu,N_sink_mm,42,306,,,,,,,0.26617735624313354,,,
y42h0pwu,N_sink_mm,42,307,,,,,,,0.27156248688697815,,,
y42h0pwu,N_sink_mm,42,308,,,,,,,0.22899343073368073,,,
y42h0pwu,N_sink_mm,42,309,,,,,,,0.2742753326892853,,,
y42h0pwu,N_sink_mm,42,310,,,,,,,0.3074971139431,,,
y42h0pwu,N_sink_mm,42,311,,,,,,,0.280753493309021,,,
y42h0pwu,N_sink_mm,42,312,,,,,,,0.26894718408584595,,,
y42h0pwu,N_sink_mm,42,313,,,,,,,0.21330203115940094,,,
y42h0pwu,N_sink_mm,42,314,,,,,,,0.24038077890872955,,,
y42h0pwu,N_sink_mm,42,315,,,,,,,0.24402491748332977,,,
y42h0pwu,N_sink_mm,42,316,,,,,,,0.23481403291225433,,,
y42h0pwu,N_sink_mm,42,317,,,,,,,0.2644213140010834,,,
y42h0pwu,N_sink_mm,42,318,,,,,,,0.24041898548603058,,,
y42h0pwu,N_sink_mm,42,319,,,,,,,0.27766698598861694,,,
y42h0pwu,N_sink_mm,42,320,,,,,,,0.2869636118412018,,,
y42h0pwu,N_sink_mm,42,321,,,,,,,0.2971990704536438,,,
y42h0pwu,N_sink_mm,42,322,,,,,,,0.25658777356147766,,,
y42h0pwu,N_sink_mm,42,323,,,,,,,0.25250044465065,,,
y42h0pwu,N_sink_mm,42,324,,,,,,,0.24604135751724243,,,
y42h0pwu,N_sink_mm,42,325,,,,,,,0.23207950592041016,,,
y42h0pwu,N_sink_mm,42,326,,,,,,,0.26640552282333374,,,
y42h0pwu,N_sink_mm,42,327,,,,,,,0.23386764526367188,,,
y42h0pwu,N_sink_mm,42,328,,,,,,,0.2893597185611725,,,
y42h0pwu,N_sink_mm,42,329,,,,,,,0.28557249903678894,,,
y42h0pwu,N_sink_mm,42,330,,,,,,,0.2536940276622772,,,
y42h0pwu,N_sink_mm,42,331,,,,,,,0.2826920449733734,,,
y42h0pwu,N_sink_mm,42,332,,,,,,,0.28779664635658264,,,
y42h0pwu,N_sink_mm,42,333,,,,,,,0.29803869128227234,,,
y42h0pwu,N_sink_mm,42,334,,,,,,,0.21889179944992065,,,
y42h0pwu,N_sink_mm,42,335,,,,,,,0.23207037150859833,,,
y42h0pwu,N_sink_mm,42,336,,,,,,,0.24598897993564606,,,
y42h0pwu,N_sink_mm,42,337,,,,,,,0.2513338327407837,,,
y42h0pwu,N_sink_mm,42,338,,,,,,,0.24770213663578033,,,
y42h0pwu,N_sink_mm,42,339,,,,,,,0.2522117495536804,,,
y42h0pwu,N_sink_mm,42,340,,,,,,,0.2577707767486572,,,
y42h0pwu,N_sink_mm,42,341,,,,,,,0.2561260759830475,,,
y42h0pwu,N_sink_mm,42,342,,,,,,,0.22943530976772308,,,
y42h0pwu,N_sink_mm,42,343,,,,,,,0.21617765724658966,,,
y42h0pwu,N_sink_mm,42,344,,,,,,,0.24976658821105957,,,
y42h0pwu,N_sink_mm,42,345,,,,,,,0.23135915398597717,,,
y42h0pwu,N_sink_mm,42,346,,,,,,,0.2327502816915512,,,
y42h0pwu,N_sink_mm,42,347,,,,,,,0.21348798274993896,,,
y42h0pwu,N_sink_mm,42,348,,,,,,,0.2097140997648239,,,
y42h0pwu,N_sink_mm,42,349,,,,,,,0.25463759899139404,,,
y42h0pwu,N_sink_mm,42,350,,,,,,,0.2811013460159302,,,
y42h0pwu,N_sink_mm,42,351,,,,,,,0.2660975158214569,,,
y42h0pwu,N_sink_mm,42,352,,,,,,,0.23713675141334534,,,
y42h0pwu,N_sink_mm,42,353,,,,,,,0.24886441230773926,,,
y42h0pwu,N_sink_mm,42,354,,,,,,,0.2753080427646637,,,
y42h0pwu,N_sink_mm,42,355,,,,,,,0.24707479774951935,,,
y42h0pwu,N_sink_mm,42,356,,,,,,,0.23487526178359985,,,
y42h0pwu,N_sink_mm,42,357,,,,,,,0.23508720099925995,,,
y42h0pwu,N_sink_mm,42,358,,,,,,,0.26547330617904663,,,
y42h0pwu,N_sink_mm,42,359,,,,,,,0.2652909755706787,,,
y42h0pwu,N_sink_mm,42,360,,,,,,,0.24464309215545654,,,
y42h0pwu,N_sink_mm,42,361,,,,,,,0.25551900267601013,,,
y42h0pwu,N_sink_mm,42,362,,,,,,,0.2651309669017792,,,
y42h0pwu,N_sink_mm,42,363,,,,,,,0.23463232815265656,,,
y42h0pwu,N_sink_mm,42,364,,,,,,,0.27189314365386963,,,
y42h0pwu,N_sink_mm,42,365,,,,,,,0.29247236251831055,,,
y42h0pwu,N_sink_mm,42,366,,,,,,,0.23911844193935394,,,
y42h0pwu,N_sink_mm,42,367,,,,,,,0.23683729767799377,,,
y42h0pwu,N_sink_mm,42,368,,,,,,,0.22728130221366882,,,
y42h0pwu,N_sink_mm,42,369,,,,,,,0.24128684401512146,,,
y42h0pwu,N_sink_mm,42,370,,,,,,,0.2504063844680786,,,
y42h0pwu,N_sink_mm,42,371,,,,,,,0.26027756929397583,,,
y42h0pwu,N_sink_mm,42,372,,,,,,,0.2895349860191345,,,
y42h0pwu,N_sink_mm,42,373,,,,,,,0.2588714361190796,,,
y42h0pwu,N_sink_mm,42,374,,,,,,,0.28081369400024414,,,
y42h0pwu,N_sink_mm,42,375,,,,,,,0.27726277709007263,,,
y42h0pwu,N_sink_mm,42,376,,,,,,,0.26349425315856934,,,
y42h0pwu,N_sink_mm,42,377,,,,,,,0.30027690529823303,,,
y42h0pwu,N_sink_mm,42,378,,,,,,,0.22631804645061493,,,
y42h0pwu,N_sink_mm,42,379,,,,,,,0.24323014914989471,,,
y42h0pwu,N_sink_mm,42,380,,,,,,,0.27711188793182373,,,
y42h0pwu,N_sink_mm,42,381,,,,,,,0.26180300116539,,,
y42h0pwu,N_sink_mm,42,382,,,,,,,0.3022216856479645,,,
y42h0pwu,N_sink_mm,42,383,,,,,,,0.23822660744190216,,,
y42h0pwu,N_sink_mm,42,384,,,,,,,0.26097825169563293,,,
y42h0pwu,N_sink_mm,42,385,,,,,,,0.2773265540599823,,,
y42h0pwu,N_sink_mm,42,386,,,,,,,0.22055961191654205,,,
y42h0pwu,N_sink_mm,42,387,,,,,,,0.2358730137348175,,,
y42h0pwu,N_sink_mm,42,388,,,,,,,0.23071418702602386,,,
y42h0pwu,N_sink_mm,42,389,,,,,,,0.21078342199325562,,,
y42h0pwu,N_sink_mm,42,390,,,,,,,0.23223289847373962,,,
y42h0pwu,N_sink_mm,42,391,,,,,,,0.23412442207336426,,,
y42h0pwu,N_sink_mm,42,392,,,,,,,0.23905542492866516,,,
y42h0pwu,N_sink_mm,42,393,,,,,,,0.27859270572662354,,,
y42h0pwu,N_sink_mm,42,394,,,,,,,0.2664165198802948,,,
y42h0pwu,N_sink_mm,42,395,,,,,,,0.2665579617023468,,,
y42h0pwu,N_sink_mm,42,396,,,,,,,0.24753688275814056,,,
y42h0pwu,N_sink_mm,42,397,,,,,,,0.24521087110042572,,,
y42h0pwu,N_sink_mm,42,398,,,,,,,0.21597954630851746,,,
y42h0pwu,N_sink_mm,42,399,,,,,,,0.23788787424564362,,,
y42h0pwu,N_sink_mm,42,400,,,,,,,0.23309355974197388,,,
y42h0pwu,N_sink_mm,42,401,,,,,,,0.30175986886024475,,,
y42h0pwu,N_sink_mm,42,402,,,,,,,0.26497313380241394,,,
y42h0pwu,N_sink_mm,42,403,,,,,,,0.27642524242401123,,,
y42h0pwu,N_sink_mm,42,404,,,,,,,0.2798897325992584,,,
y42h0pwu,N_sink_mm,42,405,,,,,,,0.23729868233203888,,,
y42h0pwu,N_sink_mm,42,406,,,,,,,0.2535327970981598,,,
y42h0pwu,N_sink_mm,42,407,,,,,,,0.2389092892408371,,,
y42h0pwu,N_sink_mm,42,408,,,,,,,0.29731985926628113,,,
y42h0pwu,N_sink_mm,42,409,,,,,,,0.24382051825523376,,,
y42h0pwu,N_sink_mm,42,410,,,,,,,0.2434835284948349,,,
y42h0pwu,N_sink_mm,42,411,,,,,,,0.25940999388694763,,,
y42h0pwu,N_sink_mm,42,412,,,,,,,0.2649196684360504,,,
y42h0pwu,N_sink_mm,42,413,,,,,,,0.26506030559539795,,,
y42h0pwu,N_sink_mm,42,414,,,,,,,0.23079855740070343,,,
y42h0pwu,N_sink_mm,42,415,,,,,,,0.25670820474624634,,,
y42h0pwu,N_sink_mm,42,416,,,,,,,0.2522454857826233,,,
y42h0pwu,N_sink_mm,42,417,,,,,,,0.2829153835773468,,,
y42h0pwu,N_sink_mm,42,418,,,,,,,0.2423284947872162,,,
y42h0pwu,N_sink_mm,42,419,,,,,,,0.27375486493110657,,,
y42h0pwu,N_sink_mm,42,420,,,,,,,0.26298588514328003,,,
y42h0pwu,N_sink_mm,42,421,,,,,,,0.2448095828294754,,,
y42h0pwu,N_sink_mm,42,422,,,,,,,0.24473723769187927,,,
y42h0pwu,N_sink_mm,42,423,,,,,,,0.28221243619918823,,,
y42h0pwu,N_sink_mm,42,424,,,,,,,0.259364515542984,,,
y42h0pwu,N_sink_mm,42,425,,,,,,,0.21245792508125305,,,
y42h0pwu,N_sink_mm,42,426,,,,,,,0.21665386855602264,,,
y42h0pwu,N_sink_mm,42,427,,,,,,,0.2592535614967346,,,
y42h0pwu,N_sink_mm,42,428,,,,,,,0.2700584828853607,,,
y42h0pwu,N_sink_mm,42,429,,,,,,,0.2514878511428833,,,
y42h0pwu,N_sink_mm,42,430,,,,,,,0.22810547053813934,,,
y42h0pwu,N_sink_mm,42,431,,,,,,,0.24051593244075775,,,
y42h0pwu,N_sink_mm,42,432,,,,,,,0.30051761865615845,,,
y42h0pwu,N_sink_mm,42,433,,,,,,,0.25495192408561707,,,
y42h0pwu,N_sink_mm,42,434,,,,,,,0.23663721978664398,,,
y42h0pwu,N_sink_mm,42,435,,,,,,,0.24843761324882507,,,
y42h0pwu,N_sink_mm,42,436,,,,,,,0.2510024309158325,,,
y42h0pwu,N_sink_mm,42,437,,,,,,,0.23686645925045013,,,
y42h0pwu,N_sink_mm,42,438,,,,,,,0.24466566741466522,,,
y42h0pwu,N_sink_mm,42,439,,,,,,,0.27547627687454224,,,
y42h0pwu,N_sink_mm,42,440,,,,,,,0.22346808016300201,,,
y42h0pwu,N_sink_mm,42,441,,,,,,,0.24837139248847961,,,
y42h0pwu,N_sink_mm,42,442,,,,,,,0.2419261634349823,,,
y42h0pwu,N_sink_mm,42,443,,,,,,,0.2925582528114319,,,
y42h0pwu,N_sink_mm,42,444,,,,,,,0.24789930880069733,,,
y42h0pwu,N_sink_mm,42,445,,,,,,,0.25841009616851807,,,
y42h0pwu,N_sink_mm,42,446,,,,,,,0.26158395409584045,,,
y42h0pwu,N_sink_mm,42,447,,,,,,,0.2585408091545105,,,
y42h0pwu,N_sink_mm,42,448,,,,,,,0.30240398645401,,,
y42h0pwu,N_sink_mm,42,449,,,,,,,0.2263406217098236,,,
y42h0pwu,N_sink_mm,42,450,,,,,,,0.23030388355255127,,,
y42h0pwu,N_sink_mm,42,451,,,,,,,0.24377939105033875,,,
y42h0pwu,N_sink_mm,42,452,,,,,,,0.24755245447158813,,,
y42h0pwu,N_sink_mm,42,453,,,,,,,0.24389974772930145,,,
y42h0pwu,N_sink_mm,42,454,,,,,,,0.2363395392894745,,,
y42h0pwu,N_sink_mm,42,455,,,,,,,0.26440632343292236,,,
y42h0pwu,N_sink_mm,42,456,,,,,,,0.24316652119159698,,,
y42h0pwu,N_sink_mm,42,457,,,,,,,0.25810325145721436,,,
y42h0pwu,N_sink_mm,42,458,,,,,,,0.24100778996944427,,,
y42h0pwu,N_sink_mm,42,459,,,,,,,0.24462731182575226,,,
y42h0pwu,N_sink_mm,42,460,,,,,,,0.2519187033176422,,,
y42h0pwu,N_sink_mm,42,461,,,,,,,0.281842976808548,,,
y42h0pwu,N_sink_mm,42,462,,,,,,,0.26602694392204285,,,
y42h0pwu,N_sink_mm,42,463,,,,,,,0.2280290722846985,,,
y42h0pwu,N_sink_mm,42,464,,,,,,,0.23803693056106567,,,
y42h0pwu,N_sink_mm,42,465,,,,,,,0.2588563561439514,,,
y42h0pwu,N_sink_mm,42,466,,,,,,,0.2408733367919922,,,
y42h0pwu,N_sink_mm,42,467,,,,,,,0.2793540060520172,,,
y42h0pwu,N_sink_mm,42,468,,,,,,,0.25010472536087036,,,
y42h0pwu,N_sink_mm,42,469,,,,,,,0.23103122413158417,,,
y42h0pwu,N_sink_mm,42,470,,,,,,,0.25435149669647217,,,
y42h0pwu,N_sink_mm,42,471,,,,,,,0.30294638872146606,,,
y42h0pwu,N_sink_mm,42,472,,,,,,,0.23119071125984192,,,
y42h0pwu,N_sink_mm,42,473,,,,,,,0.2665403187274933,,,
y42h0pwu,N_sink_mm,42,474,,,,,,,0.20977137982845306,,,
y42h0pwu,N_sink_mm,42,475,,,,,,,0.20558150112628937,,,
y42h0pwu,N_sink_mm,42,476,,,,,,,0.2720417082309723,,,
y42h0pwu,N_sink_mm,42,477,,,,,,,0.2502046823501587,,,
y42h0pwu,N_sink_mm,42,478,,,,,,,0.24205723404884338,,,
y42h0pwu,N_sink_mm,42,479,,,,,,,0.27880051732063293,,,
y42h0pwu,N_sink_mm,42,480,,,,,,,0.2633741796016693,,,
y42h0pwu,N_sink_mm,42,481,,,,,,,0.20503439009189606,,,
y42h0pwu,N_sink_mm,42,482,,,,,,,0.23346443474292755,,,
y42h0pwu,N_sink_mm,42,483,,,,,,,0.29143697023391724,,,
y42h0pwu,N_sink_mm,42,484,,,,,,,0.2844125032424927,,,
y42h0pwu,N_sink_mm,42,485,,,,,,,0.27601397037506104,,,
y42h0pwu,N_sink_mm,42,486,,,,,,,0.24299022555351257,,,
y42h0pwu,N_sink_mm,42,487,,,,,,,0.2604294419288635,,,
y42h0pwu,N_sink_mm,42,488,,,,,,,0.22717303037643433,,,
y42h0pwu,N_sink_mm,42,489,,,,,,,0.2643774151802063,,,
y42h0pwu,N_sink_mm,42,490,,,,,,,0.23475268483161926,,,
y42h0pwu,N_sink_mm,42,491,,,,,,,0.25039973855018616,,,
y42h0pwu,N_sink_mm,42,492,,,,,,,0.2329055517911911,,,
y42h0pwu,N_sink_mm,42,493,,,,,,,0.21372829377651215,,,
y42h0pwu,N_sink_mm,42,494,,,,,,,0.2555490732192993,,,
y42h0pwu,N_sink_mm,42,495,,,,,,,0.23800739645957947,,,
y42h0pwu,N_sink_mm,42,496,,,,,,,0.2676602602005005,,,
y42h0pwu,N_sink_mm,42,497,,,,,,,0.28501325845718384,,,
y42h0pwu,N_sink_mm,42,498,,,,,,,0.23542581498622894,,,
y42h0pwu,N_sink_mm,42,499,,,,,,,0.23842427134513855,,,
y42h0pwu,N_sink_mm,42,500,,,,,,,0.25602278113365173,,,
y42h0pwu,N_sink_mm,42,501,,,,,,,0.24777410924434662,,,
y42h0pwu,N_sink_mm,42,502,,,,,,,0.26990169286727905,,,
y42h0pwu,N_sink_mm,42,503,,,,,,,0.2692970037460327,,,
y42h0pwu,N_sink_mm,42,504,,,,,,,0.2497277557849884,,,
y42h0pwu,N_sink_mm,42,505,,,,,,,0.27427488565444946,,,
y42h0pwu,N_sink_mm,42,506,,,,,,,0.24239853024482727,,,
y42h0pwu,N_sink_mm,42,507,,,,,,,0.26490461826324463,,,
y42h0pwu,N_sink_mm,42,508,,,,,,,0.27552878856658936,,,
y42h0pwu,N_sink_mm,42,509,,,,,,,0.2346390038728714,,,
y42h0pwu,N_sink_mm,42,510,,,,,,,0.25105535984039307,,,
y42h0pwu,N_sink_mm,42,511,,,,,,,0.23051494359970093,,,
y42h0pwu,N_sink_mm,42,512,,,,,,,0.26305729150772095,,,
y42h0pwu,N_sink_mm,42,513,,,,,,,0.24708586931228638,,,
y42h0pwu,N_sink_mm,42,514,,,,,,,0.2727793753147125,,,
y42h0pwu,N_sink_mm,42,515,,,,,,,0.28591087460517883,,,
y42h0pwu,N_sink_mm,42,516,,,,,,,0.24586530029773712,,,
y42h0pwu,N_sink_mm,42,517,,,,,,,0.26575860381126404,,,
y42h0pwu,N_sink_mm,42,518,,,,,,,0.25164681673049927,,,
y42h0pwu,N_sink_mm,42,519,,,,,,,0.2897079885005951,,,
y42h0pwu,N_sink_mm,42,520,,,,,,,0.24279151856899261,,,
y42h0pwu,N_sink_mm,42,521,,,,,,,0.23408709466457367,,,
y42h0pwu,N_sink_mm,42,522,,,,,,,0.2354961633682251,,,
y42h0pwu,N_sink_mm,42,523,,,,,,,0.2551531195640564,,,
y42h0pwu,N_sink_mm,42,524,,,,,,,0.29779252409935,,,
y42h0pwu,N_sink_mm,42,525,,,,,,,0.2565283477306366,,,
y42h0pwu,N_sink_mm,42,526,,,,,,,0.23431603610515594,,,
y42h0pwu,N_sink_mm,42,527,,,,,,,0.2874259948730469,,,
y42h0pwu,N_sink_mm,42,528,,,,,,,0.2749624252319336,,,
y42h0pwu,N_sink_mm,42,529,,,,,,,0.27169856429100037,,,
y42h0pwu,N_sink_mm,42,530,,,,,,,0.21631823480129242,,,
y42h0pwu,N_sink_mm,42,531,,,,,,,0.25024694204330444,,,
y42h0pwu,N_sink_mm,42,532,,,,,,,0.22770197689533234,,,
y42h0pwu,N_sink_mm,42,533,,,,,,,0.24505405128002167,,,
y42h0pwu,N_sink_mm,42,534,,,,,,,0.27421894669532776,,,
y42h0pwu,N_sink_mm,42,535,,,,,,,0.24651934206485748,,,
y42h0pwu,N_sink_mm,42,536,,,,,,,0.22997434437274933,,,
y42h0pwu,N_sink_mm,42,537,,,,,,,0.21812421083450317,,,
y42h0pwu,N_sink_mm,42,538,,,,,,,0.25552353262901306,,,
y42h0pwu,N_sink_mm,42,539,,,,,,,0.2664206027984619,,,
y42h0pwu,N_sink_mm,42,540,,,,,,,0.2486126571893692,,,
y42h0pwu,N_sink_mm,42,541,,,,,,,0.27328190207481384,,,
y42h0pwu,N_sink_mm,42,542,,,,,,,0.26806455850601196,,,
y42h0pwu,N_sink_mm,42,543,,,,,,,0.288664311170578,,,
y42h0pwu,N_sink_mm,42,544,,,,,,,0.26030877232551575,,,
y42h0pwu,N_sink_mm,42,545,,,,,,,0.2592606842517853,,,
y42h0pwu,N_sink_mm,42,546,,,,,,,0.28028392791748047,,,
y42h0pwu,N_sink_mm,42,547,,,,,,,0.30090972781181335,,,
y42h0pwu,N_sink_mm,42,548,,,,,,,0.24313706159591675,,,
y42h0pwu,N_sink_mm,42,549,,,,,,,0.2596307396888733,,,
y42h0pwu,N_sink_mm,42,550,,,,,,,0.20806393027305603,,,
y42h0pwu,N_sink_mm,42,551,,,,,,,0.25510072708129883,,,
y42h0pwu,N_sink_mm,42,552,,,,,,,0.2684836983680725,,,
y42h0pwu,N_sink_mm,42,553,,,,,,,0.23156949877738953,,,
y42h0pwu,N_sink_mm,42,554,,,,,,,0.2388315051794052,,,
y42h0pwu,N_sink_mm,42,555,,,,,,,0.26692095398902893,,,
y42h0pwu,N_sink_mm,42,556,,,,,,,0.2701502740383148,,,
y42h0pwu,N_sink_mm,42,557,,,,,,,0.255036860704422,,,
y42h0pwu,N_sink_mm,42,558,,,,,,,0.32971444725990295,,,
y42h0pwu,N_sink_mm,42,559,,,,,,,0.2667219340801239,,,
y42h0pwu,N_sink_mm,42,560,,,,,,,0.26597192883491516,,,
y42h0pwu,N_sink_mm,42,561,,,,,,,0.21479268372058868,,,
y42h0pwu,N_sink_mm,42,562,,,,,,,0.23260965943336487,,,
y42h0pwu,N_sink_mm,42,563,,,,,,,0.24946244060993195,,,
y42h0pwu,N_sink_mm,42,564,,,,,,,0.27271193265914917,,,
y42h0pwu,N_sink_mm,42,565,,,,,,,0.2489357590675354,,,
y42h0pwu,N_sink_mm,42,566,,,,,,,0.27003729343414307,,,
y42h0pwu,N_sink_mm,42,567,,,,,,,0.23651288449764252,,,
y42h0pwu,N_sink_mm,42,568,,,,,,,0.2397649735212326,,,
y42h0pwu,N_sink_mm,42,569,,,,,,,0.2692873179912567,,,
y42h0pwu,N_sink_mm,42,570,,,,,,,0.2509291172027588,,,
y42h0pwu,N_sink_mm,42,571,,,,,,,0.2430533468723297,,,
y42h0pwu,N_sink_mm,42,572,,,,,,,0.2326495498418808,,,
y42h0pwu,N_sink_mm,42,573,,,,,,,0.24698607623577118,,,
y42h0pwu,N_sink_mm,42,574,,,,,,,0.23550626635551453,,,
y42h0pwu,N_sink_mm,42,575,,,,,,,0.2536231279373169,,,
y42h0pwu,N_sink_mm,42,576,,,,,,,0.2575139105319977,,,
y42h0pwu,N_sink_mm,42,577,,,,,,,0.21190345287322998,,,
y42h0pwu,N_sink_mm,42,578,,,,,,,0.2558535635471344,,,
y42h0pwu,N_sink_mm,42,579,,,,,,,0.26906895637512207,,,
y42h0pwu,N_sink_mm,42,580,,,,,,,0.2713567614555359,,,
y42h0pwu,N_sink_mm,42,581,,,,,,,0.23483885824680328,,,
y42h0pwu,N_sink_mm,42,582,,,,,,,0.27825018763542175,,,
y42h0pwu,N_sink_mm,42,583,,,,,,,0.24266020953655243,,,
y42h0pwu,N_sink_mm,42,584,,,,,,,0.2423103302717209,,,
y42h0pwu,N_sink_mm,42,585,,,,,,,0.23141992092132568,,,
y42h0pwu,N_sink_mm,42,586,,,,,,,0.22801001369953156,,,
y42h0pwu,N_sink_mm,42,587,,,,,,,0.26376286149024963,,,
y42h0pwu,N_sink_mm,42,588,,,,,,,0.2502973973751068,,,
y42h0pwu,N_sink_mm,42,589,,,,,,,0.23929940164089203,,,
y42h0pwu,N_sink_mm,42,590,,,,,,,0.23215314745903015,,,
y42h0pwu,N_sink_mm,42,591,,,,,,,0.24156883358955383,,,
y42h0pwu,N_sink_mm,42,592,,,,,,,0.2658692002296448,,,
y42h0pwu,N_sink_mm,42,593,,,,,,,0.25894224643707275,,,
y42h0pwu,N_sink_mm,42,594,,,,,,,0.27515843510627747,,,
y42h0pwu,N_sink_mm,42,595,,,,,,,0.279430091381073,,,
y42h0pwu,N_sink_mm,42,596,,,,,,,0.23138338327407837,,,
y42h0pwu,N_sink_mm,42,597,,,,,,,0.238926962018013,,,
y42h0pwu,N_sink_mm,42,598,,,,,,,0.25335097312927246,,,
y42h0pwu,N_sink_mm,42,599,,,,,,,0.26711419224739075,,,
y42h0pwu,N_sink_mm,42,600,,,,,,,0.271295964717865,,,
y42h0pwu,N_sink_mm,42,601,,,,,,,0.2292148321866989,,,
y42h0pwu,N_sink_mm,42,602,,,,,,,0.24422475695610046,,,
y42h0pwu,N_sink_mm,42,603,,,,,,,0.21931549906730652,,,
y42h0pwu,N_sink_mm,42,604,,,,,,,0.2361399233341217,,,
y42h0pwu,N_sink_mm,42,605,,,,,,,0.2323656976222992,,,
y42h0pwu,N_sink_mm,42,606,,,,,,,0.2673778831958771,,,
y42h0pwu,N_sink_mm,42,607,,,,,,,0.2427462488412857,,,
y42h0pwu,N_sink_mm,42,608,,,,,,,0.26178136467933655,,,
y42h0pwu,N_sink_mm,42,609,,,,,,,0.28462716937065125,,,
y42h0pwu,N_sink_mm,42,610,,,,,,,0.22329771518707275,,,
y42h0pwu,N_sink_mm,42,611,,,,,,,0.22960208356380463,,,
y42h0pwu,N_sink_mm,42,612,,,,,,,0.24118869006633759,,,
y42h0pwu,N_sink_mm,42,613,,,,,,,0.29456740617752075,,,
y42h0pwu,N_sink_mm,42,614,,,,,,,0.23552854359149933,,,
y42h0pwu,N_sink_mm,42,615,,,,,,,0.2565322816371918,,,
y42h0pwu,N_sink_mm,42,616,,,,,,,0.251663476228714,,,
y42h0pwu,N_sink_mm,42,617,,,,,,,0.24143733084201813,,,
y42h0pwu,N_sink_mm,42,618,,,,,,,0.23885485529899597,,,
y42h0pwu,N_sink_mm,42,619,,,,,,,0.23393800854682922,,,
y42h0pwu,N_sink_mm,42,620,,,,,,,0.2293529361486435,,,
y42h0pwu,N_sink_mm,42,621,,,,,,,0.2560645639896393,,,
y42h0pwu,N_sink_mm,42,622,,,,,,,0.2573357820510864,,,
y42h0pwu,N_sink_mm,42,623,,,,,,,0.22984068095684052,,,
y42h0pwu,N_sink_mm,42,624,,,,,,,0.22824734449386597,,,
y42h0pwu,N_sink_mm,42,625,,,,,,,0.25489816069602966,,,
y42h0pwu,N_sink_mm,42,626,,,,,,,0.24681568145751953,,,
y42h0pwu,N_sink_mm,42,627,,,,,,,0.2688906788825989,,,
y42h0pwu,N_sink_mm,42,628,,,,,,,0.24997244775295258,,,
y42h0pwu,N_sink_mm,42,629,,,,,,,0.2710022032260895,,,
y42h0pwu,N_sink_mm,42,630,,,,,,,0.2319532036781311,,,
y42h0pwu,N_sink_mm,42,631,,,,,,,0.24332860112190247,,,
y42h0pwu,N_sink_mm,42,632,,,,,,,0.24298043549060822,,,
y42h0pwu,N_sink_mm,42,633,,,,,,,0.24970263242721558,,,
y42h0pwu,N_sink_mm,42,634,,,,,,,0.23216572403907776,,,
y42h0pwu,N_sink_mm,42,635,,,,,,,0.2583056390285492,,,
y42h0pwu,N_sink_mm,42,636,,,,,,,0.24667397141456604,,,
y42h0pwu,N_sink_mm,42,637,,,,,,,0.25555241107940674,,,
y42h0pwu,N_sink_mm,42,638,,,,,,,0.3049970269203186,,,
y42h0pwu,N_sink_mm,42,639,,,,,,,0.25314000248908997,,,
y42h0pwu,N_sink_mm,42,640,,,,,,,0.24362915754318237,,,
y42h0pwu,N_sink_mm,42,641,,,,,,,0.24589890241622925,,,
y42h0pwu,N_sink_mm,42,642,,,,,,,0.20705321431159973,,,
y42h0pwu,N_sink_mm,42,643,,,,,,,0.2529762089252472,,,
y42h0pwu,N_sink_mm,42,644,,,,,,,0.2642696797847748,,,
y42h0pwu,N_sink_mm,42,645,,,,,,,0.2247704267501831,,,
y42h0pwu,N_sink_mm,42,646,,,,,,,0.2381289303302765,,,
y42h0pwu,N_sink_mm,42,647,,,,,,,0.23060306906700134,,,
y42h0pwu,N_sink_mm,42,648,,,,,,,0.25095006823539734,,,
y42h0pwu,N_sink_mm,42,649,,,,,,,0.2601066529750824,,,
y42h0pwu,N_sink_mm,42,650,,,,,,,0.24865999817848206,,,
y42h0pwu,N_sink_mm,42,651,,,,,,,0.2472611963748932,,,
y42h0pwu,N_sink_mm,42,652,,,,,,,0.22401076555252075,,,
y42h0pwu,N_sink_mm,42,653,,,,,,,0.23924806714057922,,,
y42h0pwu,N_sink_mm,42,654,,,,,,,0.25697821378707886,,,
y42h0pwu,N_sink_mm,42,655,,,,,,,0.25462305545806885,,,
y42h0pwu,N_sink_mm,42,656,,,,,,,0.2249017208814621,,,
y42h0pwu,N_sink_mm,42,657,,,,,,,0.2432277649641037,,,
y42h0pwu,N_sink_mm,42,658,,,,,,,0.2530912756919861,,,
y42h0pwu,N_sink_mm,42,659,,,,,,,0.23289188742637634,,,
y42h0pwu,N_sink_mm,42,660,,,,,,,0.25138339400291443,,,
y42h0pwu,N_sink_mm,42,661,,,,,,,0.29194068908691406,,,
y42h0pwu,N_sink_mm,42,662,,,,,,,0.23761580884456635,,,
y42h0pwu,N_sink_mm,42,663,,,,,,,0.23761580884456635,,,
y42h0pwu,N_sink_mm,42,664,,,,,,,0.26160621643066406,,,
y42h0pwu,N_sink_mm,42,665,,,,,,,0.21761304140090942,,,
y42h0pwu,N_sink_mm,42,666,,,,,,,0.22749601304531097,,,
y42h0pwu,N_sink_mm,42,667,,,,,,,0.24996784329414368,,,
y42h0pwu,N_sink_mm,42,668,,,,,,,0.2570536732673645,,,
y42h0pwu,N_sink_mm,42,669,,,,,,,0.2565467357635498,,,
y42h0pwu,N_sink_mm,42,670,,,,,,,0.24865512549877167,,,
y42h0pwu,N_sink_mm,42,671,,,,,,,0.23785774409770966,,,
y42h0pwu,N_sink_mm,42,672,,,,,,,0.24357452988624573,,,
y42h0pwu,N_sink_mm,42,673,,,,,,,0.22931437194347382,,,
y42h0pwu,N_sink_mm,42,674,,,,,,,0.2383279651403427,,,
y42h0pwu,N_sink_mm,42,675,,,,,,,0.33935025334358215,,,
y42h0pwu,N_sink_mm,42,676,,,,,,,0.2280350923538208,,,
y42h0pwu,N_sink_mm,42,677,,,,,,,0.24726805090904236,,,
y42h0pwu,N_sink_mm,42,678,,,,,,,0.25971677899360657,,,
y42h0pwu,N_sink_mm,42,679,,,,,,,0.23006534576416016,,,
y42h0pwu,N_sink_mm,42,680,,,,,,,0.24452519416809082,,,
y42h0pwu,N_sink_mm,42,681,,,,,,,0.2484489232301712,,,
y42h0pwu,N_sink_mm,42,682,,,,,,,0.2945007085800171,,,
y42h0pwu,N_sink_mm,42,683,,,,,,,0.29622888565063477,,,
y42h0pwu,N_sink_mm,42,684,,,,,,,0.22808028757572174,,,
y42h0pwu,N_sink_mm,42,685,,,,,,,0.2486366629600525,,,
y42h0pwu,N_sink_mm,42,686,,,,,,,0.23920153081417084,,,
y42h0pwu,N_sink_mm,42,687,,,,,,,0.24291206896305084,,,
y42h0pwu,N_sink_mm,42,688,,,,,,,0.2371051013469696,,,
y42h0pwu,N_sink_mm,42,689,,,,,,,0.22021369636058807,,,
y42h0pwu,N_sink_mm,42,690,,,,,,,0.2412228137254715,,,
y42h0pwu,N_sink_mm,42,691,,,,,,,0.25616398453712463,,,
y42h0pwu,N_sink_mm,42,692,,,,,,,0.2310609221458435,,,
y42h0pwu,N_sink_mm,42,693,,,,,,,0.22186951339244843,,,
y42h0pwu,N_sink_mm,42,694,,,,,,,0.2778467535972595,,,
y42h0pwu,N_sink_mm,42,695,,,,,,,0.24747426807880402,,,
y42h0pwu,N_sink_mm,42,696,,,,,,,0.264549195766449,,,
y42h0pwu,N_sink_mm,42,697,,,,,,,0.25064003467559814,,,
y42h0pwu,N_sink_mm,42,698,,,,,,,0.21916113793849945,,,
y42h0pwu,N_sink_mm,42,699,,,,,,,0.27123239636421204,,,
y42h0pwu,N_sink_mm,42,700,,,,,,,0.25022774934768677,,,
y42h0pwu,N_sink_mm,42,701,,,,,,,0.281436026096344,,,
y42h0pwu,N_sink_mm,42,702,,,,,,,0.28177762031555176,,,
y42h0pwu,N_sink_mm,42,703,,,,,,,0.24507005512714386,,,
y42h0pwu,N_sink_mm,42,704,,,,,,,0.28797730803489685,,,
y42h0pwu,N_sink_mm,42,705,,,,,,,0.267217755317688,,,
y42h0pwu,N_sink_mm,42,706,,,,,,,0.2541416883468628,,,
y42h0pwu,N_sink_mm,42,707,,,,,,,0.23244960606098175,,,
y42h0pwu,N_sink_mm,42,708,,,,,,,0.2206040322780609,,,
y42h0pwu,N_sink_mm,42,709,,,,,,,0.2510083019733429,,,
y42h0pwu,N_sink_mm,42,710,,,,,,,0.2933110296726227,,,
y42h0pwu,N_sink_mm,42,711,,,,,,,0.2204081118106842,,,
y42h0pwu,N_sink_mm,42,712,,,,,,,0.2205670028924942,,,
y42h0pwu,N_sink_mm,42,713,,,,,,,0.24798806011676788,,,
y42h0pwu,N_sink_mm,42,714,,,,,,,0.3012567162513733,,,
y42h0pwu,N_sink_mm,42,715,,,,,,,0.2378140538930893,,,
y42h0pwu,N_sink_mm,42,716,,,,,,,0.24463443458080292,,,
y42h0pwu,N_sink_mm,42,717,,,,,,,0.22373168170452118,,,
y42h0pwu,N_sink_mm,42,718,,,,,,,0.2389441579580307,,,
y42h0pwu,N_sink_mm,42,719,,,,,,,0.2509087324142456,,,
y42h0pwu,N_sink_mm,42,720,,,,,,,0.28055447340011597,,,
y42h0pwu,N_sink_mm,42,721,,,,,,,0.2687641978263855,,,
y42h0pwu,N_sink_mm,42,722,,,,,,,0.2216133028268814,,,
y42h0pwu,N_sink_mm,42,723,,,,,,,0.2291940450668335,,,
y42h0pwu,N_sink_mm,42,724,,,,,,,0.2645191550254822,,,
y42h0pwu,N_sink_mm,42,725,,,,,,,0.2526504695415497,,,
y42h0pwu,N_sink_mm,42,726,,,,,,,0.22515371441841125,,,
y42h0pwu,N_sink_mm,42,727,,,,,,,0.22238773107528687,,,
y42h0pwu,N_sink_mm,42,728,,,,,,,0.23557934165000916,,,
y42h0pwu,N_sink_mm,42,729,,,,,,,0.23458807170391083,,,
y42h0pwu,N_sink_mm,42,730,,,,,,,0.22481776773929596,,,
y42h0pwu,N_sink_mm,42,731,,,,,,,0.3044120967388153,,,
y42h0pwu,N_sink_mm,42,732,,,,,,,0.24597859382629395,,,
y42h0pwu,N_sink_mm,42,733,,,,,,,0.24752956628799438,,,
y42h0pwu,N_sink_mm,42,734,,,,,,,0.2261178195476532,,,
y42h0pwu,N_sink_mm,42,735,,,,,,,0.24548791348934174,,,
y42h0pwu,N_sink_mm,42,736,,,,,,,0.2648757994174957,,,
y42h0pwu,N_sink_mm,42,737,,,,,,,0.27713483572006226,,,
y42h0pwu,N_sink_mm,42,738,,,,,,,0.23137378692626953,,,
y42h0pwu,N_sink_mm,42,739,,,,,,,0.2275886833667755,,,
y42h0pwu,N_sink_mm,42,740,,,,,,,0.262769490480423,,,
y42h0pwu,N_sink_mm,42,741,,,,,,,0.23146934807300568,,,
y42h0pwu,N_sink_mm,42,742,,,,,,,0.27122607827186584,,,
y42h0pwu,N_sink_mm,42,743,,,,,,,0.24530456960201263,,,
y42h0pwu,N_sink_mm,42,744,,,,,,,0.22903099656105042,,,
y42h0pwu,N_sink_mm,42,745,,,,,,,0.22265928983688354,,,
y42h0pwu,N_sink_mm,42,746,,,,,,,0.25003087520599365,,,
y42h0pwu,N_sink_mm,42,747,,,,,,,0.27369722723960876,,,
y42h0pwu,N_sink_mm,42,748,,,,,,,0.25494125485420227,,,
y42h0pwu,N_sink_mm,42,749,,,,,,,0.2526967227458954,,,
y42h0pwu,N_sink_mm,42,750,,,,,,,0.2466818392276764,,,
y42h0pwu,N_sink_mm,42,751,,,,,,,0.22945980727672577,,,
y42h0pwu,N_sink_mm,42,752,,,,,,,0.2301793098449707,,,
y42h0pwu,N_sink_mm,42,753,,,,,,,0.23502779006958008,,,
y42h0pwu,N_sink_mm,42,754,,,,,,,0.27916285395622253,,,
y42h0pwu,N_sink_mm,42,755,,,,,,,0.25946903228759766,,,
y42h0pwu,N_sink_mm,42,756,,,,,,,0.2717459499835968,,,
y42h0pwu,N_sink_mm,42,757,,,,,,,0.23103131353855133,,,
y42h0pwu,N_sink_mm,42,758,,,,,,,0.24861495196819305,,,
y42h0pwu,N_sink_mm,42,759,,,,,,,0.2594887614250183,,,
y42h0pwu,N_sink_mm,42,760,,,,,,,0.2421388179063797,,,
y42h0pwu,N_sink_mm,42,761,,,,,,,0.24325820803642273,,,
y42h0pwu,N_sink_mm,42,762,,,,,,,0.2352183610200882,,,
y42h0pwu,N_sink_mm,42,763,,,,,,,0.2510662376880646,,,
y42h0pwu,N_sink_mm,42,764,,,,,,,0.23188139498233795,,,
y42h0pwu,N_sink_mm,42,765,,,,,,,0.2644128203392029,,,
y42h0pwu,N_sink_mm,42,766,,,,,,,0.25089162588119507,,,
y42h0pwu,N_sink_mm,42,767,,,,,,,0.2540854513645172,,,
y42h0pwu,N_sink_mm,42,768,,,,,,,0.23911763727664948,,,
y42h0pwu,N_sink_mm,42,769,,,,,,,0.23699380457401276,,,
y42h0pwu,N_sink_mm,42,770,,,,,,,0.2534209191799164,,,
y42h0pwu,N_sink_mm,42,771,,,,,,,0.23058739304542542,,,
y42h0pwu,N_sink_mm,42,772,,,,,,,0.26650068163871765,,,
y42h0pwu,N_sink_mm,42,773,,,,,,,0.2669500708580017,,,
y42h0pwu,N_sink_mm,42,774,,,,,,,0.3277188241481781,,,
y42h0pwu,N_sink_mm,42,775,,,,,,,0.2410261183977127,,,
y42h0pwu,N_sink_mm,42,776,,,,,,,0.22165623307228088,,,
y42h0pwu,N_sink_mm,42,777,,,,,,,0.23206712305545807,,,
y42h0pwu,N_sink_mm,42,778,,,,,,,0.26375651359558105,,,
y42h0pwu,N_sink_mm,42,779,,,,,,,0.21470272541046143,,,
y42h0pwu,N_sink_mm,42,780,,,,,,,0.25958266854286194,,,
y42h0pwu,N_sink_mm,42,781,,,,,,,0.2299194037914276,,,
y42h0pwu,N_sink_mm,42,782,,,,,,,0.26467713713645935,,,
y42h0pwu,N_sink_mm,42,783,,,,,,,0.2722880244255066,,,
y42h0pwu,N_sink_mm,42,784,,,,,,,0.24087893962860107,,,
y42h0pwu,N_sink_mm,42,785,,,,,,,0.26380395889282227,,,
y42h0pwu,N_sink_mm,42,786,,,,,,,0.2862931787967682,,,
y42h0pwu,N_sink_mm,42,787,,,,,,,0.2381698042154312,,,
y42h0pwu,N_sink_mm,42,788,,,,,,,0.23111185431480408,,,
y42h0pwu,N_sink_mm,42,789,,,,,,,0.24337981641292572,,,
y42h0pwu,N_sink_mm,42,790,,,,,,,0.24516262114048004,,,
y42h0pwu,N_sink_mm,42,791,,,,,,,0.23343032598495483,,,
y42h0pwu,N_sink_mm,42,792,,,,,,,0.27624669671058655,,,
y42h0pwu,N_sink_mm,42,793,,,,,,,0.24092796444892883,,,
y42h0pwu,N_sink_mm,42,794,,,,,,,0.23156768083572388,,,
y42h0pwu,N_sink_mm,42,795,,,,,,,0.26768016815185547,,,
y42h0pwu,N_sink_mm,42,796,,,,,,,0.24648377299308777,,,
y42h0pwu,N_sink_mm,42,797,,,,,,,0.2518598139286041,,,
y42h0pwu,N_sink_mm,42,798,,,,,,,0.24966970086097717,,,
y42h0pwu,N_sink_mm,42,799,,,,,,,0.25434184074401855,,,
y42h0pwu,N_sink_mm,42,800,,,,,,,0.2344782054424286,,,
y42h0pwu,N_sink_mm,42,801,,,,,,,0.24152222275733948,,,
y42h0pwu,N_sink_mm,42,802,,,,,,,0.2240491509437561,,,
y42h0pwu,N_sink_mm,42,803,,,,,,,0.2577172517776489,,,
y42h0pwu,N_sink_mm,42,804,,,,,,,0.2698710262775421,,,
y42h0pwu,N_sink_mm,42,805,,,,,,,0.27831506729125977,,,
y42h0pwu,N_sink_mm,42,806,,,,,,,0.21678532660007477,,,
y42h0pwu,N_sink_mm,42,807,,,,,,,0.2420986443758011,,,
y42h0pwu,N_sink_mm,42,808,,,,,,,0.26022836565971375,,,
y42h0pwu,N_sink_mm,42,809,,,,,,,0.24666659533977509,,,
y42h0pwu,N_sink_mm,42,810,,,,,,,0.2534344494342804,,,
y42h0pwu,N_sink_mm,42,811,,,,,,,0.2901754379272461,,,
y42h0pwu,N_sink_mm,42,812,,,,,,,0.2786405384540558,,,
y42h0pwu,N_sink_mm,42,813,,,,,,,0.250670850276947,,,
y42h0pwu,N_sink_mm,42,814,,,,,,,0.26831933856010437,,,
y42h0pwu,N_sink_mm,42,815,,,,,,,0.27981486916542053,,,
y42h0pwu,N_sink_mm,42,816,,,,,,,0.23507575690746307,,,
y42h0pwu,N_sink_mm,42,817,,,,,,,0.217436745762825,,,
y42h0pwu,N_sink_mm,42,818,,,,,,,0.24061088263988495,,,
y42h0pwu,N_sink_mm,42,819,,,,,,,0.23256753385066986,,,
y42h0pwu,N_sink_mm,42,820,,,,,,,0.20877866446971893,,,
y42h0pwu,N_sink_mm,42,821,,,,,,,0.24667203426361084,,,
y42h0pwu,N_sink_mm,42,822,,,,,,,0.24045462906360626,,,
y42h0pwu,N_sink_mm,42,823,,,,,,,0.2102348804473877,,,
y42h0pwu,N_sink_mm,42,824,,,,,,,0.24877426028251648,,,
y42h0pwu,N_sink_mm,42,825,,,,,,,0.3025347888469696,,,
y42h0pwu,N_sink_mm,42,826,,,,,,,0.262421190738678,,,
y42h0pwu,N_sink_mm,42,827,,,,,,,0.2576219141483307,,,
y42h0pwu,N_sink_mm,42,828,,,,,,,0.2642967402935028,,,
y42h0pwu,N_sink_mm,42,829,,,,,,,0.23837094008922577,,,
y42h0pwu,N_sink_mm,42,830,,,,,,,0.24309687316417694,,,
y42h0pwu,N_sink_mm,42,831,,,,,,,0.23886168003082275,,,
y42h0pwu,N_sink_mm,42,832,,,,,,,0.23816849291324615,,,
y42h0pwu,N_sink_mm,42,833,,,,,,,0.24966269731521606,,,
y42h0pwu,N_sink_mm,42,834,,,,,,,0.25282418727874756,,,
y42h0pwu,N_sink_mm,42,835,,,,,,,0.24756237864494324,,,
y42h0pwu,N_sink_mm,42,836,,,,,,,0.2575613558292389,,,
y42h0pwu,N_sink_mm,42,837,,,,,,,0.21395888924598694,,,
y42h0pwu,N_sink_mm,42,838,,,,,,,0.250834584236145,,,
y42h0pwu,N_sink_mm,42,839,,,,,,,0.24177631735801697,,,
y42h0pwu,N_sink_mm,42,840,,,,,,,0.22981691360473633,,,
y42h0pwu,N_sink_mm,42,841,,,,,,,0.2652764618396759,,,
y42h0pwu,N_sink_mm,42,842,,,,,,,0.24275970458984375,,,
y42h0pwu,N_sink_mm,42,843,,,,,,,0.23598305881023407,,,
y42h0pwu,N_sink_mm,42,844,,,,,,,0.2541053295135498,,,
y42h0pwu,N_sink_mm,42,845,,,,,,,0.26812463998794556,,,
y42h0pwu,N_sink_mm,42,846,,,,,,,0.2384960651397705,,,
y42h0pwu,N_sink_mm,42,847,,,,,,,0.27433136105537415,,,
y42h0pwu,N_sink_mm,42,848,,,,,,,0.2401050180196762,,,
y42h0pwu,N_sink_mm,42,849,,,,,,,0.235078826546669,,,
y42h0pwu,N_sink_mm,42,850,,,,,,,0.2378392219543457,,,
y42h0pwu,N_sink_mm,42,851,,,,,,,0.26829972863197327,,,
y42h0pwu,N_sink_mm,42,852,,,,,,,0.24765653908252716,,,
y42h0pwu,N_sink_mm,42,853,,,,,,,0.2675139307975769,,,
y42h0pwu,N_sink_mm,42,854,,,,,,,0.2133561074733734,,,
y42h0pwu,N_sink_mm,42,855,,,,,,,0.29472485184669495,,,
y42h0pwu,N_sink_mm,42,856,,,,,,,0.2707570493221283,,,
y42h0pwu,N_sink_mm,42,857,,,,,,,0.2268466204404831,,,
y42h0pwu,N_sink_mm,42,858,,,,,,,0.2751435339450836,,,
y42h0pwu,N_sink_mm,42,859,,,,,,,0.2347564399242401,,,
y42h0pwu,N_sink_mm,42,860,,,,,,,0.2304566353559494,,,
y42h0pwu,N_sink_mm,42,861,,,,,,,0.2583044171333313,,,
y42h0pwu,N_sink_mm,42,862,,,,,,,0.27654725313186646,,,
y42h0pwu,N_sink_mm,42,863,,,,,,,0.21861085295677185,,,
y42h0pwu,N_sink_mm,42,864,,,,,,,0.26130250096321106,,,
y42h0pwu,N_sink_mm,42,865,,,,,,,0.2659244239330292,,,
y42h0pwu,N_sink_mm,42,866,,,,,,,0.2819094955921173,,,
y42h0pwu,N_sink_mm,42,867,,,,,,,0.23647993803024292,,,
y42h0pwu,N_sink_mm,42,868,,,,,,,0.2250366359949112,,,
y42h0pwu,N_sink_mm,42,869,,,,,,,0.23483170568943024,,,
y42h0pwu,N_sink_mm,42,870,,,,,,,0.2419642060995102,,,
y42h0pwu,N_sink_mm,42,871,,,,,,,0.24890784919261932,,,
y42h0pwu,N_sink_mm,42,872,,,,,,,0.26912352442741394,,,
y42h0pwu,N_sink_mm,42,873,,,,,,,0.23873542249202728,,,
y42h0pwu,N_sink_mm,42,874,,,,,,,0.2611548602581024,,,
y42h0pwu,N_sink_mm,42,875,,,,,,,0.23534142971038818,,,
y42h0pwu,N_sink_mm,42,876,,,,,,,0.2718468904495239,,,
y42h0pwu,N_sink_mm,42,877,,,,,,,0.24322789907455444,,,
y42h0pwu,N_sink_mm,42,878,,,,,,,0.2334682047367096,,,
y42h0pwu,N_sink_mm,42,879,,,,,,,0.24085426330566406,,,
y42h0pwu,N_sink_mm,42,880,,,,,,,0.267147958278656,,,
y42h0pwu,N_sink_mm,42,881,,,,,,,0.22439609467983246,,,
y42h0pwu,N_sink_mm,42,882,,,,,,,0.2476925104856491,,,
y42h0pwu,N_sink_mm,42,883,,,,,,,0.23586195707321167,,,
y42h0pwu,N_sink_mm,42,884,,,,,,,0.25353848934173584,,,
y42h0pwu,N_sink_mm,42,885,,,,,,,0.2622697949409485,,,
y42h0pwu,N_sink_mm,42,886,,,,,,,0.26446428894996643,,,
y42h0pwu,N_sink_mm,42,887,,,,,,,0.2761489748954773,,,
y42h0pwu,N_sink_mm,42,888,,,,,,,0.249512180685997,,,
y42h0pwu,N_sink_mm,42,889,,,,,,,0.27017396688461304,,,
y42h0pwu,N_sink_mm,42,890,,,,,,,0.20646150410175323,,,
y42h0pwu,N_sink_mm,42,891,,,,,,,0.2599615156650543,,,
y42h0pwu,N_sink_mm,42,892,,,,,,,0.2347910851240158,,,
y42h0pwu,N_sink_mm,42,893,,,,,,,0.23030170798301697,,,
y42h0pwu,N_sink_mm,42,894,,,,,,,0.23699986934661865,,,
y42h0pwu,N_sink_mm,42,895,,,,,,,0.24604307115077972,,,
y42h0pwu,N_sink_mm,42,896,,,,,,,0.22363199293613434,,,
y42h0pwu,N_sink_mm,42,897,,,,,,,0.24681712687015533,,,
y42h0pwu,N_sink_mm,42,898,,,,,,,0.26805174350738525,,,
y42h0pwu,N_sink_mm,42,899,,,,,,,0.24315442144870758,,,
y42h0pwu,N_sink_mm,42,900,,,,,,,0.21715538203716278,,,
y42h0pwu,N_sink_mm,42,901,,,,,,,0.24917517602443695,,,
y42h0pwu,N_sink_mm,42,902,,,,,,,0.21711115539073944,,,
y42h0pwu,N_sink_mm,42,903,,,,,,,0.24101880192756653,,,
y42h0pwu,N_sink_mm,42,904,,,,,,,0.2769204080104828,,,
y42h0pwu,N_sink_mm,42,905,,,,,,,0.26416540145874023,,,
y42h0pwu,N_sink_mm,42,906,,,,,,,0.22020691633224487,,,
y42h0pwu,N_sink_mm,42,907,,,,,,,0.23867225646972656,,,
y42h0pwu,N_sink_mm,42,908,,,,,,,0.2973083257675171,,,
y42h0pwu,N_sink_mm,42,909,,,,,,,0.27085915207862854,,,
y42h0pwu,N_sink_mm,42,910,,,,,,,0.22306044399738312,,,
y42h0pwu,N_sink_mm,42,911,,,,,,,0.24609602987766266,,,
y42h0pwu,N_sink_mm,42,912,,,,,,,0.2244517058134079,,,
y42h0pwu,N_sink_mm,42,913,,,,,,,0.21689137816429138,,,
y42h0pwu,N_sink_mm,42,914,,,,,,,0.25827622413635254,,,
y42h0pwu,N_sink_mm,42,915,,,,,,,0.25349941849708557,,,
y42h0pwu,N_sink_mm,42,916,,,,,,,0.2586589455604553,,,
y42h0pwu,N_sink_mm,42,917,,,,,,,0.2296685427427292,,,
y42h0pwu,N_sink_mm,42,918,,,,,,,0.21986763179302216,,,
y42h0pwu,N_sink_mm,42,919,,,,,,,0.25682711601257324,,,
y42h0pwu,N_sink_mm,42,920,,,,,,,0.27567869424819946,,,
y42h0pwu,N_sink_mm,42,921,,,,,,,0.2707282304763794,,,
y42h0pwu,N_sink_mm,42,922,,,,,,,0.23951861262321472,,,
y42h0pwu,N_sink_mm,42,923,,,,,,,0.2342764288187027,,,
y42h0pwu,N_sink_mm,42,924,,,,,,,0.2360316812992096,,,
y42h0pwu,N_sink_mm,42,925,,,,,,,0.25591108202934265,,,
y42h0pwu,N_sink_mm,42,926,,,,,,,0.24552786350250244,,,
y42h0pwu,N_sink_mm,42,927,,,,,,,0.25425025820732117,,,
y42h0pwu,N_sink_mm,42,928,,,,,,,0.22387757897377014,,,
y42h0pwu,N_sink_mm,42,929,,,,,,,0.23598116636276245,,,
y42h0pwu,N_sink_mm,42,930,,,,,,,0.24522370100021362,,,
y42h0pwu,N_sink_mm,42,931,,,,,,,0.19704802334308624,,,
y42h0pwu,N_sink_mm,42,932,,,,,,,0.23683716356754303,,,
y42h0pwu,N_sink_mm,42,933,,,,,,,0.22758112847805023,,,
y42h0pwu,N_sink_mm,42,934,,,,,,,0.24805769324302673,,,
y42h0pwu,N_sink_mm,42,935,,,,,,,0.25681987404823303,,,
y42h0pwu,N_sink_mm,42,936,,,,,,,0.2402448058128357,,,
y42h0pwu,N_sink_mm,42,937,,,,,,,0.26100701093673706,,,
y42h0pwu,N_sink_mm,42,938,,,,,,,0.2670421600341797,,,
y42h0pwu,N_sink_mm,42,939,,,,,,,0.24438221752643585,,,
y42h0pwu,N_sink_mm,42,940,,,,,,,0.24216103553771973,,,
y42h0pwu,N_sink_mm,42,941,,,,,,,0.2468244731426239,,,
y42h0pwu,N_sink_mm,42,942,,,,,,,0.26533791422843933,,,
y42h0pwu,N_sink_mm,42,943,,,,,,,0.220326229929924,,,
y42h0pwu,N_sink_mm,42,944,,,,,,,0.2435106635093689,,,
y42h0pwu,N_sink_mm,42,945,,,,,,,0.2646382451057434,,,
y42h0pwu,N_sink_mm,42,946,,,,,,,0.2238016426563263,,,
y42h0pwu,N_sink_mm,42,947,,,,,,,0.23431462049484253,,,
y42h0pwu,N_sink_mm,42,948,,,,,,,0.23627692461013794,,,
y42h0pwu,N_sink_mm,42,949,,,,,,,0.25250375270843506,,,
y42h0pwu,N_sink_mm,42,950,,,,,,,0.2455643266439438,,,
y42h0pwu,N_sink_mm,42,951,,,,,,,0.2249341607093811,,,
y42h0pwu,N_sink_mm,42,952,,,,,,,0.22318291664123535,,,
y42h0pwu,N_sink_mm,42,953,,,,,,,0.24391739070415497,,,
y42h0pwu,N_sink_mm,42,954,,,,,,,0.23231934010982513,,,
y42h0pwu,N_sink_mm,42,955,,,,,,,0.2607862055301666,,,
y42h0pwu,N_sink_mm,42,956,,,,,,,0.23862731456756592,,,
y42h0pwu,N_sink_mm,42,957,,,,,,,0.23083148896694183,,,
y42h0pwu,N_sink_mm,42,958,,,,,,,0.23756396770477295,,,
y42h0pwu,N_sink_mm,42,959,,,,,,,0.24135777354240417,,,
y42h0pwu,N_sink_mm,42,960,,,,,,,0.25165390968322754,,,
y42h0pwu,N_sink_mm,42,961,,,,,,,0.24164634943008423,,,
y42h0pwu,N_sink_mm,42,962,,,,,,,0.2781255841255188,,,
y42h0pwu,N_sink_mm,42,963,,,,,,,0.27055731415748596,,,
y42h0pwu,N_sink_mm,42,964,,,,,,,0.21884359419345856,,,
y42h0pwu,N_sink_mm,42,965,,,,,,,0.23753802478313446,,,
y42h0pwu,N_sink_mm,42,966,,,,,,,0.2208106517791748,,,
y42h0pwu,N_sink_mm,42,967,,,,,,,0.22256699204444885,,,
y42h0pwu,N_sink_mm,42,968,,,,,,,0.23988083004951477,,,
y42h0pwu,N_sink_mm,42,969,,,,,,,0.2908031940460205,,,
y42h0pwu,N_sink_mm,42,970,,,,,,,0.23425371944904327,,,
y42h0pwu,N_sink_mm,42,971,,,,,,,0.23452579975128174,,,
y42h0pwu,N_sink_mm,42,972,,,,,,,0.23062917590141296,,,
y42h0pwu,N_sink_mm,42,973,,,,,,,0.26405078172683716,,,
y42h0pwu,N_sink_mm,42,974,,,,,,,0.22659018635749817,,,
y42h0pwu,N_sink_mm,42,975,,,,,,,0.23058061301708221,,,
y42h0pwu,N_sink_mm,42,976,,,,,,,0.26720595359802246,,,
y42h0pwu,N_sink_mm,42,977,,,,,,,0.25671446323394775,,,
y42h0pwu,N_sink_mm,42,978,,,,,,,0.2569020390510559,,,
y42h0pwu,N_sink_mm,42,979,,,,,,,0.2318771481513977,,,
y42h0pwu,N_sink_mm,42,980,,,,,,,0.23455367982387543,,,
y42h0pwu,N_sink_mm,42,981,,,,,,,0.25002533197402954,,,
y42h0pwu,N_sink_mm,42,982,,,,,,,0.2363346815109253,,,
y42h0pwu,N_sink_mm,42,983,,,,,,,0.2365262359380722,,,
y42h0pwu,N_sink_mm,42,984,,,,,,,0.23866046965122223,,,
y42h0pwu,N_sink_mm,42,985,,,,,,,0.24290598928928375,,,
y42h0pwu,N_sink_mm,42,986,,,,,,,0.23574680089950562,,,
y42h0pwu,N_sink_mm,42,987,,,,,,,0.23509153723716736,,,
y42h0pwu,N_sink_mm,42,988,,,,,,,0.2232125848531723,,,
y42h0pwu,N_sink_mm,42,989,,,,,,,0.2774902880191803,,,
y42h0pwu,N_sink_mm,42,990,,,,,,,0.2605852782726288,,,
y42h0pwu,N_sink_mm,42,991,,,,,,,0.23878277838230133,,,
y42h0pwu,N_sink_mm,42,992,,,,,,,0.2719813287258148,,,
y42h0pwu,N_sink_mm,42,993,,,,,,,0.2254895269870758,,,
y42h0pwu,N_sink_mm,42,994,,,,,,,0.2581808269023895,,,
y42h0pwu,N_sink_mm,42,995,,,,,,,0.22391723096370697,,,
y42h0pwu,N_sink_mm,42,996,,,,,,,0.23910214006900787,,,
y42h0pwu,N_sink_mm,42,997,,,,,,,0.26510271430015564,,,
y42h0pwu,N_sink_mm,42,998,,,,,,,0.23137111961841583,,,
y42h0pwu,N_sink_mm,42,999,,,,,,,0.24418170750141144,,,
y42h0pwu,N_sink_mm,42,1000,,,,,,,0.21588343381881714,,,
y42h0pwu,N_sink_mm,42,1001,,,,,,,0.24693070352077484,,,
y42h0pwu,N_sink_mm,42,1002,,,,,,,0.22175438702106476,,,
y42h0pwu,N_sink_mm,42,1003,,,,,,,0.21917828917503357,,,
y42h0pwu,N_sink_mm,42,1004,,,,,,,0.23725877702236176,,,
y42h0pwu,N_sink_mm,42,1005,,,,,,,0.2355923056602478,,,
y42h0pwu,N_sink_mm,42,1006,,,,,,,0.2536810636520386,,,
y42h0pwu,N_sink_mm,42,1007,,,,,,,0.24359072744846344,,,
y42h0pwu,N_sink_mm,42,1008,,,,,,,0.23412275314331055,,,
y42h0pwu,N_sink_mm,42,1009,,,,,,,0.24708053469657898,,,
y42h0pwu,N_sink_mm,42,1010,,,,,,,0.22270599007606506,,,
y42h0pwu,N_sink_mm,42,1011,,,,,,,0.21466965973377228,,,
y42h0pwu,N_sink_mm,42,1012,,,,,,,0.27528151869773865,,,
y42h0pwu,N_sink_mm,42,1013,,,,,,,0.22563022375106812,,,
y42h0pwu,N_sink_mm,42,1014,,,,,,,0.2226298302412033,,,
y42h0pwu,N_sink_mm,42,1015,,,,,,,0.2201744168996811,,,
y42h0pwu,N_sink_mm,42,1016,,,,,,,0.23760250210762024,,,
y42h0pwu,N_sink_mm,42,1017,,,,,,,0.2446466088294983,,,
y42h0pwu,N_sink_mm,42,1018,,,,,,,0.2317439764738083,,,
y42h0pwu,N_sink_mm,42,1019,,,,,,,0.2364041954278946,,,
y42h0pwu,N_sink_mm,42,1020,,,,,,,0.23604267835617065,,,
y42h0pwu,N_sink_mm,42,1021,,,,,,,0.2602233588695526,,,
y42h0pwu,N_sink_mm,42,1022,,,,,,,0.237732395529747,,,
y42h0pwu,N_sink_mm,42,1023,,,,,,,0.26188671588897705,,,
y42h0pwu,N_sink_mm,42,1024,,,,,,,0.2728540301322937,,,
y42h0pwu,N_sink_mm,42,1025,,,,,,,0.21879220008850098,,,
y42h0pwu,N_sink_mm,42,1026,,,,,,,0.2355472445487976,,,
y42h0pwu,N_sink_mm,42,1027,,,,,,,0.22693021595478058,,,
y42h0pwu,N_sink_mm,42,1028,,,,,,,0.2618035078048706,,,
y42h0pwu,N_sink_mm,42,1029,,,,,,,0.2254754900932312,,,
y42h0pwu,N_sink_mm,42,1030,,,,,,,0.3100782632827759,,,
y42h0pwu,N_sink_mm,42,1031,,,,,,,0.24287670850753784,,,
y42h0pwu,N_sink_mm,42,1032,,,,,,,0.22861187160015106,,,
y42h0pwu,N_sink_mm,42,1033,,,,,,,0.2176477015018463,,,
y42h0pwu,N_sink_mm,42,1034,,,,,,,0.22709333896636963,,,
y42h0pwu,N_sink_mm,42,1035,,,,,,,0.21843551099300385,,,
y42h0pwu,N_sink_mm,42,1036,,,,,,,0.2692708373069763,,,
y42h0pwu,N_sink_mm,42,1037,,,,,,,0.26661959290504456,,,
y42h0pwu,N_sink_mm,42,1038,,,,,,,0.21416737139225006,,,
y42h0pwu,N_sink_mm,42,1039,,,,,,,0.2367270290851593,,,
y42h0pwu,N_sink_mm,42,1040,,,,,,,0.23614051938056946,,,
y42h0pwu,N_sink_mm,42,1041,,,,,,,0.22655455768108368,,,
y42h0pwu,N_sink_mm,42,1042,,,,,,,0.2293388396501541,,,
y42h0pwu,N_sink_mm,42,1043,,,,,,,0.24024653434753418,,,
y42h0pwu,N_sink_mm,42,1044,,,,,,,0.22951997816562653,,,
y42h0pwu,N_sink_mm,42,1045,,,,,,,0.24654699862003326,,,
y42h0pwu,N_sink_mm,42,1046,,,,,,,0.21922776103019714,,,
y42h0pwu,N_sink_mm,42,1047,,,,,,,0.2260269820690155,,,
y42h0pwu,N_sink_mm,42,1048,,,,,,,0.2723506987094879,,,
y42h0pwu,N_sink_mm,42,1049,,,,,,,0.26622265577316284,,,
y42h0pwu,N_sink_mm,42,1050,,,,,,,0.26654288172721863,,,
y42h0pwu,N_sink_mm,42,1051,,,,,,,0.22008022665977478,,,
y42h0pwu,N_sink_mm,42,1052,,,,,,,0.2244490087032318,,,
y42h0pwu,N_sink_mm,42,1053,,,,,,,0.2382764220237732,,,
y42h0pwu,N_sink_mm,42,1054,,,,,,,0.25010931491851807,,,
y42h0pwu,N_sink_mm,42,1055,,,,,,,0.23394161462783813,,,
y42h0pwu,N_sink_mm,42,1056,,,,,,,0.23612158000469208,,,
y42h0pwu,N_sink_mm,42,1057,,,,,,,0.24787405133247375,,,
y42h0pwu,N_sink_mm,42,1058,,,,,,,0.2613251507282257,,,
y42h0pwu,N_sink_mm,42,1059,,,,,,,0.21654626727104187,,,
y42h0pwu,N_sink_mm,42,1060,,,,,,,0.25832635164260864,,,
y42h0pwu,N_sink_mm,42,1061,,,,,,,0.23855938017368317,,,
y42h0pwu,N_sink_mm,42,1062,,,,,,,0.2446172684431076,,,
y42h0pwu,N_sink_mm,42,1063,,,,,,,0.22761847078800201,,,
y42h0pwu,N_sink_mm,42,1064,,,,,,,0.2501985728740692,,,
y42h0pwu,N_sink_mm,42,1065,,,,,,,0.23738685250282288,,,
y42h0pwu,N_sink_mm,42,1066,,,,,,,0.24829597771167755,,,
y42h0pwu,N_sink_mm,42,1067,,,,,,,0.23648269474506378,,,
y42h0pwu,N_sink_mm,42,1068,,,,,,,0.25270840525627136,,,
y42h0pwu,N_sink_mm,42,1069,,,,,,,0.20975713431835175,,,
y42h0pwu,N_sink_mm,42,1070,,,,,,,0.22711975872516632,,,
y42h0pwu,N_sink_mm,42,1071,,,,,,,0.2269047051668167,,,
y42h0pwu,N_sink_mm,42,1072,,,,,,,0.23272767663002014,,,
y42h0pwu,N_sink_mm,42,1073,,,,,,,0.23319973051548004,,,
y42h0pwu,N_sink_mm,42,1074,,,,,,,0.28875431418418884,,,
y42h0pwu,N_sink_mm,42,1075,,,,,,,0.24843069911003113,,,
y42h0pwu,N_sink_mm,42,1076,,,,,,,0.2489418089389801,,,
y42h0pwu,N_sink_mm,42,1077,,,,,,,0.24766874313354492,,,
y42h0pwu,N_sink_mm,42,1078,,,,,,,0.23068922758102417,,,
y42h0pwu,N_sink_mm,42,1079,,,,,,,0.23389136791229248,,,
y42h0pwu,N_sink_mm,42,1080,,,,,,,0.22122298181056976,,,
y42h0pwu,N_sink_mm,42,1081,,,,,,,0.2366817146539688,,,
y42h0pwu,N_sink_mm,42,1082,,,,,,,0.2283189743757248,,,
y42h0pwu,N_sink_mm,42,1083,,,,,,,0.25984054803848267,,,
y42h0pwu,N_sink_mm,42,1084,,,,,,,0.22212131321430206,,,
y42h0pwu,N_sink_mm,42,1085,,,,,,,0.21469296514987946,,,
y42h0pwu,N_sink_mm,42,1086,,,,,,,0.23620425164699554,,,
y42h0pwu,N_sink_mm,42,1087,,,,,,,0.2563816010951996,,,
y42h0pwu,N_sink_mm,42,1088,,,,,,,0.2527311146259308,,,
y42h0pwu,N_sink_mm,42,1089,,,,,,,0.23883959650993347,,,
y42h0pwu,N_sink_mm,42,1090,,,,,,,0.24438676238059998,,,
y42h0pwu,N_sink_mm,42,1091,,,,,,,0.23310281336307526,,,
y42h0pwu,N_sink_mm,42,1092,,,,,,,0.24163909256458282,,,
y42h0pwu,N_sink_mm,42,1093,,,,,,,0.23982472717761993,,,
y42h0pwu,N_sink_mm,42,1094,,,,,,,0.2371298372745514,,,
y42h0pwu,N_sink_mm,42,1095,,,,,,,0.21277828514575958,,,
y42h0pwu,N_sink_mm,42,1096,,,,,,,0.23536698520183563,,,
y42h0pwu,N_sink_mm,42,1097,,,,,,,0.2371760755777359,,,
y42h0pwu,N_sink_mm,42,1098,,,,,,,0.22735150158405304,,,
y42h0pwu,N_sink_mm,42,1099,,,,,,,0.24586902558803558,,,
y42h0pwu,N_sink_mm,42,1100,,,,,,,0.2818683981895447,,,
y42h0pwu,N_sink_mm,42,1101,,,,,,,0.21414561569690704,,,
y42h0pwu,N_sink_mm,42,1102,,,,,,,0.25642499327659607,,,
y42h0pwu,N_sink_mm,42,1103,,,,,,,0.22355474531650543,,,
y42h0pwu,N_sink_mm,42,1104,,,,,,,0.2591167986392975,,,
y42h0pwu,N_sink_mm,42,1105,,,,,,,0.24708643555641174,,,
y42h0pwu,N_sink_mm,42,1106,,,,,,,0.2274729162454605,,,
y42h0pwu,N_sink_mm,42,1107,,,,,,,0.2495459020137787,,,
y42h0pwu,N_sink_mm,42,1108,,,,,,,0.24232137203216553,,,
y42h0pwu,N_sink_mm,42,1109,,,,,,,0.21355046331882477,,,
y42h0pwu,N_sink_mm,42,1110,,,,,,,0.22045153379440308,,,
y42h0pwu,N_sink_mm,42,1111,,,,,,,0.22911670804023743,,,
y42h0pwu,N_sink_mm,42,1112,,,,,,,0.2801498770713806,,,
y42h0pwu,N_sink_mm,42,1113,,,,,,,0.2447332888841629,,,
y42h0pwu,N_sink_mm,42,1114,,,,,,,0.25734373927116394,,,
y42h0pwu,N_sink_mm,42,1115,,,,,,,0.2260255068540573,,,
y42h0pwu,N_sink_mm,42,1116,,,,,,,0.24854792654514313,,,
y42h0pwu,N_sink_mm,42,1117,,,,,,,0.2425377368927002,,,
y42h0pwu,N_sink_mm,42,1118,,,,,,,0.23172493278980255,,,
y42h0pwu,N_sink_mm,42,1119,,,,,,,0.260280579328537,,,
y42h0pwu,N_sink_mm,42,1120,,,,,,,0.2713102102279663,,,
y42h0pwu,N_sink_mm,42,1121,,,,,,,0.2595498859882355,,,
y42h0pwu,N_sink_mm,42,1122,,,,,,,0.23908458650112152,,,
y42h0pwu,N_sink_mm,42,1123,,,,,,,0.22832028567790985,,,
y42h0pwu,N_sink_mm,42,1124,,,,,,,0.2521136701107025,,,
y42h0pwu,N_sink_mm,42,1125,,,,,,,0.21930228173732758,,,
y42h0pwu,N_sink_mm,42,1126,,,,,,,0.2759747803211212,,,
y42h0pwu,N_sink_mm,42,1127,,,,,,,0.22154855728149414,,,
y42h0pwu,N_sink_mm,42,1128,,,,,,,0.24648715555667877,,,
y42h0pwu,N_sink_mm,42,1129,,,,,,,0.24214480817317963,,,
y42h0pwu,N_sink_mm,42,1130,,,,,,,0.2316230684518814,,,
y42h0pwu,N_sink_mm,42,1131,,,,,,,0.2745780348777771,,,
y42h0pwu,N_sink_mm,42,1132,,,,,,,0.2406313419342041,,,
y42h0pwu,N_sink_mm,42,1133,,,,,,,0.2356230765581131,,,
y42h0pwu,N_sink_mm,42,1134,,,,,,,0.2650303542613983,,,
y42h0pwu,N_sink_mm,42,1135,,,,,,,0.24953503906726837,,,
y42h0pwu,N_sink_mm,42,1136,,,,,,,0.22297880053520203,,,
y42h0pwu,N_sink_mm,42,1137,,,,,,,0.2746591567993164,,,
y42h0pwu,N_sink_mm,42,1138,,,,,,,0.2574911117553711,,,
y42h0pwu,N_sink_mm,42,1139,,,,,,,0.25717219710350037,,,
y42h0pwu,N_sink_mm,42,1140,,,,,,,0.24975037574768066,,,
y42h0pwu,N_sink_mm,42,1141,,,,,,,0.2425154745578766,,,
y42h0pwu,N_sink_mm,42,1142,,,,,,,0.2254837453365326,,,
y42h0pwu,N_sink_mm,42,1143,,,,,,,0.27459725737571716,,,
y42h0pwu,N_sink_mm,42,1144,,,,,,,0.23328693211078644,,,
y42h0pwu,N_sink_mm,42,1145,,,,,,,0.24155519902706146,,,
y42h0pwu,N_sink_mm,42,1146,,,,,,,0.2450510561466217,,,
y42h0pwu,N_sink_mm,42,1147,,,,,,,0.23686198890209198,,,
y42h0pwu,N_sink_mm,42,1148,,,,,,,0.2223079800605774,,,
y42h0pwu,N_sink_mm,42,1149,,,,,,,0.24068042635917664,,,
y42h0pwu,N_sink_mm,42,1150,,,,,,,0.2511986196041107,,,
y42h0pwu,N_sink_mm,42,1151,,,,,,,0.21725355088710785,,,
y42h0pwu,N_sink_mm,42,1152,,,,,,,0.22625918686389923,,,
y42h0pwu,N_sink_mm,42,1153,,,,,,,0.25386926531791687,,,
y42h0pwu,N_sink_mm,42,1154,,,,,,,0.21312996745109558,,,
y42h0pwu,N_sink_mm,42,1155,,,,,,,0.24059882760047913,,,
y42h0pwu,N_sink_mm,42,1156,,,,,,,0.21617746353149414,,,
y42h0pwu,N_sink_mm,42,1157,,,,,,,0.2622772753238678,,,
y42h0pwu,N_sink_mm,42,1158,,,,,,,0.2480262964963913,,,
y42h0pwu,N_sink_mm,42,1159,,,,,,,0.22882917523384094,,,
y42h0pwu,N_sink_mm,42,1160,,,,,,,0.23829607665538788,,,
y42h0pwu,N_sink_mm,42,1161,,,,,,,0.25330445170402527,,,
y42h0pwu,N_sink_mm,42,1162,,,,,,,0.24938470125198364,,,
y42h0pwu,N_sink_mm,42,1163,,,,,,,0.22682476043701172,,,
y42h0pwu,N_sink_mm,42,1164,,,,,,,0.233064666390419,,,
y42h0pwu,N_sink_mm,42,1165,,,,,,,0.25207486748695374,,,
y42h0pwu,N_sink_mm,42,1166,,,,,,,0.22435671091079712,,,
y42h0pwu,N_sink_mm,42,1167,,,,,,,0.25230029225349426,,,
y42h0pwu,N_sink_mm,42,1168,,,,,,,0.23258323967456818,,,
y42h0pwu,N_sink_mm,42,1169,,,,,,,0.2190580666065216,,,
y42h0pwu,N_sink_mm,42,1170,,,,,,,0.25948378443717957,,,
q3s1u8j5,R_ref,0,0,0.029448574408888817,0.029448574408888817,-0.009544878266751766,0.26420217752456665,0.0009454620303586125,0.003415521699935198,0.2226175218820572,0.12328292429447174,0.01232829224318266,
q3s1u8j5,R_ref,0,1,0.02494341880083084,0.02494341880083084,-0.006838842295110226,0.2642315924167633,0.0007516801124438643,0.0005963799194432795,0.3186721205711365,0.04031306877732277,0.004031306132674217,
q3s1u8j5,R_ref,0,2,0.01961435191333294,0.01961435191333294,-0.005340334493666887,0.26407307386398315,0.0007896120660007,-0.0012772883055731654,0.2896352708339691,0.03626791015267372,0.0036267905961722136,
q3s1u8j5,R_ref,0,3,0.014681356027722359,0.014681356027722359,-0.001250733039341867,0.2644616365432739,0.0006026584887877107,0.0012897707056254148,0.25470978021621704,0.035202182829380035,0.0035202186554670334,
q3s1u8j5,R_ref,0,4,0.011381372809410095,0.011381372809410095,-0.0020177687983959913,0.26428261399269104,0.0005126777687110007,0.0025235770735889673,0.2606334090232849,0.037184860557317734,0.003718486288562417,
q3s1u8j5,R_ref,0,5,0.0061289286240935326,0.0061289286240935326,-0.0013887099921703339,0.26409730315208435,0.00048724235966801643,0.0029739749152213335,0.2890511453151703,0.0296690221875906,0.00296690221875906,
q3s1u8j5,R_ref,0,6,0.012750577181577682,0.012750577181577682,-0.0018237174954265356,0.2639925479888916,0.00048352882731705904,0.00046027472126297653,0.2545328438282013,0.023965831845998764,0.0023965835571289062,
q3s1u8j5,R_ref,0,7,0.002220422262325883,0.002220422262325883,-0.0013033854775130749,0.2640368938446045,0.0004166865546721965,-0.000754784734454006,0.25695475935935974,0.023610815405845642,0.002361081540584564,
q3s1u8j5,R_ref,0,8,0.011746900156140327,0.011746900156140327,-0.002565524308010936,0.26405811309814453,0.0004367549845483154,0.0008535886881873012,0.26800957322120667,0.026449689641594887,0.0026449684519320726,
q3s1u8j5,R_ref,0,9,0.010829729028046131,0.010829729028046131,-0.0027981195598840714,0.26403674483299255,0.0004353463591542095,-0.0002382319507887587,0.27086126804351807,0.023929953575134277,0.002392994472756982,
q3s1u8j5,R_ref,0,10,0.010138658806681633,0.010138658806681633,-0.0029018130153417587,0.2639922797679901,0.0004300542059354484,-0.001724323141388595,0.24892626702785492,0.02481360174715519,0.002481359988451004,
q3s1u8j5,R_ref,0,11,0.010987025685608387,0.010987025685608387,-0.0028171285521239042,0.2640371024608612,0.00042253913125023246,0.002663969062268734,0.2919546663761139,0.02609211578965187,0.002609211951494217,
q3s1u8j5,R_ref,0,12,0.00913183018565178,0.00913183018565178,-0.0033720815554261208,0.2645639479160309,0.0004652857896871865,-0.004918342921882868,0.22565563023090363,0.02447892539203167,0.002447892678901553,
q3s1u8j5,R_ref,0,13,-0.0005141865112818778,-0.0005141865112818778,-0.004177043680101633,0.2641400694847107,0.0004150003951508552,-0.008767410181462765,0.2867092490196228,0.03207480534911156,0.003207481000572443,
q3s1u8j5,R_ref,0,14,0.005796736106276512,0.005796736106276512,-0.004285634960979223,0.2640416920185089,0.00042869197204709053,-0.0009118980960920453,0.24446675181388855,0.021478276699781418,0.0021478277631103992,
q3s1u8j5,R_ref,0,15,-3.540213219821453e-05,-3.540213219821453e-05,-0.00443609431385994,0.26404595375061035,0.0005175276892259717,-0.000921664061024785,0.2683928906917572,0.023040682077407837,0.002304068300873041,
q3s1u8j5,R_ref,0,16,0.007719974033534527,0.007719974033534527,-0.004160021897405386,0.26393938064575195,0.0006229201680980623,0.0015003503067418933,0.2649635672569275,0.02498575672507286,0.002498575719073415,
q3s1u8j5,R_ref,0,17,0.0008896204526536167,0.0008896204526536167,-0.004670839756727219,0.26432234048843384,0.000954844756051898,0.00033871002960950136,0.24606995284557343,0.021437466144561768,0.0021437471732497215,
q3s1u8j5,R_ref,0,18,-0.002132314955815673,-0.002132314955815673,-0.004253181163221598,0.2639025151729584,0.0013418522430583835,0.000801432179287076,0.24516910314559937,0.024431880563497543,0.0024431878700852394,
q3s1u8j5,R_ref,0,19,-0.0040903473272919655,-0.0040903473272919655,-0.0036088398192077875,0.2638707160949707,0.0024687163531780243,-0.0015318208606913686,0.22392696142196655,0.024930555373430252,0.002493055537343025,
q3s1u8j5,R_ref,0,20,-0.006945827044546604,-0.006945827044546604,-0.0015411014901474118,0.26385897397994995,0.004821299575269222,0.002939956495538354,0.2344636619091034,0.025302618741989136,0.002530262339860201,
q3s1u8j5,R_ref,0,21,-0.007550808135420084,-0.007550808135420084,0.000332199182594195,0.2639617323875427,0.00604056054726243,0.00011362336954334751,0.23892761766910553,0.02617114596068859,0.0026171142235398293,
q3s1u8j5,R_ref,0,22,-0.002961218124255538,-0.002961218124255538,-0.0005398389766924083,0.2637690007686615,0.0076933810487389565,-0.0015552762197330594,0.2681758403778076,0.023306213319301605,0.002330621238797903,
q3s1u8j5,R_ref,0,23,-0.0015948348445817828,-0.0015948348445817828,0.00470104580745101,0.2636617124080658,0.007742954883724451,-0.005581472534686327,0.2664714455604553,0.02582734450697899,0.0025827346835285425,
q3s1u8j5,R_ref,0,24,-0.004891807213425636,-0.004891807213425636,0.01700756698846817,0.2637769877910614,0.008664190769195557,-0.008935702964663506,0.2870047688484192,0.024756817147135735,0.00247568148188293,
q3s1u8j5,R_ref,0,25,0.01600545272231102,0.01600545272231102,0.022472552955150604,0.263677179813385,0.0014329305849969387,-0.00392138259485364,0.2801187336444855,0.025400536134839058,0.0025400537997484207,
q3s1u8j5,R_ref,0,26,0.0060142106376588345,0.0060142106376588345,0.022444244474172592,0.263650119304657,0.0023997160606086254,0.00036073022056370974,0.25186386704444885,0.027468780055642128,0.0027468781918287277,
q3s1u8j5,R_ref,0,27,-0.002556766616180539,-0.002556766616180539,0.022297412157058716,0.2634772062301636,0.0026274833362549543,0.0012159261386841536,0.24572941660881042,0.02529619075357914,0.0025296190287917852,
q3s1u8j5,R_ref,0,28,-0.020104285329580307,-0.020104285329580307,0.020974352955818176,0.2634020745754242,0.004698817152529955,0.007470185402780771,0.27484560012817383,0.02655724063515663,0.0026557238306850195,
q3s1u8j5,R_ref,0,29,-0.01672733947634697,-0.01672733947634697,0.020790206268429756,0.2631763219833374,0.005065114703029394,-0.0007611123146489263,0.3189975321292877,0.025663232430815697,0.0025663229171186686,
q3s1u8j5,R_ref,0,30,0.03874901309609413,0.03874901309609413,0.004846172407269478,0.2637123763561249,0.0029053683392703533,-0.0019162892131134868,0.25484856963157654,0.026050973683595657,0.0026050973683595657,
q3s1u8j5,R_ref,0,31,0.03350770100951195,0.03350770100951195,0.018956338986754417,0.2632702589035034,0.009014677256345749,0.007114066276699305,0.3060251772403717,0.024006081745028496,0.0024006080348044634,
q3s1u8j5,R_ref,0,32,0.05054797604680061,0.05054797604680061,0.020281825214624405,0.26314428448677063,0.0030115556437522173,-0.0007001271587796509,0.2369188666343689,0.024633361026644707,0.002463336568325758,
q3s1u8j5,R_ref,0,33,0.06656618416309357,0.06656618416309357,0.019163141027092934,0.26300597190856934,0.010430887341499329,-0.00016801599122118205,0.2312951385974884,0.024887701496481895,0.002488770056515932,
q3s1u8j5,R_ref,0,34,0.0687500536441803,0.0687500536441803,0.02013145200908184,0.26295018196105957,0.012254791334271431,0.01180863007903099,0.25549834966659546,0.028020819649100304,0.002802081871777773,
q3s1u8j5,R_ref,0,35,0.07206408679485321,0.07206408679485321,0.020164674147963524,0.26291853189468384,0.01702060177922249,0.011304051615297794,0.292010635137558,0.025377243757247925,0.002537724794819951,
q3s1u8j5,R_ref,0,36,0.0806935653090477,0.0806935653090477,0.01882408931851387,0.2627304196357727,0.021633312106132507,0.01740536093711853,0.247414231300354,0.031598325818777084,0.003159832675009966,
q3s1u8j5,R_ref,0,37,0.07063084840774536,0.07063084840774536,0.015707602724432945,0.2628372311592102,0.03459952399134636,0.028937863186001778,0.23222360014915466,0.030301837250590324,0.003030183492228389,
q3s1u8j5,R_ref,0,38,0.08847281336784363,0.08847281336784363,0.02205304242670536,0.26271262764930725,0.018215999007225037,0.02090432494878769,0.25757288932800293,0.029092947021126747,0.0029092945624142885,
q3s1u8j5,R_ref,0,39,0.08310102671384811,0.08310102671384811,0.015675591304898262,0.2630856931209564,0.01869630627334118,0.03486177697777748,0.2772332429885864,0.02457905188202858,0.0024579050950706005,
q3s1u8j5,R_ref,0,40,0.07335511595010757,0.07335511595010757,0.020996710285544395,0.2626398503780365,0.038375578820705414,0.03676729276776314,0.2843995988368988,0.031186385080218315,0.0031186388805508614,
q3s1u8j5,R_ref,0,41,0.08507438749074936,0.08507438749074936,0.017857857048511505,0.2625211179256439,0.034684304147958755,0.041044559329748154,0.2493261694908142,0.03030986338853836,0.0030309867579489946,
q3s1u8j5,R_ref,0,42,0.1052468940615654,0.1052468940615654,0.01747385784983635,0.26260897517204285,0.039020098745822906,0.0476471446454525,0.24000416696071625,0.03244588524103165,0.0032445876859128475,
q3s1u8j5,R_ref,0,43,0.0989484116435051,0.0989484116435051,0.020266501232981682,0.2626347839832306,0.03358118608593941,0.04694841429591179,0.26989981532096863,0.029936136677861214,0.0029936134815216064,
q3s1u8j5,R_ref,0,44,0.0982203409075737,0.0982203409075737,0.020007634535431862,0.2622150182723999,0.03190154209733009,0.05449792370200157,0.2793996334075928,0.0330292172729969,0.0033029215410351753,
q3s1u8j5,R_ref,0,45,0.09802059829235077,0.09802059829235077,0.020571891218423843,0.2621058225631714,0.04060520604252815,0.05756790190935135,0.24723736941814423,0.0268778707832098,0.002687786938622594,
q3s1u8j5,R_ref,0,46,0.09957879036664963,0.09957879036664963,0.016456374898552895,0.2625017762184143,0.03860701620578766,0.0569288469851017,0.3071780204772949,0.030347328633069992,0.0030347327701747417,
q3s1u8j5,R_ref,0,47,0.10433615744113922,0.10433615744113922,0.018298929557204247,0.2620721757411957,0.039086345583200455,0.04629752039909363,0.22559218108654022,0.03585940599441528,0.003585939994081855,
q3s1u8j5,R_ref,0,48,0.10334733128547668,0.10334733128547668,0.018251700326800346,0.2622016370296478,0.05697847530245781,0.06476019322872162,0.2637154459953308,0.0296437107026577,0.0029643711168318987,
q3s1u8j5,R_ref,0,49,0.10439490526914597,0.10439490526914597,0.02196960709989071,0.26224011182785034,0.03631443530321121,0.06777516007423401,0.2517590820789337,0.032924629747867584,0.0032924627885222435,
q3s1u8j5,R_ref,0,50,0.10946810245513916,0.10946810245513916,0.021522631868720055,0.2620789706707001,0.05636586621403694,0.06963284313678741,0.2461165189743042,0.030157161876559258,0.0030157167930155993,
q3s1u8j5,R_ref,0,51,0.09264614433050156,0.09264614433050156,0.01777632161974907,0.2639855146408081,0.08665250241756439,0.07125753164291382,0.2512815594673157,0.034927848726511,0.0034927851520478725,
q3s1u8j5,R_ref,0,52,0.10509096086025238,0.10509096086025238,0.0187518373131752,0.2621820271015167,0.042578671127557755,0.05322287604212761,0.28292036056518555,0.03467199206352234,0.0034671996254473925,
q3s1u8j5,R_ref,0,53,0.09614481776952744,0.09614481776952744,0.02185134030878544,0.2626802623271942,0.062161970883607864,0.07016179710626602,0.27221953868865967,0.03618216514587402,0.0036182154435664415,
q3s1u8j5,R_ref,0,54,0.10189007222652435,0.10189007222652435,0.019975410774350166,0.2623119652271271,0.06063087657094002,0.06917984783649445,0.26075422763824463,0.03323131799697876,0.003323131240904331,
q3s1u8j5,R_ref,0,55,0.1308138519525528,0.1308138519525528,0.020758945494890213,0.2622298002243042,0.03494219481945038,0.08388862013816833,0.3075176477432251,0.03798017278313637,0.0037980168126523495,
q3s1u8j5,R_ref,0,56,0.1127263754606247,0.1127263754606247,0.015091333538293839,0.26242247223854065,0.0691307857632637,0.08179023861885071,0.27629420161247253,0.03503262996673584,0.0035032625310122967,
q3s1u8j5,R_ref,0,57,0.10420782119035721,0.10420782119035721,0.0197007954120636,0.26212334632873535,0.049597084522247314,0.07791753113269806,0.22247162461280823,0.03544176369905472,0.003544176695868373,
q3s1u8j5,R_ref,0,58,0.10973205417394638,0.10973205417394638,0.019332313910126686,0.262371689081192,0.06720200181007385,0.08151507377624512,0.27984294295310974,0.03755925968289375,0.0037559259217232466,
q3s1u8j5,R_ref,0,59,0.11969886720180511,0.11969886720180511,0.022792475298047066,0.2621183395385742,0.04054717719554901,0.08877591043710709,0.24541941285133362,0.03497369587421417,0.00349736912176013,
q3s1u8j5,R_ref,0,60,0.11239058524370193,0.11239058524370193,0.020471982657909393,0.26207879185676575,0.06170015409588814,0.09007221460342407,0.23169977962970734,0.03190397471189499,0.0031903982162475586,
q3s1u8j5,R_ref,0,61,0.10599067062139511,0.10599067062139511,0.023814698681235313,0.26226088404655457,0.059880927205085754,0.08056472986936569,0.2593781650066376,0.03382260724902153,0.0033822613768279552,
q3s1u8j5,R_ref,0,62,0.11035233736038208,0.11035233736038208,0.02572040632367134,0.2622966766357422,0.08628547936677933,0.09840908646583557,0.22808334231376648,0.03467244654893875,0.0034672445617616177,
q3s1u8j5,R_ref,0,63,0.11552077531814575,0.11552077531814575,0.022244378924369812,0.2620879113674164,0.09154507517814636,0.09553524106740952,0.2670176327228546,0.03821936249732971,0.0038219366688281298,
q3s1u8j5,R_ref,0,64,0.1242135688662529,0.1242135688662529,0.019730571657419205,0.2621186673641205,0.06046183779835701,0.09804577380418777,0.30310532450675964,0.03911345824599266,0.003911345731467009,
q3s1u8j5,R_ref,0,65,0.11290676891803741,0.11290676891803741,0.02222728170454502,0.2619780898094177,0.07723210006952286,0.10520882159471512,0.24506931006908417,0.035341694951057434,0.003534170566126704,
q3s1u8j5,R_ref,0,66,0.12124493718147278,0.12124493718147278,0.023090574890375137,0.2619701623916626,0.07686387747526169,0.10405240952968597,0.28836891055107117,0.0389268659055233,0.003892686916515231,
q3s1u8j5,R_ref,0,67,0.12966670095920563,0.12966670095920563,0.026391521096229553,0.2616136968135834,0.06787069886922836,0.10647968202829361,0.3193803131580353,0.03876279294490814,0.0038762788753956556,
q3s1u8j5,R_ref,0,68,0.12648603320121765,0.12648603320121765,0.02276342175900936,0.2616763710975647,0.10444910079240799,0.11111048609018326,0.2793820798397064,0.035163238644599915,0.003516323631629348,
q3s1u8j5,R_ref,0,69,0.0795455053448677,0.0795455053448677,0.019735096022486687,0.26412132382392883,0.1360333263874054,0.11271887272596359,0.2646278142929077,0.039309076964855194,0.003930908162146807,
q3s1u8j5,R_ref,0,70,0.11987301707267761,0.11987301707267761,0.024975480511784554,0.2619929015636444,0.07768373936414719,0.09421853721141815,0.2905851900577545,0.0419875830411911,0.00419875793159008,
q3s1u8j5,R_ref,0,71,0.13530196249485016,0.13530196249485016,0.029582424089312553,0.2612992227077484,0.07877031713724136,0.12241736799478531,0.2259492427110672,0.041152969002723694,0.004115296993404627,
q3s1u8j5,R_ref,0,72,0.1392393708229065,0.1392393708229065,0.029159409925341606,0.26134711503982544,0.06772834807634354,0.10882086306810379,0.22920161485671997,0.04623977467417717,0.004623978398740292,
q3s1u8j5,R_ref,0,73,0.11374423652887344,0.11374423652887344,0.02207200601696968,0.26223960518836975,0.07676813006401062,0.1130082905292511,0.2746312916278839,0.03881952166557312,0.0038819522596895695,
q3s1u8j5,R_ref,0,74,0.14811070263385773,0.14811070263385773,0.027839113026857376,0.2609465420246124,0.08857156336307526,0.11666712909936905,0.22725754976272583,0.041579339653253555,0.004157933872193098,
q3s1u8j5,R_ref,0,75,0.14779630303382874,0.14779630303382874,0.026554113253951073,0.26056647300720215,0.10267149657011032,0.1254497766494751,0.24655109643936157,0.040446799248456955,0.004044680390506983,
q3s1u8j5,R_ref,0,76,0.15394282341003418,0.15394282341003418,0.029690293595194817,0.26086023449897766,0.0940360575914383,0.1383884698152542,0.2800213098526001,0.04454690217971802,0.004454690497368574,
q3s1u8j5,R_ref,0,77,0.14889122545719147,0.14889122545719147,0.02456957846879959,0.26091259717941284,0.14090986549854279,0.12237788736820221,0.21970397233963013,0.03905251994729042,0.003905252320691943,
q3s1u8j5,R_ref,0,78,0.15061506628990173,0.15061506628990173,0.025529157370328903,0.26079848408699036,0.09969579428434372,0.1276085525751114,0.27336540818214417,0.04143866151571274,0.004143867176026106,
q3s1u8j5,R_ref,0,79,0.15118293464183807,0.15118293464183807,0.027261940762400627,0.2606853246688843,0.12857887148857117,0.13641923666000366,0.256564736366272,0.04611644148826599,0.004611643962562084,
q3s1u8j5,R_ref,0,80,0.1449771672487259,0.1449771672487259,0.026314156129956245,0.26132965087890625,0.055762678384780884,0.12418860197067261,0.22996968030929565,0.04750797152519226,0.004750797525048256,
q3s1u8j5,R_ref,0,81,0.12285410612821579,0.12285410612821579,0.026950189843773842,0.26232871413230896,0.15314172208309174,0.1358432024717331,0.2386433333158493,0.04125745967030525,0.0041257464326918125,
q3s1u8j5,R_ref,0,82,0.14896738529205322,0.14896738529205322,0.02971433289349079,0.26069533824920654,0.09694374352693558,0.1433616429567337,0.22475294768810272,0.03956742212176323,0.00395674305036664,
q3s1u8j5,R_ref,0,83,0.11644875258207321,0.11644875258207321,0.02689228765666485,0.26211225986480713,0.11105530709028244,0.13072927296161652,0.29059037566185,0.04881874844431877,0.004881874658167362,
q3s1u8j5,R_ref,0,84,0.15140680968761444,0.15140680968761444,0.027231736108660698,0.26145434379577637,0.042611390352249146,0.1313270777463913,0.24594658613204956,0.046508900821208954,0.004650890361517668,
q3s1u8j5,R_ref,0,85,0.15019962191581726,0.15019962191581726,0.031137192621827126,0.26060691475868225,0.11851557344198227,0.1460026353597641,0.2585013508796692,0.04824870824813843,0.004824870266020298,
q3s1u8j5,R_ref,0,86,0.1311584711074829,0.1311584711074829,0.03020205721259117,0.2610761225223541,0.07723335176706314,0.13104334473609924,0.22268664836883545,0.040122851729393005,0.004012284800410271,
q3s1u8j5,R_ref,0,87,0.1557309925556183,0.1557309925556183,0.029405156150460243,0.26014798879623413,0.14481395483016968,0.14376576244831085,0.24892273545265198,0.041920799762010574,0.0041920798830688,
q3s1u8j5,R_ref,0,88,0.15470415353775024,0.15470415353775024,0.023414533585309982,0.26167941093444824,0.08959954977035522,0.13872389495372772,0.2565288543701172,0.04641122370958328,0.004641122650355101,
q3s1u8j5,R_ref,0,89,0.14871372282505035,0.14871372282505035,0.03084048628807068,0.26086774468421936,0.08760762214660645,0.15428893268108368,0.24026060104370117,0.04446735605597496,0.004446735139936209,
q3s1u8j5,R_ref,0,90,0.15283453464508057,0.15283453464508057,0.029644139111042023,0.26025390625,0.14759600162506104,0.14194521307945251,0.25120988488197327,0.04093017056584358,0.0040930164977908134,
q3s1u8j5,R_ref,0,91,0.1533922553062439,0.1533922553062439,0.033221498131752014,0.26012858748435974,0.13956157863140106,0.16061799228191376,0.2504235804080963,0.03897877410054207,0.003897877875715494,
q3s1u8j5,R_ref,0,92,0.13658660650253296,0.13658660650253296,0.02766288071870804,0.26138773560523987,0.08490779995918274,0.15419934689998627,0.23902224004268646,0.04405834525823593,0.004405834712088108,
q3s1u8j5,R_ref,0,93,0.157535582780838,0.157535582780838,0.031776268035173416,0.2600429356098175,0.12616559863090515,0.1535339653491974,0.26784905791282654,0.04086178541183472,0.004086178727447987,
q3s1u8j5,R_ref,0,94,0.1598864495754242,0.1598864495754242,0.032562173902988434,0.25972625613212585,0.1677163541316986,0.15007713437080383,0.2465651035308838,0.0380508229136467,0.0038050825241953135,
q3s1u8j5,R_ref,0,95,0.13505138456821442,0.13505138456821442,0.027681108564138412,0.2613691985607147,0.11304210126399994,0.13974906504154205,0.24780215322971344,0.05368891730904579,0.005368892103433609,
q3s1u8j5,R_ref,0,96,0.13805106282234192,0.13805106282234192,0.02917977049946785,0.2611059248447418,0.11818347126245499,0.14234215021133423,0.2727013826370239,0.048493336886167526,0.004849334713071585,
q3s1u8j5,R_ref,0,97,0.15428601205348969,0.15428601205348969,0.02605443447828293,0.26033860445022583,0.14596416056156158,0.14325213432312012,0.25513359904289246,0.04243070259690285,0.004243070725351572,
q3s1u8j5,R_ref,0,98,0.14030471444129944,0.14030471444129944,0.02815925143659115,0.26120084524154663,0.05638936161994934,0.15275275707244873,0.26604801416397095,0.04273903742432594,0.004273903556168079,
q3s1u8j5,R_ref,0,99,0.1518753618001938,0.1518753618001938,0.03330107033252716,0.26027712225914,0.18348972499370575,0.1615264117717743,0.2391989529132843,0.036003969609737396,0.0036003966815769672,
q3s1u8j5,R_ref,0,100,0.13804090023040771,0.13804090023040771,0.030150730162858963,0.2610998749732971,0.11210755258798599,0.14332035183906555,0.25976040959358215,0.04506604000926018,0.004506603814661503,
q3s1u8j5,R_ref,0,101,0.1468605250120163,0.1468605250120163,0.030594609677791595,0.2607799768447876,0.12294554710388184,0.16223886609077454,0.2715660035610199,0.04308999329805374,0.004308998119086027,
q3s1u8j5,R_ref,0,102,0.15667885541915894,0.15667885541915894,0.03413248807191849,0.2598637640476227,0.13507404923439026,0.1626199334859848,0.22875940799713135,0.044980186969041824,0.00449801841750741,
q3s1u8j5,R_ref,0,103,0.14709775149822235,0.14709775149822235,0.02687736041843891,0.26041799783706665,0.133672297000885,0.15926291048526764,0.2574012279510498,0.045217253267765045,0.00452172476798296,
q3s1u8j5,R_ref,0,104,0.14171388745307922,0.14171388745307922,0.026207484304904938,0.26073339581489563,0.10598665475845337,0.15906773507595062,0.3217789828777313,0.039165813475847244,0.003916582558304071,
q3s1u8j5,R_ref,0,105,0.13533228635787964,0.13533228635787964,0.0366850346326828,0.26087692379951477,0.09167636930942535,0.1639101803302765,0.25912678241729736,0.0376933291554451,0.003769333241507411,
q3s1u8j5,R_ref,0,106,0.1444484293460846,0.1444484293460846,0.028439270332455635,0.26083406805992126,0.14840339124202728,0.16162320971488953,0.2551177442073822,0.0440157912671566,0.004401578567922115,
q3s1u8j5,R_ref,0,107,0.1404230296611786,0.1404230296611786,0.03548648580908775,0.26089388132095337,0.09546126425266266,0.15515035390853882,0.25899338722229004,0.05004015937447548,0.005004016682505608,
q3s1u8j5,R_ref,0,108,0.1436663568019867,0.1436663568019867,0.037718478590250015,0.2602396011352539,0.14868232607841492,0.16035394370555878,0.23728780448436737,0.03899174928665161,0.00389917497523129,
q3s1u8j5,R_ref,0,109,0.1486252397298813,0.1486252397298813,0.03247693553566933,0.26051801443099976,0.11081894487142563,0.16987931728363037,0.26480162143707275,0.04190041497349739,0.004190043080598116,
q3s1u8j5,R_ref,0,110,0.13126696646213531,0.13126696646213531,0.030368518084287643,0.2611984312534332,0.06924668699502945,0.15226978063583374,0.21236354112625122,0.04412909224629402,0.0044129085727036,
q3s1u8j5,R_ref,0,111,0.10064055025577545,0.10064055025577545,0.03414156660437584,0.2621563673019409,0.12322686612606049,0.16395384073257446,0.2671668529510498,0.03849030286073685,0.0038490300066769123,
q3s1u8j5,R_ref,0,112,0.13925966620445251,0.13925966620445251,0.03373666852712631,0.26103121042251587,0.10847511142492294,0.1734490990638733,0.2817855179309845,0.041193317621946335,0.004119332414120436,
q3s1u8j5,R_ref,0,113,0.1389610767364502,0.1389610767364502,0.027502626180648804,0.2611336410045624,0.13887347280979156,0.17547917366027832,0.24205034971237183,0.04159002751111984,0.004159002564847469,
q3s1u8j5,R_ref,0,114,0.13927727937698364,0.13927727937698364,0.024639548733830452,0.26094627380371094,0.17276567220687866,0.1777849793434143,0.2316075712442398,0.04590819031000137,0.004590819589793682,
q3s1u8j5,R_ref,0,115,0.14444108307361603,0.14444108307361603,0.03280259668827057,0.26096656918525696,0.18187029659748077,0.17120182514190674,0.31322383880615234,0.043598949909210205,0.004359894897788763,
q3s1u8j5,R_ref,0,116,0.12291662395000458,0.12291662395000458,0.028516259044408798,0.261463463306427,0.12717410922050476,0.17208170890808105,0.2709187865257263,0.046731822192668915,0.004673182964324951,
q3s1u8j5,R_ref,0,117,0.14110535383224487,0.14110535383224487,0.030435355380177498,0.26079225540161133,0.12960517406463623,0.17911338806152344,0.2083999514579773,0.04441216215491295,0.00444121565669775,
q3s1u8j5,R_ref,0,118,0.12813101708889008,0.12813101708889008,0.03207102417945862,0.2618028521537781,0.19718623161315918,0.1784168928861618,0.2650820314884186,0.044734109193086624,0.004473410546779633,
q3s1u8j5,R_ref,0,119,0.14429716765880585,0.14429716765880585,0.031625278294086456,0.2603796720504761,0.10711688548326492,0.16471850872039795,0.29572436213493347,0.04280176758766174,0.004280177876353264,
q3s1u8j5,R_ref,0,120,0.1454285830259323,0.1454285830259323,0.03386468067765236,0.26064103841781616,0.12400424480438232,0.16279372572898865,0.26369425654411316,0.04494718462228775,0.004494719207286835,
q3s1u8j5,R_ref,0,121,0.14547505974769592,0.14547505974769592,0.029423953965306282,0.2608814835548401,0.10787320882081985,0.1709536463022232,0.24996770918369293,0.050118282437324524,0.005011827684938908,
q3s1u8j5,R_ref,0,122,0.13537612557411194,0.13537612557411194,0.03407752886414528,0.2607816755771637,0.0981789380311966,0.16722886264324188,0.2775430381298065,0.04684457927942276,0.004684457555413246,
q3s1u8j5,R_ref,0,123,0.11795317381620407,0.11795317381620407,0.0348799005150795,0.2610214650630951,0.0903942883014679,0.1736474186182022,0.232754647731781,0.04425597935914993,0.004425597842782736,
q3s1u8j5,R_ref,0,124,0.12320613116025925,0.12320613116025925,0.037866316735744476,0.2613005042076111,0.13299523293972015,0.17660285532474518,0.2804124355316162,0.03717443346977234,0.0037174439057707787,
q3s1u8j5,R_ref,0,125,0.12725485861301422,0.12725485861301422,0.03315845504403114,0.2612369656562805,0.1475943624973297,0.1875743567943573,0.2632540762424469,0.03999064117670059,0.003999064210802317,
q3s1u8j5,R_ref,0,126,0.10574733465909958,0.10574733465909958,0.03514731675386429,0.26304352283477783,0.18655918538570404,0.1840648204088211,0.25575146079063416,0.041610799729824066,0.004161080811172724,
q3s1u8j5,R_ref,0,127,0.13441267609596252,0.13441267609596252,0.030545461922883987,0.2611630856990814,0.10552376508712769,0.17820265889167786,0.21059559285640717,0.049475762993097305,0.004947576206177473,
q3s1u8j5,R_ref,0,128,0.083732970058918,0.083732970058918,0.034764260053634644,0.26256200671195984,0.09852921962738037,0.18053513765335083,0.29060468077659607,0.04921610653400421,0.004921611864119768,
q3s1u8j5,R_ref,0,129,0.15356303751468658,0.15356303751468658,0.029135072603821754,0.26115068793296814,0.07495971769094467,0.17106200754642487,0.2685539424419403,0.04993661493062973,0.00499366270378232,
q3s1u8j5,R_ref,0,130,0.13927359879016876,0.13927359879016876,0.04125532507896423,0.26047343015670776,0.12233812361955643,0.17611950635910034,0.2893385887145996,0.04540649801492691,0.004540649708360434,
q3s1u8j5,R_ref,0,131,0.1468127816915512,0.1468127816915512,0.033723991364240646,0.2601807713508606,0.1173105388879776,0.17490459978580475,0.2893946170806885,0.04843765124678612,0.004843765404075384,
q3s1u8j5,R_ref,0,132,0.15530720353126526,0.15530720353126526,0.03856642171740532,0.25995829701423645,0.1653849482536316,0.18570594489574432,0.2777383029460907,0.04344426468014717,0.004344426095485687,
q3s1u8j5,R_ref,0,133,0.14036069810390472,0.14036069810390472,0.03918195143342018,0.2605496346950531,0.1094542145729065,0.17395734786987305,0.2475445568561554,0.04176710918545723,0.004176710266619921,
q3s1u8j5,R_ref,0,134,0.10931281000375748,0.10931281000375748,0.03809726983308792,0.26166418194770813,0.0901491641998291,0.16401581466197968,0.2528620958328247,0.05227934569120407,0.00522793410345912,
q3s1u8j5,R_ref,0,135,0.11274103075265884,0.11274103075265884,0.03711756691336632,0.2614808678627014,0.1239495798945427,0.1584050953388214,0.22439365088939667,0.049030520021915436,0.004903052002191544,
q3s1u8j5,R_ref,0,136,0.12521907687187195,0.12521907687187195,0.03084600530564785,0.2612236738204956,0.09931047260761261,0.1699981391429901,0.24354365468025208,0.045304615050554276,0.004530461970716715,
q3s1u8j5,R_ref,0,137,0.1446608453989029,0.1446608453989029,0.04045366868376732,0.2601907253265381,0.1150740534067154,0.18033632636070251,0.23185493052005768,0.040933042764663696,0.004093304742127657,
q3s1u8j5,R_ref,0,138,0.14865656197071075,0.14865656197071075,0.041204456239938736,0.259836345911026,0.11870967596769333,0.17514070868492126,0.28321003913879395,0.043187763541936874,0.004318775609135628,
q3s1u8j5,R_ref,0,139,0.13878032565116882,0.13878032565116882,0.03700781613588333,0.26068174839019775,0.14882689714431763,0.18806295096874237,0.2813001275062561,0.04444919154047966,0.004444919992238283,
q3s1u8j5,R_ref,0,140,0.1223008781671524,0.1223008781671524,0.04109356924891472,0.2609311640262604,0.0769173800945282,0.17043665051460266,0.24146154522895813,0.04630161449313164,0.004630162380635738,
q3s1u8j5,R_ref,0,141,0.11626572906970978,0.11626572906970978,0.03712722659111023,0.2612501084804535,0.08495253324508667,0.1867571324110031,0.22423000633716583,0.04338737204670906,0.004338736645877361,
q3s1u8j5,R_ref,0,142,0.12874096632003784,0.12874096632003784,0.04386109858751297,0.26089802384376526,0.14809297025203705,0.18941505253314972,0.2739453911781311,0.03977580368518829,0.003977580461651087,
q3s1u8j5,R_ref,0,143,0.10837896913290024,0.10837896913290024,0.04525497928261757,0.26187974214553833,0.15543046593666077,0.1941680759191513,0.3349188268184662,0.04653538018465042,0.004653538577258587,
q3s1u8j5,R_ref,0,144,0.1278681457042694,0.1278681457042694,0.04278640076518059,0.26148542761802673,0.18195149302482605,0.1959436535835266,0.2639700174331665,0.043325286358594894,0.004332529380917549,
q3s1u8j5,R_ref,0,145,0.11400248855352402,0.11400248855352402,0.0459749661386013,0.26124027371406555,0.1256137639284134,0.19156205654144287,0.22819280624389648,0.045322999358177185,0.004532300867140293,
q3s1u8j5,R_ref,0,146,0.1171182245016098,0.1171182245016098,0.04269517585635185,0.26269397139549255,0.21553243696689606,0.19627414643764496,0.26429232954978943,0.04307005926966667,0.004307006020098925,
q3s1u8j5,R_ref,0,147,0.13836757838726044,0.13836757838726044,0.037347376346588135,0.260856032371521,0.15586347877979279,0.1640446037054062,0.21037104725837708,0.054467685520648956,0.005446769297122955,
q3s1u8j5,R_ref,0,148,0.13167496025562286,0.13167496025562286,0.040945157408714294,0.2606970965862274,0.14653895795345306,0.1950448751449585,0.25255292654037476,0.0399070605635643,0.00399070605635643,
q3s1u8j5,R_ref,0,149,0.12537641823291779,0.12537641823291779,0.04162437841296196,0.2615402340888977,0.1851312518119812,0.19791319966316223,0.2540290653705597,0.04322376102209091,0.0043223765678703785,
q3s1u8j5,R_ref,0,150,0.13203424215316772,0.13203424215316772,0.047838468104600906,0.26045718789100647,0.14009296894073486,0.190935418009758,0.2278011441230774,0.06019558757543564,0.006019559223204851,
q3s1u8j5,R_ref,0,151,0.12626850605010986,0.12626850605010986,0.044539254158735275,0.26200437545776367,0.18663492798805237,0.19065597653388977,0.25815632939338684,0.04872789978981018,0.004872790537774563,
q3s1u8j5,R_ref,0,152,0.10388392955064774,0.10388392955064774,0.0421670638024807,0.2618284523487091,0.132343590259552,0.17481544613838196,0.2783011794090271,0.05179451033473015,0.0051794508472085,
q3s1u8j5,R_ref,0,153,0.1180775985121727,0.1180775985121727,0.04021793603897095,0.26125118136405945,0.15128307044506073,0.1900547742843628,0.2693425416946411,0.044638391584157944,0.004463838879019022,
q3s1u8j5,R_ref,0,154,0.12257517129182816,0.12257517129182816,0.05062749981880188,0.2611864507198334,0.15350139141082764,0.19919882714748383,0.2607651352882385,0.046161625534296036,0.004616161808371544,
q3s1u8j5,R_ref,0,155,0.1215500757098198,0.1215500757098198,0.040020354092121124,0.26199930906295776,0.18926550447940826,0.19501963257789612,0.25766026973724365,0.04858355224132538,0.004858354106545448,
q3s1u8j5,R_ref,0,156,0.10886277258396149,0.10886277258396149,0.05133345350623131,0.26137664914131165,0.13389770686626434,0.19808989763259888,0.25784340500831604,0.04352044686675072,0.0043520452454686165,
q3s1u8j5,R_ref,0,157,0.11088523268699646,0.11088523268699646,0.04914798215031624,0.2617073655128479,0.16469073295593262,0.20305262506008148,0.2863658666610718,0.04704549163579941,0.0047045499086380005,
q3s1u8j5,R_ref,0,158,0.12240974605083466,0.12240974605083466,0.05201909318566322,0.2611766755580902,0.14811839163303375,0.1950867474079132,0.25837862491607666,0.04773701727390289,0.004773702472448349,
q3s1u8j5,R_ref,0,159,0.10135335475206375,0.10135335475206375,0.042251549661159515,0.2625892460346222,0.140024796128273,0.19627194106578827,0.2513875663280487,0.05487973242998123,0.005487973336130381,
q3s1u8j5,R_ref,0,160,0.11172939091920853,0.11172939091920853,0.04605358839035034,0.261430948972702,0.14579349756240845,0.1957402527332306,0.26487743854522705,0.048625398427248,0.00486253947019577,
q3s1u8j5,R_ref,0,161,0.10900234431028366,0.10900234431028366,0.04954791069030762,0.26157739758491516,0.15292537212371826,0.2054165005683899,0.24589307606220245,0.044073157012462616,0.004407315980643034,
q3s1u8j5,R_ref,0,162,0.11219047755002975,0.11219047755002975,0.04905971884727478,0.26232945919036865,0.19303825497627258,0.20693179965019226,0.2530064880847931,0.040401335805654526,0.00404013367369771,
q3s1u8j5,R_ref,0,163,0.1230708435177803,0.1230708435177803,0.052047934383153915,0.26075345277786255,0.14569835364818573,0.19604957103729248,0.2717842757701874,0.049726106226444244,0.004972610156983137,
q3s1u8j5,R_ref,0,164,0.12407537549734116,0.12407537549734116,0.046109989285469055,0.261014461517334,0.14961254596710205,0.20181407034397125,0.2422504723072052,0.04490642622113228,0.004490642808377743,
q3s1u8j5,R_ref,0,165,0.13753105700016022,0.13753105700016022,0.048823803663253784,0.25990763306617737,0.15747246146202087,0.20555908977985382,0.2423684000968933,0.04681887850165367,0.004681887570768595,
q3s1u8j5,R_ref,0,166,0.11480174213647842,0.11480174213647842,0.054753948003053665,0.2619312107563019,0.1647665947675705,0.2027180790901184,0.22465276718139648,0.051219742745161057,0.005121974274516106,
q3s1u8j5,R_ref,0,167,0.12485262751579285,0.12485262751579285,0.04719948023557663,0.26163068413734436,0.12564882636070251,0.2080741971731186,0.2728261947631836,0.05247139185667038,0.00524713983759284,
q3s1u8j5,R_ref,0,168,0.10921627283096313,0.10921627283096313,0.04987429082393646,0.26129817962646484,0.1304035633802414,0.20037557184696198,0.28361791372299194,0.0537727065384388,0.00537727028131485,
q3s1u8j5,R_ref,0,169,0.12487143278121948,0.12487143278121948,0.05398595333099365,0.26144230365753174,0.14350977540016174,0.20743831992149353,0.2379245162010193,0.0456617996096611,0.004566180519759655,
q3s1u8j5,R_ref,0,170,0.10624837875366211,0.10624837875366211,0.051726680248975754,0.2626669704914093,0.20944736897945404,0.2119791954755783,0.26384997367858887,0.047443289309740067,0.004744328558444977,
q3s1u8j5,R_ref,0,171,0.11463602632284164,0.11463602632284164,0.05239646136760712,0.261030375957489,0.12127978354692459,0.2043008953332901,0.25481751561164856,0.046412523835897446,0.0046412525698542595,
q3s1u8j5,R_ref,0,172,0.12222463637590408,0.12222463637590408,0.05076848343014717,0.26210126280784607,0.21196798980236053,0.2086552232503891,0.2743968665599823,0.04194750264286995,0.0041947499848902225,
q3s1u8j5,R_ref,0,173,0.13350322842597961,0.13350322842597961,0.04909184202551842,0.2609187066555023,0.17215964198112488,0.2071658968925476,0.3122546970844269,0.04831761121749878,0.004831760190427303,
q3s1u8j5,R_ref,0,174,0.10616254061460495,0.10616254061460495,0.05502992495894432,0.26252421736717224,0.18225690722465515,0.20257344841957092,0.23757994174957275,0.05513879656791687,0.005513879004865885,
q3s1u8j5,R_ref,0,175,0.10461166501045227,0.10461166501045227,0.05895737558603287,0.2618793845176697,0.16635844111442566,0.21196606755256653,0.29791170358657837,0.04747432842850685,0.004747434519231319,
q3s1u8j5,R_ref,0,176,0.0800774022936821,0.0800774022936821,0.0542614720761776,0.2631610333919525,0.15267950296401978,0.20383496582508087,0.2871059775352478,0.05071719363331795,0.0050717187114059925,
q3s1u8j5,R_ref,0,177,0.09429344534873962,0.09429344534873962,0.050050485879182816,0.2631542384624481,0.20031437277793884,0.2119666337966919,0.27956488728523254,0.04316646233201027,0.0043166461400687695,
q3s1u8j5,R_ref,0,178,0.09233354032039642,0.09233354032039642,0.049533069133758545,0.2631896138191223,0.1846296787261963,0.20963622629642487,0.2714763283729553,0.049617182463407516,0.004961718339473009,
q3s1u8j5,R_ref,0,179,0.09252969175577164,0.09252969175577164,0.05434327945113182,0.26260969042778015,0.1640358418226242,0.2147376984357834,0.22972626984119415,0.046752769500017166,0.004675277508795261,
q3s1u8j5,R_ref,0,180,0.11582979559898376,0.11582979559898376,0.054144471883773804,0.261294424533844,0.17302492260932922,0.21653631329536438,0.21956917643547058,0.041098181158304214,0.004109818488359451,
q3s1u8j5,R_ref,0,181,0.0786825567483902,0.0786825567483902,0.047464996576309204,0.26513296365737915,0.19994224607944489,0.21220999956130981,0.2582504153251648,0.05114477127790451,0.005114477593451738,
q3s1u8j5,R_ref,0,182,0.09672240167856216,0.09672240167856216,0.05961964651942253,0.2622388005256653,0.1682780534029007,0.22003737092018127,0.23293672502040863,0.044527627527713776,0.0044527617283165455,
q3s1u8j5,R_ref,0,183,0.0798361524939537,0.0798361524939537,0.05498892813920975,0.2643274962902069,0.20296156406402588,0.21649794280529022,0.23636648058891296,0.04503019526600838,0.004503018222749233,
q3s1u8j5,R_ref,0,184,0.0818834900856018,0.0818834900856018,0.05605434998869896,0.26335904002189636,0.18579156696796417,0.22167514264583588,0.24587512016296387,0.046327002346515656,0.004632699303328991,
q3s1u8j5,R_ref,0,185,0.07201632112264633,0.07201632112264633,0.05110801011323929,0.26298144459724426,0.16481837630271912,0.21840116381645203,0.2690442204475403,0.045197952538728714,0.0045197950676083565,
q3s1u8j5,R_ref,0,186,0.06521376967430115,0.06521376967430115,0.05108419060707092,0.26548081636428833,0.20196853578090668,0.22592023015022278,0.26806485652923584,0.044197045266628265,0.004419704433530569,
q3s1u8j5,R_ref,0,187,0.10452765226364136,0.10452765226364136,0.054342422634363174,0.26313745975494385,0.2180950790643692,0.2283027172088623,0.23002389073371887,0.03905726969242096,0.0039057268295437098,
q3s1u8j5,R_ref,0,188,0.07099976390600204,0.07099976390600204,0.05207762122154236,0.26413246989250183,0.1721549779176712,0.2325081080198288,0.2509734332561493,0.042535703629255295,0.0042535699903965,
q3s1u8j5,R_ref,0,189,0.07974077016115189,0.07974077016115189,0.06147272512316704,0.2632887661457062,0.177374005317688,0.2218455821275711,0.2637138068675995,0.050251320004463196,0.005025131162256002,
q3s1u8j5,R_ref,0,190,0.09133885055780411,0.09133885055780411,0.061580412089824677,0.2626187801361084,0.18457180261611938,0.2245676964521408,0.281099408864975,0.042570553719997406,0.004257056396454573,
q3s1u8j5,R_ref,0,191,0.07444500178098679,0.07444500178098679,0.05218629539012909,0.26428666710853577,0.19192782044410706,0.22650718688964844,0.30038946866989136,0.045872628688812256,0.004587263334542513,
q3s1u8j5,R_ref,0,192,0.10299040377140045,0.10299040377140045,0.0621979795396328,0.26177293062210083,0.16305400431156158,0.2232387661933899,0.23998752236366272,0.048955440521240234,0.004895543213933706,
q3s1u8j5,R_ref,0,193,0.07992792129516602,0.07992792129516602,0.04468229413032532,0.2634652256965637,0.1811467409133911,0.22563211619853973,0.2536359429359436,0.04288915544748306,0.004288916476070881,
q3s1u8j5,R_ref,0,194,0.0866735577583313,0.0866735577583313,0.06152453273534775,0.2636115849018097,0.1939651370048523,0.23175448179244995,0.23661984503269196,0.04746923968195915,0.004746925085783005,
q3s1u8j5,R_ref,0,195,0.061274539679288864,0.061274539679288864,0.05163254216313362,0.2640942931175232,0.17360764741897583,0.22645391523838043,0.21888072788715363,0.0473804697394371,0.004738046787679195,
q3s1u8j5,R_ref,0,196,0.08326289802789688,0.08326289802789688,0.050226546823978424,0.26222366094589233,0.13471686840057373,0.22274641692638397,0.24962198734283447,0.05234489589929581,0.005234489683061838,
q3s1u8j5,R_ref,0,197,0.0938708484172821,0.0938708484172821,0.06079116836190224,0.2620055675506592,0.154320627450943,0.21526357531547546,0.25180724263191223,0.0568353533744812,0.00568353570997715,
q3s1u8j5,R_ref,0,198,0.11140315979719162,0.11140315979719162,0.05500474199652672,0.2627495527267456,0.19264712929725647,0.22345389425754547,0.22854724526405334,0.053527794778347015,0.005352778360247612,
q3s1u8j5,R_ref,0,199,0.09884675592184067,0.09884675592184067,0.06588561087846756,0.26156526803970337,0.1563407927751541,0.221809983253479,0.2979295253753662,0.04713750630617142,0.004713749513030052,
q3s1u8j5,R_ref,0,200,0.10462425649166107,0.10462425649166107,0.06276349723339081,0.26281002163887024,0.20380914211273193,0.2329699993133545,0.24671287834644318,0.04923123121261597,0.0049231224693357944,
q3s1u8j5,R_ref,0,201,0.07999980449676514,0.07999980449676514,0.056641608476638794,0.26510870456695557,0.22088134288787842,0.22869397699832916,0.2357894778251648,0.04396754130721092,0.0043967547826468945,
q3s1u8j5,R_ref,0,202,0.08884238451719284,0.08884238451719284,0.05831500142812729,0.2636859714984894,0.2063458114862442,0.23596316576004028,0.2856580913066864,0.04312140494585037,0.00431214040145278,
q3s1u8j5,R_ref,0,203,0.0935528576374054,0.0935528576374054,0.05886002257466316,0.26266583800315857,0.17767484486103058,0.23953527212142944,0.2268771380186081,0.04637540504336357,0.004637541249394417,
q3s1u8j5,R_ref,0,204,0.09214337915182114,0.09214337915182114,0.06350398063659668,0.2638813555240631,0.2117370069026947,0.23491926491260529,0.2362404763698578,0.048415396362543106,0.004841540474444628,
q3s1u8j5,R_ref,0,205,0.08646957576274872,0.08646957576274872,0.06468229740858078,0.2621479034423828,0.16454018652439117,0.23399636149406433,0.2300204187631607,0.050201740115880966,0.005020173732191324,
q3s1u8j5,R_ref,0,206,0.10494562238454819,0.10494562238454819,0.07652376592159271,0.26199600100517273,0.1914556622505188,0.2394300103187561,0.24920754134655,0.04172820597887039,0.004172820132225752,
q3s1u8j5,R_ref,0,207,0.07188474386930466,0.07188474386930466,0.06024898588657379,0.2648642361164093,0.20535245537757874,0.233340784907341,0.27017590403556824,0.04641342535614967,0.00464134244248271,
q3s1u8j5,R_ref,0,208,0.06350337713956833,0.06350337713956833,0.063545361161232,0.26475390791893005,0.20908936858177185,0.23748019337654114,0.2509985566139221,0.0514005646109581,0.005140055436640978,
q3s1u8j5,R_ref,0,209,0.07061206549406052,0.07061206549406052,0.0677322968840599,0.2639598250389099,0.18709830939769745,0.2334238588809967,0.22933007776737213,0.04459476098418236,0.004459476564079523,
q3s1u8j5,R_ref,0,210,0.0704072117805481,0.0704072117805481,0.056229475885629654,0.26524412631988525,0.21995900571346283,0.24057717621326447,0.27650102972984314,0.045959193259477615,0.004595919046550989,
q3s1u8j5,R_ref,0,211,0.08983588963747025,0.08983588963747025,0.06411834806203842,0.26311394572257996,0.19734857976436615,0.2450452446937561,0.27506810426712036,0.04416920617222786,0.004416920244693756,
q3s1u8j5,R_ref,0,212,0.08025234192609787,0.08025234192609787,0.061193834990262985,0.2640480399131775,0.1922120749950409,0.24403302371501923,0.24078494310379028,0.04837387055158615,0.004837388172745705,
q3s1u8j5,R_ref,0,213,0.08152785897254944,0.08152785897254944,0.06854253262281418,0.2630217671394348,0.17918266355991364,0.20751525461673737,0.2757683992385864,0.07106811553239822,0.007106810808181763,
q3s1u8j5,R_ref,0,214,0.08042692393064499,0.08042692393064499,0.06932064890861511,0.26288536190986633,0.16222821176052094,0.22160589694976807,0.2544076144695282,0.056466586887836456,0.005646658595651388,
q3s1u8j5,R_ref,0,215,0.10385563969612122,0.10385563969612122,0.06074652448296547,0.2618093192577362,0.16861800849437714,0.215851828455925,0.3018142580986023,0.058619219809770584,0.005861921701580286,
q3s1u8j5,R_ref,0,216,0.09997150301933289,0.09997150301933289,0.0710487961769104,0.26272183656692505,0.2005332112312317,0.2371014654636383,0.24012723565101624,0.04943444952368736,0.004943443927913904,
q3s1u8j5,R_ref,0,217,0.08547123521566391,0.08547123521566391,0.0660315752029419,0.26208260655403137,0.1559998244047165,0.23340682685375214,0.2407808005809784,0.056227512657642365,0.005622751545161009,
q3s1u8j5,R_ref,0,218,0.10070338845252991,0.10070338845252991,0.06497091799974442,0.26140111684799194,0.1527615338563919,0.2353530377149582,0.23813171684741974,0.053638629615306854,0.005363863427191973,
q3s1u8j5,R_ref,0,219,0.10807354748249054,0.10807354748249054,0.07293163239955902,0.26236048340797424,0.16934996843338013,0.23812997341156006,0.24867184460163116,0.05210287868976593,0.005210287868976593,
q3s1u8j5,R_ref,0,220,0.0997348353266716,0.0997348353266716,0.07114902138710022,0.2633240818977356,0.2167125791311264,0.24767805635929108,0.30677226185798645,0.040903519839048386,0.004090352449566126,
q3s1u8j5,R_ref,0,221,0.10780678689479828,0.10780678689479828,0.0708128809928894,0.2614235281944275,0.18339473009109497,0.24033570289611816,0.27976951003074646,0.05073702335357666,0.005073703825473785,
q3s1u8j5,R_ref,0,222,0.0760592594742775,0.0760592594742775,0.05177285522222519,0.26547515392303467,0.22119612991809845,0.2415744662284851,0.31644949316978455,0.051857803016901016,0.005185780115425587,
q3s1u8j5,R_ref,0,223,0.10661450028419495,0.10661450028419495,0.07151319086551666,0.2624977231025696,0.21292704343795776,0.2485477477312088,0.24715760350227356,0.05089791491627693,0.0050897919572889805,
q3s1u8j5,R_ref,0,224,0.10613813251256943,0.10613813251256943,0.06950359791517258,0.26370862126350403,0.22153858840465546,0.24729683995246887,0.23577094078063965,0.04275687411427498,0.00427568843588233,
q3s1u8j5,R_ref,0,225,0.11783546954393387,0.11783546954393387,0.06378357857465744,0.26169437170028687,0.1783033013343811,0.23503975570201874,0.2504064440727234,0.06151624396443367,0.0061516244895756245,
q3s1u8j5,R_ref,0,226,0.06872794032096863,0.06872794032096863,0.0673210620880127,0.26631566882133484,0.23083418607711792,0.2454248070716858,0.26770779490470886,0.046965233981609344,0.004696523305028677,
q3s1u8j5,R_ref,0,227,0.10055522620677948,0.10055522620677948,0.0792112797498703,0.26133984327316284,0.16395868360996246,0.24343864619731903,0.24111492931842804,0.04948793351650238,0.0049487934447824955,
q3s1u8j5,R_ref,0,228,0.09075561165809631,0.09075561165809631,0.061603009700775146,0.2635394036769867,0.19368863105773926,0.2492867261171341,0.23240850865840912,0.04803944006562233,0.004803943447768688,
q3s1u8j5,R_ref,0,229,0.10139574855566025,0.10139574855566025,0.07372164726257324,0.2621549665927887,0.16614705324172974,0.2532738149166107,0.25754284858703613,0.04021900147199631,0.004021899309009314,
q3s1u8j5,R_ref,0,230,0.10273783653974533,0.10273783653974533,0.06347893178462982,0.26338231563568115,0.19523204863071442,0.25264525413513184,0.2448895126581192,0.045926451683044434,0.004592644516378641,
q3s1u8j5,R_ref,0,231,0.0790085718035698,0.0790085718035698,0.07159870117902756,0.2651442587375641,0.228430837392807,0.2482774704694748,0.28079262375831604,0.050313886255025864,0.005031387787312269,
q3s1u8j5,R_ref,0,232,0.09992844611406326,0.09992844611406326,0.07540386915206909,0.2635980546474457,0.2098282426595688,0.2603673040866852,0.26855379343032837,0.040764521807432175,0.004076452925801277,
q3s1u8j5,R_ref,0,233,0.08199281990528107,0.08199281990528107,0.07789026200771332,0.2656180262565613,0.251227468252182,0.25951993465423584,0.23789013922214508,0.04194919392466545,0.004194919485598803,
q3s1u8j5,R_ref,0,234,0.10498464107513428,0.10498464107513428,0.06533980369567871,0.26494646072387695,0.25228556990623474,0.2552547752857208,0.2589653730392456,0.04716763272881508,0.0047167628072202206,
q3s1u8j5,R_ref,0,235,0.10200068354606628,0.10200068354606628,0.07060938328504562,0.26304155588150024,0.219117671251297,0.2514593005180359,0.28928691148757935,0.05016443505883217,0.005016442388296127,
q3s1u8j5,R_ref,0,236,0.06447362154722214,0.06447362154722214,0.07214298844337463,0.2633708715438843,0.17211128771305084,0.2562679052352905,0.24763654172420502,0.04327245429158211,0.004327245522290468,
q3s1u8j5,R_ref,0,237,0.08229370415210724,0.08229370415210724,0.0724121481180191,0.2634330093860626,0.1780702769756317,0.2544832229614258,0.25345513224601746,0.04857867956161499,0.004857867956161499,
q3s1u8j5,R_ref,0,238,0.07324862480163574,0.07324862480163574,0.0736376941204071,0.26341694593429565,0.18216951191425323,0.24990595877170563,0.23479115962982178,0.05369408801198006,0.005369408987462521,
q3s1u8j5,R_ref,0,239,0.08269016444683075,0.08269016444683075,0.07990184426307678,0.26399290561676025,0.20967641472816467,0.25549212098121643,0.25214526057243347,0.04077084735035896,0.0040770843625068665,
q3s1u8j5,R_ref,0,240,0.08902516216039658,0.08902516216039658,0.0729290246963501,0.26383116841316223,0.21699224412441254,0.26449623703956604,0.2318711280822754,0.04037206992506981,0.004037206526845694,
q3s1u8j5,R_ref,0,241,0.06577496975660324,0.06577496975660324,0.0769871324300766,0.26455119252204895,0.19771134853363037,0.2625041902065277,0.25316232442855835,0.043284039944410324,0.004328403156250715,
q3s1u8j5,R_ref,0,242,0.08941008150577545,0.08941008150577545,0.07708880305290222,0.26304489374160767,0.19994957745075226,0.26642733812332153,0.2872874140739441,0.04230983927845955,0.004230983555316925,
q3s1u8j5,R_ref,0,243,0.07905634492635727,0.07905634492635727,0.07137037068605423,0.26598063111305237,0.25657689571380615,0.26250219345092773,0.29254940152168274,0.04107416421175003,0.004107416141778231,
q3s1u8j5,R_ref,0,244,0.0501900389790535,0.0501900389790535,0.0709417462348938,0.2666480243206024,0.2217700034379959,0.2618810534477234,0.24469895660877228,0.04621352627873421,0.004621353931725025,
q3s1u8j5,R_ref,0,245,0.09689030051231384,0.09689030051231384,0.07342812418937683,0.2630230188369751,0.18762721121311188,0.25957241654396057,0.23502112925052643,0.052438270300626755,0.0052438280545175076,
q3s1u8j5,R_ref,0,246,0.09435808658599854,0.09435808658599854,0.07974841445684433,0.2634247839450836,0.22177669405937195,0.2657359838485718,0.26393988728523254,0.045409150421619415,0.004540914669632912,
q3s1u8j5,R_ref,0,247,0.09314274787902832,0.09314274787902832,0.07693631201982498,0.26473042368888855,0.2436901181936264,0.2662096321582794,0.26879391074180603,0.04542946070432663,0.004542945884168148,
q3s1u8j5,R_ref,0,248,0.08783049881458282,0.08783049881458282,0.07475557923316956,0.26362520456314087,0.20682211220264435,0.2577962875366211,0.2472272664308548,0.05699939653277397,0.005699940025806427,
q3s1u8j5,R_ref,0,249,0.09268296509981155,0.09268296509981155,0.07054030895233154,0.26373979449272156,0.21317791938781738,0.2636203467845917,0.23935917019844055,0.0447922945022583,0.004479229915887117,
q3s1u8j5,R_ref,0,250,0.08440259844064713,0.08440259844064713,0.06704207509756088,0.26480698585510254,0.24071018397808075,0.26475822925567627,0.27759668231010437,0.0514519102871418,0.005145191214978695,
q3s1u8j5,R_ref,0,251,0.08395018428564072,0.08395018428564072,0.07603177428245544,0.26377367973327637,0.21242254972457886,0.2634322941303253,0.2601315379142761,0.04775730520486832,0.004775729496032,
q3s1u8j5,R_ref,0,252,0.07701265811920166,0.07701265811920166,0.07548900693655014,0.26469549536705017,0.22660300135612488,0.2659532129764557,0.2487882524728775,0.0464744009077549,0.004647441208362579,
q3s1u8j5,R_ref,0,253,0.0951455682516098,0.0951455682516098,0.06968220323324203,0.2635928988456726,0.2129484862089157,0.2699372470378876,0.26047295331954956,0.04598021134734154,0.004598020575940609,
q3s1u8j5,R_ref,0,254,0.0467563234269619,0.0467563234269619,0.06795410066843033,0.2655715346336365,0.2066183239221573,0.2660987675189972,0.23218001425266266,0.05450011417269707,0.005450011231005192,
q3s1u8j5,R_ref,0,255,0.06828664988279343,0.06828664988279343,0.06550554931163788,0.2646905183792114,0.20933638513088226,0.26281896233558655,0.26286861300468445,0.05445209518074989,0.005445208866149187,
q3s1u8j5,R_ref,0,256,0.07353764772415161,0.07353764772415161,0.07622222602367401,0.26413068175315857,0.20023757219314575,0.2726084887981415,0.25290799140930176,0.04583510383963585,0.004583511035889387,
q3s1u8j5,R_ref,0,257,0.10544890910387039,0.10544890910387039,0.08060614764690399,0.26165100932121277,0.18876497447490692,0.2690357267856598,0.26064789295196533,0.05293421819806099,0.005293421447277069,
q3s1u8j5,R_ref,0,258,0.0982668399810791,0.0982668399810791,0.07928991317749023,0.2616771459579468,0.1852189600467682,0.27638009190559387,0.24795059859752655,0.043055757880210876,0.004305575508624315,
q3s1u8j5,R_ref,0,259,0.10233382880687714,0.10233382880687714,0.08590371906757355,0.26316675543785095,0.23647338151931763,0.2712320387363434,0.2737446129322052,0.049853965640068054,0.004985397215932608,
q3s1u8j5,R_ref,0,260,0.09835021942853928,0.09835021942853928,0.08842607587575912,0.26334840059280396,0.23405872285366058,0.27006256580352783,0.29309841990470886,0.05250843986868858,0.005250844638794661,
q3s1u8j5,R_ref,0,261,0.07971770316362381,0.07971770316362381,0.07532574236392975,0.26348164677619934,0.18390142917633057,0.2679295539855957,0.21418744325637817,0.05532022565603256,0.005532023496925831,
q3s1u8j5,R_ref,0,262,0.09982486814260483,0.09982486814260483,0.0787862092256546,0.261775940656662,0.18019931018352509,0.270293265581131,0.25565841794013977,0.051916129887104034,0.0051916129887104034,
q3s1u8j5,R_ref,0,263,0.09914357960224152,0.09914357960224152,0.0794980600476265,0.26242709159851074,0.19134223461151123,0.2776415944099426,0.29251235723495483,0.05426943674683571,0.005426943302154541,
q3s1u8j5,R_ref,0,264,0.10315544158220291,0.10315544158220291,0.08767705410718918,0.2631632089614868,0.21905238926410675,0.2675667405128479,0.24754580855369568,0.0550994947552681,0.005509949289262295,
q3s1u8j5,R_ref,0,265,0.10752569884061813,0.10752569884061813,0.08179012686014175,0.26132434606552124,0.16768062114715576,0.27674803137779236,0.24494534730911255,0.05065177381038666,0.005065177567303181,
q3s1u8j5,R_ref,0,266,0.06909171491861343,0.06909171491861343,0.08870349824428558,0.26427730917930603,0.2139310985803604,0.26723623275756836,0.2843526303768158,0.055127743631601334,0.005512774456292391,
q3s1u8j5,R_ref,0,267,0.09319380670785904,0.09319380670785904,0.08670086413621902,0.26546531915664673,0.2578212320804596,0.2616926431655884,0.22342070937156677,0.06047455593943596,0.006047455128282309,
q3s1u8j5,R_ref,0,268,0.06344125419855118,0.06344125419855118,0.07611993700265884,0.264878511428833,0.20576520264148712,0.26822397112846375,0.2995714247226715,0.056163590401411057,0.005616358481347561,
q3s1u8j5,R_ref,0,269,0.07699446380138397,0.07699446380138397,0.07473983615636826,0.26428547501564026,0.21054621040821075,0.2722392976284027,0.2556290626525879,0.047908853739500046,0.004790886305272579,
q3s1u8j5,R_ref,0,270,0.09366720169782639,0.09366720169782639,0.0660664364695549,0.26219698786735535,0.1659279763698578,0.27297112345695496,0.22013770043849945,0.05136699602007866,0.005136699881404638,
q3s1u8j5,R_ref,0,271,0.07151241600513458,0.07151241600513458,0.07808578014373779,0.2637489438056946,0.19064168632030487,0.27461135387420654,0.225114643573761,0.04649118706583977,0.0046491194516420364,
q3s1u8j5,R_ref,0,272,0.08314080536365509,0.08314080536365509,0.07750459760427475,0.2636290490627289,0.19928325712680817,0.2817082405090332,0.23025746643543243,0.04382136091589928,0.004382135812193155,
q3s1u8j5,R_ref,0,273,0.0955326035618782,0.0955326035618782,0.08615823835134506,0.2633785009384155,0.23241026699543,0.28025081753730774,0.22703440487384796,0.04476549103856087,0.004476550035178661,
q3s1u8j5,R_ref,0,274,0.08446818590164185,0.08446818590164185,0.07553667575120926,0.26570799946784973,0.25034207105636597,0.2835993468761444,0.2125258594751358,0.04890536144375801,0.0048905364237725735,
q3s1u8j5,R_ref,0,275,0.09770922362804413,0.09770922362804413,0.08563915640115738,0.26270774006843567,0.206714928150177,0.2823601961135864,0.27504420280456543,0.05150898918509483,0.005150898359715939,
q3s1u8j5,R_ref,0,276,0.09967567771673203,0.09967567771673203,0.0797504186630249,0.2631673514842987,0.21412447094917297,0.2840460538864136,0.29048651456832886,0.04814236983656883,0.0048142378218472,
q3s1u8j5,R_ref,0,277,0.08433331549167633,0.08433331549167633,0.07560975104570389,0.26418259739875793,0.2172105461359024,0.2831868827342987,0.24330838024616241,0.049543436616659164,0.004954344127327204,
q3s1u8j5,R_ref,0,278,0.10301590710878372,0.10301590710878372,0.07075397670269012,0.26308998465538025,0.22496287524700165,0.2816457748413086,0.23602843284606934,0.047676242887973785,0.004767622798681259,
q3s1u8j5,R_ref,0,279,0.09779177606105804,0.09779177606105804,0.08169638365507126,0.26179638504981995,0.1818457543849945,0.28792819380760193,0.27449139952659607,0.044483523815870285,0.004448352847248316,
q3s1u8j5,R_ref,0,280,0.10354004800319672,0.10354004800319672,0.08962122350931168,0.26252490282058716,0.1945730298757553,0.28244590759277344,0.2574259042739868,0.05282780900597572,0.005282781086862087,
q3s1u8j5,R_ref,0,281,0.09139738231897354,0.09139738231897354,0.08917385339736938,0.2634749412536621,0.20540755987167358,0.28194987773895264,0.22267073392868042,0.05258052796125412,0.005258053075522184,
q3s1u8j5,R_ref,0,282,0.1002647802233696,0.1002647802233696,0.08843012899160385,0.2644009590148926,0.24698969721794128,0.28804031014442444,0.2617235481739044,0.046696655452251434,0.004669667221605778,
q3s1u8j5,R_ref,0,283,0.08855349570512772,0.08855349570512772,0.08905017375946045,0.2640553116798401,0.21809417009353638,0.28454554080963135,0.24712347984313965,0.05220658332109451,0.005220657680183649,
q3s1u8j5,R_ref,0,284,0.10099095851182938,0.10099095851182938,0.09273877739906311,0.2632448971271515,0.22584168612957,0.29137879610061646,0.25540831685066223,0.050137560814619064,0.005013755988329649,
q3s1u8j5,R_ref,0,285,0.09958261996507645,0.09958261996507645,0.07537627965211868,0.2638583481311798,0.22030624747276306,0.288281112909317,0.2801692485809326,0.048815224319696426,0.0048815226182341576,
q3s1u8j5,R_ref,0,286,0.09789938479661942,0.09789938479661942,0.09054554253816605,0.2623017132282257,0.18585734069347382,0.2814112603664398,0.20913882553577423,0.061231110244989395,0.006123111583292484,
q3s1u8j5,R_ref,0,287,0.10720117390155792,0.10720117390155792,0.09442862123250961,0.2617034614086151,0.203992560505867,0.2787192165851593,0.25039902329444885,0.05648155137896538,0.00564815616235137,
q3s1u8j5,R_ref,0,288,0.09492485225200653,0.09492485225200653,0.09176728874444962,0.263435035943985,0.1999848186969757,0.2851485311985016,0.2729403078556061,0.047858722507953644,0.004785871133208275,
q3s1u8j5,R_ref,0,289,0.1116877943277359,0.1116877943277359,0.083535335958004,0.2639605700969696,0.26764872670173645,0.2835698425769806,0.2709783911705017,0.057306401431560516,0.0057306415401399136,
q3s1u8j5,R_ref,0,290,0.08444470167160034,0.08444470167160034,0.07516226917505264,0.2633068263530731,0.19672791659832,0.2893930971622467,0.2927702069282532,0.05086800083518028,0.005086799617856741,
q3s1u8j5,R_ref,0,291,0.09653500467538834,0.09653500467538834,0.08031663298606873,0.2636635899543762,0.22877822816371918,0.2922419011592865,0.26000604033470154,0.04372980818152428,0.004372980445623398,
q3s1u8j5,R_ref,0,292,0.08346264064311981,0.08346264064311981,0.09130233526229858,0.2635648846626282,0.2171919345855713,0.2935611605644226,0.28721219301223755,0.04757775366306305,0.00475777592509985,
q3s1u8j5,R_ref,0,293,0.0689760148525238,0.0689760148525238,0.08806442469358444,0.26308387517929077,0.18610318005084991,0.29092055559158325,0.2461245059967041,0.06238406151533127,0.006238406058400869,
q3s1u8j5,R_ref,0,294,0.07471940666437149,0.07471940666437149,0.0895550400018692,0.263763427734375,0.1945180594921112,0.2913760840892792,0.28190580010414124,0.04876219481229782,0.004876221064478159,
q3s1u8j5,R_ref,0,295,0.09762822836637497,0.09762822836637497,0.0900765210390091,0.2648581266403198,0.2532491683959961,0.28554269671440125,0.23548637330532074,0.0468476228415966,0.004684761166572571,
q3s1u8j5,R_ref,0,296,0.09172762930393219,0.09172762930393219,0.0863204374909401,0.26493752002716064,0.23867762088775635,0.2885724604129791,0.3052903115749359,0.058319006115198135,0.005831900518387556,
q3s1u8j5,R_ref,0,297,0.09600824862718582,0.09600824862718582,0.09519175440073013,0.2646551728248596,0.2560786008834839,0.29238182306289673,0.25631818175315857,0.048718102276325226,0.004871808923780918,
q3s1u8j5,R_ref,0,298,0.10701083391904831,0.10701083391904831,0.0973060131072998,0.262523889541626,0.22437183558940887,0.30040445923805237,0.24647200107574463,0.039039235562086105,0.0039039230905473232,
q3s1u8j5,R_ref,0,299,0.07902995496988297,0.07902995496988297,0.08852995932102203,0.26390761137008667,0.22473976016044617,0.2940558195114136,0.2256871461868286,0.05564679950475693,0.005564680323004723,
q3s1u8j5,R_ref,0,300,,,,,,,0.2603139579296112,,,
q3s1u8j5,R_ref,0,301,,,,,,,0.22796915471553802,,,
q3s1u8j5,R_ref,0,302,,,,,,,0.26926201581954956,,,
q3s1u8j5,R_ref,0,303,,,,,,,0.2551838457584381,,,
q3s1u8j5,R_ref,0,304,,,,,,,0.2610083520412445,,,
q3s1u8j5,R_ref,0,305,,,,,,,0.27587753534317017,,,
q3s1u8j5,R_ref,0,306,,,,,,,0.2569315433502197,,,
q3s1u8j5,R_ref,0,307,,,,,,,0.23173178732395172,,,
q3s1u8j5,R_ref,0,308,,,,,,,0.2428962141275406,,,
q3s1u8j5,R_ref,0,309,,,,,,,0.271147757768631,,,
q3s1u8j5,R_ref,0,310,,,,,,,0.23760074377059937,,,
q3s1u8j5,R_ref,0,311,,,,,,,0.295727014541626,,,
q3s1u8j5,R_ref,0,312,,,,,,,0.24519389867782593,,,
q3s1u8j5,R_ref,0,313,,,,,,,0.2542385756969452,,,
q3s1u8j5,R_ref,0,314,,,,,,,0.2547764480113983,,,
q3s1u8j5,R_ref,0,315,,,,,,,0.24330799281597137,,,
q3s1u8j5,R_ref,0,316,,,,,,,0.23828932642936707,,,
q3s1u8j5,R_ref,0,317,,,,,,,0.24416331946849823,,,
q3s1u8j5,R_ref,0,318,,,,,,,0.26771074533462524,,,
q3s1u8j5,R_ref,0,319,,,,,,,0.23915666341781616,,,
q3s1u8j5,R_ref,0,320,,,,,,,0.29037582874298096,,,
q3s1u8j5,R_ref,0,321,,,,,,,0.28426826000213623,,,
q3s1u8j5,R_ref,0,322,,,,,,,0.26780059933662415,,,
q3s1u8j5,R_ref,0,323,,,,,,,0.24313998222351074,,,
q3s1u8j5,R_ref,0,324,,,,,,,0.21305133402347565,,,
q3s1u8j5,R_ref,0,325,,,,,,,0.24108299612998962,,,
q3s1u8j5,R_ref,0,326,,,,,,,0.25439560413360596,,,
q3s1u8j5,R_ref,0,327,,,,,,,0.24791313707828522,,,
q3s1u8j5,R_ref,0,328,,,,,,,0.25071778893470764,,,
q3s1u8j5,R_ref,0,329,,,,,,,0.2769196927547455,,,
q3s1u8j5,R_ref,0,330,,,,,,,0.26765626668930054,,,
q3s1u8j5,R_ref,0,331,,,,,,,0.30435678362846375,,,
q3s1u8j5,R_ref,0,332,,,,,,,0.2364041954278946,,,
q3s1u8j5,R_ref,0,333,,,,,,,0.2882731854915619,,,
q3s1u8j5,R_ref,0,334,,,,,,,0.23750977218151093,,,
q3s1u8j5,R_ref,0,335,,,,,,,0.2597093880176544,,,
q3s1u8j5,R_ref,0,336,,,,,,,0.26180145144462585,,,
q3s1u8j5,R_ref,0,337,,,,,,,0.24668049812316895,,,
q3s1u8j5,R_ref,0,338,,,,,,,0.285854309797287,,,
q3s1u8j5,R_ref,0,339,,,,,,,0.2821369767189026,,,
q3s1u8j5,R_ref,0,340,,,,,,,0.2625904083251953,,,
q3s1u8j5,R_ref,0,341,,,,,,,0.2547856569290161,,,
q3s1u8j5,R_ref,0,342,,,,,,,0.3040945827960968,,,
q3s1u8j5,R_ref,0,343,,,,,,,0.26564857363700867,,,
q3s1u8j5,R_ref,0,344,,,,,,,0.23611998558044434,,,
q3s1u8j5,R_ref,0,345,,,,,,,0.2832607328891754,,,
q3s1u8j5,R_ref,0,346,,,,,,,0.24474284052848816,,,
q3s1u8j5,R_ref,0,347,,,,,,,0.2859131395816803,,,
q3s1u8j5,R_ref,0,348,,,,,,,0.255647212266922,,,
q3s1u8j5,R_ref,0,349,,,,,,,0.24241982400417328,,,
q3s1u8j5,R_ref,0,350,,,,,,,0.21289575099945068,,,
q3s1u8j5,R_ref,0,351,,,,,,,0.2886994481086731,,,
q3s1u8j5,R_ref,0,352,,,,,,,0.25642654299736023,,,
q3s1u8j5,R_ref,0,353,,,,,,,0.22652404010295868,,,
q3s1u8j5,R_ref,0,354,,,,,,,0.25559818744659424,,,
q3s1u8j5,R_ref,0,355,,,,,,,0.22970278561115265,,,
q3s1u8j5,R_ref,0,356,,,,,,,0.22713316977024078,,,
q3s1u8j5,R_ref,0,357,,,,,,,0.23337973654270172,,,
q3s1u8j5,R_ref,0,358,,,,,,,0.2487877756357193,,,
q3s1u8j5,R_ref,0,359,,,,,,,0.23461812734603882,,,
q3s1u8j5,R_ref,0,360,,,,,,,0.24480418860912323,,,
q3s1u8j5,R_ref,0,361,,,,,,,0.24968910217285156,,,
q3s1u8j5,R_ref,0,362,,,,,,,0.2233312427997589,,,
q3s1u8j5,R_ref,0,363,,,,,,,0.2368764877319336,,,
q3s1u8j5,R_ref,0,364,,,,,,,0.24932685494422913,,,
q3s1u8j5,R_ref,0,365,,,,,,,0.2502778172492981,,,
q3s1u8j5,R_ref,0,366,,,,,,,0.27099964022636414,,,
q3s1u8j5,R_ref,0,367,,,,,,,0.25698965787887573,,,
q3s1u8j5,R_ref,0,368,,,,,,,0.28648054599761963,,,
q3s1u8j5,R_ref,0,369,,,,,,,0.242826446890831,,,
q3s1u8j5,R_ref,0,370,,,,,,,0.2431483417749405,,,
q3s1u8j5,R_ref,0,371,,,,,,,0.23681733012199402,,,
q3s1u8j5,R_ref,0,372,,,,,,,0.22564709186553955,,,
q3s1u8j5,R_ref,0,373,,,,,,,0.28507769107818604,,,
q3s1u8j5,R_ref,0,374,,,,,,,0.2499331682920456,,,
q3s1u8j5,R_ref,0,375,,,,,,,0.25070565938949585,,,
q3s1u8j5,R_ref,0,376,,,,,,,0.23462709784507751,,,
q3s1u8j5,R_ref,0,377,,,,,,,0.3215404748916626,,,
q3s1u8j5,R_ref,0,378,,,,,,,0.23942220211029053,,,
q3s1u8j5,R_ref,0,379,,,,,,,0.28114476799964905,,,
q3s1u8j5,R_ref,0,380,,,,,,,0.28439170122146606,,,
q3s1u8j5,R_ref,0,381,,,,,,,0.25568097829818726,,,
q3s1u8j5,R_ref,0,382,,,,,,,0.2713584899902344,,,
q3s1u8j5,R_ref,0,383,,,,,,,0.2531450688838959,,,
q3s1u8j5,R_ref,0,384,,,,,,,0.232867032289505,,,
q3s1u8j5,R_ref,0,385,,,,,,,0.2466755211353302,,,
q3s1u8j5,R_ref,0,386,,,,,,,0.26562803983688354,,,
q3s1u8j5,R_ref,0,387,,,,,,,0.24008892476558685,,,
q3s1u8j5,R_ref,0,388,,,,,,,0.23485957086086273,,,
q3s1u8j5,R_ref,0,389,,,,,,,0.24951644241809845,,,
q3s1u8j5,R_ref,0,390,,,,,,,0.26403820514678955,,,
q3s1u8j5,R_ref,0,391,,,,,,,0.24175724387168884,,,
q3s1u8j5,R_ref,0,392,,,,,,,0.25420162081718445,,,
q3s1u8j5,R_ref,0,393,,,,,,,0.25457409024238586,,,
q3s1u8j5,R_ref,0,394,,,,,,,0.2511022388935089,,,
q3s1u8j5,R_ref,0,395,,,,,,,0.2560911476612091,,,
q3s1u8j5,R_ref,0,396,,,,,,,0.2610059380531311,,,
q3s1u8j5,R_ref,0,397,,,,,,,0.28592199087142944,,,
q3s1u8j5,R_ref,0,398,,,,,,,0.2562018036842346,,,
q3s1u8j5,R_ref,0,399,,,,,,,0.27011778950691223,,,
q3s1u8j5,R_ref,0,400,,,,,,,0.22507156431674957,,,
q3s1u8j5,R_ref,0,401,,,,,,,0.2655370235443115,,,
q3s1u8j5,R_ref,0,402,,,,,,,0.27333274483680725,,,
q3s1u8j5,R_ref,0,403,,,,,,,0.24326667189598083,,,
q3s1u8j5,R_ref,0,404,,,,,,,0.26082006096839905,,,
q3s1u8j5,R_ref,0,405,,,,,,,0.225560262799263,,,
q3s1u8j5,R_ref,0,406,,,,,,,0.26646503806114197,,,
q3s1u8j5,R_ref,0,407,,,,,,,0.28204602003097534,,,
q3s1u8j5,R_ref,0,408,,,,,,,0.2678733468055725,,,
q3s1u8j5,R_ref,0,409,,,,,,,0.2684032917022705,,,
q3s1u8j5,R_ref,0,410,,,,,,,0.24606938660144806,,,
q3s1u8j5,R_ref,0,411,,,,,,,0.2526281774044037,,,
q3s1u8j5,R_ref,0,412,,,,,,,0.26114147901535034,,,
q3s1u8j5,R_ref,0,413,,,,,,,0.2561681866645813,,,
q3s1u8j5,R_ref,0,414,,,,,,,0.27382710576057434,,,
q3s1u8j5,R_ref,0,415,,,,,,,0.23068664968013763,,,
q3s1u8j5,R_ref,0,416,,,,,,,0.2651319205760956,,,
q3s1u8j5,R_ref,0,417,,,,,,,0.24974456429481506,,,
q3s1u8j5,R_ref,0,418,,,,,,,0.2514555752277374,,,
q3s1u8j5,R_ref,0,419,,,,,,,0.2399812787771225,,,
q3s1u8j5,R_ref,0,420,,,,,,,0.236837238073349,,,
q3s1u8j5,R_ref,0,421,,,,,,,0.23351722955703735,,,
q3s1u8j5,R_ref,0,422,,,,,,,0.22854770720005035,,,
q3s1u8j5,R_ref,0,423,,,,,,,0.24655313789844513,,,
q3s1u8j5,R_ref,0,424,,,,,,,0.25194644927978516,,,
q3s1u8j5,R_ref,0,425,,,,,,,0.28645142912864685,,,
q3s1u8j5,R_ref,0,426,,,,,,,0.25068873167037964,,,
q3s1u8j5,R_ref,0,427,,,,,,,0.24779435992240906,,,
q3s1u8j5,R_ref,0,428,,,,,,,0.2746891379356384,,,
q3s1u8j5,R_ref,0,429,,,,,,,0.2409043312072754,,,
q3s1u8j5,R_ref,0,430,,,,,,,0.2870522141456604,,,
q3s1u8j5,R_ref,0,431,,,,,,,0.24619483947753906,,,
q3s1u8j5,R_ref,0,432,,,,,,,0.2564188539981842,,,
q3s1u8j5,R_ref,0,433,,,,,,,0.2323961853981018,,,
q3s1u8j5,R_ref,0,434,,,,,,,0.21843895316123962,,,
q3s1u8j5,R_ref,0,435,,,,,,,0.32137513160705566,,,
q3s1u8j5,R_ref,0,436,,,,,,,0.25904688239097595,,,
q3s1u8j5,R_ref,0,437,,,,,,,0.24949021637439728,,,
q3s1u8j5,R_ref,0,438,,,,,,,0.247391015291214,,,
q3s1u8j5,R_ref,0,439,,,,,,,0.2881530523300171,,,
q3s1u8j5,R_ref,0,440,,,,,,,0.25670289993286133,,,
q3s1u8j5,R_ref,0,441,,,,,,,0.2296667844057083,,,
q3s1u8j5,R_ref,0,442,,,,,,,0.27498146891593933,,,
q3s1u8j5,R_ref,0,443,,,,,,,0.2671765983104706,,,
q3s1u8j5,R_ref,0,444,,,,,,,0.27985212206840515,,,
q3s1u8j5,R_ref,0,445,,,,,,,0.2781117558479309,,,
q3s1u8j5,R_ref,0,446,,,,,,,0.26123046875,,,
q3s1u8j5,R_ref,0,447,,,,,,,0.22818806767463684,,,
q3s1u8j5,R_ref,0,448,,,,,,,0.21583035588264465,,,
q3s1u8j5,R_ref,0,449,,,,,,,0.2510331869125366,,,
q3s1u8j5,R_ref,0,450,,,,,,,0.24521510303020477,,,
q3s1u8j5,R_ref,0,451,,,,,,,0.2606682777404785,,,
q3s1u8j5,R_ref,0,452,,,,,,,0.2599012553691864,,,
q3s1u8j5,R_ref,0,453,,,,,,,0.21098434925079346,,,
q3s1u8j5,R_ref,0,454,,,,,,,0.23370838165283203,,,
q3s1u8j5,R_ref,0,455,,,,,,,0.2397763878107071,,,
q3s1u8j5,R_ref,0,456,,,,,,,0.25824031233787537,,,
q3s1u8j5,R_ref,0,457,,,,,,,0.24598607420921326,,,
q3s1u8j5,R_ref,0,458,,,,,,,0.25598007440567017,,,
q3s1u8j5,R_ref,0,459,,,,,,,0.23713509738445282,,,
q3s1u8j5,R_ref,0,460,,,,,,,0.29897576570510864,,,
q3s1u8j5,R_ref,0,461,,,,,,,0.25180408358573914,,,
q3s1u8j5,R_ref,0,462,,,,,,,0.2761031985282898,,,
q3s1u8j5,R_ref,0,463,,,,,,,0.23993369936943054,,,
q3s1u8j5,R_ref,0,464,,,,,,,0.2405594140291214,,,
q3s1u8j5,R_ref,0,465,,,,,,,0.2592179477214813,,,
q3s1u8j5,R_ref,0,466,,,,,,,0.295931875705719,,,
q3s1u8j5,R_ref,0,467,,,,,,,0.26074618101119995,,,
q3s1u8j5,R_ref,0,468,,,,,,,0.20750752091407776,,,
q3s1u8j5,R_ref,0,469,,,,,,,0.26372388005256653,,,
q3s1u8j5,R_ref,0,470,,,,,,,0.31581419706344604,,,
q3s1u8j5,R_ref,0,471,,,,,,,0.27496427297592163,,,
q3s1u8j5,R_ref,0,472,,,,,,,0.22316822409629822,,,
q3s1u8j5,R_ref,0,473,,,,,,,0.2463218867778778,,,
q3s1u8j5,R_ref,0,474,,,,,,,0.2531065344810486,,,
q3s1u8j5,R_ref,0,475,,,,,,,0.2703855335712433,,,
q3s1u8j5,R_ref,0,476,,,,,,,0.2112249881029129,,,
q3s1u8j5,R_ref,0,477,,,,,,,0.27771663665771484,,,
q3s1u8j5,R_ref,0,478,,,,,,,0.27830836176872253,,,
q3s1u8j5,R_ref,0,479,,,,,,,0.2653505206108093,,,
q3s1u8j5,R_ref,0,480,,,,,,,0.24090909957885742,,,
q3s1u8j5,R_ref,0,481,,,,,,,0.2753351628780365,,,
q3s1u8j5,R_ref,0,482,,,,,,,0.2554239332675934,,,
q3s1u8j5,R_ref,0,483,,,,,,,0.2508748471736908,,,
q3s1u8j5,R_ref,0,484,,,,,,,0.238432839512825,,,
q3s1u8j5,R_ref,0,485,,,,,,,0.24404262006282806,,,
q3s1u8j5,R_ref,0,486,,,,,,,0.26288604736328125,,,
q3s1u8j5,R_ref,0,487,,,,,,,0.27775487303733826,,,
q3s1u8j5,R_ref,0,488,,,,,,,0.26171958446502686,,,
q3s1u8j5,R_ref,0,489,,,,,,,0.2415451854467392,,,
q3s1u8j5,R_ref,0,490,,,,,,,0.2741657793521881,,,
q3s1u8j5,R_ref,0,491,,,,,,,0.2941771447658539,,,
q3s1u8j5,R_ref,0,492,,,,,,,0.22367927432060242,,,
q3s1u8j5,R_ref,0,493,,,,,,,0.2728278636932373,,,
q3s1u8j5,R_ref,0,494,,,,,,,0.2235238254070282,,,
q3s1u8j5,R_ref,0,495,,,,,,,0.2827274203300476,,,
q3s1u8j5,R_ref,0,496,,,,,,,0.2200482338666916,,,
q3s1u8j5,R_ref,0,497,,,,,,,0.24588555097579956,,,
q3s1u8j5,R_ref,0,498,,,,,,,0.25528934597969055,,,
q3s1u8j5,R_ref,0,499,,,,,,,0.24646727740764618,,,
q3s1u8j5,R_ref,0,500,,,,,,,0.2613488733768463,,,
q3s1u8j5,R_ref,0,501,,,,,,,0.3050225079059601,,,
q3s1u8j5,R_ref,0,502,,,,,,,0.23669400811195374,,,
q3s1u8j5,R_ref,0,503,,,,,,,0.22835326194763184,,,
q3s1u8j5,R_ref,0,504,,,,,,,0.20451423525810242,,,
q3s1u8j5,R_ref,0,505,,,,,,,0.2436562031507492,,,
q3s1u8j5,R_ref,0,506,,,,,,,0.22593866288661957,,,
q3s1u8j5,R_ref,0,507,,,,,,,0.21988418698310852,,,
q3s1u8j5,R_ref,0,508,,,,,,,0.2340141385793686,,,
q3s1u8j5,R_ref,0,509,,,,,,,0.2353515774011612,,,
q3s1u8j5,R_ref,0,510,,,,,,,0.272499144077301,,,
q3s1u8j5,R_ref,0,511,,,,,,,0.24974434077739716,,,
q3s1u8j5,R_ref,0,512,,,,,,,0.24285651743412018,,,
q3s1u8j5,R_ref,0,513,,,,,,,0.26953980326652527,,,
q3s1u8j5,R_ref,0,514,,,,,,,0.2607414424419403,,,
q3s1u8j5,R_ref,0,515,,,,,,,0.24388323724269867,,,
q3s1u8j5,R_ref,0,516,,,,,,,0.24565163254737854,,,
q3s1u8j5,R_ref,0,517,,,,,,,0.28035035729408264,,,
q3s1u8j5,R_ref,0,518,,,,,,,0.2580414116382599,,,
q3s1u8j5,R_ref,0,519,,,,,,,0.27018269896507263,,,
q3s1u8j5,R_ref,0,520,,,,,,,0.2696787118911743,,,
q3s1u8j5,R_ref,0,521,,,,,,,0.260263055562973,,,
q3s1u8j5,R_ref,0,522,,,,,,,0.2374187707901001,,,
q3s1u8j5,R_ref,0,523,,,,,,,0.261111855506897,,,
q3s1u8j5,R_ref,0,524,,,,,,,0.2307785004377365,,,
q3s1u8j5,R_ref,0,525,,,,,,,0.2354682832956314,,,
q3s1u8j5,R_ref,0,526,,,,,,,0.253467857837677,,,
q3s1u8j5,R_ref,0,527,,,,,,,0.23743775486946106,,,
q3s1u8j5,R_ref,0,528,,,,,,,0.2592478096485138,,,
q3s1u8j5,R_ref,0,529,,,,,,,0.2594459652900696,,,
q3s1u8j5,R_ref,0,530,,,,,,,0.26500263810157776,,,
q3s1u8j5,R_ref,0,531,,,,,,,0.24465340375900269,,,
q3s1u8j5,R_ref,0,532,,,,,,,0.26435670256614685,,,
q3s1u8j5,R_ref,0,533,,,,,,,0.24842609465122223,,,
q3s1u8j5,R_ref,0,534,,,,,,,0.2502809762954712,,,
q3s1u8j5,R_ref,0,535,,,,,,,0.24368296563625336,,,
q3s1u8j5,R_ref,0,536,,,,,,,0.25661781430244446,,,
q3s1u8j5,R_ref,0,537,,,,,,,0.22456857562065125,,,
q3s1u8j5,R_ref,0,538,,,,,,,0.252325177192688,,,
q3s1u8j5,R_ref,0,539,,,,,,,0.2694898247718811,,,
q3s1u8j5,R_ref,0,540,,,,,,,0.22653815150260925,,,
q3s1u8j5,R_ref,0,541,,,,,,,0.26207226514816284,,,
q3s1u8j5,R_ref,0,542,,,,,,,0.27738991379737854,,,
q3s1u8j5,R_ref,0,543,,,,,,,0.2354336529970169,,,
q3s1u8j5,R_ref,0,544,,,,,,,0.23756542801856995,,,
q3s1u8j5,R_ref,0,545,,,,,,,0.28284868597984314,,,
q3s1u8j5,R_ref,0,546,,,,,,,0.27375131845474243,,,
q3s1u8j5,R_ref,0,547,,,,,,,0.2432769387960434,,,
q3s1u8j5,R_ref,0,548,,,,,,,0.2911360561847687,,,
q3s1u8j5,R_ref,0,549,,,,,,,0.26139596104621887,,,
q3s1u8j5,R_ref,0,550,,,,,,,0.2622644901275635,,,
q3s1u8j5,R_ref,0,551,,,,,,,0.23688437044620514,,,
q3s1u8j5,R_ref,0,552,,,,,,,0.2574615478515625,,,
q3s1u8j5,R_ref,0,553,,,,,,,0.2786581218242645,,,
q3s1u8j5,R_ref,0,554,,,,,,,0.2306709736585617,,,
q3s1u8j5,R_ref,0,555,,,,,,,0.23420551419258118,,,
q3s1u8j5,R_ref,0,556,,,,,,,0.248481884598732,,,
q3s1u8j5,R_ref,0,557,,,,,,,0.21431007981300354,,,
q3s1u8j5,R_ref,0,558,,,,,,,0.22592037916183472,,,
q3s1u8j5,R_ref,0,559,,,,,,,0.28785061836242676,,,
q3s1u8j5,R_ref,0,560,,,,,,,0.27011528611183167,,,
q3s1u8j5,R_ref,0,561,,,,,,,0.2365237921476364,,,
q3s1u8j5,R_ref,0,562,,,,,,,0.23050519824028015,,,
q3s1u8j5,R_ref,0,563,,,,,,,0.26271119713783264,,,
q3s1u8j5,R_ref,0,564,,,,,,,0.24004502594470978,,,
q3s1u8j5,R_ref,0,565,,,,,,,0.25300946831703186,,,
q3s1u8j5,R_ref,0,566,,,,,,,0.24246731400489807,,,
q3s1u8j5,R_ref,0,567,,,,,,,0.2571064829826355,,,
q3s1u8j5,R_ref,0,568,,,,,,,0.24317249655723572,,,
q3s1u8j5,R_ref,0,569,,,,,,,0.25303804874420166,,,
q3s1u8j5,R_ref,0,570,,,,,,,0.22289766371250153,,,
q3s1u8j5,R_ref,0,571,,,,,,,0.24086368083953857,,,
q3s1u8j5,R_ref,0,572,,,,,,,0.248848095536232,,,
q3s1u8j5,R_ref,0,573,,,,,,,0.23701515793800354,,,
q3s1u8j5,R_ref,0,574,,,,,,,0.267614483833313,,,
q3s1u8j5,R_ref,0,575,,,,,,,0.23443947732448578,,,
q3s1u8j5,R_ref,0,576,,,,,,,0.24181237816810608,,,
q3s1u8j5,R_ref,0,577,,,,,,,0.23967643082141876,,,
q3s1u8j5,R_ref,0,578,,,,,,,0.21916158497333527,,,
q3s1u8j5,R_ref,0,579,,,,,,,0.22509366273880005,,,
q3s1u8j5,R_ref,0,580,,,,,,,0.2594130337238312,,,
q3s1u8j5,R_ref,0,581,,,,,,,0.28253716230392456,,,
q3s1u8j5,R_ref,0,582,,,,,,,0.23616434633731842,,,
q3s1u8j5,R_ref,0,583,,,,,,,0.21378934383392334,,,
q3s1u8j5,R_ref,0,584,,,,,,,0.27140194177627563,,,
q3s1u8j5,R_ref,0,585,,,,,,,0.24488528072834015,,,
q3s1u8j5,R_ref,0,586,,,,,,,0.26355504989624023,,,
q3s1u8j5,R_ref,0,587,,,,,,,0.2589053213596344,,,
q3s1u8j5,R_ref,0,588,,,,,,,0.25146201252937317,,,
q3s1u8j5,R_ref,0,589,,,,,,,0.24272799491882324,,,
q3s1u8j5,R_ref,0,590,,,,,,,0.2213938683271408,,,
q3s1u8j5,R_ref,0,591,,,,,,,0.26729539036750793,,,
q3s1u8j5,R_ref,0,592,,,,,,,0.24283041059970856,,,
q3s1u8j5,R_ref,0,593,,,,,,,0.25084027647972107,,,
q3s1u8j5,R_ref,0,594,,,,,,,0.30588507652282715,,,
q3s1u8j5,R_ref,0,595,,,,,,,0.2765922546386719,,,
q3s1u8j5,R_ref,0,596,,,,,,,0.2091834545135498,,,
q3s1u8j5,R_ref,0,597,,,,,,,0.24480518698692322,,,
q3s1u8j5,R_ref,0,598,,,,,,,0.24913132190704346,,,
q3s1u8j5,R_ref,0,599,,,,,,,0.26654255390167236,,,
q3s1u8j5,R_ref,0,600,,,,,,,0.24035081267356873,,,
q3s1u8j5,R_ref,0,601,,,,,,,0.244254469871521,,,
q3s1u8j5,R_ref,0,602,,,,,,,0.24787570536136627,,,
q3s1u8j5,R_ref,0,603,,,,,,,0.24500572681427002,,,
q3s1u8j5,R_ref,0,604,,,,,,,0.22736197710037231,,,
q3s1u8j5,R_ref,0,605,,,,,,,0.23923306167125702,,,
q3s1u8j5,R_ref,0,606,,,,,,,0.23547524213790894,,,
q3s1u8j5,R_ref,0,607,,,,,,,0.2523638904094696,,,
q3s1u8j5,R_ref,0,608,,,,,,,0.2440841943025589,,,
q3s1u8j5,R_ref,0,609,,,,,,,0.25916588306427,,,
q3s1u8j5,R_ref,0,610,,,,,,,0.2707864046096802,,,
q3s1u8j5,R_ref,0,611,,,,,,,0.24312889575958252,,,
q3s1u8j5,R_ref,0,612,,,,,,,0.2266741245985031,,,
q3s1u8j5,R_ref,0,613,,,,,,,0.2373979538679123,,,
q3s1u8j5,R_ref,0,614,,,,,,,0.27635183930397034,,,
q3s1u8j5,R_ref,0,615,,,,,,,0.23723429441452026,,,
q3s1u8j5,R_ref,0,616,,,,,,,0.2539050579071045,,,
q3s1u8j5,R_ref,0,617,,,,,,,0.254147469997406,,,
q3s1u8j5,R_ref,0,618,,,,,,,0.2291920930147171,,,
q3s1u8j5,R_ref,0,619,,,,,,,0.2551102042198181,,,
q3s1u8j5,R_ref,0,620,,,,,,,0.27729588747024536,,,
q3s1u8j5,R_ref,0,621,,,,,,,0.24182341992855072,,,
q3s1u8j5,R_ref,0,622,,,,,,,0.22569358348846436,,,
q3s1u8j5,R_ref,0,623,,,,,,,0.26514700055122375,,,
q3s1u8j5,R_ref,0,624,,,,,,,0.2633039355278015,,,
q3s1u8j5,R_ref,0,625,,,,,,,0.25898393988609314,,,
q3s1u8j5,R_ref,0,626,,,,,,,0.22016477584838867,,,
q3s1u8j5,R_ref,0,627,,,,,,,0.2488015741109848,,,
q3s1u8j5,R_ref,0,628,,,,,,,0.21695201098918915,,,
q3s1u8j5,R_ref,0,629,,,,,,,0.26508828997612,,,
q3s1u8j5,R_ref,0,630,,,,,,,0.23560190200805664,,,
q3s1u8j5,R_ref,0,631,,,,,,,0.2701139748096466,,,
q3s1u8j5,R_ref,0,632,,,,,,,0.23785950243473053,,,
q3s1u8j5,R_ref,0,633,,,,,,,0.273531436920166,,,
q3s1u8j5,R_ref,0,634,,,,,,,0.23642730712890625,,,
q3s1u8j5,R_ref,0,635,,,,,,,0.26512211561203003,,,
q3s1u8j5,R_ref,0,636,,,,,,,0.2572464644908905,,,
q3s1u8j5,R_ref,0,637,,,,,,,0.2548530697822571,,,
q3s1u8j5,R_ref,0,638,,,,,,,0.29925787448883057,,,
q3s1u8j5,R_ref,0,639,,,,,,,0.25551697611808777,,,
q3s1u8j5,R_ref,0,640,,,,,,,0.24396952986717224,,,
q3s1u8j5,R_ref,0,641,,,,,,,0.30385226011276245,,,
q3s1u8j5,R_ref,0,642,,,,,,,0.24859470129013062,,,
q3s1u8j5,R_ref,0,643,,,,,,,0.243327796459198,,,
q3s1u8j5,R_ref,0,644,,,,,,,0.28068867325782776,,,
q3s1u8j5,R_ref,0,645,,,,,,,0.23306208848953247,,,
q3s1u8j5,R_ref,0,646,,,,,,,0.2475566565990448,,,
q3s1u8j5,R_ref,0,647,,,,,,,0.268481582403183,,,
q3s1u8j5,R_ref,0,648,,,,,,,0.2496488392353058,,,
q3s1u8j5,R_ref,0,649,,,,,,,0.24484260380268097,,,
q3s1u8j5,R_ref,0,650,,,,,,,0.2605862021446228,,,
q3s1u8j5,R_ref,0,651,,,,,,,0.268892377614975,,,
q3s1u8j5,R_ref,0,652,,,,,,,0.2232222706079483,,,
q3s1u8j5,R_ref,0,653,,,,,,,0.25525039434432983,,,
q3s1u8j5,R_ref,0,654,,,,,,,0.22646577656269073,,,
q3s1u8j5,R_ref,0,655,,,,,,,0.24901776015758514,,,
q3s1u8j5,R_ref,0,656,,,,,,,0.24430924654006958,,,
q3s1u8j5,R_ref,0,657,,,,,,,0.27392104268074036,,,
q3s1u8j5,R_ref,0,658,,,,,,,0.23161089420318604,,,
q3s1u8j5,R_ref,0,659,,,,,,,0.24021011590957642,,,
q3s1u8j5,R_ref,0,660,,,,,,,0.2338361144065857,,,
q3s1u8j5,R_ref,0,661,,,,,,,0.2506523132324219,,,
q3s1u8j5,R_ref,0,662,,,,,,,0.2253584861755371,,,
q3s1u8j5,R_ref,0,663,,,,,,,0.2253584861755371,,,
q3s1u8j5,R_ref,0,664,,,,,,,0.2559046149253845,,,
q3s1u8j5,R_ref,0,665,,,,,,,0.21608282625675201,,,
q3s1u8j5,R_ref,0,666,,,,,,,0.2516516447067261,,,
q3s1u8j5,R_ref,0,667,,,,,,,0.2586398124694824,,,
q3s1u8j5,R_ref,0,668,,,,,,,0.27235278487205505,,,
q3s1u8j5,R_ref,0,669,,,,,,,0.25082889199256897,,,
q3s1u8j5,R_ref,0,670,,,,,,,0.2720794081687927,,,
q3s1u8j5,R_ref,0,671,,,,,,,0.23748904466629028,,,
q3s1u8j5,R_ref,0,672,,,,,,,0.23035253584384918,,,
q3s1u8j5,R_ref,0,673,,,,,,,0.22197185456752777,,,
q3s1u8j5,R_ref,0,674,,,,,,,0.25314614176750183,,,
q3s1u8j5,R_ref,0,675,,,,,,,0.23727555572986603,,,
q3s1u8j5,R_ref,0,676,,,,,,,0.25527405738830566,,,
q3s1u8j5,R_ref,0,677,,,,,,,0.24851369857788086,,,
q3s1u8j5,R_ref,0,678,,,,,,,0.27498480677604675,,,
q3s1u8j5,R_ref,0,679,,,,,,,0.23055407404899597,,,
q3s1u8j5,R_ref,0,680,,,,,,,0.22974932193756104,,,
q3s1u8j5,R_ref,0,681,,,,,,,0.23164455592632294,,,
q3s1u8j5,R_ref,0,682,,,,,,,0.26688849925994873,,,
q3s1u8j5,R_ref,0,683,,,,,,,0.2570013701915741,,,
q3s1u8j5,R_ref,0,684,,,,,,,0.2338181436061859,,,
q3s1u8j5,R_ref,0,685,,,,,,,0.258311927318573,,,
q3s1u8j5,R_ref,0,686,,,,,,,0.2099894881248474,,,
q3s1u8j5,R_ref,0,687,,,,,,,0.24590875208377838,,,
q3s1u8j5,R_ref,0,688,,,,,,,0.27913641929626465,,,
q3s1u8j5,R_ref,0,689,,,,,,,0.25350505113601685,,,
q3s1u8j5,R_ref,0,690,,,,,,,0.22723141312599182,,,
q3s1u8j5,R_ref,0,691,,,,,,,0.24634949862957,,,
q3s1u8j5,R_ref,0,692,,,,,,,0.25956323742866516,,,
q3s1u8j5,R_ref,0,693,,,,,,,0.2682330012321472,,,
q3s1u8j5,R_ref,0,694,,,,,,,0.22880572080612183,,,
q3s1u8j5,R_ref,0,695,,,,,,,0.2691587507724762,,,
q3s1u8j5,R_ref,0,696,,,,,,,0.2696991562843323,,,
q3s1u8j5,R_ref,0,697,,,,,,,0.2556706964969635,,,
q3s1u8j5,R_ref,0,698,,,,,,,0.24458609521389008,,,
q3s1u8j5,R_ref,0,699,,,,,,,0.2318650335073471,,,
q3s1u8j5,R_ref,0,700,,,,,,,0.24288778007030487,,,
q3s1u8j5,R_ref,0,701,,,,,,,0.2550775706768036,,,
q3s1u8j5,R_ref,0,702,,,,,,,0.2609856128692627,,,
q3s1u8j5,R_ref,0,703,,,,,,,0.2562853991985321,,,
q3s1u8j5,R_ref,0,704,,,,,,,0.22549644112586975,,,
q3s1u8j5,R_ref,0,705,,,,,,,0.26058250665664673,,,
q3s1u8j5,R_ref,0,706,,,,,,,0.20462624728679657,,,
q3s1u8j5,R_ref,0,707,,,,,,,0.21982413530349731,,,
q3s1u8j5,R_ref,0,708,,,,,,,0.25097543001174927,,,
q3s1u8j5,R_ref,0,709,,,,,,,0.27985313534736633,,,
q3s1u8j5,R_ref,0,710,,,,,,,0.23932351171970367,,,
q3s1u8j5,R_ref,0,711,,,,,,,0.2482023388147354,,,
q3s1u8j5,R_ref,0,712,,,,,,,0.2626011371612549,,,
q3s1u8j5,R_ref,0,713,,,,,,,0.263968825340271,,,
q3s1u8j5,R_ref,0,714,,,,,,,0.21203172206878662,,,
q3s1u8j5,R_ref,0,715,,,,,,,0.24434025585651398,,,
q3s1u8j5,R_ref,0,716,,,,,,,0.2322196066379547,,,
q3s1u8j5,R_ref,0,717,,,,,,,0.29091668128967285,,,
q3s1u8j5,R_ref,0,718,,,,,,,0.24965739250183105,,,
q3s1u8j5,R_ref,0,719,,,,,,,0.21493758261203766,,,
q3s1u8j5,R_ref,0,720,,,,,,,0.27060556411743164,,,
q3s1u8j5,R_ref,0,721,,,,,,,0.2270367294549942,,,
q3s1u8j5,R_ref,0,722,,,,,,,0.20986992120742798,,,
q3s1u8j5,R_ref,0,723,,,,,,,0.23611634969711304,,,
q3s1u8j5,R_ref,0,724,,,,,,,0.21493342518806458,,,
q3s1u8j5,R_ref,0,725,,,,,,,0.26701095700263977,,,
q3s1u8j5,R_ref,0,726,,,,,,,0.23726621270179749,,,
q3s1u8j5,R_ref,0,727,,,,,,,0.23214992880821228,,,
q3s1u8j5,R_ref,0,728,,,,,,,0.23565414547920227,,,
q3s1u8j5,R_ref,0,729,,,,,,,0.23259064555168152,,,
q3s1u8j5,R_ref,0,730,,,,,,,0.271528422832489,,,
q3s1u8j5,R_ref,0,731,,,,,,,0.246856689453125,,,
q3s1u8j5,R_ref,0,732,,,,,,,0.2384401559829712,,,
q3s1u8j5,R_ref,0,733,,,,,,,0.24817046523094177,,,
q3s1u8j5,R_ref,0,734,,,,,,,0.27489060163497925,,,
q3s1u8j5,R_ref,0,735,,,,,,,0.22910654544830322,,,
q3s1u8j5,R_ref,0,736,,,,,,,0.25188520550727844,,,
q3s1u8j5,R_ref,0,737,,,,,,,0.25689569115638733,,,
q3s1u8j5,R_ref,0,738,,,,,,,0.26516544818878174,,,
q3s1u8j5,R_ref,0,739,,,,,,,0.23301754891872406,,,
q3s1u8j5,R_ref,0,740,,,,,,,0.2170107364654541,,,
q3s1u8j5,R_ref,0,741,,,,,,,0.23386047780513763,,,
q3s1u8j5,R_ref,0,742,,,,,,,0.21562765538692474,,,
q3s1u8j5,R_ref,0,743,,,,,,,0.235163614153862,,,
q3s1u8j5,R_ref,0,744,,,,,,,0.28639617562294006,,,
q3s1u8j5,R_ref,0,745,,,,,,,0.27996954321861267,,,
q3s1u8j5,R_ref,0,746,,,,,,,0.245697483420372,,,
q3s1u8j5,R_ref,0,747,,,,,,,0.25355368852615356,,,
q3s1u8j5,R_ref,0,748,,,,,,,0.2685730755329132,,,
q3s1u8j5,R_ref,0,749,,,,,,,0.24379323422908783,,,
q3s1u8j5,R_ref,0,750,,,,,,,0.23350299894809723,,,
q3s1u8j5,R_ref,0,751,,,,,,,0.270849347114563,,,
q3s1u8j5,R_ref,0,752,,,,,,,0.25537487864494324,,,
q3s1u8j5,R_ref,0,753,,,,,,,0.25946152210235596,,,
q3s1u8j5,R_ref,0,754,,,,,,,0.24320213496685028,,,
q3s1u8j5,R_ref,0,755,,,,,,,0.2535526156425476,,,
q3s1u8j5,R_ref,0,756,,,,,,,0.26729848980903625,,,
q3s1u8j5,R_ref,0,757,,,,,,,0.24948740005493164,,,
q3s1u8j5,R_ref,0,758,,,,,,,0.23062440752983093,,,
q3s1u8j5,R_ref,0,759,,,,,,,0.23557566106319427,,,
q3s1u8j5,R_ref,0,760,,,,,,,0.24538056552410126,,,
q3s1u8j5,R_ref,0,761,,,,,,,0.23859505355358124,,,
q3s1u8j5,R_ref,0,762,,,,,,,0.2757083773612976,,,
q3s1u8j5,R_ref,0,763,,,,,,,0.2521037459373474,,,
q3s1u8j5,R_ref,0,764,,,,,,,0.2711212635040283,,,
q3s1u8j5,R_ref,0,765,,,,,,,0.24504417181015015,,,
q3s1u8j5,R_ref,0,766,,,,,,,0.23754411935806274,,,
q3s1u8j5,R_ref,0,767,,,,,,,0.23024125397205353,,,
q3s1u8j5,R_ref,0,768,,,,,,,0.24799299240112305,,,
q3s1u8j5,R_ref,0,769,,,,,,,0.2787697911262512,,,
q3s1u8j5,R_ref,0,770,,,,,,,0.25529012084007263,,,
q3s1u8j5,R_ref,0,771,,,,,,,0.23216873407363892,,,
q3s1u8j5,R_ref,0,772,,,,,,,0.22928938269615173,,,
q3s1u8j5,R_ref,0,773,,,,,,,0.28161123394966125,,,
q3s1u8j5,R_ref,0,774,,,,,,,0.27519410848617554,,,
q3s1u8j5,R_ref,0,775,,,,,,,0.22854523360729218,,,
q3s1u8j5,R_ref,0,776,,,,,,,0.24199381470680237,,,
q3s1u8j5,R_ref,0,777,,,,,,,0.24296972155570984,,,
q3s1u8j5,R_ref,0,778,,,,,,,0.2736591100692749,,,
q3s1u8j5,R_ref,0,779,,,,,,,0.23656846582889557,,,
q3s1u8j5,R_ref,0,780,,,,,,,0.2820832431316376,,,
q3s1u8j5,R_ref,0,781,,,,,,,0.24247056245803833,,,
q3s1u8j5,R_ref,0,782,,,,,,,0.19805492460727692,,,
q3s1u8j5,R_ref,0,783,,,,,,,0.23806974291801453,,,
q3s1u8j5,R_ref,0,784,,,,,,,0.2423700988292694,,,
q3s1u8j5,R_ref,0,785,,,,,,,0.29888179898262024,,,
q3s1u8j5,R_ref,0,786,,,,,,,0.25450432300567627,,,
q3s1u8j5,R_ref,0,787,,,,,,,0.2309032529592514,,,
q3s1u8j5,R_ref,0,788,,,,,,,0.23575736582279205,,,
q3s1u8j5,R_ref,0,789,,,,,,,0.24601426720619202,,,
q3s1u8j5,R_ref,0,790,,,,,,,0.24507778882980347,,,
q3s1u8j5,R_ref,0,791,,,,,,,0.25519752502441406,,,
q3s1u8j5,R_ref,0,792,,,,,,,0.24844960868358612,,,
q3s1u8j5,R_ref,0,793,,,,,,,0.2612554132938385,,,
q3s1u8j5,R_ref,0,794,,,,,,,0.25970783829689026,,,
q3s1u8j5,R_ref,0,795,,,,,,,0.2317836880683899,,,
q3s1u8j5,R_ref,0,796,,,,,,,0.2507825195789337,,,
q3s1u8j5,R_ref,0,797,,,,,,,0.22057239711284637,,,
q3s1u8j5,R_ref,0,798,,,,,,,0.24802495539188385,,,
q3s1u8j5,R_ref,0,799,,,,,,,0.23976407945156097,,,
q3s1u8j5,R_ref,0,800,,,,,,,0.261626660823822,,,
q3s1u8j5,R_ref,0,801,,,,,,,0.21635696291923523,,,
q3s1u8j5,R_ref,0,802,,,,,,,0.25301340222358704,,,
q3s1u8j5,R_ref,0,803,,,,,,,0.2615342140197754,,,
q3s1u8j5,R_ref,0,804,,,,,,,0.2335730642080307,,,
q3s1u8j5,R_ref,0,805,,,,,,,0.21900734305381775,,,
q3s1u8j5,R_ref,0,806,,,,,,,0.25303271412849426,,,
q3s1u8j5,R_ref,0,807,,,,,,,0.25453981757164,,,
q3s1u8j5,R_ref,0,808,,,,,,,0.2435508519411087,,,
q3s1u8j5,R_ref,0,809,,,,,,,0.25541287660598755,,,
q3s1u8j5,R_ref,0,810,,,,,,,0.24544553458690643,,,
q3s1u8j5,R_ref,0,811,,,,,,,0.23811937868595123,,,
q3s1u8j5,R_ref,0,812,,,,,,,0.22943247854709625,,,
q3s1u8j5,R_ref,0,813,,,,,,,0.2451278269290924,,,
q3s1u8j5,R_ref,0,814,,,,,,,0.24490556120872498,,,
q3s1u8j5,R_ref,0,815,,,,,,,0.2259887009859085,,,
q3s1u8j5,R_ref,0,816,,,,,,,0.24931660294532776,,,
q3s1u8j5,R_ref,0,817,,,,,,,0.2224256992340088,,,
q3s1u8j5,R_ref,0,818,,,,,,,0.26032909750938416,,,
q3s1u8j5,R_ref,0,819,,,,,,,0.2679404020309448,,,
q3s1u8j5,R_ref,0,820,,,,,,,0.27228742837905884,,,
q3s1u8j5,R_ref,0,821,,,,,,,0.2947051227092743,,,
q3s1u8j5,R_ref,0,822,,,,,,,0.2664964199066162,,,
q3s1u8j5,R_ref,0,823,,,,,,,0.24207237362861633,,,
q3s1u8j5,R_ref,0,824,,,,,,,0.21658477187156677,,,
q3s1u8j5,R_ref,0,825,,,,,,,0.2327771931886673,,,
q3s1u8j5,R_ref,0,826,,,,,,,0.25167641043663025,,,
q3s1u8j5,R_ref,0,827,,,,,,,0.27863723039627075,,,
q3s1u8j5,R_ref,0,828,,,,,,,0.2633883059024811,,,
q3s1u8j5,R_ref,0,829,,,,,,,0.23155616223812103,,,
q3s1u8j5,R_ref,0,830,,,,,,,0.24828676879405975,,,
q3s1u8j5,R_ref,0,831,,,,,,,0.23454177379608154,,,
q3s1u8j5,R_ref,0,832,,,,,,,0.2300744354724884,,,
q3s1u8j5,R_ref,0,833,,,,,,,0.22800059616565704,,,
q3s1u8j5,R_ref,0,834,,,,,,,0.23407629132270813,,,
q3s1u8j5,R_ref,0,835,,,,,,,0.25060105323791504,,,
q3s1u8j5,R_ref,0,836,,,,,,,0.28504085540771484,,,
q3s1u8j5,R_ref,0,837,,,,,,,0.27395057678222656,,,
q3s1u8j5,R_ref,0,838,,,,,,,0.2905942499637604,,,
q3s1u8j5,R_ref,0,839,,,,,,,0.24647338688373566,,,
q3s1u8j5,R_ref,0,840,,,,,,,0.2675788402557373,,,
q3s1u8j5,R_ref,0,841,,,,,,,0.23209568858146667,,,
q3s1u8j5,R_ref,0,842,,,,,,,0.22474856674671173,,,
q3s1u8j5,R_ref,0,843,,,,,,,0.24051806330680847,,,
q3s1u8j5,R_ref,0,844,,,,,,,0.26362481713294983,,,
q3s1u8j5,R_ref,0,845,,,,,,,0.24309277534484863,,,
q3s1u8j5,R_ref,0,846,,,,,,,0.2514030933380127,,,
q3s1u8j5,R_ref,0,847,,,,,,,0.24284018576145172,,,
q3s1u8j5,R_ref,0,848,,,,,,,0.2171422690153122,,,
q3s1u8j5,R_ref,0,849,,,,,,,0.24640130996704102,,,
q3s1u8j5,R_ref,0,850,,,,,,,0.2557649612426758,,,
q3s1u8j5,R_ref,0,851,,,,,,,0.22246329486370087,,,
q3s1u8j5,R_ref,0,852,,,,,,,0.2588832974433899,,,
q3s1u8j5,R_ref,0,853,,,,,,,0.2649381458759308,,,
q3s1u8j5,R_ref,0,854,,,,,,,0.2534795105457306,,,
q3s1u8j5,R_ref,0,855,,,,,,,0.25862377882003784,,,
q3s1u8j5,R_ref,0,856,,,,,,,0.22568276524543762,,,
q3s1u8j5,R_ref,0,857,,,,,,,0.27585867047309875,,,
q3s1u8j5,R_ref,0,858,,,,,,,0.2723274230957031,,,
q3s1u8j5,R_ref,0,859,,,,,,,0.22009766101837158,,,
q3s1u8j5,R_ref,0,860,,,,,,,0.2373572587966919,,,
q3s1u8j5,R_ref,0,861,,,,,,,0.2395690530538559,,,
q3s1u8j5,R_ref,0,862,,,,,,,0.27126824855804443,,,
q3s1u8j5,R_ref,0,863,,,,,,,0.24149642884731293,,,
q3s1u8j5,R_ref,0,864,,,,,,,0.2684784233570099,,,
q3s1u8j5,R_ref,0,865,,,,,,,0.23145228624343872,,,
q3s1u8j5,R_ref,0,866,,,,,,,0.2449733316898346,,,
q3s1u8j5,R_ref,0,867,,,,,,,0.2747240364551544,,,
q3s1u8j5,R_ref,0,868,,,,,,,0.2466128170490265,,,
q3s1u8j5,R_ref,0,869,,,,,,,0.23848165571689606,,,
q3s1u8j5,R_ref,0,870,,,,,,,0.2259448766708374,,,
q3s1u8j5,R_ref,0,871,,,,,,,0.2418130785226822,,,
q3s1u8j5,R_ref,0,872,,,,,,,0.21245121955871582,,,
q3s1u8j5,R_ref,0,873,,,,,,,0.26140686869621277,,,
q3s1u8j5,R_ref,0,874,,,,,,,0.24948592483997345,,,
q3s1u8j5,R_ref,0,875,,,,,,,0.26038166880607605,,,
q3s1u8j5,R_ref,0,876,,,,,,,0.2476113736629486,,,
q3s1u8j5,R_ref,0,877,,,,,,,0.250244140625,,,
q3s1u8j5,R_ref,0,878,,,,,,,0.21436497569084167,,,
q3s1u8j5,R_ref,0,879,,,,,,,0.2131558060646057,,,
q3s1u8j5,R_ref,0,880,,,,,,,0.24165278673171997,,,
q3s1u8j5,R_ref,0,881,,,,,,,0.23100043833255768,,,
q3s1u8j5,R_ref,0,882,,,,,,,0.2659147381782532,,,
q3s1u8j5,R_ref,0,883,,,,,,,0.23145663738250732,,,
q3s1u8j5,R_ref,0,884,,,,,,,0.2224218249320984,,,
q3s1u8j5,R_ref,0,885,,,,,,,0.2350008487701416,,,
q3s1u8j5,R_ref,0,886,,,,,,,0.24585416913032532,,,
q3s1u8j5,R_ref,0,887,,,,,,,0.26909467577934265,,,
q3s1u8j5,R_ref,0,888,,,,,,,0.24015365540981293,,,
q3s1u8j5,R_ref,0,889,,,,,,,0.26496365666389465,,,
q3s1u8j5,R_ref,0,890,,,,,,,0.21641795337200165,,,
q3s1u8j5,R_ref,0,891,,,,,,,0.23527905344963074,,,
q3s1u8j5,R_ref,0,892,,,,,,,0.20292142033576965,,,
q3s1u8j5,R_ref,0,893,,,,,,,0.24182677268981934,,,
q3s1u8j5,R_ref,0,894,,,,,,,0.24450300633907318,,,
q3s1u8j5,R_ref,0,895,,,,,,,0.24802732467651367,,,
q3s1u8j5,R_ref,0,896,,,,,,,0.25534215569496155,,,
q3s1u8j5,R_ref,0,897,,,,,,,0.2091313898563385,,,
q3s1u8j5,R_ref,0,898,,,,,,,0.2878427505493164,,,
q3s1u8j5,R_ref,0,899,,,,,,,0.21078665554523468,,,
q3s1u8j5,R_ref,0,900,,,,,,,0.25082987546920776,,,
q3s1u8j5,R_ref,0,901,,,,,,,0.26048168540000916,,,
q3s1u8j5,R_ref,0,902,,,,,,,0.2296822965145111,,,
q3s1u8j5,R_ref,0,903,,,,,,,0.23004800081253052,,,
q3s1u8j5,R_ref,0,904,,,,,,,0.25144022703170776,,,
q3s1u8j5,R_ref,0,905,,,,,,,0.2366982400417328,,,
q3s1u8j5,R_ref,0,906,,,,,,,0.25758132338523865,,,
q3s1u8j5,R_ref,0,907,,,,,,,0.24206191301345825,,,
q3s1u8j5,R_ref,0,908,,,,,,,0.2609027624130249,,,
q3s1u8j5,R_ref,0,909,,,,,,,0.24911192059516907,,,
q3s1u8j5,R_ref,0,910,,,,,,,0.21990761160850525,,,
q3s1u8j5,R_ref,0,911,,,,,,,0.22862395644187927,,,
q3s1u8j5,R_ref,0,912,,,,,,,0.23559314012527466,,,
q3s1u8j5,R_ref,0,913,,,,,,,0.2846015691757202,,,
q3s1u8j5,R_ref,0,914,,,,,,,0.2394944578409195,,,
q3s1u8j5,R_ref,0,915,,,,,,,0.2250681221485138,,,
q3s1u8j5,R_ref,0,916,,,,,,,0.26786115765571594,,,
q3s1u8j5,R_ref,0,917,,,,,,,0.25344204902648926,,,
q3s1u8j5,R_ref,0,918,,,,,,,0.21936193108558655,,,
q3s1u8j5,R_ref,0,919,,,,,,,0.26071131229400635,,,
q3s1u8j5,R_ref,0,920,,,,,,,0.22896124422550201,,,
q3s1u8j5,R_ref,0,921,,,,,,,0.21945850551128387,,,
q3s1u8j5,R_ref,0,922,,,,,,,0.23559978604316711,,,
q3s1u8j5,R_ref,0,923,,,,,,,0.21629197895526886,,,
q3s1u8j5,R_ref,0,924,,,,,,,0.24076056480407715,,,
q3s1u8j5,R_ref,0,925,,,,,,,0.24208787083625793,,,
q3s1u8j5,R_ref,0,926,,,,,,,0.2489067018032074,,,
q3s1u8j5,R_ref,0,927,,,,,,,0.2482810914516449,,,
q3s1u8j5,R_ref,0,928,,,,,,,0.2663233280181885,,,
q3s1u8j5,R_ref,0,929,,,,,,,0.25524279475212097,,,
q3s1u8j5,R_ref,0,930,,,,,,,0.2244330793619156,,,
q3s1u8j5,R_ref,0,931,,,,,,,0.25324562191963196,,,
q3s1u8j5,R_ref,0,932,,,,,,,0.2698798179626465,,,
q3s1u8j5,R_ref,0,933,,,,,,,0.2511487305164337,,,
q3s1u8j5,R_ref,0,934,,,,,,,0.2275906205177307,,,
q3s1u8j5,R_ref,0,935,,,,,,,0.21846860647201538,,,
q3s1u8j5,R_ref,0,936,,,,,,,0.2481091320514679,,,
q3s1u8j5,R_ref,0,937,,,,,,,0.2384600192308426,,,
q3s1u8j5,R_ref,0,938,,,,,,,0.28019699454307556,,,
q3s1u8j5,R_ref,0,939,,,,,,,0.22146828472614288,,,
q3s1u8j5,R_ref,0,940,,,,,,,0.2499563843011856,,,
q3s1u8j5,R_ref,0,941,,,,,,,0.26836130023002625,,,
q3s1u8j5,R_ref,0,942,,,,,,,0.21719913184642792,,,
q3s1u8j5,R_ref,0,943,,,,,,,0.22312791645526886,,,
q3s1u8j5,R_ref,0,944,,,,,,,0.23700721561908722,,,
q3s1u8j5,R_ref,0,945,,,,,,,0.2534242570400238,,,
q3s1u8j5,R_ref,0,946,,,,,,,0.251803994178772,,,
q3s1u8j5,R_ref,0,947,,,,,,,0.23184694349765778,,,
q3s1u8j5,R_ref,0,948,,,,,,,0.254442423582077,,,
q3s1u8j5,R_ref,0,949,,,,,,,0.25719037652015686,,,
q3s1u8j5,R_ref,0,950,,,,,,,0.24212223291397095,,,
q3s1u8j5,R_ref,0,951,,,,,,,0.2582116723060608,,,
q3s1u8j5,R_ref,0,952,,,,,,,0.24112889170646667,,,
q3s1u8j5,R_ref,0,953,,,,,,,0.25177258253097534,,,
q3s1u8j5,R_ref,0,954,,,,,,,0.2389371693134308,,,
q3s1u8j5,R_ref,0,955,,,,,,,0.23550453782081604,,,
q3s1u8j5,R_ref,0,956,,,,,,,0.22379857301712036,,,
q3s1u8j5,R_ref,0,957,,,,,,,0.246514692902565,,,
q3s1u8j5,R_ref,0,958,,,,,,,0.2417677789926529,,,
q3s1u8j5,R_ref,0,959,,,,,,,0.2542625665664673,,,
q3s1u8j5,R_ref,0,960,,,,,,,0.2690783441066742,,,
q3s1u8j5,R_ref,0,961,,,,,,,0.2365005761384964,,,
q3s1u8j5,R_ref,0,962,,,,,,,0.25417467951774597,,,
q3s1u8j5,R_ref,0,963,,,,,,,0.2488461285829544,,,
q3s1u8j5,R_ref,0,964,,,,,,,0.21266114711761475,,,
q3s1u8j5,R_ref,0,965,,,,,,,0.2250784933567047,,,
q3s1u8j5,R_ref,0,966,,,,,,,0.23013836145401,,,
q3s1u8j5,R_ref,0,967,,,,,,,0.22986756265163422,,,
q3s1u8j5,R_ref,0,968,,,,,,,0.29120370745658875,,,
q3s1u8j5,R_ref,0,969,,,,,,,0.23553094267845154,,,
q3s1u8j5,R_ref,0,970,,,,,,,0.2680319845676422,,,
q3s1u8j5,R_ref,0,971,,,,,,,0.24969258904457092,,,
q3s1u8j5,R_ref,0,972,,,,,,,0.22889889776706696,,,
q3s1u8j5,R_ref,0,973,,,,,,,0.272623211145401,,,
q3s1u8j5,R_ref,0,974,,,,,,,0.24091149866580963,,,
q3s1u8j5,R_ref,0,975,,,,,,,0.22072678804397583,,,
q3s1u8j5,R_ref,0,976,,,,,,,0.2657948434352875,,,
q3s1u8j5,R_ref,0,977,,,,,,,0.24349553883075714,,,
q3s1u8j5,R_ref,0,978,,,,,,,0.23587563633918762,,,
q3s1u8j5,R_ref,0,979,,,,,,,0.23653602600097656,,,
q3s1u8j5,R_ref,0,980,,,,,,,0.2304442971944809,,,
q3s1u8j5,R_ref,0,981,,,,,,,0.23322811722755432,,,
q3s1u8j5,R_ref,0,982,,,,,,,0.24535231292247772,,,
q3s1u8j5,R_ref,0,983,,,,,,,0.24393869936466217,,,
q3s1u8j5,R_ref,0,984,,,,,,,0.23548150062561035,,,
q3s1u8j5,R_ref,0,985,,,,,,,0.24433910846710205,,,
q3s1u8j5,R_ref,0,986,,,,,,,0.2660069465637207,,,
q3s1u8j5,R_ref,0,987,,,,,,,0.25146374106407166,,,
q3s1u8j5,R_ref,0,988,,,,,,,0.22337019443511963,,,
q3s1u8j5,R_ref,0,989,,,,,,,0.23032993078231812,,,
q3s1u8j5,R_ref,0,990,,,,,,,0.2647382318973541,,,
q3s1u8j5,R_ref,0,991,,,,,,,0.24151256680488586,,,
q3s1u8j5,R_ref,0,992,,,,,,,0.25553080439567566,,,
q3s1u8j5,R_ref,0,993,,,,,,,0.23375247418880463,,,
q3s1u8j5,R_ref,0,994,,,,,,,0.24753905832767487,,,
q3s1u8j5,R_ref,0,995,,,,,,,0.22270344197750092,,,
q3s1u8j5,R_ref,0,996,,,,,,,0.21710613369941711,,,
q3s1u8j5,R_ref,0,997,,,,,,,0.23329134285449982,,,
q3s1u8j5,R_ref,0,998,,,,,,,0.24927464127540588,,,
q3s1u8j5,R_ref,0,999,,,,,,,0.26085883378982544,,,
q3s1u8j5,R_ref,0,1000,,,,,,,0.23960837721824646,,,
q3s1u8j5,R_ref,0,1001,,,,,,,0.2343997359275818,,,
q3s1u8j5,R_ref,0,1002,,,,,,,0.26197606325149536,,,
q3s1u8j5,R_ref,0,1003,,,,,,,0.2637767493724823,,,
q3s1u8j5,R_ref,0,1004,,,,,,,0.23637805879116058,,,
q3s1u8j5,R_ref,0,1005,,,,,,,0.23099662363529205,,,
q3s1u8j5,R_ref,0,1006,,,,,,,0.29410964250564575,,,
q3s1u8j5,R_ref,0,1007,,,,,,,0.2169482707977295,,,
q3s1u8j5,R_ref,0,1008,,,,,,,0.24823538959026337,,,
q3s1u8j5,R_ref,0,1009,,,,,,,0.21993090212345123,,,
q3s1u8j5,R_ref,0,1010,,,,,,,0.2352392077445984,,,
q3s1u8j5,R_ref,0,1011,,,,,,,0.272289901971817,,,
q3s1u8j5,R_ref,0,1012,,,,,,,0.25835850834846497,,,
q3s1u8j5,R_ref,0,1013,,,,,,,0.24083086848258972,,,
q3s1u8j5,R_ref,0,1014,,,,,,,0.21650364995002747,,,
q3s1u8j5,R_ref,0,1015,,,,,,,0.27731287479400635,,,
q3s1u8j5,R_ref,0,1016,,,,,,,0.23346132040023804,,,
q3s1u8j5,R_ref,0,1017,,,,,,,0.24522347748279572,,,
q3s1u8j5,R_ref,0,1018,,,,,,,0.22482044994831085,,,
q3s1u8j5,R_ref,0,1019,,,,,,,0.21716062724590302,,,
q3s1u8j5,R_ref,0,1020,,,,,,,0.21852102875709534,,,
q3s1u8j5,R_ref,0,1021,,,,,,,0.25480881333351135,,,
q3s1u8j5,R_ref,0,1022,,,,,,,0.24672669172286987,,,
q3s1u8j5,R_ref,0,1023,,,,,,,0.2726949453353882,,,
q3s1u8j5,R_ref,0,1024,,,,,,,0.24881279468536377,,,
q3s1u8j5,R_ref,0,1025,,,,,,,0.22905747592449188,,,
q3s1u8j5,R_ref,0,1026,,,,,,,0.26142871379852295,,,
q3s1u8j5,R_ref,0,1027,,,,,,,0.2342561036348343,,,
q3s1u8j5,R_ref,0,1028,,,,,,,0.22484104335308075,,,
q3s1u8j5,R_ref,0,1029,,,,,,,0.2266773134469986,,,
q3s1u8j5,R_ref,0,1030,,,,,,,0.24260838329792023,,,
q3s1u8j5,R_ref,0,1031,,,,,,,0.24277760088443756,,,
q3s1u8j5,R_ref,0,1032,,,,,,,0.24541108310222626,,,
q3s1u8j5,R_ref,0,1033,,,,,,,0.2052738070487976,,,
q3s1u8j5,R_ref,0,1034,,,,,,,0.24815523624420166,,,
q3s1u8j5,R_ref,0,1035,,,,,,,0.27138829231262207,,,
q3s1u8j5,R_ref,0,1036,,,,,,,0.2541322708129883,,,
q3s1u8j5,R_ref,0,1037,,,,,,,0.2046346366405487,,,
q3s1u8j5,R_ref,0,1038,,,,,,,0.23432354629039764,,,
q3s1u8j5,R_ref,0,1039,,,,,,,0.24659596383571625,,,
q3s1u8j5,R_ref,0,1040,,,,,,,0.24700982868671417,,,
q3s1u8j5,R_ref,0,1041,,,,,,,0.223860502243042,,,
q3s1u8j5,R_ref,0,1042,,,,,,,0.27453404664993286,,,
q3s1u8j5,R_ref,0,1043,,,,,,,0.20683139562606812,,,
q3s1u8j5,R_ref,0,1044,,,,,,,0.2166106253862381,,,
q3s1u8j5,R_ref,0,1045,,,,,,,0.21203242242336273,,,
q3s1u8j5,R_ref,0,1046,,,,,,,0.2635376751422882,,,
q3s1u8j5,R_ref,0,1047,,,,,,,0.251473605632782,,,
q3s1u8j5,R_ref,0,1048,,,,,,,0.21910704672336578,,,
q3s1u8j5,R_ref,0,1049,,,,,,,0.2544037997722626,,,
q3s1u8j5,R_ref,0,1050,,,,,,,0.24460770189762115,,,
q3s1u8j5,R_ref,0,1051,,,,,,,0.2503385543823242,,,
q3s1u8j5,R_ref,0,1052,,,,,,,0.2393569052219391,,,
q3s1u8j5,R_ref,0,1053,,,,,,,0.2540283799171448,,,
q3s1u8j5,R_ref,0,1054,,,,,,,0.2383059710264206,,,
q3s1u8j5,R_ref,0,1055,,,,,,,0.2569822371006012,,,
q3s1u8j5,R_ref,0,1056,,,,,,,0.23131580650806427,,,
q3s1u8j5,R_ref,0,1057,,,,,,,0.2711460590362549,,,
q3s1u8j5,R_ref,0,1058,,,,,,,0.22733403742313385,,,
q3s1u8j5,R_ref,0,1059,,,,,,,0.2244371771812439,,,
q3s1u8j5,R_ref,0,1060,,,,,,,0.22901155054569244,,,
q3s1u8j5,R_ref,0,1061,,,,,,,0.23279397189617157,,,
q3s1u8j5,R_ref,0,1062,,,,,,,0.2678324580192566,,,
q3s1u8j5,R_ref,0,1063,,,,,,,0.25894805788993835,,,
q3s1u8j5,R_ref,0,1064,,,,,,,0.21598944067955017,,,
q3s1u8j5,R_ref,0,1065,,,,,,,0.26497432589530945,,,
q3s1u8j5,R_ref,0,1066,,,,,,,0.2773873507976532,,,
q3s1u8j5,R_ref,0,1067,,,,,,,0.27764078974723816,,,
q3s1u8j5,R_ref,0,1068,,,,,,,0.2298576533794403,,,
q3s1u8j5,R_ref,0,1069,,,,,,,0.24583841860294342,,,
q3s1u8j5,R_ref,0,1070,,,,,,,0.24485591053962708,,,
q3s1u8j5,R_ref,0,1071,,,,,,,0.2741798758506775,,,
q3s1u8j5,R_ref,0,1072,,,,,,,0.23251372575759888,,,
q3s1u8j5,R_ref,0,1073,,,,,,,0.26698365807533264,,,
q3s1u8j5,R_ref,0,1074,,,,,,,0.2535305321216583,,,
q3s1u8j5,R_ref,0,1075,,,,,,,0.22251926362514496,,,
q3s1u8j5,R_ref,0,1076,,,,,,,0.23906370997428894,,,
q3s1u8j5,R_ref,0,1077,,,,,,,0.23221850395202637,,,
q3s1u8j5,R_ref,0,1078,,,,,,,0.21696987748146057,,,
q3s1u8j5,R_ref,0,1079,,,,,,,0.2239929437637329,,,
q3s1u8j5,R_ref,0,1080,,,,,,,0.23029039800167084,,,
q3s1u8j5,R_ref,0,1081,,,,,,,0.23559893667697906,,,
q3s1u8j5,R_ref,0,1082,,,,,,,0.24425870180130005,,,
q3s1u8j5,R_ref,0,1083,,,,,,,0.23806290328502655,,,
q3s1u8j5,R_ref,0,1084,,,,,,,0.2199181467294693,,,
q3s1u8j5,R_ref,0,1085,,,,,,,0.27793142199516296,,,
q3s1u8j5,R_ref,0,1086,,,,,,,0.22831033170223236,,,
q3s1u8j5,R_ref,0,1087,,,,,,,0.24788880348205566,,,
q3s1u8j5,R_ref,0,1088,,,,,,,0.2281937450170517,,,
q3s1u8j5,R_ref,0,1089,,,,,,,0.2420133799314499,,,
q3s1u8j5,R_ref,0,1090,,,,,,,0.2720048427581787,,,
q3s1u8j5,R_ref,0,1091,,,,,,,0.24863575398921967,,,
q3s1u8j5,R_ref,0,1092,,,,,,,0.27306225895881653,,,
q3s1u8j5,R_ref,0,1093,,,,,,,0.229872927069664,,,
q3s1u8j5,R_ref,0,1094,,,,,,,0.28896334767341614,,,
q3s1u8j5,R_ref,0,1095,,,,,,,0.22414706647396088,,,
q3s1u8j5,R_ref,0,1096,,,,,,,0.23766064643859863,,,
q3s1u8j5,R_ref,0,1097,,,,,,,0.23972946405410767,,,
q3s1u8j5,R_ref,0,1098,,,,,,,0.27050328254699707,,,
q3s1u8j5,R_ref,0,1099,,,,,,,0.23746135830879211,,,
q3s1u8j5,R_ref,0,1100,,,,,,,0.2339375913143158,,,
q3s1u8j5,R_ref,0,1101,,,,,,,0.25555655360221863,,,
q3s1u8j5,R_ref,0,1102,,,,,,,0.22899290919303894,,,
q3s1u8j5,R_ref,0,1103,,,,,,,0.23444302380084991,,,
q3s1u8j5,R_ref,0,1104,,,,,,,0.2357986867427826,,,
q3s1u8j5,R_ref,0,1105,,,,,,,0.26713311672210693,,,
q3s1u8j5,R_ref,0,1106,,,,,,,0.24737004935741425,,,
q3s1u8j5,R_ref,0,1107,,,,,,,0.23772409558296204,,,
q3s1u8j5,R_ref,0,1108,,,,,,,0.2330615073442459,,,
q3s1u8j5,R_ref,0,1109,,,,,,,0.23887498676776886,,,
q3s1u8j5,R_ref,0,1110,,,,,,,0.2566041052341461,,,
q3s1u8j5,R_ref,0,1111,,,,,,,0.23904679715633392,,,
q3s1u8j5,R_ref,0,1112,,,,,,,0.24780483543872833,,,
q3s1u8j5,R_ref,0,1113,,,,,,,0.21836191415786743,,,
q3s1u8j5,R_ref,0,1114,,,,,,,0.24803526699543,,,
q3s1u8j5,R_ref,0,1115,,,,,,,0.2401079684495926,,,
q3s1u8j5,R_ref,0,1116,,,,,,,0.29737210273742676,,,
q3s1u8j5,R_ref,0,1117,,,,,,,0.24135415256023407,,,
q3s1u8j5,R_ref,0,1118,,,,,,,0.23397579789161682,,,
q3s1u8j5,R_ref,0,1119,,,,,,,0.2519829571247101,,,
q3s1u8j5,R_ref,0,1120,,,,,,,0.22772355377674103,,,
q3s1u8j5,R_ref,0,1121,,,,,,,0.2556595504283905,,,
q3s1u8j5,R_ref,0,1122,,,,,,,0.24253027141094208,,,
q3s1u8j5,R_ref,0,1123,,,,,,,0.2416275292634964,,,
q3s1u8j5,R_ref,0,1124,,,,,,,0.2392372190952301,,,
q3s1u8j5,R_ref,0,1125,,,,,,,0.2327328324317932,,,
q3s1u8j5,R_ref,0,1126,,,,,,,0.22638660669326782,,,
q3s1u8j5,R_ref,0,1127,,,,,,,0.21455973386764526,,,
q3s1u8j5,R_ref,0,1128,,,,,,,0.26081106066703796,,,
q3s1u8j5,R_ref,0,1129,,,,,,,0.24698232114315033,,,
q3s1u8j5,R_ref,0,1130,,,,,,,0.2250782549381256,,,
q3s1u8j5,R_ref,0,1131,,,,,,,0.26783159375190735,,,
q3s1u8j5,R_ref,0,1132,,,,,,,0.2557012438774109,,,
q3s1u8j5,R_ref,0,1133,,,,,,,0.2344062477350235,,,
q3s1u8j5,R_ref,0,1134,,,,,,,0.23081858456134796,,,
q3s1u8j5,R_ref,0,1135,,,,,,,0.23735761642456055,,,
q3s1u8j5,R_ref,0,1136,,,,,,,0.2517186999320984,,,
q3s1u8j5,R_ref,0,1137,,,,,,,0.24210171401500702,,,
q3s1u8j5,R_ref,0,1138,,,,,,,0.25625908374786377,,,
q3s1u8j5,R_ref,0,1139,,,,,,,0.2558309733867645,,,
q3s1u8j5,R_ref,0,1140,,,,,,,0.2342773824930191,,,
q3s1u8j5,R_ref,0,1141,,,,,,,0.2201296091079712,,,
q3s1u8j5,R_ref,0,1142,,,,,,,0.27958983182907104,,,
q3s1u8j5,R_ref,0,1143,,,,,,,0.23423326015472412,,,
q3s1u8j5,R_ref,0,1144,,,,,,,0.2542225122451782,,,
q3s1u8j5,R_ref,0,1145,,,,,,,0.24882294237613678,,,
q3s1u8j5,R_ref,0,1146,,,,,,,0.22038599848747253,,,
q3s1u8j5,R_ref,0,1147,,,,,,,0.2739655375480652,,,
q3s1u8j5,R_ref,0,1148,,,,,,,0.22529344260692596,,,
q3s1u8j5,R_ref,0,1149,,,,,,,0.2633914053440094,,,
q3s1u8j5,R_ref,0,1150,,,,,,,0.2616918385028839,,,
q3s1u8j5,R_ref,0,1151,,,,,,,0.22534389793872833,,,
q3s1u8j5,R_ref,0,1152,,,,,,,0.25750961899757385,,,
q3s1u8j5,R_ref,0,1153,,,,,,,0.23045681416988373,,,
q3s1u8j5,R_ref,0,1154,,,,,,,0.2311570793390274,,,
q3s1u8j5,R_ref,0,1155,,,,,,,0.25363561511039734,,,
q3s1u8j5,R_ref,0,1156,,,,,,,0.22929969429969788,,,
q3s1u8j5,R_ref,0,1157,,,,,,,0.24616272747516632,,,
q3s1u8j5,R_ref,0,1158,,,,,,,0.23429818451404572,,,
q3s1u8j5,R_ref,0,1159,,,,,,,0.2476525455713272,,,
q3s1u8j5,R_ref,0,1160,,,,,,,0.27446800470352173,,,
q3s1u8j5,R_ref,0,1161,,,,,,,0.24121882021427155,,,
q3s1u8j5,R_ref,0,1162,,,,,,,0.2560994625091553,,,
q3s1u8j5,R_ref,0,1163,,,,,,,0.26247438788414,,,
q3s1u8j5,R_ref,0,1164,,,,,,,0.20708106458187103,,,
q3s1u8j5,R_ref,0,1165,,,,,,,0.2307054102420807,,,
q3s1u8j5,R_ref,0,1166,,,,,,,0.22394514083862305,,,
q3s1u8j5,R_ref,0,1167,,,,,,,0.23499687016010284,,,
q3s1u8j5,R_ref,0,1168,,,,,,,0.23668012022972107,,,
q3s1u8j5,R_ref,0,1169,,,,,,,0.2774960696697235,,,
q3s1u8j5,R_ref,0,1170,,,,,,,0.2325131595134735,,,
7zrt6udr,R_ref,1,0,-0.006470195949077606,-0.006470195949077606,-0.0031956019811332226,0.26581206917762756,0.000974340713582933,-3.770113835344091e-05,0.2796526551246643,0.09385798871517181,0.009385800920426846,
7zrt6udr,R_ref,1,1,-0.0022053231950849295,-0.0022053231950849295,0.0002888330491259694,0.2656802535057068,0.0008129815105348825,-0.0016435738652944565,0.2553578317165375,0.03483188897371292,0.0034831888042390347,
7zrt6udr,R_ref,1,2,-0.014803950674831867,-0.014803950674831867,-0.0010168750304728746,0.26597821712493896,0.0007468526600860059,0.0006541374605149031,0.2654361426830292,0.03303883224725723,0.003303883597254753,
7zrt6udr,R_ref,1,3,-0.013868458569049835,-0.013868458569049835,0.0005444345297291875,0.2659255266189575,0.0007027124520391226,-0.003768657799810171,0.25139448046684265,0.03224142640829086,0.0032241425942629576,
7zrt6udr,R_ref,1,4,-0.01824316196143627,-0.01824316196143627,0.0007251380593515933,0.26561984419822693,0.0006702021928504109,-0.0006793991778977215,0.2754723131656647,0.03468320518732071,0.0034683197736740112,
7zrt6udr,R_ref,1,5,-0.018599528819322586,-0.018599528819322586,0.0028275938238948584,0.2658979594707489,0.0006921043968759477,-0.0010823567863553762,0.23471084237098694,0.02716456912457943,0.0027164570055902004,
7zrt6udr,R_ref,1,6,-0.020884308964014053,-0.020884308964014053,0.0033429968170821667,0.2656306326389313,0.0007245396263897419,-0.0008591906516812742,0.25223323702812195,0.026978904381394386,0.002697890857234597,
7zrt6udr,R_ref,1,7,-0.023911142721772194,-0.023911142721772194,0.0037014523986727,0.26591184735298157,0.0007336102426052094,0.004151332192122936,0.2844209372997284,0.02931435965001583,0.0029314360581338406,
7zrt6udr,R_ref,1,8,-0.025092734023928642,-0.025092734023928642,0.0025000120513141155,0.26571598649024963,0.0006304122507572174,0.002554468344897032,0.2678156793117523,0.02559306100010872,0.002559306100010872,
7zrt6udr,R_ref,1,9,-0.027806056663393974,-0.027806056663393974,0.0023966904263943434,0.26599064469337463,0.0005920946132391691,-0.004271036013960838,0.21928909420967102,0.029299011453986168,0.0029299010057002306,
7zrt6udr,R_ref,1,10,-0.023461803793907166,-0.023461803793907166,0.0027583211194723845,0.2658466696739197,0.000586595619097352,0.0025625673588365316,0.2517295777797699,0.029769539833068848,0.0029769539833068848,
7zrt6udr,R_ref,1,11,-0.028459781780838966,-0.028459781780838966,0.0023006885312497616,0.2656469941139221,0.0005858762306161225,0.0016341125592589378,0.21182690560817719,0.02531205676496029,0.0025312057696282864,
7zrt6udr,R_ref,1,12,-0.02642480656504631,-0.02642480656504631,0.0031205862760543823,0.2656790018081665,0.0006215898902155459,-0.0012690606527030468,0.2285650670528412,0.02688189409673214,0.002688189735636115,
7zrt6udr,R_ref,1,13,-0.02648334763944149,-0.02648334763944149,0.00334242288954556,0.2655053436756134,0.0007068695849739015,0.00022567286214325577,0.3302753269672394,0.025993531569838524,0.0025993534363806248,
7zrt6udr,R_ref,1,14,-0.032349493354558945,-0.032349493354558945,0.0038973491173237562,0.26578521728515625,0.0008824579999782145,0.0019637630321085453,0.20753046870231628,0.023761115968227386,0.002376111224293709,
7zrt6udr,R_ref,1,15,-0.030452774837613106,-0.030452774837613106,-0.00012342848640400916,0.2659921646118164,0.0006473725661635399,4.992625690647401e-06,0.26286110281944275,0.03090539015829563,0.003090539248660207,
7zrt6udr,R_ref,1,16,-0.03362468630075455,-0.03362468630075455,0.0036787125281989574,0.26535046100616455,0.0010277184192091227,0.0045128013007342815,0.25443270802497864,0.02260453626513481,0.0022604535333812237,
7zrt6udr,R_ref,1,17,-0.034379489719867706,-0.034379489719867706,0.0039538173004984856,0.26542362570762634,0.0016205387655645609,-0.0022455942817032337,0.2108183056116104,0.020907962694764137,0.002090796362608671,
7zrt6udr,R_ref,1,18,-0.036515623331069946,-0.036515623331069946,0.0037637215573340654,0.26536762714385986,0.0016861071344465017,-0.0021184859797358513,0.273985356092453,0.02486390247941017,0.0024863898288458586,
7zrt6udr,R_ref,1,19,0.006469822488725185,0.006469822488725185,0.007801484782248735,0.26542189717292786,0.002308025723323226,0.00023916886129882187,0.2942221760749817,0.03308688476681709,0.0033086880575865507,
7zrt6udr,R_ref,1,20,0.006656566634774208,0.006656566634774208,0.0034598601050674915,0.26553472876548767,0.0009707502322271466,6.439956632675603e-05,0.25375038385391235,0.028802523389458656,0.002880252432078123,
7zrt6udr,R_ref,1,21,0.01292754802852869,0.01292754802852869,0.007246547844260931,0.2653834819793701,0.0024423012509942055,-0.001602783682756126,0.23715580999851227,0.02177438512444496,0.0021774382330477238,
7zrt6udr,R_ref,1,22,0.0041399747133255005,0.0041399747133255005,0.00805381778627634,0.2657257318496704,0.003436607075855136,-0.00197597942315042,0.2282044142484665,0.02254408225417137,0.0022544085513800383,
7zrt6udr,R_ref,1,23,0.012211852706968784,0.012211852706968784,0.009021800942718983,0.2649814486503601,0.0015065264888107777,0.0016265629092231393,0.2631296217441559,0.021674465388059616,0.0021674465388059616,
7zrt6udr,R_ref,1,24,0.0010364210465922952,0.0010364210465922952,0.011142869479954243,0.2652154862880707,0.0021259502973407507,0.00487582478672266,0.3201330900192261,0.02916196547448635,0.0029161968268454075,
7zrt6udr,R_ref,1,25,0.017245758324861526,0.017245758324861526,0.010057754814624786,0.2652582824230194,0.0033099299762398005,-0.0010021061170846224,0.23689135909080505,0.02079717628657818,0.0020797178149223328,
7zrt6udr,R_ref,1,26,0.025894148275256157,0.025894148275256157,0.008255722001194954,0.2649175822734833,0.0059644561260938644,-0.00060570880305022,0.28877565264701843,0.025049816817045212,0.0025049815885722637,
7zrt6udr,R_ref,1,27,0.006441769190132618,0.006441769190132618,0.010789194144308567,0.2652541399002075,0.0033777491189539433,0.0020385810639709234,0.26107892394065857,0.027494970709085464,0.0027494963724166155,
7zrt6udr,R_ref,1,28,0.014037697575986385,0.014037697575986385,0.011333162896335125,0.2648743689060211,0.0038839993067085743,0.0014763999497517943,0.2316768914461136,0.025652999058365822,0.0025653005577623844,
7zrt6udr,R_ref,1,29,0.0271392110735178,0.0271392110735178,0.010751939378678799,0.264702707529068,0.007555938325822353,0.003410134930163622,0.266149640083313,0.027908798307180405,0.002790879923850298,
7zrt6udr,R_ref,1,30,0.03254912793636322,0.03254912793636322,0.008383318781852722,0.2649732232093811,0.006076817866414785,0.0013281601713970304,0.2915237545967102,0.025257885456085205,0.002525788266211748,
7zrt6udr,R_ref,1,31,0.026577936485409737,0.026577936485409737,0.012418552301824093,0.26503080129623413,0.009160458110272884,-0.0008982171420939267,0.2030552327632904,0.02314971387386322,0.0023149712942540646,
7zrt6udr,R_ref,1,32,0.027905231341719627,0.027905231341719627,0.012465391308069229,0.264705091714859,0.006634396500885487,0.005204124376177788,0.25286170840263367,0.02439429983496666,0.0024394302163273096,
7zrt6udr,R_ref,1,33,0.031507980078458786,0.031507980078458786,0.012399756349623203,0.2650369703769684,0.0034284128341823816,0.0030275569297373295,0.24998913705348969,0.026640892028808594,0.0026640885043889284,
7zrt6udr,R_ref,1,34,0.025639940053224564,0.025639940053224564,0.011572883464396,0.2648492753505707,0.007912475615739822,-0.000786182819865644,0.26613152027130127,0.02863752469420433,0.0028637521900236607,
7zrt6udr,R_ref,1,35,0.03548600524663925,0.03548600524663925,0.008366229943931103,0.26459959149360657,0.012490637600421906,0.006168759427964687,0.213416188955307,0.021007943898439407,0.002100794343277812,
7zrt6udr,R_ref,1,36,0.03150303661823273,0.03150303661823273,0.008404226042330265,0.26477324962615967,0.017465688288211823,0.011478397063910961,0.28011536598205566,0.02869635820388794,0.002869635820388794,
7zrt6udr,R_ref,1,37,0.030611341819167137,0.030611341819167137,0.01167968288064003,0.26460856199264526,0.024706730619072914,0.014864886179566383,0.2530606985092163,0.02715463377535343,0.0027154632844030857,
7zrt6udr,R_ref,1,38,0.029985269531607628,0.029985269531607628,0.013206491246819496,0.2644733190536499,0.01243104413151741,0.02642090991139412,0.2630632817745209,0.027382437139749527,0.0027382434345781803,
7zrt6udr,R_ref,1,39,0.033385567367076874,0.033385567367076874,0.009673445485532284,0.26478859782218933,0.016292255371809006,0.024617893621325493,0.36440029740333557,0.027335654944181442,0.0027335656341165304,
7zrt6udr,R_ref,1,40,0.031317148357629776,0.031317148357629776,0.011449897661805153,0.2643393278121948,0.028904955834150314,0.027963226661086082,0.27724435925483704,0.024735774844884872,0.002473577857017517,
7zrt6udr,R_ref,1,41,0.032517775893211365,0.032517775893211365,0.012838777154684067,0.2644447684288025,0.03683025389909744,0.04235108196735382,0.2910478115081787,0.02644544281065464,0.0026445440016686916,
7zrt6udr,R_ref,1,42,0.03720461577177048,0.03720461577177048,0.010711031965911388,0.26389244198799133,0.03902612626552582,0.035757843405008316,0.25306132435798645,0.03166384622454643,0.0031663854606449604,
7zrt6udr,R_ref,1,43,0.0239170603454113,0.0239170603454113,0.011610310524702072,0.26467373967170715,0.03244447335600853,0.04262816160917282,0.23507584631443024,0.028404269367456436,0.002840426517650485,
7zrt6udr,R_ref,1,44,0.029753532260656357,0.029753532260656357,0.011586456559598446,0.26447340846061707,0.026827121153473854,0.04265290126204491,0.24617113173007965,0.03064192272722721,0.003064192831516266,
7zrt6udr,R_ref,1,45,0.028792455792427063,0.028792455792427063,0.013343177735805511,0.2654915750026703,0.04664526507258415,0.055662453174591064,0.2882591784000397,0.026128744706511497,0.0026128743775188923,
7zrt6udr,R_ref,1,46,0.02159970812499523,0.02159970812499523,0.016193104907870293,0.26456472277641296,0.042393654584884644,0.05061455816030502,0.263284832239151,0.03188799321651459,0.0031887993682175875,
7zrt6udr,R_ref,1,47,0.024514740332961082,0.024514740332961082,0.012712974101305008,0.26470762491226196,0.03846368193626404,0.05394043028354645,0.31111231446266174,0.03215460479259491,0.0032154605723917484,
7zrt6udr,R_ref,1,48,0.024578774347901344,0.024578774347901344,0.012562762945890427,0.26425760984420776,0.030302196741104126,0.05182131379842758,0.2393283247947693,0.028707709163427353,0.002870771335437894,
7zrt6udr,R_ref,1,49,0.027686456218361855,0.027686456218361855,0.013560923747718334,0.26480937004089355,0.05952119082212448,0.06479997932910919,0.24782249331474304,0.032771769911050797,0.0032771765254437923,
7zrt6udr,R_ref,1,50,0.022934390231966972,0.022934390231966972,0.013878459110856056,0.2641678750514984,0.04247536510229111,0.061166491359472275,0.28980594873428345,0.03057386353611946,0.0030573864933103323,
7zrt6udr,R_ref,1,51,0.017602495849132538,0.017602495849132538,0.016074584797024727,0.26446059346199036,0.05232817307114601,0.06350739300251007,0.23054742813110352,0.030383452773094177,0.003038345603272319,
7zrt6udr,R_ref,1,52,0.027228781953454018,0.027228781953454018,0.016234751790761948,0.2646983861923218,0.05866765230894089,0.06615732610225677,0.2538980543613434,0.029424503445625305,0.002942450810223818,
7zrt6udr,R_ref,1,53,0.01759921945631504,0.01759921945631504,0.0159404668956995,0.2643345594406128,0.03345179930329323,0.07428089529275894,0.2555708885192871,0.03328103572130203,0.003328103106468916,
7zrt6udr,R_ref,1,54,0.015430071391165257,0.015430071391165257,0.012614303268492222,0.2645514905452728,0.04128521308302879,0.07442187517881393,0.25195810198783875,0.032962799072265625,0.0032962795812636614,
7zrt6udr,R_ref,1,55,0.017171254381537437,0.017171254381537437,0.01719881407916546,0.2647560238838196,0.05410671606659889,0.06949482858181,0.21691949665546417,0.02947092056274414,0.002947092056274414,
7zrt6udr,R_ref,1,56,0.02083451859652996,0.02083451859652996,0.01687837578356266,0.2646908164024353,0.059139952063560486,0.07334394752979279,0.23288258910179138,0.029818952083587646,0.002981895115226507,
7zrt6udr,R_ref,1,57,0.006742196157574654,0.006742196157574654,0.01723518595099449,0.2654084861278534,0.0757870003581047,0.08308832347393036,0.26140284538269043,0.03484582155942917,0.0034845818299800158,
7zrt6udr,R_ref,1,58,0.009688617661595345,0.009688617661595345,0.01657741703093052,0.2642121911048889,0.044516660273075104,0.07231474667787552,0.24739407002925873,0.033393438905477524,0.0033393441699445248,
7zrt6udr,R_ref,1,59,0.011895452626049519,0.011895452626049519,0.020933492109179497,0.26527461409568787,0.0665937066078186,0.07702358812093735,0.24504420161247253,0.03273233026266098,0.0032732330728322268,
7zrt6udr,R_ref,1,60,0.01899983547627926,0.01899983547627926,0.014175658114254475,0.26481661200523376,0.07256774604320526,0.08718627691268921,0.2691226005554199,0.03486301377415657,0.0034863012842833996,
7zrt6udr,R_ref,1,61,0.015199253335595131,0.015199253335595131,0.015716878697276115,0.26452845335006714,0.04350559785962105,0.07809547334909439,0.2238263189792633,0.03258546441793442,0.0032585463486611843,
7zrt6udr,R_ref,1,62,0.022159108892083168,0.022159108892083168,0.013787779957056046,0.2649887502193451,0.06943956762552261,0.0893479585647583,0.23133502900600433,0.032927483320236206,0.003292748238891363,
7zrt6udr,R_ref,1,63,0.01109063345938921,0.01109063345938921,0.02013290859758854,0.2650161683559418,0.0546322725713253,0.0945652648806572,0.2772708237171173,0.032820530235767365,0.003282052930444479,
7zrt6udr,R_ref,1,64,0.012710544280707836,0.012710544280707836,0.019235044717788696,0.2652539312839508,0.07342232763767242,0.09529543668031693,0.34148165583610535,0.03327305614948273,0.0033273049630224705,
7zrt6udr,R_ref,1,65,0.012247624807059765,0.012247624807059765,0.01633649505674839,0.26482367515563965,0.04859459400177002,0.09473486989736557,0.23825758695602417,0.033557407557964325,0.003355739638209343,
7zrt6udr,R_ref,1,66,0.008885138668119907,0.008885138668119907,0.016822628676891327,0.26502203941345215,0.06740237027406693,0.10466964542865753,0.23229974508285522,0.03344542905688286,0.0033445428125560284,
7zrt6udr,R_ref,1,67,0.025812417268753052,0.025812417268753052,0.015246995724737644,0.26429611444473267,0.054075341671705246,0.09174907952547073,0.2250615507364273,0.034790292382240295,0.0034790299832820892,
7zrt6udr,R_ref,1,68,0.01426658220589161,0.01426658220589161,0.017934659495949745,0.2654190957546234,0.087221160531044,0.10234586894512177,0.26047974824905396,0.036507681012153625,0.00365076819434762,
7zrt6udr,R_ref,1,69,0.006478828843683004,0.006478828843683004,0.017423173412680626,0.2669355273246765,0.08914899080991745,0.11385327577590942,0.2615085244178772,0.03638662025332451,0.003638662863522768,
7zrt6udr,R_ref,1,70,0.012220940552651882,0.012220940552651882,0.01412911619991064,0.2646544277667999,0.04931492730975151,0.10110901296138763,0.27541595697402954,0.04245021194219589,0.004245019517838955,
7zrt6udr,R_ref,1,71,0.01307715941220522,0.01307715941220522,0.01703517884016037,0.26506808400154114,0.07659709453582764,0.10575535893440247,0.25981366634368896,0.03544613718986511,0.0035446137189865112,
7zrt6udr,R_ref,1,72,0.017813079059123993,0.017813079059123993,0.018671652302145958,0.2651517391204834,0.08289031684398651,0.10263107717037201,0.333495557308197,0.03490966930985451,0.003490966511890292,
7zrt6udr,R_ref,1,73,0.00718949967995286,0.00718949967995286,0.014818805269896984,0.26493367552757263,0.04111756384372711,0.11269471049308777,0.25455403327941895,0.03962651640176773,0.003962651826441288,
7zrt6udr,R_ref,1,74,0.00639064097777009,0.00639064097777009,0.017786361277103424,0.26498255133628845,0.044701073318719864,0.10259290784597397,0.270193487405777,0.04101157560944557,0.004101157654076815,
7zrt6udr,R_ref,1,75,0.0028280161786824465,0.0028280161786824465,0.019960304722189903,0.2653827667236328,0.0655888020992279,0.1151823028922081,0.19067786633968353,0.04199957102537155,0.004199957009404898,
7zrt6udr,R_ref,1,76,0.017959922552108765,0.017959922552108765,0.022399894893169403,0.2649328410625458,0.06957585364580154,0.11607402563095093,0.24148908257484436,0.04227938503026962,0.0042279381304979324,
7zrt6udr,R_ref,1,77,0.011956795118749142,0.011956795118749142,0.018709395080804825,0.2656172215938568,0.0915798470377922,0.1169019415974617,0.22325868904590607,0.03911934047937393,0.003911933861672878,
7zrt6udr,R_ref,1,78,0.013299455866217613,0.013299455866217613,0.021865135058760643,0.2660740613937378,0.09286224842071533,0.12432369589805603,0.26970338821411133,0.03903337940573692,0.0039033391512930393,
7zrt6udr,R_ref,1,79,0.011999995447695255,0.011999995447695255,0.019456591457128525,0.2652723789215088,0.07925480604171753,0.11471632868051529,0.3629437983036041,0.044010184705257416,0.004401019308716059,
7zrt6udr,R_ref,1,80,0.013852542266249657,0.013852542266249657,0.02066626213490963,0.2646292746067047,0.04905425012111664,0.1097678691148758,0.2706577777862549,0.04554937779903412,0.004554937593638897,
7zrt6udr,R_ref,1,81,0.003876880742609501,0.003876880742609501,0.020952746272087097,0.2668117880821228,0.09265907108783722,0.12079726904630661,0.23172830045223236,0.04122220724821091,0.004122220911085606,
7zrt6udr,R_ref,1,82,0.010157760232686996,0.010157760232686996,0.019583437591791153,0.266757071018219,0.11309560388326645,0.10745734721422195,0.25011974573135376,0.04982476308941841,0.004982476122677326,
7zrt6udr,R_ref,1,83,0.017654506489634514,0.017654506489634514,0.02204577438533306,0.2648421823978424,0.07934560626745224,0.11018634587526321,0.22202879190444946,0.05000249296426773,0.005000248085707426,
7zrt6udr,R_ref,1,84,0.002078964374959469,0.002078964374959469,0.016145948320627213,0.2656153738498688,0.06687437742948532,0.12084731459617615,0.25371721386909485,0.039025090634822845,0.0039025084115564823,
7zrt6udr,R_ref,1,85,0.004803067538887262,0.004803067538887262,0.019128168001770973,0.265066921710968,0.06177933141589165,0.14470848441123962,0.22782333195209503,0.04170889034867287,0.004170888103544712,
7zrt6udr,R_ref,1,86,0.011983796022832394,0.011983796022832394,0.019557440653443336,0.26697838306427,0.12460482865571976,0.13728712499141693,0.2616139352321625,0.041948601603507996,0.0041948603466153145,
7zrt6udr,R_ref,1,87,0.011847071349620819,0.011847071349620819,0.013934164308011532,0.2657534182071686,0.07783602923154831,0.13292820751667023,0.2536105215549469,0.0445166751742363,0.004451666958630085,
7zrt6udr,R_ref,1,88,0.011992908082902431,0.011992908082902431,0.015226584859192371,0.26480603218078613,0.058795370161533356,0.14003483951091766,0.23333126306533813,0.05082697793841362,0.005082698073238134,
7zrt6udr,R_ref,1,89,0.013920470140874386,0.013920470140874386,0.020540162920951843,0.265244722366333,0.06578066200017929,0.14044347405433655,0.23812466859817505,0.052987080067396164,0.0052987076342105865,
7zrt6udr,R_ref,1,90,0.010628104209899902,0.010628104209899902,0.023901788517832756,0.2658831477165222,0.08841593563556671,0.14252272248268127,0.25846144556999207,0.04245048388838768,0.004245047923177481,
7zrt6udr,R_ref,1,91,0.013185247778892517,0.013185247778892517,0.024522244930267334,0.2648012638092041,0.0635765790939331,0.15768612921237946,0.22905515134334564,0.04051017761230469,0.004051017574965954,
7zrt6udr,R_ref,1,92,0.012164957821369171,0.012164957821369171,0.021274173632264137,0.26494401693344116,0.05423403158783913,0.15964481234550476,0.2628476917743683,0.0431918166577816,0.004319182131439447,
7zrt6udr,R_ref,1,93,0.014144454151391983,0.014144454151391983,0.022742345929145813,0.26726382970809937,0.12206333875656128,0.1257745623588562,0.25236445665359497,0.04869455844163895,0.004869455937296152,
7zrt6udr,R_ref,1,94,0.01141395978629589,0.01141395978629589,0.02107689529657364,0.2670089900493622,0.13208943605422974,0.16617539525032043,0.2685469090938568,0.04683838039636612,0.004683838225901127,
7zrt6udr,R_ref,1,95,0.018496640026569366,0.018496640026569366,0.01935378462076187,0.26498231291770935,0.05833154916763306,0.15176115930080414,0.2739676237106323,0.04498107358813286,0.004498107824474573,
7zrt6udr,R_ref,1,96,0.009386053308844566,0.009386053308844566,0.0257424209266901,0.265773206949234,0.07930956035852432,0.15400661528110504,0.2999366819858551,0.04432776942849159,0.004432776942849159,
7zrt6udr,R_ref,1,97,0.004991298075765371,0.004991298075765371,0.02028687670826912,0.266541451215744,0.07793810963630676,0.15327651798725128,0.2329307496547699,0.04135499894618988,0.004135499708354473,
7zrt6udr,R_ref,1,98,0.012463119812309742,0.012463119812309742,0.022985178977251053,0.26564183831214905,0.09295535832643509,0.17093288898468018,0.24399083852767944,0.04874984920024872,0.004874984733760357,
7zrt6udr,R_ref,1,99,0.014500744640827179,0.014500744640827179,0.02262611873447895,0.2647272050380707,0.06377173960208893,0.16503390669822693,0.2825973629951477,0.051299382001161575,0.00512993847951293,
7zrt6udr,R_ref,1,100,0.011080519296228886,0.011080519296228886,0.023703424260020256,0.2655527889728546,0.07363171130418777,0.12403327226638794,0.2623598873615265,0.05882728844881058,0.005882729776203632,
7zrt6udr,R_ref,1,101,0.010480452328920364,0.010480452328920364,0.026934538036584854,0.2655109167098999,0.08471322804689407,0.15970298647880554,0.2704101800918579,0.03856725990772247,0.0038567259907722473,
7zrt6udr,R_ref,1,102,0.0110772168263793,0.0110772168263793,0.024099241942167282,0.26808175444602966,0.1350002884864807,0.15859898924827576,0.25446316599845886,0.04684843122959137,0.004684843122959137,
7zrt6udr,R_ref,1,103,0.009168495424091816,0.009168495424091816,0.023952113464474678,0.2656451463699341,0.07955724000930786,0.13884802162647247,0.20473505556583405,0.049673911184072495,0.004967390559613705,
7zrt6udr,R_ref,1,104,0.013343102298676968,0.013343102298676968,0.027194608002901077,0.26584649085998535,0.08802244067192078,0.17667539417743683,0.2657565474510193,0.04135850816965103,0.004135850816965103,
7zrt6udr,R_ref,1,105,0.01093046460300684,0.01093046460300684,0.023932820186018944,0.26573604345321655,0.08762189000844955,0.1828349083662033,0.26601991057395935,0.045354653149843216,0.004535464569926262,
7zrt6udr,R_ref,1,106,0.014053190127015114,0.014053190127015114,0.02521800994873047,0.2649407684803009,0.06810823827981949,0.1757585108280182,0.2908512353897095,0.04400371387600899,0.004400371573865414,
7zrt6udr,R_ref,1,107,0.014315377920866013,0.014315377920866013,0.0238972008228302,0.2659670114517212,0.1006716787815094,0.16105002164840698,0.20672902464866638,0.04990965127944946,0.004990965127944946,
7zrt6udr,R_ref,1,108,0.01648838259279728,0.01648838259279728,0.02423868328332901,0.2646011412143707,0.07420297712087631,0.17954954504966736,0.2749389708042145,0.043481893837451935,0.004348190035670996,
7zrt6udr,R_ref,1,109,0.011506647802889347,0.011506647802889347,0.025630459189414978,0.2655516564846039,0.07923997938632965,0.17495667934417725,0.2842622399330139,0.04358421638607979,0.004358422476798296,
7zrt6udr,R_ref,1,110,0.011645899154245853,0.011645899154245853,0.020705781877040863,0.26624467968940735,0.09872355312108994,0.15310953557491302,0.2548294961452484,0.05355043336749077,0.0053550442680716515,
7zrt6udr,R_ref,1,111,0.007640357129275799,0.007640357129275799,0.022442782297730446,0.26540955901145935,0.03894026577472687,0.17811447381973267,0.19615298509597778,0.055169928818941116,0.005516993813216686,
7zrt6udr,R_ref,1,112,0.01257386989891529,0.01257386989891529,0.02986873872578144,0.26722195744514465,0.10868684947490692,0.16321489214897156,0.268225759267807,0.04653855785727501,0.0046538556925952435,
7zrt6udr,R_ref,1,113,0.016440652310848236,0.016440652310848236,0.02477479726076126,0.2664991319179535,0.14592881500720978,0.15060286223888397,0.3048553764820099,0.06404059380292892,0.006404059939086437,
7zrt6udr,R_ref,1,114,0.009824893437325954,0.009824893437325954,0.034017808735370636,0.2689822316169739,0.18150831758975983,0.1371164470911026,0.2199256271123886,0.05783015489578247,0.005783014930784702,
7zrt6udr,R_ref,1,115,0.012358391657471657,0.012358391657471657,0.02664472907781601,0.26706504821777344,0.1361818015575409,0.17744790017604828,0.28974586725234985,0.04564943164587021,0.004564943723380566,
7zrt6udr,R_ref,1,116,0.020652329549193382,0.020652329549193382,0.03091433458030224,0.2690889835357666,0.16897287964820862,0.18174393475055695,0.25339773297309875,0.051780104637145996,0.00517801009118557,
7zrt6udr,R_ref,1,117,0.0205154400318861,0.0205154400318861,0.018975190818309784,0.26635438203811646,0.0998791754245758,0.16392970085144043,0.2546626329421997,0.053210802376270294,0.005321080796420574,
7zrt6udr,R_ref,1,118,0.014071153476834297,0.014071153476834297,0.025753159075975418,0.2672010362148285,0.14538206160068512,0.16761250793933868,0.24625983834266663,0.05063093826174736,0.005063094664365053,
7zrt6udr,R_ref,1,119,0.015780042856931686,0.015780042856931686,0.024186773225665092,0.2652522027492523,0.08880617469549179,0.17503489553928375,0.23831847310066223,0.04846160486340523,0.004846160765737295,
7zrt6udr,R_ref,1,120,0.014424119144678116,0.014424119144678116,0.01711977645754814,0.26643797755241394,0.10960794240236282,0.18018673360347748,0.2577963173389435,0.04829759523272514,0.004829759709537029,
7zrt6udr,R_ref,1,121,0.02696099504828453,0.02696099504828453,0.029610466212034225,0.26412463188171387,0.0737016424536705,0.18365049362182617,0.25338014960289,0.04165499657392502,0.004165499471127987,
7zrt6udr,R_ref,1,122,0.024506950750947,0.024506950750947,0.030639585107564926,0.26589301228523254,0.10470166057348251,0.1827511340379715,0.2719174921512604,0.050411373376846313,0.005041138269007206,
7zrt6udr,R_ref,1,123,0.030297579243779182,0.030297579243779182,0.028004491701722145,0.2646581828594208,0.07445687055587769,0.1831786334514618,0.29544761776924133,0.03926381468772888,0.003926382400095463,
7zrt6udr,R_ref,1,124,0.014117922633886337,0.014117922633886337,0.025766540318727493,0.2717055678367615,0.23624810576438904,0.20243407785892487,0.27742815017700195,0.04382237419486046,0.004382236860692501,
7zrt6udr,R_ref,1,125,0.023916050791740417,0.023916050791740417,0.03660758584737778,0.26568764448165894,0.098881296813488,0.18060749769210815,0.2526131868362427,0.05171692371368408,0.005171691533178091,
7zrt6udr,R_ref,1,126,0.01569964364171028,0.01569964364171028,0.02066631056368351,0.2648618519306183,0.05333040654659271,0.198015496134758,0.2934950590133667,0.044094644486904144,0.004409464541822672,
7zrt6udr,R_ref,1,127,0.016357101500034332,0.016357101500034332,0.029112447053194046,0.26647159457206726,0.10002925992012024,0.18780845403671265,0.2574855089187622,0.04549192264676094,0.004549192264676094,
7zrt6udr,R_ref,1,128,0.014186326414346695,0.014186326414346695,0.024978207424283028,0.26728442311286926,0.13252922892570496,0.18824943900108337,0.24018855392932892,0.0507243387401104,0.0050724344328045845,
7zrt6udr,R_ref,1,129,0.02144545316696167,0.02144545316696167,0.029977185651659966,0.2656482458114624,0.08640727400779724,0.1944165676832199,0.21801435947418213,0.051462382078170776,0.00514623848721385,
7zrt6udr,R_ref,1,130,0.015080071985721588,0.015080071985721588,0.028091445565223694,0.2665731906890869,0.09137044847011566,0.15759684145450592,0.2407546192407608,0.06304223090410233,0.006304222159087658,
7zrt6udr,R_ref,1,131,0.020668132230639458,0.020668132230639458,0.033539798110723495,0.2660699188709259,0.11658662557601929,0.16231124103069305,0.29237067699432373,0.04779448360204697,0.004779449198395014,
7zrt6udr,R_ref,1,132,0.011981090530753136,0.011981090530753136,0.02198251523077488,0.26735588908195496,0.1177644431591034,0.17537903785705566,0.24661947786808014,0.05229251831769943,0.005229252390563488,
7zrt6udr,R_ref,1,133,0.0222646351903677,0.0222646351903677,0.029007429257035255,0.26618653535842896,0.11859267204999924,0.1893729269504547,0.3091202974319458,0.04088352248072624,0.004088351037353277,
7zrt6udr,R_ref,1,134,0.02770048752427101,0.02770048752427101,0.025952640920877457,0.26541876792907715,0.07188845425844193,0.20301270484924316,0.2652004659175873,0.04073614999651909,0.004073616117238998,
7zrt6udr,R_ref,1,135,0.02114797942340374,0.02114797942340374,0.03078969195485115,0.26899218559265137,0.18891043961048126,0.20142357051372528,0.2126646637916565,0.04300672560930252,0.004300673492252827,
7zrt6udr,R_ref,1,136,0.010048352181911469,0.010048352181911469,0.02698414772748947,0.2735608220100403,0.26084065437316895,0.2005258947610855,0.27119332551956177,0.0515560582280159,0.0051556057296693325,
7zrt6udr,R_ref,1,137,0.01577984169125557,0.01577984169125557,0.028568387031555176,0.2708277404308319,0.24008505046367645,0.20061896741390228,0.22682298719882965,0.04994320124387741,0.0049943202175199986,
7zrt6udr,R_ref,1,138,0.017833096906542778,0.017833096906542778,0.025800075381994247,0.2703429162502289,0.23794877529144287,0.18265920877456665,0.22090308368206024,0.052794553339481354,0.005279454402625561,
7zrt6udr,R_ref,1,139,0.018559109419584274,0.018559109419584274,0.03252599388360977,0.2675376832485199,0.16743353009223938,0.19505706429481506,0.32647475600242615,0.04251370206475258,0.004251370672136545,
7zrt6udr,R_ref,1,140,0.023798944428563118,0.023798944428563118,0.033922478556632996,0.2660687565803528,0.11969751864671707,0.19770818948745728,0.26728299260139465,0.05287954956293106,0.0052879550494253635,
7zrt6udr,R_ref,1,141,0.031644660979509354,0.031644660979509354,0.04000982269644737,0.26538458466529846,0.10981311649084091,0.20437459647655487,0.23707745969295502,0.039072874933481216,0.003907287493348122,
7zrt6udr,R_ref,1,142,0.02321663498878479,0.02321663498878479,0.030459949746727943,0.2655012607574463,0.09613024443387985,0.20824818313121796,0.2791149914264679,0.043796077370643616,0.004379607737064362,
7zrt6udr,R_ref,1,143,0.021121464669704437,0.021121464669704437,0.031096382066607475,0.26698893308639526,0.12443523108959198,0.19309547543525696,0.30703574419021606,0.04826638847589493,0.00482663931325078,
7zrt6udr,R_ref,1,144,0.020691407844424248,0.020691407844424248,0.03798592835664749,0.2687358856201172,0.18885743618011475,0.20100755989551544,0.25996217131614685,0.05722387880086899,0.005722389090806246,
7zrt6udr,R_ref,1,145,0.009753969497978687,0.009753969497978687,0.031073756515979767,0.27293503284454346,0.19962866604328156,0.20373639464378357,0.2353614717721939,0.06451074779033661,0.006451074965298176,
7zrt6udr,R_ref,1,146,0.016629695892333984,0.016629695892333984,0.03279442340135574,0.27116602659225464,0.25195398926734924,0.18374909460544586,0.2385398894548416,0.05212912708520889,0.0052129123359918594,
7zrt6udr,R_ref,1,147,0.021850284188985825,0.021850284188985825,0.037555646151304245,0.2694222927093506,0.22573308646678925,0.19033333659172058,0.24971815943717957,0.051010143011808395,0.005101014394313097,
7zrt6udr,R_ref,1,148,0.028056228533387184,0.028056228533387184,0.03495531529188156,0.26801973581314087,0.18697789311408997,0.19297106564044952,0.22721046209335327,0.044934485107660294,0.004493448417633772,
7zrt6udr,R_ref,1,149,0.01431846059858799,0.01431846059858799,0.022481173276901245,0.26590240001678467,0.09767137467861176,0.20506097376346588,0.24090105295181274,0.04734228551387787,0.004734228365123272,
7zrt6udr,R_ref,1,150,0.015986114740371704,0.015986114740371704,0.02345173992216587,0.2697371542453766,0.20754794776439667,0.20764660835266113,0.23112402856349945,0.04254991561174393,0.0042549907229840755,
7zrt6udr,R_ref,1,151,0.02023211307823658,0.02023211307823658,0.026256145909428596,0.2663630247116089,0.11796330660581589,0.21546770632266998,0.24379880726337433,0.04753099009394646,0.004753098823130131,
7zrt6udr,R_ref,1,152,0.016109012067317963,0.016109012067317963,0.0356004536151886,0.2695440948009491,0.21874085068702698,0.20892563462257385,0.22913852334022522,0.04829675331711769,0.004829674493521452,
7zrt6udr,R_ref,1,153,0.015200749970972538,0.015200749970972538,0.03318605571985245,0.2679586410522461,0.16308091580867767,0.21417245268821716,0.3160489797592163,0.04404802992939949,0.004404802806675434,
7zrt6udr,R_ref,1,154,0.01463855430483818,0.01463855430483818,0.028617678210139275,0.27025139331817627,0.2015790343284607,0.2111428678035736,0.2568746507167816,0.050973422825336456,0.005097342189401388,
7zrt6udr,R_ref,1,155,0.020372459664940834,0.020372459664940834,0.031237276270985603,0.2713783383369446,0.2413540929555893,0.22109459340572357,0.22048184275627136,0.04761698096990585,0.00476169865578413,
7zrt6udr,R_ref,1,156,0.017188778147101402,0.017188778147101402,0.028353074565529823,0.2688010632991791,0.1708761304616928,0.21222630143165588,0.22747114300727844,0.05599570274353027,0.005599570460617542,
7zrt6udr,R_ref,1,157,0.013907923363149166,0.013907923363149166,0.030381279066205025,0.27190062403678894,0.2527136504650116,0.22098274528980255,0.27254337072372437,0.04652027413249016,0.004652027972042561,
7zrt6udr,R_ref,1,158,0.019728919491171837,0.019728919491171837,0.04193251207470894,0.2727062404155731,0.2566450834274292,0.21632064878940582,0.2054615467786789,0.04932205751538277,0.004932205658406019,
7zrt6udr,R_ref,1,159,0.017177194356918335,0.017177194356918335,0.033021509647369385,0.27489960193634033,0.3032163679599762,0.2185988575220108,0.29710260033607483,0.05676490068435669,0.005676490254700184,
7zrt6udr,R_ref,1,160,0.019769787788391113,0.019769787788391113,0.03448640555143356,0.2693522870540619,0.19808535277843475,0.2086358517408371,0.23663660883903503,0.058473773300647736,0.005847377236932516,
7zrt6udr,R_ref,1,161,0.012312907725572586,0.012312907725572586,0.01871783286333084,0.27027082443237305,0.2012162208557129,0.21695922315120697,0.29436028003692627,0.0550244078040123,0.0055024391040205956,
7zrt6udr,R_ref,1,162,0.030873822048306465,0.030873822048306465,0.042378708720207214,0.26488006114959717,0.1040303036570549,0.2034556120634079,0.20856916904449463,0.06882086396217346,0.006882086396217346,
7zrt6udr,R_ref,1,163,0.033700279891490936,0.033700279891490936,0.04001113772392273,0.26575425267219543,0.12121009081602097,0.2053011804819107,0.21161606907844543,0.054852284491062164,0.005485229194164276,
7zrt6udr,R_ref,1,164,0.03124435618519783,0.03124435618519783,0.026910405606031418,0.26536887884140015,0.1102643758058548,0.1944616138935089,0.22444936633110046,0.06568198651075363,0.006568198557943106,
7zrt6udr,R_ref,1,165,0.021764429286122322,0.021764429286122322,0.035336852073669434,0.2674486041069031,0.157608300447464,0.19382040202617645,0.2430419772863388,0.06011693552136421,0.006011693738400936,
7zrt6udr,R_ref,1,166,0.02145015075802803,0.02145015075802803,0.031776655465364456,0.26625367999076843,0.11372672766447067,0.21021804213523865,0.2524035573005676,0.053876299411058426,0.005387629847973585,
7zrt6udr,R_ref,1,167,0.02145015075802803,0.02145015075802803,0.031776655465364456,0.26625367999076843,0.11372672766447067,0.21874845027923584,0.20130778849124908,0.049957774579524994,0.004995777737349272,
7zrt6udr,R_ref,1,168,0.02499714307487011,0.02499714307487011,0.041040223091840744,0.26935672760009766,0.1817227154970169,0.2253578007221222,0.2725234627723694,0.052648793905973434,0.005264880135655403,
7zrt6udr,R_ref,1,169,0.02091801166534424,0.02091801166534424,0.03865976631641388,0.2685938775539398,0.1596132218837738,0.23560160398483276,0.2763659656047821,0.04898567870259285,0.004898569080978632,
7zrt6udr,R_ref,1,170,0.022591179236769676,0.022591179236769676,0.04014192149043083,0.2681969702243805,0.17027157545089722,0.219955176115036,0.23347583413124084,0.05702240392565727,0.005702240392565727,
7zrt6udr,R_ref,1,171,0.021851489320397377,0.021851489320397377,0.03547336161136627,0.272016316652298,0.2346464991569519,0.22125576436519623,0.2527301609516144,0.058313120156526566,0.005831311456859112,
7zrt6udr,R_ref,1,172,0.020282072946429253,0.020282072946429253,0.034819986671209335,0.2710079550743103,0.20835435390472412,0.23130221664905548,0.2755722999572754,0.04971655085682869,0.004971654154360294,
7zrt6udr,R_ref,1,173,0.025543296709656715,0.025543296709656715,0.04287990555167198,0.2693246901035309,0.2022598832845688,0.23169565200805664,0.2579576075077057,0.05245785042643547,0.005245785228908062,
7zrt6udr,R_ref,1,174,0.02498229593038559,0.02498229593038559,0.03801129758358002,0.2702849805355072,0.2245834618806839,0.22835324704647064,0.29792675375938416,0.05328776314854622,0.005328775849193335,
7zrt6udr,R_ref,1,175,0.029142241925001144,0.029142241925001144,0.03907325118780136,0.2707175314426422,0.2094642072916031,0.23041124641895294,0.2606797516345978,0.05583605915307999,0.005583606194704771,
7zrt6udr,R_ref,1,176,0.024828635156154633,0.024828635156154633,0.04002578184008598,0.2712193429470062,0.2332068383693695,0.23411870002746582,0.22208529710769653,0.05307336896657944,0.005307336803525686,
7zrt6udr,R_ref,1,177,0.02406083419919014,0.02406083419919014,0.042805083096027374,0.26983949542045593,0.2198980301618576,0.22965562343597412,0.27406567335128784,0.05448499321937561,0.005448499694466591,
7zrt6udr,R_ref,1,178,0.02743297442793846,0.02743297442793846,0.03456670418381691,0.2671761214733124,0.15801548957824707,0.2306973934173584,0.234248086810112,0.05236557871103287,0.005236557684838772,
7zrt6udr,R_ref,1,179,0.020643193274736404,0.020643193274736404,0.0351945124566555,0.2693944275379181,0.20222605764865875,0.2376321405172348,0.2108638733625412,0.05409789830446243,0.0054097892716526985,
7zrt6udr,R_ref,1,180,0.022316884249448776,0.022316884249448776,0.03706212714314461,0.2699357867240906,0.2007557600736618,0.22504444420337677,0.30713069438934326,0.05513910576701164,0.005513910204172134,
7zrt6udr,R_ref,1,181,0.023083258420228958,0.023083258420228958,0.038162712007761,0.26928389072418213,0.18354853987693787,0.23603558540344238,0.25739598274230957,0.053408801555633545,0.005340880714356899,
7zrt6udr,R_ref,1,182,0.021697059273719788,0.021697059273719788,0.03763895854353905,0.2699524760246277,0.20038525760173798,0.23287604749202728,0.27125024795532227,0.05785168334841728,0.005785169545561075,
7zrt6udr,R_ref,1,183,0.020149240270256996,0.020149240270256996,0.035403985530138016,0.2735595107078552,0.26792189478874207,0.23117032647132874,0.26988905668258667,0.06423046439886093,0.006423047743737698,
7zrt6udr,R_ref,1,184,0.020999649539589882,0.020999649539589882,0.03764178603887558,0.2703344523906708,0.2246711403131485,0.2330808937549591,0.24295660853385925,0.052582062780857086,0.005258205812424421,
7zrt6udr,R_ref,1,185,0.01817306876182556,0.01817306876182556,0.04474439099431038,0.27240288257598877,0.23395216464996338,0.23862913250923157,0.2914765179157257,0.05463256686925888,0.005463256500661373,
7zrt6udr,R_ref,1,186,0.02858412079513073,0.02858412079513073,0.04220153018832207,0.27107635140419006,0.2167244553565979,0.2371986210346222,0.2679233253002167,0.05231044441461563,0.005231044255197048,
7zrt6udr,R_ref,1,187,0.024412089958786964,0.024412089958786964,0.038384027779102325,0.27131229639053345,0.2291456162929535,0.24223634600639343,0.411846399307251,0.0481506809592247,0.00481506809592247,
7zrt6udr,R_ref,1,188,0.02462025173008442,0.02462025173008442,0.04235553741455078,0.271210253238678,0.23240220546722412,0.24486052989959717,0.24740605056285858,0.050782036036252975,0.005078203976154327,
7zrt6udr,R_ref,1,189,0.03369242697954178,0.03369242697954178,0.046636659651994705,0.26854458451271057,0.18025946617126465,0.23084387183189392,0.2285054326057434,0.048854194581508636,0.004885419737547636,
7zrt6udr,R_ref,1,190,0.031242800876498222,0.031242800876498222,0.034877751022577286,0.268806517124176,0.18705657124519348,0.24300840497016907,0.2546626329421997,0.0507541187107563,0.0050754123367369175,
7zrt6udr,R_ref,1,191,0.027893751859664917,0.027893751859664917,0.04227403178811073,0.2709394693374634,0.2233375459909439,0.25303947925567627,0.3420664370059967,0.04504082351922989,0.004504083190113306,
7zrt6udr,R_ref,1,192,0.022755412384867668,0.022755412384867668,0.039470963180065155,0.27085503935813904,0.2148955762386322,0.2565014660358429,0.23688393831253052,0.047952085733413696,0.004795209039002657,
7zrt6udr,R_ref,1,193,0.025346506386995316,0.025346506386995316,0.0439986027777195,0.27316802740097046,0.2571011185646057,0.24401496350765228,0.2549605071544647,0.05733495205640793,0.00573349604383111,
7zrt6udr,R_ref,1,194,0.02398054488003254,0.02398054488003254,0.04330134019255638,0.27371805906295776,0.25803202390670776,0.24441537261009216,0.34777402877807617,0.06285499036312103,0.006285497453063726,
7zrt6udr,R_ref,1,195,0.024083461612462997,0.024083461612462997,0.034677498042583466,0.2705327570438385,0.2136848419904709,0.22817443311214447,0.2511062026023865,0.06613839417695999,0.0066138384863734245,
7zrt6udr,R_ref,1,196,0.02343977428972721,0.02343977428972721,0.042550213634967804,0.26955294609069824,0.17831391096115112,0.2507598102092743,0.23715445399284363,0.0538475327193737,0.005384753458201885,
7zrt6udr,R_ref,1,197,0.015711573883891106,0.015711573883891106,0.04335949569940567,0.2766288220882416,0.28297075629234314,0.24292171001434326,0.2662213444709778,0.05907855182886124,0.005907854996621609,
7zrt6udr,R_ref,1,198,0.026705894619226456,0.026705894619226456,0.042939960956573486,0.2725343108177185,0.24535806477069855,0.23971523344516754,0.22590024769306183,0.0564749613404274,0.0056474958546459675,
7zrt6udr,R_ref,1,199,0.020411059260368347,0.020411059260368347,0.035617150366306305,0.2685489356517792,0.17342136800289154,0.2483457624912262,0.19060349464416504,0.048398829996585846,0.004839882254600525,
7zrt6udr,R_ref,1,200,0.028318362310528755,0.028318362310528755,0.049784112721681595,0.2727084159851074,0.25614693760871887,0.25454413890838623,0.25229838490486145,0.052321501076221466,0.005232148338109255,
7zrt6udr,R_ref,1,201,0.024154439568519592,0.024154439568519592,0.04396582394838333,0.27383214235305786,0.2553555965423584,0.2540828585624695,0.19594179093837738,0.0514775887131691,0.00514775887131691,
7zrt6udr,R_ref,1,202,0.025345150381326675,0.025345150381326675,0.04850613698363304,0.27266767621040344,0.23942485451698303,0.24866226315498352,0.22719286382198334,0.05934014171361923,0.005934014916419983,
7zrt6udr,R_ref,1,203,0.020693793892860413,0.020693793892860413,0.04233061522245407,0.2757793366909027,0.2639849781990051,0.25253826379776,0.21180814504623413,0.047754231840372086,0.004775422625243664,
7zrt6udr,R_ref,1,204,0.02247823402285576,0.02247823402285576,0.03909207507967949,0.27786019444465637,0.3157224655151367,0.24998611211776733,0.26396822929382324,0.056212417781353,0.00562124140560627,
7zrt6udr,R_ref,1,205,0.037574317306280136,0.037574317306280136,0.04124695062637329,0.26806220412254333,0.16899164021015167,0.24770000576972961,0.25853821635246277,0.05927032232284546,0.005927032325416803,
7zrt6udr,R_ref,1,206,0.031027156859636307,0.031027156859636307,0.052075330168008804,0.26832160353660583,0.17867280542850494,0.2487642616033554,0.2184823900461197,0.057702720165252686,0.005770270712673664,
7zrt6udr,R_ref,1,207,0.037177976220846176,0.037177976220846176,0.0466001033782959,0.272128164768219,0.24817310273647308,0.2508494555950165,0.19228194653987885,0.05428575351834297,0.005428574979305267,
7zrt6udr,R_ref,1,208,0.031638599932193756,0.031638599932193756,0.03911576420068741,0.2709537148475647,0.22288712859153748,0.2521630525588989,0.23507274687290192,0.05818396061658859,0.0058183977380394936,
7zrt6udr,R_ref,1,209,0.039807192981243134,0.039807192981243134,0.05478528514504433,0.2672572731971741,0.17300692200660706,0.25268226861953735,0.27003681659698486,0.05798095464706421,0.005798094440251589,
7zrt6udr,R_ref,1,210,0.02529977262020111,0.02529977262020111,0.04183370992541313,0.2718842327594757,0.23519012331962585,0.251333624124527,0.26561737060546875,0.057443492114543915,0.005744348280131817,
7zrt6udr,R_ref,1,211,0.020007364451885223,0.020007364451885223,0.0334286093711853,0.2738901674747467,0.2567189335823059,0.23895247280597687,0.25034692883491516,0.06535156816244125,0.00653515849262476,
7zrt6udr,R_ref,1,212,0.03383592888712883,0.03383592888712883,0.0407283715903759,0.26686304807662964,0.1405215859413147,0.2377920150756836,0.26322948932647705,0.0637892484664917,0.006378925405442715,
7zrt6udr,R_ref,1,213,0.03008905239403248,0.03008905239403248,0.04827141389250755,0.26921552419662476,0.18982867896556854,0.2568395435810089,0.24486587941646576,0.0521610751748085,0.0052161067724227905,
7zrt6udr,R_ref,1,214,0.013326010666787624,0.013326010666787624,0.04055622220039368,0.2778264880180359,0.2885700464248657,0.247849240899086,0.27419063448905945,0.055396534502506256,0.005539652891457081,
7zrt6udr,R_ref,1,215,0.03119565173983574,0.03119565173983574,0.049131300300359726,0.27149316668510437,0.2302911877632141,0.25794512033462524,0.20472648739814758,0.05360133573412895,0.00536013301461935,
7zrt6udr,R_ref,1,216,0.022204196080565453,0.022204196080565453,0.043905820697546005,0.2761610448360443,0.30778762698173523,0.2468654215335846,0.22288616001605988,0.062244486063718796,0.006224448326975107,
7zrt6udr,R_ref,1,217,0.02639799192547798,0.02639799192547798,0.0491800382733345,0.27462029457092285,0.27626287937164307,0.25008049607276917,0.2670323848724365,0.050593625754117966,0.005059361923485994,
7zrt6udr,R_ref,1,218,0.032970309257507324,0.032970309257507324,0.039306946098804474,0.2694024443626404,0.20228882133960724,0.26146942377090454,0.2914044260978699,0.05237158015370369,0.0052371579222381115,
7zrt6udr,R_ref,1,219,0.039529480040073395,0.039529480040073395,0.05141495540738106,0.2700914144515991,0.2215118706226349,0.259655624628067,0.40903377532958984,0.0567021369934082,0.00567021407186985,
7zrt6udr,R_ref,1,220,0.023855680599808693,0.023855680599808693,0.04024835303425789,0.27833250164985657,0.3672553300857544,0.2506517469882965,0.2539762258529663,0.055567920207977295,0.005556790623813868,
7zrt6udr,R_ref,1,221,0.033150702714920044,0.033150702714920044,0.04705754294991493,0.27407753467559814,0.2791474759578705,0.2657274007797241,0.2469208687543869,0.04393559694290161,0.0043935589492321014,
7zrt6udr,R_ref,1,222,0.03258439525961876,0.03258439525961876,0.04454357549548149,0.27689146995544434,0.3161972761154175,0.2716008722782135,0.2706049978733063,0.040658120065927505,0.004065812565386295,
7zrt6udr,R_ref,1,223,0.02390081062912941,0.02390081062912941,0.04291762411594391,0.2738973796367645,0.26140695810317993,0.268848717212677,0.1993291676044464,0.046897515654563904,0.004689751658588648,
7zrt6udr,R_ref,1,224,0.03570302203297615,0.03570302203297615,0.04853125661611557,0.2730747163295746,0.27578139305114746,0.2648793160915375,0.2959575355052948,0.04730425775051117,0.00473042530938983,
7zrt6udr,R_ref,1,225,0.04230498522520065,0.04230498522520065,0.047106292098760605,0.26888763904571533,0.19911505281925201,0.2711041271686554,0.24469339847564697,0.04931635782122612,0.004931635223329067,
7zrt6udr,R_ref,1,226,0.03480653464794159,0.03480653464794159,0.041357964277267456,0.272357314825058,0.254582017660141,0.25868719816207886,0.2714675962924957,0.0601826012134552,0.006018259562551975,
7zrt6udr,R_ref,1,227,0.03529513627290726,0.03529513627290726,0.061511147767305374,0.27336031198501587,0.27605608105659485,0.2581140697002411,0.23588746786117554,0.051898546516895294,0.005189854186028242,
7zrt6udr,R_ref,1,228,0.041636593639850616,0.041636593639850616,0.05121851712465286,0.2677370309829712,0.17648273706436157,0.25805550813674927,0.22980380058288574,0.05331212282180786,0.005331213120371103,
7zrt6udr,R_ref,1,229,0.03727901354432106,0.03727901354432106,0.047593023627996445,0.26782968640327454,0.17909446358680725,0.2714214622974396,0.23037445545196533,0.04327752813696861,0.004327753558754921,
7zrt6udr,R_ref,1,230,0.04162168130278587,0.04162168130278587,0.05279575288295746,0.27452361583709717,0.2875176668167114,0.2694628834724426,0.226942241191864,0.05414004251360893,0.005414003971964121,
7zrt6udr,R_ref,1,231,0.03989868983626366,0.03989868983626366,0.05113479122519493,0.2735072374343872,0.2737490236759186,0.27358660101890564,0.3026878535747528,0.05068221688270569,0.005068222060799599,
7zrt6udr,R_ref,1,232,0.036844294518232346,0.036844294518232346,0.05659661069512367,0.27438464760780334,0.28964963555336,0.2610471248626709,0.2757751941680908,0.0683630183339119,0.006836302578449249,
7zrt6udr,R_ref,1,233,0.03391745686531067,0.03391745686531067,0.042493075132369995,0.27473872900009155,0.2738454043865204,0.25278958678245544,0.22597827017307281,0.06075510382652283,0.006075511686503887,
7zrt6udr,R_ref,1,234,0.04433957114815712,0.04433957114815712,0.055815812200307846,0.2726152837276459,0.2748178541660309,0.26775848865509033,0.264468252658844,0.053122200071811676,0.005312219262123108,
7zrt6udr,R_ref,1,235,0.027178296819329262,0.027178296819329262,0.040007591247558594,0.272335022687912,0.22916322946548462,0.27438557147979736,0.19716760516166687,0.04432283341884613,0.0044322838075459,
7zrt6udr,R_ref,1,236,0.03950025141239166,0.03950025141239166,0.05373955890536308,0.27464041113853455,0.29979002475738525,0.2716502547264099,0.2740795612335205,0.05352092906832695,0.005352092906832695,
7zrt6udr,R_ref,1,237,0.031176039949059486,0.031176039949059486,0.038198571652173996,0.2711467742919922,0.2142810821533203,0.27226004004478455,0.24643197655677795,0.04875531047582626,0.004875530488789082,
7zrt6udr,R_ref,1,238,0.038491420447826385,0.038491420447826385,0.05091343820095062,0.27131348848342896,0.23263609409332275,0.2814945578575134,0.24777981638908386,0.04216083511710167,0.004216083325445652,
7zrt6udr,R_ref,1,239,0.05024781823158264,0.05024781823158264,0.05484284833073616,0.273154079914093,0.287528932094574,0.2795257866382599,0.3120683431625366,0.05016990378499031,0.005016989540308714,
7zrt6udr,R_ref,1,240,0.03772452101111412,0.03772452101111412,0.050146836787462234,0.2735334038734436,0.2772689461708069,0.2797422409057617,0.2508125305175781,0.04405787214636803,0.004405788145959377,
7zrt6udr,R_ref,1,241,0.04450446739792824,0.04450446739792824,0.05007083714008331,0.26762545108795166,0.18874572217464447,0.2776433229446411,0.24222053587436676,0.05123534053564072,0.005123534705489874,
7zrt6udr,R_ref,1,242,0.038513198494911194,0.038513198494911194,0.06184745952486992,0.27047041058540344,0.23671093583106995,0.2613353133201599,0.2518405020236969,0.05197678878903389,0.005197680089622736,
7zrt6udr,R_ref,1,243,0.028537502512335777,0.028537502512335777,0.05765401944518089,0.27319714426994324,0.2572835087776184,0.2696778178215027,0.3024441599845886,0.05792444199323654,0.005792445503175259,
7zrt6udr,R_ref,1,244,0.028495021164417267,0.028495021164417267,0.04581274092197418,0.27504581212997437,0.2810880243778229,0.25942403078079224,0.23994708061218262,0.06397295743227005,0.006397295743227005,
7zrt6udr,R_ref,1,245,0.04362636059522629,0.04362636059522629,0.0522078201174736,0.27406570315361023,0.28182339668273926,0.2561895549297333,0.2583502233028412,0.06676247715950012,0.00667624780908227,
7zrt6udr,R_ref,1,246,0.027709487825632095,0.027709487825632095,0.04366857185959816,0.27761706709861755,0.3124397099018097,0.2713582515716553,0.24618232250213623,0.052221693098545074,0.005222170613706112,
7zrt6udr,R_ref,1,247,0.037581950426101685,0.037581950426101685,0.061607904732227325,0.2791793942451477,0.35689881443977356,0.2743700444698334,0.22598613798618317,0.05087406560778618,0.00508740684017539,
7zrt6udr,R_ref,1,248,0.023269860073924065,0.023269860073924065,0.044981710612773895,0.27798211574554443,0.32752230763435364,0.2779155671596527,0.24445557594299316,0.051894597709178925,0.00518946023657918,
7zrt6udr,R_ref,1,249,0.03799401968717575,0.03799401968717575,0.05795152112841606,0.27520978450775146,0.3077872395515442,0.259732723236084,0.22960719466209412,0.061375804245471954,0.006137581076472998,
7zrt6udr,R_ref,1,250,0.03156876191496849,0.03156876191496849,0.05288787931203842,0.27531564235687256,0.2832185626029968,0.27653947472572327,0.22128155827522278,0.04992414265871048,0.004992414731532335,
7zrt6udr,R_ref,1,251,0.03306206688284874,0.03306206688284874,0.059338103979825974,0.2720029056072235,0.24470573663711548,0.27901679277420044,0.3257380425930023,0.05746252462267876,0.005746251437813044,
7zrt6udr,R_ref,1,252,0.03442039713263512,0.03442039713263512,0.05412145331501961,0.2718898355960846,0.23694783449172974,0.2818639278411865,0.24635764956474304,0.04608802869915962,0.004608801566064358,
7zrt6udr,R_ref,1,253,0.04354681447148323,0.04354681447148323,0.0590619221329689,0.2683311998844147,0.19661636650562286,0.28415021300315857,0.2358841449022293,0.04675945267081261,0.004675945732742548,
7zrt6udr,R_ref,1,254,0.03871480002999306,0.03871480002999306,0.060649655759334564,0.27596187591552734,0.30369681119918823,0.2843846082687378,0.23516452312469482,0.051434069871902466,0.005143407732248306,
7zrt6udr,R_ref,1,255,0.033779360353946686,0.033779360353946686,0.04556433483958244,0.27147799730300903,0.22725893557071686,0.2792176902294159,0.24834991991519928,0.0507381446659565,0.005073814187198877,
7zrt6udr,R_ref,1,256,0.036108653992414474,0.036108653992414474,0.0592740923166275,0.27568891644477844,0.29968366026878357,0.2881941497325897,0.24486351013183594,0.04451758414506912,0.004451758228242397,
7zrt6udr,R_ref,1,257,0.04467415809631348,0.04467415809631348,0.05985160917043686,0.27076414227485657,0.24895887076854706,0.28860628604888916,0.29324835538864136,0.04086804389953613,0.004086804576218128,
7zrt6udr,R_ref,1,258,0.04512523114681244,0.04512523114681244,0.05386754125356674,0.27255353331565857,0.2647689878940582,0.28943029046058655,0.2620432376861572,0.05351778119802475,0.00535177905112505,
7zrt6udr,R_ref,1,259,0.03108770214021206,0.03108770214021206,0.04796447977423668,0.27563297748565674,0.2994488477706909,0.2724207639694214,0.23969896137714386,0.06093085929751396,0.006093087140470743,
7zrt6udr,R_ref,1,260,0.03867137059569359,0.03867137059569359,0.0489661805331707,0.27189376950263977,0.2465502768754959,0.26758241653442383,0.2530616521835327,0.0806611105799675,0.00806611031293869,
7zrt6udr,R_ref,1,261,0.035278476774692535,0.035278476774692535,0.04549027234315872,0.27690303325653076,0.31739136576652527,0.20957298576831818,0.24983961880207062,0.10916730016469955,0.010916732251644135,
7zrt6udr,R_ref,1,262,0.027763796970248222,0.027763796970248222,0.042650606483221054,0.27565503120422363,0.3386811912059784,0.23463201522827148,0.26779302954673767,0.06843127310276031,0.006843126378953457,
7zrt6udr,R_ref,1,263,0.02800222672522068,0.02800222672522068,0.052864424884319305,0.2739551067352295,0.29715827107429504,0.2663041949272156,0.20799694955348969,0.07202094793319702,0.0072020962834358215,
7zrt6udr,R_ref,1,264,0.03698747977614403,0.03698747977614403,0.04666423797607422,0.2720191776752472,0.24909202754497528,0.2636878788471222,0.2687411308288574,0.059030286967754364,0.005903028883039951,
7zrt6udr,R_ref,1,265,0.030630867928266525,0.030630867928266525,0.047831110656261444,0.27978402376174927,0.34841346740722656,0.2740003764629364,0.27625536918640137,0.05128126218914986,0.005128126125782728,
7zrt6udr,R_ref,1,266,0.03852880746126175,0.03852880746126175,0.057763420045375824,0.2819289565086365,0.4135814309120178,0.2712496519088745,0.23636507987976074,0.05882283300161362,0.005882284604012966,
7zrt6udr,R_ref,1,267,0.034724991768598557,0.034724991768598557,0.043026890605688095,0.26995739340782166,0.2069244384765625,0.28469446301460266,0.23808324337005615,0.05293455719947815,0.00529345590621233,
7zrt6udr,R_ref,1,268,0.022572074085474014,0.022572074085474014,0.04082939401268959,0.27819618582725525,0.3153318762779236,0.27295032143592834,0.24196207523345947,0.06487608700990677,0.006487608887255192,
7zrt6udr,R_ref,1,269,0.03718287870287895,0.03718287870287895,0.05274224653840065,0.2694982588291168,0.20797573029994965,0.2706051766872406,0.23917610943317413,0.05869634822010994,0.005869633983820677,
7zrt6udr,R_ref,1,270,0.04160991311073303,0.04160991311073303,0.059650637209415436,0.2719876170158386,0.2531938850879669,0.27619650959968567,0.26422083377838135,0.07091633975505829,0.007091633044183254,
7zrt6udr,R_ref,1,271,0.03837759792804718,0.03837759792804718,0.050855111330747604,0.2728041708469391,0.2653467655181885,0.27824848890304565,0.2130466252565384,0.057059645652770996,0.005705965682864189,
7zrt6udr,R_ref,1,272,0.04610949382185936,0.04610949382185936,0.057812780141830444,0.2731895446777344,0.27751830220222473,0.28923097252845764,0.2738147974014282,0.041452839970588684,0.004145283717662096,
7zrt6udr,R_ref,1,273,0.044303540140390396,0.044303540140390396,0.05305755138397217,0.27577030658721924,0.3030768632888794,0.2890731692314148,0.2809550166130066,0.049790285527706146,0.004979029763489962,
7zrt6udr,R_ref,1,274,0.030196603387594223,0.030196603387594223,0.04826829954981804,0.2789710462093353,0.3153788447380066,0.28428682684898376,0.32080575823783875,0.050899893045425415,0.005089989397674799,
7zrt6udr,R_ref,1,275,0.040146805346012115,0.040146805346012115,0.06353197991847992,0.2761126160621643,0.31115469336509705,0.2939670979976654,0.21084371209144592,0.04217270761728287,0.004217271693050861,
7zrt6udr,R_ref,1,276,0.04200022295117378,0.04200022295117378,0.0541163831949234,0.2771342694759369,0.3102266490459442,0.2955818474292755,0.25299158692359924,0.04368092864751816,0.00436809379607439,
7zrt6udr,R_ref,1,277,0.05039645731449127,0.05039645731449127,0.04620392620563507,0.2772060036659241,0.32070785760879517,0.2946445345878601,0.28343188762664795,0.048906099051237106,0.004890608601272106,
7zrt6udr,R_ref,1,278,0.061190165579319,0.061190165579319,0.05859476700425148,0.2737136483192444,0.2973230481147766,0.2964135408401489,0.2509474456310272,0.04937031865119934,0.004937030840665102,
7zrt6udr,R_ref,1,279,0.037191614508628845,0.037191614508628845,0.049802910536527634,0.27668702602386475,0.2959681749343872,0.29558834433555603,0.25947725772857666,0.04415930062532425,0.00441593024879694,
7zrt6udr,R_ref,1,280,0.05335600674152374,0.05335600674152374,0.05711141228675842,0.2727888226509094,0.2855476140975952,0.2946212887763977,0.23182113468647003,0.04484293609857559,0.0044842930510640144,
7zrt6udr,R_ref,1,281,0.04341917112469673,0.04341917112469673,0.049911633133888245,0.2746409475803375,0.277640163898468,0.29474562406539917,0.28358083963394165,0.04676886275410652,0.004676885437220335,
7zrt6udr,R_ref,1,282,0.05023927986621857,0.05023927986621857,0.05783689767122269,0.27246782183647156,0.2594945430755615,0.2972930073738098,0.22201521694660187,0.04685314744710922,0.00468531483784318,
7zrt6udr,R_ref,1,283,0.04481106996536255,0.04481106996536255,0.048487793654203415,0.2751929759979248,0.3014858663082123,0.2924141585826874,0.18875017762184143,0.04580714926123619,0.004580716136842966,
7zrt6udr,R_ref,1,284,0.04691125079989433,0.04691125079989433,0.04794891178607941,0.27658388018608093,0.3185214400291443,0.29496121406555176,0.3053530752658844,0.047401197254657745,0.004740118980407715,
7zrt6udr,R_ref,1,285,0.041649121791124344,0.041649121791124344,0.04570766165852547,0.27717554569244385,0.31648221611976624,0.29184287786483765,0.2468797117471695,0.0617888979613781,0.006178891286253929,
7zrt6udr,R_ref,1,286,0.04680647701025009,0.04680647701025009,0.05401467904448509,0.27295032143592834,0.2726794481277466,0.2884971499443054,0.23887106776237488,0.05896119400858879,0.0058961184695363045,
7zrt6udr,R_ref,1,287,0.04587474837899208,0.04587474837899208,0.05614621192216873,0.2739892303943634,0.2877708375453949,0.296999990940094,0.19779732823371887,0.05143985152244568,0.005143985617905855,
7zrt6udr,R_ref,1,288,0.055841948837041855,0.055841948837041855,0.05458010733127594,0.2711012065410614,0.25617581605911255,0.27936872839927673,0.24192515015602112,0.07130612432956696,0.007130611687898636,
7zrt6udr,R_ref,1,289,0.0439877025783062,0.0439877025783062,0.05052945762872696,0.27366912364959717,0.26809415221214294,0.2960941791534424,0.24295160174369812,0.045147962868213654,0.004514796193689108,
7zrt6udr,R_ref,1,290,0.0498223677277565,0.0498223677277565,0.05807856470346451,0.2736552357673645,0.2860757112503052,0.2998393177986145,0.25119370222091675,0.04584023728966713,0.004584023728966713,
7zrt6udr,R_ref,1,291,0.0609833188354969,0.0609833188354969,0.0547146201133728,0.27304476499557495,0.29184675216674805,0.2998901903629303,0.27109676599502563,0.044953353703022,0.00449533574283123,
7zrt6udr,R_ref,1,292,0.053455062210559845,0.053455062210559845,0.05001248046755791,0.27388912439346313,0.2771022617816925,0.29820162057876587,0.2506042420864105,0.05101693794131279,0.005101693794131279,
7zrt6udr,R_ref,1,293,0.044295601546764374,0.044295601546764374,0.04456279054284096,0.27541211247444153,0.29084524512290955,0.29726120829582214,0.26209741830825806,0.050353042781353,0.005035304464399815,
7zrt6udr,R_ref,1,294,0.0631721019744873,0.0631721019744873,0.07000643014907837,0.2743801474571228,0.33420637249946594,0.3027435541152954,0.24196846783161163,0.045378752052783966,0.004537875298410654,
7zrt6udr,R_ref,1,295,0.055577002465724945,0.055577002465724945,0.05425523966550827,0.27738049626350403,0.36794379353523254,0.3018426299095154,0.18137957155704498,0.04644085839390755,0.00464408565312624,
7zrt6udr,R_ref,1,296,0.05793433263897896,0.05793433263897896,0.04903554543852806,0.2737664580345154,0.29867610335350037,0.30117180943489075,0.30322375893592834,0.050413716584444046,0.005041371565312147,
7zrt6udr,R_ref,1,297,0.04950904846191406,0.04950904846191406,0.04986204579472542,0.2747277319431305,0.2978043854236603,0.3012591302394867,0.25538021326065063,0.04859517142176628,0.004859517328441143,
7zrt6udr,R_ref,1,298,0.031516894698143005,0.031516894698143005,0.04789355769753456,0.28361448645591736,0.36528441309928894,0.30025386810302734,0.24780160188674927,0.04819551855325699,0.004819552414119244,
7zrt6udr,R_ref,1,299,0.05627485737204552,0.05627485737204552,0.05006236582994461,0.2737571597099304,0.28945812582969666,0.3010914623737335,0.17590336501598358,0.04940116032958031,0.00494011677801609,
7zrt6udr,R_ref,1,300,0.06136574596166611,0.06136574596166611,0.05565785989165306,0.27092763781547546,0.26528823375701904,,0.2642377018928528,,,
7zrt6udr,R_ref,1,301,,,,,,,0.2624814510345459,,,
7zrt6udr,R_ref,1,302,,,,,,,0.23359526693820953,,,
7zrt6udr,R_ref,1,303,,,,,,,0.23207025229930878,,,
7zrt6udr,R_ref,1,304,,,,,,,0.26920247077941895,,,
7zrt6udr,R_ref,1,305,,,,,,,0.24894313514232635,,,
7zrt6udr,R_ref,1,306,,,,,,,0.23292040824890137,,,
7zrt6udr,R_ref,1,307,,,,,,,0.21364040672779083,,,
7zrt6udr,R_ref,1,308,,,,,,,0.23329448699951172,,,
7zrt6udr,R_ref,1,309,,,,,,,0.2582544684410095,,,
7zrt6udr,R_ref,1,310,,,,,,,0.2581521272659302,,,
7zrt6udr,R_ref,1,311,,,,,,,0.24917858839035034,,,
7zrt6udr,R_ref,1,312,,,,,,,0.2553163170814514,,,
7zrt6udr,R_ref,1,313,,,,,,,0.2860521078109741,,,
7zrt6udr,R_ref,1,314,,,,,,,0.2954888939857483,,,
7zrt6udr,R_ref,1,315,,,,,,,0.437114417552948,,,
7zrt6udr,R_ref,1,316,,,,,,,0.28216108679771423,,,
7zrt6udr,R_ref,1,317,,,,,,,0.21731972694396973,,,
7zrt6udr,R_ref,1,318,,,,,,,0.28951719403266907,,,
7zrt6udr,R_ref,1,319,,,,,,,0.19718173146247864,,,
7zrt6udr,R_ref,1,320,,,,,,,0.24493372440338135,,,
7zrt6udr,R_ref,1,321,,,,,,,0.22409716248512268,,,
7zrt6udr,R_ref,1,322,,,,,,,0.22966384887695312,,,
7zrt6udr,R_ref,1,323,,,,,,,0.25226065516471863,,,
7zrt6udr,R_ref,1,324,,,,,,,0.2213508039712906,,,
7zrt6udr,R_ref,1,325,,,,,,,0.23186621069908142,,,
7zrt6udr,R_ref,1,326,,,,,,,0.24758610129356384,,,
7zrt6udr,R_ref,1,327,,,,,,,0.46789103746414185,,,
7zrt6udr,R_ref,1,328,,,,,,,0.253169447183609,,,
7zrt6udr,R_ref,1,329,,,,,,,0.23319575190544128,,,
7zrt6udr,R_ref,1,330,,,,,,,0.323208749294281,,,
7zrt6udr,R_ref,1,331,,,,,,,0.25304529070854187,,,
7zrt6udr,R_ref,1,332,,,,,,,0.24067257344722748,,,
7zrt6udr,R_ref,1,333,,,,,,,0.27071914076805115,,,
7zrt6udr,R_ref,1,334,,,,,,,0.25163963437080383,,,
7zrt6udr,R_ref,1,335,,,,,,,0.23261024057865143,,,
7zrt6udr,R_ref,1,336,,,,,,,0.2340913563966751,,,
7zrt6udr,R_ref,1,337,,,,,,,0.26236870884895325,,,
7zrt6udr,R_ref,1,338,,,,,,,0.24900642037391663,,,
7zrt6udr,R_ref,1,339,,,,,,,0.23871168494224548,,,
7zrt6udr,R_ref,1,340,,,,,,,0.2726900577545166,,,
7zrt6udr,R_ref,1,341,,,,,,,0.2993357181549072,,,
7zrt6udr,R_ref,1,342,,,,,,,0.26508235931396484,,,
7zrt6udr,R_ref,1,343,,,,,,,0.2153576910495758,,,
7zrt6udr,R_ref,1,344,,,,,,,0.25828441977500916,,,
7zrt6udr,R_ref,1,345,,,,,,,0.2347707450389862,,,
7zrt6udr,R_ref,1,346,,,,,,,0.2324049323797226,,,
7zrt6udr,R_ref,1,347,,,,,,,0.20934168994426727,,,
7zrt6udr,R_ref,1,348,,,,,,,0.23846250772476196,,,
7zrt6udr,R_ref,1,349,,,,,,,0.24040530622005463,,,
7zrt6udr,R_ref,1,350,,,,,,,0.25054606795310974,,,
7zrt6udr,R_ref,1,351,,,,,,,0.3029372990131378,,,
7zrt6udr,R_ref,1,352,,,,,,,0.27536043524742126,,,
7zrt6udr,R_ref,1,353,,,,,,,0.21059159934520721,,,
7zrt6udr,R_ref,1,354,,,,,,,0.28002670407295227,,,
7zrt6udr,R_ref,1,355,,,,,,,0.2083633691072464,,,
7zrt6udr,R_ref,1,356,,,,,,,0.29594114422798157,,,
7zrt6udr,R_ref,1,357,,,,,,,0.2245289832353592,,,
7zrt6udr,R_ref,1,358,,,,,,,0.2597084641456604,,,
7zrt6udr,R_ref,1,359,,,,,,,0.28500795364379883,,,
7zrt6udr,R_ref,1,360,,,,,,,0.27593469619750977,,,
7zrt6udr,R_ref,1,361,,,,,,,0.288774698972702,,,
7zrt6udr,R_ref,1,362,,,,,,,0.268311470746994,,,
7zrt6udr,R_ref,1,363,,,,,,,0.1993165761232376,,,
7zrt6udr,R_ref,1,364,,,,,,,0.285731703042984,,,
7zrt6udr,R_ref,1,365,,,,,,,0.23234444856643677,,,
7zrt6udr,R_ref,1,366,,,,,,,0.24672427773475647,,,
7zrt6udr,R_ref,1,367,,,,,,,0.24981750547885895,,,
7zrt6udr,R_ref,1,368,,,,,,,0.2149883359670639,,,
7zrt6udr,R_ref,1,369,,,,,,,0.3119332492351532,,,
7zrt6udr,R_ref,1,370,,,,,,,0.2784721851348877,,,
7zrt6udr,R_ref,1,371,,,,,,,0.23406197130680084,,,
7zrt6udr,R_ref,1,372,,,,,,,0.26281440258026123,,,
7zrt6udr,R_ref,1,373,,,,,,,0.26183876395225525,,,
7zrt6udr,R_ref,1,374,,,,,,,0.2678213119506836,,,
7zrt6udr,R_ref,1,375,,,,,,,0.2861860394477844,,,
7zrt6udr,R_ref,1,376,,,,,,,0.2864745855331421,,,
7zrt6udr,R_ref,1,377,,,,,,,0.24155092239379883,,,
7zrt6udr,R_ref,1,378,,,,,,,0.26743072271347046,,,
7zrt6udr,R_ref,1,379,,,,,,,0.18205949664115906,,,
7zrt6udr,R_ref,1,380,,,,,,,0.2452218383550644,,,
7zrt6udr,R_ref,1,381,,,,,,,0.21265123784542084,,,
7zrt6udr,R_ref,1,382,,,,,,,0.2627192437648773,,,
7zrt6udr,R_ref,1,383,,,,,,,0.20287266373634338,,,
7zrt6udr,R_ref,1,384,,,,,,,0.23818933963775635,,,
7zrt6udr,R_ref,1,385,,,,,,,0.26595067977905273,,,
7zrt6udr,R_ref,1,386,,,,,,,0.23290017247200012,,,
7zrt6udr,R_ref,1,387,,,,,,,0.3521840274333954,,,
7zrt6udr,R_ref,1,388,,,,,,,0.2348061054944992,,,
7zrt6udr,R_ref,1,389,,,,,,,0.2785153388977051,,,
7zrt6udr,R_ref,1,390,,,,,,,0.26810866594314575,,,
7zrt6udr,R_ref,1,391,,,,,,,0.3212430477142334,,,
7zrt6udr,R_ref,1,392,,,,,,,0.3046865165233612,,,
7zrt6udr,R_ref,1,393,,,,,,,0.225147545337677,,,
7zrt6udr,R_ref,1,394,,,,,,,0.25401803851127625,,,
7zrt6udr,R_ref,1,395,,,,,,,0.20122019946575165,,,
7zrt6udr,R_ref,1,396,,,,,,,0.25853896141052246,,,
7zrt6udr,R_ref,1,397,,,,,,,0.24086588621139526,,,
7zrt6udr,R_ref,1,398,,,,,,,0.2498476654291153,,,
7zrt6udr,R_ref,1,399,,,,,,,0.23038099706172943,,,
7zrt6udr,R_ref,1,400,,,,,,,0.2677038311958313,,,
7zrt6udr,R_ref,1,401,,,,,,,0.23772040009498596,,,
7zrt6udr,R_ref,1,402,,,,,,,0.2316293865442276,,,
7zrt6udr,R_ref,1,403,,,,,,,0.19412361085414886,,,
7zrt6udr,R_ref,1,404,,,,,,,0.27336254715919495,,,
7zrt6udr,R_ref,1,405,,,,,,,0.25083377957344055,,,
7zrt6udr,R_ref,1,406,,,,,,,0.26017606258392334,,,
7zrt6udr,R_ref,1,407,,,,,,,0.24402235448360443,,,
7zrt6udr,R_ref,1,408,,,,,,,0.21856528520584106,,,
7zrt6udr,R_ref,1,409,,,,,,,0.22822239995002747,,,
7zrt6udr,R_ref,1,410,,,,,,,0.2754805386066437,,,
7zrt6udr,R_ref,1,411,,,,,,,0.1800674945116043,,,
7zrt6udr,R_ref,1,412,,,,,,,0.2700948715209961,,,
7zrt6udr,R_ref,1,413,,,,,,,0.24608801305294037,,,
7zrt6udr,R_ref,1,414,,,,,,,0.27458590269088745,,,
7zrt6udr,R_ref,1,415,,,,,,,0.26715463399887085,,,
7zrt6udr,R_ref,1,416,,,,,,,0.28249987959861755,,,
7zrt6udr,R_ref,1,417,,,,,,,0.2459348440170288,,,
7zrt6udr,R_ref,1,418,,,,,,,0.22414442896842957,,,
7zrt6udr,R_ref,1,419,,,,,,,0.23074795305728912,,,
7zrt6udr,R_ref,1,420,,,,,,,0.24216048419475555,,,
7zrt6udr,R_ref,1,421,,,,,,,0.2968686819076538,,,
7zrt6udr,R_ref,1,422,,,,,,,0.2206679731607437,,,
7zrt6udr,R_ref,1,423,,,,,,,0.20720072090625763,,,
7zrt6udr,R_ref,1,424,,,,,,,0.21612340211868286,,,
7zrt6udr,R_ref,1,425,,,,,,,0.25529226660728455,,,
7zrt6udr,R_ref,1,426,,,,,,,0.23794598877429962,,,
7zrt6udr,R_ref,1,427,,,,,,,0.20160311460494995,,,
7zrt6udr,R_ref,1,428,,,,,,,0.2425757199525833,,,
7zrt6udr,R_ref,1,429,,,,,,,0.23722697794437408,,,
7zrt6udr,R_ref,1,430,,,,,,,0.2707267105579376,,,
7zrt6udr,R_ref,1,431,,,,,,,0.21816454827785492,,,
7zrt6udr,R_ref,1,432,,,,,,,0.24784155189990997,,,
7zrt6udr,R_ref,1,433,,,,,,,0.2533281147480011,,,
7zrt6udr,R_ref,1,434,,,,,,,0.2197359800338745,,,
7zrt6udr,R_ref,1,435,,,,,,,0.19913478195667267,,,
7zrt6udr,R_ref,1,436,,,,,,,0.26885321736335754,,,
7zrt6udr,R_ref,1,437,,,,,,,0.2833530306816101,,,
7zrt6udr,R_ref,1,438,,,,,,,0.2752363383769989,,,
7zrt6udr,R_ref,1,439,,,,,,,0.18841661512851715,,,
7zrt6udr,R_ref,1,440,,,,,,,0.28447726368904114,,,
7zrt6udr,R_ref,1,441,,,,,,,0.2894684970378876,,,
7zrt6udr,R_ref,1,442,,,,,,,0.2739611566066742,,,
7zrt6udr,R_ref,1,443,,,,,,,0.241474911570549,,,
7zrt6udr,R_ref,1,444,,,,,,,0.22969533503055573,,,
7zrt6udr,R_ref,1,445,,,,,,,0.2544802725315094,,,
7zrt6udr,R_ref,1,446,,,,,,,0.2558560073375702,,,
7zrt6udr,R_ref,1,447,,,,,,,0.20529219508171082,,,
7zrt6udr,R_ref,1,448,,,,,,,0.2221376597881317,,,
7zrt6udr,R_ref,1,449,,,,,,,0.2776910960674286,,,
7zrt6udr,R_ref,1,450,,,,,,,0.22263190150260925,,,
7zrt6udr,R_ref,1,451,,,,,,,0.27776843309402466,,,
7zrt6udr,R_ref,1,452,,,,,,,0.2434600442647934,,,
7zrt6udr,R_ref,1,453,,,,,,,0.23849526047706604,,,
7zrt6udr,R_ref,1,454,,,,,,,0.23440246284008026,,,
7zrt6udr,R_ref,1,455,,,,,,,0.3944475054740906,,,
7zrt6udr,R_ref,1,456,,,,,,,0.2619997560977936,,,
7zrt6udr,R_ref,1,457,,,,,,,0.28818970918655396,,,
7zrt6udr,R_ref,1,458,,,,,,,0.2186390906572342,,,
7zrt6udr,R_ref,1,459,,,,,,,0.18626998364925385,,,
7zrt6udr,R_ref,1,460,,,,,,,0.24455678462982178,,,
7zrt6udr,R_ref,1,461,,,,,,,0.2631666362285614,,,
7zrt6udr,R_ref,1,462,,,,,,,0.28226715326309204,,,
7zrt6udr,R_ref,1,463,,,,,,,0.33421289920806885,,,
7zrt6udr,R_ref,1,464,,,,,,,0.2586710453033447,,,
7zrt6udr,R_ref,1,465,,,,,,,0.24574624001979828,,,
7zrt6udr,R_ref,1,466,,,,,,,0.233901247382164,,,
7zrt6udr,R_ref,1,467,,,,,,,0.37950560450553894,,,
7zrt6udr,R_ref,1,468,,,,,,,0.24822473526000977,,,
7zrt6udr,R_ref,1,469,,,,,,,0.2743173837661743,,,
7zrt6udr,R_ref,1,470,,,,,,,0.23112453520298004,,,
7zrt6udr,R_ref,1,471,,,,,,,0.20800912380218506,,,
7zrt6udr,R_ref,1,472,,,,,,,0.22650282084941864,,,
7zrt6udr,R_ref,1,473,,,,,,,0.25433531403541565,,,
7zrt6udr,R_ref,1,474,,,,,,,0.26881706714630127,,,
7zrt6udr,R_ref,1,475,,,,,,,0.2619187831878662,,,
7zrt6udr,R_ref,1,476,,,,,,,0.2766447067260742,,,
7zrt6udr,R_ref,1,477,,,,,,,0.2484760582447052,,,
7zrt6udr,R_ref,1,478,,,,,,,0.22047753632068634,,,
7zrt6udr,R_ref,1,479,,,,,,,0.217520609498024,,,
7zrt6udr,R_ref,1,480,,,,,,,0.21606631577014923,,,
7zrt6udr,R_ref,1,481,,,,,,,0.2568485140800476,,,
7zrt6udr,R_ref,1,482,,,,,,,0.24034447968006134,,,
7zrt6udr,R_ref,1,483,,,,,,,0.29939231276512146,,,
7zrt6udr,R_ref,1,484,,,,,,,0.2432837337255478,,,
7zrt6udr,R_ref,1,485,,,,,,,0.2573189437389374,,,
7zrt6udr,R_ref,1,486,,,,,,,0.2503085732460022,,,
7zrt6udr,R_ref,1,487,,,,,,,0.28404173254966736,,,
7zrt6udr,R_ref,1,488,,,,,,,0.2493506669998169,,,
7zrt6udr,R_ref,1,489,,,,,,,0.2585046589374542,,,
7zrt6udr,R_ref,1,490,,,,,,,0.23594792187213898,,,
7zrt6udr,R_ref,1,491,,,,,,,0.28776565194129944,,,
7zrt6udr,R_ref,1,492,,,,,,,0.25714823603630066,,,
7zrt6udr,R_ref,1,493,,,,,,,0.2570568919181824,,,
7zrt6udr,R_ref,1,494,,,,,,,0.2502346932888031,,,
7zrt6udr,R_ref,1,495,,,,,,,0.21927526593208313,,,
7zrt6udr,R_ref,1,496,,,,,,,0.25096413493156433,,,
7zrt6udr,R_ref,1,497,,,,,,,0.23042528331279755,,,
7zrt6udr,R_ref,1,498,,,,,,,0.29174748063087463,,,
7zrt6udr,R_ref,1,499,,,,,,,0.35669776797294617,,,
7zrt6udr,R_ref,1,500,,,,,,,0.2694394886493683,,,
7zrt6udr,R_ref,1,501,,,,,,,0.2581605613231659,,,
7zrt6udr,R_ref,1,502,,,,,,,0.24618645012378693,,,
7zrt6udr,R_ref,1,503,,,,,,,0.2566743493080139,,,
7zrt6udr,R_ref,1,504,,,,,,,0.2477351874113083,,,
7zrt6udr,R_ref,1,505,,,,,,,0.21978972852230072,,,
7zrt6udr,R_ref,1,506,,,,,,,0.23664280772209167,,,
7zrt6udr,R_ref,1,507,,,,,,,0.2651402950286865,,,
7zrt6udr,R_ref,1,508,,,,,,,0.234839528799057,,,
7zrt6udr,R_ref,1,509,,,,,,,0.24657760560512543,,,
7zrt6udr,R_ref,1,510,,,,,,,0.2510305345058441,,,
7zrt6udr,R_ref,1,511,,,,,,,0.24145783483982086,,,
7zrt6udr,R_ref,1,512,,,,,,,0.26814109086990356,,,
7zrt6udr,R_ref,1,513,,,,,,,0.20538803935050964,,,
7zrt6udr,R_ref,1,514,,,,,,,0.2475774735212326,,,
7zrt6udr,R_ref,1,515,,,,,,,0.2995675802230835,,,
7zrt6udr,R_ref,1,516,,,,,,,0.2164994180202484,,,
7zrt6udr,R_ref,1,517,,,,,,,0.22095046937465668,,,
7zrt6udr,R_ref,1,518,,,,,,,0.21941415965557098,,,
7zrt6udr,R_ref,1,519,,,,,,,0.23044641315937042,,,
7zrt6udr,R_ref,1,520,,,,,,,0.22930335998535156,,,
7zrt6udr,R_ref,1,521,,,,,,,0.2217583805322647,,,
7zrt6udr,R_ref,1,522,,,,,,,0.2880552113056183,,,
7zrt6udr,R_ref,1,523,,,,,,,0.3313525319099426,,,
7zrt6udr,R_ref,1,524,,,,,,,0.2305847704410553,,,
7zrt6udr,R_ref,1,525,,,,,,,0.28328126668930054,,,
7zrt6udr,R_ref,1,526,,,,,,,0.2287565916776657,,,
7zrt6udr,R_ref,1,527,,,,,,,0.24874643981456757,,,
7zrt6udr,R_ref,1,528,,,,,,,0.2531757056713104,,,
7zrt6udr,R_ref,1,529,,,,,,,0.2704014182090759,,,
7zrt6udr,R_ref,1,530,,,,,,,0.23578299582004547,,,
7zrt6udr,R_ref,1,531,,,,,,,0.3107239305973053,,,
7zrt6udr,R_ref,1,532,,,,,,,0.2714211940765381,,,
7zrt6udr,R_ref,1,533,,,,,,,0.25491002202033997,,,
7zrt6udr,R_ref,1,534,,,,,,,0.24832364916801453,,,
7zrt6udr,R_ref,1,535,,,,,,,0.26352760195732117,,,
7zrt6udr,R_ref,1,536,,,,,,,0.24887509644031525,,,
7zrt6udr,R_ref,1,537,,,,,,,0.2748773992061615,,,
7zrt6udr,R_ref,1,538,,,,,,,0.2614177167415619,,,
7zrt6udr,R_ref,1,539,,,,,,,0.24705755710601807,,,
7zrt6udr,R_ref,1,540,,,,,,,0.23487497866153717,,,
7zrt6udr,R_ref,1,541,,,,,,,0.2475069910287857,,,
7zrt6udr,R_ref,1,542,,,,,,,0.2739633619785309,,,
7zrt6udr,R_ref,1,543,,,,,,,0.22503674030303955,,,
7zrt6udr,R_ref,1,544,,,,,,,0.24249589443206787,,,
7zrt6udr,R_ref,1,545,,,,,,,0.25202134251594543,,,
7zrt6udr,R_ref,1,546,,,,,,,0.256705105304718,,,
7zrt6udr,R_ref,1,547,,,,,,,0.16999921202659607,,,
7zrt6udr,R_ref,1,548,,,,,,,0.23551878333091736,,,
7zrt6udr,R_ref,1,549,,,,,,,0.23554976284503937,,,
7zrt6udr,R_ref,1,550,,,,,,,0.23884180188179016,,,
7zrt6udr,R_ref,1,551,,,,,,,0.185972198843956,,,
7zrt6udr,R_ref,1,552,,,,,,,0.27698206901550293,,,
7zrt6udr,R_ref,1,553,,,,,,,0.240528866648674,,,
7zrt6udr,R_ref,1,554,,,,,,,0.25844430923461914,,,
7zrt6udr,R_ref,1,555,,,,,,,0.1998072862625122,,,
7zrt6udr,R_ref,1,556,,,,,,,0.24688896536827087,,,
7zrt6udr,R_ref,1,557,,,,,,,0.27069610357284546,,,
7zrt6udr,R_ref,1,558,,,,,,,0.25109124183654785,,,
7zrt6udr,R_ref,1,559,,,,,,,0.1992165744304657,,,
7zrt6udr,R_ref,1,560,,,,,,,0.2348722517490387,,,
7zrt6udr,R_ref,1,561,,,,,,,0.24900074303150177,,,
7zrt6udr,R_ref,1,562,,,,,,,0.25605717301368713,,,
7zrt6udr,R_ref,1,563,,,,,,,0.24119628965854645,,,
7zrt6udr,R_ref,1,564,,,,,,,0.2623894512653351,,,
7zrt6udr,R_ref,1,565,,,,,,,0.2682003378868103,,,
7zrt6udr,R_ref,1,566,,,,,,,0.21547053754329681,,,
7zrt6udr,R_ref,1,567,,,,,,,0.26725032925605774,,,
7zrt6udr,R_ref,1,568,,,,,,,0.24114875495433807,,,
7zrt6udr,R_ref,1,569,,,,,,,0.2187119722366333,,,
7zrt6udr,R_ref,1,570,,,,,,,0.2647109925746918,,,
7zrt6udr,R_ref,1,571,,,,,,,0.25511467456817627,,,
7zrt6udr,R_ref,1,572,,,,,,,0.2280604988336563,,,
7zrt6udr,R_ref,1,573,,,,,,,0.2699512243270874,,,
7zrt6udr,R_ref,1,574,,,,,,,0.21712279319763184,,,
7zrt6udr,R_ref,1,575,,,,,,,0.27012455463409424,,,
7zrt6udr,R_ref,1,576,,,,,,,0.2443537414073944,,,
7zrt6udr,R_ref,1,577,,,,,,,0.22867301106452942,,,
7zrt6udr,R_ref,1,578,,,,,,,0.2510799765586853,,,
7zrt6udr,R_ref,1,579,,,,,,,0.20522476732730865,,,
7zrt6udr,R_ref,1,580,,,,,,,0.24238623678684235,,,
7zrt6udr,R_ref,1,581,,,,,,,0.2795543074607849,,,
7zrt6udr,R_ref,1,582,,,,,,,0.26464906334877014,,,
7zrt6udr,R_ref,1,583,,,,,,,0.24998077750205994,,,
7zrt6udr,R_ref,1,584,,,,,,,0.2324104905128479,,,
7zrt6udr,R_ref,1,585,,,,,,,0.23040591180324554,,,
7zrt6udr,R_ref,1,586,,,,,,,0.23185613751411438,,,
7zrt6udr,R_ref,1,587,,,,,,,0.2162044793367386,,,
7zrt6udr,R_ref,1,588,,,,,,,0.25088733434677124,,,
7zrt6udr,R_ref,1,589,,,,,,,0.31181785464286804,,,
7zrt6udr,R_ref,1,590,,,,,,,0.24738498032093048,,,
7zrt6udr,R_ref,1,591,,,,,,,0.2448015809059143,,,
7zrt6udr,R_ref,1,592,,,,,,,0.2843519151210785,,,
7zrt6udr,R_ref,1,593,,,,,,,0.24453046917915344,,,
7zrt6udr,R_ref,1,594,,,,,,,0.21759304404258728,,,
7zrt6udr,R_ref,1,595,,,,,,,0.21244502067565918,,,
7zrt6udr,R_ref,1,596,,,,,,,0.27894097566604614,,,
7zrt6udr,R_ref,1,597,,,,,,,0.24982328712940216,,,
7zrt6udr,R_ref,1,598,,,,,,,0.2402258962392807,,,
7zrt6udr,R_ref,1,599,,,,,,,0.21493849158287048,,,
7zrt6udr,R_ref,1,600,,,,,,,0.27118048071861267,,,
7zrt6udr,R_ref,1,601,,,,,,,0.27371686697006226,,,
7zrt6udr,R_ref,1,602,,,,,,,0.22758764028549194,,,
7zrt6udr,R_ref,1,603,,,,,,,0.19026939570903778,,,
7zrt6udr,R_ref,1,604,,,,,,,0.2795551121234894,,,
7zrt6udr,R_ref,1,605,,,,,,,0.23687823116779327,,,
7zrt6udr,R_ref,1,606,,,,,,,0.2925366461277008,,,
7zrt6udr,R_ref,1,607,,,,,,,0.2064240574836731,,,
7zrt6udr,R_ref,1,608,,,,,,,0.2616957724094391,,,
7zrt6udr,R_ref,1,609,,,,,,,0.2428029626607895,,,
7zrt6udr,R_ref,1,610,,,,,,,0.25286898016929626,,,
7zrt6udr,R_ref,1,611,,,,,,,0.21716101467609406,,,
7zrt6udr,R_ref,1,612,,,,,,,0.2446921169757843,,,
7zrt6udr,R_ref,1,613,,,,,,,0.26035264134407043,,,
7zrt6udr,R_ref,1,614,,,,,,,0.24170991778373718,,,
7zrt6udr,R_ref,1,615,,,,,,,0.26072248816490173,,,
7zrt6udr,R_ref,1,616,,,,,,,0.25044918060302734,,,
7zrt6udr,R_ref,1,617,,,,,,,0.21255198121070862,,,
7zrt6udr,R_ref,1,618,,,,,,,0.29423797130584717,,,
7zrt6udr,R_ref,1,619,,,,,,,0.23635128140449524,,,
7zrt6udr,R_ref,1,620,,,,,,,0.2507133185863495,,,
7zrt6udr,R_ref,1,621,,,,,,,0.2512660622596741,,,
7zrt6udr,R_ref,1,622,,,,,,,0.2710343301296234,,,
7zrt6udr,R_ref,1,623,,,,,,,0.2039509415626526,,,
7zrt6udr,R_ref,1,624,,,,,,,0.2598362863063812,,,
7zrt6udr,R_ref,1,625,,,,,,,0.29112350940704346,,,
7zrt6udr,R_ref,1,626,,,,,,,0.26941123604774475,,,
7zrt6udr,R_ref,1,627,,,,,,,0.20484527945518494,,,
7zrt6udr,R_ref,1,628,,,,,,,0.28762009739875793,,,
7zrt6udr,R_ref,1,629,,,,,,,0.23687103390693665,,,
7zrt6udr,R_ref,1,630,,,,,,,0.24483314156532288,,,
7zrt6udr,R_ref,1,631,,,,,,,0.2963813543319702,,,
7zrt6udr,R_ref,1,632,,,,,,,0.2327347695827484,,,
7zrt6udr,R_ref,1,633,,,,,,,0.24137790501117706,,,
7zrt6udr,R_ref,1,634,,,,,,,0.25920403003692627,,,
7zrt6udr,R_ref,1,635,,,,,,,0.30885225534439087,,,
7zrt6udr,R_ref,1,636,,,,,,,0.2419787496328354,,,
7zrt6udr,R_ref,1,637,,,,,,,0.22378231585025787,,,
7zrt6udr,R_ref,1,638,,,,,,,0.21985474228858948,,,
7zrt6udr,R_ref,1,639,,,,,,,0.21671997010707855,,,
7zrt6udr,R_ref,1,640,,,,,,,0.205726757645607,,,
7zrt6udr,R_ref,1,641,,,,,,,0.26195481419563293,,,
7zrt6udr,R_ref,1,642,,,,,,,0.24093817174434662,,,
7zrt6udr,R_ref,1,643,,,,,,,0.28934451937675476,,,
7zrt6udr,R_ref,1,644,,,,,,,0.253704696893692,,,
7zrt6udr,R_ref,1,645,,,,,,,0.24244046211242676,,,
7zrt6udr,R_ref,1,646,,,,,,,0.2445436269044876,,,
7zrt6udr,R_ref,1,647,,,,,,,0.20480211079120636,,,
7zrt6udr,R_ref,1,648,,,,,,,0.24841052293777466,,,
7zrt6udr,R_ref,1,649,,,,,,,0.22360016405582428,,,
7zrt6udr,R_ref,1,650,,,,,,,0.2510622441768646,,,
7zrt6udr,R_ref,1,651,,,,,,,0.2074746936559677,,,
7zrt6udr,R_ref,1,652,,,,,,,0.25850585103034973,,,
7zrt6udr,R_ref,1,653,,,,,,,0.23981697857379913,,,
7zrt6udr,R_ref,1,654,,,,,,,0.2563279867172241,,,
7zrt6udr,R_ref,1,655,,,,,,,0.30646002292633057,,,
7zrt6udr,R_ref,1,656,,,,,,,0.25418123602867126,,,
7zrt6udr,R_ref,1,657,,,,,,,0.2592359185218811,,,
7zrt6udr,R_ref,1,658,,,,,,,0.2793378531932831,,,
7zrt6udr,R_ref,1,659,,,,,,,0.21772100031375885,,,
7zrt6udr,R_ref,1,660,,,,,,,0.25498148798942566,,,
7zrt6udr,R_ref,1,661,,,,,,,0.24394534528255463,,,
7zrt6udr,R_ref,1,662,,,,,,,0.211395263671875,,,
7zrt6udr,R_ref,1,663,,,,,,,0.1799844652414322,,,
7zrt6udr,R_ref,1,664,,,,,,,0.23421704769134521,,,
7zrt6udr,R_ref,1,665,,,,,,,0.24547746777534485,,,
7zrt6udr,R_ref,1,666,,,,,,,0.2320622056722641,,,
7zrt6udr,R_ref,1,667,,,,,,,0.2431846410036087,,,
7zrt6udr,R_ref,1,668,,,,,,,0.2668488919734955,,,
7zrt6udr,R_ref,1,669,,,,,,,0.23267658054828644,,,
7zrt6udr,R_ref,1,670,,,,,,,0.22121231257915497,,,
7zrt6udr,R_ref,1,671,,,,,,,0.2338249832391739,,,
7zrt6udr,R_ref,1,672,,,,,,,0.23922300338745117,,,
7zrt6udr,R_ref,1,673,,,,,,,0.25424033403396606,,,
7zrt6udr,R_ref,1,674,,,,,,,0.27000120282173157,,,
7zrt6udr,R_ref,1,675,,,,,,,0.20173650979995728,,,
7zrt6udr,R_ref,1,676,,,,,,,0.23074546456336975,,,
7zrt6udr,R_ref,1,677,,,,,,,0.26834526658058167,,,
7zrt6udr,R_ref,1,678,,,,,,,0.2585830092430115,,,
7zrt6udr,R_ref,1,679,,,,,,,0.17336422204971313,,,
7zrt6udr,R_ref,1,680,,,,,,,0.20517605543136597,,,
7zrt6udr,R_ref,1,681,,,,,,,0.23627156019210815,,,
7zrt6udr,R_ref,1,682,,,,,,,0.24077163636684418,,,
7zrt6udr,R_ref,1,683,,,,,,,0.20400580763816833,,,
7zrt6udr,R_ref,1,684,,,,,,,0.22037717700004578,,,
7zrt6udr,R_ref,1,685,,,,,,,0.30115658044815063,,,
7zrt6udr,R_ref,1,686,,,,,,,0.24630369246006012,,,
7zrt6udr,R_ref,1,687,,,,,,,0.33572494983673096,,,
7zrt6udr,R_ref,1,688,,,,,,,0.2295491099357605,,,
7zrt6udr,R_ref,1,689,,,,,,,0.28767749667167664,,,
7zrt6udr,R_ref,1,690,,,,,,,0.28202253580093384,,,
7zrt6udr,R_ref,1,691,,,,,,,0.2027941644191742,,,
7zrt6udr,R_ref,1,692,,,,,,,0.2841102182865143,,,
7zrt6udr,R_ref,1,693,,,,,,,0.2528546154499054,,,
7zrt6udr,R_ref,1,694,,,,,,,0.27686700224876404,,,
7zrt6udr,R_ref,1,695,,,,,,,0.2659168243408203,,,
7zrt6udr,R_ref,1,696,,,,,,,0.2467978596687317,,,
7zrt6udr,R_ref,1,697,,,,,,,0.2463044971227646,,,
7zrt6udr,R_ref,1,698,,,,,,,0.26125428080558777,,,
7zrt6udr,R_ref,1,699,,,,,,,0.23048622906208038,,,
7zrt6udr,R_ref,1,700,,,,,,,0.2613455355167389,,,
7zrt6udr,R_ref,1,701,,,,,,,0.24170047044754028,,,
7zrt6udr,R_ref,1,702,,,,,,,0.2466445416212082,,,
7zrt6udr,R_ref,1,703,,,,,,,0.25353825092315674,,,
7zrt6udr,R_ref,1,704,,,,,,,0.2651751637458801,,,
7zrt6udr,R_ref,1,705,,,,,,,0.2596554160118103,,,
7zrt6udr,R_ref,1,706,,,,,,,0.29958221316337585,,,
7zrt6udr,R_ref,1,707,,,,,,,0.19988803565502167,,,
7zrt6udr,R_ref,1,708,,,,,,,0.23065730929374695,,,
7zrt6udr,R_ref,1,709,,,,,,,0.2404184341430664,,,
7zrt6udr,R_ref,1,710,,,,,,,0.25187861919403076,,,
7zrt6udr,R_ref,1,711,,,,,,,0.3180702328681946,,,
7zrt6udr,R_ref,1,712,,,,,,,0.22919854521751404,,,
7zrt6udr,R_ref,1,713,,,,,,,0.23661597073078156,,,
7zrt6udr,R_ref,1,714,,,,,,,0.24753066897392273,,,
7zrt6udr,R_ref,1,715,,,,,,,0.21690143644809723,,,
7zrt6udr,R_ref,1,716,,,,,,,0.234417125582695,,,
7zrt6udr,R_ref,1,717,,,,,,,0.22749920189380646,,,
7zrt6udr,R_ref,1,718,,,,,,,0.2589535415172577,,,
7zrt6udr,R_ref,1,719,,,,,,,0.19815020263195038,,,
7zrt6udr,R_ref,1,720,,,,,,,0.2555930018424988,,,
7zrt6udr,R_ref,1,721,,,,,,,0.27177977561950684,,,
7zrt6udr,R_ref,1,722,,,,,,,0.21503007411956787,,,
7zrt6udr,R_ref,1,723,,,,,,,0.20055998861789703,,,
7zrt6udr,R_ref,1,724,,,,,,,0.3056679368019104,,,
7zrt6udr,R_ref,1,725,,,,,,,0.22059953212738037,,,
7zrt6udr,R_ref,1,726,,,,,,,0.26979076862335205,,,
7zrt6udr,R_ref,1,727,,,,,,,0.27444079518318176,,,
7zrt6udr,R_ref,1,728,,,,,,,0.26212993264198303,,,
7zrt6udr,R_ref,1,729,,,,,,,0.2509130835533142,,,
7zrt6udr,R_ref,1,730,,,,,,,0.2520758807659149,,,
7zrt6udr,R_ref,1,731,,,,,,,0.2812134325504303,,,
7zrt6udr,R_ref,1,732,,,,,,,0.24595344066619873,,,
7zrt6udr,R_ref,1,733,,,,,,,0.2494286149740219,,,
7zrt6udr,R_ref,1,734,,,,,,,0.24286241829395294,,,
7zrt6udr,R_ref,1,735,,,,,,,0.25684863328933716,,,
7zrt6udr,R_ref,1,736,,,,,,,0.2384129911661148,,,
7zrt6udr,R_ref,1,737,,,,,,,0.27278512716293335,,,
7zrt6udr,R_ref,1,738,,,,,,,0.22459959983825684,,,
7zrt6udr,R_ref,1,739,,,,,,,0.36296507716178894,,,
7zrt6udr,R_ref,1,740,,,,,,,0.2824763357639313,,,
7zrt6udr,R_ref,1,741,,,,,,,0.257415771484375,,,
7zrt6udr,R_ref,1,742,,,,,,,0.22836683690547943,,,
7zrt6udr,R_ref,1,743,,,,,,,0.29753589630126953,,,
7zrt6udr,R_ref,1,744,,,,,,,0.247323676943779,,,
7zrt6udr,R_ref,1,745,,,,,,,0.2564510405063629,,,
7zrt6udr,R_ref,1,746,,,,,,,0.25630083680152893,,,
7zrt6udr,R_ref,1,747,,,,,,,0.24018311500549316,,,
7zrt6udr,R_ref,1,748,,,,,,,0.24318715929985046,,,
7zrt6udr,R_ref,1,749,,,,,,,0.2938535511493683,,,
7zrt6udr,R_ref,1,750,,,,,,,0.20994488894939423,,,
7zrt6udr,R_ref,1,751,,,,,,,0.2850671708583832,,,
7zrt6udr,R_ref,1,752,,,,,,,0.23349912464618683,,,
7zrt6udr,R_ref,1,753,,,,,,,0.2371601164340973,,,
7zrt6udr,R_ref,1,754,,,,,,,0.24670511484146118,,,
7zrt6udr,R_ref,1,755,,,,,,,0.299445778131485,,,
7zrt6udr,R_ref,1,756,,,,,,,0.23909203708171844,,,
7zrt6udr,R_ref,1,757,,,,,,,0.24624986946582794,,,
7zrt6udr,R_ref,1,758,,,,,,,0.25550320744514465,,,
7zrt6udr,R_ref,1,759,,,,,,,0.3137930631637573,,,
7zrt6udr,R_ref,1,760,,,,,,,0.2675088346004486,,,
7zrt6udr,R_ref,1,761,,,,,,,0.25279849767684937,,,
7zrt6udr,R_ref,1,762,,,,,,,0.23493817448616028,,,
7zrt6udr,R_ref,1,763,,,,,,,0.24139636754989624,,,
7zrt6udr,R_ref,1,764,,,,,,,0.2527000904083252,,,
7zrt6udr,R_ref,1,765,,,,,,,0.27885279059410095,,,
7zrt6udr,R_ref,1,766,,,,,,,0.28622063994407654,,,
7zrt6udr,R_ref,1,767,,,,,,,0.2071325182914734,,,
7zrt6udr,R_ref,1,768,,,,,,,0.2478770911693573,,,
7zrt6udr,R_ref,1,769,,,,,,,0.26492398977279663,,,
7zrt6udr,R_ref,1,770,,,,,,,0.25715142488479614,,,
7zrt6udr,R_ref,1,771,,,,,,,0.46013641357421875,,,
7zrt6udr,R_ref,1,772,,,,,,,0.2622877359390259,,,
7zrt6udr,R_ref,1,773,,,,,,,0.2487737238407135,,,
7zrt6udr,R_ref,1,774,,,,,,,0.260274738073349,,,
7zrt6udr,R_ref,1,775,,,,,,,0.30730319023132324,,,
7zrt6udr,R_ref,1,776,,,,,,,0.24688732624053955,,,
7zrt6udr,R_ref,1,777,,,,,,,0.20620520412921906,,,
7zrt6udr,R_ref,1,778,,,,,,,0.241439551115036,,,
7zrt6udr,R_ref,1,779,,,,,,,0.2902931272983551,,,
7zrt6udr,R_ref,1,780,,,,,,,0.276915043592453,,,
7zrt6udr,R_ref,1,781,,,,,,,0.2835165560245514,,,
7zrt6udr,R_ref,1,782,,,,,,,0.2130354344844818,,,
7zrt6udr,R_ref,1,783,,,,,,,0.28937259316444397,,,
7zrt6udr,R_ref,1,784,,,,,,,0.26109984517097473,,,
7zrt6udr,R_ref,1,785,,,,,,,0.27499598264694214,,,
7zrt6udr,R_ref,1,786,,,,,,,0.23226088285446167,,,
7zrt6udr,R_ref,1,787,,,,,,,0.35322311520576477,,,
7zrt6udr,R_ref,1,788,,,,,,,0.26468178629875183,,,
7zrt6udr,R_ref,1,789,,,,,,,0.21852584183216095,,,
7zrt6udr,R_ref,1,790,,,,,,,0.24820831418037415,,,
7zrt6udr,R_ref,1,791,,,,,,,0.23785455524921417,,,
7zrt6udr,R_ref,1,792,,,,,,,0.2673613131046295,,,
7zrt6udr,R_ref,1,793,,,,,,,0.27297601103782654,,,
7zrt6udr,R_ref,1,794,,,,,,,0.23374861478805542,,,
7zrt6udr,R_ref,1,795,,,,,,,0.1909874826669693,,,
7zrt6udr,R_ref,1,796,,,,,,,0.22851280868053436,,,
7zrt6udr,R_ref,1,797,,,,,,,0.24723486602306366,,,
7zrt6udr,R_ref,1,798,,,,,,,0.2639295756816864,,,
7zrt6udr,R_ref,1,799,,,,,,,0.29686450958251953,,,
7zrt6udr,R_ref,1,800,,,,,,,0.21624736487865448,,,
7zrt6udr,R_ref,1,801,,,,,,,0.24686966836452484,,,
7zrt6udr,R_ref,1,802,,,,,,,0.2876306474208832,,,
7zrt6udr,R_ref,1,803,,,,,,,0.2220599204301834,,,
7zrt6udr,R_ref,1,804,,,,,,,0.2575274705886841,,,
7zrt6udr,R_ref,1,805,,,,,,,0.22995927929878235,,,
7zrt6udr,R_ref,1,806,,,,,,,0.23461410403251648,,,
7zrt6udr,R_ref,1,807,,,,,,,0.3599969446659088,,,
7zrt6udr,R_ref,1,808,,,,,,,0.24344684183597565,,,
7zrt6udr,R_ref,1,809,,,,,,,0.22929126024246216,,,
7zrt6udr,R_ref,1,810,,,,,,,0.2388976812362671,,,
7zrt6udr,R_ref,1,811,,,,,,,0.30595797300338745,,,
7zrt6udr,R_ref,1,812,,,,,,,0.24820080399513245,,,
7zrt6udr,R_ref,1,813,,,,,,,0.24279583990573883,,,
7zrt6udr,R_ref,1,814,,,,,,,0.22755400836467743,,,
7zrt6udr,R_ref,1,815,,,,,,,0.20526786148548126,,,
7zrt6udr,R_ref,1,816,,,,,,,0.30100715160369873,,,
7zrt6udr,R_ref,1,817,,,,,,,0.2681543529033661,,,
7zrt6udr,R_ref,1,818,,,,,,,0.2355343997478485,,,
7zrt6udr,R_ref,1,819,,,,,,,0.20038001239299774,,,
7zrt6udr,R_ref,1,820,,,,,,,0.2251298874616623,,,
7zrt6udr,R_ref,1,821,,,,,,,0.20599915087223053,,,
7zrt6udr,R_ref,1,822,,,,,,,0.27086135745048523,,,
7zrt6udr,R_ref,1,823,,,,,,,0.28043240308761597,,,
7zrt6udr,R_ref,1,824,,,,,,,0.26269787549972534,,,
7zrt6udr,R_ref,1,825,,,,,,,0.282155305147171,,,
7zrt6udr,R_ref,1,826,,,,,,,0.23670049011707306,,,
7zrt6udr,R_ref,1,827,,,,,,,0.2127893567085266,,,
7zrt6udr,R_ref,1,828,,,,,,,0.25538188219070435,,,
7zrt6udr,R_ref,1,829,,,,,,,0.24726273119449615,,,
7zrt6udr,R_ref,1,830,,,,,,,0.23969025909900665,,,
7zrt6udr,R_ref,1,831,,,,,,,0.27493494749069214,,,
7zrt6udr,R_ref,1,832,,,,,,,0.2490645796060562,,,
7zrt6udr,R_ref,1,833,,,,,,,0.23868228495121002,,,
7zrt6udr,R_ref,1,834,,,,,,,0.2291291505098343,,,
7zrt6udr,R_ref,1,835,,,,,,,0.26427504420280457,,,
7zrt6udr,R_ref,1,836,,,,,,,0.2522999048233032,,,
7zrt6udr,R_ref,1,837,,,,,,,0.23276284337043762,,,
7zrt6udr,R_ref,1,838,,,,,,,0.19872517883777618,,,
7zrt6udr,R_ref,1,839,,,,,,,0.22951044142246246,,,
7zrt6udr,R_ref,1,840,,,,,,,0.24734057486057281,,,
7zrt6udr,R_ref,1,841,,,,,,,0.24157162010669708,,,
7zrt6udr,R_ref,1,842,,,,,,,0.22482430934906006,,,
7zrt6udr,R_ref,1,843,,,,,,,0.22191323339939117,,,
7zrt6udr,R_ref,1,844,,,,,,,0.27814456820487976,,,
7zrt6udr,R_ref,1,845,,,,,,,0.3197213411331177,,,
7zrt6udr,R_ref,1,846,,,,,,,0.23654590547084808,,,
7zrt6udr,R_ref,1,847,,,,,,,0.20731090009212494,,,
7zrt6udr,R_ref,1,848,,,,,,,0.23990751802921295,,,
7zrt6udr,R_ref,1,849,,,,,,,0.2933736741542816,,,
7zrt6udr,R_ref,1,850,,,,,,,0.24548400938510895,,,
7zrt6udr,R_ref,1,851,,,,,,,0.22592972218990326,,,
7zrt6udr,R_ref,1,852,,,,,,,0.22581438720226288,,,
7zrt6udr,R_ref,1,853,,,,,,,0.2329285591840744,,,
7zrt6udr,R_ref,1,854,,,,,,,0.2805894613265991,,,
7zrt6udr,R_ref,1,855,,,,,,,0.45973265171051025,,,
7zrt6udr,R_ref,1,856,,,,,,,0.23050732910633087,,,
7zrt6udr,R_ref,1,857,,,,,,,0.24151313304901123,,,
7zrt6udr,R_ref,1,858,,,,,,,0.2559026777744293,,,
7zrt6udr,R_ref,1,859,,,,,,,0.2481827288866043,,,
7zrt6udr,R_ref,1,860,,,,,,,0.24686609208583832,,,
7zrt6udr,R_ref,1,861,,,,,,,0.2425127774477005,,,
7zrt6udr,R_ref,1,862,,,,,,,0.23843863606452942,,,
7zrt6udr,R_ref,1,863,,,,,,,0.2746613025665283,,,
7zrt6udr,R_ref,1,864,,,,,,,0.23560203611850739,,,
7zrt6udr,R_ref,1,865,,,,,,,0.23438160121440887,,,
7zrt6udr,R_ref,1,866,,,,,,,0.2783864736557007,,,
7zrt6udr,R_ref,1,867,,,,,,,0.23792928457260132,,,
7zrt6udr,R_ref,1,868,,,,,,,0.3130177855491638,,,
7zrt6udr,R_ref,1,869,,,,,,,0.298509806394577,,,
7zrt6udr,R_ref,1,870,,,,,,,0.2730235755443573,,,
7zrt6udr,R_ref,1,871,,,,,,,0.18290211260318756,,,
7zrt6udr,R_ref,1,872,,,,,,,0.2851960361003876,,,
7zrt6udr,R_ref,1,873,,,,,,,0.23836955428123474,,,
7zrt6udr,R_ref,1,874,,,,,,,0.2388511449098587,,,
7zrt6udr,R_ref,1,875,,,,,,,0.2238759845495224,,,
7zrt6udr,R_ref,1,876,,,,,,,0.2580065131187439,,,
7zrt6udr,R_ref,1,877,,,,,,,0.2330561727285385,,,
7zrt6udr,R_ref,1,878,,,,,,,0.23240336775779724,,,
7zrt6udr,R_ref,1,879,,,,,,,0.19951365888118744,,,
7zrt6udr,R_ref,1,880,,,,,,,0.2799036204814911,,,
7zrt6udr,R_ref,1,881,,,,,,,0.21086393296718597,,,
7zrt6udr,R_ref,1,882,,,,,,,0.2539392113685608,,,
7zrt6udr,R_ref,1,883,,,,,,,0.23029187321662903,,,
7zrt6udr,R_ref,1,884,,,,,,,0.2302538901567459,,,
7zrt6udr,R_ref,1,885,,,,,,,0.251985102891922,,,
7zrt6udr,R_ref,1,886,,,,,,,0.23018889129161835,,,
7zrt6udr,R_ref,1,887,,,,,,,0.2162807136774063,,,
7zrt6udr,R_ref,1,888,,,,,,,0.24090419709682465,,,
7zrt6udr,R_ref,1,889,,,,,,,0.24412834644317627,,,
7zrt6udr,R_ref,1,890,,,,,,,0.24721527099609375,,,
7zrt6udr,R_ref,1,891,,,,,,,0.17688649892807007,,,
7zrt6udr,R_ref,1,892,,,,,,,0.25567564368247986,,,
7zrt6udr,R_ref,1,893,,,,,,,0.22614917159080505,,,
7zrt6udr,R_ref,1,894,,,,,,,0.2351420670747757,,,
7zrt6udr,R_ref,1,895,,,,,,,0.1844150722026825,,,
7zrt6udr,R_ref,1,896,,,,,,,0.23403078317642212,,,
7zrt6udr,R_ref,1,897,,,,,,,0.22281913459300995,,,
7zrt6udr,R_ref,1,898,,,,,,,0.23582682013511658,,,
7zrt6udr,R_ref,1,899,,,,,,,0.2500767111778259,,,
7zrt6udr,R_ref,1,900,,,,,,,0.26771435141563416,,,
7zrt6udr,R_ref,1,901,,,,,,,0.21959438920021057,,,
7zrt6udr,R_ref,1,902,,,,,,,0.2554628252983093,,,
7zrt6udr,R_ref,1,903,,,,,,,0.2969253659248352,,,
7zrt6udr,R_ref,1,904,,,,,,,0.27125659584999084,,,
7zrt6udr,R_ref,1,905,,,,,,,0.2727757692337036,,,
7zrt6udr,R_ref,1,906,,,,,,,0.24219973385334015,,,
7zrt6udr,R_ref,1,907,,,,,,,0.2542581260204315,,,
7zrt6udr,R_ref,1,908,,,,,,,0.2218855321407318,,,
7zrt6udr,R_ref,1,909,,,,,,,0.21911248564720154,,,
7zrt6udr,R_ref,1,910,,,,,,,0.21929967403411865,,,
7zrt6udr,R_ref,1,911,,,,,,,0.20384633541107178,,,
7zrt6udr,R_ref,1,912,,,,,,,0.222605898976326,,,
7zrt6udr,R_ref,1,913,,,,,,,0.24366052448749542,,,
7zrt6udr,R_ref,1,914,,,,,,,0.23393119871616364,,,
7zrt6udr,R_ref,1,915,,,,,,,0.23622915148735046,,,
7zrt6udr,R_ref,1,916,,,,,,,0.2349986582994461,,,
7zrt6udr,R_ref,1,917,,,,,,,0.2727196514606476,,,
7zrt6udr,R_ref,1,918,,,,,,,0.23529325425624847,,,
7zrt6udr,R_ref,1,919,,,,,,,0.24396654963493347,,,
7zrt6udr,R_ref,1,920,,,,,,,0.22423093020915985,,,
7zrt6udr,R_ref,1,921,,,,,,,0.24963806569576263,,,
7zrt6udr,R_ref,1,922,,,,,,,0.23623687028884888,,,
7zrt6udr,R_ref,1,923,,,,,,,0.2381233125925064,,,
7zrt6udr,R_ref,1,924,,,,,,,0.2233942300081253,,,
7zrt6udr,R_ref,1,925,,,,,,,0.24111412465572357,,,
7zrt6udr,R_ref,1,926,,,,,,,0.2421707808971405,,,
7zrt6udr,R_ref,1,927,,,,,,,0.2059827595949173,,,
7zrt6udr,R_ref,1,928,,,,,,,0.26400598883628845,,,
7zrt6udr,R_ref,1,929,,,,,,,0.25812244415283203,,,
7zrt6udr,R_ref,1,930,,,,,,,0.2242579311132431,,,
7zrt6udr,R_ref,1,931,,,,,,,0.18647156655788422,,,
7zrt6udr,R_ref,1,932,,,,,,,0.25607267022132874,,,
7zrt6udr,R_ref,1,933,,,,,,,0.2736084461212158,,,
7zrt6udr,R_ref,1,934,,,,,,,0.21799638867378235,,,
7zrt6udr,R_ref,1,935,,,,,,,0.2785133421421051,,,
7zrt6udr,R_ref,1,936,,,,,,,0.2774019241333008,,,
7zrt6udr,R_ref,1,937,,,,,,,0.23192794620990753,,,
7zrt6udr,R_ref,1,938,,,,,,,0.2555652856826782,,,
7zrt6udr,R_ref,1,939,,,,,,,0.20627360045909882,,,
7zrt6udr,R_ref,1,940,,,,,,,0.24461938440799713,,,
7zrt6udr,R_ref,1,941,,,,,,,0.1995905041694641,,,
7zrt6udr,R_ref,1,942,,,,,,,0.24038165807724,,,
7zrt6udr,R_ref,1,943,,,,,,,0.2040550708770752,,,
7zrt6udr,R_ref,1,944,,,,,,,0.24511078000068665,,,
7zrt6udr,R_ref,1,945,,,,,,,0.23442508280277252,,,
7zrt6udr,R_ref,1,946,,,,,,,0.2721954882144928,,,
7zrt6udr,R_ref,1,947,,,,,,,0.23957091569900513,,,
7zrt6udr,R_ref,1,948,,,,,,,0.26384562253952026,,,
7zrt6udr,R_ref,1,949,,,,,,,0.24135838449001312,,,
7zrt6udr,R_ref,1,950,,,,,,,0.26639872789382935,,,
7zrt6udr,R_ref,1,951,,,,,,,0.22097346186637878,,,
7zrt6udr,R_ref,1,952,,,,,,,0.24320444464683533,,,
7zrt6udr,R_ref,1,953,,,,,,,0.25807443261146545,,,
7zrt6udr,R_ref,1,954,,,,,,,0.25240930914878845,,,
7zrt6udr,R_ref,1,955,,,,,,,0.18499131500720978,,,
7zrt6udr,R_ref,1,956,,,,,,,0.2613913118839264,,,
7zrt6udr,R_ref,1,957,,,,,,,0.2268003672361374,,,
7zrt6udr,R_ref,1,958,,,,,,,0.2523835301399231,,,
7zrt6udr,R_ref,1,959,,,,,,,0.2476937174797058,,,
7zrt6udr,R_ref,1,960,,,,,,,0.25794893503189087,,,
7zrt6udr,R_ref,1,961,,,,,,,0.25850164890289307,,,
7zrt6udr,R_ref,1,962,,,,,,,0.2521093785762787,,,
7zrt6udr,R_ref,1,963,,,,,,,0.23836110532283783,,,
7zrt6udr,R_ref,1,964,,,,,,,0.25020191073417664,,,
7zrt6udr,R_ref,1,965,,,,,,,0.2405775487422943,,,
7zrt6udr,R_ref,1,966,,,,,,,0.23341798782348633,,,
7zrt6udr,R_ref,1,967,,,,,,,0.27416086196899414,,,
7zrt6udr,R_ref,1,968,,,,,,,0.2406465858221054,,,
7zrt6udr,R_ref,1,969,,,,,,,0.25640979409217834,,,
7zrt6udr,R_ref,1,970,,,,,,,0.23183117806911469,,,
7zrt6udr,R_ref,1,971,,,,,,,0.2781115174293518,,,
7zrt6udr,R_ref,1,972,,,,,,,0.21597464382648468,,,
7zrt6udr,R_ref,1,973,,,,,,,0.27635130286216736,,,
7zrt6udr,R_ref,1,974,,,,,,,0.24580861628055573,,,
7zrt6udr,R_ref,1,975,,,,,,,0.2648374140262604,,,
7zrt6udr,R_ref,1,976,,,,,,,0.2580298185348511,,,
7zrt6udr,R_ref,1,977,,,,,,,0.24753157794475555,,,
7zrt6udr,R_ref,1,978,,,,,,,0.2258819043636322,,,
7zrt6udr,R_ref,1,979,,,,,,,0.23703151941299438,,,
7zrt6udr,R_ref,1,980,,,,,,,0.2444034367799759,,,
7zrt6udr,R_ref,1,981,,,,,,,0.2421669363975525,,,
7zrt6udr,R_ref,1,982,,,,,,,0.2461291402578354,,,
7zrt6udr,R_ref,1,983,,,,,,,0.28039613366127014,,,
7zrt6udr,R_ref,1,984,,,,,,,0.2822326123714447,,,
7zrt6udr,R_ref,1,985,,,,,,,0.25801125168800354,,,
7zrt6udr,R_ref,1,986,,,,,,,0.25854626297950745,,,
7zrt6udr,R_ref,1,987,,,,,,,0.18236573040485382,,,
7zrt6udr,R_ref,1,988,,,,,,,0.21671921014785767,,,
7zrt6udr,R_ref,1,989,,,,,,,0.22389252483844757,,,
7zrt6udr,R_ref,1,990,,,,,,,0.24819493293762207,,,
7zrt6udr,R_ref,1,991,,,,,,,0.24834468960762024,,,
7zrt6udr,R_ref,1,992,,,,,,,0.27594423294067383,,,
7zrt6udr,R_ref,1,993,,,,,,,0.23615647852420807,,,
7zrt6udr,R_ref,1,994,,,,,,,0.23490794003009796,,,
7zrt6udr,R_ref,1,995,,,,,,,0.2994059920310974,,,
7zrt6udr,R_ref,1,996,,,,,,,0.23626703023910522,,,
7zrt6udr,R_ref,1,997,,,,,,,0.22482913732528687,,,
7zrt6udr,R_ref,1,998,,,,,,,0.24996432662010193,,,
7zrt6udr,R_ref,1,999,,,,,,,0.2123924344778061,,,
7zrt6udr,R_ref,1,1000,,,,,,,0.25232577323913574,,,
7zrt6udr,R_ref,1,1001,,,,,,,0.2542521059513092,,,
7zrt6udr,R_ref,1,1002,,,,,,,0.2180209457874298,,,
7zrt6udr,R_ref,1,1003,,,,,,,0.20898710191249847,,,
7zrt6udr,R_ref,1,1004,,,,,,,0.2357223629951477,,,
7zrt6udr,R_ref,1,1005,,,,,,,0.2126501500606537,,,
7zrt6udr,R_ref,1,1006,,,,,,,0.23492395877838135,,,
7zrt6udr,R_ref,1,1007,,,,,,,0.21424967050552368,,,
7zrt6udr,R_ref,1,1008,,,,,,,0.1998990923166275,,,
7zrt6udr,R_ref,1,1009,,,,,,,0.2381119728088379,,,
7zrt6udr,R_ref,1,1010,,,,,,,0.23743699491024017,,,
7zrt6udr,R_ref,1,1011,,,,,,,0.2113351821899414,,,
7zrt6udr,R_ref,1,1012,,,,,,,0.22045230865478516,,,
7zrt6udr,R_ref,1,1013,,,,,,,0.2577512264251709,,,
7zrt6udr,R_ref,1,1014,,,,,,,0.20989708602428436,,,
7zrt6udr,R_ref,1,1015,,,,,,,0.27678126096725464,,,
7zrt6udr,R_ref,1,1016,,,,,,,0.23159188032150269,,,
7zrt6udr,R_ref,1,1017,,,,,,,0.2447618693113327,,,
7zrt6udr,R_ref,1,1018,,,,,,,0.24093957245349884,,,
7zrt6udr,R_ref,1,1019,,,,,,,0.19525401294231415,,,
7zrt6udr,R_ref,1,1020,,,,,,,0.27882567048072815,,,
7zrt6udr,R_ref,1,1021,,,,,,,0.23376858234405518,,,
7zrt6udr,R_ref,1,1022,,,,,,,0.24217116832733154,,,
7zrt6udr,R_ref,1,1023,,,,,,,0.26751384139060974,,,
7zrt6udr,R_ref,1,1024,,,,,,,0.24132810533046722,,,
7zrt6udr,R_ref,1,1025,,,,,,,0.221884623169899,,,
7zrt6udr,R_ref,1,1026,,,,,,,0.24573953449726105,,,
7zrt6udr,R_ref,1,1027,,,,,,,0.29418638348579407,,,
7zrt6udr,R_ref,1,1028,,,,,,,0.20801830291748047,,,
7zrt6udr,R_ref,1,1029,,,,,,,0.2469276636838913,,,
7zrt6udr,R_ref,1,1030,,,,,,,0.22548656165599823,,,
7zrt6udr,R_ref,1,1031,,,,,,,0.25327202677726746,,,
7zrt6udr,R_ref,1,1032,,,,,,,0.24162673950195312,,,
7zrt6udr,R_ref,1,1033,,,,,,,0.21256530284881592,,,
7zrt6udr,R_ref,1,1034,,,,,,,0.2327912598848343,,,
7zrt6udr,R_ref,1,1035,,,,,,,0.28191807866096497,,,
7zrt6udr,R_ref,1,1036,,,,,,,0.24255633354187012,,,
7zrt6udr,R_ref,1,1037,,,,,,,0.277021586894989,,,
7zrt6udr,R_ref,1,1038,,,,,,,0.22021961212158203,,,
7zrt6udr,R_ref,1,1039,,,,,,,0.25746065378189087,,,
7zrt6udr,R_ref,1,1040,,,,,,,0.27088597416877747,,,
7zrt6udr,R_ref,1,1041,,,,,,,0.25815024971961975,,,
7zrt6udr,R_ref,1,1042,,,,,,,0.25371354818344116,,,
7zrt6udr,R_ref,1,1043,,,,,,,0.22803616523742676,,,
7zrt6udr,R_ref,1,1044,,,,,,,0.2810728847980499,,,
7zrt6udr,R_ref,1,1045,,,,,,,0.22432701289653778,,,
7zrt6udr,R_ref,1,1046,,,,,,,0.23503582179546356,,,
7zrt6udr,R_ref,1,1047,,,,,,,0.18939419090747833,,,
7zrt6udr,R_ref,1,1048,,,,,,,0.24102488160133362,,,
7zrt6udr,R_ref,1,1049,,,,,,,0.23846633732318878,,,
7zrt6udr,R_ref,1,1050,,,,,,,0.24236707389354706,,,
7zrt6udr,R_ref,1,1051,,,,,,,0.4602665603160858,,,
7zrt6udr,R_ref,1,1052,,,,,,,0.23505143821239471,,,
7zrt6udr,R_ref,1,1053,,,,,,,0.25480762124061584,,,
7zrt6udr,R_ref,1,1054,,,,,,,0.24184124171733856,,,
7zrt6udr,R_ref,1,1055,,,,,,,0.2294708490371704,,,
7zrt6udr,R_ref,1,1056,,,,,,,0.23360204696655273,,,
7zrt6udr,R_ref,1,1057,,,,,,,0.24077817797660828,,,
7zrt6udr,R_ref,1,1058,,,,,,,0.27119192481040955,,,
7zrt6udr,R_ref,1,1059,,,,,,,0.20416852831840515,,,
7zrt6udr,R_ref,1,1060,,,,,,,0.21041284501552582,,,
7zrt6udr,R_ref,1,1061,,,,,,,0.2647557556629181,,,
7zrt6udr,R_ref,1,1062,,,,,,,0.28323599696159363,,,
7zrt6udr,R_ref,1,1063,,,,,,,0.25536343455314636,,,
7zrt6udr,R_ref,1,1064,,,,,,,0.27233338356018066,,,
7zrt6udr,R_ref,1,1065,,,,,,,0.2424313724040985,,,
7zrt6udr,R_ref,1,1066,,,,,,,0.24882295727729797,,,
7zrt6udr,R_ref,1,1067,,,,,,,0.27529099583625793,,,
7zrt6udr,R_ref,1,1068,,,,,,,0.22428685426712036,,,
7zrt6udr,R_ref,1,1069,,,,,,,0.27129241824150085,,,
7zrt6udr,R_ref,1,1070,,,,,,,0.23160602152347565,,,
7zrt6udr,R_ref,1,1071,,,,,,,0.25622206926345825,,,
7zrt6udr,R_ref,1,1072,,,,,,,0.22875988483428955,,,
7zrt6udr,R_ref,1,1073,,,,,,,0.2324243038892746,,,
7zrt6udr,R_ref,1,1074,,,,,,,0.25262659788131714,,,
7zrt6udr,R_ref,1,1075,,,,,,,0.2560787796974182,,,
7zrt6udr,R_ref,1,1076,,,,,,,0.2586873471736908,,,
7zrt6udr,R_ref,1,1077,,,,,,,0.2334071397781372,,,
7zrt6udr,R_ref,1,1078,,,,,,,0.24809530377388,,,
7zrt6udr,R_ref,1,1079,,,,,,,0.25190281867980957,,,
7zrt6udr,R_ref,1,1080,,,,,,,0.23348718881607056,,,
7zrt6udr,R_ref,1,1081,,,,,,,0.23254536092281342,,,
7zrt6udr,R_ref,1,1082,,,,,,,0.24706459045410156,,,
7zrt6udr,R_ref,1,1083,,,,,,,0.2011810690164566,,,
7zrt6udr,R_ref,1,1084,,,,,,,0.23943842947483063,,,
7zrt6udr,R_ref,1,1085,,,,,,,0.22724075615406036,,,
7zrt6udr,R_ref,1,1086,,,,,,,0.23339565098285675,,,
7zrt6udr,R_ref,1,1087,,,,,,,0.26171132922172546,,,
7zrt6udr,R_ref,1,1088,,,,,,,0.2588682472705841,,,
7zrt6udr,R_ref,1,1089,,,,,,,0.23428389430046082,,,
7zrt6udr,R_ref,1,1090,,,,,,,0.23572733998298645,,,
7zrt6udr,R_ref,1,1091,,,,,,,0.2155107706785202,,,
7zrt6udr,R_ref,1,1092,,,,,,,0.2432274967432022,,,
7zrt6udr,R_ref,1,1093,,,,,,,0.22643907368183136,,,
7zrt6udr,R_ref,1,1094,,,,,,,0.26133906841278076,,,
7zrt6udr,R_ref,1,1095,,,,,,,0.24618202447891235,,,
7zrt6udr,R_ref,1,1096,,,,,,,0.2492266148328781,,,
7zrt6udr,R_ref,1,1097,,,,,,,0.22312681376934052,,,
7zrt6udr,R_ref,1,1098,,,,,,,0.26040956377983093,,,
7zrt6udr,R_ref,1,1099,,,,,,,0.20853132009506226,,,
7zrt6udr,R_ref,1,1100,,,,,,,0.25510844588279724,,,
7zrt6udr,R_ref,1,1101,,,,,,,0.22554956376552582,,,
7zrt6udr,R_ref,1,1102,,,,,,,0.23049122095108032,,,
7zrt6udr,R_ref,1,1103,,,,,,,0.2532940208911896,,,
7zrt6udr,R_ref,1,1104,,,,,,,0.24607078731060028,,,
7zrt6udr,R_ref,1,1105,,,,,,,0.23664617538452148,,,
7zrt6udr,R_ref,1,1106,,,,,,,0.23480500280857086,,,
7zrt6udr,R_ref,1,1107,,,,,,,0.24433085322380066,,,
7zrt6udr,R_ref,1,1108,,,,,,,0.23593980073928833,,,
7zrt6udr,R_ref,1,1109,,,,,,,0.24988426268100739,,,
7zrt6udr,R_ref,1,1110,,,,,,,0.2160663604736328,,,
7zrt6udr,R_ref,1,1111,,,,,,,0.2341163605451584,,,
7zrt6udr,R_ref,1,1112,,,,,,,0.2469528466463089,,,
7zrt6udr,R_ref,1,1113,,,,,,,0.22782325744628906,,,
7zrt6udr,R_ref,1,1114,,,,,,,0.2268666923046112,,,
7zrt6udr,R_ref,1,1115,,,,,,,0.2558637261390686,,,
7zrt6udr,R_ref,1,1116,,,,,,,0.29336822032928467,,,
7zrt6udr,R_ref,1,1117,,,,,,,0.2543591558933258,,,
7zrt6udr,R_ref,1,1118,,,,,,,0.2440996766090393,,,
7zrt6udr,R_ref,1,1119,,,,,,,0.29971566796302795,,,
7zrt6udr,R_ref,1,1120,,,,,,,0.2523106336593628,,,
7zrt6udr,R_ref,1,1121,,,,,,,0.2295335978269577,,,
7zrt6udr,R_ref,1,1122,,,,,,,0.27781662344932556,,,
7zrt6udr,R_ref,1,1123,,,,,,,0.1871943324804306,,,
7zrt6udr,R_ref,1,1124,,,,,,,0.2243150919675827,,,
7zrt6udr,R_ref,1,1125,,,,,,,0.2636002004146576,,,
7zrt6udr,R_ref,1,1126,,,,,,,0.23478147387504578,,,
7zrt6udr,R_ref,1,1127,,,,,,,0.2792854905128479,,,
7zrt6udr,R_ref,1,1128,,,,,,,0.2613426148891449,,,
7zrt6udr,R_ref,1,1129,,,,,,,0.23424555361270905,,,
7zrt6udr,R_ref,1,1130,,,,,,,0.2582687437534332,,,
7zrt6udr,R_ref,1,1131,,,,,,,0.34522679448127747,,,
7zrt6udr,R_ref,1,1132,,,,,,,0.2470807582139969,,,
7zrt6udr,R_ref,1,1133,,,,,,,0.21402812004089355,,,
7zrt6udr,R_ref,1,1134,,,,,,,0.2452542930841446,,,
7zrt6udr,R_ref,1,1135,,,,,,,0.31413301825523376,,,
7zrt6udr,R_ref,1,1136,,,,,,,0.22426511347293854,,,
7zrt6udr,R_ref,1,1137,,,,,,,0.2871178984642029,,,
7zrt6udr,R_ref,1,1138,,,,,,,0.2348492592573166,,,
7zrt6udr,R_ref,1,1139,,,,,,,0.2788750231266022,,,
7zrt6udr,R_ref,1,1140,,,,,,,0.22998879849910736,,,
7zrt6udr,R_ref,1,1141,,,,,,,0.24398504197597504,,,
7zrt6udr,R_ref,1,1142,,,,,,,0.25634121894836426,,,
7zrt6udr,R_ref,1,1143,,,,,,,0.23030677437782288,,,
7zrt6udr,R_ref,1,1144,,,,,,,0.25253555178642273,,,
7zrt6udr,R_ref,1,1145,,,,,,,0.21453647315502167,,,
7zrt6udr,R_ref,1,1146,,,,,,,0.2631678283214569,,,
7zrt6udr,R_ref,1,1147,,,,,,,0.18352685868740082,,,
7zrt6udr,R_ref,1,1148,,,,,,,0.2570270597934723,,,
7zrt6udr,R_ref,1,1149,,,,,,,0.25040727853775024,,,
7zrt6udr,R_ref,1,1150,,,,,,,0.2164626568555832,,,
7zrt6udr,R_ref,1,1151,,,,,,,0.2101786881685257,,,
7zrt6udr,R_ref,1,1152,,,,,,,0.23471175134181976,,,
7zrt6udr,R_ref,1,1153,,,,,,,0.24100586771965027,,,
7zrt6udr,R_ref,1,1154,,,,,,,0.2720973789691925,,,
7zrt6udr,R_ref,1,1155,,,,,,,0.19337554275989532,,,
7zrt6udr,R_ref,1,1156,,,,,,,0.2591215670108795,,,
7zrt6udr,R_ref,1,1157,,,,,,,0.2506951093673706,,,
7zrt6udr,R_ref,1,1158,,,,,,,0.23195955157279968,,,
7zrt6udr,R_ref,1,1159,,,,,,,0.2721922695636749,,,
7zrt6udr,R_ref,1,1160,,,,,,,0.24622870981693268,,,
7zrt6udr,R_ref,1,1161,,,,,,,0.2564750611782074,,,
7zrt6udr,R_ref,1,1162,,,,,,,0.2344822734594345,,,
7zrt6udr,R_ref,1,1163,,,,,,,0.2670237720012665,,,
7zrt6udr,R_ref,1,1164,,,,,,,0.2261885106563568,,,
7zrt6udr,R_ref,1,1165,,,,,,,0.22419974207878113,,,
7zrt6udr,R_ref,1,1166,,,,,,,0.24276599287986755,,,
7zrt6udr,R_ref,1,1167,,,,,,,0.198281928896904,,,
7zrt6udr,R_ref,1,1168,,,,,,,0.24285456538200378,,,
7zrt6udr,R_ref,1,1169,,,,,,,0.21554194390773773,,,
7zrt6udr,R_ref,1,1170,,,,,,,0.2425021082162857,,,
7zrt6udr,R_ref,1,1171,,,,,,,0.2697349488735199,,,
7zrt6udr,R_ref,1,1172,,,,,,,0.23203706741333008,,,
7zrt6udr,R_ref,1,1173,,,,,,,0.26690319180488586,,,
7zrt6udr,R_ref,1,1174,,,,,,,0.21616613864898682,,,
7zrt6udr,R_ref,1,1175,,,,,,,0.2139604091644287,,,
7zrt6udr,R_ref,1,1176,,,,,,,0.24061882495880127,,,
7zrt6udr,R_ref,1,1177,,,,,,,0.2384301722049713,,,
7zrt6udr,R_ref,1,1178,,,,,,,0.2616277039051056,,,
7zrt6udr,R_ref,1,1179,,,,,,,0.24215438961982727,,,
7zrt6udr,R_ref,1,1180,,,,,,,0.25270381569862366,,,
7zrt6udr,R_ref,1,1181,,,,,,,0.25128373503685,,,
7zrt6udr,R_ref,1,1182,,,,,,,0.22031909227371216,,,
7zrt6udr,R_ref,1,1183,,,,,,,0.22068116068840027,,,
7zrt6udr,R_ref,1,1184,,,,,,,0.28364455699920654,,,
7zrt6udr,R_ref,1,1185,,,,,,,0.252057284116745,,,
7zrt6udr,R_ref,1,1186,,,,,,,0.2382107824087143,,,
7zrt6udr,R_ref,1,1187,,,,,,,0.18746517598628998,,,
7zrt6udr,R_ref,1,1188,,,,,,,0.239868625998497,,,
7zrt6udr,R_ref,1,1189,,,,,,,0.2517983913421631,,,
7zrt6udr,R_ref,1,1190,,,,,,,0.23943497240543365,,,
7zrt6udr,R_ref,1,1191,,,,,,,0.2872081995010376,,,
7zrt6udr,R_ref,1,1192,,,,,,,0.23016218841075897,,,
7zrt6udr,R_ref,1,1193,,,,,,,0.2746398448944092,,,
7zrt6udr,R_ref,1,1194,,,,,,,0.24084286391735077,,,
7zrt6udr,R_ref,1,1195,,,,,,,0.2016603648662567,,,
7zrt6udr,R_ref,1,1196,,,,,,,0.2336096316576004,,,
7zrt6udr,R_ref,1,1197,,,,,,,0.23011386394500732,,,
7zrt6udr,R_ref,1,1198,,,,,,,0.2629963755607605,,,
7zrt6udr,R_ref,1,1199,,,,,,,0.2951524257659912,,,
wwh2eio6,R_ref,2,0,0.01907448284327984,0.01907448284327984,-0.0006577649619430304,0.26567158102989197,0.0010202162666246295,0.002637954428792,0.25712844729423523,0.12660248577594757,0.012660248205065727,
wwh2eio6,R_ref,2,1,-0.0009889894863590598,-0.0009889894863590598,-0.00040488349623046815,0.26586318016052246,0.0007432468701153994,-0.0009378278627991676,0.2913888990879059,0.03432433679699898,0.0034324340522289276,
wwh2eio6,R_ref,2,2,0.0028402330353856087,0.0028402330353856087,4.142479519941844e-05,0.2654034197330475,0.0006802473217248917,-0.0019731067586690187,0.25456005334854126,0.03671564906835556,0.00367156439460814,
wwh2eio6,R_ref,2,3,0.006863995920866728,0.006863995920866728,-0.0002655330754350871,0.2655181884765625,0.0006125773070380092,-0.00040337821701541543,0.25916361808776855,0.03222661837935448,0.003222661791369319,
wwh2eio6,R_ref,2,4,0.013204841874539852,0.013204841874539852,-0.000728272891137749,0.26549550890922546,0.0005849269800819457,-0.0009058196446858346,0.2366337925195694,0.02870531938970089,0.002870531752705574,
wwh2eio6,R_ref,2,5,0.008865240961313248,0.008865240961313248,-0.0006816927925683558,0.2654651403427124,0.0005524881999008358,4.730129148811102e-05,0.22950173914432526,0.02842889353632927,0.002842889865860343,
wwh2eio6,R_ref,2,6,0.008503936231136322,0.008503936231136322,-0.0009081754833459854,0.26560449600219727,0.0005322615033946931,-0.0010194078786298633,0.258311927318573,0.027783287689089775,0.0027783287223428488,
wwh2eio6,R_ref,2,7,0.009880546480417252,0.009880546480417252,-0.0014962599379941821,0.2658504247665405,0.00045473757199943066,0.0004468609986361116,0.23005244135856628,0.02849767729640007,0.0028497683815658092,
wwh2eio6,R_ref,2,8,0.011367353610694408,0.011367353610694408,-0.0013863188214600086,0.26555460691452026,0.00043790656491182745,-0.0015828768955543637,0.2882014513015747,0.022340191528201103,0.002234019571915269,
wwh2eio6,R_ref,2,9,0.01720382086932659,0.01720382086932659,-0.0010908590629696846,0.2658555805683136,0.0004317220882512629,0.0016655126819387078,0.25064313411712646,0.024616196751594543,0.0024616201408207417,
wwh2eio6,R_ref,2,10,0.015546921640634537,0.015546921640634537,-0.001050079008564353,0.2656671106815338,0.00042169500375166535,-0.0020460658706724644,0.23598524928092957,0.025131255388259888,0.0025131255388259888,
wwh2eio6,R_ref,2,11,0.011026797816157341,0.011026797816157341,-0.001448291353881359,0.26536819338798523,0.00042248316458426416,0.0002743093646131456,0.24511367082595825,0.022227343171834946,0.002222734270617366,
wwh2eio6,R_ref,2,12,0.015527131967246532,0.015527131967246532,-0.0016566665144637227,0.2660459578037262,0.0004063259984832257,4.4584663555724546e-05,0.21834123134613037,0.028023872524499893,0.0028023873455822468,
wwh2eio6,R_ref,2,13,0.013786743395030499,0.013786743395030499,-0.002196481917053461,0.26546865701675415,0.0004038064507767558,-0.0008755588787607849,0.24513889849185944,0.02262960933148861,0.002262961119413376,
wwh2eio6,R_ref,2,14,0.014059903100132942,0.014059903100132942,-0.001958728302270174,0.2655554711818695,0.00041056633926928043,0.0025778866838663816,0.24907179176807404,0.02026096172630787,0.002026095986366272,
wwh2eio6,R_ref,2,15,0.014541867189109325,0.014541867189109325,-0.0014716489240527153,0.2656243145465851,0.000399474665755406,0.001032356172800064,0.28450775146484375,0.02310784161090851,0.002310784999281168,
wwh2eio6,R_ref,2,16,0.01969807595014572,0.01969807595014572,-0.0012040623696520925,0.2655402421951294,0.0004442032368388027,-0.0016629825113341212,0.26101940870285034,0.02355247363448143,0.0023552472703158855,
wwh2eio6,R_ref,2,17,0.00844559259712696,0.00844559259712696,0.0020526086445897818,0.265557199716568,0.00045976354158483446,-0.000835738203022629,0.2236330360174179,0.026176266372203827,0.002617626916617155,
wwh2eio6,R_ref,2,18,0.01422650832682848,0.01422650832682848,0.003930192906409502,0.26558297872543335,0.000501559057738632,-0.0009922008030116558,0.24329012632369995,0.025258956477046013,0.002525895368307829,
wwh2eio6,R_ref,2,19,0.0007724864408373833,0.0007724864408373833,0.0016254486981779337,0.2658085823059082,0.0006047286442480981,0.005068461876362562,0.2128453552722931,0.026601901277899742,0.002660190686583519,
wwh2eio6,R_ref,2,20,0.0013732992811128497,0.0013732992811128497,0.0025740647688508034,0.26533347368240356,0.0007451952551491559,-0.0015011165523901582,0.25709372758865356,0.023473495617508888,0.00234734988771379,
wwh2eio6,R_ref,2,21,-0.008939944207668304,-0.008939944207668304,0.0052140988409519196,0.2653800845146179,0.0010461100609973073,-0.0020822107326239347,0.2560531497001648,0.020095344632864,0.0020095340441912413,
wwh2eio6,R_ref,2,22,-0.023012181743979454,-0.023012181743979454,0.00854105781763792,0.26546090841293335,0.0014706716174259782,-0.00015050229558255523,0.23083750903606415,0.02338276617228985,0.002338276943191886,
wwh2eio6,R_ref,2,23,0.001644106931053102,0.001644106931053102,0.006262542214244604,0.26506251096725464,0.0013276103418320417,-0.0018276252085343003,0.2787083387374878,0.025334537029266357,0.002533453982323408,
wwh2eio6,R_ref,2,24,0.032284244894981384,0.032284244894981384,0.007317523006349802,0.2650323808193207,0.0014652969548478723,0.0006087886285968125,0.2589752674102783,0.02330276556313038,0.0023302764166146517,
wwh2eio6,R_ref,2,25,0.002028623828664422,0.002028623828664422,-0.004046568647027016,0.26528310775756836,0.0019075727323070168,-0.0012771806214004755,0.20782096683979034,0.0319424569606781,0.003194244811311364,
wwh2eio6,R_ref,2,26,0.04265429824590683,0.04265429824590683,0.004324464127421379,0.26535969972610474,0.001376354950480163,0.003234412521123886,0.24246442317962646,0.021880997344851494,0.002188099781051278,
wwh2eio6,R_ref,2,27,0.044227082282304764,0.044227082282304764,0.006618747487664223,0.2645750641822815,0.006114669144153595,-0.0012184357037767768,0.2566832900047302,0.026988163590431213,0.0026988168247044086,
wwh2eio6,R_ref,2,28,0.04951433464884758,0.04951433464884758,0.0010778175201267004,0.2646625339984894,0.003943482879549265,0.001574837719090283,0.29131999611854553,0.0243139136582613,0.002431391505524516,
wwh2eio6,R_ref,2,29,0.03519457206130028,0.03519457206130028,0.003036971902474761,0.26472631096839905,0.0067871627397835255,0.0007376590510830283,0.2186947613954544,0.02282383106648922,0.002282382920384407,
wwh2eio6,R_ref,2,30,0.02965538576245308,0.02965538576245308,0.009335076436400414,0.26425376534461975,0.012217143550515175,0.005895841401070356,0.24883125722408295,0.028708405792713165,0.0028708409518003464,
wwh2eio6,R_ref,2,31,-0.018829572945833206,-0.018829572945833206,0.00277009722776711,0.26517045497894287,0.00496162474155426,0.0007935219327919185,0.273919016122818,0.027516478672623634,0.002751647960394621,
wwh2eio6,R_ref,2,32,0.04151493310928345,0.04151493310928345,0.007840996608138084,0.2646816670894623,0.00576573284342885,0.004351673182100058,0.3004824221134186,0.02661098912358284,0.0026610989589244127,
wwh2eio6,R_ref,2,33,0.07088235765695572,0.07088235765695572,-0.0027258615009486675,0.26507046818733215,0.002808233257383108,0.009148236364126205,0.29182836413383484,0.02800733968615532,0.0028007340151816607,
wwh2eio6,R_ref,2,34,0.03977782279253006,0.03977782279253006,0.00809329841285944,0.2642453610897064,0.012666245922446251,0.003870707005262375,0.2628384530544281,0.027005881071090698,0.0027005882002413273,
wwh2eio6,R_ref,2,35,0.03819853812456131,0.03819853812456131,0.00936572253704071,0.26458606123924255,0.013461684808135033,0.015697328373789787,0.2397373467683792,0.026647577062249184,0.002664757426828146,
wwh2eio6,R_ref,2,36,0.041216835379600525,0.041216835379600525,0.00844426266849041,0.264289915561676,0.02341810055077076,0.02009076625108719,0.24245506525039673,0.024883531033992767,0.0024883535224944353,
wwh2eio6,R_ref,2,37,0.06304888427257538,0.06304888427257538,0.010752199217677116,0.26477694511413574,0.013722113333642483,0.020970642566680908,0.2645169198513031,0.027702273800969124,0.002770226914435625,
wwh2eio6,R_ref,2,38,0.05987267941236496,0.05987267941236496,0.011666965670883656,0.264377236366272,0.032335903495550156,0.034082937985658646,0.28571099042892456,0.02787279151380062,0.002787279197946191,
wwh2eio6,R_ref,2,39,0.056805096566677094,0.056805096566677094,0.010513154789805412,0.26438313722610474,0.032532207667827606,0.02113586664199829,0.27566608786582947,0.032186105847358704,0.003218610305339098,
wwh2eio6,R_ref,2,40,0.05496610701084137,0.05496610701084137,0.010100013576447964,0.26456162333488464,0.026178140193223953,0.0319281667470932,0.262808620929718,0.029394064098596573,0.0029394063167274,
wwh2eio6,R_ref,2,41,0.058618005365133286,0.058618005365133286,0.01059490442276001,0.2639141082763672,0.024843955412507057,0.03513733670115471,0.2727120816707611,0.03172603249549866,0.0031726036686450243,
wwh2eio6,R_ref,2,42,0.058607317507267,0.058607317507267,0.00971821416169405,0.26507309079170227,0.04971826449036598,0.03901117667555809,0.2636549472808838,0.03168420121073723,0.0031684197019785643,
wwh2eio6,R_ref,2,43,0.06127490848302841,0.06127490848302841,0.011227190494537354,0.2643444836139679,0.030801471322774887,0.04937289282679558,0.26177316904067993,0.03232492506504059,0.003232492133975029,
wwh2eio6,R_ref,2,44,0.04949129372835159,0.04949129372835159,0.009909153915941715,0.2649361193180084,0.03726563975214958,0.04982773959636688,0.257116436958313,0.03169858455657959,0.003169858129695058,
wwh2eio6,R_ref,2,45,0.06334041059017181,0.06334041059017181,0.009112450294196606,0.26454994082450867,0.031218161806464195,0.05438555032014847,0.25987759232521057,0.029326457530260086,0.002932645846158266,
wwh2eio6,R_ref,2,46,0.07368338853120804,0.07368338853120804,0.008376381359994411,0.264366090297699,0.03658263385295868,0.06370510905981064,0.25173625349998474,0.0315944068133831,0.00315944105386734,
wwh2eio6,R_ref,2,47,0.05110074207186699,0.05110074207186699,0.008913911879062653,0.264832079410553,0.0433683767914772,0.05304283648729324,0.25730475783348083,0.03348739817738533,0.003348739817738533,
wwh2eio6,R_ref,2,48,0.0699123814702034,0.0699123814702034,0.009658447466790676,0.26481878757476807,0.036333441734313965,0.06675363332033157,0.25289681553840637,0.03356216847896576,0.003356215776875615,
wwh2eio6,R_ref,2,49,0.06824236363172531,0.06824236363172531,0.009605430997908115,0.26454344391822815,0.04510010778903961,0.079370878636837,0.26684272289276123,0.0327843576669693,0.003278435440734029,
wwh2eio6,R_ref,2,50,0.07177816331386566,0.07177816331386566,0.010336429812014103,0.2639292776584625,0.04145103693008423,0.07404733449220657,0.2726234793663025,0.03469597175717354,0.003469596616923809,
wwh2eio6,R_ref,2,51,0.06537923961877823,0.06537923961877823,0.011208721436560154,0.26447364687919617,0.026704512536525726,0.07906968891620636,0.309449166059494,0.03805026412010193,0.003805027110502124,
wwh2eio6,R_ref,2,52,0.07154537737369537,0.07154537737369537,0.009557328186929226,0.26564687490463257,0.08235819637775421,0.07582861930131912,0.25571581721305847,0.028174301609396935,0.0028174305334687233,
wwh2eio6,R_ref,2,53,0.06387108564376831,0.06387108564376831,0.01083006989210844,0.2650388777256012,0.06513329595327377,0.07963992655277252,0.23280048370361328,0.03739398717880249,0.0037393986713141203,
wwh2eio6,R_ref,2,54,0.06951862573623657,0.06951862573623657,0.011165427044034004,0.2642590403556824,0.049093473702669144,0.088676817715168,0.26478707790374756,0.03685061261057854,0.003685061354190111,
wwh2eio6,R_ref,2,55,0.06715835630893707,0.06715835630893707,0.009480501525104046,0.2654026746749878,0.035350631922483444,0.08849123120307922,0.25449705123901367,0.03476490080356598,0.0034764898009598255,
wwh2eio6,R_ref,2,56,0.07030367851257324,0.07030367851257324,0.01131779607385397,0.265375018119812,0.0830889418721199,0.09577329456806183,0.2778956890106201,0.0320107564330101,0.0032010760623961687,
wwh2eio6,R_ref,2,57,0.06704717129468918,0.06704717129468918,0.009405416436493397,0.26505598425865173,0.052152544260025024,0.09743038564920425,0.24573953449726105,0.03582124039530754,0.0035821236670017242,
wwh2eio6,R_ref,2,58,0.04370648041367531,0.04370648041367531,0.008945793844759464,0.26549285650253296,0.05662846192717552,0.09372216463088989,0.2668810486793518,0.03963567689061165,0.003963567316532135,
wwh2eio6,R_ref,2,59,0.06098749116063118,0.06098749116063118,0.011461767368018627,0.2647971510887146,0.04111798480153084,0.10605981945991516,0.27297407388687134,0.03688531741499901,0.0036885326262563467,
wwh2eio6,R_ref,2,60,0.06415483355522156,0.06415483355522156,0.011665483005344868,0.26463356614112854,0.06365392357110977,0.10038699954748154,0.2816082239151001,0.03530072420835495,0.003530072746798396,
wwh2eio6,R_ref,2,61,0.06507128477096558,0.06507128477096558,0.011015438474714756,0.26484280824661255,0.06594899296760559,0.11373724788427353,0.25967612862586975,0.03945965692400932,0.00394596578553319,
wwh2eio6,R_ref,2,62,0.05827750265598297,0.05827750265598297,0.011613013222813606,0.2648281455039978,0.06207210570573807,0.11645296961069107,0.28383323550224304,0.042135123163461685,0.004213512875139713,
wwh2eio6,R_ref,2,63,0.06968928873538971,0.06968928873538971,0.011006367392838001,0.2643865942955017,0.045147500932216644,0.10980811715126038,0.2705005407333374,0.04184447228908539,0.004184447228908539,
wwh2eio6,R_ref,2,64,0.05828268826007843,0.05828268826007843,0.009256568737328053,0.2648497521877289,0.031063808128237724,0.09410834312438965,0.23521816730499268,0.04192056879401207,0.004192056600004435,
wwh2eio6,R_ref,2,65,0.059058595448732376,0.059058595448732376,0.01122748851776123,0.2652234733104706,0.08191768825054169,0.08491508662700653,0.2357221245765686,0.04203379526734352,0.004203379154205322,
wwh2eio6,R_ref,2,66,0.05095309764146805,0.05095309764146805,0.010109850205481052,0.26619887351989746,0.09201059490442276,0.10428519546985626,0.28009575605392456,0.038125552237033844,0.0038125549908727407,
wwh2eio6,R_ref,2,67,0.05254001170396805,0.05254001170396805,0.008617926388978958,0.2660946249961853,0.08285626769065857,0.12374915927648544,0.23127101361751556,0.04521439969539642,0.004521439783275127,
wwh2eio6,R_ref,2,68,0.057946112006902695,0.057946112006902695,0.011434788815677166,0.26480811834335327,0.06784754246473312,0.13022401928901672,0.22228501737117767,0.04278422147035599,0.004278421867638826,
wwh2eio6,R_ref,2,69,0.06449331343173981,0.06449331343173981,0.01222126092761755,0.26502156257629395,0.09581883251667023,0.12557905912399292,0.2840968668460846,0.03896206617355347,0.0038962073158472776,
wwh2eio6,R_ref,2,70,0.05539991706609726,0.05539991706609726,0.010130933485925198,0.2648528516292572,0.06699198484420776,0.12389692664146423,0.2717832922935486,0.05215686932206154,0.005215687211602926,
wwh2eio6,R_ref,2,71,0.05444835126399994,0.05444835126399994,0.011128644458949566,0.2659434676170349,0.12934845685958862,0.13363049924373627,0.2462121695280075,0.040528517216444016,0.004052852280437946,
wwh2eio6,R_ref,2,72,0.053486332297325134,0.053486332297325134,0.010264634154736996,0.26636284589767456,0.1107514426112175,0.112327441573143,0.34221330285072327,0.0413331538438797,0.0041333152912557125,
wwh2eio6,R_ref,2,73,0.05492314323782921,0.05492314323782921,0.01103938277810812,0.26513707637786865,0.06755152344703674,0.14217132329940796,0.2450120896100998,0.04622490704059601,0.004622490610927343,
wwh2eio6,R_ref,2,74,0.05213344097137451,0.05213344097137451,0.009451249614357948,0.2660391926765442,0.10069961100816727,0.1260877102613449,0.24143686890602112,0.04594898223876953,0.004594898782670498,
wwh2eio6,R_ref,2,75,0.05109304189682007,0.05109304189682007,0.010200336575508118,0.2655657231807709,0.06108231469988823,0.15454256534576416,0.30768704414367676,0.05105259642004967,0.005105260293930769,
wwh2eio6,R_ref,2,76,0.05473453551530838,0.05473453551530838,0.013631974346935749,0.2657359838485718,0.11979876458644867,0.13720884919166565,0.2667667269706726,0.04513208195567131,0.0045132082886993885,
wwh2eio6,R_ref,2,77,0.06933363527059555,0.06933363527059555,0.0090992646291852,0.26518669724464417,0.09864439070224762,0.11708459258079529,0.25118204951286316,0.04431130364537239,0.004431130830198526,
wwh2eio6,R_ref,2,78,0.06028071418404579,0.06028071418404579,0.00931802298873663,0.26575562357902527,0.10815493762493134,0.15526621043682098,0.23085762560367584,0.04354647919535637,0.004354647360742092,
wwh2eio6,R_ref,2,79,0.06865652650594711,0.06865652650594711,0.010384466499090195,0.2645854353904724,0.07233165949583054,0.17007194459438324,0.28834065794944763,0.043729692697525024,0.0043729692697525024,
wwh2eio6,R_ref,2,80,0.07157538831233978,0.07157538831233978,0.010307389311492443,0.264972448348999,0.116938516497612,0.14708967506885529,0.3121838867664337,0.05197610706090927,0.005197611171752214,
wwh2eio6,R_ref,2,81,0.06597994267940521,0.06597994267940521,0.01126440055668354,0.265138179063797,0.06734808534383774,0.17237068712711334,0.26718688011169434,0.047980088740587234,0.004798009991645813,
wwh2eio6,R_ref,2,82,0.0546715073287487,0.0546715073287487,0.008966686204075813,0.265088826417923,0.05626765638589859,0.11899355053901672,0.23286433517932892,0.06200939416885376,0.006200940348207951,
wwh2eio6,R_ref,2,83,0.05779695138335228,0.05779695138335228,0.00815033819526434,0.2659476101398468,0.10444681346416473,0.15815825760364532,0.2971001863479614,0.04016384109854698,0.004016384016722441,
wwh2eio6,R_ref,2,84,0.050143178552389145,0.050143178552389145,0.011732056736946106,0.26501089334487915,0.06083182245492935,0.16504760086536407,0.27216947078704834,0.04928387328982353,0.0049283867701888084,
wwh2eio6,R_ref,2,85,0.052949510514736176,0.052949510514736176,0.010146349668502808,0.26737940311431885,0.13115942478179932,0.15517732501029968,0.27738478779792786,0.039613354951143265,0.003961334936320782,
wwh2eio6,R_ref,2,86,0.05818123742938042,0.05818123742938042,0.011604738421738148,0.2652222514152527,0.08759915828704834,0.15163061022758484,0.243719220161438,0.04075609892606735,0.0040756105445325375,
wwh2eio6,R_ref,2,87,0.054009970277547836,0.054009970277547836,0.010680586099624634,0.26520904898643494,0.10352693498134613,0.15410003066062927,0.25439563393592834,0.05555075779557228,0.005555074196308851,
wwh2eio6,R_ref,2,88,0.046327974647283554,0.046327974647283554,0.011559531092643738,0.26558998227119446,0.10981069505214691,0.15390796959400177,0.2756139934062958,0.04647945240139961,0.004647945519536734,
wwh2eio6,R_ref,2,89,0.052096836268901825,0.052096836268901825,0.005673346109688282,0.26525574922561646,0.04493813216686249,0.15297989547252655,0.2509547770023346,0.0525430366396904,0.0052543035708367825,
wwh2eio6,R_ref,2,90,0.057208091020584106,0.057208091020584106,0.013911377638578415,0.26503098011016846,0.09977167099714279,0.1603548377752304,0.2578064203262329,0.04396387189626694,0.004396388307213783,
wwh2eio6,R_ref,2,91,0.061309341341257095,0.061309341341257095,0.011126803234219551,0.26530808210372925,0.09127051383256912,0.1492614895105362,0.23335163295269012,0.05128180608153343,0.005128179676830769,
wwh2eio6,R_ref,2,92,0.0519954115152359,0.0519954115152359,0.013398269191384315,0.2666202783584595,0.15949128568172455,0.17489595711231232,0.2535073757171631,0.04472982510924339,0.004472982604056597,
wwh2eio6,R_ref,2,93,0.06296710669994354,0.06296710669994354,0.012571416795253754,0.26599177718162537,0.11594265699386597,0.15488971769809723,0.2606636583805084,0.05207827687263489,0.0052078282460570335,
wwh2eio6,R_ref,2,94,0.06333478540182114,0.06333478540182114,0.012686342932283878,0.26431387662887573,0.05454627424478531,0.1724088191986084,0.2278796285390854,0.047543227672576904,0.004754322115331888,
wwh2eio6,R_ref,2,95,0.07108812779188156,0.07108812779188156,0.01566925272345543,0.2642936110496521,0.08950889110565186,0.15764720737934113,0.2679438591003418,0.049303483217954636,0.004930346738547087,
wwh2eio6,R_ref,2,96,0.05315229296684265,0.05315229296684265,0.010543346405029297,0.2649223208427429,0.07392124831676483,0.1483086496591568,0.2460867017507553,0.04338550940155983,0.004338550381362438,
wwh2eio6,R_ref,2,97,0.06743617355823517,0.06743617355823517,0.013269450515508652,0.26456570625305176,0.07422222197055817,0.17216967046260834,0.2432013750076294,0.04938959702849388,0.004938960541039705,
wwh2eio6,R_ref,2,98,0.0400424599647522,0.0400424599647522,0.00898436177521944,0.26565903425216675,0.08136903494596481,0.1975305676460266,0.21981264650821686,0.03817557916045189,0.0038175578229129314,
wwh2eio6,R_ref,2,99,0.0648161843419075,0.0648161843419075,0.014827298931777477,0.2644709348678589,0.07321562618017197,0.185099259018898,0.24274131655693054,0.04020104184746742,0.004020104184746742,
wwh2eio6,R_ref,2,100,0.06810825318098068,0.06810825318098068,0.016119863837957382,0.26425495743751526,0.0769224613904953,0.18608656525611877,0.31849172711372375,0.04409657046198845,0.004409657325595617,
wwh2eio6,R_ref,2,101,0.06044645980000496,0.06044645980000496,0.014488862827420235,0.2640231251716614,0.0538790225982666,0.180189311504364,0.23592260479927063,0.04505743458867073,0.0045057437382638454,
wwh2eio6,R_ref,2,102,0.06186755374073982,0.06186755374073982,0.013762595131993294,0.26548171043395996,0.14149518311023712,0.16997258365154266,0.24097785353660583,0.04503868892788887,0.004503868520259857,
wwh2eio6,R_ref,2,103,0.05156349390745163,0.05156349390745163,0.01138834748417139,0.2650429904460907,0.06721966713666916,0.170355886220932,0.28783121705055237,0.051222048699855804,0.005122204776853323,
wwh2eio6,R_ref,2,104,0.0253208726644516,0.0253208726644516,0.007949543185532093,0.2654707431793213,0.028570374473929405,0.1744001805782318,0.26185372471809387,0.0536891371011734,0.005368913058191538,
wwh2eio6,R_ref,2,105,0.05495664104819298,0.05495664104819298,0.009363096207380295,0.2654021382331848,0.04882126301527023,0.1865447610616684,0.25453370809555054,0.04866514354944229,0.004866513889282942,
wwh2eio6,R_ref,2,106,0.05226168781518936,0.05226168781518936,0.013369032181799412,0.2649060785770416,0.06161776930093765,0.18463505804538727,0.24955007433891296,0.044217467308044434,0.004421747289597988,
wwh2eio6,R_ref,2,107,0.05358804017305374,0.05358804017305374,0.015292222611606121,0.2655559778213501,0.08970873057842255,0.17816244065761566,0.22635196149349213,0.048382896929979324,0.0048382896929979324,
wwh2eio6,R_ref,2,108,0.06767865270376205,0.06767865270376205,0.014657898806035519,0.2642211616039276,0.04937625676393509,0.1861698031425476,0.2523217797279358,0.04317227005958557,0.004317226354032755,
wwh2eio6,R_ref,2,109,0.04191029816865921,0.04191029816865921,0.004311102442443371,0.2661548852920532,0.09100362658500671,0.19099193811416626,0.21653904020786285,0.048183586448431015,0.004818358924239874,
wwh2eio6,R_ref,2,110,0.055986613035202026,0.055986613035202026,0.011800185777246952,0.2658207416534424,0.0788412019610405,0.17532065510749817,0.26349592208862305,0.04873986169695854,0.004873986355960369,
wwh2eio6,R_ref,2,111,0.043550755828619,0.043550755828619,0.016107885167002678,0.265404611825943,0.10351785272359848,0.1924307644367218,0.2705673575401306,0.042737822979688644,0.004273782018572092,
wwh2eio6,R_ref,2,112,0.055681489408016205,0.055681489408016205,0.011670593172311783,0.2654699981212616,0.045812733471393585,0.1929067224264145,0.26068949699401855,0.042619239538908005,0.004261923022568226,
wwh2eio6,R_ref,2,113,0.0646437332034111,0.0646437332034111,0.011086815968155861,0.26440444588661194,0.057201679795980453,0.17520853877067566,0.27581489086151123,0.0464555025100708,0.00464555062353611,
wwh2eio6,R_ref,2,114,0.06288186460733414,0.06288186460733414,0.01566704921424389,0.264543741941452,0.05373137444257736,0.1809246987104416,0.21301555633544922,0.04676509276032448,0.004676509648561478,
wwh2eio6,R_ref,2,115,0.04971526190638542,0.04971526190638542,0.018877871334552765,0.26547789573669434,0.1075882762670517,0.1981441229581833,0.2554793953895569,0.03768245875835419,0.00376824545674026,
wwh2eio6,R_ref,2,116,0.05971263349056244,0.05971263349056244,0.016284920275211334,0.26475024223327637,0.09376368671655655,0.2042904943227768,0.2490573674440384,0.05064518377184868,0.005064518190920353,
wwh2eio6,R_ref,2,117,0.04329619184136391,0.04329619184136391,0.017501551657915115,0.26490798592567444,0.09431888908147812,0.18776346743106842,0.2583838105201721,0.05000101402401924,0.005000100936740637,
wwh2eio6,R_ref,2,118,0.04791919142007828,0.04791919142007828,0.011723032221198082,0.2661006450653076,0.0760878473520279,0.16513335704803467,0.28375476598739624,0.06767493486404419,0.0067674946039915085,
wwh2eio6,R_ref,2,119,0.06561645120382309,0.06561645120382309,0.012719730846583843,0.2647038996219635,0.056206993758678436,0.16724248230457306,0.2348112314939499,0.05306839942932129,0.005306840408593416,
wwh2eio6,R_ref,2,120,0.056885551661252975,0.056885551661252975,0.01511393953114748,0.2648549973964691,0.05594430863857269,0.18983221054077148,0.2718382775783539,0.04182959720492363,0.004182959441095591,
wwh2eio6,R_ref,2,121,0.06098325923085213,0.06098325923085213,0.013961145654320717,0.26444607973098755,0.06486726552248001,0.1923065036535263,0.23857444524765015,0.04193095490336418,0.0041930945590138435,
wwh2eio6,R_ref,2,122,0.03959798067808151,0.03959798067808151,0.02227393351495266,0.2664667069911957,0.1451224982738495,0.1964777708053589,0.2502085268497467,0.04617500677704811,0.004617500584572554,
wwh2eio6,R_ref,2,123,0.06481195241212845,0.06481195241212845,0.020431803539395332,0.2640245854854584,0.08208121359348297,0.1766216903924942,0.28812479972839355,0.059925977140665054,0.005992596969008446,
wwh2eio6,R_ref,2,124,0.06618069112300873,0.06618069112300873,0.014104146510362625,0.26526138186454773,0.11689814180135727,0.17550122737884521,0.2494964301586151,0.06214242801070213,0.006214242894202471,
wwh2eio6,R_ref,2,125,0.06465718150138855,0.06465718150138855,0.019829483702778816,0.2648927867412567,0.10730689018964767,0.18652451038360596,0.2492457926273346,0.04873478785157204,0.004873477853834629,
wwh2eio6,R_ref,2,126,0.0593910738825798,0.0593910738825798,0.020403753966093063,0.2644696533679962,0.07050548493862152,0.20180171728134155,0.2872394621372223,0.0365072637796402,0.003650727216154337,
wwh2eio6,R_ref,2,127,0.0524999275803566,0.0524999275803566,0.01261410303413868,0.2649715840816498,0.05251569300889969,0.1968233436346054,0.23443643748760223,0.04220829904079437,0.00422082981094718,
wwh2eio6,R_ref,2,128,0.06898122280836105,0.06898122280836105,0.018061192706227303,0.2643943428993225,0.0721716359257698,0.1919076144695282,0.21425920724868774,0.05299169570207596,0.0052991691045463085,
wwh2eio6,R_ref,2,129,0.06180426850914955,0.06180426850914955,0.02364274114370346,0.26459959149360657,0.10987105965614319,0.19393503665924072,0.2959316670894623,0.041494663804769516,0.004149464890360832,
wwh2eio6,R_ref,2,130,0.058855123817920685,0.058855123817920685,0.020494766533374786,0.2645343840122223,0.10666968673467636,0.19658559560775757,0.2514597177505493,0.04841367155313492,0.004841365851461887,
wwh2eio6,R_ref,2,131,0.04784637317061424,0.04784637317061424,0.015772903338074684,0.2650327980518341,0.08894222229719162,0.20026709139347076,0.26193150877952576,0.043935682624578476,0.004393569193780422,
wwh2eio6,R_ref,2,132,0.03842634707689285,0.03842634707689285,0.01622404344379902,0.26646462082862854,0.13932174444198608,0.20624610781669617,0.2799456715583801,0.04406854882836342,0.004406855441629887,
wwh2eio6,R_ref,2,133,0.04436226934194565,0.04436226934194565,0.017137637361884117,0.26523879170417786,0.08618523925542831,0.18858365714550018,0.2482815384864807,0.058201953768730164,0.005820195656269789,
wwh2eio6,R_ref,2,134,0.05729532241821289,0.05729532241821289,0.02357478253543377,0.26441797614097595,0.07567677646875381,0.19793657958507538,0.25741541385650635,0.04304670915007591,0.004304671194404364,
wwh2eio6,R_ref,2,135,0.04631001874804497,0.04631001874804497,0.014414162375032902,0.2663327753543854,0.1193101704120636,0.19981804490089417,0.2809963524341583,0.04264673963189125,0.004264672752469778,
wwh2eio6,R_ref,2,136,0.04705622419714928,0.04705622419714928,0.022797314450144768,0.26613548398017883,0.13080745935440063,0.205730140209198,0.2676677107810974,0.04115027189254761,0.004115026909857988,
wwh2eio6,R_ref,2,137,0.055968206375837326,0.055968206375837326,0.020135315135121346,0.2651604115962982,0.07928586006164551,0.19953134655952454,0.25169306993484497,0.05085127428174019,0.005085127428174019,
wwh2eio6,R_ref,2,138,0.051046956330537796,0.051046956330537796,0.022977273911237717,0.26526862382888794,0.11557335406541824,0.1992347240447998,0.25954627990722656,0.04662936553359032,0.004662937484681606,
wwh2eio6,R_ref,2,139,0.05664898455142975,0.05664898455142975,0.025462601333856583,0.2649165689945221,0.09488966315984726,0.2016487568616867,0.22878433763980865,0.04065775126218796,0.004065774381160736,
wwh2eio6,R_ref,2,140,0.04239834472537041,0.04239834472537041,0.027865609154105186,0.2652892768383026,0.11531960964202881,0.2044578641653061,0.24039211869239807,0.04173259809613228,0.004173259250819683,
wwh2eio6,R_ref,2,141,0.05534186214208603,0.05534186214208603,0.024943234398961067,0.26546838879585266,0.13521815836429596,0.21321061253547668,0.23531289398670197,0.042442601174116135,0.004244260024279356,
wwh2eio6,R_ref,2,142,0.034036483615636826,0.034036483615636826,0.02671809121966362,0.2665068209171295,0.14266149699687958,0.20802323520183563,0.27919840812683105,0.045505378395318985,0.004550538957118988,
wwh2eio6,R_ref,2,143,0.06463513523340225,0.06463513523340225,0.025470923632383347,0.264163613319397,0.08839376270771027,0.19753682613372803,0.2500334680080414,0.04717306047677994,0.004717306233942509,
wwh2eio6,R_ref,2,144,0.05525911599397659,0.05525911599397659,0.03432227671146393,0.2659497857093811,0.1531432867050171,0.2052069455385208,0.23519112169742584,0.04495001956820488,0.004495002329349518,
wwh2eio6,R_ref,2,145,0.04468656703829765,0.04468656703829765,0.024143116548657417,0.2656598389148712,0.10904339700937271,0.2089511901140213,0.2844279408454895,0.03896266222000122,0.003896265523508191,
wwh2eio6,R_ref,2,146,0.04756378009915352,0.04756378009915352,0.026208357885479927,0.2675483226776123,0.18440915644168854,0.2106224149465561,0.2884708344936371,0.04036803916096687,0.00403680419549346,
wwh2eio6,R_ref,2,147,0.050162240862846375,0.050162240862846375,0.026343349367380142,0.2654173672199249,0.11968769878149033,0.20778678357601166,0.23579618334770203,0.045948293060064316,0.004594829399138689,
wwh2eio6,R_ref,2,148,0.05780930444598198,0.05780930444598198,0.030174199491739273,0.2640964686870575,0.06717561185359955,0.20560330152511597,0.22500774264335632,0.05509760603308678,0.005509760230779648,
wwh2eio6,R_ref,2,149,0.05564003437757492,0.05564003437757492,0.02674786001443863,0.26471367478370667,0.1215304508805275,0.2044275850057602,0.24151168763637543,0.050002872943878174,0.005000285804271698,
wwh2eio6,R_ref,2,150,0.05474095419049263,0.05474095419049263,0.034685585647821426,0.2642781138420105,0.07992643117904663,0.2094782292842865,0.293209969997406,0.047764867544174194,0.004776487126946449,
wwh2eio6,R_ref,2,151,0.05239390954375267,0.05239390954375267,0.029175056144595146,0.26425057649612427,0.06988152116537094,0.20313303172588348,0.2674209177494049,0.054823778569698334,0.005482378415763378,
wwh2eio6,R_ref,2,152,0.05457418039441109,0.05457418039441109,0.03031866066157818,0.2646231949329376,0.11086750775575638,0.20462946593761444,0.2567479610443115,0.04611947387456894,0.004611947573721409,
wwh2eio6,R_ref,2,153,0.058042190968990326,0.058042190968990326,0.028475996106863022,0.26518040895462036,0.09715745598077774,0.21184271574020386,0.2914055287837982,0.04850861802697182,0.004850860685110092,
wwh2eio6,R_ref,2,154,0.04263314604759216,0.04263314604759216,0.03710096329450607,0.2652099132537842,0.113226518034935,0.21559879183769226,0.2689172923564911,0.037585124373435974,0.00375851197168231,
wwh2eio6,R_ref,2,155,0.05244726315140724,0.05244726315140724,0.030849849805235863,0.2649853229522705,0.10468176007270813,0.2087090164422989,0.25750356912612915,0.04783947393298149,0.004783946555107832,
wwh2eio6,R_ref,2,156,0.051050424575805664,0.051050424575805664,0.03250550106167793,0.26585230231285095,0.1437772959470749,0.22181667387485504,0.2635718286037445,0.04117978364229202,0.004117979668080807,
wwh2eio6,R_ref,2,157,0.04410712420940399,0.04410712420940399,0.028746454045176506,0.2663046419620514,0.13634413480758667,0.22135832905769348,0.2690468430519104,0.041686564683914185,0.004168655723333359,
wwh2eio6,R_ref,2,158,0.05291092023253441,0.05291092023253441,0.026916276663541794,0.2653336524963379,0.12848907709121704,0.2128233015537262,0.30044493079185486,0.051984358578920364,0.005198435392230749,
wwh2eio6,R_ref,2,159,0.039973337203264236,0.039973337203264236,0.029705582186579704,0.26716092228889465,0.17265558242797852,0.220712348818779,0.23229554295539856,0.04413286969065666,0.004413287155330181,
wwh2eio6,R_ref,2,160,0.041579946875572205,0.041579946875572205,0.016005855053663254,0.26669666171073914,0.13806675374507904,0.2181621491909027,0.23264364898204803,0.04138427972793579,0.004138427320867777,
wwh2eio6,R_ref,2,161,0.05358237773180008,0.05358237773180008,0.029533684253692627,0.2648596465587616,0.10041099786758423,0.21689218282699585,0.29175713658332825,0.044608473777770996,0.004460846073925495,
wwh2eio6,R_ref,2,162,0.049535129219293594,0.049535129219293594,0.030117683112621307,0.2656935155391693,0.1464139223098755,0.22186481952667236,0.2395462840795517,0.03842519223690033,0.003842518897727132,
wwh2eio6,R_ref,2,163,0.04783349856734276,0.04783349856734276,0.023980824276804924,0.2658681869506836,0.1365969181060791,0.21725156903266907,0.2276003509759903,0.04757426679134369,0.004757426679134369,
wwh2eio6,R_ref,2,164,0.05368877202272415,0.05368877202272415,0.037046659737825394,0.2659585177898407,0.17259953916072845,0.2246616780757904,0.23498427867889404,0.03990074619650841,0.0039900741539895535,
wwh2eio6,R_ref,2,165,0.04996900632977486,0.04996900632977486,0.026812486350536346,0.26637524366378784,0.1341061294078827,0.22152815759181976,0.24454563856124878,0.04473469406366348,0.004473468288779259,
wwh2eio6,R_ref,2,166,0.05950918793678284,0.05950918793678284,0.03557876497507095,0.2655602693557739,0.16003580391407013,0.21552734076976776,0.30952271819114685,0.05043952912092209,0.005043953191488981,
wwh2eio6,R_ref,2,167,0.059048090130090714,0.059048090130090714,0.04091060906648636,0.26672253012657166,0.19924448430538177,0.22113284468650818,0.25838157534599304,0.04744790494441986,0.004744790494441986,
wwh2eio6,R_ref,2,168,0.056654270738363266,0.056654270738363266,0.03829796612262726,0.26541370153427124,0.14248158037662506,0.21931414306163788,0.22639746963977814,0.050881918519735336,0.00508819380775094,
wwh2eio6,R_ref,2,169,0.052695147693157196,0.052695147693157196,0.036643896251916885,0.2654402554035187,0.13266941905021667,0.2234501987695694,0.2839621901512146,0.04794107750058174,0.0047941082157194614,
wwh2eio6,R_ref,2,170,0.05463086813688278,0.05463086813688278,0.04111876338720322,0.2655421793460846,0.1574944406747818,0.21779917180538177,0.24291913211345673,0.0478890985250473,0.004788908176124096,
wwh2eio6,R_ref,2,171,0.05142120271921158,0.05142120271921158,0.03978949040174484,0.2666722536087036,0.1562260538339615,0.22016918659210205,0.29434534907341003,0.043905630707740784,0.004390562418848276,
wwh2eio6,R_ref,2,172,0.06002951040863991,0.06002951040863991,0.03688044846057892,0.26549193263053894,0.1650628298521042,0.21900644898414612,0.27584707736968994,0.051841601729393005,0.00518416054546833,
wwh2eio6,R_ref,2,173,0.06502393633127213,0.06502393633127213,0.04546649008989334,0.2638414204120636,0.11054645478725433,0.21653081476688385,0.2731045186519623,0.04984798654913902,0.00498479837551713,
wwh2eio6,R_ref,2,174,0.050418101251125336,0.050418101251125336,0.033742666244506836,0.26558777689933777,0.12270032614469528,0.22630740702152252,0.26296693086624146,0.0459127351641655,0.00459127314388752,
wwh2eio6,R_ref,2,175,0.05573839321732521,0.05573839321732521,0.03590673580765724,0.265578031539917,0.12748251855373383,0.22988630831241608,0.281220406293869,0.04284190386533737,0.004284190479665995,
wwh2eio6,R_ref,2,176,0.06497539579868317,0.06497539579868317,0.04166894033551216,0.26502516865730286,0.14229711890220642,0.23143520951271057,0.2533906400203705,0.042686577886343,0.00426865741610527,
wwh2eio6,R_ref,2,177,0.07130657881498337,0.07130657881498337,0.050247497856616974,0.26459091901779175,0.14727208018302917,0.2296081781387329,0.23064936697483063,0.041005123406648636,0.004100512247532606,
wwh2eio6,R_ref,2,178,0.04445122554898262,0.04445122554898262,0.03396322578191757,0.26538383960723877,0.11188051849603653,0.22362245619297028,0.24673669040203094,0.05088474974036217,0.0050884741358459,
wwh2eio6,R_ref,2,179,0.05595192313194275,0.05595192313194275,0.0370715968310833,0.2652810513973236,0.1406603306531906,0.2302643209695816,0.27271440625190735,0.040919482707977295,0.0040919482707977295,
wwh2eio6,R_ref,2,180,0.06437887251377106,0.06437887251377106,0.04237523302435875,0.2657608985900879,0.14260637760162354,0.2221796214580536,0.23617149889469147,0.04561542719602585,0.004561542998999357,
wwh2eio6,R_ref,2,181,0.06059699133038521,0.06059699133038521,0.0409647561609745,0.2661341428756714,0.18639320135116577,0.2361440360546112,0.2303125411272049,0.04315577447414398,0.004315577447414398,
wwh2eio6,R_ref,2,182,0.0697614923119545,0.0697614923119545,0.04201185330748558,0.2640117108821869,0.12976469099521637,0.23184439539909363,0.27328571677207947,0.04522288218140602,0.0045222872868180275,
wwh2eio6,R_ref,2,183,0.06525934487581253,0.06525934487581253,0.04533740505576134,0.26592177152633667,0.17720015347003937,0.23580673336982727,0.2815871238708496,0.04924800246953964,0.0049248007126152515,
wwh2eio6,R_ref,2,184,0.05521358177065849,0.05521358177065849,0.047075286507606506,0.26522737741470337,0.15205992758274078,0.234181210398674,0.2621208727359772,0.04470690339803696,0.004470689222216606,
wwh2eio6,R_ref,2,185,0.0521215982735157,0.0521215982735157,0.04407212883234024,0.26601937413215637,0.1613357663154602,0.23635903000831604,0.25306010246276855,0.04680650308728218,0.004680650774389505,
wwh2eio6,R_ref,2,186,0.06368756294250488,0.06368756294250488,0.046789903193712234,0.26731500029563904,0.2164381891489029,0.24438543617725372,0.23342108726501465,0.04257754608988762,0.004257754422724247,
wwh2eio6,R_ref,2,187,0.061263296753168106,0.061263296753168106,0.04833880439400673,0.26469600200653076,0.13421520590782166,0.23090553283691406,0.25166890025138855,0.05406679958105087,0.005406680051237345,
wwh2eio6,R_ref,2,188,0.06269188225269318,0.06269188225269318,0.047901079058647156,0.2647358179092407,0.14394712448120117,0.22821402549743652,0.22956745326519012,0.050368547439575195,0.005036855582147837,
wwh2eio6,R_ref,2,189,0.06370896100997925,0.06370896100997925,0.038142263889312744,0.2675807774066925,0.21722176671028137,0.2341752052307129,0.2735322415828705,0.04597845301032066,0.004597845487296581,
wwh2eio6,R_ref,2,190,0.0611330047249794,0.0611330047249794,0.047593798488378525,0.2655690014362335,0.1703796535730362,0.23772281408309937,0.23626196384429932,0.048212092369794846,0.004821210168302059,
wwh2eio6,R_ref,2,191,0.05875950679183006,0.05875950679183006,0.049057405441999435,0.2664874196052551,0.18355947732925415,0.23553812503814697,0.24387581646442413,0.04851775988936424,0.004851775709539652,
wwh2eio6,R_ref,2,192,0.06379210948944092,0.06379210948944092,0.03611394017934799,0.2653815448284149,0.1506413072347641,0.23768702149391174,0.28002384305000305,0.04683089256286621,0.004683090373873711,
wwh2eio6,R_ref,2,193,0.05822784826159477,0.05822784826159477,0.042512502521276474,0.26621556282043457,0.18173077702522278,0.23885492980480194,0.2618267238140106,0.048253852874040604,0.004825384356081486,
wwh2eio6,R_ref,2,194,0.061886146664619446,0.061886146664619446,0.04324343428015709,0.2666517198085785,0.18632593750953674,0.2241022288799286,0.2297729104757309,0.05874798819422722,0.005874797701835632,
wwh2eio6,R_ref,2,195,0.07142230868339539,0.07142230868339539,0.046080879867076874,0.2653796374797821,0.1535365730524063,0.21843892335891724,0.27313679456710815,0.05427468568086624,0.0054274690337479115,
wwh2eio6,R_ref,2,196,0.06906364113092422,0.06906364113092422,0.04993457347154617,0.2671995162963867,0.22587035596370697,0.24124544858932495,0.23151113092899323,0.04580068588256836,0.004580068401992321,
wwh2eio6,R_ref,2,197,0.05618476867675781,0.05618476867675781,0.0538707859814167,0.2645385265350342,0.13554178178310394,0.23418861627578735,0.2456548810005188,0.04984290152788162,0.004984290339052677,
wwh2eio6,R_ref,2,198,0.04429616406559944,0.04429616406559944,0.04498375207185745,0.26689061522483826,0.17305703461170197,0.23244179785251617,0.27053549885749817,0.0520470030605793,0.005204699467867613,
wwh2eio6,R_ref,2,199,0.06695441901683807,0.06695441901683807,0.0513208769261837,0.26618143916130066,0.2028631716966629,0.234646737575531,0.2677198350429535,0.05351860821247101,0.005351859610527754,
wwh2eio6,R_ref,2,200,0.06217010319232941,0.06217010319232941,0.05244117230176926,0.26553648710250854,0.17148427665233612,0.243081197142601,0.2581831216812134,0.05199731886386871,0.005199730396270752,
wwh2eio6,R_ref,2,201,0.06522763520479202,0.06522763520479202,0.05348074063658714,0.2664417326450348,0.19126874208450317,0.2399066537618637,0.2795707583427429,0.051126375794410706,0.0051126377657055855,
wwh2eio6,R_ref,2,202,0.05558190494775772,0.05558190494775772,0.04351510852575302,0.264861136674881,0.13978858292102814,0.23516888916492462,0.28032147884368896,0.05001712590456009,0.005001712590456009,
wwh2eio6,R_ref,2,203,0.06590849906206131,0.06590849906206131,0.04333161935210228,0.2668747305870056,0.2169279158115387,0.2390919327735901,0.2611379623413086,0.045174889266490936,0.004517488647252321,
wwh2eio6,R_ref,2,204,0.0525873601436615,0.0525873601436615,0.0400945246219635,0.26535171270370483,0.13282299041748047,0.2485932558774948,0.24595780670642853,0.0448157824575901,0.004481578711420298,
wwh2eio6,R_ref,2,205,0.060312867164611816,0.060312867164611816,0.04667181149125099,0.26593586802482605,0.1760895848274231,0.24012064933776855,0.2679217457771301,0.053376972675323486,0.005337696988135576,
wwh2eio6,R_ref,2,206,0.05031058192253113,0.05031058192253113,0.041093409061431885,0.26615625619888306,0.15728607773780823,0.23351629078388214,0.2547510862350464,0.05396784096956253,0.005396784748882055,
wwh2eio6,R_ref,2,207,0.06274355947971344,0.06274355947971344,0.04331978037953377,0.26828622817993164,0.20899824798107147,0.22790786623954773,0.27325674891471863,0.05854387953877449,0.005854387767612934,
wwh2eio6,R_ref,2,208,0.06436212360858917,0.06436212360858917,0.049221910536289215,0.2654845118522644,0.15795941650867462,0.2397051900625229,0.27021244168281555,0.05147711932659149,0.005147711373865604,
wwh2eio6,R_ref,2,209,0.06289076805114746,0.06289076805114746,0.0510760173201561,0.27007851004600525,0.247809037566185,0.23844045400619507,0.2312140017747879,0.052829496562480927,0.00528295012190938,
wwh2eio6,R_ref,2,210,0.05966421961784363,0.05966421961784363,0.03701310232281685,0.2667956054210663,0.187282532453537,0.19902965426445007,0.27590513229370117,0.0725201740860939,0.007252017501741648,
wwh2eio6,R_ref,2,211,0.06648270785808563,0.06648270785808563,0.046817947179079056,0.2649822235107422,0.1496509164571762,0.22566664218902588,0.25135907530784607,0.05372324213385582,0.00537232356145978,
wwh2eio6,R_ref,2,212,0.05404326319694519,0.05404326319694519,0.055443696677684784,0.2644146680831909,0.13230212032794952,0.24213813245296478,0.2767083942890167,0.04460233822464943,0.004460234194993973,
wwh2eio6,R_ref,2,213,0.06726968288421631,0.06726968288421631,0.0585646778345108,0.264721155166626,0.14440160989761353,0.23759999871253967,0.29950135946273804,0.05238141119480133,0.005238141864538193,
wwh2eio6,R_ref,2,214,0.07692579180002213,0.07692579180002213,0.05794566497206688,0.2641278803348541,0.14150254428386688,0.24037890136241913,0.29084286093711853,0.04904821142554283,0.004904820583760738,
wwh2eio6,R_ref,2,215,0.06482043862342834,0.06482043862342834,0.0526447594165802,0.26592642068862915,0.18286901712417603,0.25332486629486084,0.2635703980922699,0.04065294936299324,0.004065294750034809,
wwh2eio6,R_ref,2,216,0.06711023300886154,0.06711023300886154,0.055631231516599655,0.26543545722961426,0.15688428282737732,0.2563232481479645,0.24888426065444946,0.04047887772321701,0.004047886468470097,
wwh2eio6,R_ref,2,217,0.07294119894504547,0.07294119894504547,0.05802273377776146,0.2659894824028015,0.2002418339252472,0.2537035048007965,0.23581045866012573,0.04389449208974838,0.004389450419694185,
wwh2eio6,R_ref,2,218,0.060286346822977066,0.060286346822977066,0.05070333927869797,0.2653692960739136,0.14566126465797424,0.2517436444759369,0.2714402973651886,0.04542815685272217,0.004542815964668989,
wwh2eio6,R_ref,2,219,0.06255783885717392,0.06255783885717392,0.05130230262875557,0.2661428451538086,0.18477863073349,0.25624990463256836,0.24859736859798431,0.043919533491134644,0.004391953349113464,
wwh2eio6,R_ref,2,220,0.07327666878700256,0.07327666878700256,0.05605814605951309,0.2659572958946228,0.1757614016532898,0.25146281719207764,0.23828423023223877,0.050822678953409195,0.005082268267869949,
wwh2eio6,R_ref,2,221,0.07328320294618607,0.07328320294618607,0.0595349483191967,0.26695144176483154,0.22973757982254028,0.2551063597202301,0.28899553418159485,0.04331120103597641,0.004331119824200869,
wwh2eio6,R_ref,2,222,0.07355990260839462,0.07355990260839462,0.060507632791996,0.2663763761520386,0.21367856860160828,0.2581440210342407,0.21206830441951752,0.041008178144693375,0.004100818652659655,
wwh2eio6,R_ref,2,223,0.06207631528377533,0.06207631528377533,0.04981878027319908,0.26589152216911316,0.15786294639110565,0.2601945400238037,0.25167223811149597,0.045689865946769714,0.004568985663354397,
wwh2eio6,R_ref,2,224,0.0705438032746315,0.0705438032746315,0.04999146983027458,0.26542943716049194,0.15785008668899536,0.25055068731307983,0.25132304430007935,0.04745979979634285,0.004745980259031057,
wwh2eio6,R_ref,2,225,0.07441386580467224,0.07441386580467224,0.060417290776968,0.2652486562728882,0.16765308380126953,0.2553586959838867,0.22714240849018097,0.045327264815568924,0.004532726015895605,
wwh2eio6,R_ref,2,226,0.07075049728155136,0.07075049728155136,0.06424722075462341,0.26576146483421326,0.18595156073570251,0.25981804728507996,0.2420397698879242,0.04210047051310539,0.0042100464925169945,
wwh2eio6,R_ref,2,227,0.07427863776683807,0.07427863776683807,0.058404166251420975,0.2646334171295166,0.161121666431427,0.2557291090488434,0.26301515102386475,0.0473482646048069,0.004734826274216175,
wwh2eio6,R_ref,2,228,0.06688304245471954,0.06688304245471954,0.05327222868800163,0.2640531361103058,0.14902542531490326,0.25944626331329346,0.257497102022171,0.05009074881672859,0.005009075161069632,
wwh2eio6,R_ref,2,229,0.06581899523735046,0.06581899523735046,0.04333324730396271,0.26650694012641907,0.1860726773738861,0.2528176009654999,0.2736765444278717,0.048549167811870575,0.0048549179919064045,
wwh2eio6,R_ref,2,230,0.07367977499961853,0.07367977499961853,0.04937251657247543,0.2650883197784424,0.14762422442436218,0.24896615743637085,0.2551584839820862,0.06197039783000946,0.006197038572281599,
wwh2eio6,R_ref,2,231,0.0666506439447403,0.0666506439447403,0.06028628349304199,0.26569312810897827,0.19044268131256104,0.2548927366733551,0.24005281925201416,0.04729125276207924,0.004729124717414379,
wwh2eio6,R_ref,2,232,0.06295658648014069,0.06295658648014069,0.050283607095479965,0.2656572163105011,0.15620018541812897,0.26128828525543213,0.25584912300109863,0.04393157735466957,0.0043931580148637295,
wwh2eio6,R_ref,2,233,0.06663127988576889,0.06663127988576889,0.06095021590590477,0.2664545178413391,0.21295416355133057,0.25915420055389404,0.23834457993507385,0.046639710664749146,0.004663972649723291,
wwh2eio6,R_ref,2,234,0.0685243308544159,0.0685243308544159,0.046108782291412354,0.26547789573669434,0.15366122126579285,0.25908276438713074,0.23556126654148102,0.04965994507074356,0.004965994041413069,
wwh2eio6,R_ref,2,235,0.07430119067430496,0.07430119067430496,0.06258366256952286,0.265104204416275,0.1753886342048645,0.2634678781032562,0.22635418176651,0.042309779673814774,0.004230978433042765,
wwh2eio6,R_ref,2,236,0.0777164176106453,0.0777164176106453,0.06150392070412636,0.2655763328075409,0.20312023162841797,0.26554882526397705,0.2732771337032318,0.047282874584198,0.004728288389742374,
wwh2eio6,R_ref,2,237,0.07789833843708038,0.07789833843708038,0.05494501069188118,0.2659369707107544,0.2098594307899475,0.26676616072654724,0.2302345335483551,0.03954943269491196,0.003954943735152483,
wwh2eio6,R_ref,2,238,0.06713893264532089,0.06713893264532089,0.05775204300880432,0.26531875133514404,0.1733328104019165,0.26604750752449036,0.2980007529258728,0.04611286520957947,0.004611286334693432,
wwh2eio6,R_ref,2,239,0.07839810848236084,0.07839810848236084,0.055800747126340866,0.2657494843006134,0.19855904579162598,0.2674980163574219,0.2447526752948761,0.04191695898771286,0.004191695712506771,
wwh2eio6,R_ref,2,240,0.0647614374756813,0.0647614374756813,0.05533815175294876,0.26516833901405334,0.17955952882766724,0.26827746629714966,0.23045819997787476,0.04651007801294327,0.004651007708162069,
wwh2eio6,R_ref,2,241,0.08182615041732788,0.08182615041732788,0.06904980540275574,0.2654567062854767,0.21689248085021973,0.26474159955978394,0.2753262221813202,0.04609155282378197,0.004609155468642712,
wwh2eio6,R_ref,2,242,0.07739772647619247,0.07739772647619247,0.057681214064359665,0.2651539742946625,0.19284208118915558,0.25800299644470215,0.30109065771102905,0.05945732071995735,0.005945732817053795,
wwh2eio6,R_ref,2,243,0.0760023444890976,0.0760023444890976,0.06045563146471977,0.2645098567008972,0.1403592824935913,0.26133888959884644,0.2486938238143921,0.04788241907954216,0.004788242746144533,
wwh2eio6,R_ref,2,244,0.06868790835142136,0.06868790835142136,0.05982983484864235,0.26459750533103943,0.15066947042942047,0.2661200761795044,0.2252557873725891,0.049748558551073074,0.004974856041371822,
wwh2eio6,R_ref,2,245,0.08222245424985886,0.08222245424985886,0.059382081031799316,0.26578545570373535,0.21583159267902374,0.26882269978523254,0.3213318884372711,0.04836845025420189,0.0048368447460234165,
wwh2eio6,R_ref,2,246,0.0633353739976883,0.0633353739976883,0.051110293716192245,0.26507407426834106,0.1407545655965805,0.2722603976726532,0.2688271403312683,0.04515986517071724,0.004515985958278179,
wwh2eio6,R_ref,2,247,0.07025496661663055,0.07025496661663055,0.05665816739201546,0.26642152667045593,0.2012459635734558,0.2667611837387085,0.26775339245796204,0.05211453512310982,0.005211453419178724,
wwh2eio6,R_ref,2,248,0.07506844401359558,0.07506844401359558,0.05765574052929878,0.2641867697238922,0.14239728450775146,0.26967841386795044,0.23839466273784637,0.04665570706129074,0.004665570333600044,
wwh2eio6,R_ref,2,249,0.06845790892839432,0.06845790892839432,0.05976076424121857,0.2671681046485901,0.2224930375814438,0.2676500976085663,0.24966108798980713,0.052137382328510284,0.005213738419115543,
wwh2eio6,R_ref,2,250,0.08611493557691574,0.08611493557691574,0.06226732209324837,0.2642444372177124,0.17197343707084656,0.2718828022480011,0.22352498769760132,0.044286150485277176,0.004428613465279341,
wwh2eio6,R_ref,2,251,0.07826383411884308,0.07826383411884308,0.05371762067079544,0.2662337124347687,0.22330544888973236,0.2715529501438141,0.24233204126358032,0.04530767351388931,0.004530767910182476,
wwh2eio6,R_ref,2,252,0.08382862061262131,0.08382862061262131,0.05996866524219513,0.2647876441478729,0.19379819929599762,0.2755044996738434,0.24856381118297577,0.04600025340914726,0.004600026179105043,
wwh2eio6,R_ref,2,253,0.0728757232427597,0.0728757232427597,0.05883822962641716,0.2664918303489685,0.22526223957538605,0.27847355604171753,0.2645379900932312,0.03959142044186592,0.003959141671657562,
wwh2eio6,R_ref,2,254,0.07800380885601044,0.07800380885601044,0.05178755521774292,0.2654837965965271,0.18968507647514343,0.2799154222011566,0.2814699113368988,0.04132480546832085,0.004132480826228857,
wwh2eio6,R_ref,2,255,0.07224491238594055,0.07224491238594055,0.05572658032178879,0.26594606041908264,0.19116537272930145,0.2815423607826233,0.24019938707351685,0.042592499405145645,0.004259249661117792,
wwh2eio6,R_ref,2,256,0.08306389302015305,0.08306389302015305,0.060325738042593,0.2659563422203064,0.20912419259548187,0.27953261137008667,0.24771404266357422,0.041162338107824326,0.004116232041269541,
wwh2eio6,R_ref,2,257,0.06544816493988037,0.06544816493988037,0.050370339304208755,0.2658788859844208,0.16478565335273743,0.28142666816711426,0.2679246664047241,0.04253691807389259,0.004253692459315062,
wwh2eio6,R_ref,2,258,0.0791696161031723,0.0791696161031723,0.05429041013121605,0.2671831548213959,0.23491676151752472,0.2818866968154907,0.23011572659015656,0.04518790915608406,0.004518790170550346,
wwh2eio6,R_ref,2,259,0.07693810015916824,0.07693810015916824,0.06287004053592682,0.26436862349510193,0.15837912261486053,0.2792316973209381,0.2806760370731354,0.046786632388830185,0.004678663332015276,
wwh2eio6,R_ref,2,260,0.07244428247213364,0.07244428247213364,0.05382629483938217,0.2657688558101654,0.19089846312999725,0.283069372177124,0.2709803283214569,0.04472900182008743,0.004472899250686169,
wwh2eio6,R_ref,2,261,0.05894491448998451,0.05894491448998451,0.05648035183548927,0.2657061815261841,0.17050868272781372,0.2570744752883911,0.23546788096427917,0.07212905585765839,0.007212907075881958,
wwh2eio6,R_ref,2,262,0.06292765587568283,0.06292765587568283,0.041737012565135956,0.26507091522216797,0.10436119139194489,0.2438390702009201,0.2731071412563324,0.06774528324604034,0.00677452702075243,
wwh2eio6,R_ref,2,263,0.07155267894268036,0.07155267894268036,0.043636225163936615,0.2670176923274994,0.20642171800136566,0.258810430765152,0.22700273990631104,0.05780697986483574,0.005780697800219059,
wwh2eio6,R_ref,2,264,0.08361320197582245,0.08361320197582245,0.052402809262275696,0.2657927870750427,0.20347736775875092,0.26306480169296265,0.2669421434402466,0.06696714460849762,0.006696715019643307,
wwh2eio6,R_ref,2,265,0.08318539708852768,0.08318539708852768,0.05233877897262573,0.26361146569252014,0.13840653002262115,0.27207860350608826,0.2553202509880066,0.05149579048156738,0.00514958007261157,
wwh2eio6,R_ref,2,266,0.07503440231084824,0.07503440231084824,0.0523909293115139,0.26693195104599,0.21387416124343872,0.27785569429397583,0.22238300740718842,0.04454540088772774,0.0044545396231114864,
wwh2eio6,R_ref,2,267,0.0734473466873169,0.0734473466873169,0.04895870015025139,0.2670077979564667,0.2080640196800232,0.27879077196121216,0.2580755650997162,0.05502065643668175,0.005502064246684313,
wwh2eio6,R_ref,2,268,0.06605571508407593,0.06605571508407593,0.048393912613391876,0.266977459192276,0.2072857767343521,0.27208125591278076,0.2336244434118271,0.05992951616644859,0.005992951802909374,
wwh2eio6,R_ref,2,269,0.0665147677063942,0.0665147677063942,0.049817003309726715,0.2666507363319397,0.20120830833911896,0.2791958749294281,0.26168692111968994,0.046814948320388794,0.004681494552642107,
wwh2eio6,R_ref,2,270,0.08239278942346573,0.08239278942346573,0.05142449587583542,0.2656624913215637,0.2002922147512436,0.2851829528808594,0.23486065864562988,0.04835856333374977,0.004835855681449175,
wwh2eio6,R_ref,2,271,0.07653647661209106,0.07653647661209106,0.05326317250728607,0.26652300357818604,0.2193220555782318,0.28223082423210144,0.23327934741973877,0.052285101264715195,0.005228510592132807,
wwh2eio6,R_ref,2,272,0.07965270429849625,0.07965270429849625,0.0562247671186924,0.2652384638786316,0.20148658752441406,0.2849291265010834,0.2416093945503235,0.04571302607655525,0.004571303725242615,
wwh2eio6,R_ref,2,273,0.06707234680652618,0.06707234680652618,0.053633980453014374,0.268392413854599,0.23571982979774475,0.2847062051296234,0.21504785120487213,0.055504389107227325,0.00555043900385499,
wwh2eio6,R_ref,2,274,0.07905643433332443,0.07905643433332443,0.04927390441298485,0.2658916413784027,0.1923448145389557,0.28078052401542664,0.2515133321285248,0.04997571185231209,0.004997571464627981,
wwh2eio6,R_ref,2,275,0.07917005568742752,0.07917005568742752,0.04849594831466675,0.26540157198905945,0.17292162775993347,0.2893383204936981,0.23339203000068665,0.04393288120627403,0.004393288400024176,
wwh2eio6,R_ref,2,276,0.07547269016504288,0.07547269016504288,0.04729502275586128,0.26594534516334534,0.19644910097122192,0.29579904675483704,0.2338511347770691,0.04269150644540787,0.004269151017069817,
wwh2eio6,R_ref,2,277,0.07931169122457504,0.07931169122457504,0.05035083368420601,0.2671526372432709,0.21303002536296844,0.2915118336677551,0.2456865906715393,0.04776383191347122,0.00477638328447938,
wwh2eio6,R_ref,2,278,0.07711835950613022,0.07711835950613022,0.05207797512412071,0.2669541537761688,0.227827787399292,0.2894904613494873,0.25368738174438477,0.04929550737142563,0.004929551854729652,
wwh2eio6,R_ref,2,279,0.05759698152542114,0.05759698152542114,0.04966442286968231,0.26761317253112793,0.18990010023117065,0.28974103927612305,0.27124011516571045,0.04934574291110039,0.004934574011713266,
wwh2eio6,R_ref,2,280,0.06919395178556442,0.06919395178556442,0.06745430827140808,0.2667100131511688,0.2091047316789627,0.2939441502094269,0.25808072090148926,0.047939836978912354,0.00479398388415575,
wwh2eio6,R_ref,2,281,0.06038312986493111,0.06038312986493111,0.05571344494819641,0.2681674659252167,0.22379028797149658,0.29174530506134033,0.23864960670471191,0.05274764820933342,0.0052747647278010845,
wwh2eio6,R_ref,2,282,0.06202849745750427,0.06202849745750427,0.05870881676673889,0.2655465304851532,0.15515519678592682,0.2928580641746521,0.2314957231283188,0.048570964485406876,0.00485709635540843,
wwh2eio6,R_ref,2,283,0.07115676254034042,0.07115676254034042,0.06369045376777649,0.26684704422950745,0.20151816308498383,0.2909300923347473,0.26349109411239624,0.05850881710648537,0.0058508808724582195,
wwh2eio6,R_ref,2,284,0.05847834423184395,0.05847834423184395,0.0594300776720047,0.26835307478904724,0.2152845710515976,0.2944525480270386,0.2681266963481903,0.04854082316160202,0.004854082129895687,
wwh2eio6,R_ref,2,285,0.08522464334964752,0.08522464334964752,0.04908883944153786,0.2666630148887634,0.20723913609981537,0.2929486334323883,0.23447827994823456,0.06004471704363823,0.006004470866173506,
wwh2eio6,R_ref,2,286,0.07647892087697983,0.07647892087697983,0.047491490840911865,0.26620131731033325,0.19718308746814728,0.2875671088695526,0.2115151435136795,0.054034288972616196,0.005403428804129362,
wwh2eio6,R_ref,2,287,0.05815471336245537,0.05815471336245537,0.04888133332133293,0.26765957474708557,0.20113423466682434,0.2952895164489746,0.23005326092243195,0.05173393338918686,0.005173392593860626,
wwh2eio6,R_ref,2,288,0.07060042768716812,0.07060042768716812,0.0600302591919899,0.2675413489341736,0.21316425502300262,0.29705703258514404,0.2354568988084793,0.046619683504104614,0.0046619693748652935,
wwh2eio6,R_ref,2,289,0.06402857601642609,0.06402857601642609,0.059395574033260345,0.2660672068595886,0.181318461894989,0.2981345057487488,0.28271594643592834,0.052355118095874786,0.005235511809587479,
wwh2eio6,R_ref,2,290,0.061403390020132065,0.061403390020132065,0.054135702550411224,0.2682136297225952,0.2165793776512146,0.2911601960659027,0.23738060891628265,0.059930503368377686,0.005993051454424858,
wwh2eio6,R_ref,2,291,0.06908061355352402,0.06908061355352402,0.050709933042526245,0.26677384972572327,0.186826691031456,0.28632646799087524,0.26270806789398193,0.0698033943772316,0.006980338133871555,
wwh2eio6,R_ref,2,292,0.057466547936201096,0.057466547936201096,0.04690859466791153,0.2664659023284912,0.16680538654327393,0.27109798789024353,0.26238957047462463,0.0637565478682518,0.006375654134899378,
wwh2eio6,R_ref,2,293,0.07734363526105881,0.07734363526105881,0.05277332291007042,0.2669266164302826,0.2258586287498474,0.2853343188762665,0.2840985357761383,0.06207713112235069,0.006207713857293129,
wwh2eio6,R_ref,2,294,0.0720159187912941,0.0720159187912941,0.04812205210328102,0.26794201135635376,0.20054297149181366,0.29687291383743286,0.25025126338005066,0.05291193723678589,0.005291194189339876,
wwh2eio6,R_ref,2,295,0.055622562766075134,0.055622562766075134,0.04974954575300217,0.2684101164340973,0.19866956770420074,0.30236780643463135,0.2553945779800415,0.04341399669647217,0.004341399762779474,
wwh2eio6,R_ref,2,296,0.06946408748626709,0.06946408748626709,0.04906180873513222,0.26719221472740173,0.18426601588726044,0.29880109429359436,0.23421016335487366,0.05157187581062317,0.005157186649739742,
wwh2eio6,R_ref,2,297,0.05803879350423813,0.05803879350423813,0.054070375859737396,0.26719748973846436,0.1785593181848526,0.30064594745635986,0.2635929584503174,0.04516930878162384,0.004516930319368839,
wwh2eio6,R_ref,2,298,0.06362830847501755,0.06362830847501755,0.05968933552503586,0.2679305970668793,0.22630588710308075,0.308179646730423,0.24386048316955566,0.04106290638446808,0.004106291104108095,
wwh2eio6,R_ref,2,299,0.05809571593999863,0.05809571593999863,0.05389649048447609,0.2672531306743622,0.18791233003139496,0.30707934498786926,0.27369821071624756,0.047893986105918884,0.004789398051798344,
wwh2eio6,R_ref,2,300,,,,,,,0.23087438941001892,,,
wwh2eio6,R_ref,2,301,,,,,,,0.23624511063098907,,,
wwh2eio6,R_ref,2,302,,,,,,,0.2702026665210724,,,
wwh2eio6,R_ref,2,303,,,,,,,0.25211721658706665,,,
wwh2eio6,R_ref,2,304,,,,,,,0.24349364638328552,,,
wwh2eio6,R_ref,2,305,,,,,,,0.2301127314567566,,,
wwh2eio6,R_ref,2,306,,,,,,,0.2290867120027542,,,
wwh2eio6,R_ref,2,307,,,,,,,0.24908536672592163,,,
wwh2eio6,R_ref,2,308,,,,,,,0.23288990557193756,,,
wwh2eio6,R_ref,2,309,,,,,,,0.2520185708999634,,,
wwh2eio6,R_ref,2,310,,,,,,,0.2125844806432724,,,
wwh2eio6,R_ref,2,311,,,,,,,0.2286899834871292,,,
wwh2eio6,R_ref,2,312,,,,,,,0.283425897359848,,,
wwh2eio6,R_ref,2,313,,,,,,,0.26736095547676086,,,
wwh2eio6,R_ref,2,314,,,,,,,0.26434090733528137,,,
wwh2eio6,R_ref,2,315,,,,,,,0.2554715871810913,,,
wwh2eio6,R_ref,2,316,,,,,,,0.2644461393356323,,,
wwh2eio6,R_ref,2,317,,,,,,,0.2188342809677124,,,
wwh2eio6,R_ref,2,318,,,,,,,0.27131980657577515,,,
wwh2eio6,R_ref,2,319,,,,,,,0.2446214109659195,,,
wwh2eio6,R_ref,2,320,,,,,,,0.29665517807006836,,,
wwh2eio6,R_ref,2,321,,,,,,,0.23248831927776337,,,
wwh2eio6,R_ref,2,322,,,,,,,0.24801798164844513,,,
wwh2eio6,R_ref,2,323,,,,,,,0.24285370111465454,,,
wwh2eio6,R_ref,2,324,,,,,,,0.2608693540096283,,,
wwh2eio6,R_ref,2,325,,,,,,,0.25597891211509705,,,
wwh2eio6,R_ref,2,326,,,,,,,0.26204490661621094,,,
wwh2eio6,R_ref,2,327,,,,,,,0.22303107380867004,,,
wwh2eio6,R_ref,2,328,,,,,,,0.25053852796554565,,,
wwh2eio6,R_ref,2,329,,,,,,,0.22445259988307953,,,
wwh2eio6,R_ref,2,330,,,,,,,0.23090526461601257,,,
wwh2eio6,R_ref,2,331,,,,,,,0.27904680371284485,,,
wwh2eio6,R_ref,2,332,,,,,,,0.23162733018398285,,,
wwh2eio6,R_ref,2,333,,,,,,,0.2546536922454834,,,
wwh2eio6,R_ref,2,334,,,,,,,0.24293214082717896,,,
wwh2eio6,R_ref,2,335,,,,,,,0.23003831505775452,,,
wwh2eio6,R_ref,2,336,,,,,,,0.24930019676685333,,,
wwh2eio6,R_ref,2,337,,,,,,,0.2754824161529541,,,
wwh2eio6,R_ref,2,338,,,,,,,0.25204211473464966,,,
wwh2eio6,R_ref,2,339,,,,,,,0.24449138343334198,,,
wwh2eio6,R_ref,2,340,,,,,,,0.24936771392822266,,,
wwh2eio6,R_ref,2,341,,,,,,,0.23035921156406403,,,
wwh2eio6,R_ref,2,342,,,,,,,0.31492066383361816,,,
wwh2eio6,R_ref,2,343,,,,,,,0.26558542251586914,,,
wwh2eio6,R_ref,2,344,,,,,,,0.2945645749568939,,,
wwh2eio6,R_ref,2,345,,,,,,,0.25151780247688293,,,
wwh2eio6,R_ref,2,346,,,,,,,0.26068514585494995,,,
wwh2eio6,R_ref,2,347,,,,,,,0.22463545203208923,,,
wwh2eio6,R_ref,2,348,,,,,,,0.2874552309513092,,,
wwh2eio6,R_ref,2,349,,,,,,,0.26471030712127686,,,
wwh2eio6,R_ref,2,350,,,,,,,0.2612338960170746,,,
wwh2eio6,R_ref,2,351,,,,,,,0.22107483446598053,,,
wwh2eio6,R_ref,2,352,,,,,,,0.2401469647884369,,,
wwh2eio6,R_ref,2,353,,,,,,,0.22688113152980804,,,
wwh2eio6,R_ref,2,354,,,,,,,0.2173658162355423,,,
wwh2eio6,R_ref,2,355,,,,,,,0.22956959903240204,,,
wwh2eio6,R_ref,2,356,,,,,,,0.25053179264068604,,,
wwh2eio6,R_ref,2,357,,,,,,,0.283189594745636,,,
wwh2eio6,R_ref,2,358,,,,,,,0.2642548084259033,,,
wwh2eio6,R_ref,2,359,,,,,,,0.29069581627845764,,,
wwh2eio6,R_ref,2,360,,,,,,,0.2641659080982208,,,
wwh2eio6,R_ref,2,361,,,,,,,0.2824452519416809,,,
wwh2eio6,R_ref,2,362,,,,,,,0.27297937870025635,,,
wwh2eio6,R_ref,2,363,,,,,,,0.23987862467765808,,,
wwh2eio6,R_ref,2,364,,,,,,,0.24725022912025452,,,
wwh2eio6,R_ref,2,365,,,,,,,0.2648259401321411,,,
wwh2eio6,R_ref,2,366,,,,,,,0.24646824598312378,,,
wwh2eio6,R_ref,2,367,,,,,,,0.26854705810546875,,,
wwh2eio6,R_ref,2,368,,,,,,,0.24500806629657745,,,
wwh2eio6,R_ref,2,369,,,,,,,0.27354317903518677,,,
wwh2eio6,R_ref,2,370,,,,,,,0.2989366352558136,,,
wwh2eio6,R_ref,2,371,,,,,,,0.22946034371852875,,,
wwh2eio6,R_ref,2,372,,,,,,,0.259993314743042,,,
wwh2eio6,R_ref,2,373,,,,,,,0.2617422640323639,,,
wwh2eio6,R_ref,2,374,,,,,,,0.3035171627998352,,,
wwh2eio6,R_ref,2,375,,,,,,,0.24528086185455322,,,
wwh2eio6,R_ref,2,376,,,,,,,0.2583751380443573,,,
wwh2eio6,R_ref,2,377,,,,,,,0.2481566071510315,,,
wwh2eio6,R_ref,2,378,,,,,,,0.25278928875923157,,,
wwh2eio6,R_ref,2,379,,,,,,,0.2433805614709854,,,
wwh2eio6,R_ref,2,380,,,,,,,0.2602158486843109,,,
wwh2eio6,R_ref,2,381,,,,,,,0.22987790405750275,,,
wwh2eio6,R_ref,2,382,,,,,,,0.2667541205883026,,,
wwh2eio6,R_ref,2,383,,,,,,,0.23084452748298645,,,
wwh2eio6,R_ref,2,384,,,,,,,0.22144606709480286,,,
wwh2eio6,R_ref,2,385,,,,,,,0.26424795389175415,,,
wwh2eio6,R_ref,2,386,,,,,,,0.21960359811782837,,,
wwh2eio6,R_ref,2,387,,,,,,,0.21620388329029083,,,
wwh2eio6,R_ref,2,388,,,,,,,0.25562208890914917,,,
wwh2eio6,R_ref,2,389,,,,,,,0.22909751534461975,,,
wwh2eio6,R_ref,2,390,,,,,,,0.26151999831199646,,,
wwh2eio6,R_ref,2,391,,,,,,,0.2268756777048111,,,
wwh2eio6,R_ref,2,392,,,,,,,0.2349352389574051,,,
wwh2eio6,R_ref,2,393,,,,,,,0.27550145983695984,,,
wwh2eio6,R_ref,2,394,,,,,,,0.24728471040725708,,,
wwh2eio6,R_ref,2,395,,,,,,,0.25052574276924133,,,
wwh2eio6,R_ref,2,396,,,,,,,0.2500864863395691,,,
wwh2eio6,R_ref,2,397,,,,,,,0.23091277480125427,,,
wwh2eio6,R_ref,2,398,,,,,,,0.2383406013250351,,,
wwh2eio6,R_ref,2,399,,,,,,,0.2403414398431778,,,
wwh2eio6,R_ref,2,400,,,,,,,0.2536378800868988,,,
wwh2eio6,R_ref,2,401,,,,,,,0.25585851073265076,,,
wwh2eio6,R_ref,2,402,,,,,,,0.23076489567756653,,,
wwh2eio6,R_ref,2,403,,,,,,,0.25999313592910767,,,
wwh2eio6,R_ref,2,404,,,,,,,0.23242050409317017,,,
wwh2eio6,R_ref,2,405,,,,,,,0.2418370246887207,,,
wwh2eio6,R_ref,2,406,,,,,,,0.25633183121681213,,,
wwh2eio6,R_ref,2,407,,,,,,,0.22932614386081696,,,
wwh2eio6,R_ref,2,408,,,,,,,0.276652067899704,,,
wwh2eio6,R_ref,2,409,,,,,,,0.2633289098739624,,,
wwh2eio6,R_ref,2,410,,,,,,,0.2807203531265259,,,
wwh2eio6,R_ref,2,411,,,,,,,0.2506794035434723,,,
wwh2eio6,R_ref,2,412,,,,,,,0.20649969577789307,,,
wwh2eio6,R_ref,2,413,,,,,,,0.29436561465263367,,,
wwh2eio6,R_ref,2,414,,,,,,,0.2625402510166168,,,
wwh2eio6,R_ref,2,415,,,,,,,0.24944446980953217,,,
wwh2eio6,R_ref,2,416,,,,,,,0.2322770357131958,,,
wwh2eio6,R_ref,2,417,,,,,,,0.23884813487529755,,,
wwh2eio6,R_ref,2,418,,,,,,,0.227456197142601,,,
wwh2eio6,R_ref,2,419,,,,,,,0.27123257517814636,,,
wwh2eio6,R_ref,2,420,,,,,,,0.26327288150787354,,,
wwh2eio6,R_ref,2,421,,,,,,,0.26407450437545776,,,
wwh2eio6,R_ref,2,422,,,,,,,0.2353002429008484,,,
wwh2eio6,R_ref,2,423,,,,,,,0.2234024703502655,,,
wwh2eio6,R_ref,2,424,,,,,,,0.27058255672454834,,,
wwh2eio6,R_ref,2,425,,,,,,,0.29057273268699646,,,
wwh2eio6,R_ref,2,426,,,,,,,0.26615411043167114,,,
wwh2eio6,R_ref,2,427,,,,,,,0.26005637645721436,,,
wwh2eio6,R_ref,2,428,,,,,,,0.254490464925766,,,
wwh2eio6,R_ref,2,429,,,,,,,0.24545465409755707,,,
wwh2eio6,R_ref,2,430,,,,,,,0.28041574358940125,,,
wwh2eio6,R_ref,2,431,,,,,,,0.24801291525363922,,,
wwh2eio6,R_ref,2,432,,,,,,,0.23304778337478638,,,
wwh2eio6,R_ref,2,433,,,,,,,0.2482500523328781,,,
wwh2eio6,R_ref,2,434,,,,,,,0.21701966226100922,,,
wwh2eio6,R_ref,2,435,,,,,,,0.22952115535736084,,,
wwh2eio6,R_ref,2,436,,,,,,,0.22129428386688232,,,
wwh2eio6,R_ref,2,437,,,,,,,0.26558735966682434,,,
wwh2eio6,R_ref,2,438,,,,,,,0.25686830282211304,,,
wwh2eio6,R_ref,2,439,,,,,,,0.23447082936763763,,,
wwh2eio6,R_ref,2,440,,,,,,,0.26937204599380493,,,
wwh2eio6,R_ref,2,441,,,,,,,0.24247145652770996,,,
wwh2eio6,R_ref,2,442,,,,,,,0.2477594017982483,,,
wwh2eio6,R_ref,2,443,,,,,,,0.25657299160957336,,,
wwh2eio6,R_ref,2,444,,,,,,,0.2430877983570099,,,
wwh2eio6,R_ref,2,445,,,,,,,0.21311365067958832,,,
wwh2eio6,R_ref,2,446,,,,,,,0.24643349647521973,,,
wwh2eio6,R_ref,2,447,,,,,,,0.2541954517364502,,,
wwh2eio6,R_ref,2,448,,,,,,,0.2388698160648346,,,
wwh2eio6,R_ref,2,449,,,,,,,0.2674330770969391,,,
wwh2eio6,R_ref,2,450,,,,,,,0.24422666430473328,,,
wwh2eio6,R_ref,2,451,,,,,,,0.25762131810188293,,,
wwh2eio6,R_ref,2,452,,,,,,,0.2613599896430969,,,
wwh2eio6,R_ref,2,453,,,,,,,0.2614794671535492,,,
wwh2eio6,R_ref,2,454,,,,,,,0.268970787525177,,,
wwh2eio6,R_ref,2,455,,,,,,,0.2799060344696045,,,
wwh2eio6,R_ref,2,456,,,,,,,0.23183731734752655,,,
wwh2eio6,R_ref,2,457,,,,,,,0.2505837380886078,,,
wwh2eio6,R_ref,2,458,,,,,,,0.2409367859363556,,,
wwh2eio6,R_ref,2,459,,,,,,,0.26283925771713257,,,
wwh2eio6,R_ref,2,460,,,,,,,0.2645217478275299,,,
wwh2eio6,R_ref,2,461,,,,,,,0.2927777171134949,,,
wwh2eio6,R_ref,2,462,,,,,,,0.24533088505268097,,,
wwh2eio6,R_ref,2,463,,,,,,,0.2561952471733093,,,
wwh2eio6,R_ref,2,464,,,,,,,0.2382226139307022,,,
wwh2eio6,R_ref,2,465,,,,,,,0.27867549657821655,,,
wwh2eio6,R_ref,2,466,,,,,,,0.2611057460308075,,,
wwh2eio6,R_ref,2,467,,,,,,,0.25032344460487366,,,
wwh2eio6,R_ref,2,468,,,,,,,0.2873845100402832,,,
wwh2eio6,R_ref,2,469,,,,,,,0.21881133317947388,,,
wwh2eio6,R_ref,2,470,,,,,,,0.21050889790058136,,,
wwh2eio6,R_ref,2,471,,,,,,,0.27759116888046265,,,
wwh2eio6,R_ref,2,472,,,,,,,0.22795020043849945,,,
wwh2eio6,R_ref,2,473,,,,,,,0.2419067621231079,,,
wwh2eio6,R_ref,2,474,,,,,,,0.2938881814479828,,,
wwh2eio6,R_ref,2,475,,,,,,,0.2626534402370453,,,
wwh2eio6,R_ref,2,476,,,,,,,0.24874792993068695,,,
wwh2eio6,R_ref,2,477,,,,,,,0.24680954217910767,,,
wwh2eio6,R_ref,2,478,,,,,,,0.248625710606575,,,
wwh2eio6,R_ref,2,479,,,,,,,0.24658773839473724,,,
wwh2eio6,R_ref,2,480,,,,,,,0.2536754608154297,,,
wwh2eio6,R_ref,2,481,,,,,,,0.23570863902568817,,,
wwh2eio6,R_ref,2,482,,,,,,,0.23758792877197266,,,
wwh2eio6,R_ref,2,483,,,,,,,0.26192405819892883,,,
wwh2eio6,R_ref,2,484,,,,,,,0.23867692053318024,,,
wwh2eio6,R_ref,2,485,,,,,,,0.21715502440929413,,,
wwh2eio6,R_ref,2,486,,,,,,,0.2088179886341095,,,
wwh2eio6,R_ref,2,487,,,,,,,0.2327529340982437,,,
wwh2eio6,R_ref,2,488,,,,,,,0.259179949760437,,,
wwh2eio6,R_ref,2,489,,,,,,,0.2555032968521118,,,
wwh2eio6,R_ref,2,490,,,,,,,0.23487497866153717,,,
wwh2eio6,R_ref,2,491,,,,,,,0.20486871898174286,,,
wwh2eio6,R_ref,2,492,,,,,,,0.27013373374938965,,,
wwh2eio6,R_ref,2,493,,,,,,,0.2508922517299652,,,
wwh2eio6,R_ref,2,494,,,,,,,0.23786881566047668,,,
wwh2eio6,R_ref,2,495,,,,,,,0.28136253356933594,,,
wwh2eio6,R_ref,2,496,,,,,,,0.3261352479457855,,,
wwh2eio6,R_ref,2,497,,,,,,,0.24368344247341156,,,
wwh2eio6,R_ref,2,498,,,,,,,0.24931439757347107,,,
wwh2eio6,R_ref,2,499,,,,,,,0.2544623613357544,,,
wwh2eio6,R_ref,2,500,,,,,,,0.26991888880729675,,,
wwh2eio6,R_ref,2,501,,,,,,,0.24336767196655273,,,
wwh2eio6,R_ref,2,502,,,,,,,0.23469527065753937,,,
wwh2eio6,R_ref,2,503,,,,,,,0.2526685893535614,,,
wwh2eio6,R_ref,2,504,,,,,,,0.23651736974716187,,,
wwh2eio6,R_ref,2,505,,,,,,,0.2437608540058136,,,
wwh2eio6,R_ref,2,506,,,,,,,0.24091216921806335,,,
wwh2eio6,R_ref,2,507,,,,,,,0.2928388714790344,,,
wwh2eio6,R_ref,2,508,,,,,,,0.2317943423986435,,,
wwh2eio6,R_ref,2,509,,,,,,,0.22864466905593872,,,
wwh2eio6,R_ref,2,510,,,,,,,0.25989338755607605,,,
wwh2eio6,R_ref,2,511,,,,,,,0.26669052243232727,,,
wwh2eio6,R_ref,2,512,,,,,,,0.25536707043647766,,,
wwh2eio6,R_ref,2,513,,,,,,,0.2633056342601776,,,
wwh2eio6,R_ref,2,514,,,,,,,0.261057585477829,,,
wwh2eio6,R_ref,2,515,,,,,,,0.22837130725383759,,,
wwh2eio6,R_ref,2,516,,,,,,,0.2256309986114502,,,
wwh2eio6,R_ref,2,517,,,,,,,0.24095550179481506,,,
wwh2eio6,R_ref,2,518,,,,,,,0.27573877573013306,,,
wwh2eio6,R_ref,2,519,,,,,,,0.2581133544445038,,,
wwh2eio6,R_ref,2,520,,,,,,,0.23162582516670227,,,
wwh2eio6,R_ref,2,521,,,,,,,0.25377407670021057,,,
wwh2eio6,R_ref,2,522,,,,,,,0.2588173747062683,,,
wwh2eio6,R_ref,2,523,,,,,,,0.28247857093811035,,,
wwh2eio6,R_ref,2,524,,,,,,,0.2651301622390747,,,
wwh2eio6,R_ref,2,525,,,,,,,0.2703079283237457,,,
wwh2eio6,R_ref,2,526,,,,,,,0.2612413465976715,,,
wwh2eio6,R_ref,2,527,,,,,,,0.22142697870731354,,,
wwh2eio6,R_ref,2,528,,,,,,,0.24963468313217163,,,
wwh2eio6,R_ref,2,529,,,,,,,0.23679786920547485,,,
wwh2eio6,R_ref,2,530,,,,,,,0.24263671040534973,,,
wwh2eio6,R_ref,2,531,,,,,,,0.2657911777496338,,,
wwh2eio6,R_ref,2,532,,,,,,,0.2803310453891754,,,
wwh2eio6,R_ref,2,533,,,,,,,0.23969629406929016,,,
wwh2eio6,R_ref,2,534,,,,,,,0.2966803014278412,,,
wwh2eio6,R_ref,2,535,,,,,,,0.26344120502471924,,,
wwh2eio6,R_ref,2,536,,,,,,,0.26622194051742554,,,
wwh2eio6,R_ref,2,537,,,,,,,0.23366506397724152,,,
wwh2eio6,R_ref,2,538,,,,,,,0.2245962917804718,,,
wwh2eio6,R_ref,2,539,,,,,,,0.2513977587223053,,,
wwh2eio6,R_ref,2,540,,,,,,,0.2661984860897064,,,
wwh2eio6,R_ref,2,541,,,,,,,0.2553294003009796,,,
wwh2eio6,R_ref,2,542,,,,,,,0.25565922260284424,,,
wwh2eio6,R_ref,2,543,,,,,,,0.22902953624725342,,,
wwh2eio6,R_ref,2,544,,,,,,,0.26141422986984253,,,
wwh2eio6,R_ref,2,545,,,,,,,0.2601005434989929,,,
wwh2eio6,R_ref,2,546,,,,,,,0.25176653265953064,,,
wwh2eio6,R_ref,2,547,,,,,,,0.23871730268001556,,,
wwh2eio6,R_ref,2,548,,,,,,,0.2949519157409668,,,
wwh2eio6,R_ref,2,549,,,,,,,0.2521764636039734,,,
wwh2eio6,R_ref,2,550,,,,,,,0.2601233720779419,,,
wwh2eio6,R_ref,2,551,,,,,,,0.2330743670463562,,,
wwh2eio6,R_ref,2,552,,,,,,,0.22668641805648804,,,
wwh2eio6,R_ref,2,553,,,,,,,0.24496418237686157,,,
wwh2eio6,R_ref,2,554,,,,,,,0.24951083958148956,,,
wwh2eio6,R_ref,2,555,,,,,,,0.21320536732673645,,,
wwh2eio6,R_ref,2,556,,,,,,,0.2728733420372009,,,
wwh2eio6,R_ref,2,557,,,,,,,0.2367950826883316,,,
wwh2eio6,R_ref,2,558,,,,,,,0.23729512095451355,,,
wwh2eio6,R_ref,2,559,,,,,,,0.2447175830602646,,,
wwh2eio6,R_ref,2,560,,,,,,,0.21021941304206848,,,
wwh2eio6,R_ref,2,561,,,,,,,0.21542125940322876,,,
wwh2eio6,R_ref,2,562,,,,,,,0.2646581828594208,,,
wwh2eio6,R_ref,2,563,,,,,,,0.21757321059703827,,,
wwh2eio6,R_ref,2,564,,,,,,,0.22868892550468445,,,
wwh2eio6,R_ref,2,565,,,,,,,0.2695300579071045,,,
wwh2eio6,R_ref,2,566,,,,,,,0.2563154399394989,,,
wwh2eio6,R_ref,2,567,,,,,,,0.25710320472717285,,,
wwh2eio6,R_ref,2,568,,,,,,,0.22159232199192047,,,
wwh2eio6,R_ref,2,569,,,,,,,0.25302186608314514,,,
wwh2eio6,R_ref,2,570,,,,,,,0.23912806808948517,,,
wwh2eio6,R_ref,2,571,,,,,,,0.25332754850387573,,,
wwh2eio6,R_ref,2,572,,,,,,,0.23011256754398346,,,
wwh2eio6,R_ref,2,573,,,,,,,0.22132202982902527,,,
wwh2eio6,R_ref,2,574,,,,,,,0.25451287627220154,,,
wwh2eio6,R_ref,2,575,,,,,,,0.2477995753288269,,,
wwh2eio6,R_ref,2,576,,,,,,,0.22404874861240387,,,
wwh2eio6,R_ref,2,577,,,,,,,0.2539985179901123,,,
wwh2eio6,R_ref,2,578,,,,,,,0.2487190067768097,,,
wwh2eio6,R_ref,2,579,,,,,,,0.2662656307220459,,,
wwh2eio6,R_ref,2,580,,,,,,,0.22287015616893768,,,
wwh2eio6,R_ref,2,581,,,,,,,0.20671996474266052,,,
wwh2eio6,R_ref,2,582,,,,,,,0.24587838351726532,,,
wwh2eio6,R_ref,2,583,,,,,,,0.20604023337364197,,,
wwh2eio6,R_ref,2,584,,,,,,,0.2806224524974823,,,
wwh2eio6,R_ref,2,585,,,,,,,0.2411327213048935,,,
wwh2eio6,R_ref,2,586,,,,,,,0.2684902846813202,,,
wwh2eio6,R_ref,2,587,,,,,,,0.2692307233810425,,,
wwh2eio6,R_ref,2,588,,,,,,,0.2628799080848694,,,
wwh2eio6,R_ref,2,589,,,,,,,0.2220936268568039,,,
wwh2eio6,R_ref,2,590,,,,,,,0.23353202641010284,,,
wwh2eio6,R_ref,2,591,,,,,,,0.2300696223974228,,,
wwh2eio6,R_ref,2,592,,,,,,,0.23900999128818512,,,
wwh2eio6,R_ref,2,593,,,,,,,0.2595382630825043,,,
wwh2eio6,R_ref,2,594,,,,,,,0.23377059400081635,,,
wwh2eio6,R_ref,2,595,,,,,,,0.23433701694011688,,,
wwh2eio6,R_ref,2,596,,,,,,,0.25836265087127686,,,
wwh2eio6,R_ref,2,597,,,,,,,0.26369351148605347,,,
wwh2eio6,R_ref,2,598,,,,,,,0.23447300493717194,,,
wwh2eio6,R_ref,2,599,,,,,,,0.22017985582351685,,,
wwh2eio6,R_ref,2,600,,,,,,,0.237884521484375,,,
wwh2eio6,R_ref,2,601,,,,,,,0.2645246088504791,,,
wwh2eio6,R_ref,2,602,,,,,,,0.24918800592422485,,,
wwh2eio6,R_ref,2,603,,,,,,,0.2887183725833893,,,
wwh2eio6,R_ref,2,604,,,,,,,0.26610320806503296,,,
wwh2eio6,R_ref,2,605,,,,,,,0.2750372886657715,,,
wwh2eio6,R_ref,2,606,,,,,,,0.25608837604522705,,,
wwh2eio6,R_ref,2,607,,,,,,,0.23567748069763184,,,
wwh2eio6,R_ref,2,608,,,,,,,0.24630044400691986,,,
wwh2eio6,R_ref,2,609,,,,,,,0.2562745213508606,,,
wwh2eio6,R_ref,2,610,,,,,,,0.22999952733516693,,,
wwh2eio6,R_ref,2,611,,,,,,,0.2582150399684906,,,
wwh2eio6,R_ref,2,612,,,,,,,0.2392309457063675,,,
wwh2eio6,R_ref,2,613,,,,,,,0.2472681701183319,,,
wwh2eio6,R_ref,2,614,,,,,,,0.2414069026708603,,,
wwh2eio6,R_ref,2,615,,,,,,,0.22122293710708618,,,
wwh2eio6,R_ref,2,616,,,,,,,0.23228628933429718,,,
wwh2eio6,R_ref,2,617,,,,,,,0.2637156844139099,,,
wwh2eio6,R_ref,2,618,,,,,,,0.2492203563451767,,,
wwh2eio6,R_ref,2,619,,,,,,,0.24869966506958008,,,
wwh2eio6,R_ref,2,620,,,,,,,0.2545577883720398,,,
wwh2eio6,R_ref,2,621,,,,,,,0.2444782704114914,,,
wwh2eio6,R_ref,2,622,,,,,,,0.280610054731369,,,
wwh2eio6,R_ref,2,623,,,,,,,0.29256993532180786,,,
wwh2eio6,R_ref,2,624,,,,,,,0.25079622864723206,,,
wwh2eio6,R_ref,2,625,,,,,,,0.22498798370361328,,,
wwh2eio6,R_ref,2,626,,,,,,,0.2511653006076813,,,
wwh2eio6,R_ref,2,627,,,,,,,0.22406530380249023,,,
wwh2eio6,R_ref,2,628,,,,,,,0.27363061904907227,,,
wwh2eio6,R_ref,2,629,,,,,,,0.270240843296051,,,
wwh2eio6,R_ref,2,630,,,,,,,0.24690808355808258,,,
wwh2eio6,R_ref,2,631,,,,,,,0.2642938792705536,,,
wwh2eio6,R_ref,2,632,,,,,,,0.26156434416770935,,,
wwh2eio6,R_ref,2,633,,,,,,,0.22537410259246826,,,
wwh2eio6,R_ref,2,634,,,,,,,0.23625494539737701,,,
wwh2eio6,R_ref,2,635,,,,,,,0.24393905699253082,,,
wwh2eio6,R_ref,2,636,,,,,,,0.2085866779088974,,,
wwh2eio6,R_ref,2,637,,,,,,,0.21872660517692566,,,
wwh2eio6,R_ref,2,638,,,,,,,0.23260502517223358,,,
wwh2eio6,R_ref,2,639,,,,,,,0.24728810787200928,,,
wwh2eio6,R_ref,2,640,,,,,,,0.26105955243110657,,,
wwh2eio6,R_ref,2,641,,,,,,,0.22652293741703033,,,
wwh2eio6,R_ref,2,642,,,,,,,0.2491948902606964,,,
wwh2eio6,R_ref,2,643,,,,,,,0.2533542215824127,,,
wwh2eio6,R_ref,2,644,,,,,,,0.2370116114616394,,,
wwh2eio6,R_ref,2,645,,,,,,,0.2580721378326416,,,
wwh2eio6,R_ref,2,646,,,,,,,0.26420336961746216,,,
wwh2eio6,R_ref,2,647,,,,,,,0.22252410650253296,,,
wwh2eio6,R_ref,2,648,,,,,,,0.2723137438297272,,,
wwh2eio6,R_ref,2,649,,,,,,,0.25530338287353516,,,
wwh2eio6,R_ref,2,650,,,,,,,0.2468375265598297,,,
wwh2eio6,R_ref,2,651,,,,,,,0.24567653238773346,,,
wwh2eio6,R_ref,2,652,,,,,,,0.24399074912071228,,,
wwh2eio6,R_ref,2,653,,,,,,,0.22380724549293518,,,
wwh2eio6,R_ref,2,654,,,,,,,0.24213317036628723,,,
wwh2eio6,R_ref,2,655,,,,,,,0.26996859908103943,,,
wwh2eio6,R_ref,2,656,,,,,,,0.25367990136146545,,,
wwh2eio6,R_ref,2,657,,,,,,,0.23926259577274323,,,
wwh2eio6,R_ref,2,658,,,,,,,0.25802960991859436,,,
wwh2eio6,R_ref,2,659,,,,,,,0.25953829288482666,,,
wwh2eio6,R_ref,2,660,,,,,,,0.23270390927791595,,,
wwh2eio6,R_ref,2,661,,,,,,,0.2509918808937073,,,
wwh2eio6,R_ref,2,662,,,,,,,0.24131156504154205,,,
wwh2eio6,R_ref,2,663,,,,,,,0.24131156504154205,,,
wwh2eio6,R_ref,2,664,,,,,,,0.22852008044719696,,,
wwh2eio6,R_ref,2,665,,,,,,,0.24444852769374847,,,
wwh2eio6,R_ref,2,666,,,,,,,0.26697033643722534,,,
wwh2eio6,R_ref,2,667,,,,,,,0.23711040616035461,,,
wwh2eio6,R_ref,2,668,,,,,,,0.2596370577812195,,,
wwh2eio6,R_ref,2,669,,,,,,,0.2637261152267456,,,
wwh2eio6,R_ref,2,670,,,,,,,0.25052887201309204,,,
wwh2eio6,R_ref,2,671,,,,,,,0.26669320464134216,,,
wwh2eio6,R_ref,2,672,,,,,,,0.25124868750572205,,,
wwh2eio6,R_ref,2,673,,,,,,,0.23247580230236053,,,
wwh2eio6,R_ref,2,674,,,,,,,0.26695194840431213,,,
wwh2eio6,R_ref,2,675,,,,,,,0.28256314992904663,,,
wwh2eio6,R_ref,2,676,,,,,,,0.2349332869052887,,,
wwh2eio6,R_ref,2,677,,,,,,,0.22781097888946533,,,
wwh2eio6,R_ref,2,678,,,,,,,0.2516162693500519,,,
wwh2eio6,R_ref,2,679,,,,,,,0.27509984374046326,,,
wwh2eio6,R_ref,2,680,,,,,,,0.2622654139995575,,,
wwh2eio6,R_ref,2,681,,,,,,,0.2340105175971985,,,
wwh2eio6,R_ref,2,682,,,,,,,0.23653756082057953,,,
wwh2eio6,R_ref,2,683,,,,,,,0.2769375145435333,,,
wwh2eio6,R_ref,2,684,,,,,,,0.24124805629253387,,,
wwh2eio6,R_ref,2,685,,,,,,,0.2466675341129303,,,
wwh2eio6,R_ref,2,686,,,,,,,0.23316022753715515,,,
wwh2eio6,R_ref,2,687,,,,,,,0.22397834062576294,,,
wwh2eio6,R_ref,2,688,,,,,,,0.24526359140872955,,,
wwh2eio6,R_ref,2,689,,,,,,,0.2540871500968933,,,
wwh2eio6,R_ref,2,690,,,,,,,0.24874529242515564,,,
wwh2eio6,R_ref,2,691,,,,,,,0.2318599373102188,,,
wwh2eio6,R_ref,2,692,,,,,,,0.22072118520736694,,,
wwh2eio6,R_ref,2,693,,,,,,,0.235200434923172,,,
wwh2eio6,R_ref,2,694,,,,,,,0.24531449377536774,,,
wwh2eio6,R_ref,2,695,,,,,,,0.23523417115211487,,,
wwh2eio6,R_ref,2,696,,,,,,,0.22779624164104462,,,
wwh2eio6,R_ref,2,697,,,,,,,0.23451748490333557,,,
wwh2eio6,R_ref,2,698,,,,,,,0.23509757220745087,,,
wwh2eio6,R_ref,2,699,,,,,,,0.22628754377365112,,,
wwh2eio6,R_ref,2,700,,,,,,,0.2400645613670349,,,
wwh2eio6,R_ref,2,701,,,,,,,0.24819418787956238,,,
wwh2eio6,R_ref,2,702,,,,,,,0.2590647041797638,,,
wwh2eio6,R_ref,2,703,,,,,,,0.2520908713340759,,,
wwh2eio6,R_ref,2,704,,,,,,,0.26189884543418884,,,
wwh2eio6,R_ref,2,705,,,,,,,0.27826619148254395,,,
wwh2eio6,R_ref,2,706,,,,,,,0.26294416189193726,,,
wwh2eio6,R_ref,2,707,,,,,,,0.22530189156532288,,,
wwh2eio6,R_ref,2,708,,,,,,,0.24716129899024963,,,
wwh2eio6,R_ref,2,709,,,,,,,0.2534889578819275,,,
wwh2eio6,R_ref,2,710,,,,,,,0.2562640309333801,,,
wwh2eio6,R_ref,2,711,,,,,,,0.2498609572649002,,,
wwh2eio6,R_ref,2,712,,,,,,,0.24108366668224335,,,
wwh2eio6,R_ref,2,713,,,,,,,0.2214631885290146,,,
wwh2eio6,R_ref,2,714,,,,,,,0.24661597609519958,,,
wwh2eio6,R_ref,2,715,,,,,,,0.23241232335567474,,,
wwh2eio6,R_ref,2,716,,,,,,,0.27430281043052673,,,
wwh2eio6,R_ref,2,717,,,,,,,0.22020074725151062,,,
wwh2eio6,R_ref,2,718,,,,,,,0.2304491102695465,,,
wwh2eio6,R_ref,2,719,,,,,,,0.22373154759407043,,,
wwh2eio6,R_ref,2,720,,,,,,,0.24067270755767822,,,
wwh2eio6,R_ref,2,721,,,,,,,0.26331570744514465,,,
wwh2eio6,R_ref,2,722,,,,,,,0.23841147124767303,,,
wwh2eio6,R_ref,2,723,,,,,,,0.24260029196739197,,,
wwh2eio6,R_ref,2,724,,,,,,,0.21318595111370087,,,
wwh2eio6,R_ref,2,725,,,,,,,0.25081968307495117,,,
wwh2eio6,R_ref,2,726,,,,,,,0.21587401628494263,,,
wwh2eio6,R_ref,2,727,,,,,,,0.2737589478492737,,,
wwh2eio6,R_ref,2,728,,,,,,,0.23801346123218536,,,
wwh2eio6,R_ref,2,729,,,,,,,0.23792703449726105,,,
wwh2eio6,R_ref,2,730,,,,,,,0.22141902148723602,,,
wwh2eio6,R_ref,2,731,,,,,,,0.24504630267620087,,,
wwh2eio6,R_ref,2,732,,,,,,,0.27884918451309204,,,
wwh2eio6,R_ref,2,733,,,,,,,0.2429475039243698,,,
wwh2eio6,R_ref,2,734,,,,,,,0.26899203658103943,,,
wwh2eio6,R_ref,2,735,,,,,,,0.24058197438716888,,,
wwh2eio6,R_ref,2,736,,,,,,,0.2623496651649475,,,
wwh2eio6,R_ref,2,737,,,,,,,0.2196856141090393,,,
wwh2eio6,R_ref,2,738,,,,,,,0.250539094209671,,,
wwh2eio6,R_ref,2,739,,,,,,,0.2365649938583374,,,
wwh2eio6,R_ref,2,740,,,,,,,0.2417585700750351,,,
wwh2eio6,R_ref,2,741,,,,,,,0.24506860971450806,,,
wwh2eio6,R_ref,2,742,,,,,,,0.22404180467128754,,,
wwh2eio6,R_ref,2,743,,,,,,,0.2221042364835739,,,
wwh2eio6,R_ref,2,744,,,,,,,0.22341525554656982,,,
wwh2eio6,R_ref,2,745,,,,,,,0.20316293835639954,,,
wwh2eio6,R_ref,2,746,,,,,,,0.22313840687274933,,,
wwh2eio6,R_ref,2,747,,,,,,,0.21207037568092346,,,
wwh2eio6,R_ref,2,748,,,,,,,0.29095593094825745,,,
wwh2eio6,R_ref,2,749,,,,,,,0.23248882591724396,,,
wwh2eio6,R_ref,2,750,,,,,,,0.22894741594791412,,,
wwh2eio6,R_ref,2,751,,,,,,,0.2658139765262604,,,
wwh2eio6,R_ref,2,752,,,,,,,0.22400331497192383,,,
wwh2eio6,R_ref,2,753,,,,,,,0.2368950992822647,,,
wwh2eio6,R_ref,2,754,,,,,,,0.2533688545227051,,,
wwh2eio6,R_ref,2,755,,,,,,,0.2749865651130676,,,
wwh2eio6,R_ref,2,756,,,,,,,0.2513848543167114,,,
wwh2eio6,R_ref,2,757,,,,,,,0.25496459007263184,,,
wwh2eio6,R_ref,2,758,,,,,,,0.24314847588539124,,,
wwh2eio6,R_ref,2,759,,,,,,,0.274161159992218,,,
wwh2eio6,R_ref,2,760,,,,,,,0.2768358588218689,,,
wwh2eio6,R_ref,2,761,,,,,,,0.2306678146123886,,,
wwh2eio6,R_ref,2,762,,,,,,,0.2569452226161957,,,
wwh2eio6,R_ref,2,763,,,,,,,0.25284716486930847,,,
wwh2eio6,R_ref,2,764,,,,,,,0.2582070529460907,,,
wwh2eio6,R_ref,2,765,,,,,,,0.23403915762901306,,,
wwh2eio6,R_ref,2,766,,,,,,,0.21764200925827026,,,
wwh2eio6,R_ref,2,767,,,,,,,0.2452889084815979,,,
wwh2eio6,R_ref,2,768,,,,,,,0.24968759715557098,,,
wwh2eio6,R_ref,2,769,,,,,,,0.27642855048179626,,,
wwh2eio6,R_ref,2,770,,,,,,,0.25983166694641113,,,
wwh2eio6,R_ref,2,771,,,,,,,0.2582203447818756,,,
wwh2eio6,R_ref,2,772,,,,,,,0.2275644838809967,,,
wwh2eio6,R_ref,2,773,,,,,,,0.23996345698833466,,,
wwh2eio6,R_ref,2,774,,,,,,,0.269142210483551,,,
wwh2eio6,R_ref,2,775,,,,,,,0.24359533190727234,,,
wwh2eio6,R_ref,2,776,,,,,,,0.25738996267318726,,,
wwh2eio6,R_ref,2,777,,,,,,,0.2547573447227478,,,
wwh2eio6,R_ref,2,778,,,,,,,0.29824644327163696,,,
wwh2eio6,R_ref,2,779,,,,,,,0.25060492753982544,,,
wwh2eio6,R_ref,2,780,,,,,,,0.2204175442457199,,,
wwh2eio6,R_ref,2,781,,,,,,,0.2551378607749939,,,
wwh2eio6,R_ref,2,782,,,,,,,0.21433226764202118,,,
wwh2eio6,R_ref,2,783,,,,,,,0.27697980403900146,,,
wwh2eio6,R_ref,2,784,,,,,,,0.23010346293449402,,,
wwh2eio6,R_ref,2,785,,,,,,,0.2677939236164093,,,
wwh2eio6,R_ref,2,786,,,,,,,0.25275710225105286,,,
wwh2eio6,R_ref,2,787,,,,,,,0.2340860664844513,,,
wwh2eio6,R_ref,2,788,,,,,,,0.2244875133037567,,,
wwh2eio6,R_ref,2,789,,,,,,,0.2264680713415146,,,
wwh2eio6,R_ref,2,790,,,,,,,0.2886020839214325,,,
wwh2eio6,R_ref,2,791,,,,,,,0.22070759534835815,,,
wwh2eio6,R_ref,2,792,,,,,,,0.25062406063079834,,,
wwh2eio6,R_ref,2,793,,,,,,,0.25190529227256775,,,
wwh2eio6,R_ref,2,794,,,,,,,0.23303979635238647,,,
wwh2eio6,R_ref,2,795,,,,,,,0.20857468247413635,,,
wwh2eio6,R_ref,2,796,,,,,,,0.21429020166397095,,,
wwh2eio6,R_ref,2,797,,,,,,,0.22660158574581146,,,
wwh2eio6,R_ref,2,798,,,,,,,0.24499331414699554,,,
wwh2eio6,R_ref,2,799,,,,,,,0.24070437252521515,,,
wwh2eio6,R_ref,2,800,,,,,,,0.23159252107143402,,,
wwh2eio6,R_ref,2,801,,,,,,,0.2867054343223572,,,
wwh2eio6,R_ref,2,802,,,,,,,0.23526380956172943,,,
wwh2eio6,R_ref,2,803,,,,,,,0.24100236594676971,,,
wwh2eio6,R_ref,2,804,,,,,,,0.27629902958869934,,,
wwh2eio6,R_ref,2,805,,,,,,,0.28154242038726807,,,
wwh2eio6,R_ref,2,806,,,,,,,0.2541854977607727,,,
wwh2eio6,R_ref,2,807,,,,,,,0.2578199505805969,,,
wwh2eio6,R_ref,2,808,,,,,,,0.2617856562137604,,,
wwh2eio6,R_ref,2,809,,,,,,,0.2568361461162567,,,
wwh2eio6,R_ref,2,810,,,,,,,0.21400751173496246,,,
wwh2eio6,R_ref,2,811,,,,,,,0.24708472192287445,,,
wwh2eio6,R_ref,2,812,,,,,,,0.26748424768447876,,,
wwh2eio6,R_ref,2,813,,,,,,,0.24260364472866058,,,
wwh2eio6,R_ref,2,814,,,,,,,0.22900521755218506,,,
wwh2eio6,R_ref,2,815,,,,,,,0.2503618597984314,,,
wwh2eio6,R_ref,2,816,,,,,,,0.25912895798683167,,,
wwh2eio6,R_ref,2,817,,,,,,,0.23540304601192474,,,
wwh2eio6,R_ref,2,818,,,,,,,0.25571733713150024,,,
wwh2eio6,R_ref,2,819,,,,,,,0.2273542284965515,,,
wwh2eio6,R_ref,2,820,,,,,,,0.24323922395706177,,,
wwh2eio6,R_ref,2,821,,,,,,,0.2285364419221878,,,
wwh2eio6,R_ref,2,822,,,,,,,0.2524462938308716,,,
wwh2eio6,R_ref,2,823,,,,,,,0.22678439319133759,,,
wwh2eio6,R_ref,2,824,,,,,,,0.25243768095970154,,,
wwh2eio6,R_ref,2,825,,,,,,,0.23301155865192413,,,
wwh2eio6,R_ref,2,826,,,,,,,0.2283065915107727,,,
wwh2eio6,R_ref,2,827,,,,,,,0.27335265278816223,,,
wwh2eio6,R_ref,2,828,,,,,,,0.24826771020889282,,,
wwh2eio6,R_ref,2,829,,,,,,,0.25408703088760376,,,
wwh2eio6,R_ref,2,830,,,,,,,0.2652522027492523,,,
wwh2eio6,R_ref,2,831,,,,,,,0.24850234389305115,,,
wwh2eio6,R_ref,2,832,,,,,,,0.29090452194213867,,,
wwh2eio6,R_ref,2,833,,,,,,,0.2813902795314789,,,
wwh2eio6,R_ref,2,834,,,,,,,0.2758645713329315,,,
wwh2eio6,R_ref,2,835,,,,,,,0.24324677884578705,,,
wwh2eio6,R_ref,2,836,,,,,,,0.2323375642299652,,,
wwh2eio6,R_ref,2,837,,,,,,,0.20940470695495605,,,
wwh2eio6,R_ref,2,838,,,,,,,0.27789896726608276,,,
wwh2eio6,R_ref,2,839,,,,,,,0.24716593325138092,,,
wwh2eio6,R_ref,2,840,,,,,,,0.24362382292747498,,,
wwh2eio6,R_ref,2,841,,,,,,,0.25632181763648987,,,
wwh2eio6,R_ref,2,842,,,,,,,0.22251911461353302,,,
wwh2eio6,R_ref,2,843,,,,,,,0.20796391367912292,,,
wwh2eio6,R_ref,2,844,,,,,,,0.276003360748291,,,
wwh2eio6,R_ref,2,845,,,,,,,0.28421565890312195,,,
wwh2eio6,R_ref,2,846,,,,,,,0.2343515008687973,,,
wwh2eio6,R_ref,2,847,,,,,,,0.23904432356357574,,,
wwh2eio6,R_ref,2,848,,,,,,,0.2328384667634964,,,
wwh2eio6,R_ref,2,849,,,,,,,0.20035803318023682,,,
wwh2eio6,R_ref,2,850,,,,,,,0.24143660068511963,,,
wwh2eio6,R_ref,2,851,,,,,,,0.26998740434646606,,,
wwh2eio6,R_ref,2,852,,,,,,,0.24797850847244263,,,
wwh2eio6,R_ref,2,853,,,,,,,0.21594831347465515,,,
wwh2eio6,R_ref,2,854,,,,,,,0.23727598786354065,,,
wwh2eio6,R_ref,2,855,,,,,,,0.2508653402328491,,,
wwh2eio6,R_ref,2,856,,,,,,,0.23253053426742554,,,
wwh2eio6,R_ref,2,857,,,,,,,0.21941494941711426,,,
wwh2eio6,R_ref,2,858,,,,,,,0.2243579626083374,,,
wwh2eio6,R_ref,2,859,,,,,,,0.26025649905204773,,,
wwh2eio6,R_ref,2,860,,,,,,,0.25369688868522644,,,
wwh2eio6,R_ref,2,861,,,,,,,0.20321126282215118,,,
wwh2eio6,R_ref,2,862,,,,,,,0.23661395907402039,,,
wwh2eio6,R_ref,2,863,,,,,,,0.24609729647636414,,,
wwh2eio6,R_ref,2,864,,,,,,,0.2292110174894333,,,
wwh2eio6,R_ref,2,865,,,,,,,0.24001634120941162,,,
wwh2eio6,R_ref,2,866,,,,,,,0.24775317311286926,,,
wwh2eio6,R_ref,2,867,,,,,,,0.24563387036323547,,,
wwh2eio6,R_ref,2,868,,,,,,,0.2111021876335144,,,
wwh2eio6,R_ref,2,869,,,,,,,0.24543677270412445,,,
wwh2eio6,R_ref,2,870,,,,,,,0.23406080901622772,,,
wwh2eio6,R_ref,2,871,,,,,,,0.24485807120800018,,,
wwh2eio6,R_ref,2,872,,,,,,,0.24282503128051758,,,
wwh2eio6,R_ref,2,873,,,,,,,0.25827452540397644,,,
wwh2eio6,R_ref,2,874,,,,,,,0.2305636703968048,,,
wwh2eio6,R_ref,2,875,,,,,,,0.2711610198020935,,,
wwh2eio6,R_ref,2,876,,,,,,,0.2438918650150299,,,
wwh2eio6,R_ref,2,877,,,,,,,0.2661292850971222,,,
wwh2eio6,R_ref,2,878,,,,,,,0.24962951242923737,,,
wwh2eio6,R_ref,2,879,,,,,,,0.26226717233657837,,,
wwh2eio6,R_ref,2,880,,,,,,,0.24412187933921814,,,
wwh2eio6,R_ref,2,881,,,,,,,0.2823508381843567,,,
wwh2eio6,R_ref,2,882,,,,,,,0.22432000935077667,,,
wwh2eio6,R_ref,2,883,,,,,,,0.2512466013431549,,,
wwh2eio6,R_ref,2,884,,,,,,,0.2256866991519928,,,
wwh2eio6,R_ref,2,885,,,,,,,0.2528899013996124,,,
wwh2eio6,R_ref,2,886,,,,,,,0.2665616571903229,,,
wwh2eio6,R_ref,2,887,,,,,,,0.2696478068828583,,,
wwh2eio6,R_ref,2,888,,,,,,,0.23389962315559387,,,
wwh2eio6,R_ref,2,889,,,,,,,0.21651236712932587,,,
wwh2eio6,R_ref,2,890,,,,,,,0.26476219296455383,,,
wwh2eio6,R_ref,2,891,,,,,,,0.2626965045928955,,,
wwh2eio6,R_ref,2,892,,,,,,,0.2345874160528183,,,
wwh2eio6,R_ref,2,893,,,,,,,0.24820159375667572,,,
wwh2eio6,R_ref,2,894,,,,,,,0.2339634746313095,,,
wwh2eio6,R_ref,2,895,,,,,,,0.2241249531507492,,,
wwh2eio6,R_ref,2,896,,,,,,,0.27080127596855164,,,
wwh2eio6,R_ref,2,897,,,,,,,0.2621590793132782,,,
wwh2eio6,R_ref,2,898,,,,,,,0.2504045367240906,,,
wwh2eio6,R_ref,2,899,,,,,,,0.2724336087703705,,,
wwh2eio6,R_ref,2,900,,,,,,,0.2412581592798233,,,
wwh2eio6,R_ref,2,901,,,,,,,0.2807792127132416,,,
wwh2eio6,R_ref,2,902,,,,,,,0.22932974994182587,,,
wwh2eio6,R_ref,2,903,,,,,,,0.2288457304239273,,,
wwh2eio6,R_ref,2,904,,,,,,,0.2298743575811386,,,
wwh2eio6,R_ref,2,905,,,,,,,0.23779407143592834,,,
wwh2eio6,R_ref,2,906,,,,,,,0.25354084372520447,,,
wwh2eio6,R_ref,2,907,,,,,,,0.2609595060348511,,,
wwh2eio6,R_ref,2,908,,,,,,,0.22025829553604126,,,
wwh2eio6,R_ref,2,909,,,,,,,0.23803333938121796,,,
wwh2eio6,R_ref,2,910,,,,,,,0.2252633422613144,,,
wwh2eio6,R_ref,2,911,,,,,,,0.24843154847621918,,,
wwh2eio6,R_ref,2,912,,,,,,,0.25982168316841125,,,
wwh2eio6,R_ref,2,913,,,,,,,0.2438272088766098,,,
wwh2eio6,R_ref,2,914,,,,,,,0.2569590210914612,,,
wwh2eio6,R_ref,2,915,,,,,,,0.242323637008667,,,
wwh2eio6,R_ref,2,916,,,,,,,0.25620660185813904,,,
wwh2eio6,R_ref,2,917,,,,,,,0.23046426475048065,,,
wwh2eio6,R_ref,2,918,,,,,,,0.295500248670578,,,
wwh2eio6,R_ref,2,919,,,,,,,0.2440745234489441,,,
wwh2eio6,R_ref,2,920,,,,,,,0.2343245893716812,,,
wwh2eio6,R_ref,2,921,,,,,,,0.23385392129421234,,,
wwh2eio6,R_ref,2,922,,,,,,,0.21570175886154175,,,
wwh2eio6,R_ref,2,923,,,,,,,0.2620786428451538,,,
wwh2eio6,R_ref,2,924,,,,,,,0.26946091651916504,,,
wwh2eio6,R_ref,2,925,,,,,,,0.2409600466489792,,,
wwh2eio6,R_ref,2,926,,,,,,,0.24697567522525787,,,
wwh2eio6,R_ref,2,927,,,,,,,0.23750577867031097,,,
wwh2eio6,R_ref,2,928,,,,,,,0.2217615246772766,,,
wwh2eio6,R_ref,2,929,,,,,,,0.2522593140602112,,,
wwh2eio6,R_ref,2,930,,,,,,,0.23280219733715057,,,
wwh2eio6,R_ref,2,931,,,,,,,0.2686990201473236,,,
wwh2eio6,R_ref,2,932,,,,,,,0.21237671375274658,,,
wwh2eio6,R_ref,2,933,,,,,,,0.2868858277797699,,,
wwh2eio6,R_ref,2,934,,,,,,,0.26784607768058777,,,
wwh2eio6,R_ref,2,935,,,,,,,0.2825222313404083,,,
wwh2eio6,R_ref,2,936,,,,,,,0.22453802824020386,,,
wwh2eio6,R_ref,2,937,,,,,,,0.20521755516529083,,,
wwh2eio6,R_ref,2,938,,,,,,,0.25992605090141296,,,
wwh2eio6,R_ref,2,939,,,,,,,0.2379266619682312,,,
wwh2eio6,R_ref,2,940,,,,,,,0.2403898388147354,,,
wwh2eio6,R_ref,2,941,,,,,,,0.2243758589029312,,,
wwh2eio6,R_ref,2,942,,,,,,,0.24282106757164001,,,
wwh2eio6,R_ref,2,943,,,,,,,0.2595093250274658,,,
wwh2eio6,R_ref,2,944,,,,,,,0.2462599128484726,,,
wwh2eio6,R_ref,2,945,,,,,,,0.2643698453903198,,,
wwh2eio6,R_ref,2,946,,,,,,,0.20574401319026947,,,
wwh2eio6,R_ref,2,947,,,,,,,0.26697444915771484,,,
wwh2eio6,R_ref,2,948,,,,,,,0.23122718930244446,,,
wwh2eio6,R_ref,2,949,,,,,,,0.2313842475414276,,,
wwh2eio6,R_ref,2,950,,,,,,,0.24487565457820892,,,
wwh2eio6,R_ref,2,951,,,,,,,0.2218388020992279,,,
wwh2eio6,R_ref,2,952,,,,,,,0.25473666191101074,,,
wwh2eio6,R_ref,2,953,,,,,,,0.2506082057952881,,,
wwh2eio6,R_ref,2,954,,,,,,,0.22413450479507446,,,
wwh2eio6,R_ref,2,955,,,,,,,0.23196858167648315,,,
wwh2eio6,R_ref,2,956,,,,,,,0.2286936640739441,,,
wwh2eio6,R_ref,2,957,,,,,,,0.25757935643196106,,,
wwh2eio6,R_ref,2,958,,,,,,,0.22501416504383087,,,
wwh2eio6,R_ref,2,959,,,,,,,0.24011623859405518,,,
wwh2eio6,R_ref,2,960,,,,,,,0.2497071623802185,,,
wwh2eio6,R_ref,2,961,,,,,,,0.24683266878128052,,,
wwh2eio6,R_ref,2,962,,,,,,,0.2101425677537918,,,
wwh2eio6,R_ref,2,963,,,,,,,0.24838364124298096,,,
wwh2eio6,R_ref,2,964,,,,,,,0.2500268816947937,,,
wwh2eio6,R_ref,2,965,,,,,,,0.22880588471889496,,,
wwh2eio6,R_ref,2,966,,,,,,,0.20306526124477386,,,
wwh2eio6,R_ref,2,967,,,,,,,0.22323539853096008,,,
wwh2eio6,R_ref,2,968,,,,,,,0.21899618208408356,,,
wwh2eio6,R_ref,2,969,,,,,,,0.20513223111629486,,,
wwh2eio6,R_ref,2,970,,,,,,,0.2262745201587677,,,
wwh2eio6,R_ref,2,971,,,,,,,0.2034154087305069,,,
wwh2eio6,R_ref,2,972,,,,,,,0.2404983639717102,,,
wwh2eio6,R_ref,2,973,,,,,,,0.24139419198036194,,,
wwh2eio6,R_ref,2,974,,,,,,,0.22753220796585083,,,
wwh2eio6,R_ref,2,975,,,,,,,0.28629472851753235,,,
wwh2eio6,R_ref,2,976,,,,,,,0.23374353349208832,,,
wwh2eio6,R_ref,2,977,,,,,,,0.2580913305282593,,,
wwh2eio6,R_ref,2,978,,,,,,,0.2589271366596222,,,
wwh2eio6,R_ref,2,979,,,,,,,0.25123921036720276,,,
wwh2eio6,R_ref,2,980,,,,,,,0.25770580768585205,,,
wwh2eio6,R_ref,2,981,,,,,,,0.260569304227829,,,
wwh2eio6,R_ref,2,982,,,,,,,0.2327437847852707,,,
wwh2eio6,R_ref,2,983,,,,,,,0.25719645619392395,,,
wwh2eio6,R_ref,2,984,,,,,,,0.23675565421581268,,,
wwh2eio6,R_ref,2,985,,,,,,,0.24562637507915497,,,
wwh2eio6,R_ref,2,986,,,,,,,0.22599364817142487,,,
wwh2eio6,R_ref,2,987,,,,,,,0.23905502259731293,,,
wwh2eio6,R_ref,2,988,,,,,,,0.23356866836547852,,,
wwh2eio6,R_ref,2,989,,,,,,,0.2604881227016449,,,
wwh2eio6,R_ref,2,990,,,,,,,0.2385052591562271,,,
wwh2eio6,R_ref,2,991,,,,,,,0.21518927812576294,,,
wwh2eio6,R_ref,2,992,,,,,,,0.2499103993177414,,,
wwh2eio6,R_ref,2,993,,,,,,,0.27833375334739685,,,
wwh2eio6,R_ref,2,994,,,,,,,0.2636078894138336,,,
wwh2eio6,R_ref,2,995,,,,,,,0.23846115171909332,,,
wwh2eio6,R_ref,2,996,,,,,,,0.24592824280261993,,,
wwh2eio6,R_ref,2,997,,,,,,,0.24121586978435516,,,
wwh2eio6,R_ref,2,998,,,,,,,0.223263218998909,,,
wwh2eio6,R_ref,2,999,,,,,,,0.24513596296310425,,,
wwh2eio6,R_ref,2,1000,,,,,,,0.25636017322540283,,,
wwh2eio6,R_ref,2,1001,,,,,,,0.23011158406734467,,,
wwh2eio6,R_ref,2,1002,,,,,,,0.24694909155368805,,,
wwh2eio6,R_ref,2,1003,,,,,,,0.23943720757961273,,,
wwh2eio6,R_ref,2,1004,,,,,,,0.2584075927734375,,,
wwh2eio6,R_ref,2,1005,,,,,,,0.2468430995941162,,,
wwh2eio6,R_ref,2,1006,,,,,,,0.24885118007659912,,,
wwh2eio6,R_ref,2,1007,,,,,,,0.2388671636581421,,,
wwh2eio6,R_ref,2,1008,,,,,,,0.25249969959259033,,,
wwh2eio6,R_ref,2,1009,,,,,,,0.21988175809383392,,,
wwh2eio6,R_ref,2,1010,,,,,,,0.26548483967781067,,,
wwh2eio6,R_ref,2,1011,,,,,,,0.26969078183174133,,,
wwh2eio6,R_ref,2,1012,,,,,,,0.24923057854175568,,,
wwh2eio6,R_ref,2,1013,,,,,,,0.22518710792064667,,,
wwh2eio6,R_ref,2,1014,,,,,,,0.2509292960166931,,,
wwh2eio6,R_ref,2,1015,,,,,,,0.22338321805000305,,,
wwh2eio6,R_ref,2,1016,,,,,,,0.23530782759189606,,,
wwh2eio6,R_ref,2,1017,,,,,,,0.2517889738082886,,,
wwh2eio6,R_ref,2,1018,,,,,,,0.21834790706634521,,,
wwh2eio6,R_ref,2,1019,,,,,,,0.24256841838359833,,,
wwh2eio6,R_ref,2,1020,,,,,,,0.2584194540977478,,,
wwh2eio6,R_ref,2,1021,,,,,,,0.24127408862113953,,,
wwh2eio6,R_ref,2,1022,,,,,,,0.27834293246269226,,,
wwh2eio6,R_ref,2,1023,,,,,,,0.2372332215309143,,,
wwh2eio6,R_ref,2,1024,,,,,,,0.24241608381271362,,,
wwh2eio6,R_ref,2,1025,,,,,,,0.21525831520557404,,,
wwh2eio6,R_ref,2,1026,,,,,,,0.2437465339899063,,,
wwh2eio6,R_ref,2,1027,,,,,,,0.23591943085193634,,,
wwh2eio6,R_ref,2,1028,,,,,,,0.2259773313999176,,,
wwh2eio6,R_ref,2,1029,,,,,,,0.2930552363395691,,,
wwh2eio6,R_ref,2,1030,,,,,,,0.2699350416660309,,,
wwh2eio6,R_ref,2,1031,,,,,,,0.26584622263908386,,,
wwh2eio6,R_ref,2,1032,,,,,,,0.25904905796051025,,,
wwh2eio6,R_ref,2,1033,,,,,,,0.23169441521167755,,,
wwh2eio6,R_ref,2,1034,,,,,,,0.23283326625823975,,,
wwh2eio6,R_ref,2,1035,,,,,,,0.23555780947208405,,,
wwh2eio6,R_ref,2,1036,,,,,,,0.23143775761127472,,,
wwh2eio6,R_ref,2,1037,,,,,,,0.21828164160251617,,,
wwh2eio6,R_ref,2,1038,,,,,,,0.24412201344966888,,,
wwh2eio6,R_ref,2,1039,,,,,,,0.2375033050775528,,,
wwh2eio6,R_ref,2,1040,,,,,,,0.24698825180530548,,,
wwh2eio6,R_ref,2,1041,,,,,,,0.22710585594177246,,,
wwh2eio6,R_ref,2,1042,,,,,,,0.25594133138656616,,,
wwh2eio6,R_ref,2,1043,,,,,,,0.2542087435722351,,,
wwh2eio6,R_ref,2,1044,,,,,,,0.23867857456207275,,,
wwh2eio6,R_ref,2,1045,,,,,,,0.2599286437034607,,,
wwh2eio6,R_ref,2,1046,,,,,,,0.24029740691184998,,,
wwh2eio6,R_ref,2,1047,,,,,,,0.24561437964439392,,,
wwh2eio6,R_ref,2,1048,,,,,,,0.24180781841278076,,,
wwh2eio6,R_ref,2,1049,,,,,,,0.2430749237537384,,,
wwh2eio6,R_ref,2,1050,,,,,,,0.22623905539512634,,,
wwh2eio6,R_ref,2,1051,,,,,,,0.23819439113140106,,,
wwh2eio6,R_ref,2,1052,,,,,,,0.22822688519954681,,,
wwh2eio6,R_ref,2,1053,,,,,,,0.2293565571308136,,,
wwh2eio6,R_ref,2,1054,,,,,,,0.2179454267024994,,,
wwh2eio6,R_ref,2,1055,,,,,,,0.24317696690559387,,,
wwh2eio6,R_ref,2,1056,,,,,,,0.22944031655788422,,,
wwh2eio6,R_ref,2,1057,,,,,,,0.2326873391866684,,,
wwh2eio6,R_ref,2,1058,,,,,,,0.27379488945007324,,,
wwh2eio6,R_ref,2,1059,,,,,,,0.25862663984298706,,,
wwh2eio6,R_ref,2,1060,,,,,,,0.2463480830192566,,,
wwh2eio6,R_ref,2,1061,,,,,,,0.24955284595489502,,,
wwh2eio6,R_ref,2,1062,,,,,,,0.2266283631324768,,,
wwh2eio6,R_ref,2,1063,,,,,,,0.2525397837162018,,,
wwh2eio6,R_ref,2,1064,,,,,,,0.2229139506816864,,,
wwh2eio6,R_ref,2,1065,,,,,,,0.2580132782459259,,,
wwh2eio6,R_ref,2,1066,,,,,,,0.23806732892990112,,,
wwh2eio6,R_ref,2,1067,,,,,,,0.23558488488197327,,,
wwh2eio6,R_ref,2,1068,,,,,,,0.2323407083749771,,,
wwh2eio6,R_ref,2,1069,,,,,,,0.2388131469488144,,,
wwh2eio6,R_ref,2,1070,,,,,,,0.2657393515110016,,,
wwh2eio6,R_ref,2,1071,,,,,,,0.23910214006900787,,,
wwh2eio6,R_ref,2,1072,,,,,,,0.2571590542793274,,,
wwh2eio6,R_ref,2,1073,,,,,,,0.2546761929988861,,,
wwh2eio6,R_ref,2,1074,,,,,,,0.23599161207675934,,,
wwh2eio6,R_ref,2,1075,,,,,,,0.25213298201560974,,,
wwh2eio6,R_ref,2,1076,,,,,,,0.274565190076828,,,
wwh2eio6,R_ref,2,1077,,,,,,,0.2677540183067322,,,
wwh2eio6,R_ref,2,1078,,,,,,,0.23283608257770538,,,
wwh2eio6,R_ref,2,1079,,,,,,,0.21487082540988922,,,
wwh2eio6,R_ref,2,1080,,,,,,,0.24335996806621552,,,
wwh2eio6,R_ref,2,1081,,,,,,,0.23613928258419037,,,
wwh2eio6,R_ref,2,1082,,,,,,,0.22297048568725586,,,
wwh2eio6,R_ref,2,1083,,,,,,,0.2580052614212036,,,
wwh2eio6,R_ref,2,1084,,,,,,,0.26137980818748474,,,
wwh2eio6,R_ref,2,1085,,,,,,,0.25632244348526,,,
wwh2eio6,R_ref,2,1086,,,,,,,0.273611456155777,,,
wwh2eio6,R_ref,2,1087,,,,,,,0.2318522036075592,,,
wwh2eio6,R_ref,2,1088,,,,,,,0.2255903035402298,,,
wwh2eio6,R_ref,2,1089,,,,,,,0.23312783241271973,,,
wwh2eio6,R_ref,2,1090,,,,,,,0.2101137489080429,,,
wwh2eio6,R_ref,2,1091,,,,,,,0.25745972990989685,,,
wwh2eio6,R_ref,2,1092,,,,,,,0.26847198605537415,,,
wwh2eio6,R_ref,2,1093,,,,,,,0.23555371165275574,,,
wwh2eio6,R_ref,2,1094,,,,,,,0.23477517068386078,,,
wwh2eio6,R_ref,2,1095,,,,,,,0.25213634967803955,,,
wwh2eio6,R_ref,2,1096,,,,,,,0.2278612107038498,,,
wwh2eio6,R_ref,2,1097,,,,,,,0.2686188220977783,,,
wwh2eio6,R_ref,2,1098,,,,,,,0.24907569587230682,,,
wwh2eio6,R_ref,2,1099,,,,,,,0.22466231882572174,,,
wwh2eio6,R_ref,2,1100,,,,,,,0.22066903114318848,,,
wwh2eio6,R_ref,2,1101,,,,,,,0.23374362289905548,,,
wwh2eio6,R_ref,2,1102,,,,,,,0.22202809154987335,,,
wwh2eio6,R_ref,2,1103,,,,,,,0.229986771941185,,,
wwh2eio6,R_ref,2,1104,,,,,,,0.22862938046455383,,,
wwh2eio6,R_ref,2,1105,,,,,,,0.2356654554605484,,,
wwh2eio6,R_ref,2,1106,,,,,,,0.2716814875602722,,,
wwh2eio6,R_ref,2,1107,,,,,,,0.2563396990299225,,,
wwh2eio6,R_ref,2,1108,,,,,,,0.2168082296848297,,,
wwh2eio6,R_ref,2,1109,,,,,,,0.22501438856124878,,,
wwh2eio6,R_ref,2,1110,,,,,,,0.2647322714328766,,,
wwh2eio6,R_ref,2,1111,,,,,,,0.22428661584854126,,,
wwh2eio6,R_ref,2,1112,,,,,,,0.22844640910625458,,,
wwh2eio6,R_ref,2,1113,,,,,,,0.25620606541633606,,,
wwh2eio6,R_ref,2,1114,,,,,,,0.23767419159412384,,,
wwh2eio6,R_ref,2,1115,,,,,,,0.2703388035297394,,,
wwh2eio6,R_ref,2,1116,,,,,,,0.27095159888267517,,,
wwh2eio6,R_ref,2,1117,,,,,,,0.23422841727733612,,,
wwh2eio6,R_ref,2,1118,,,,,,,0.2267296463251114,,,
wwh2eio6,R_ref,2,1119,,,,,,,0.2453075796365738,,,
wwh2eio6,R_ref,2,1120,,,,,,,0.26193562150001526,,,
wwh2eio6,R_ref,2,1121,,,,,,,0.20833924412727356,,,
wwh2eio6,R_ref,2,1122,,,,,,,0.24800679087638855,,,
wwh2eio6,R_ref,2,1123,,,,,,,0.23593862354755402,,,
wwh2eio6,R_ref,2,1124,,,,,,,0.25783467292785645,,,
wwh2eio6,R_ref,2,1125,,,,,,,0.236040398478508,,,
wwh2eio6,R_ref,2,1126,,,,,,,0.2519773542881012,,,
wwh2eio6,R_ref,2,1127,,,,,,,0.2741226851940155,,,
wwh2eio6,R_ref,2,1128,,,,,,,0.253655344247818,,,
wwh2eio6,R_ref,2,1129,,,,,,,0.2570772171020508,,,
wwh2eio6,R_ref,2,1130,,,,,,,0.22118505835533142,,,
wwh2eio6,R_ref,2,1131,,,,,,,0.24548901617527008,,,
wwh2eio6,R_ref,2,1132,,,,,,,0.23694325983524323,,,
wwh2eio6,R_ref,2,1133,,,,,,,0.21592211723327637,,,
wwh2eio6,R_ref,2,1134,,,,,,,0.22735145688056946,,,
wwh2eio6,R_ref,2,1135,,,,,,,0.23167994618415833,,,
wwh2eio6,R_ref,2,1136,,,,,,,0.2621525526046753,,,
wwh2eio6,R_ref,2,1137,,,,,,,0.2663903534412384,,,
wwh2eio6,R_ref,2,1138,,,,,,,0.23885415494441986,,,
wwh2eio6,R_ref,2,1139,,,,,,,0.24020694196224213,,,
wwh2eio6,R_ref,2,1140,,,,,,,0.2523520886898041,,,
wwh2eio6,R_ref,2,1141,,,,,,,0.24561446905136108,,,
wwh2eio6,R_ref,2,1142,,,,,,,0.2614888846874237,,,
wwh2eio6,R_ref,2,1143,,,,,,,0.23245415091514587,,,
wwh2eio6,R_ref,2,1144,,,,,,,0.22277569770812988,,,
wwh2eio6,R_ref,2,1145,,,,,,,0.22212281823158264,,,
wwh2eio6,R_ref,2,1146,,,,,,,0.2908342778682709,,,
wwh2eio6,R_ref,2,1147,,,,,,,0.2495383620262146,,,
wwh2eio6,R_ref,2,1148,,,,,,,0.235939159989357,,,
wwh2eio6,R_ref,2,1149,,,,,,,0.23063193261623383,,,
wwh2eio6,R_ref,2,1150,,,,,,,0.22674618661403656,,,
wwh2eio6,R_ref,2,1151,,,,,,,0.24897143244743347,,,
wwh2eio6,R_ref,2,1152,,,,,,,0.26507923007011414,,,
wwh2eio6,R_ref,2,1153,,,,,,,0.2224237322807312,,,
wwh2eio6,R_ref,2,1154,,,,,,,0.223564013838768,,,
wwh2eio6,R_ref,2,1155,,,,,,,0.2516496181488037,,,
wwh2eio6,R_ref,2,1156,,,,,,,0.2329440861940384,,,
wwh2eio6,R_ref,2,1157,,,,,,,0.24188874661922455,,,
wwh2eio6,R_ref,2,1158,,,,,,,0.2395174652338028,,,
wwh2eio6,R_ref,2,1159,,,,,,,0.21016019582748413,,,
wwh2eio6,R_ref,2,1160,,,,,,,0.2289285957813263,,,
wwh2eio6,R_ref,2,1161,,,,,,,0.2620292901992798,,,
wwh2eio6,R_ref,2,1162,,,,,,,0.2374044805765152,,,
wwh2eio6,R_ref,2,1163,,,,,,,0.2372623085975647,,,
wwh2eio6,R_ref,2,1164,,,,,,,0.2797684073448181,,,
wwh2eio6,R_ref,2,1165,,,,,,,0.21381349861621857,,,
wwh2eio6,R_ref,2,1166,,,,,,,0.23106274008750916,,,
wwh2eio6,R_ref,2,1167,,,,,,,0.24796020984649658,,,
wwh2eio6,R_ref,2,1168,,,,,,,0.24869531393051147,,,
wwh2eio6,R_ref,2,1169,,,,,,,0.20897632837295532,,,
wwh2eio6,R_ref,2,1170,,,,,,,0.22056320309638977,,,
bdloc0mw,R_ref,42,0,-0.023116620257496834,-0.023116620257496834,-0.005590593442320824,0.2692447900772095,0.0014409589348360896,0.0001887496910057962,0.24570001661777496,0.09793669730424881,0.009793669916689396,
bdloc0mw,R_ref,42,1,-0.011170866899192333,-0.011170866899192333,-0.005097528453916311,0.2690662145614624,0.0009485475602559745,0.000892315583769232,0.24628949165344238,0.034129440784454346,0.003412944730371237,
bdloc0mw,R_ref,42,2,-0.0017675966955721378,-0.0017675966955721378,-0.008008475415408611,0.2692917287349701,0.0007414877763949335,-0.0019692545756697655,0.20993447303771973,0.032514750957489014,0.00325147551484406,
bdloc0mw,R_ref,42,3,0.0032235137186944485,0.0032235137186944485,-0.006186026148498058,0.2687894105911255,0.0006872346275486052,-0.0035590147599577904,0.22593939304351807,0.03399958834052086,0.0033999586012214422,
bdloc0mw,R_ref,42,4,-0.005398866720497608,-0.005398866720497608,-0.006427898537367582,0.26892760396003723,0.0005774901364929974,-0.0011432693572714925,0.23043780028820038,0.03006332740187645,0.0030063327867537737,
bdloc0mw,R_ref,42,5,-0.000854973157402128,-0.000854973157402128,-0.0054338411428034306,0.2689816355705261,0.0005346859688870609,-0.00034420148585923016,0.280799001455307,0.028518786653876305,0.0028518789913505316,
bdloc0mw,R_ref,42,6,-0.006667113862931728,-0.006667113862931728,-0.0043906052596867085,0.2689485251903534,0.00048825691919773817,-0.0019879667088389397,0.2296721637248993,0.028177043423056602,0.002817704575136304,
bdloc0mw,R_ref,42,7,-0.0036419301759451628,-0.0036419301759451628,-0.003632606938481331,0.26886701583862305,0.000432773056672886,0.00250250450335443,0.2273658961057663,0.0287392009049654,0.0028739203698933125,
bdloc0mw,R_ref,42,8,-0.006820123177021742,-0.006820123177021742,-0.003912282641977072,0.26882949471473694,0.00041171611519530416,-0.00021995371207594872,0.28942570090293884,0.02257840521633625,0.0022578402422368526,
bdloc0mw,R_ref,42,9,-0.005157180596143007,-0.005157180596143007,-0.0038499319925904274,0.2689289450645447,0.00038967502769082785,-0.0003813550865743309,0.22422102093696594,0.0225516427308321,0.0022551636211574078,
bdloc0mw,R_ref,42,10,-0.010195002891123295,-0.010195002891123295,-0.003540073288604617,0.26875948905944824,0.0003823554143309593,0.0007843847270123661,0.2706097662448883,0.02129765786230564,0.002129766158759594,
bdloc0mw,R_ref,42,11,-0.006048141047358513,-0.006048141047358513,-0.004288764670491219,0.2688562273979187,0.0003747766022570431,-0.00391891086474061,0.23836220800876617,0.023014694452285767,0.002301469212397933,
bdloc0mw,R_ref,42,12,0.0014202098827809095,0.0014202098827809095,-0.003075425745919347,0.2688262164592743,0.000374472961993888,0.000524615403264761,0.26484400033950806,0.023813897743821144,0.0023813899606466293,
bdloc0mw,R_ref,42,13,-0.004128623753786087,-0.004128623753786087,-0.0030910938512533903,0.2688259482383728,0.0003445440379437059,-0.0025144806131720543,0.23428216576576233,0.024871928617358208,0.0024871928617358208,
bdloc0mw,R_ref,42,14,-0.006719901692122221,-0.006719901692122221,-0.0029685713816434145,0.26878106594085693,0.00035233114613220096,-0.00024623851641081274,0.30417001247406006,0.025569438934326172,0.0025569444987922907,
bdloc0mw,R_ref,42,15,-0.0007287259213626385,-0.0007287259213626385,-0.002868090523406863,0.2687666416168213,0.0003513889096211642,0.0024095005355775356,0.2745135724544525,0.023146208375692368,0.002314620651304722,
bdloc0mw,R_ref,42,16,-0.004893423058092594,-0.004893423058092594,-0.0021351645700633526,0.2687259316444397,0.00035155657678842545,-0.003970705904066563,0.25573790073394775,0.023420222103595734,0.0023420220240950584,
bdloc0mw,R_ref,42,17,0.0018383287824690342,0.0018383287824690342,-0.0016639583045616746,0.2687145173549652,0.0003521885664667934,-0.00044057908235117793,0.22929424047470093,0.021967312321066856,0.002196730813011527,
bdloc0mw,R_ref,42,18,-0.007784797344356775,-0.007784797344356775,-0.001391608384437859,0.26887673139572144,0.00035780802136287093,0.0007799009908922017,0.2635939419269562,0.024825358763337135,0.0024825360160320997,
bdloc0mw,R_ref,42,19,-0.007450634613633156,-0.007450634613633156,-0.001965680392459035,0.2689415216445923,0.0003347192832734436,-0.0009183585643768311,0.26122957468032837,0.02665768750011921,0.0026657693088054657,
bdloc0mw,R_ref,42,20,-0.0024603502824902534,-0.0024603502824902534,-0.0009345122962258756,0.2687267065048218,0.00037294960930012167,-0.001232415670529008,0.22087864577770233,0.023479945957660675,0.0023479945957660675,
bdloc0mw,R_ref,42,21,-0.0008775080787017941,-0.0008775080787017941,-0.00090749905211851,0.2687404155731201,0.0003880409349221736,0.00041216606041416526,0.2646397352218628,0.023488761857151985,0.0023488758597522974,
bdloc0mw,R_ref,42,22,0.0019061474595218897,0.0019061474595218897,-0.000551900768186897,0.26873764395713806,0.0003950598475057632,-0.005217921454459429,0.2736658453941345,0.02854740619659424,0.0028547404799610376,
bdloc0mw,R_ref,42,23,0.0018724759574979544,0.0018724759574979544,0.0013783305184915662,0.26886358857154846,0.0005133820814080536,-0.0032121515832841396,0.23776568472385406,0.023850267753005028,0.0023850270081311464,
bdloc0mw,R_ref,42,24,0.00412350706756115,0.00412350706756115,0.0012168623507022858,0.26879259943962097,0.0008029190357774496,0.0018604439683258533,0.27071768045425415,0.020986594259738922,0.0020986590534448624,
bdloc0mw,R_ref,42,25,0.018094923347234726,0.018094923347234726,0.0012405196903273463,0.26843443512916565,0.0025311203207820654,0.0010214726207777858,0.2381395697593689,0.02093561552464962,0.0020935614593327045,
bdloc0mw,R_ref,42,26,0.011994922533631325,0.011994922533631325,0.0029769467655569315,0.26845651865005493,0.0017598934937268496,-0.010272792540490627,0.29438653588294983,0.023331347852945328,0.0023331348784267902,
bdloc0mw,R_ref,42,27,0.012350931763648987,0.012350931763648987,0.0003954170679207891,0.268327534198761,0.002050017239525914,-0.0001735486148390919,0.26650354266166687,0.02245023287832737,0.0022450233809649944,
bdloc0mw,R_ref,42,28,0.01794326864182949,0.01794326864182949,-0.0007818146841600537,0.2682802379131317,0.0035798889584839344,0.0017475472996011376,0.27672189474105835,0.025332575663924217,0.0025332574732601643,
bdloc0mw,R_ref,42,29,0.015882907435297966,0.015882907435297966,0.003469224087893963,0.26786062121391296,0.00465683126822114,0.000983353820629418,0.2618134915828705,0.029846573248505592,0.002984657185152173,
bdloc0mw,R_ref,42,30,0.016956347972154617,0.016956347972154617,0.004567255266010761,0.26784101128578186,0.004579853266477585,0.004598616156727076,0.2180226445198059,0.029204875230789185,0.0029204871971160173,
bdloc0mw,R_ref,42,31,0.02124401181936264,0.02124401181936264,0.004062267020344734,0.26785391569137573,0.007416865322738886,0.004326045513153076,0.27683842182159424,0.02444719709455967,0.0024447196628898382,
bdloc0mw,R_ref,42,32,0.01806582696735859,0.01806582696735859,0.004187196493148804,0.2682051658630371,0.003088095225393772,0.004746060352772474,0.23747748136520386,0.023131009191274643,0.0023131011985242367,
bdloc0mw,R_ref,42,33,0.03822055831551552,0.03822055831551552,-0.0007887320243753493,0.2680749297142029,0.006469033192843199,0.01251132320612669,0.3004589378833771,0.024328449741005898,0.002432845300063491,
bdloc0mw,R_ref,42,34,0.030783282592892647,0.030783282592892647,0.003504783147946,0.26772668957710266,0.014591949060559273,0.019130831584334373,0.30471640825271606,0.028555331751704216,0.0028555330354720354,
bdloc0mw,R_ref,42,35,0.022661590948700905,0.022661590948700905,0.004193324130028486,0.26805028319358826,0.007902910932898521,0.018687091767787933,0.25172433257102966,0.026133475825190544,0.002613347489386797,
bdloc0mw,R_ref,42,36,0.03177272155880928,0.03177272155880928,0.0027052294462919235,0.26765570044517517,0.018518660217523575,0.01348224189132452,0.26867246627807617,0.03419516980648041,0.0034195161424577236,
bdloc0mw,R_ref,42,37,0.028256608173251152,0.028256608173251152,0.006141905672848225,0.2677180767059326,0.014379246160387993,0.027865620329976082,0.2455020248889923,0.027372637763619423,0.0027372639160603285,
bdloc0mw,R_ref,42,38,0.03864823281764984,0.03864823281764984,0.006186237093061209,0.26765885949134827,0.012812498025596142,0.029252834618091583,0.2514936923980713,0.025894951075315475,0.00258949538692832,
bdloc0mw,R_ref,42,39,0.03010980784893036,0.03010980784893036,0.005416146945208311,0.26770147681236267,0.02768213301897049,0.03771110624074936,0.25598475337028503,0.03339601308107376,0.003339600982144475,
bdloc0mw,R_ref,42,40,0.028194287791848183,0.028194287791848183,0.006583377718925476,0.2679220139980316,0.012864581309258938,0.043263792991638184,0.26150327920913696,0.030964817851781845,0.003096482018008828,
bdloc0mw,R_ref,42,41,0.03705868870019913,0.03705868870019913,0.007847042754292488,0.26744723320007324,0.041515592485666275,0.0408468134701252,0.23686571419239044,0.030007144436240196,0.003000714350491762,
bdloc0mw,R_ref,42,42,0.04062920808792114,0.04062920808792114,0.006190193351358175,0.26782041788101196,0.05805585905909538,0.056169092655181885,0.24606472253799438,0.030055494979023933,0.003005549544468522,
bdloc0mw,R_ref,42,43,0.03290754556655884,0.03290754556655884,0.006798138376325369,0.26738080382347107,0.03485317528247833,0.05030863732099533,0.2477753609418869,0.03106466680765152,0.0031064669601619244,
bdloc0mw,R_ref,42,44,0.029125569388270378,0.029125569388270378,0.007365548051893711,0.2675965428352356,0.03980574384331703,0.06617315113544464,0.24213843047618866,0.031310055404901505,0.0031310045160353184,
bdloc0mw,R_ref,42,45,0.030996913090348244,0.030996913090348244,0.007954608649015427,0.267314612865448,0.04556703194975853,0.07181786000728607,0.27857106924057007,0.03308189660310745,0.0033081895671784878,
bdloc0mw,R_ref,42,46,0.023620212450623512,0.023620212450623512,0.006762878969311714,0.2674602270126343,0.04027027636766434,0.06776165217161179,0.2711157202720642,0.035498302429914474,0.0035498307552188635,
bdloc0mw,R_ref,42,47,0.020719975233078003,0.020719975233078003,0.006197372917085886,0.26820266246795654,0.02682318352162838,0.051219694316387177,0.21142277121543884,0.03564294055104256,0.003564294660463929,
bdloc0mw,R_ref,42,48,0.032616060227155685,0.032616060227155685,0.00730566680431366,0.2677738070487976,0.0605856217443943,0.06902902573347092,0.23897214233875275,0.03317350149154663,0.0033173502888530493,
bdloc0mw,R_ref,42,49,0.0333009697496891,0.0333009697496891,0.005798111204057932,0.2674208879470825,0.039878860116004944,0.07170608639717102,0.2672175467014313,0.03406231477856636,0.003406231990084052,
bdloc0mw,R_ref,42,50,0.03407268971204758,0.03407268971204758,0.007949622347950935,0.26788803935050964,0.07444204390048981,0.0826278105378151,0.2933730483055115,0.03654459863901138,0.0036544601898640394,
bdloc0mw,R_ref,42,51,0.034491486847400665,0.034491486847400665,0.009361731819808483,0.2675454914569855,0.0690927654504776,0.0821806862950325,0.22421273589134216,0.033855412155389786,0.0033855412621051073,
bdloc0mw,R_ref,42,52,0.024761267006397247,0.024761267006397247,0.009368889033794403,0.26790618896484375,0.07305148988962173,0.092552550137043,0.2619871199131012,0.03421936184167862,0.0034219366498291492,
bdloc0mw,R_ref,42,53,0.014377757906913757,0.014377757906913757,0.009290756657719612,0.26733651757240295,0.052348650991916656,0.09682560712099075,0.2633320093154907,0.03777111694216728,0.003777111181989312,
bdloc0mw,R_ref,42,54,0.024655429646372795,0.024655429646372795,0.009305916726589203,0.26751333475112915,0.056147750467061996,0.08800370246171951,0.22525915503501892,0.040884729474782944,0.0040884725749492645,
bdloc0mw,R_ref,42,55,0.022060314193367958,0.022060314193367958,0.009500994347035885,0.26810693740844727,0.0843498557806015,0.0895753800868988,0.2800123393535614,0.03319389373064041,0.0033193896524608135,
bdloc0mw,R_ref,42,56,0.008284184150397778,0.008284184150397778,0.01071346364915371,0.26848843693733215,0.07514689117670059,0.09891510754823685,0.2749970555305481,0.03720647469162941,0.0037206471897661686,
bdloc0mw,R_ref,42,57,0.017340289428830147,0.017340289428830147,0.010140806436538696,0.2674684226512909,0.07195796817541122,0.09625516831874847,0.261373370885849,0.0389210507273674,0.0038921053055673838,
bdloc0mw,R_ref,42,58,0.024621205404400826,0.024621205404400826,0.010013297200202942,0.2688732147216797,0.1013110876083374,0.0971221774816513,0.245074063539505,0.035802923142910004,0.0035802924539893866,
bdloc0mw,R_ref,42,59,0.02357601933181286,0.02357601933181286,0.011773339472711086,0.2677750289440155,0.059118665754795074,0.0958431139588356,0.23459213972091675,0.042554982006549835,0.004255498293787241,
bdloc0mw,R_ref,42,60,0.019350219517946243,0.019350219517946243,0.009323914535343647,0.267561674118042,0.050267983227968216,0.10827500373125076,0.22941212356090546,0.03425201028585434,0.0034252016339451075,
bdloc0mw,R_ref,42,61,0.002268178854137659,0.002268178854137659,0.012234835885465145,0.2706674039363861,0.12636521458625793,0.1123637780547142,0.3031812012195587,0.03807537630200386,0.003807537490502,
bdloc0mw,R_ref,42,62,-0.005849587731063366,-0.005849587731063366,0.010503101162612438,0.2687395215034485,0.0562451034784317,0.13447417318820953,0.31060418486595154,0.040847767144441605,0.004084775689989328,
bdloc0mw,R_ref,42,63,-0.004904559347778559,-0.004904559347778559,0.010536939837038517,0.2690756022930145,0.09989906847476959,0.11081566661596298,0.24924609065055847,0.04170702025294304,0.004170702770352364,
bdloc0mw,R_ref,42,64,0.00594342639669776,0.00594342639669776,0.008257466368377209,0.26829642057418823,0.046462640166282654,0.09238399565219879,0.27384522557258606,0.03291190415620804,0.0032911908347159624,
bdloc0mw,R_ref,42,65,0.004674958996474743,0.004674958996474743,0.007685855031013489,0.26824262738227844,0.01583399623632431,0.12493696063756943,0.30080774426460266,0.040208637714385986,0.0040208641439676285,
bdloc0mw,R_ref,42,66,0.0029661478474736214,0.0029661478474736214,0.010258478112518787,0.2680851221084595,0.0741528645157814,0.1061057299375534,0.25081774592399597,0.04603027552366257,0.004603026434779167,
bdloc0mw,R_ref,42,67,0.005482292268425226,0.005482292268425226,0.011323229409754276,0.2689669132232666,0.08486520498991013,0.11944819986820221,0.28785765171051025,0.049284372478723526,0.0049284384585917,
bdloc0mw,R_ref,42,68,0.004996671807020903,0.004996671807020903,0.011443542316555977,0.26948532462120056,0.11150762438774109,0.13086356222629547,0.24110127985477448,0.043492868542671204,0.004349286202341318,
bdloc0mw,R_ref,42,69,0.011283469386398792,0.011283469386398792,0.01107605267316103,0.26797205209732056,0.07619597017765045,0.12698084115982056,0.23960620164871216,0.04533832147717476,0.004533831495791674,
bdloc0mw,R_ref,42,70,0.014194080606102943,0.014194080606102943,0.01327649224549532,0.26890432834625244,0.1098686009645462,0.13127242028713226,0.23099595308303833,0.037788961082696915,0.0037788969930261374,
bdloc0mw,R_ref,42,71,0.012994716875255108,0.012994716875255108,0.01384489145129919,0.26881143450737,0.10050106048583984,0.1301906704902649,0.26008766889572144,0.042033251374959946,0.004203324671834707,
bdloc0mw,R_ref,42,72,-0.0046168724074959755,-0.0046168724074959755,0.010975709185004234,0.269740492105484,0.1118248850107193,0.1256922483444214,0.24956099689006805,0.04815437272191048,0.004815436899662018,
bdloc0mw,R_ref,42,73,-0.0027495764661580324,-0.0027495764661580324,0.011928969994187355,0.26924973726272583,0.10468913614749908,0.12452791631221771,0.23163150250911713,0.05248608812689781,0.0052486080676317215,
bdloc0mw,R_ref,42,74,0.005381224676966667,0.005381224676966667,0.015463097020983696,0.2684769630432129,0.08165623992681503,0.13242150843143463,0.20786315202713013,0.037277571856975555,0.003727756906300783,
bdloc0mw,R_ref,42,75,0.007174305617809296,0.007174305617809296,0.016937201842665672,0.2689823806285858,0.09491164982318878,0.16277772188186646,0.27283376455307007,0.038033999502658844,0.003803399857133627,
bdloc0mw,R_ref,42,76,-0.0010804753983393312,-0.0010804753983393312,0.015335350297391415,0.2683693766593933,0.07801548391580582,0.1332021802663803,0.21447350084781647,0.05040140077471733,0.005040140822529793,
bdloc0mw,R_ref,42,77,0.0007763975881971419,0.0007763975881971419,0.015815850347280502,0.27038058638572693,0.1406795084476471,0.1520106941461563,0.29347023367881775,0.04338221251964569,0.004338221624493599,
bdloc0mw,R_ref,42,78,0.0031914901919662952,0.0031914901919662952,0.016836227849125862,0.2683963179588318,0.06861289590597153,0.12331398576498032,0.25790101289749146,0.05034061148762703,0.005034061148762703,
bdloc0mw,R_ref,42,79,-0.0015439011622220278,-0.0015439011622220278,0.01665978506207466,0.2691081762313843,0.10722062736749649,0.1601492315530777,0.28691717982292175,0.04869940131902695,0.004869941156357527,
bdloc0mw,R_ref,42,80,0.0053891404531896114,0.0053891404531896114,0.012109322473406792,0.26800984144210815,0.04585530236363411,0.14957508444786072,0.24381829798221588,0.052803389728069305,0.005280340556055307,
bdloc0mw,R_ref,42,81,0.009822087362408638,0.009822087362408638,0.016388550400733948,0.2687278389930725,0.10524158179759979,0.14517460763454437,0.30038511753082275,0.03841100633144379,0.0038411004934459925,
bdloc0mw,R_ref,42,82,0.019398316740989685,0.019398316740989685,0.015416271053254604,0.2678770124912262,0.07726500928401947,0.13213618099689484,0.22420203685760498,0.049839843064546585,0.004983984399586916,
bdloc0mw,R_ref,42,83,0.012051529251039028,0.012051529251039028,0.01893574558198452,0.26992613077163696,0.12894409894943237,0.14086981117725372,0.250285267829895,0.04234300181269646,0.004234299995005131,
bdloc0mw,R_ref,42,84,0.0051976158283650875,0.0051976158283650875,0.017148606479167938,0.2700621485710144,0.14293794333934784,0.14941942691802979,0.260899156332016,0.046958599239587784,0.004695860669016838,
bdloc0mw,R_ref,42,85,0.009272719733417034,0.009272719733417034,0.018192041665315628,0.2682526707649231,0.051172688603401184,0.17425261437892914,0.2571399211883545,0.03907853364944458,0.0039078532718122005,
bdloc0mw,R_ref,42,86,0.009213382378220558,0.009213382378220558,0.020475203171372414,0.267814964056015,0.07580060511827469,0.16123932600021362,0.24315854907035828,0.04004310816526413,0.004004310350865126,
bdloc0mw,R_ref,42,87,0.017305277287960052,0.017305277287960052,0.020129378885030746,0.2676614224910736,0.06208111718297005,0.1641577035188675,0.2606291174888611,0.04107256606221199,0.004107258748263121,
bdloc0mw,R_ref,42,88,0.018184754997491837,0.018184754997491837,0.019700216129422188,0.2681744396686554,0.07883693277835846,0.15662097930908203,0.28826406598091125,0.04047021642327309,0.004047022201120853,
bdloc0mw,R_ref,42,89,0.013325771316885948,0.013325771316885948,0.013880489394068718,0.2697170376777649,0.13063094019889832,0.158808633685112,0.22389103472232819,0.047778259962797165,0.004777826368808746,
bdloc0mw,R_ref,42,90,0.018812265247106552,0.018812265247106552,0.0205935500562191,0.2681105136871338,0.05657318979501724,0.14508290588855743,0.2423754185438156,0.04927140101790428,0.004927140194922686,
bdloc0mw,R_ref,42,91,0.015428556129336357,0.015428556129336357,0.02304951846599579,0.2675342261791229,0.056660719215869904,0.1564667820930481,0.2602177560329437,0.05178358033299446,0.005178357008844614,
bdloc0mw,R_ref,42,92,0.009217300452291965,0.009217300452291965,0.020048297941684723,0.2701086103916168,0.1390213519334793,0.15569214522838593,0.29927363991737366,0.04909683018922806,0.0049096825532615185,
bdloc0mw,R_ref,42,93,0.014478649944067001,0.014478649944067001,0.021935567259788513,0.26820826530456543,0.10169482976198196,0.17140871286392212,0.2902400493621826,0.04254880174994469,0.004254879895597696,
bdloc0mw,R_ref,42,94,0.009873650968074799,0.009873650968074799,0.01857304759323597,0.26801493763923645,0.08389873802661896,0.17272154986858368,0.25343579053878784,0.041163504123687744,0.004116349387913942,
bdloc0mw,R_ref,42,95,0.009523369371891022,0.009523369371891022,0.0219085905700922,0.2687848210334778,0.11085394024848938,0.18782907724380493,0.23435500264167786,0.04327058047056198,0.004327059723436832,
bdloc0mw,R_ref,42,96,0.030932685360312462,0.030932685360312462,0.016568327322602272,0.26771771907806396,0.07071894407272339,0.15897469222545624,0.26320958137512207,0.044547416269779205,0.004454742651432753,
bdloc0mw,R_ref,42,97,0.02223832905292511,0.02223832905292511,0.02234198898077011,0.2678021192550659,0.0813908725976944,0.1805233657360077,0.2294463813304901,0.05128242447972298,0.0051282430067658424,
bdloc0mw,R_ref,42,98,0.0186338871717453,0.0186338871717453,0.02006625570356846,0.2681620419025421,0.08215959370136261,0.1613783985376358,0.22720983624458313,0.05009656026959419,0.005009655375033617,
bdloc0mw,R_ref,42,99,0.0032141099218279123,0.0032141099218279123,0.022365327924489975,0.26796215772628784,0.08093438297510147,0.14484208822250366,0.2690672278404236,0.05137966200709343,0.005137966014444828,
bdloc0mw,R_ref,42,100,0.011996426619589329,0.011996426619589329,0.020122088491916656,0.26833876967430115,0.07968392968177795,0.16043472290039062,0.24775536358356476,0.04342729225754738,0.0043427287600934505,
bdloc0mw,R_ref,42,101,0.013225309550762177,0.013225309550762177,0.01263965480029583,0.26868143677711487,0.029100045561790466,0.10490424931049347,0.24871769547462463,0.08853935450315475,0.008853932842612267,
bdloc0mw,R_ref,42,102,0.014480228535830975,0.014480228535830975,0.016016760841012,0.2683080732822418,0.07433313131332397,0.11380824446678162,0.24428223073482513,0.037328045815229416,0.0037328051403164864,
bdloc0mw,R_ref,42,103,0.0025710163172334433,0.0025710163172334433,0.015947069972753525,0.2678416967391968,0.0671415776014328,0.13922390341758728,0.2604326605796814,0.03887060284614563,0.003887060796841979,
bdloc0mw,R_ref,42,104,0.0016051598358899355,0.0016051598358899355,0.017613014206290245,0.26902279257774353,0.10351429134607315,0.14447033405303955,0.2571234405040741,0.04092345014214516,0.00409234594553709,
bdloc0mw,R_ref,42,105,0.007583374157547951,0.007583374157547951,0.018047599121928215,0.2693716585636139,0.12462808191776276,0.14027324318885803,0.2527928352355957,0.04555761069059372,0.004555761814117432,
bdloc0mw,R_ref,42,106,0.010544968768954277,0.010544968768954277,0.016743576154112816,0.26795580983161926,0.03587264567613602,0.16454793512821198,0.23590905964374542,0.044499076902866364,0.004449908155947924,
bdloc0mw,R_ref,42,107,0.004441364668309689,0.004441364668309689,0.01687791757285595,0.2687762379646301,0.0657840296626091,0.16043183207511902,0.24813130497932434,0.04261813685297966,0.004261814057826996,
bdloc0mw,R_ref,42,108,0.008932394906878471,0.008932394906878471,0.02003425545990467,0.26848283410072327,0.10505867004394531,0.1796845644712448,0.29478833079338074,0.042556799948215485,0.004255680367350578,
bdloc0mw,R_ref,42,109,0.009192381985485554,0.009192381985485554,0.02070675604045391,0.26825761795043945,0.0706118494272232,0.1850200593471527,0.2846428453922272,0.039002854377031326,0.0039002869743853807,
bdloc0mw,R_ref,42,110,0.01701057143509388,0.01701057143509388,0.023940272629261017,0.26784852147102356,0.0619976669549942,0.1683453470468521,0.22911150753498077,0.04248521104454994,0.004248520825058222,
bdloc0mw,R_ref,42,111,0.011883031576871872,0.011883031576871872,0.021129755303263664,0.2683984637260437,0.08511658757925034,0.16293391585350037,0.24317236244678497,0.04303609952330589,0.004303609486669302,
bdloc0mw,R_ref,42,112,0.004706064239144325,0.004706064239144325,0.01798529364168644,0.26828745007514954,0.0896468386054039,0.1834077388048172,0.2515692412853241,0.04900350049138069,0.004900350235402584,
bdloc0mw,R_ref,42,113,0.011976446025073528,0.011976446025073528,0.021353546530008316,0.26766398549079895,0.07937953621149063,0.18399691581726074,0.24872475862503052,0.03893352672457695,0.0038933525793254375,
bdloc0mw,R_ref,42,114,0.008486263453960419,0.008486263453960419,0.021869871765375137,0.2679866552352905,0.07160566747188568,0.1834890991449356,0.26649564504623413,0.04322803020477295,0.004322802647948265,
bdloc0mw,R_ref,42,115,0.027752093970775604,0.027752093970775604,0.021194282919168472,0.26777350902557373,0.08093651384115219,0.1786712259054184,0.2949213683605194,0.044921040534973145,0.0044921040534973145,
bdloc0mw,R_ref,42,116,0.010616506449878216,0.010616506449878216,0.022110741585493088,0.2682070732116699,0.09561873972415924,0.19090485572814941,0.2624804675579071,0.042213719338178635,0.004221371375024319,
bdloc0mw,R_ref,42,117,0.01748422347009182,0.01748422347009182,0.02333688735961914,0.26861628890037537,0.10302913933992386,0.18864037096500397,0.25878968834877014,0.043599825352430344,0.004359982907772064,
bdloc0mw,R_ref,42,118,0.013490483164787292,0.013490483164787292,0.018472539260983467,0.2681114077568054,0.0565607026219368,0.18037226796150208,0.31465911865234375,0.04319717362523079,0.004319718107581139,
bdloc0mw,R_ref,42,119,0.01550340373069048,0.01550340373069048,0.023719262331724167,0.26730361580848694,0.050080396234989166,0.1914817988872528,0.22520148754119873,0.04625769332051277,0.00462576886638999,
bdloc0mw,R_ref,42,120,0.006498800124973059,0.006498800124973059,0.02117302268743515,0.2679367661476135,0.07369406521320343,0.1806166023015976,0.26904287934303284,0.0453336164355278,0.0045333621092140675,
bdloc0mw,R_ref,42,121,0.011086678132414818,0.011086678132414818,0.023850100114941597,0.26951026916503906,0.12838950753211975,0.18143680691719055,0.26065969467163086,0.045087460428476334,0.004508747719228268,
bdloc0mw,R_ref,42,122,0.0165998637676239,0.0165998637676239,0.02535628341138363,0.26830101013183594,0.09829910844564438,0.1987859159708023,0.2529567778110504,0.03820662200450897,0.003820662619546056,
bdloc0mw,R_ref,42,123,0.019344646483659744,0.019344646483659744,0.020154397934675217,0.268292635679245,0.09875122457742691,0.18786099553108215,0.31021425127983093,0.04243766516447067,0.00424376642331481,
bdloc0mw,R_ref,42,124,0.01383636612445116,0.01383636612445116,0.022198937833309174,0.26801231503486633,0.08898922055959702,0.19746655225753784,0.24838002026081085,0.03964681550860405,0.003964680712670088,
bdloc0mw,R_ref,42,125,0.012356556951999664,0.012356556951999664,0.020219409838318825,0.2730783224105835,0.22103887796401978,0.19166293740272522,0.23989154398441315,0.0447373166680336,0.0044737327843904495,
bdloc0mw,R_ref,42,126,0.02165013737976551,0.02165013737976551,0.02002152055501938,0.2675348222255707,0.06999213993549347,0.18242153525352478,0.2748108506202698,0.04597117751836777,0.004597117658704519,
bdloc0mw,R_ref,42,127,0.01612839847803116,0.01612839847803116,0.02671700529754162,0.26777875423431396,0.10560665279626846,0.18730291724205017,0.2813747227191925,0.041528843343257904,0.0041528851725161076,
bdloc0mw,R_ref,42,128,0.032840877771377563,0.032840877771377563,0.021565169095993042,0.26752734184265137,0.08364470303058624,0.17962001264095306,0.2839469611644745,0.04822598397731781,0.004822597838938236,
bdloc0mw,R_ref,42,129,0.02235507033765316,0.02235507033765316,0.01866808906197548,0.2678294777870178,0.0944289043545723,0.1899733990430832,0.3032938539981842,0.04246789962053299,0.004246790427714586,
bdloc0mw,R_ref,42,130,0.027414042502641678,0.027414042502641678,0.024884996935725212,0.26725146174430847,0.08278480917215347,0.19884255528450012,0.3003978133201599,0.040579963475465775,0.00405799550935626,
bdloc0mw,R_ref,42,131,0.013722576200962067,0.013722576200962067,0.022763045504689217,0.2690979540348053,0.14147599041461945,0.192586749792099,0.24736273288726807,0.04156704619526863,0.00415670545771718,
bdloc0mw,R_ref,42,132,0.019854558631777763,0.019854558631777763,0.027656976133584976,0.26783356070518494,0.11247555166482925,0.19089321792125702,0.25712114572525024,0.04590445011854172,0.004590445198118687,
bdloc0mw,R_ref,42,133,0.014385172165930271,0.014385172165930271,0.02601497620344162,0.2686873972415924,0.12235208600759506,0.19182899594306946,0.26570725440979004,0.04599568620324135,0.0045995693653821945,
bdloc0mw,R_ref,42,134,0.020152192562818527,0.020152192562818527,0.029421357437968254,0.26791825890541077,0.08201882988214493,0.19976170361042023,0.26539966464042664,0.04188719391822815,0.004188718739897013,
bdloc0mw,R_ref,42,135,0.014991030097007751,0.014991030097007751,0.026053640991449356,0.2678040862083435,0.09501036256551743,0.19099995493888855,0.2657889425754547,0.046022605150938034,0.004602259956300259,
bdloc0mw,R_ref,42,136,0.01946665160357952,0.01946665160357952,0.020018095150589943,0.2714952826499939,0.1751457303762436,0.19375421106815338,0.291215181350708,0.03943290561437607,0.003943291027098894,
bdloc0mw,R_ref,42,137,0.025071535259485245,0.025071535259485245,0.026327185332775116,0.26796919107437134,0.0954955443739891,0.19868288934230804,0.24926550686359406,0.039373498409986496,0.003937349654734135,
bdloc0mw,R_ref,42,138,0.02213527075946331,0.02213527075946331,0.022561952471733093,0.2674439549446106,0.08125656843185425,0.199907585978508,0.2772744596004486,0.04225185513496399,0.004225186072289944,
bdloc0mw,R_ref,42,139,0.026262814179062843,0.026262814179062843,0.025113139301538467,0.2675326466560364,0.08053521811962128,0.20537663996219635,0.2578652799129486,0.0357295460999012,0.003572954563423991,
bdloc0mw,R_ref,42,140,0.02835136279463768,0.02835136279463768,0.026447542011737823,0.2675493061542511,0.0815538614988327,0.20313628017902374,0.23703503608703613,0.042294975370168686,0.004229498095810413,
bdloc0mw,R_ref,42,141,0.016625024378299713,0.016625024378299713,0.02867741696536541,0.267203688621521,0.0865197703242302,0.2007855772972107,0.2722523808479309,0.04477442055940628,0.004477444104850292,
bdloc0mw,R_ref,42,142,0.0163787379860878,0.0163787379860878,0.026928067207336426,0.26813483238220215,0.1249203160405159,0.20002245903015137,0.2379349023103714,0.04360969737172127,0.004360970575362444,
bdloc0mw,R_ref,42,143,0.03232663497328758,0.03232663497328758,0.02898363582789898,0.26663777232170105,0.06655945628881454,0.20084327459335327,0.2435259073972702,0.04537627100944519,0.004537626635283232,
bdloc0mw,R_ref,42,144,0.02099728211760521,0.02099728211760521,0.022749630734324455,0.2672530710697174,0.08006960898637772,0.19027261435985565,0.2390156239271164,0.04414457455277443,0.004414456896483898,
bdloc0mw,R_ref,42,145,0.023987000808119774,0.023987000808119774,0.03186258301138878,0.26764196157455444,0.1133914664387703,0.20060394704341888,0.24886290729045868,0.03985414281487465,0.003985414281487465,
bdloc0mw,R_ref,42,146,0.016049522906541824,0.016049522906541824,0.029227931052446365,0.26828691363334656,0.098260797560215,0.19526611268520355,0.23484289646148682,0.04475504159927368,0.004475504159927368,
bdloc0mw,R_ref,42,147,0.013824621215462685,0.013824621215462685,0.023218557238578796,0.26923251152038574,0.14269201457500458,0.20290860533714294,0.2744002938270569,0.047372639179229736,0.004737263545393944,
bdloc0mw,R_ref,42,148,0.01774347946047783,0.01774347946047783,0.026309268549084663,0.26877984404563904,0.11625555902719498,0.1865006685256958,0.23299869894981384,0.06024305149912834,0.006024304777383804,
bdloc0mw,R_ref,42,149,0.02348829247057438,0.02348829247057438,0.028591174632310867,0.2685915231704712,0.12603174149990082,0.18990859389305115,0.25423339009284973,0.043526191264390945,0.004352619871497154,
bdloc0mw,R_ref,42,150,0.030528774484992027,0.030528774484992027,0.024438664317131042,0.2672063410282135,0.09351933002471924,0.1754608303308487,0.2491094172000885,0.060482196509838104,0.006048219278454781,
bdloc0mw,R_ref,42,151,0.013293465599417686,0.013293465599417686,0.023003285750746727,0.26755329966545105,0.08318600803613663,0.15201358497142792,0.252665251493454,0.054925110191106796,0.005492511671036482,
bdloc0mw,R_ref,42,152,0.02035895362496376,0.02035895362496376,0.03021310456097126,0.2686311900615692,0.1285707652568817,0.16792146861553192,0.2366645187139511,0.048956334590911865,0.004895632155239582,
bdloc0mw,R_ref,42,153,0.020000183954834938,0.020000183954834938,0.03114425018429756,0.2686358094215393,0.1417732536792755,0.1848059594631195,0.2580159306526184,0.045112013816833496,0.004511202219873667,
bdloc0mw,R_ref,42,154,0.021074021235108376,0.021074021235108376,0.023684823885560036,0.2680262625217438,0.11084837466478348,0.17063525319099426,0.26326972246170044,0.043311912566423416,0.004331191536039114,
bdloc0mw,R_ref,42,155,0.02196473628282547,0.02196473628282547,0.031172696501016617,0.2684149146080017,0.12610793113708496,0.20783424377441406,0.2592404782772064,0.039510879665613174,0.003951087128371,
bdloc0mw,R_ref,42,156,0.018539829179644585,0.018539829179644585,0.027723899111151695,0.273065447807312,0.22847944498062134,0.2081323117017746,0.24264806509017944,0.045931823551654816,0.004593181889504194,
bdloc0mw,R_ref,42,157,0.021334057673811913,0.021334057673811913,0.023863332346081734,0.2680184245109558,0.09948857128620148,0.16985103487968445,0.28122198581695557,0.060420867055654526,0.006042086984962225,
bdloc0mw,R_ref,42,158,0.022626284509897232,0.022626284509897232,0.022353947162628174,0.26762524247169495,0.06820522993803024,0.1826893836259842,0.22198030352592468,0.051845014095306396,0.005184500478208065,
bdloc0mw,R_ref,42,159,0.024352576583623886,0.024352576583623886,0.026327649131417274,0.2674855589866638,0.09334423393011093,0.19022005796432495,0.2909811735153198,0.04668509587645531,0.004668509587645531,
bdloc0mw,R_ref,42,160,0.02839653380215168,0.02839653380215168,0.02525859884917736,0.2680990993976593,0.1121707409620285,0.19318582117557526,0.2866622805595398,0.04506951570510864,0.004506952594965696,
bdloc0mw,R_ref,42,161,0.02932758629322052,0.02932758629322052,0.030909357592463493,0.26821014285087585,0.12435223907232285,0.20273645222187042,0.220156729221344,0.03945409506559372,0.003945409320294857,
bdloc0mw,R_ref,42,162,0.016250083222985268,0.016250083222985268,0.03865595906972885,0.26868051290512085,0.13807813823223114,0.2031663954257965,0.22851361334323883,0.04180578514933586,0.004180578514933586,
bdloc0mw,R_ref,42,163,0.02290964312851429,0.02290964312851429,0.02655075676739216,0.270546555519104,0.16668684780597687,0.20974671840667725,0.25435757637023926,0.04362177103757858,0.004362176638096571,
bdloc0mw,R_ref,42,164,0.02539389207959175,0.02539389207959175,0.031176883727312088,0.26755669713020325,0.10042206943035126,0.2077515721321106,0.24733766913414001,0.044849324971437454,0.004484931938350201,
bdloc0mw,R_ref,42,165,0.015927931293845177,0.015927931293845177,0.033633969724178314,0.26792192459106445,0.11631441116333008,0.20198078453540802,0.23672665655612946,0.04174807295203209,0.004174805711954832,
bdloc0mw,R_ref,42,166,0.021247725933790207,0.021247725933790207,0.0349927619099617,0.26774194836616516,0.10026443749666214,0.20686106383800507,0.2860346734523773,0.04337485134601593,0.004337484482675791,
bdloc0mw,R_ref,42,167,0.017313070595264435,0.017313070595264435,0.03569983318448067,0.26733559370040894,0.09443386644124985,0.20673716068267822,0.26325926184654236,0.04008922353386879,0.0040089222602546215,
bdloc0mw,R_ref,42,168,0.030125632882118225,0.030125632882118225,0.0305106770247221,0.2667577862739563,0.052963051944971085,0.20315054059028625,0.259468674659729,0.047620341181755066,0.004762033931910992,
bdloc0mw,R_ref,42,169,0.022456400096416473,0.022456400096416473,0.031748540699481964,0.26685813069343567,0.05460003763437271,0.20256280899047852,0.2749873101711273,0.046868763864040375,0.0046868762001395226,
bdloc0mw,R_ref,42,170,0.034264445304870605,0.034264445304870605,0.0326400063931942,0.2672697603702545,0.08806705474853516,0.21172471344470978,0.25442537665367126,0.04465241730213165,0.0044652423821389675,
bdloc0mw,R_ref,42,171,0.02543029747903347,0.02543029747903347,0.038549747318029404,0.267181396484375,0.09347984939813614,0.21278411149978638,0.22512763738632202,0.041284266859292984,0.0041284277103841305,
bdloc0mw,R_ref,42,172,0.02695421874523163,0.02695421874523163,0.037179525941610336,0.26768481731414795,0.10994283854961395,0.21357692778110504,0.23925726115703583,0.04100343957543373,0.004100343678146601,
bdloc0mw,R_ref,42,173,0.03160969540476799,0.03160969540476799,0.033975522965192795,0.26703277230262756,0.07501248270273209,0.20855867862701416,0.24829261004924774,0.05053083226084709,0.005053083878010511,
bdloc0mw,R_ref,42,174,0.029825923964381218,0.029825923964381218,0.038536593317985535,0.267023503780365,0.08446706831455231,0.2119862288236618,0.27116093039512634,0.04362194612622261,0.004362194798886776,
bdloc0mw,R_ref,42,175,0.022506188601255417,0.022506188601255417,0.04297569766640663,0.266974538564682,0.10076259076595306,0.20979043841362,0.25740984082221985,0.0486004501581192,0.004860045854002237,
bdloc0mw,R_ref,42,176,0.03577915206551552,0.03577915206551552,0.035927705466747284,0.2671513557434082,0.07628484815359116,0.21717679500579834,0.26280269026756287,0.04499852657318115,0.0044998531229794025,
bdloc0mw,R_ref,42,177,0.02829856052994728,0.02829856052994728,0.025659609586000443,0.2685939371585846,0.11391066014766693,0.21649883687496185,0.24488911032676697,0.04425786808133125,0.00442578736692667,
bdloc0mw,R_ref,42,178,0.03629292547702789,0.03629292547702789,0.0315801240503788,0.2683279812335968,0.1306404322385788,0.21164298057556152,0.27202773094177246,0.044182147830724716,0.004418214317411184,
bdloc0mw,R_ref,42,179,0.02230718731880188,0.02230718731880188,0.03340744972229004,0.26844340562820435,0.1279023289680481,0.2155947983264923,0.2721942067146301,0.040847502648830414,0.004084750544279814,
bdloc0mw,R_ref,42,180,0.01955348625779152,0.01955348625779152,0.03634350746870041,0.26844313740730286,0.11957228183746338,0.22508995234966278,0.27984070777893066,0.0432729534804821,0.004327296279370785,
bdloc0mw,R_ref,42,181,0.012625514529645443,0.012625514529645443,0.0298021100461483,0.26897189021110535,0.1320517659187317,0.21191254258155823,0.2354232370853424,0.04904305189847946,0.004904304631054401,
bdloc0mw,R_ref,42,182,0.047154463827610016,0.047154463827610016,0.039562907069921494,0.26706311106681824,0.07845885306596756,0.20185142755508423,0.26844853162765503,0.050739359110593796,0.005073935724794865,
bdloc0mw,R_ref,42,183,0.026081304997205734,0.026081304997205734,0.0338381864130497,0.2689410150051117,0.12539398670196533,0.1984846591949463,0.22359976172447205,0.05205802246928215,0.005205800756812096,
bdloc0mw,R_ref,42,184,0.028622878715395927,0.028622878715395927,0.04621425271034241,0.2699791491031647,0.1831636279821396,0.21918885409832,0.2594486474990845,0.04274611547589302,0.0042746118269860744,
bdloc0mw,R_ref,42,185,0.029361192137002945,0.029361192137002945,0.03512074425816536,0.267353355884552,0.09084141999483109,0.212375208735466,0.2165389508008957,0.04892389103770256,0.004892388824373484,
bdloc0mw,R_ref,42,186,0.01676807552576065,0.01676807552576065,0.03341289237141609,0.26804593205451965,0.103974848985672,0.21797925233840942,0.26074621081352234,0.041763465851545334,0.004176346119493246,
bdloc0mw,R_ref,42,187,0.0128396674990654,0.0128396674990654,0.03109230473637581,0.2683984637260437,0.1171175166964531,0.2190254032611847,0.24114644527435303,0.038406696170568466,0.003840669523924589,
bdloc0mw,R_ref,42,188,0.021712826564908028,0.021712826564908028,0.045687660574913025,0.2678816318511963,0.13193589448928833,0.22565233707427979,0.24575281143188477,0.04286971688270569,0.004286972340196371,
bdloc0mw,R_ref,42,189,0.03041328489780426,0.03041328489780426,0.03893016651272774,0.26851344108581543,0.14042110741138458,0.22213640809059143,0.23928269743919373,0.041642725467681885,0.004164271987974644,
bdloc0mw,R_ref,42,190,0.043755024671554565,0.043755024671554565,0.040614787489175797,0.26730799674987793,0.0809532105922699,0.22433799505233765,0.255145788192749,0.04543370380997658,0.004543371498584747,
bdloc0mw,R_ref,42,191,0.028539298102259636,0.028539298102259636,0.031025493517518044,0.2674349844455719,0.10114564746618271,0.22380836308002472,0.2133849710226059,0.043152086436748505,0.004315207712352276,
bdloc0mw,R_ref,42,192,0.03480188921093941,0.03480188921093941,0.04117557033896446,0.26853808760643005,0.1391267031431198,0.2238706350326538,0.2600327730178833,0.04362652450799942,0.0043626525439321995,
bdloc0mw,R_ref,42,193,0.02797488123178482,0.02797488123178482,0.043639760464429855,0.2715446650981903,0.2080342322587967,0.21521535515785217,0.2865731716156006,0.05304469168186188,0.005304469261318445,
bdloc0mw,R_ref,42,194,0.025541748851537704,0.025541748851537704,0.03548809513449669,0.26818418502807617,0.13865314424037933,0.22430789470672607,0.2959575653076172,0.047915779054164886,0.004791577812284231,
bdloc0mw,R_ref,42,195,0.027117550373077393,0.027117550373077393,0.03614430129528046,0.26874324679374695,0.14935842156410217,0.22393371164798737,0.261097252368927,0.04205424711108208,0.004205424804240465,
bdloc0mw,R_ref,42,196,0.03908700868487358,0.03908700868487358,0.04442901536822319,0.26861071586608887,0.1546594798564911,0.2092076539993286,0.27774176001548767,0.04931701347231865,0.004931701812893152,
bdloc0mw,R_ref,42,197,0.032674241811037064,0.032674241811037064,0.045115742832422256,0.2695765793323517,0.17881716787815094,0.20899713039398193,0.24867627024650574,0.05911997705698013,0.005911997985094786,
bdloc0mw,R_ref,42,198,0.02994113601744175,0.02994113601744175,0.05189335718750954,0.2681373655796051,0.12753154337406158,0.21326664090156555,0.22502729296684265,0.05462377518415451,0.005462377332150936,
bdloc0mw,R_ref,42,199,0.040906455367803574,0.040906455367803574,0.03568229079246521,0.2671366035938263,0.07068265229463577,0.2214551866054535,0.2845827639102936,0.050566546618938446,0.005056655500084162,
bdloc0mw,R_ref,42,200,0.028072506189346313,0.028072506189346313,0.04401373863220215,0.26885440945625305,0.15110743045806885,0.22046589851379395,0.24309872090816498,0.050454143434762955,0.005045414436608553,
bdloc0mw,R_ref,42,201,0.00923822820186615,0.00923822820186615,0.036234140396118164,0.2706252634525299,0.17151953279972076,0.22169700264930725,0.2326871007680893,0.04865318909287453,0.0048653180710971355,
bdloc0mw,R_ref,42,202,0.04936838150024414,0.04936838150024414,0.0447358638048172,0.26616933941841125,0.08877871930599213,0.22594323754310608,0.2716442346572876,0.045869968831539154,0.004586995579302311,
bdloc0mw,R_ref,42,203,0.03932850807905197,0.03932850807905197,0.03070491924881935,0.26721277832984924,0.06130235269665718,0.22522178292274475,0.23741643130779266,0.04517096281051636,0.004517096560448408,
bdloc0mw,R_ref,42,204,0.03647544980049133,0.03647544980049133,0.038722023367881775,0.2675626277923584,0.11780905723571777,0.23167484998703003,0.3301454782485962,0.038884419947862625,0.0038884419482201338,
bdloc0mw,R_ref,42,205,0.027715375646948814,0.027715375646948814,0.04608015716075897,0.2686472535133362,0.14816637337207794,0.23404204845428467,0.26180392503738403,0.043870046734809875,0.004387004766613245,
bdloc0mw,R_ref,42,206,0.04411393776535988,0.04411393776535988,0.038692913949489594,0.2673712372779846,0.12510444223880768,0.23195400834083557,0.2504788637161255,0.0456632599234581,0.00456632673740387,
bdloc0mw,R_ref,42,207,0.036633629351854324,0.036633629351854324,0.04967572167515755,0.2690066695213318,0.16776718199253082,0.23304300010204315,0.2566605806350708,0.04371871054172516,0.004371871240437031,
bdloc0mw,R_ref,42,208,0.03480589762330055,0.03480589762330055,0.04941561445593834,0.2681189179420471,0.1412191390991211,0.21611812710762024,0.25268009305000305,0.0499824583530426,0.004998246673494577,
bdloc0mw,R_ref,42,209,0.047164663672447205,0.047164663672447205,0.0383731871843338,0.2690976858139038,0.15931519865989685,0.22900716960430145,0.2469380497932434,0.050622522830963135,0.005062253214418888,
bdloc0mw,R_ref,42,210,0.02561529353260994,0.02561529353260994,0.04622902348637581,0.2683095633983612,0.14740078151226044,0.23394989967346191,0.27086085081100464,0.044736847281455994,0.004473684821277857,
bdloc0mw,R_ref,42,211,0.04262242838740349,0.04262242838740349,0.056213442236185074,0.26626771688461304,0.1051352322101593,0.23158663511276245,0.24003708362579346,0.04889722168445587,0.004889721516519785,
bdloc0mw,R_ref,42,212,0.04960086569190025,0.04960086569190025,0.05421704798936844,0.267913818359375,0.1614498794078827,0.23431164026260376,0.2603016197681427,0.049975354224443436,0.0049975356087088585,
bdloc0mw,R_ref,42,213,0.0249741543084383,0.0249741543084383,0.04603777453303337,0.2709755301475525,0.1977507770061493,0.22609302401542664,0.2373020350933075,0.05364733561873436,0.005364733282476664,
bdloc0mw,R_ref,42,214,0.051833976060152054,0.051833976060152054,0.044933903962373734,0.26793721318244934,0.15932422876358032,0.2240573614835739,0.26302891969680786,0.05149710923433304,0.0051497104577720165,
bdloc0mw,R_ref,42,215,0.041741836816072464,0.041741836816072464,0.049731213599443436,0.26783326268196106,0.1486765742301941,0.24036696553230286,0.22633568942546844,0.04532192274928093,0.004532191436737776,
bdloc0mw,R_ref,42,216,0.027286963537335396,0.027286963537335396,0.05009596049785614,0.26876431703567505,0.15772023797035217,0.2399219125509262,0.2743794620037079,0.04912203922867775,0.00491220410913229,
bdloc0mw,R_ref,42,217,0.029716160148382187,0.029716160148382187,0.055045224726200104,0.27045372128486633,0.19140370190143585,0.23888897895812988,0.23750528693199158,0.04749969765543938,0.004749969579279423,
bdloc0mw,R_ref,42,218,0.033711064606904984,0.033711064606904984,0.044334910809993744,0.2682584524154663,0.1321176290512085,0.23061919212341309,0.2505999505519867,0.052418194711208344,0.005241819657385349,
bdloc0mw,R_ref,42,219,0.05421808734536171,0.05421808734536171,0.05701744928956032,0.2688516080379486,0.18025176227092743,0.2349676638841629,0.2936355173587799,0.04767332226037979,0.004767331760376692,
bdloc0mw,R_ref,42,220,0.04323582351207733,0.04323582351207733,0.05520690977573395,0.26782500743865967,0.1458062082529068,0.24450553953647614,0.2150319516658783,0.04801228642463684,0.004801229108124971,
bdloc0mw,R_ref,42,221,0.040772031992673874,0.040772031992673874,0.05691434070467949,0.2670215666294098,0.11461040377616882,0.23890450596809387,0.24380245804786682,0.04606455937027931,0.004606456030160189,
bdloc0mw,R_ref,42,222,0.03169810771942139,0.03169810771942139,0.05238627642393112,0.2698386609554291,0.17779693007469177,0.2474086880683899,0.2703058123588562,0.04631812125444412,0.00463181221857667,
bdloc0mw,R_ref,42,223,0.02531273476779461,0.02531273476779461,0.03611738607287407,0.2692282497882843,0.14964456856250763,0.23599472641944885,0.25384241342544556,0.05040482059121132,0.005040482617914677,
bdloc0mw,R_ref,42,224,0.037661973387002945,0.037661973387002945,0.042011234909296036,0.2701811194419861,0.18202076852321625,0.23690594732761383,0.2383817732334137,0.056366316974163055,0.005636631045490503,
bdloc0mw,R_ref,42,225,0.032569192349910736,0.032569192349910736,0.049214255064725876,0.2695898711681366,0.18230897188186646,0.2325463742017746,0.21078282594680786,0.05816140025854111,0.005816140677779913,
bdloc0mw,R_ref,42,226,0.03515970706939697,0.03515970706939697,0.05112187936902046,0.2668899893760681,0.10443933308124542,0.2240925282239914,0.23115487396717072,0.07205262780189514,0.0072052618488669395,
bdloc0mw,R_ref,42,227,0.03741610795259476,0.03741610795259476,0.005992609076201916,0.2686784863471985,0.005933328531682491,0.07931099832057953,0.29455897212028503,0.0879201740026474,0.00879201665520668,
bdloc0mw,R_ref,42,228,0.025410326197743416,0.025410326197743416,0.027794133871793747,0.26833972334861755,0.08093948662281036,0.09594862163066864,0.22490118443965912,0.03889695927500725,0.0038896959740668535,
bdloc0mw,R_ref,42,229,0.04094603285193443,0.04094603285193443,0.04038851335644722,0.2683941423892975,0.11670412868261337,0.11193728446960449,0.2412164807319641,0.04531107842922211,0.004531107842922211,
bdloc0mw,R_ref,42,230,0.06268218904733658,0.06268218904733658,0.05175592377781868,0.2662358283996582,0.06849335134029388,0.15525005757808685,0.22112952172756195,0.052079372107982635,0.0052079372107982635,
bdloc0mw,R_ref,42,231,0.042084939777851105,0.042084939777851105,0.036308057606220245,0.2671182453632355,0.10200504958629608,0.19726800918579102,0.2456950545310974,0.04645729437470436,0.0046457285061478615,
bdloc0mw,R_ref,42,232,0.05468384921550751,0.05468384921550751,0.034657008945941925,0.26656460762023926,0.057807907462120056,0.1926828920841217,0.24907846748828888,0.06124085560441017,0.006124086212366819,
bdloc0mw,R_ref,42,233,0.04658250883221626,0.04658250883221626,0.039996735751628876,0.2676812708377838,0.13297902047634125,0.20660628378391266,0.2894173264503479,0.05221415311098099,0.0052214148454368114,
bdloc0mw,R_ref,42,234,0.04309487342834473,0.04309487342834473,0.04588255286216736,0.26819467544555664,0.14395993947982788,0.21499110758304596,0.2442806512117386,0.053228046745061874,0.0053228032775223255,
bdloc0mw,R_ref,42,235,0.04113997519016266,0.04113997519016266,0.04090170934796333,0.2684403359889984,0.14540304243564606,0.22438515722751617,0.24522696435451508,0.04647838696837425,0.0046478379517793655,
bdloc0mw,R_ref,42,236,0.04712819680571556,0.04712819680571556,0.057577263563871384,0.2684538662433624,0.1729898899793625,0.23666778206825256,0.24525150656700134,0.061682406812906265,0.006168240215629339,
bdloc0mw,R_ref,42,237,0.05375010520219803,0.05375010520219803,0.03744511678814888,0.26690882444381714,0.07447687536478043,0.14590083062648773,0.26265859603881836,0.05773615092039108,0.005773616023361683,
bdloc0mw,R_ref,42,238,0.03433947637677193,0.03433947637677193,0.046056006103754044,0.26780256628990173,0.13346466422080994,0.21073083579540253,0.24706245958805084,0.05324005335569382,0.005324005614966154,
bdloc0mw,R_ref,42,239,0.032169047743082047,0.032169047743082047,0.03594860062003136,0.2673490047454834,0.11000680923461914,0.2248145043849945,0.2563233971595764,0.048643484711647034,0.0048643480986356735,
bdloc0mw,R_ref,42,240,0.04772974178195,0.04772974178195,0.051002971827983856,0.2676296532154083,0.14808602631092072,0.2326706349849701,0.2529214024543762,0.05268784612417221,0.005268784239888191,
bdloc0mw,R_ref,42,241,0.040158189833164215,0.040158189833164215,0.04570852592587471,0.26796117424964905,0.13671551644802094,0.23093508183956146,0.2676624655723572,0.04733457788825035,0.004733457695692778,
bdloc0mw,R_ref,42,242,0.0413813516497612,0.0413813516497612,0.048421040177345276,0.2685738801956177,0.15325652062892914,0.24168486893177032,0.2679450511932373,0.04471650719642639,0.004471650812774897,
bdloc0mw,R_ref,42,243,0.05017635598778725,0.05017635598778725,0.040726833045482635,0.2682553827762604,0.14410805702209473,0.24727556109428406,0.23804254829883575,0.04879413917660713,0.004879413638263941,
bdloc0mw,R_ref,42,244,0.048006560653448105,0.048006560653448105,0.05436454340815544,0.2675170302391052,0.14367394149303436,0.24310502409934998,0.25427982211112976,0.05355321988463402,0.0053553227335214615,
bdloc0mw,R_ref,42,245,0.04013186693191528,0.04013186693191528,0.05453392118215561,0.269785076379776,0.18298424780368805,0.253525048494339,0.2716692090034485,0.042605068534612656,0.004260506946593523,
bdloc0mw,R_ref,42,246,0.035676803439855576,0.035676803439855576,0.04235703870654106,0.26789525151252747,0.14377416670322418,0.24463334679603577,0.22500774264335632,0.049540240317583084,0.004954023286700249,
bdloc0mw,R_ref,42,247,0.04899090901017189,0.04899090901017189,0.04897765815258026,0.26809898018836975,0.1611229032278061,0.24952580034732819,0.24985995888710022,0.04536915197968483,0.004536914639174938,
bdloc0mw,R_ref,42,248,0.05203809589147568,0.05203809589147568,0.05395347997546196,0.26740914583206177,0.14342698454856873,0.2524029016494751,0.2726978659629822,0.043924786150455475,0.0043924786150455475,
bdloc0mw,R_ref,42,249,0.043833065778017044,0.043833065778017044,0.05164988711476326,0.2684326469898224,0.160760298371315,0.2521000802516937,0.2694409191608429,0.04383602365851402,0.004383601248264313,
bdloc0mw,R_ref,42,250,0.037389323115348816,0.037389323115348816,0.0588453970849514,0.2691565155982971,0.17613326013088226,0.25207701325416565,0.25401490926742554,0.04228540509939194,0.004228541161864996,
bdloc0mw,R_ref,42,251,0.041806288063526154,0.041806288063526154,0.05126887559890747,0.267970472574234,0.14222191274166107,0.2546955645084381,0.21516107022762299,0.04247613623738289,0.004247613716870546,
bdloc0mw,R_ref,42,252,0.047748956829309464,0.047748956829309464,0.056581590324640274,0.2676624059677124,0.1485191136598587,0.2497468739748001,0.28235912322998047,0.057586051523685455,0.005758605897426605,
bdloc0mw,R_ref,42,253,0.0486583337187767,0.0486583337187767,0.04880987107753754,0.2673368752002716,0.10464377701282501,0.2434367537498474,0.2400805950164795,0.04954426363110542,0.0049544270150363445,
bdloc0mw,R_ref,42,254,0.044120121747255325,0.044120121747255325,0.05169883370399475,0.26756787300109863,0.12645606696605682,0.23721937835216522,0.2409665733575821,0.06090472266077995,0.006090471986681223,
bdloc0mw,R_ref,42,255,0.04260418191552162,0.04260418191552162,0.054649487137794495,0.2666536569595337,0.11369346082210541,0.2531990110874176,0.2786516845226288,0.04511098936200142,0.004511099774390459,
bdloc0mw,R_ref,42,256,0.039154812693595886,0.039154812693595886,0.055631477385759354,0.26791614294052124,0.15345178544521332,0.2520979046821594,0.2512702941894531,0.048612210899591446,0.004861221648752689,
bdloc0mw,R_ref,42,257,0.05376650393009186,0.05376650393009186,0.06052735075354576,0.2676610052585602,0.16611170768737793,0.25025615096092224,0.2362273782491684,0.053632039576768875,0.005363204050809145,
bdloc0mw,R_ref,42,258,0.04358508810400963,0.04358508810400963,0.0424584224820137,0.2690105438232422,0.1704375445842743,0.24901464581489563,0.26264944672584534,0.0533905103802681,0.00533905066549778,
bdloc0mw,R_ref,42,259,0.053288690745830536,0.053288690745830536,0.053116608411073685,0.2670469284057617,0.1411651372909546,0.24953724443912506,0.25847795605659485,0.05918668583035469,0.005918670445680618,
bdloc0mw,R_ref,42,260,0.05176818370819092,0.05176818370819092,0.058469779789447784,0.2678382992744446,0.1723175197839737,0.2547413408756256,0.25290167331695557,0.04443354904651642,0.004443354904651642,
bdloc0mw,R_ref,42,261,0.04339512065052986,0.04339512065052986,0.05220029130578041,0.27003002166748047,0.19796967506408691,0.2529321014881134,0.2933221459388733,0.05080262944102287,0.005080262664705515,
bdloc0mw,R_ref,42,262,0.039575569331645966,0.039575569331645966,0.053032439202070236,0.26796457171440125,0.1327778697013855,0.2576042115688324,0.2898349165916443,0.04750842601060867,0.004750842694193125,
bdloc0mw,R_ref,42,263,0.05360095575451851,0.05360095575451851,0.059294991195201874,0.26766467094421387,0.16498364508152008,0.2595243453979492,0.25567546486854553,0.04232054576277733,0.0042320555076003075,
bdloc0mw,R_ref,42,264,0.04168641194701195,0.04168641194701195,0.050938379019498825,0.2681655287742615,0.14294500648975372,0.2537044286727905,0.26239943504333496,0.05214732140302658,0.005214733071625233,
bdloc0mw,R_ref,42,265,0.04691002145409584,0.04691002145409584,0.05906177684664726,0.26965224742889404,0.19849704205989838,0.2575019598007202,0.2504160404205322,0.043682072311639786,0.004368207883089781,
bdloc0mw,R_ref,42,266,0.052169233560562134,0.052169233560562134,0.05642438679933548,0.26671651005744934,0.12520980834960938,0.2650184631347656,0.23156331479549408,0.041882745921611786,0.004188274499028921,
bdloc0mw,R_ref,42,267,0.054821647703647614,0.054821647703647614,0.06017133221030235,0.268300861120224,0.190814808011055,0.26142680644989014,0.24475203454494476,0.045927517116069794,0.004592751618474722,
bdloc0mw,R_ref,42,268,0.03799498826265335,0.03799498826265335,0.05564616248011589,0.26896753907203674,0.1681337207555771,0.2568495571613312,0.2638069987297058,0.05358520522713661,0.005358519032597542,
bdloc0mw,R_ref,42,269,0.06039460003376007,0.06039460003376007,0.05805424228310585,0.26691409945487976,0.14539019763469696,0.25559887290000916,0.23823785781860352,0.04770449921488762,0.004770449362695217,
bdloc0mw,R_ref,42,270,0.054334163665771484,0.054334163665771484,0.057200837880373,0.2685225307941437,0.16907881200313568,0.25626131892204285,0.3124002516269684,0.04687248915433884,0.0046872482635080814,
bdloc0mw,R_ref,42,271,0.047254350036382675,0.047254350036382675,0.0470653660595417,0.26866477727890015,0.16767017543315887,0.2631460428237915,0.26544177532196045,0.04710288345813751,0.004710288718342781,
bdloc0mw,R_ref,42,272,0.054374199360609055,0.054374199360609055,0.05072968825697899,0.2679988741874695,0.15097154676914215,0.2609308958053589,0.2525022625923157,0.05096361041069031,0.005096360109746456,
bdloc0mw,R_ref,42,273,0.03466123342514038,0.03466123342514038,0.05528321489691734,0.270001083612442,0.18818804621696472,0.2607908546924591,0.26603901386260986,0.045398909598588943,0.004539892077445984,
bdloc0mw,R_ref,42,274,0.04659809544682503,0.04659809544682503,0.05277329683303833,0.2683052718639374,0.14617477357387543,0.2620282471179962,0.2762462794780731,0.05014510452747345,0.0050145098939538,
bdloc0mw,R_ref,42,275,0.05734650418162346,0.05734650418162346,0.05293571203947067,0.2684481143951416,0.18731491267681122,0.26740598678588867,0.24979174137115479,0.04525459557771683,0.004525459837168455,
bdloc0mw,R_ref,42,276,0.05071009323000908,0.05071009323000908,0.04783754050731659,0.26923784613609314,0.18783606588840485,0.26625174283981323,0.22764155268669128,0.046644892543554306,0.004664488602429628,
bdloc0mw,R_ref,42,277,0.05738479644060135,0.05738479644060135,0.05298168584704399,0.2689865529537201,0.20176377892494202,0.27153655886650085,0.26498180627822876,0.04203342646360397,0.004203342832624912,
bdloc0mw,R_ref,42,278,0.052224528044462204,0.052224528044462204,0.05043438449501991,0.26820826530456543,0.15731681883335114,0.2634814977645874,0.2290649712085724,0.05197574570775032,0.005197574384510517,
bdloc0mw,R_ref,42,279,0.050846509635448456,0.050846509635448456,0.05159692466259003,0.26826414465904236,0.16375072300434113,0.2672032117843628,0.257047176361084,0.050284069031476974,0.005028408020734787,
bdloc0mw,R_ref,42,280,0.045673031359910965,0.045673031359910965,0.05085169896483421,0.2698025107383728,0.1918630450963974,0.27100539207458496,0.24552461504936218,0.0403863899409771,0.0040386393666267395,
bdloc0mw,R_ref,42,281,0.0554577112197876,0.0554577112197876,0.06125153601169586,0.26837158203125,0.17729872465133667,0.2686144709587097,0.29868635535240173,0.04982313513755798,0.004982314072549343,
bdloc0mw,R_ref,42,282,0.0650823637843132,0.0650823637843132,0.06433439999818802,0.2679774761199951,0.18647034466266632,0.26260820031166077,0.24128195643424988,0.0480307936668396,0.004803078714758158,
bdloc0mw,R_ref,42,283,0.044178254902362823,0.044178254902362823,0.04444875195622444,0.2679135799407959,0.15006624162197113,0.2710701525211334,0.22576765716075897,0.045154813677072525,0.004515481181442738,
bdloc0mw,R_ref,42,284,0.05219309777021408,0.05219309777021408,0.05281682685017586,0.26738306879997253,0.148538276553154,0.267951101064682,0.2651614844799042,0.05749211460351944,0.005749212112277746,
bdloc0mw,R_ref,42,285,0.06822682172060013,0.06822682172060013,0.06486629694700241,0.26649680733680725,0.1472349613904953,0.2719404697418213,0.26869669556617737,0.04527244344353676,0.004527244251221418,
bdloc0mw,R_ref,42,286,0.058020561933517456,0.058020561933517456,0.05516445264220238,0.2686895430088043,0.18514952063560486,0.27307674288749695,0.2521788477897644,0.04501743242144585,0.004501743242144585,
bdloc0mw,R_ref,42,287,0.06650540977716446,0.06650540977716446,0.06599750369787216,0.2689789831638336,0.20653916895389557,0.2752726376056671,0.26278015971183777,0.04018011689186096,0.004018011968582869,
bdloc0mw,R_ref,42,288,0.04346809536218643,0.04346809536218643,0.05362972244620323,0.26902279257774353,0.16159752011299133,0.26839858293533325,0.2583388090133667,0.05537857115268707,0.005537856370210648,
bdloc0mw,R_ref,42,289,0.04895437881350517,0.04895437881350517,0.050513774156570435,0.26842376589775085,0.1644570678472519,0.26867878437042236,0.25158339738845825,0.04952612891793251,0.004952613729983568,
bdloc0mw,R_ref,42,290,0.05050132796168327,0.05050132796168327,0.0543157197535038,0.2682839632034302,0.17067669332027435,0.27422264218330383,0.25522375106811523,0.04616814851760864,0.004616815596818924,
bdloc0mw,R_ref,42,291,0.06005263701081276,0.06005263701081276,0.049478523433208466,0.26817187666893005,0.17077364027500153,0.27711591124534607,0.24538807570934296,0.0446842685341835,0.004468426574021578,
bdloc0mw,R_ref,42,292,0.06685008108615875,0.06685008108615875,0.05379319190979004,0.2674696743488312,0.17526069283485413,0.27629905939102173,0.24604199826717377,0.04434777796268463,0.004434778355062008,
bdloc0mw,R_ref,42,293,0.05580193176865578,0.05580193176865578,0.049102406948804855,0.26817551255226135,0.16342321038246155,0.2659960985183716,0.23527400195598602,0.055785246193408966,0.005578526295721531,
bdloc0mw,R_ref,42,294,0.06637104600667953,0.06637104600667953,0.0576646514236927,0.26638084650039673,0.1422128975391388,0.2409527450799942,0.27385562658309937,0.06047859042882919,0.006047856528311968,
bdloc0mw,R_ref,42,295,0.05619092658162117,0.05619092658162117,0.0555214062333107,0.27180159091949463,0.2473849654197693,0.2535318434238434,0.25398024916648865,0.057222336530685425,0.005722233559936285,
bdloc0mw,R_ref,42,296,0.05840098112821579,0.05840098112821579,0.048857852816581726,0.271200031042099,0.21806710958480835,0.2687011957168579,0.2742801308631897,0.05112813785672188,0.005112814716994762,
bdloc0mw,R_ref,42,297,0.07006564736366272,0.07006564736366272,0.06370814889669418,0.26719093322753906,0.1685306429862976,0.2720680832862854,0.25976553559303284,0.04469267651438713,0.004469268023967743,
bdloc0mw,R_ref,42,298,0.05751199275255203,0.05751199275255203,0.06336245685815811,0.2668617367744446,0.13856929540634155,0.2596069872379303,0.2889244556427002,0.06020421162247658,0.0060204206965863705,
bdloc0mw,R_ref,42,299,0.039620984345674515,0.039620984345674515,0.05059889331459999,0.27132198214530945,0.21825137734413147,0.2710570991039276,0.252868115901947,0.047516364604234695,0.004751637112349272,
bdloc0mw,R_ref,42,300,,,,,,,0.2438773214817047,,,
bdloc0mw,R_ref,42,301,,,,,,,0.2794266641139984,,,
bdloc0mw,R_ref,42,302,,,,,,,0.2557731568813324,,,
bdloc0mw,R_ref,42,303,,,,,,,0.25014591217041016,,,
bdloc0mw,R_ref,42,304,,,,,,,0.23852042853832245,,,
bdloc0mw,R_ref,42,305,,,,,,,0.28753066062927246,,,
bdloc0mw,R_ref,42,306,,,,,,,0.2668602466583252,,,
bdloc0mw,R_ref,42,307,,,,,,,0.2700246274471283,,,
bdloc0mw,R_ref,42,308,,,,,,,0.22828994691371918,,,
bdloc0mw,R_ref,42,309,,,,,,,0.2763708531856537,,,
bdloc0mw,R_ref,42,310,,,,,,,0.30519619584083557,,,
bdloc0mw,R_ref,42,311,,,,,,,0.2794351279735565,,,
bdloc0mw,R_ref,42,312,,,,,,,0.2688559889793396,,,
bdloc0mw,R_ref,42,313,,,,,,,0.21432924270629883,,,
bdloc0mw,R_ref,42,314,,,,,,,0.2397247850894928,,,
bdloc0mw,R_ref,42,315,,,,,,,0.24369840323925018,,,
bdloc0mw,R_ref,42,316,,,,,,,0.23531068861484528,,,
bdloc0mw,R_ref,42,317,,,,,,,0.26204752922058105,,,
bdloc0mw,R_ref,42,318,,,,,,,0.23487582802772522,,,
bdloc0mw,R_ref,42,319,,,,,,,0.27594706416130066,,,
bdloc0mw,R_ref,42,320,,,,,,,0.2852376103401184,,,
bdloc0mw,R_ref,42,321,,,,,,,0.2794960141181946,,,
bdloc0mw,R_ref,42,322,,,,,,,0.255662739276886,,,
bdloc0mw,R_ref,42,323,,,,,,,0.2523380517959595,,,
bdloc0mw,R_ref,42,324,,,,,,,0.24450568854808807,,,
bdloc0mw,R_ref,42,325,,,,,,,0.23293061554431915,,,
bdloc0mw,R_ref,42,326,,,,,,,0.26504504680633545,,,
bdloc0mw,R_ref,42,327,,,,,,,0.2342611849308014,,,
bdloc0mw,R_ref,42,328,,,,,,,0.29126280546188354,,,
bdloc0mw,R_ref,42,329,,,,,,,0.28685104846954346,,,
bdloc0mw,R_ref,42,330,,,,,,,0.2531057894229889,,,
bdloc0mw,R_ref,42,331,,,,,,,0.28222721815109253,,,
bdloc0mw,R_ref,42,332,,,,,,,0.28751808404922485,,,
bdloc0mw,R_ref,42,333,,,,,,,0.2960824966430664,,,
bdloc0mw,R_ref,42,334,,,,,,,0.21968261897563934,,,
bdloc0mw,R_ref,42,335,,,,,,,0.23191888630390167,,,
bdloc0mw,R_ref,42,336,,,,,,,0.2449098527431488,,,
bdloc0mw,R_ref,42,337,,,,,,,0.24832364916801453,,,
bdloc0mw,R_ref,42,338,,,,,,,0.24801640212535858,,,
bdloc0mw,R_ref,42,339,,,,,,,0.2558383643627167,,,
bdloc0mw,R_ref,42,340,,,,,,,0.25691360235214233,,,
bdloc0mw,R_ref,42,341,,,,,,,0.25851312279701233,,,
bdloc0mw,R_ref,42,342,,,,,,,0.22923293709754944,,,
bdloc0mw,R_ref,42,343,,,,,,,0.21703274548053741,,,
bdloc0mw,R_ref,42,344,,,,,,,0.249578058719635,,,
bdloc0mw,R_ref,42,345,,,,,,,0.22916556894779205,,,
bdloc0mw,R_ref,42,346,,,,,,,0.23059502243995667,,,
bdloc0mw,R_ref,42,347,,,,,,,0.21330340206623077,,,
bdloc0mw,R_ref,42,348,,,,,,,0.21084362268447876,,,
bdloc0mw,R_ref,42,349,,,,,,,0.25757887959480286,,,
bdloc0mw,R_ref,42,350,,,,,,,0.27914923429489136,,,
bdloc0mw,R_ref,42,351,,,,,,,0.2676829695701599,,,
bdloc0mw,R_ref,42,352,,,,,,,0.2422640472650528,,,
bdloc0mw,R_ref,42,353,,,,,,,0.2505047917366028,,,
bdloc0mw,R_ref,42,354,,,,,,,0.2801392376422882,,,
bdloc0mw,R_ref,42,355,,,,,,,0.24703137576580048,,,
bdloc0mw,R_ref,42,356,,,,,,,0.23451627790927887,,,
bdloc0mw,R_ref,42,357,,,,,,,0.23385481536388397,,,
bdloc0mw,R_ref,42,358,,,,,,,0.2651674747467041,,,
bdloc0mw,R_ref,42,359,,,,,,,0.2636071741580963,,,
bdloc0mw,R_ref,42,360,,,,,,,0.2453216016292572,,,
bdloc0mw,R_ref,42,361,,,,,,,0.2559102773666382,,,
bdloc0mw,R_ref,42,362,,,,,,,0.26523199677467346,,,
bdloc0mw,R_ref,42,363,,,,,,,0.23632588982582092,,,
bdloc0mw,R_ref,42,364,,,,,,,0.2743929624557495,,,
bdloc0mw,R_ref,42,365,,,,,,,0.2948824167251587,,,
bdloc0mw,R_ref,42,366,,,,,,,0.2386942058801651,,,
bdloc0mw,R_ref,42,367,,,,,,,0.23922787606716156,,,
bdloc0mw,R_ref,42,368,,,,,,,0.22546164691448212,,,
bdloc0mw,R_ref,42,369,,,,,,,0.23528698086738586,,,
bdloc0mw,R_ref,42,370,,,,,,,0.24916541576385498,,,
bdloc0mw,R_ref,42,371,,,,,,,0.24656186997890472,,,
bdloc0mw,R_ref,42,372,,,,,,,0.2900877594947815,,,
bdloc0mw,R_ref,42,373,,,,,,,0.25777724385261536,,,
bdloc0mw,R_ref,42,374,,,,,,,0.28432416915893555,,,
bdloc0mw,R_ref,42,375,,,,,,,0.27853211760520935,,,
bdloc0mw,R_ref,42,376,,,,,,,0.26559627056121826,,,
bdloc0mw,R_ref,42,377,,,,,,,0.2984364628791809,,,
bdloc0mw,R_ref,42,378,,,,,,,0.22790543735027313,,,
bdloc0mw,R_ref,42,379,,,,,,,0.2435052990913391,,,
bdloc0mw,R_ref,42,380,,,,,,,0.2749551832675934,,,
bdloc0mw,R_ref,42,381,,,,,,,0.26018163561820984,,,
bdloc0mw,R_ref,42,382,,,,,,,0.30359071493148804,,,
bdloc0mw,R_ref,42,383,,,,,,,0.23851242661476135,,,
bdloc0mw,R_ref,42,384,,,,,,,0.26199617981910706,,,
bdloc0mw,R_ref,42,385,,,,,,,0.27846863865852356,,,
bdloc0mw,R_ref,42,386,,,,,,,0.22217509150505066,,,
bdloc0mw,R_ref,42,387,,,,,,,0.234852597117424,,,
bdloc0mw,R_ref,42,388,,,,,,,0.23069021105766296,,,
bdloc0mw,R_ref,42,389,,,,,,,0.2121208906173706,,,
bdloc0mw,R_ref,42,390,,,,,,,0.23362581431865692,,,
bdloc0mw,R_ref,42,391,,,,,,,0.23581114411354065,,,
bdloc0mw,R_ref,42,392,,,,,,,0.2395630031824112,,,
bdloc0mw,R_ref,42,393,,,,,,,0.27950915694236755,,,
bdloc0mw,R_ref,42,394,,,,,,,0.266875684261322,,,
bdloc0mw,R_ref,42,395,,,,,,,0.35360920429229736,,,
bdloc0mw,R_ref,42,396,,,,,,,0.26124289631843567,,,
bdloc0mw,R_ref,42,397,,,,,,,0.2564842998981476,,,
bdloc0mw,R_ref,42,398,,,,,,,0.21847134828567505,,,
bdloc0mw,R_ref,42,399,,,,,,,0.23789554834365845,,,
bdloc0mw,R_ref,42,400,,,,,,,0.23137551546096802,,,
bdloc0mw,R_ref,42,401,,,,,,,0.30540087819099426,,,
bdloc0mw,R_ref,42,402,,,,,,,0.2628166973590851,,,
bdloc0mw,R_ref,42,403,,,,,,,0.27567973732948303,,,
bdloc0mw,R_ref,42,404,,,,,,,0.27159467339515686,,,
bdloc0mw,R_ref,42,405,,,,,,,0.2396596223115921,,,
bdloc0mw,R_ref,42,406,,,,,,,0.25455060601234436,,,
bdloc0mw,R_ref,42,407,,,,,,,0.23973409831523895,,,
bdloc0mw,R_ref,42,408,,,,,,,0.30042845010757446,,,
bdloc0mw,R_ref,42,409,,,,,,,0.24888888001441956,,,
bdloc0mw,R_ref,42,410,,,,,,,0.24344351887702942,,,
bdloc0mw,R_ref,42,411,,,,,,,0.2600249946117401,,,
bdloc0mw,R_ref,42,412,,,,,,,0.2673929035663605,,,
bdloc0mw,R_ref,42,413,,,,,,,0.2630622088909149,,,
bdloc0mw,R_ref,42,414,,,,,,,0.23120936751365662,,,
bdloc0mw,R_ref,42,415,,,,,,,0.26100462675094604,,,
bdloc0mw,R_ref,42,416,,,,,,,0.243654265999794,,,
bdloc0mw,R_ref,42,417,,,,,,,0.2834028899669647,,,
bdloc0mw,R_ref,42,418,,,,,,,0.238989919424057,,,
bdloc0mw,R_ref,42,419,,,,,,,0.2724217474460602,,,
bdloc0mw,R_ref,42,420,,,,,,,0.26684924960136414,,,
bdloc0mw,R_ref,42,421,,,,,,,0.24498216807842255,,,
bdloc0mw,R_ref,42,422,,,,,,,0.24410416185855865,,,
bdloc0mw,R_ref,42,423,,,,,,,0.28434276580810547,,,
bdloc0mw,R_ref,42,424,,,,,,,0.26114970445632935,,,
bdloc0mw,R_ref,42,425,,,,,,,0.21290501952171326,,,
bdloc0mw,R_ref,42,426,,,,,,,0.21867035329341888,,,
bdloc0mw,R_ref,42,427,,,,,,,0.2599935829639435,,,
bdloc0mw,R_ref,42,428,,,,,,,0.26936569809913635,,,
bdloc0mw,R_ref,42,429,,,,,,,0.25167644023895264,,,
bdloc0mw,R_ref,42,430,,,,,,,0.2300601452589035,,,
bdloc0mw,R_ref,42,431,,,,,,,0.2446443736553192,,,
bdloc0mw,R_ref,42,432,,,,,,,0.312355101108551,,,
bdloc0mw,R_ref,42,433,,,,,,,0.254792183637619,,,
bdloc0mw,R_ref,42,434,,,,,,,0.2365889698266983,,,
bdloc0mw,R_ref,42,435,,,,,,,0.24889451265335083,,,
bdloc0mw,R_ref,42,436,,,,,,,0.25286364555358887,,,
bdloc0mw,R_ref,42,437,,,,,,,0.23822923004627228,,,
bdloc0mw,R_ref,42,438,,,,,,,0.25391849875450134,,,
bdloc0mw,R_ref,42,439,,,,,,,0.2764640152454376,,,
bdloc0mw,R_ref,42,440,,,,,,,0.2240741103887558,,,
bdloc0mw,R_ref,42,441,,,,,,,0.24775883555412292,,,
bdloc0mw,R_ref,42,442,,,,,,,0.24095436930656433,,,
bdloc0mw,R_ref,42,443,,,,,,,0.29516881704330444,,,
bdloc0mw,R_ref,42,444,,,,,,,0.25030165910720825,,,
bdloc0mw,R_ref,42,445,,,,,,,0.2591324746608734,,,
bdloc0mw,R_ref,42,446,,,,,,,0.2623896300792694,,,
bdloc0mw,R_ref,42,447,,,,,,,0.25687554478645325,,,
bdloc0mw,R_ref,42,448,,,,,,,0.3018769919872284,,,
bdloc0mw,R_ref,42,449,,,,,,,0.22794756293296814,,,
bdloc0mw,R_ref,42,450,,,,,,,0.23217494785785675,,,
bdloc0mw,R_ref,42,451,,,,,,,0.24372616410255432,,,
bdloc0mw,R_ref,42,452,,,,,,,0.252320796251297,,,
bdloc0mw,R_ref,42,453,,,,,,,0.24455873668193817,,,
bdloc0mw,R_ref,42,454,,,,,,,0.23556838929653168,,,
bdloc0mw,R_ref,42,455,,,,,,,0.2636609971523285,,,
bdloc0mw,R_ref,42,456,,,,,,,0.2452346235513687,,,
bdloc0mw,R_ref,42,457,,,,,,,0.2601451873779297,,,
bdloc0mw,R_ref,42,458,,,,,,,0.2388623207807541,,,
bdloc0mw,R_ref,42,459,,,,,,,0.2435956448316574,,,
bdloc0mw,R_ref,42,460,,,,,,,0.2522191107273102,,,
bdloc0mw,R_ref,42,461,,,,,,,0.2831370234489441,,,
bdloc0mw,R_ref,42,462,,,,,,,0.2663903832435608,,,
bdloc0mw,R_ref,42,463,,,,,,,0.22647126019001007,,,
bdloc0mw,R_ref,42,464,,,,,,,0.2383197695016861,,,
bdloc0mw,R_ref,42,465,,,,,,,0.25919395685195923,,,
bdloc0mw,R_ref,42,466,,,,,,,0.24340485036373138,,,
bdloc0mw,R_ref,42,467,,,,,,,0.2778112292289734,,,
bdloc0mw,R_ref,42,468,,,,,,,0.24980607628822327,,,
bdloc0mw,R_ref,42,469,,,,,,,0.2324901521205902,,,
bdloc0mw,R_ref,42,470,,,,,,,0.25538599491119385,,,
bdloc0mw,R_ref,42,471,,,,,,,0.30439838767051697,,,
bdloc0mw,R_ref,42,472,,,,,,,0.23037539422512054,,,
bdloc0mw,R_ref,42,473,,,,,,,0.2685854434967041,,,
bdloc0mw,R_ref,42,474,,,,,,,0.20958518981933594,,,
bdloc0mw,R_ref,42,475,,,,,,,0.20871447026729584,,,
bdloc0mw,R_ref,42,476,,,,,,,0.2729179263114929,,,
bdloc0mw,R_ref,42,477,,,,,,,0.25013864040374756,,,
bdloc0mw,R_ref,42,478,,,,,,,0.2430124431848526,,,
bdloc0mw,R_ref,42,479,,,,,,,0.2782151699066162,,,
bdloc0mw,R_ref,42,480,,,,,,,0.2629883885383606,,,
bdloc0mw,R_ref,42,481,,,,,,,0.2052425891160965,,,
bdloc0mw,R_ref,42,482,,,,,,,0.23285947740077972,,,
bdloc0mw,R_ref,42,483,,,,,,,0.29147717356681824,,,
bdloc0mw,R_ref,42,484,,,,,,,0.28475597500801086,,,
bdloc0mw,R_ref,42,485,,,,,,,0.2749885022640228,,,
bdloc0mw,R_ref,42,486,,,,,,,0.2434377521276474,,,
bdloc0mw,R_ref,42,487,,,,,,,0.2574453353881836,,,
bdloc0mw,R_ref,42,488,,,,,,,0.22681786119937897,,,
bdloc0mw,R_ref,42,489,,,,,,,0.26391440629959106,,,
bdloc0mw,R_ref,42,490,,,,,,,0.23513051867485046,,,
bdloc0mw,R_ref,42,491,,,,,,,0.24790605902671814,,,
bdloc0mw,R_ref,42,492,,,,,,,0.23543472588062286,,,
bdloc0mw,R_ref,42,493,,,,,,,0.21386246383190155,,,
bdloc0mw,R_ref,42,494,,,,,,,0.25467175245285034,,,
bdloc0mw,R_ref,42,495,,,,,,,0.2385188490152359,,,
bdloc0mw,R_ref,42,496,,,,,,,0.2659537196159363,,,
bdloc0mw,R_ref,42,497,,,,,,,0.2850947976112366,,,
bdloc0mw,R_ref,42,498,,,,,,,0.23524044454097748,,,
bdloc0mw,R_ref,42,499,,,,,,,0.238359272480011,,,
bdloc0mw,R_ref,42,500,,,,,,,0.25630176067352295,,,
bdloc0mw,R_ref,42,501,,,,,,,0.24783377349376678,,,
bdloc0mw,R_ref,42,502,,,,,,,0.2714409828186035,,,
bdloc0mw,R_ref,42,503,,,,,,,0.26908767223358154,,,
bdloc0mw,R_ref,42,504,,,,,,,0.24981550872325897,,,
bdloc0mw,R_ref,42,505,,,,,,,0.2779509723186493,,,
bdloc0mw,R_ref,42,506,,,,,,,0.24330255389213562,,,
bdloc0mw,R_ref,42,507,,,,,,,0.2647024989128113,,,
bdloc0mw,R_ref,42,508,,,,,,,0.2748101055622101,,,
bdloc0mw,R_ref,42,509,,,,,,,0.23492977023124695,,,
bdloc0mw,R_ref,42,510,,,,,,,0.24846571683883667,,,
bdloc0mw,R_ref,42,511,,,,,,,0.2303307056427002,,,
bdloc0mw,R_ref,42,512,,,,,,,0.2634146511554718,,,
bdloc0mw,R_ref,42,513,,,,,,,0.24571123719215393,,,
bdloc0mw,R_ref,42,514,,,,,,,0.2713073194026947,,,
bdloc0mw,R_ref,42,515,,,,,,,0.2863544523715973,,,
bdloc0mw,R_ref,42,516,,,,,,,0.24552702903747559,,,
bdloc0mw,R_ref,42,517,,,,,,,0.26068350672721863,,,
bdloc0mw,R_ref,42,518,,,,,,,0.25092336535453796,,,
bdloc0mw,R_ref,42,519,,,,,,,0.28891533613204956,,,
bdloc0mw,R_ref,42,520,,,,,,,0.24442507326602936,,,
bdloc0mw,R_ref,42,521,,,,,,,0.23396189510822296,,,
bdloc0mw,R_ref,42,522,,,,,,,0.23653364181518555,,,
bdloc0mw,R_ref,42,523,,,,,,,0.25430724024772644,,,
bdloc0mw,R_ref,42,524,,,,,,,0.2941008508205414,,,
bdloc0mw,R_ref,42,525,,,,,,,0.25752609968185425,,,
bdloc0mw,R_ref,42,526,,,,,,,0.23574227094650269,,,
bdloc0mw,R_ref,42,527,,,,,,,0.2877891957759857,,,
bdloc0mw,R_ref,42,528,,,,,,,0.27852216362953186,,,
bdloc0mw,R_ref,42,529,,,,,,,0.27079352736473083,,,
bdloc0mw,R_ref,42,530,,,,,,,0.21477703750133514,,,
bdloc0mw,R_ref,42,531,,,,,,,0.25093647837638855,,,
bdloc0mw,R_ref,42,532,,,,,,,0.22888877987861633,,,
bdloc0mw,R_ref,42,533,,,,,,,0.24161939322948456,,,
bdloc0mw,R_ref,42,534,,,,,,,0.2727910876274109,,,
bdloc0mw,R_ref,42,535,,,,,,,0.24670222401618958,,,
bdloc0mw,R_ref,42,536,,,,,,,0.2307903915643692,,,
bdloc0mw,R_ref,42,537,,,,,,,0.21853265166282654,,,
bdloc0mw,R_ref,42,538,,,,,,,0.25317344069480896,,,
bdloc0mw,R_ref,42,539,,,,,,,0.26269039511680603,,,
bdloc0mw,R_ref,42,540,,,,,,,0.24952556192874908,,,
bdloc0mw,R_ref,42,541,,,,,,,0.27418071031570435,,,
bdloc0mw,R_ref,42,542,,,,,,,0.2676931619644165,,,
bdloc0mw,R_ref,42,543,,,,,,,0.28972238302230835,,,
bdloc0mw,R_ref,42,544,,,,,,,0.25991150736808777,,,
bdloc0mw,R_ref,42,545,,,,,,,0.2593274712562561,,,
bdloc0mw,R_ref,42,546,,,,,,,0.2804712653160095,,,
bdloc0mw,R_ref,42,547,,,,,,,0.29835906624794006,,,
bdloc0mw,R_ref,42,548,,,,,,,0.24378079175949097,,,
bdloc0mw,R_ref,42,549,,,,,,,0.26038017868995667,,,
bdloc0mw,R_ref,42,550,,,,,,,0.209409698843956,,,
bdloc0mw,R_ref,42,551,,,,,,,0.25557443499565125,,,
bdloc0mw,R_ref,42,552,,,,,,,0.26971086859703064,,,
bdloc0mw,R_ref,42,553,,,,,,,0.23043572902679443,,,
bdloc0mw,R_ref,42,554,,,,,,,0.23979440331459045,,,
bdloc0mw,R_ref,42,555,,,,,,,0.2672952711582184,,,
bdloc0mw,R_ref,42,556,,,,,,,0.2710930407047272,,,
bdloc0mw,R_ref,42,557,,,,,,,0.25553056597709656,,,
bdloc0mw,R_ref,42,558,,,,,,,0.33054062724113464,,,
bdloc0mw,R_ref,42,559,,,,,,,0.26407817006111145,,,
bdloc0mw,R_ref,42,560,,,,,,,0.26510754227638245,,,
bdloc0mw,R_ref,42,561,,,,,,,0.21552757918834686,,,
bdloc0mw,R_ref,42,562,,,,,,,0.22784684598445892,,,
bdloc0mw,R_ref,42,563,,,,,,,0.24699339270591736,,,
bdloc0mw,R_ref,42,564,,,,,,,0.27219465374946594,,,
bdloc0mw,R_ref,42,565,,,,,,,0.2490517944097519,,,
bdloc0mw,R_ref,42,566,,,,,,,0.26154428720474243,,,
bdloc0mw,R_ref,42,567,,,,,,,0.23698171973228455,,,
bdloc0mw,R_ref,42,568,,,,,,,0.2387266755104065,,,
bdloc0mw,R_ref,42,569,,,,,,,0.27006995677948,,,
bdloc0mw,R_ref,42,570,,,,,,,0.2506221830844879,,,
bdloc0mw,R_ref,42,571,,,,,,,0.24320581555366516,,,
bdloc0mw,R_ref,42,572,,,,,,,0.23261810839176178,,,
bdloc0mw,R_ref,42,573,,,,,,,0.24904471635818481,,,
bdloc0mw,R_ref,42,574,,,,,,,0.2347484529018402,,,
bdloc0mw,R_ref,42,575,,,,,,,0.25466617941856384,,,
bdloc0mw,R_ref,42,576,,,,,,,0.25995686650276184,,,
bdloc0mw,R_ref,42,577,,,,,,,0.21626396477222443,,,
bdloc0mw,R_ref,42,578,,,,,,,0.2580362856388092,,,
bdloc0mw,R_ref,42,579,,,,,,,0.2700727581977844,,,
bdloc0mw,R_ref,42,580,,,,,,,0.2728177309036255,,,
bdloc0mw,R_ref,42,581,,,,,,,0.23574477434158325,,,
bdloc0mw,R_ref,42,582,,,,,,,0.2710304260253906,,,
bdloc0mw,R_ref,42,583,,,,,,,0.2436872124671936,,,
bdloc0mw,R_ref,42,584,,,,,,,0.24169746041297913,,,
bdloc0mw,R_ref,42,585,,,,,,,0.23261716961860657,,,
bdloc0mw,R_ref,42,586,,,,,,,0.22882115840911865,,,
bdloc0mw,R_ref,42,587,,,,,,,0.2656867802143097,,,
bdloc0mw,R_ref,42,588,,,,,,,0.252905011177063,,,
bdloc0mw,R_ref,42,589,,,,,,,0.24034471809864044,,,
bdloc0mw,R_ref,42,590,,,,,,,0.2381317913532257,,,
bdloc0mw,R_ref,42,591,,,,,,,0.24794736504554749,,,
bdloc0mw,R_ref,42,592,,,,,,,0.27096477150917053,,,
bdloc0mw,R_ref,42,593,,,,,,,0.2588145136833191,,,
bdloc0mw,R_ref,42,594,,,,,,,0.2786136567592621,,,
bdloc0mw,R_ref,42,595,,,,,,,0.2843090295791626,,,
bdloc0mw,R_ref,42,596,,,,,,,0.23278406262397766,,,
bdloc0mw,R_ref,42,597,,,,,,,0.2400655448436737,,,
bdloc0mw,R_ref,42,598,,,,,,,0.25576114654541016,,,
bdloc0mw,R_ref,42,599,,,,,,,0.2677527070045471,,,
bdloc0mw,R_ref,42,600,,,,,,,0.2748166620731354,,,
bdloc0mw,R_ref,42,601,,,,,,,0.2321532815694809,,,
bdloc0mw,R_ref,42,602,,,,,,,0.2454453855752945,,,
bdloc0mw,R_ref,42,603,,,,,,,0.2171444445848465,,,
bdloc0mw,R_ref,42,604,,,,,,,0.23653244972229004,,,
bdloc0mw,R_ref,42,605,,,,,,,0.23417654633522034,,,
bdloc0mw,R_ref,42,606,,,,,,,0.26602840423583984,,,
bdloc0mw,R_ref,42,607,,,,,,,0.2449607253074646,,,
bdloc0mw,R_ref,42,608,,,,,,,0.26384663581848145,,,
bdloc0mw,R_ref,42,609,,,,,,,0.28463906049728394,,,
bdloc0mw,R_ref,42,610,,,,,,,0.22229337692260742,,,
bdloc0mw,R_ref,42,611,,,,,,,0.2223767340183258,,,
bdloc0mw,R_ref,42,612,,,,,,,0.2461228370666504,,,
bdloc0mw,R_ref,42,613,,,,,,,0.3013555705547333,,,
bdloc0mw,R_ref,42,614,,,,,,,0.24860277771949768,,,
bdloc0mw,R_ref,42,615,,,,,,,0.25939515233039856,,,
bdloc0mw,R_ref,42,616,,,,,,,0.25350576639175415,,,
bdloc0mw,R_ref,42,617,,,,,,,0.2450295388698578,,,
bdloc0mw,R_ref,42,618,,,,,,,0.2395552396774292,,,
bdloc0mw,R_ref,42,619,,,,,,,0.2366776317358017,,,
bdloc0mw,R_ref,42,620,,,,,,,0.231233149766922,,,
bdloc0mw,R_ref,42,621,,,,,,,0.251975417137146,,,
bdloc0mw,R_ref,42,622,,,,,,,0.26449623703956604,,,
bdloc0mw,R_ref,42,623,,,,,,,0.23087356984615326,,,
bdloc0mw,R_ref,42,624,,,,,,,0.22875763475894928,,,
bdloc0mw,R_ref,42,625,,,,,,,0.25766831636428833,,,
bdloc0mw,R_ref,42,626,,,,,,,0.24830128252506256,,,
bdloc0mw,R_ref,42,627,,,,,,,0.27420666813850403,,,
bdloc0mw,R_ref,42,628,,,,,,,0.2518681287765503,,,
bdloc0mw,R_ref,42,629,,,,,,,0.2721320390701294,,,
bdloc0mw,R_ref,42,630,,,,,,,0.23271125555038452,,,
bdloc0mw,R_ref,42,631,,,,,,,0.24776504933834076,,,
bdloc0mw,R_ref,42,632,,,,,,,0.23831185698509216,,,
bdloc0mw,R_ref,42,633,,,,,,,0.24908192455768585,,,
bdloc0mw,R_ref,42,634,,,,,,,0.23128750920295715,,,
bdloc0mw,R_ref,42,635,,,,,,,0.2612999975681305,,,
bdloc0mw,R_ref,42,636,,,,,,,0.2456701099872589,,,
bdloc0mw,R_ref,42,637,,,,,,,0.2562197744846344,,,
bdloc0mw,R_ref,42,638,,,,,,,0.30407461524009705,,,
bdloc0mw,R_ref,42,639,,,,,,,0.2580792307853699,,,
bdloc0mw,R_ref,42,640,,,,,,,0.24589860439300537,,,
bdloc0mw,R_ref,42,641,,,,,,,0.24456340074539185,,,
bdloc0mw,R_ref,42,642,,,,,,,0.2068350464105606,,,
bdloc0mw,R_ref,42,643,,,,,,,0.2505606710910797,,,
bdloc0mw,R_ref,42,644,,,,,,,0.2668079435825348,,,
bdloc0mw,R_ref,42,645,,,,,,,0.22493667900562286,,,
bdloc0mw,R_ref,42,646,,,,,,,0.24094948172569275,,,
bdloc0mw,R_ref,42,647,,,,,,,0.23090219497680664,,,
bdloc0mw,R_ref,42,648,,,,,,,0.2550671696662903,,,
bdloc0mw,R_ref,42,649,,,,,,,0.26047483086586,,,
bdloc0mw,R_ref,42,650,,,,,,,0.24922899901866913,,,
bdloc0mw,R_ref,42,651,,,,,,,0.24734802544116974,,,
bdloc0mw,R_ref,42,652,,,,,,,0.22475215792655945,,,
bdloc0mw,R_ref,42,653,,,,,,,0.24030889570713043,,,
bdloc0mw,R_ref,42,654,,,,,,,0.25694188475608826,,,
bdloc0mw,R_ref,42,655,,,,,,,0.25298041105270386,,,
bdloc0mw,R_ref,42,656,,,,,,,0.2282678633928299,,,
bdloc0mw,R_ref,42,657,,,,,,,0.24484966695308685,,,
bdloc0mw,R_ref,42,658,,,,,,,0.25443658232688904,,,
bdloc0mw,R_ref,42,659,,,,,,,0.23491345345973969,,,
bdloc0mw,R_ref,42,660,,,,,,,0.2531258165836334,,,
bdloc0mw,R_ref,42,661,,,,,,,0.297060489654541,,,
bdloc0mw,R_ref,42,662,,,,,,,0.23603355884552002,,,
bdloc0mw,R_ref,42,663,,,,,,,0.23603355884552002,,,
bdloc0mw,R_ref,42,664,,,,,,,0.2616305351257324,,,
bdloc0mw,R_ref,42,665,,,,,,,0.21768121421337128,,,
bdloc0mw,R_ref,42,666,,,,,,,0.22977086901664734,,,
bdloc0mw,R_ref,42,667,,,,,,,0.25239241123199463,,,
bdloc0mw,R_ref,42,668,,,,,,,0.2586960196495056,,,
bdloc0mw,R_ref,42,669,,,,,,,0.2594415545463562,,,
bdloc0mw,R_ref,42,670,,,,,,,0.25001057982444763,,,
bdloc0mw,R_ref,42,671,,,,,,,0.23698443174362183,,,
bdloc0mw,R_ref,42,672,,,,,,,0.2441142350435257,,,
bdloc0mw,R_ref,42,673,,,,,,,0.2287653535604477,,,
bdloc0mw,R_ref,42,674,,,,,,,0.23786602914333344,,,
bdloc0mw,R_ref,42,675,,,,,,,0.34157708287239075,,,
bdloc0mw,R_ref,42,676,,,,,,,0.22617119550704956,,,
bdloc0mw,R_ref,42,677,,,,,,,0.24976463615894318,,,
bdloc0mw,R_ref,42,678,,,,,,,0.26241087913513184,,,
bdloc0mw,R_ref,42,679,,,,,,,0.23269307613372803,,,
bdloc0mw,R_ref,42,680,,,,,,,0.24299854040145874,,,
bdloc0mw,R_ref,42,681,,,,,,,0.2472841888666153,,,
bdloc0mw,R_ref,42,682,,,,,,,0.2955526113510132,,,
bdloc0mw,R_ref,42,683,,,,,,,0.29753750562667847,,,
bdloc0mw,R_ref,42,684,,,,,,,0.22857287526130676,,,
bdloc0mw,R_ref,42,685,,,,,,,0.25202885270118713,,,
bdloc0mw,R_ref,42,686,,,,,,,0.23997560143470764,,,
bdloc0mw,R_ref,42,687,,,,,,,0.2377592921257019,,,
bdloc0mw,R_ref,42,688,,,,,,,0.23743003606796265,,,
bdloc0mw,R_ref,42,689,,,,,,,0.21845482289791107,,,
bdloc0mw,R_ref,42,690,,,,,,,0.23966260254383087,,,
bdloc0mw,R_ref,42,691,,,,,,,0.2602848708629608,,,
bdloc0mw,R_ref,42,692,,,,,,,0.23277656733989716,,,
bdloc0mw,R_ref,42,693,,,,,,,0.22223491966724396,,,
bdloc0mw,R_ref,42,694,,,,,,,0.27885523438453674,,,
bdloc0mw,R_ref,42,695,,,,,,,0.24792520701885223,,,
bdloc0mw,R_ref,42,696,,,,,,,0.2648967504501343,,,
bdloc0mw,R_ref,42,697,,,,,,,0.25134965777397156,,,
bdloc0mw,R_ref,42,698,,,,,,,0.21909037232398987,,,
bdloc0mw,R_ref,42,699,,,,,,,0.2721833288669586,,,
bdloc0mw,R_ref,42,700,,,,,,,0.2500244081020355,,,
bdloc0mw,R_ref,42,701,,,,,,,0.283831387758255,,,
bdloc0mw,R_ref,42,702,,,,,,,0.28311437368392944,,,
bdloc0mw,R_ref,42,703,,,,,,,0.24653632938861847,,,
bdloc0mw,R_ref,42,704,,,,,,,0.29297369718551636,,,
bdloc0mw,R_ref,42,705,,,,,,,0.2681567966938019,,,
bdloc0mw,R_ref,42,706,,,,,,,0.2548847794532776,,,
bdloc0mw,R_ref,42,707,,,,,,,0.23344598710536957,,,
bdloc0mw,R_ref,42,708,,,,,,,0.2202543020248413,,,
bdloc0mw,R_ref,42,709,,,,,,,0.25197112560272217,,,
bdloc0mw,R_ref,42,710,,,,,,,0.2925664484500885,,,
bdloc0mw,R_ref,42,711,,,,,,,0.22031529247760773,,,
bdloc0mw,R_ref,42,712,,,,,,,0.21972031891345978,,,
bdloc0mw,R_ref,42,713,,,,,,,0.25187015533447266,,,
bdloc0mw,R_ref,42,714,,,,,,,0.30701687932014465,,,
bdloc0mw,R_ref,42,715,,,,,,,0.2382812798023224,,,
bdloc0mw,R_ref,42,716,,,,,,,0.24857120215892792,,,
bdloc0mw,R_ref,42,717,,,,,,,0.22514693439006805,,,
bdloc0mw,R_ref,42,718,,,,,,,0.24161787331104279,,,
bdloc0mw,R_ref,42,719,,,,,,,0.25365447998046875,,,
bdloc0mw,R_ref,42,720,,,,,,,0.27851375937461853,,,
bdloc0mw,R_ref,42,721,,,,,,,0.2722194194793701,,,
bdloc0mw,R_ref,42,722,,,,,,,0.22298353910446167,,,
bdloc0mw,R_ref,42,723,,,,,,,0.23308666050434113,,,
bdloc0mw,R_ref,42,724,,,,,,,0.268959105014801,,,
bdloc0mw,R_ref,42,725,,,,,,,0.25286874175071716,,,
bdloc0mw,R_ref,42,726,,,,,,,0.22642377018928528,,,
bdloc0mw,R_ref,42,727,,,,,,,0.2268751561641693,,,
bdloc0mw,R_ref,42,728,,,,,,,0.23603972792625427,,,
bdloc0mw,R_ref,42,729,,,,,,,0.23390662670135498,,,
bdloc0mw,R_ref,42,730,,,,,,,0.22667112946510315,,,
bdloc0mw,R_ref,42,731,,,,,,,0.3049086928367615,,,
bdloc0mw,R_ref,42,732,,,,,,,0.24514050781726837,,,
bdloc0mw,R_ref,42,733,,,,,,,0.2487407922744751,,,
bdloc0mw,R_ref,42,734,,,,,,,0.2250422239303589,,,
bdloc0mw,R_ref,42,735,,,,,,,0.24869780242443085,,,
bdloc0mw,R_ref,42,736,,,,,,,0.2684238851070404,,,
bdloc0mw,R_ref,42,737,,,,,,,0.2772876024246216,,,
bdloc0mw,R_ref,42,738,,,,,,,0.22844858467578888,,,
bdloc0mw,R_ref,42,739,,,,,,,0.2291281372308731,,,
bdloc0mw,R_ref,42,740,,,,,,,0.2670474350452423,,,
bdloc0mw,R_ref,42,741,,,,,,,0.22952456772327423,,,
bdloc0mw,R_ref,42,742,,,,,,,0.27078977227211,,,
bdloc0mw,R_ref,42,743,,,,,,,0.24523520469665527,,,
bdloc0mw,R_ref,42,744,,,,,,,0.22845564782619476,,,
bdloc0mw,R_ref,42,745,,,,,,,0.22272075712680817,,,
bdloc0mw,R_ref,42,746,,,,,,,0.24975933134555817,,,
bdloc0mw,R_ref,42,747,,,,,,,0.2745283246040344,,,
bdloc0mw,R_ref,42,748,,,,,,,0.24539047479629517,,,
bdloc0mw,R_ref,42,749,,,,,,,0.25411492586135864,,,
bdloc0mw,R_ref,42,750,,,,,,,0.24888743460178375,,,
bdloc0mw,R_ref,42,751,,,,,,,0.22853019833564758,,,
bdloc0mw,R_ref,42,752,,,,,,,0.2306380569934845,,,
bdloc0mw,R_ref,42,753,,,,,,,0.23446151614189148,,,
bdloc0mw,R_ref,42,754,,,,,,,0.2832757234573364,,,
bdloc0mw,R_ref,42,755,,,,,,,0.26636961102485657,,,
bdloc0mw,R_ref,42,756,,,,,,,0.27194148302078247,,,
bdloc0mw,R_ref,42,757,,,,,,,0.23085065186023712,,,
bdloc0mw,R_ref,42,758,,,,,,,0.25066086649894714,,,
bdloc0mw,R_ref,42,759,,,,,,,0.26507511734962463,,,
bdloc0mw,R_ref,42,760,,,,,,,0.24658414721488953,,,
bdloc0mw,R_ref,42,761,,,,,,,0.2454453855752945,,,
bdloc0mw,R_ref,42,762,,,,,,,0.23249109089374542,,,
bdloc0mw,R_ref,42,763,,,,,,,0.2550159692764282,,,
bdloc0mw,R_ref,42,764,,,,,,,0.23599818348884583,,,
bdloc0mw,R_ref,42,765,,,,,,,0.2622464597225189,,,
bdloc0mw,R_ref,42,766,,,,,,,0.25527119636535645,,,
bdloc0mw,R_ref,42,767,,,,,,,0.26191097497940063,,,
bdloc0mw,R_ref,42,768,,,,,,,0.24217413365840912,,,
bdloc0mw,R_ref,42,769,,,,,,,0.23935046792030334,,,
bdloc0mw,R_ref,42,770,,,,,,,0.2567357122898102,,,
bdloc0mw,R_ref,42,771,,,,,,,0.2360113263130188,,,
bdloc0mw,R_ref,42,772,,,,,,,0.2666272819042206,,,
bdloc0mw,R_ref,42,773,,,,,,,0.2686668932437897,,,
bdloc0mw,R_ref,42,774,,,,,,,0.3322058916091919,,,
bdloc0mw,R_ref,42,775,,,,,,,0.24336086213588715,,,
bdloc0mw,R_ref,42,776,,,,,,,0.22607053816318512,,,
bdloc0mw,R_ref,42,777,,,,,,,0.23493841290473938,,,
bdloc0mw,R_ref,42,778,,,,,,,0.26318469643592834,,,
bdloc0mw,R_ref,42,779,,,,,,,0.21216818690299988,,,
bdloc0mw,R_ref,42,780,,,,,,,0.2616628110408783,,,
bdloc0mw,R_ref,42,781,,,,,,,0.22837577760219574,,,
bdloc0mw,R_ref,42,782,,,,,,,0.2642497420310974,,,
bdloc0mw,R_ref,42,783,,,,,,,0.2721196413040161,,,
bdloc0mw,R_ref,42,784,,,,,,,0.24344918131828308,,,
bdloc0mw,R_ref,42,785,,,,,,,0.2659520208835602,,,
bdloc0mw,R_ref,42,786,,,,,,,0.29097458720207214,,,
bdloc0mw,R_ref,42,787,,,,,,,0.2395033836364746,,,
bdloc0mw,R_ref,42,788,,,,,,,0.23279431462287903,,,
bdloc0mw,R_ref,42,789,,,,,,,0.24156716465950012,,,
bdloc0mw,R_ref,42,790,,,,,,,0.24537914991378784,,,
bdloc0mw,R_ref,42,791,,,,,,,0.23518578708171844,,,
bdloc0mw,R_ref,42,792,,,,,,,0.2741129398345947,,,
bdloc0mw,R_ref,42,793,,,,,,,0.23999501764774323,,,
bdloc0mw,R_ref,42,794,,,,,,,0.23358355462551117,,,
bdloc0mw,R_ref,42,795,,,,,,,0.27158990502357483,,,
bdloc0mw,R_ref,42,796,,,,,,,0.24730569124221802,,,
bdloc0mw,R_ref,42,797,,,,,,,0.2531850337982178,,,
bdloc0mw,R_ref,42,798,,,,,,,0.24776431918144226,,,
bdloc0mw,R_ref,42,799,,,,,,,0.25783035159111023,,,
bdloc0mw,R_ref,42,800,,,,,,,0.2345552146434784,,,
bdloc0mw,R_ref,42,801,,,,,,,0.24129389226436615,,,
bdloc0mw,R_ref,42,802,,,,,,,0.22301357984542847,,,
bdloc0mw,R_ref,42,803,,,,,,,0.2589331865310669,,,
bdloc0mw,R_ref,42,804,,,,,,,0.2723248600959778,,,
bdloc0mw,R_ref,42,805,,,,,,,0.2754627466201782,,,
bdloc0mw,R_ref,42,806,,,,,,,0.21680010855197906,,,
bdloc0mw,R_ref,42,807,,,,,,,0.24535727500915527,,,
bdloc0mw,R_ref,42,808,,,,,,,0.26297447085380554,,,
bdloc0mw,R_ref,42,809,,,,,,,0.2506227195262909,,,
bdloc0mw,R_ref,42,810,,,,,,,0.2553529143333435,,,
bdloc0mw,R_ref,42,811,,,,,,,0.28851979970932007,,,
bdloc0mw,R_ref,42,812,,,,,,,0.28068676590919495,,,
bdloc0mw,R_ref,42,813,,,,,,,0.25418177247047424,,,
bdloc0mw,R_ref,42,814,,,,,,,0.26962810754776,,,
bdloc0mw,R_ref,42,815,,,,,,,0.2845153510570526,,,
bdloc0mw,R_ref,42,816,,,,,,,0.2368583381175995,,,
bdloc0mw,R_ref,42,817,,,,,,,0.21857792139053345,,,
bdloc0mw,R_ref,42,818,,,,,,,0.2425827980041504,,,
bdloc0mw,R_ref,42,819,,,,,,,0.23460151255130768,,,
bdloc0mw,R_ref,42,820,,,,,,,0.20910251140594482,,,
bdloc0mw,R_ref,42,821,,,,,,,0.24842572212219238,,,
bdloc0mw,R_ref,42,822,,,,,,,0.2441122829914093,,,
bdloc0mw,R_ref,42,823,,,,,,,0.2133709192276001,,,
bdloc0mw,R_ref,42,824,,,,,,,0.24933597445487976,,,
bdloc0mw,R_ref,42,825,,,,,,,0.29444581270217896,,,
bdloc0mw,R_ref,42,826,,,,,,,0.26050621271133423,,,
bdloc0mw,R_ref,42,827,,,,,,,0.2597542703151703,,,
bdloc0mw,R_ref,42,828,,,,,,,0.2659863233566284,,,
bdloc0mw,R_ref,42,829,,,,,,,0.23813214898109436,,,
bdloc0mw,R_ref,42,830,,,,,,,0.24548596143722534,,,
bdloc0mw,R_ref,42,831,,,,,,,0.23806560039520264,,,
bdloc0mw,R_ref,42,832,,,,,,,0.2424740195274353,,,
bdloc0mw,R_ref,42,833,,,,,,,0.25111696124076843,,,
bdloc0mw,R_ref,42,834,,,,,,,0.2503091096878052,,,
bdloc0mw,R_ref,42,835,,,,,,,0.24876953661441803,,,
bdloc0mw,R_ref,42,836,,,,,,,0.2623533606529236,,,
bdloc0mw,R_ref,42,837,,,,,,,0.21958443522453308,,,
bdloc0mw,R_ref,42,838,,,,,,,0.2537368834018707,,,
bdloc0mw,R_ref,42,839,,,,,,,0.2430509328842163,,,
bdloc0mw,R_ref,42,840,,,,,,,0.231720969080925,,,
bdloc0mw,R_ref,42,841,,,,,,,0.2703700065612793,,,
bdloc0mw,R_ref,42,842,,,,,,,0.24288684129714966,,,
bdloc0mw,R_ref,42,843,,,,,,,0.23520581424236298,,,
bdloc0mw,R_ref,42,844,,,,,,,0.25238722562789917,,,
bdloc0mw,R_ref,42,845,,,,,,,0.27170732617378235,,,
bdloc0mw,R_ref,42,846,,,,,,,0.23957760632038116,,,
bdloc0mw,R_ref,42,847,,,,,,,0.2755986452102661,,,
bdloc0mw,R_ref,42,848,,,,,,,0.2425123155117035,,,
bdloc0mw,R_ref,42,849,,,,,,,0.2410873919725418,,,
bdloc0mw,R_ref,42,850,,,,,,,0.23638443648815155,,,
bdloc0mw,R_ref,42,851,,,,,,,0.2588382661342621,,,
bdloc0mw,R_ref,42,852,,,,,,,0.24649915099143982,,,
bdloc0mw,R_ref,42,853,,,,,,,0.26668229699134827,,,
bdloc0mw,R_ref,42,854,,,,,,,0.21373938024044037,,,
bdloc0mw,R_ref,42,855,,,,,,,0.29585230350494385,,,
bdloc0mw,R_ref,42,856,,,,,,,0.2712913453578949,,,
bdloc0mw,R_ref,42,857,,,,,,,0.22882938385009766,,,
bdloc0mw,R_ref,42,858,,,,,,,0.2770611345767975,,,
bdloc0mw,R_ref,42,859,,,,,,,0.23329561948776245,,,
bdloc0mw,R_ref,42,860,,,,,,,0.22996842861175537,,,
bdloc0mw,R_ref,42,861,,,,,,,0.25985991954803467,,,
bdloc0mw,R_ref,42,862,,,,,,,0.2823842763900757,,,
bdloc0mw,R_ref,42,863,,,,,,,0.22149138152599335,,,
bdloc0mw,R_ref,42,864,,,,,,,0.2589387893676758,,,
bdloc0mw,R_ref,42,865,,,,,,,0.2671833336353302,,,
bdloc0mw,R_ref,42,866,,,,,,,0.28546151518821716,,,
bdloc0mw,R_ref,42,867,,,,,,,0.2369726151227951,,,
bdloc0mw,R_ref,42,868,,,,,,,0.2251734733581543,,,
bdloc0mw,R_ref,42,869,,,,,,,0.2361087203025818,,,
bdloc0mw,R_ref,42,870,,,,,,,0.24511994421482086,,,
bdloc0mw,R_ref,42,871,,,,,,,0.24966345727443695,,,
bdloc0mw,R_ref,42,872,,,,,,,0.26926252245903015,,,
bdloc0mw,R_ref,42,873,,,,,,,0.2389754354953766,,,
bdloc0mw,R_ref,42,874,,,,,,,0.26395708322525024,,,
bdloc0mw,R_ref,42,875,,,,,,,0.23718136548995972,,,
bdloc0mw,R_ref,42,876,,,,,,,0.27190712094306946,,,
bdloc0mw,R_ref,42,877,,,,,,,0.24481092393398285,,,
bdloc0mw,R_ref,42,878,,,,,,,0.23541675508022308,,,
bdloc0mw,R_ref,42,879,,,,,,,0.24120646715164185,,,
bdloc0mw,R_ref,42,880,,,,,,,0.269071102142334,,,
bdloc0mw,R_ref,42,881,,,,,,,0.2257584184408188,,,
bdloc0mw,R_ref,42,882,,,,,,,0.24859166145324707,,,
bdloc0mw,R_ref,42,883,,,,,,,0.23790676891803741,,,
bdloc0mw,R_ref,42,884,,,,,,,0.2559894621372223,,,
bdloc0mw,R_ref,42,885,,,,,,,0.2690174877643585,,,
bdloc0mw,R_ref,42,886,,,,,,,0.28715482354164124,,,
bdloc0mw,R_ref,42,887,,,,,,,0.28816765546798706,,,
bdloc0mw,R_ref,42,888,,,,,,,0.2559252381324768,,,
bdloc0mw,R_ref,42,889,,,,,,,0.28931355476379395,,,
bdloc0mw,R_ref,42,890,,,,,,,0.21456386148929596,,,
bdloc0mw,R_ref,42,891,,,,,,,0.2780601382255554,,,
bdloc0mw,R_ref,42,892,,,,,,,0.24668195843696594,,,
bdloc0mw,R_ref,42,893,,,,,,,0.24517889320850372,,,
bdloc0mw,R_ref,42,894,,,,,,,0.24674662947654724,,,
bdloc0mw,R_ref,42,895,,,,,,,0.25213947892189026,,,
bdloc0mw,R_ref,42,896,,,,,,,0.2304821014404297,,,
bdloc0mw,R_ref,42,897,,,,,,,0.25466984510421753,,,
bdloc0mw,R_ref,42,898,,,,,,,0.2801932692527771,,,
bdloc0mw,R_ref,42,899,,,,,,,0.25020456314086914,,,
bdloc0mw,R_ref,42,900,,,,,,,0.22224393486976624,,,
bdloc0mw,R_ref,42,901,,,,,,,0.24913173913955688,,,
bdloc0mw,R_ref,42,902,,,,,,,0.22090809047222137,,,
bdloc0mw,R_ref,42,903,,,,,,,0.24205860495567322,,,
bdloc0mw,R_ref,42,904,,,,,,,0.27966102957725525,,,
bdloc0mw,R_ref,42,905,,,,,,,0.2631334662437439,,,
bdloc0mw,R_ref,42,906,,,,,,,0.22164414823055267,,,
bdloc0mw,R_ref,42,907,,,,,,,0.23989775776863098,,,
bdloc0mw,R_ref,42,908,,,,,,,0.3076206147670746,,,
bdloc0mw,R_ref,42,909,,,,,,,0.2739885151386261,,,
bdloc0mw,R_ref,42,910,,,,,,,0.2287079393863678,,,
bdloc0mw,R_ref,42,911,,,,,,,0.25842949748039246,,,
bdloc0mw,R_ref,42,912,,,,,,,0.22695468366146088,,,
bdloc0mw,R_ref,42,913,,,,,,,0.21852728724479675,,,
bdloc0mw,R_ref,42,914,,,,,,,0.2594378590583801,,,
bdloc0mw,R_ref,42,915,,,,,,,0.2691895663738251,,,
bdloc0mw,R_ref,42,916,,,,,,,0.2573784291744232,,,
bdloc0mw,R_ref,42,917,,,,,,,0.23334230482578278,,,
bdloc0mw,R_ref,42,918,,,,,,,0.2220335602760315,,,
bdloc0mw,R_ref,42,919,,,,,,,0.2579692006111145,,,
bdloc0mw,R_ref,42,920,,,,,,,0.2799786627292633,,,
bdloc0mw,R_ref,42,921,,,,,,,0.2685730755329132,,,
bdloc0mw,R_ref,42,922,,,,,,,0.24249297380447388,,,
bdloc0mw,R_ref,42,923,,,,,,,0.23552221059799194,,,
bdloc0mw,R_ref,42,924,,,,,,,0.2364509552717209,,,
bdloc0mw,R_ref,42,925,,,,,,,0.2653607428073883,,,
bdloc0mw,R_ref,42,926,,,,,,,0.2461177259683609,,,
bdloc0mw,R_ref,42,927,,,,,,,0.26153525710105896,,,
bdloc0mw,R_ref,42,928,,,,,,,0.22629773616790771,,,
bdloc0mw,R_ref,42,929,,,,,,,0.2451809048652649,,,
bdloc0mw,R_ref,42,930,,,,,,,0.25047168135643005,,,
bdloc0mw,R_ref,42,931,,,,,,,0.20147167146205902,,,
bdloc0mw,R_ref,42,932,,,,,,,0.2355540245771408,,,
bdloc0mw,R_ref,42,933,,,,,,,0.23449034988880157,,,
bdloc0mw,R_ref,42,934,,,,,,,0.2495744526386261,,,
bdloc0mw,R_ref,42,935,,,,,,,0.2579585909843445,,,
bdloc0mw,R_ref,42,936,,,,,,,0.2430659830570221,,,
bdloc0mw,R_ref,42,937,,,,,,,0.26228851079940796,,,
bdloc0mw,R_ref,42,938,,,,,,,0.27078792452812195,,,
bdloc0mw,R_ref,42,939,,,,,,,0.2482403963804245,,,
bdloc0mw,R_ref,42,940,,,,,,,0.24435819685459137,,,
bdloc0mw,R_ref,42,941,,,,,,,0.24945025146007538,,,
bdloc0mw,R_ref,42,942,,,,,,,0.271357923746109,,,
bdloc0mw,R_ref,42,943,,,,,,,0.22493775188922882,,,
bdloc0mw,R_ref,42,944,,,,,,,0.24212729930877686,,,
bdloc0mw,R_ref,42,945,,,,,,,0.26749610900878906,,,
bdloc0mw,R_ref,42,946,,,,,,,0.2299945056438446,,,
bdloc0mw,R_ref,42,947,,,,,,,0.23630833625793457,,,
bdloc0mw,R_ref,42,948,,,,,,,0.2371646910905838,,,
bdloc0mw,R_ref,42,949,,,,,,,0.2548651397228241,,,
bdloc0mw,R_ref,42,950,,,,,,,0.24632541835308075,,,
bdloc0mw,R_ref,42,951,,,,,,,0.22800174355506897,,,
bdloc0mw,R_ref,42,952,,,,,,,0.22543710470199585,,,
bdloc0mw,R_ref,42,953,,,,,,,0.246145561337471,,,
bdloc0mw,R_ref,42,954,,,,,,,0.23616540431976318,,,
bdloc0mw,R_ref,42,955,,,,,,,0.2610548138618469,,,
bdloc0mw,R_ref,42,956,,,,,,,0.24180500209331512,,,
bdloc0mw,R_ref,42,957,,,,,,,0.23236171901226044,,,
bdloc0mw,R_ref,42,958,,,,,,,0.23839852213859558,,,
bdloc0mw,R_ref,42,959,,,,,,,0.2419138103723526,,,
bdloc0mw,R_ref,42,960,,,,,,,0.25438258051872253,,,
bdloc0mw,R_ref,42,961,,,,,,,0.24461035430431366,,,
bdloc0mw,R_ref,42,962,,,,,,,0.27629154920578003,,,
bdloc0mw,R_ref,42,963,,,,,,,0.2740482985973358,,,
bdloc0mw,R_ref,42,964,,,,,,,0.22201064229011536,,,
bdloc0mw,R_ref,42,965,,,,,,,0.2388782799243927,,,
bdloc0mw,R_ref,42,966,,,,,,,0.22081269323825836,,,
bdloc0mw,R_ref,42,967,,,,,,,0.22314025461673737,,,
bdloc0mw,R_ref,42,968,,,,,,,0.24294112622737885,,,
bdloc0mw,R_ref,42,969,,,,,,,0.2956336438655853,,,
bdloc0mw,R_ref,42,970,,,,,,,0.2355310320854187,,,
bdloc0mw,R_ref,42,971,,,,,,,0.23365560173988342,,,
bdloc0mw,R_ref,42,972,,,,,,,0.2337966412305832,,,
bdloc0mw,R_ref,42,973,,,,,,,0.26573777198791504,,,
bdloc0mw,R_ref,42,974,,,,,,,0.22800786793231964,,,
bdloc0mw,R_ref,42,975,,,,,,,0.23248711228370667,,,
bdloc0mw,R_ref,42,976,,,,,,,0.27418053150177,,,
bdloc0mw,R_ref,42,977,,,,,,,0.2579086124897003,,,
bdloc0mw,R_ref,42,978,,,,,,,0.257541686296463,,,
bdloc0mw,R_ref,42,979,,,,,,,0.23515966534614563,,,
bdloc0mw,R_ref,42,980,,,,,,,0.23083509504795074,,,
bdloc0mw,R_ref,42,981,,,,,,,0.2549901604652405,,,
bdloc0mw,R_ref,42,982,,,,,,,0.24031545221805573,,,
bdloc0mw,R_ref,42,983,,,,,,,0.2349400818347931,,,
bdloc0mw,R_ref,42,984,,,,,,,0.23778483271598816,,,
bdloc0mw,R_ref,42,985,,,,,,,0.2470184564590454,,,
bdloc0mw,R_ref,42,986,,,,,,,0.24152930080890656,,,
bdloc0mw,R_ref,42,987,,,,,,,0.23835474252700806,,,
bdloc0mw,R_ref,42,988,,,,,,,0.2239352911710739,,,
bdloc0mw,R_ref,42,989,,,,,,,0.27669230103492737,,,
bdloc0mw,R_ref,42,990,,,,,,,0.260831743478775,,,
bdloc0mw,R_ref,42,991,,,,,,,0.2355053573846817,,,
bdloc0mw,R_ref,42,992,,,,,,,0.273298054933548,,,
bdloc0mw,R_ref,42,993,,,,,,,0.2271193116903305,,,
bdloc0mw,R_ref,42,994,,,,,,,0.2616565227508545,,,
bdloc0mw,R_ref,42,995,,,,,,,0.2257344126701355,,,
bdloc0mw,R_ref,42,996,,,,,,,0.2416854053735733,,,
bdloc0mw,R_ref,42,997,,,,,,,0.2690434455871582,,,
bdloc0mw,R_ref,42,998,,,,,,,0.23647284507751465,,,
bdloc0mw,R_ref,42,999,,,,,,,0.24398845434188843,,,
bdloc0mw,R_ref,42,1000,,,,,,,0.21808278560638428,,,
bdloc0mw,R_ref,42,1001,,,,,,,0.2546819746494293,,,
bdloc0mw,R_ref,42,1002,,,,,,,0.22619637846946716,,,
bdloc0mw,R_ref,42,1003,,,,,,,0.22184130549430847,,,
bdloc0mw,R_ref,42,1004,,,,,,,0.23992188274860382,,,
bdloc0mw,R_ref,42,1005,,,,,,,0.24084432423114777,,,
bdloc0mw,R_ref,42,1006,,,,,,,0.2572071850299835,,,
bdloc0mw,R_ref,42,1007,,,,,,,0.24518664181232452,,,
bdloc0mw,R_ref,42,1008,,,,,,,0.23472678661346436,,,
bdloc0mw,R_ref,42,1009,,,,,,,0.2523929178714752,,,
bdloc0mw,R_ref,42,1010,,,,,,,0.22462362051010132,,,
bdloc0mw,R_ref,42,1011,,,,,,,0.21573114395141602,,,
bdloc0mw,R_ref,42,1012,,,,,,,0.28167447447776794,,,
bdloc0mw,R_ref,42,1013,,,,,,,0.22585013508796692,,,
bdloc0mw,R_ref,42,1014,,,,,,,0.22050219774246216,,,
bdloc0mw,R_ref,42,1015,,,,,,,0.22380003333091736,,,
bdloc0mw,R_ref,42,1016,,,,,,,0.23738142848014832,,,
bdloc0mw,R_ref,42,1017,,,,,,,0.24964363873004913,,,
bdloc0mw,R_ref,42,1018,,,,,,,0.23559658229351044,,,
bdloc0mw,R_ref,42,1019,,,,,,,0.2392008900642395,,,
bdloc0mw,R_ref,42,1020,,,,,,,0.23802222311496735,,,
bdloc0mw,R_ref,42,1021,,,,,,,0.2699041962623596,,,
bdloc0mw,R_ref,42,1022,,,,,,,0.2420804798603058,,,
bdloc0mw,R_ref,42,1023,,,,,,,0.2666587829589844,,,
bdloc0mw,R_ref,42,1024,,,,,,,0.27740535140037537,,,
bdloc0mw,R_ref,42,1025,,,,,,,0.2197040319442749,,,
bdloc0mw,R_ref,42,1026,,,,,,,0.2383887618780136,,,
bdloc0mw,R_ref,42,1027,,,,,,,0.2266215831041336,,,
bdloc0mw,R_ref,42,1028,,,,,,,0.2691357135772705,,,
bdloc0mw,R_ref,42,1029,,,,,,,0.2267700731754303,,,
bdloc0mw,R_ref,42,1030,,,,,,,0.3144998252391815,,,
bdloc0mw,R_ref,42,1031,,,,,,,0.2448897510766983,,,
bdloc0mw,R_ref,42,1032,,,,,,,0.22971133887767792,,,
bdloc0mw,R_ref,42,1033,,,,,,,0.21999791264533997,,,
bdloc0mw,R_ref,42,1034,,,,,,,0.2333313226699829,,,
bdloc0mw,R_ref,42,1035,,,,,,,0.21832481026649475,,,
bdloc0mw,R_ref,42,1036,,,,,,,0.2712867558002472,,,
bdloc0mw,R_ref,42,1037,,,,,,,0.2704372704029083,,,
bdloc0mw,R_ref,42,1038,,,,,,,0.21754296123981476,,,
bdloc0mw,R_ref,42,1039,,,,,,,0.23484155535697937,,,
bdloc0mw,R_ref,42,1040,,,,,,,0.2345736026763916,,,
bdloc0mw,R_ref,42,1041,,,,,,,0.22744330763816833,,,
bdloc0mw,R_ref,42,1042,,,,,,,0.2338537573814392,,,
bdloc0mw,R_ref,42,1043,,,,,,,0.2430134117603302,,,
bdloc0mw,R_ref,42,1044,,,,,,,0.23416930437088013,,,
bdloc0mw,R_ref,42,1045,,,,,,,0.2474796622991562,,,
bdloc0mw,R_ref,42,1046,,,,,,,0.2194494754076004,,,
bdloc0mw,R_ref,42,1047,,,,,,,0.2228466272354126,,,
bdloc0mw,R_ref,42,1048,,,,,,,0.2731087803840637,,,
bdloc0mw,R_ref,42,1049,,,,,,,0.2683083117008209,,,
bdloc0mw,R_ref,42,1050,,,,,,,0.26791247725486755,,,
bdloc0mw,R_ref,42,1051,,,,,,,0.22044596076011658,,,
bdloc0mw,R_ref,42,1052,,,,,,,0.22612951695919037,,,
bdloc0mw,R_ref,42,1053,,,,,,,0.2404709756374359,,,
bdloc0mw,R_ref,42,1054,,,,,,,0.2516883611679077,,,
bdloc0mw,R_ref,42,1055,,,,,,,0.2351282238960266,,,
bdloc0mw,R_ref,42,1056,,,,,,,0.23787853121757507,,,
bdloc0mw,R_ref,42,1057,,,,,,,0.2503678798675537,,,
bdloc0mw,R_ref,42,1058,,,,,,,0.26196300983428955,,,
bdloc0mw,R_ref,42,1059,,,,,,,0.2206883728504181,,,
bdloc0mw,R_ref,42,1060,,,,,,,0.26184484362602234,,,
bdloc0mw,R_ref,42,1061,,,,,,,0.24309663474559784,,,
bdloc0mw,R_ref,42,1062,,,,,,,0.2443351447582245,,,
bdloc0mw,R_ref,42,1063,,,,,,,0.23078016936779022,,,
bdloc0mw,R_ref,42,1064,,,,,,,0.25329408049583435,,,
bdloc0mw,R_ref,42,1065,,,,,,,0.2378358244895935,,,
bdloc0mw,R_ref,42,1066,,,,,,,0.24958236515522003,,,
bdloc0mw,R_ref,42,1067,,,,,,,0.24082250893115997,,,
bdloc0mw,R_ref,42,1068,,,,,,,0.25364214181900024,,,
bdloc0mw,R_ref,42,1069,,,,,,,0.21059878170490265,,,
bdloc0mw,R_ref,42,1070,,,,,,,0.22824643552303314,,,
bdloc0mw,R_ref,42,1071,,,,,,,0.22631053626537323,,,
bdloc0mw,R_ref,42,1072,,,,,,,0.23537872731685638,,,
bdloc0mw,R_ref,42,1073,,,,,,,0.23269475996494293,,,
bdloc0mw,R_ref,42,1074,,,,,,,0.29516464471817017,,,
bdloc0mw,R_ref,42,1075,,,,,,,0.24813851714134216,,,
bdloc0mw,R_ref,42,1076,,,,,,,0.25113222002983093,,,
bdloc0mw,R_ref,42,1077,,,,,,,0.24862149357795715,,,
bdloc0mw,R_ref,42,1078,,,,,,,0.23453564941883087,,,
bdloc0mw,R_ref,42,1079,,,,,,,0.23415084183216095,,,
bdloc0mw,R_ref,42,1080,,,,,,,0.22286683320999146,,,
bdloc0mw,R_ref,42,1081,,,,,,,0.24135786294937134,,,
bdloc0mw,R_ref,42,1082,,,,,,,0.23243947327136993,,,
bdloc0mw,R_ref,42,1083,,,,,,,0.266899049282074,,,
bdloc0mw,R_ref,42,1084,,,,,,,0.22197750210762024,,,
bdloc0mw,R_ref,42,1085,,,,,,,0.2146892547607422,,,
bdloc0mw,R_ref,42,1086,,,,,,,0.23829762637615204,,,
bdloc0mw,R_ref,42,1087,,,,,,,0.2541445791721344,,,
bdloc0mw,R_ref,42,1088,,,,,,,0.25558051466941833,,,
bdloc0mw,R_ref,42,1089,,,,,,,0.2454328089952469,,,
bdloc0mw,R_ref,42,1090,,,,,,,0.24690473079681396,,,
bdloc0mw,R_ref,42,1091,,,,,,,0.23484976589679718,,,
bdloc0mw,R_ref,42,1092,,,,,,,0.24576416611671448,,,
bdloc0mw,R_ref,42,1093,,,,,,,0.24105064570903778,,,
bdloc0mw,R_ref,42,1094,,,,,,,0.2395089864730835,,,
bdloc0mw,R_ref,42,1095,,,,,,,0.21495985984802246,,,
bdloc0mw,R_ref,42,1096,,,,,,,0.23580722510814667,,,
bdloc0mw,R_ref,42,1097,,,,,,,0.24451258778572083,,,
bdloc0mw,R_ref,42,1098,,,,,,,0.225678950548172,,,
bdloc0mw,R_ref,42,1099,,,,,,,0.2479810267686844,,,
bdloc0mw,R_ref,42,1100,,,,,,,0.2863965332508087,,,
bdloc0mw,R_ref,42,1101,,,,,,,0.2160029262304306,,,
bdloc0mw,R_ref,42,1102,,,,,,,0.2592755854129791,,,
bdloc0mw,R_ref,42,1103,,,,,,,0.2341005504131317,,,
bdloc0mw,R_ref,42,1104,,,,,,,0.2625884413719177,,,
bdloc0mw,R_ref,42,1105,,,,,,,0.2508281171321869,,,
bdloc0mw,R_ref,42,1106,,,,,,,0.230124369263649,,,
bdloc0mw,R_ref,42,1107,,,,,,,0.2488238662481308,,,
bdloc0mw,R_ref,42,1108,,,,,,,0.2430388182401657,,,
bdloc0mw,R_ref,42,1109,,,,,,,0.21286191046237946,,,
bdloc0mw,R_ref,42,1110,,,,,,,0.22417587041854858,,,
bdloc0mw,R_ref,42,1111,,,,,,,0.2303733378648758,,,
bdloc0mw,R_ref,42,1112,,,,,,,0.2847003638744354,,,
bdloc0mw,R_ref,42,1113,,,,,,,0.24660107493400574,,,
bdloc0mw,R_ref,42,1114,,,,,,,0.2606965899467468,,,
bdloc0mw,R_ref,42,1115,,,,,,,0.22782249748706818,,,
bdloc0mw,R_ref,42,1116,,,,,,,0.2502409815788269,,,
bdloc0mw,R_ref,42,1117,,,,,,,0.24459542334079742,,,
bdloc0mw,R_ref,42,1118,,,,,,,0.23201613128185272,,,
bdloc0mw,R_ref,42,1119,,,,,,,0.26455456018447876,,,
bdloc0mw,R_ref,42,1120,,,,,,,0.27602124214172363,,,
bdloc0mw,R_ref,42,1121,,,,,,,0.26691171526908875,,,
bdloc0mw,R_ref,42,1122,,,,,,,0.23955921828746796,,,
bdloc0mw,R_ref,42,1123,,,,,,,0.22845345735549927,,,
bdloc0mw,R_ref,42,1124,,,,,,,0.2553942799568176,,,
bdloc0mw,R_ref,42,1125,,,,,,,0.2224150151014328,,,
bdloc0mw,R_ref,42,1126,,,,,,,0.28033578395843506,,,
bdloc0mw,R_ref,42,1127,,,,,,,0.225276380777359,,,
bdloc0mw,R_ref,42,1128,,,,,,,0.250349760055542,,,
bdloc0mw,R_ref,42,1129,,,,,,,0.2454959601163864,,,
bdloc0mw,R_ref,42,1130,,,,,,,0.2326514720916748,,,
bdloc0mw,R_ref,42,1131,,,,,,,0.27678874135017395,,,
bdloc0mw,R_ref,42,1132,,,,,,,0.2412613034248352,,,
bdloc0mw,R_ref,42,1133,,,,,,,0.24090424180030823,,,
bdloc0mw,R_ref,42,1134,,,,,,,0.26616767048835754,,,
bdloc0mw,R_ref,42,1135,,,,,,,0.25044742226600647,,,
bdloc0mw,R_ref,42,1136,,,,,,,0.22428007423877716,,,
bdloc0mw,R_ref,42,1137,,,,,,,0.2792326509952545,,,
bdloc0mw,R_ref,42,1138,,,,,,,0.26187682151794434,,,
bdloc0mw,R_ref,42,1139,,,,,,,0.2628990411758423,,,
bdloc0mw,R_ref,42,1140,,,,,,,0.2532656192779541,,,
bdloc0mw,R_ref,42,1141,,,,,,,0.23327963054180145,,,
bdloc0mw,R_ref,42,1142,,,,,,,0.23227207362651825,,,
bdloc0mw,R_ref,42,1143,,,,,,,0.27857714891433716,,,
bdloc0mw,R_ref,42,1144,,,,,,,0.23767365515232086,,,
bdloc0mw,R_ref,42,1145,,,,,,,0.24055412411689758,,,
bdloc0mw,R_ref,42,1146,,,,,,,0.2516458332538605,,,
bdloc0mw,R_ref,42,1147,,,,,,,0.24111701548099518,,,
bdloc0mw,R_ref,42,1148,,,,,,,0.2241312563419342,,,
bdloc0mw,R_ref,42,1149,,,,,,,0.24271850287914276,,,
bdloc0mw,R_ref,42,1150,,,,,,,0.2625361382961273,,,
bdloc0mw,R_ref,42,1151,,,,,,,0.22019675374031067,,,
bdloc0mw,R_ref,42,1152,,,,,,,0.22992272675037384,,,
bdloc0mw,R_ref,42,1153,,,,,,,0.25864535570144653,,,
bdloc0mw,R_ref,42,1154,,,,,,,0.2175355702638626,,,
bdloc0mw,R_ref,42,1155,,,,,,,0.24158158898353577,,,
bdloc0mw,R_ref,42,1156,,,,,,,0.21951015293598175,,,
bdloc0mw,R_ref,42,1157,,,,,,,0.26567479968070984,,,
bdloc0mw,R_ref,42,1158,,,,,,,0.25717878341674805,,,
bdloc0mw,R_ref,42,1159,,,,,,,0.23104040324687958,,,
bdloc0mw,R_ref,42,1160,,,,,,,0.24077898263931274,,,
bdloc0mw,R_ref,42,1161,,,,,,,0.26471927762031555,,,
bdloc0mw,R_ref,42,1162,,,,,,,0.25506356358528137,,,
bdloc0mw,R_ref,42,1163,,,,,,,0.230544775724411,,,
bdloc0mw,R_ref,42,1164,,,,,,,0.23456990718841553,,,
bdloc0mw,R_ref,42,1165,,,,,,,0.259026437997818,,,
bdloc0mw,R_ref,42,1166,,,,,,,0.22700880467891693,,,
bdloc0mw,R_ref,42,1167,,,,,,,0.2499995082616806,,,
bdloc0mw,R_ref,42,1168,,,,,,,0.23552201688289642,,,
bdloc0mw,R_ref,42,1169,,,,,,,0.2221478968858719,,,
bdloc0mw,R_ref,42,1170,,,,,,,0.26061445474624634,,,
