epoch,_step,_runtime,_timestamp,trainer/global_step,learning_rate,val/loss,val/gene_interaction/Pearson,val/gene_interaction/MSE,val_sample/Pearson_target_0,train_loss_epoch_mean
0.0,208.0,537.574900769,1758559761.7306132,2076.0,,0.007920836098492146,0.014634473249316216,0.0037619180511683226,,0.008656662641372081
1.0,423.0,770.898906198,1758559995.0546112,4153.0,,0.007281771395355463,0.01566898822784424,0.003773369826376438,,0.007475296695842049
2.0,638.0,1007.51846764,1758560231.6741595,6230.0,,0.00647731451317668,0.018912900239229202,0.0037736010272055864,,0.006717723344291489
3.0,852.0,1241.570260076,1758560465.7259238,8307.0,,0.0060494448989629745,0.038119975477457047,0.003767509711906314,,0.006128761404450389
4.0,1067.0,1476.652827336,1758560700.8085022,10384.0,,0.005697568878531456,0.052721843123435974,0.0037627676501870155,,0.005763703256469363
5.0,1282.0,1710.712824628,1758560934.8685038,12461.0,,0.005314797628670931,0.08392727375030518,0.0037451162934303284,,0.005396642845321016
6.0,1496.0,1946.862536743,1758561171.0182548,14538.0,,0.004985715262591839,0.13101418316364288,0.0037121945060789585,,0.00505883454070719
7.0,1711.0,2182.343940453,1758561406.4995985,16615.0,,0.004702090285718441,0.1841346025466919,0.0036383867263793945,,0.004731168050336867
8.0,1926.0,2418.212808334,1758561642.3685532,18692.0,,0.004426959436386824,0.2419987916946411,0.003535053925588727,,0.004455031260686855
9.0,2141.0,2653.724290931,1758561877.8797352,20769.0,,0.004155927337706089,0.285476952791214,0.003439384512603283,,0.0041791761558180535
10.0,2355.0,2888.152224109,1758562112.3079486,22846.0,,0.0038983451668173075,0.31047552824020386,0.003380838083103299,,0.0039020218202565314
11.0,2570.0,3124.835848762,1758562348.9914656,24923.0,,0.003874845802783966,0.3216179609298706,0.0033543554600328207,,0.0038655592462209123
12.0,2785.0,3359.492969478,1758562583.6487029,27000.0,,0.0038552391342818737,0.32859086990356445,0.00333486869931221,,0.0038514581235806243
13.0,2999.0,3596.237472909,1758562820.393118,29077.0,,0.0038396604359149933,0.3329091966152191,0.0033280851785093546,,0.0038374584732838155
14.0,3214.0,3830.97216426,1758563055.1278796,31154.0,,0.003823348321020603,0.3355545401573181,0.003318507457152009,,0.0038311764577743956
15.0,3429.0,4067.572310212,1758563291.7279356,33231.0,,0.0038077873177826405,0.3382497727870941,0.00331075768917799,,0.0038138645781705584
16.0,3643.0,4302.531399094,1758563526.6871061,35308.0,,0.003793011885136366,0.34035688638687134,0.0033068715129047632,,0.0037718598251703424
17.0,3858.0,4538.714988742,1758563762.8706439,37385.0,,0.0037777291145175695,0.341981440782547,0.003301283810287714,,0.0037745552086002696
18.0,4073.0,4774.563109721,1758563998.718821,39462.0,,0.0037634819746017456,0.34324002265930176,0.0032999408431351185,,0.003734036029737371
19.0,4288.0,5010.382611371,1758564234.5382736,41539.0,,0.003748346585780382,0.34443148970603943,0.003295194124802947,,0.00373004813445732
20.0,4502.0,5246.784189369,1758564470.9398804,43616.0,,0.003733680583536625,0.3454940617084503,0.0032928865402936935,,0.003732879917195814
21.0,4717.0,5482.15934561,1758564706.3150034,45693.0,,0.0037193764001131058,0.3460000455379486,0.003292126813903451,,0.0036850051233509127
22.0,4932.0,5718.159173527,1758564942.3149028,47770.0,,0.003704504808411002,0.3469119966030121,0.003289629938080907,,0.0036560202503236583
23.0,5146.0,5953.609442562,1758565177.7649682,49847.0,,0.003689913311973214,0.34759777784347534,0.0032876955810934305,,0.0036716405740952578
24.0,5361.0,6189.928542677,1758565414.084262,51924.0,,0.0036757399793714285,0.3481332063674927,0.0032867509871721268,,0.0036793183512949888
25.0,5576.0,6425.249737989,1758565649.40527,54001.0,,0.003661536378785968,0.34852030873298645,0.003284965641796589,,0.00364119368896354
26.0,5790.0,6662.088375901,1758565886.2441108,56078.0,,0.003647743258625269,0.34920546412467957,0.0032845926471054554,,0.003597588695648716
27.0,6005.0,6899.399730433,1758566123.5555062,58155.0,,0.003633621847257018,0.34966811537742615,0.003282885765656829,,0.00359708645219843
28.0,6220.0,7134.599976323,1758566358.7556894,60232.0,,0.0036199281457811594,0.3501422703266144,0.0032824818044900894,,0.0035625844096872383
29.0,6435.0,7370.881556464,1758566595.0371492,62309.0,,0.003605738515034318,0.3506523370742798,0.0032796666491776705,,0.003578128801354279
30.0,6649.0,7606.876746477,1758566831.0324383,64386.0,,0.0035925668198615313,0.3506562411785126,0.0032795898150652647,,0.003566927166322723
31.0,6864.0,7844.103593802,1758567068.2588844,66463.0,,0.0035793932620435953,0.35127416253089905,0.0032776356674730778,,0.0035388737440091344
32.0,7079.0,8079.473814094,1758567303.6295328,68540.0,,0.0035672346130013466,0.3517976701259613,0.003277434967458248,,0.003520515571625975
33.0,7293.0,8316.125129441,1758567540.28083,70617.0,,0.0035553444176912308,0.35190173983573914,0.003276330418884754,,0.0035149385637473227
34.0,7508.0,8552.049165061,1758567776.2048624,72694.0,,0.0035453722812235355,0.3520700931549072,0.0032807630486786366,,0.0035074047627858818
35.0,7723.0,8786.958188491,1758568011.1138263,74771.0,,0.0035336525179445744,0.35228675603866577,0.0032764864154160023,,0.0035120353657895555
36.0,7937.0,9021.908810885,1758568246.0645163,76848.0,,0.0035228829365223646,0.352724552154541,0.003274314571171999,,0.0034396692071164
37.0,8152.0,9258.054643498,1758568482.210303,78925.0,,0.003512920578941703,0.3528386652469635,0.0032737301662564278,,0.0035037478194751134
38.0,8367.0,9494.687401177,1758568718.84315,81002.0,,0.003503352403640747,0.3528364598751068,0.003273408394306898,,0.003468216080084228
39.0,8582.0,9730.34800269,1758568954.5036633,83079.0,,0.0034946254454553127,0.3529964089393616,0.0032747131772339344,,0.003479015171671143
40.0,8796.0,9965.461819328,1758569189.6175077,85156.0,,0.0034856221172958612,0.3530277609825134,0.0032738586887717247,,0.0034925276919713488
41.0,9011.0,10199.692556296,1758569423.848215,87233.0,,0.003476919839158654,0.3532857596874237,0.0032730980310589075,,0.0034529485184556018
42.0,9226.0,10435.238068125,1758569659.3937402,89310.0,,0.0034685733262449503,0.35361188650131226,0.0032725210767239332,,0.0034466689069701647
43.0,9440.0,10671.455476918,1758569895.6111157,91387.0,,0.0034604796674102545,0.3534271717071533,0.003272401401773095,,0.003405709293162549
44.0,9655.0,10907.210192704,1758570131.365909,93464.0,,0.0034528099931776524,0.35351651906967163,0.0032730083912611008,,0.0034441693614308652
45.0,9870.0,11143.161146977,1758570367.3168008,95541.0,,0.003444732166826725,0.3539825677871704,0.003271434921771288,,0.003408083214218585
46.0,10084.0,11378.800254488,1758570602.9559777,97618.0,,0.0034372550435364246,0.3540290594100952,0.00327160581946373,,0.00340085174969357
47.0,10299.0,11614.392361489,1758570838.5480208,99695.0,,0.0034299022518098354,0.35406744480133057,0.0032718852162361145,,0.003400583518669009
48.0,10514.0,11848.283802218,1758571072.4394996,101772.0,,0.003423601621761918,0.35390421748161316,0.0032753152772784233,,0.0033582691203964013
49.0,10729.0,12083.170214175,1758571307.3258374,103849.0,,0.0034153906162828207,0.3542403280735016,0.003270830726251006,,0.0033843315658696857
50.0,10943.0,12320.821284639,1758571544.9769802,105926.0,,0.0034085307270288467,0.3541010618209839,0.003270795103162527,,0.0033950445935094125
51.0,11158.0,12557.886208918,1758571782.0419316,108003.0,,0.003401845693588257,0.3543379306793213,0.0032703701872378588,,0.003374621079554065
52.0,11373.0,12794.2097489,1758572018.3654766,110080.0,,0.0033958523999899626,0.35432398319244385,0.0032716658897697926,,0.003378213335124131
53.0,11587.0,13028.292626581,1758572252.4482563,112157.0,,0.003389340592548251,0.35435327887535095,0.0032700456213206053,,0.0033254830677350218
54.0,11802.0,13264.848766826,1758572489.0044518,114234.0,,0.0033836220391094685,0.35441166162490845,0.0032708265352994204,,0.003365177848116638
55.0,12017.0,13499.158423359,1758572723.314073,116311.0,,0.003378127468749881,0.3544638156890869,0.003271835157647729,,0.00337217778500277
56.0,12231.0,13734.819820524,1758572958.9755385,118388.0,,0.0033730242867022753,0.35447514057159424,0.003273695707321167,,0.0033661079264565366
57.0,12446.0,13969.740398818,1758573193.8959382,120465.0,,0.00336681236512959,0.35437554121017456,0.003270746674388647,,0.003337205145866252
58.0,12661.0,14204.385451561,1758573428.5411775,122542.0,,0.003361988114193082,0.35380780696868896,0.0032726379577070475,,0.0033686283613161114
59.0,12876.0,14439.223118498,1758573663.3786976,124619.0,,0.003356317523866892,0.3544313907623291,0.0032706032507121563,,0.00332941089268738
60.0,13090.0,14674.216086882,1758573898.3717737,126696.0,,0.003351290477439761,0.3544960021972656,0.0032706798519939184,,0.003280437441209808
61.0,13305.0,14909.153411148,1758574133.3090332,128773.0,,0.003346523502841592,0.3541054427623749,0.0032714842818677425,,0.003331525991178261
62.0,13520.0,15143.185721176,1758574367.3414152,130850.0,,0.003341337665915489,0.3544955849647522,0.0032702002208679914,,0.0033120291493385313
63.0,13734.0,15379.123366907,1758574603.2790053,132927.0,,0.003336929949000478,0.35423052310943604,0.003271578112617135,,0.003327976284629625
64.0,13949.0,15613.132281161,1758574837.2879527,135004.0,,0.0033326197881251574,0.35405781865119934,0.003272849600762129,,0.003309664061257186
65.0,14164.0,15848.666955406,1758575072.8223844,137081.0,,0.0033280400093644857,0.3541160225868225,0.0032729192171245813,,0.003314798987748173
66.0,14378.0,16083.332784989,1758575307.4885204,139158.0,,0.003323138691484928,0.35439544916152954,0.0032714407425373793,,0.0032621395205044085
67.0,14593.0,16318.147477597,1758575542.3031237,141235.0,,0.00331851071678102,0.35413265228271484,0.0032706791535019875,,0.003293618357229906
68.0,14808.0,16552.892381682,1758575777.0481167,143312.0,,0.0033142867032438517,0.35445642471313477,0.0032711802050471306,,0.0032738147509427597
69.0,15023.0,16788.405024213,1758576012.560713,145389.0,,0.0033100980799645185,0.35418346524238586,0.0032716200221329927,,0.003245759229265297
70.0,15237.0,17023.412027172,1758576247.567753,147466.0,,0.003306021448224783,0.35405442118644714,0.003272478934377432,,0.003274803164590528
71.0,15452.0,17258.184896101,1758576482.3405488,149543.0,,0.003301606746390462,0.354168176651001,0.003271627239882946,,0.0032835134267001054
72.0,15667.0,17493.980869888,1758576718.1365962,151620.0,,0.0032977107912302017,0.3540593981742859,0.0032725296914577484,,0.003283743527180587
73.0,15881.0,17728.598002216,1758576952.7536654,153697.0,,0.0032934900373220444,0.3540276288986206,0.003271936671808362,,0.0032602113813323817
74.0,16096.0,17965.482133727,1758577189.6378257,155774.0,,0.003290738444775343,0.3538456857204437,0.0032767318189144135,,0.0032313283098539193
75.0,16311.0,18201.145564851,1758577425.3010585,157851.0,,0.0032855167519301176,0.35388606786727905,0.003272076603025198,,0.003237093499942253
76.0,16525.0,18436.016683943,1758577660.172402,159928.0,,0.003282848745584488,0.3538301885128021,0.0032768731471151114,,0.0032429170596822736
77.0,16740.0,18671.040782659,1758577895.1965013,162005.0,,0.0032780002802610397,0.3537479639053345,0.003272899193689227,,0.0032477386759217973
78.0,16955.0,18907.137485588,1758578131.2932131,164082.0,,0.003274526447057724,0.3537857234477997,0.0032740538008511066,,0.0032366798471999713
79.0,17170.0,19141.957431859,1758578366.1130834,166159.0,,0.003270701039582491,0.3534754812717438,0.003273505251854658,,0.003238072622200259
80.0,17384.0,19376.225635456,1758578600.381372,168236.0,,0.0032672735396772623,0.3535754978656769,0.003274063114076853,,0.003241171275270014
81.0,17599.0,19611.625323639,1758578835.7807016,170313.0,,0.0032635717652738094,0.35361015796661377,0.0032733858097344637,,0.003199343271822167
82.0,17814.0,19845.876710247,1758579070.0324385,172390.0,,0.003260535653680563,0.35356777906417847,0.0032748468220233917,,0.003234759648106634
83.0,18028.0,20081.877175908,1758579306.0325496,174467.0,,0.003257719799876213,0.35341382026672363,0.00327687687240541,,0.0032135474682304164
84.0,18243.0,20315.991075083,1758579540.1467638,176544.0,,0.00325367646291852,0.35342562198638916,0.003273812821134925,,0.0032087777788267257
85.0,18458.0,20551.031022411,1758579775.1866398,178621.0,,0.003250472480431199,0.3534342050552368,0.003273747628554702,,0.003192895502881863
86.0,18672.0,20786.344003948,1758580010.4996953,180698.0,,0.0032477225176990032,0.3528921902179718,0.003275094088166952,,0.00321367007324805
87.0,18887.0,21021.652946931,1758580245.8085845,182775.0,,0.003244559047743678,0.3534209132194519,0.0032745995558798313,,0.003200414813293789
88.0,19102.0,21257.697590595,1758580481.8532822,184852.0,,0.003241508034989238,0.35346224904060364,0.0032742912881076336,,0.003200514033848706
89.0,19317.0,21492.916044611,1758580717.0717132,186929.0,,0.0032387550454586744,0.353321373462677,0.0032750237733125687,,0.003217329030471424
90.0,19531.0,21729.246716985,1758580953.4024303,189006.0,,0.003235412063077092,0.3533070981502533,0.0032732838299125433,,0.003223606727225481
91.0,19746.0,21963.821461083,1758581187.9771125,191083.0,,0.003233227413147688,0.35292065143585205,0.003275795141234994,,0.0032103711743659983
92.0,19961.0,22198.087612444,1758581422.2433515,193160.0,,0.0032306513749063015,0.3530748188495636,0.003276359522715211,,0.0032058909486155384
93.0,20175.0,22432.819579071,1758581656.9752102,195237.0,,0.0032275363337248564,0.35309410095214844,0.0032748731318861246,,0.0032119538785736774
94.0,20390.0,22667.767574586,1758581891.9232988,197314.0,,0.0032251097727566957,0.35288742184638977,0.003275807946920395,,0.0031719408300257502
95.0,20605.0,22903.307731014,1758582127.4633868,199391.0,,0.0032231698278337717,0.3528290390968323,0.0032785567454993725,,0.0031554032656668615
96.0,20819.0,23137.997891923,1758582362.1536155,201468.0,,0.0032198482658714056,0.3530963361263275,0.0032755061984062195,,0.0031811021974733197
97.0,21034.0,23372.599743118,1758582596.7554317,203545.0,,0.003217654535546899,0.35258835554122925,0.003276715986430645,,0.00315871943334619
98.0,21249.0,23608.565202845,1758582832.720876,205622.0,,0.003215632401406765,0.3520224392414093,0.0032786321826279163,,0.003175612431592666
99.0,21464.0,23844.636350473,1758583068.7917202,207699.0,,0.0032126326113939285,0.3527752161026001,0.003276347415521741,,0.0032019497067757095
100.0,21678.0,24078.709747187,1758583302.8654618,209776.0,,0.003210723167285323,0.35281985998153687,0.0032782128546386957,,0.003156959349154562
101.0,21893.0,24313.806830528,1758583537.9625084,211853.0,,0.0032082251273095608,0.35227546095848083,0.003277778858318925,,0.0031707487348914863
102.0,22108.0,24549.106912308,1758583773.2626054,213930.0,,0.003205456305295229,0.3527030348777771,0.003275961382314563,,0.00314399345482413
103.0,22322.0,24783.875019692,1758584008.030652,216007.0,,0.003203806234523654,0.3522007167339325,0.0032784398645162582,,0.0031273456308360836
104.0,22537.0,25018.812528377,1758584242.9682372,218084.0,,0.0032016609329730272,0.352340430021286,0.0032787437085062265,,0.0031540735620253077
105.0,22752.0,25253.400933205,1758584477.5566673,220161.0,,0.003199175000190735,0.3526049256324768,0.0032776747830212116,,0.0031547488246220523
106.0,22966.0,25488.369862885,1758584712.5255704,222238.0,,0.0031975482124835253,0.35238999128341675,0.003279768628999591,,0.0031422195081027664
107.0,23181.0,25723.653711296,1758584947.8094468,224315.0,,0.0031949952244758606,0.3524467945098877,0.003278185846284032,,0.003167951700071661
108.0,23396.0,25958.3881871,1758585182.5438988,226392.0,,0.003193461801856756,0.3520265519618988,0.0032803975045681,,0.0031126963518685303
109.0,23611.0,26193.35126493,1758585417.5069208,228469.0,,0.003190712770447135,0.3524715006351471,0.0032778680324554443,,0.00313048063365456
110.0,23825.0,26428.363886335,1758585652.5195782,230546.0,,0.003188777482137084,0.3522510826587677,0.003278096206486225,,0.0031203880550672754
111.0,24040.0,26663.290728743,1758585887.4463017,232623.0,,0.003186957212164998,0.35161495208740234,0.003279052907600999,,0.0031603079036218473
112.0,24255.0,26898.989427089,1758586123.1451495,234700.0,,0.0031852934043854475,0.351922869682312,0.003280140459537506,,0.0031326738054093975
113.0,24469.0,27133.763508197,1758586357.9190629,236777.0,,0.0031830002553761005,0.3521074950695038,0.003278822172433138,,0.0031579159839069787
114.0,24684.0,27368.160020112,1758586592.3157485,238854.0,,0.003181308740749955,0.35188665986061096,0.0032798058819025755,,0.0031780272379714567
115.0,24899.0,27603.144511488,1758586827.3001647,240931.0,,0.003180166007950902,0.3515934348106384,0.0032827844843268394,,0.003147307027785036
116.0,25113.0,27837.871376055,1758587062.0270956,243008.0,,0.003178237471729517,0.3518502414226532,0.0032824694644659758,,0.0031395834400476034
117.0,25328.0,28072.491859611,1758587296.647393,245085.0,,0.0031764041632413864,0.35168638825416565,0.0032827090471982956,,0.003126474447736445
118.0,25543.0,28307.826556371,1758587531.9822822,247162.0,,0.0031738681718707085,0.35168084502220154,0.003279838478192687,,0.003157892836427961
119.0,25758.0,28542.710192714,1758587766.865826,249239.0,,0.003172377124428749,0.3513246774673462,0.0032809211406856775,,0.0031599640687300754
120.0,25972.0,28779.006575351,1758588003.1623108,251316.0,,0.003170465352013707,0.3516256511211395,0.0032803656067699194,,0.0031138714785341193
121.0,26187.0,29013.644667557,1758588237.8003366,253393.0,,0.0031690748874098063,0.3515996038913727,0.0032817120663821697,,0.0031267794211789104
122.0,26402.0,29250.531222394,1758588474.6869514,255470.0,,0.003167493036016822,0.3516857326030731,0.0032820929773151875,,0.003155259124469012
123.0,26616.0,29486.996096668,1758588711.151668,257547.0,,0.003165129106491804,0.3516964912414551,0.00327954045496881,,0.0031550665676215854
124.0,26831.0,29722.360585455,1758588946.5163167,259624.0,,0.0031640802044421434,0.35136061906814575,0.00328188668936491,,0.0031047218362800777
125.0,27046.0,29957.284976495,1758589181.4407086,261701.0,,0.0031623183749616146,0.3512698709964752,0.0032814140431582928,,0.0031058721954020886
126.0,27260.0,30192.729658348,1758589416.885391,263778.0,,0.0031612685415893793,0.3514465391635895,0.003283643862232566,,0.0031452287013242065
127.0,27475.0,30427.896171899,1758589652.0518308,265855.0,,0.0031591462902724743,0.35149067640304565,0.003281691810116172,,0.003126202069464713
128.0,27690.0,30663.152786111,1758589887.3084972,267932.0,,0.0031574030872434378,0.35146719217300415,0.003281006123870611,,0.0031055647402983876
129.0,27905.0,30897.558856144,1758590121.714548,270009.0,,0.0031557062175124884,0.351141095161438,0.0032805686350911856,,0.003075201213225507
130.0,28119.0,31132.01749541,1758590356.1731853,272086.0,,0.0031544524244964123,0.3511398732662201,0.0032815926242619753,,0.0031467326714292817
131.0,28334.0,31367.419103164,1758590591.574752,274163.0,,0.0031530079431831837,0.351494163274765,0.003281916957348585,,0.0031211603636620566
132.0,28549.0,31601.91329375,1758590826.069005,276240.0,,0.0031516761519014835,0.3512725234031677,0.003282536519691348,,0.0030766272516652513
133.0,28763.0,31837.233374208,1758591061.3888032,278317.0,,0.0031499979086220264,0.35127827525138855,0.0032817490864545107,,0.003139519353131741
134.0,28978.0,32071.714351906,1758591295.8700721,280394.0,,0.0031496610026806593,0.3508870005607605,0.0032860226929187775,,0.0030897206004458265
135.0,29193.0,32306.004072531,1758591530.159722,282471.0,,0.003147240960970521,0.35093915462493896,0.003282217774540186,,0.003064869664600477
136.0,29407.0,32541.754719403,1758591765.9104218,284548.0,,0.003146108705550432,0.3506353497505188,0.00328332488425076,,0.0030830085596996516
137.0,29622.0,32776.724214349,1758592000.8797517,286625.0,,0.003144879126921296,0.3508387804031372,0.003283878555521369,,0.003104891340346792
138.0,29837.0,33011.737775233,1758592235.8935022,288702.0,,0.0031434758566319942,0.3506101667881012,0.0032838587649166584,,0.0030824754122967045
139.0,30052.0,33246.691038517,1758592470.8466249,290779.0,,0.0031420995946973562,0.35062146186828613,0.0032837409526109695,,0.003091806164145685
140.0,30266.0,33481.312286154,1758592705.4679933,292856.0,,0.0031422311440110207,0.35070252418518066,0.0032893160823732615,,0.0030599970905929082
141.0,30481.0,33716.296408004,1758592940.4519925,294933.0,,0.0031394059769809246,0.3506118059158325,0.0032835653983056545,,0.003057565087846552
142.0,30696.0,33950.580143292,1758593174.7358158,297010.0,,0.003138134488835931,0.35023248195648193,0.003283754223957658,,0.003095593408663542
143.0,30910.0,34186.52260096,1758593410.678308,299087.0,,0.0031368706841021776,0.3503812551498413,0.003283878555521369,,0.0031166610382227363
144.0,31125.0,34420.838796617,1758593644.994517,301164.0,,0.003135557984933257,0.3506748080253601,0.003283654572442174,,0.0030706986603595745
145.0,31340.0,34655.615740036,1758593879.7714274,303241.0,,0.0031345176976174116,0.3510688841342926,0.0032842743676155806,,0.003106992141021272
146.0,31554.0,34892.529493296,1758594116.6851814,305318.0,,0.0031329854391515255,0.3505248427391052,0.0032833628356456757,,0.0030323757625810334
147.0,31769.0,35128.896059292,1758594353.0516224,307395.0,,0.003131677396595478,0.3508652150630951,0.003282980527728796,,0.0031014928883031155
148.0,31984.0,35364.216877453,1758594588.3725955,309472.0,,0.00313089438714087,0.3506208062171936,0.00328469043597579,,0.0030785159156389106
149.0,32199.0,35598.880710832,1758594823.0363743,311549.0,,0.003129963530227542,0.3508213758468628,0.003285596612840891,,0.0030942417786438735
150.0,32413.0,35835.005630978,1758595059.161327,313626.0,,0.003128273645415902,0.3501216769218445,0.003283579833805561,,0.0030662365390464737
151.0,32628.0,36069.640195646,1758595293.7956772,315703.0,,0.0031275670044124126,0.3506421148777008,0.003285446437075734,,0.0031057748307760516
152.0,32843.0,36305.246098848,1758595529.4018064,317780.0,,0.003126224037259817,0.35036009550094604,0.0032845595851540565,,0.003050616847198958
153.0,33057.0,36539.779455939,1758595763.9351318,319857.0,,0.003124980255961418,0.35054928064346313,0.0032841030042618513,,0.003055954074199145
154.0,33272.0,36775.21490376,1758595999.370622,321934.0,,0.003124484559521079,0.34986424446105957,0.0032864916138350964,,0.003067960108567674
155.0,33487.0,37009.628377408,1758596233.7840393,324011.0,,0.0031235001515597105,0.35048142075538635,0.0032869179267436266,,0.0030928884091106458
156.0,33701.0,37244.483297575,1758596468.6390023,326088.0,,0.003122186055406928,0.35061219334602356,0.003286027815192938,,0.0030653783691606084
157.0,33916.0,37479.46449423,1758596703.620121,328165.0,,0.0031207746360450983,0.35056233406066895,0.003284552600234747,,0.0030664839018404912
158.0,34131.0,37714.555815068,1758596938.7115428,330242.0,,0.0031194149050861597,0.35053959488868713,0.0032833160366863012,,0.0030724675251314272
159.0,34346.0,37949.938675825,1758597174.0943055,332319.0,,0.003118610940873623,0.35072949528694153,0.003284214995801449,,0.003085766250688511
160.0,34560.0,38184.002033517,1758597408.1577659,334396.0,,0.0031173157040029764,0.3507358133792877,0.0032832499127835035,,0.003054991546694351
161.0,34775.0,38419.551583964,1758597643.7070959,336473.0,,0.0031175408512353897,0.35054856538772583,0.003287915838882327,,0.0030908482608188372
162.0,34990.0,38653.966592528,1758597878.1223245,338550.0,,0.003115881932899356,0.3505657911300659,0.003285250160843134,,0.003081398817952364
163.0,35204.0,38889.415538872,1758598113.5712676,340627.0,,0.00311469379812479,0.35034772753715515,0.003284369595348835,,0.003087892704350865
164.0,35419.0,39123.632960603,1758598347.7886555,342704.0,,0.0031146840192377567,0.35010090470314026,0.0032882809173315763,,0.0030450422905582506
165.0,35634.0,39358.942798146,1758598583.09842,344781.0,,0.0031135540921241045,0.3503335416316986,0.003287500934675336,,0.0030489998126330855
166.0,35848.0,39593.651420179,1758598817.8071046,346858.0,,0.0031118232291191816,0.3505765199661255,0.003284616395831108,,0.003045384709133906
167.0,36063.0,39827.911954418,1758599052.0675406,348935.0,,0.003111068392172456,0.35003840923309326,0.003285209881141782,,0.003082216725138446
168.0,36278.0,40063.871087431,1758599288.0267699,351012.0,,0.0031100595369935036,0.35019630193710327,0.0032849768176674843,,0.0030565729662507344
169.0,36493.0,40298.224918468,1758599522.38051,353089.0,,0.0031097165774554014,0.34977149963378906,0.003287393134087324,,0.0030240888770024935
170.0,36707.0,40534.094691941,1758599758.2503865,355166.0,,0.0031081847846508026,0.3506793975830078,0.0032847970724105835,,0.0030843094148749603
171.0,36922.0,40770.046632894,1758599994.2023408,357243.0,,0.0031077279709279537,0.3499751389026642,0.0032867097761482,,0.0030694314471195238
172.0,37137.0,41007.378537715,1758600231.5342486,359320.0,,0.0031065759249031544,0.35009199380874634,0.003285706276074052,,0.0030789095214388976
173.0,37351.0,41241.886453306,1758600466.042017,361397.0,,0.003105952637270093,0.3501061797142029,0.0032866664696484804,,0.003020444906267207
174.0,37566.0,41477.097546884,1758600701.2532716,363474.0,,0.003105614800006151,0.3505048453807831,0.00328863225877285,,0.0030364144353930336
175.0,37781.0,41712.089414464,1758600936.245009,365551.0,,0.0031044066417962313,0.350654274225235,0.0032872832380235195,,0.0030688284303043755
176.0,37995.0,41945.989602652,1758601170.1453297,367628.0,,0.003103347960859537,0.35033372044563293,0.003286335850134492,,0.003061352938791548
177.0,38210.0,42181.927648028,1758601406.083298,369705.0,,0.003102293936535716,0.3504599630832672,0.0032856569159775972,,0.0030479171658113887
178.0,38425.0,42416.157566601,1758601640.3132665,371782.0,,0.0031015893910080194,0.3503061830997467,0.003286274615675211,,0.0030317322839087304
179.0,38640.0,42651.562148804,1758601875.7178743,373859.0,,0.0031014031264930964,0.3504910171031952,0.003288661129772663,,0.003077931184984314
180.0,38854.0,42885.877788982,1758602110.0335188,375936.0,,0.0030998822767287493,0.3501970171928406,0.003286004066467285,,0.0030777314025458792
181.0,39069.0,43120.613114828,1758602344.7687469,378013.0,,0.0030992573592811823,0.3504278361797333,0.0032866867259144783,,0.003039665155273934
182.0,39284.0,43354.401906457,1758602578.5576348,380090.0,,0.0030979658477008343,0.3507477343082428,0.0032847344409674406,,0.003050821828834999
183.0,39498.0,43588.301690479,1758602812.4573357,382167.0,,0.00309705245308578,0.35056155920028687,0.0032842711079865694,,0.003063432841926165
184.0,39713.0,43823.167280701,1758603047.3229926,384244.0,,0.0030965644400566816,0.35034289956092834,0.003285330021753907,,0.0030687243908267612
185.0,39928.0,44058.210611555,1758603282.3661883,386321.0,,0.0030965455807745457,0.3506157696247101,0.003288268344476819,,0.003087703553879132
186.0,40142.0,44292.568983919,1758603516.7246907,388398.0,,0.0030949984211474657,0.35068321228027344,0.0032851421274244785,,0.003049518919779339
187.0,40357.0,44527.030032338,1758603751.1856434,390475.0,,0.00309440353885293,0.3507269322872162,0.0032856441102921963,,0.0030404262070078403
188.0,40572.0,44762.482484604,1758603986.638221,392552.0,,0.0030935807153582573,0.35058438777923584,0.003285429673269391,,0.0030717611662112176
189.0,40787.0,44996.894317708,1758604221.0499356,394629.0,,0.0030932556837797165,0.3507217764854431,0.0032868757843971252,,0.0030615611377960215
190.0,41001.0,45231.797365182,1758604455.9530914,396706.0,,0.003091926919296384,0.35043245553970337,0.0032845130190253258,,0.003032331632738168
191.0,41216.0,45465.692578575,1758604689.8482032,398783.0,,0.0030914077069610357,0.3503204584121704,0.0032851367723196745,,0.0030216494062467692
192.0,41431.0,45700.671363521,1758604924.8270948,400860.0,,0.0030906605534255505,0.3501298129558563,0.0032849677372723818,,0.003053892231456792
193.0,41645.0,45934.983900447,1758605159.1394598,402937.0,,0.0030901364516466856,0.35055455565452576,0.0032854550518095493,,0.002998017535009534
194.0,41860.0,46170.72300004,1758605394.8786685,405014.0,,0.003089625621214509,0.35039639472961426,0.003286046674475074,,0.0030321921054005194
195.0,42075.0,46407.655527,1758605631.8111262,407091.0,,0.003088491503149271,0.35052791237831116,0.0032843188382685184,,0.003031460590696392
196.0,42289.0,46641.673346166,1758605865.8290699,409168.0,,0.0030879934784024954,0.3503575325012207,0.003284711856395006,,0.0030574917417595495
197.0,42504.0,46877.048163698,1758606101.2039182,411245.0,,0.0030886305030435324,0.3506583273410797,0.003289689077064395,,0.003032876560330176
198.0,42719.0,47112.354128248,1758606336.5098076,413322.0,,0.0030877687968313694,0.3502742648124695,0.003288669977337122,,0.0030069116686578267
199.0,42934.0,47347.819641477,1758606571.9751742,415399.0,,0.0030870181508362293,0.3505125939846039,0.0032883177045732737,,0.003043398478229602
200.0,43148.0,47581.590221987,1758606805.7459157,417476.0,,0.003085667733103037,0.3503320813179016,0.0032853842712938786,,0.0030208477538960854
201.0,43363.0,47816.248210775,1758607040.403876,419553.0,,0.0030869378242641687,0.35054826736450195,0.0032923067919909954,,0.0030385029598479518
202.0,43578.0,48051.19758227,1758607275.353297,421630.0,,0.0030850698240101337,0.3505702614784241,0.0032877635676413774,,0.0030177984500859077
203.0,43792.0,48286.128946603,1758607510.284514,423707.0,,0.0030837473459541798,0.35060155391693115,0.0032847397960722446,,0.0030579959269577033
204.0,44007.0,48521.313885206,1758607745.4695988,425784.0,,0.003083677962422371,0.35107532143592834,0.003286605002358556,,0.0030312270268600863
205.0,44222.0,48755.579883714,1758607979.7355783,427861.0,,0.003083165269345045,0.35020893812179565,0.0032868634443730116,,0.0030493767005212316
206.0,44436.0,48990.919165272,1758608215.0748472,429938.0,,0.0030821647960692644,0.3505159914493561,0.0032853190787136555,,0.0030404729802377415
207.0,44651.0,49225.37086579,1758608449.526517,432015.0,,0.0030822043772786856,0.3507879674434662,0.0032875118777155876,,0.0030155832859096476
208.0,44866.0,49460.290381255,1758608684.4461179,434092.0,,0.0030812735203653574,0.3499177098274231,0.00328628602437675,,0.0030099199771379623
209.0,45081.0,49694.927517622,1758608919.0830584,436169.0,,0.003080821130424738,0.3505229949951172,0.003286485094577074,,0.0030398147959763613
210.0,45295.0,49929.498415356,1758609153.6541443,438246.0,,0.0030800546519458294,0.3500761091709137,0.0032855879981070757,,0.0029979157666473284
211.0,45510.0,50164.26586936,1758609388.4215145,440323.0,,0.003080138936638832,0.3501788377761841,0.0032878676429390907,,0.003032415382152137
212.0,45725.0,50398.380575983,1758609622.5363054,442400.0,,0.003079014830291271,0.3499975800514221,0.003285615937784314,,0.0030337427541291197
213.0,45939.0,50633.814762605,1758609857.970362,444477.0,,0.0030790443997830153,0.3503980338573456,0.0032877675257623196,,0.003034857361563954
214.0,46154.0,50867.706218364,1758610091.861963,446554.0,,0.003078252309933305,0.3507500886917114,0.00328644597902894,,0.003025803894091111
215.0,46369.0,51102.517282078,1758610326.672924,448631.0,,0.0030777265783399343,0.350437194108963,0.0032865917310118675,,0.003004086718787081
216.0,46583.0,51336.389505931,1758610560.5452142,450708.0,,0.003076836233958602,0.3507758378982544,0.003285091370344162,,0.0030344715960557767
217.0,46798.0,51571.110962361,1758610795.266648,452785.0,,0.0030764115508645773,0.350241094827652,0.0032854476012289524,,0.0030138930462551517
218.0,47013.0,51805.290659599,1758611029.4463787,454862.0,,0.0030757267959415913,0.3500954806804657,0.0032848725095391273,,0.0030343539480012483
219.0,47228.0,52041.035058796,1758611265.19047,456939.0,,0.0030752529855817556,0.3505569398403168,0.00328483572229743,,0.003056386199135047
220.0,47442.0,52276.053928294,1758611500.2096496,459016.0,,0.0030750564765185118,0.35013362765312195,0.00328598334454,,0.003028873300206834
221.0,47657.0,52509.746886663,1758611733.9025571,461093.0,,0.003075182670727372,0.3503037989139557,0.0032883016392588615,,0.0030125602363393856
222.0,47872.0,52744.518119152,1758611968.6737976,463170.0,,0.0030743214301764965,0.35055088996887207,0.003286900231614709,,0.0029971585172461346
223.0,48086.0,52978.643545097,1758612202.7992036,465247.0,,0.00307345949113369,0.3501366078853607,0.0032853225711733103,,0.0030121133991197688
224.0,48301.0,53213.770146139,1758612437.9258783,467324.0,,0.0030733433086425066,0.35024774074554443,0.0032868660055100918,,0.0029937909443665724
225.0,48516.0,53447.758760523,1758612671.91442,469401.0,,0.003072758438065648,0.35029008984565735,0.0032863474916666746,,0.0030153449524032813
226.0,48730.0,53681.881224647,1758612906.0369098,471478.0,,0.0030719556380063295,0.350106805562973,0.003285161452367902,,0.0030117401997176345
227.0,48945.0,53916.279386624,1758613140.4350345,473555.0,,0.0030718061607331038,0.3507886826992035,0.003286459017544985,,0.0030479881511732507
228.0,49160.0,54149.911252894,1758613374.0669935,475632.0,,0.003072796855121851,0.3500508964061737,0.0032919892109930515,,0.003010427468465283
229.0,49375.0,54385.029040751,1758613609.184723,477709.0,,0.0030711214058101177,0.35045158863067627,0.0032874715980142355,,0.0030057308758841828
230.0,49589.0,54619.284291032,1758613843.4399834,479786.0,,0.003070307895541191,0.3502785265445709,0.0032861221116036177,,0.0030068771133046363
231.0,49804.0,54854.295469046,1758614078.4511323,481863.0,,0.0030712266452610493,0.35058796405792236,0.003291197819635272,,0.0030401045066985087
232.0,50019.0,55088.04063031,1758614312.1963425,483940.0,,0.0030702054500579834,0.35025519132614136,0.0032890739385038614,,0.003004068737097371
233.0,50233.0,55323.110598188,1758614547.2663608,486017.0,,0.0030708233825862408,0.34955185651779175,0.003293461399152875,,0.0030280225370349226
234.0,50448.0,55556.928954801,1758614781.084647,488094.0,,0.00306939915753901,0.3499341309070587,0.0032894830219447613,,0.0030014338565076916
235.0,50663.0,55791.203161509,1758615015.3585708,490171.0,,0.0030682929791510105,0.3490903079509735,0.0032871244475245476,,0.0030339459749834184
236.0,50877.0,56025.902617507,1758615250.0583446,492248.0,,0.003068662714213133,0.3506481945514679,0.0032899118959903717,,0.003020450210756654
237.0,51092.0,56259.8088029,1758615483.9644096,494325.0,,0.003067607060074806,0.3500426113605499,0.0032877663616091013,,0.002997565133577714
238.0,51307.0,56496.173802104,1758615720.3295224,496402.0,,0.0030672692228108644,0.34982582926750183,0.003288173582404852,,0.002987235575206936
239.0,51522.0,56730.36081081,1758615954.5164812,498479.0,,0.0030665744561702013,0.349810928106308,0.0032871419098228216,,0.0030120050964447167
240.0,51736.0,56965.070259331,1758616189.2259195,500556.0,,0.0030665795784443617,0.3502487242221832,0.0032887416891753674,,0.0030056628846261957
241.0,51951.0,57199.035920799,1758616423.191638,502633.0,,0.0030655991286039352,0.3494780361652374,0.003286523511633277,,0.0029960902141353404
242.0,52166.0,57434.418108665,1758616658.5738404,504710.0,,0.003066284814849496,0.35046398639678955,0.0032906837295740843,,0.0030349006365913036
243.0,52380.0,57669.932386318,1758616894.0879397,506787.0,,0.0030652310233563185,0.3505603075027466,0.003288124455139041,,0.0030212360861652716
244.0,52595.0,57903.848135058,1758617128.0038583,508864.0,,0.003065030789002776,0.34965914487838745,0.003289001528173685,,0.0030274999567504544
245.0,52810.0,58138.724007052,1758617362.8797657,510941.0,,0.0030648144893348217,0.3500891923904419,0.003289581276476383,,0.003033279707709041
246.0,53024.0,58373.425859162,1758617597.5815635,513018.0,,0.003063442651182413,0.3508780896663666,0.0032856748439371586,,0.0029860932002033014
247.0,53239.0,58608.339173611,1758617832.4947135,515095.0,,0.0030640820041298866,0.3501618206501007,0.0032895500771701336,,0.002997382849571295
248.0,53454.0,58841.920788919,1758618066.0765102,517172.0,,0.0030635844450443983,0.35027381777763367,0.0032889973372220993,,0.0030498671314070146
249.0,53669.0,59077.676023916,1758618301.8315892,519249.0,,0.0030625963117927313,0.35057511925697327,0.0032867274712771177,,0.0030203699962630007
250.0,53883.0,59311.401732665,1758618535.5574255,521326.0,,0.0030626030638813972,0.3500295877456665,0.0032880096696317196,,0.0029601731319610337
251.0,54098.0,59545.557261567,1758618769.712953,523403.0,,0.0030632338020950556,0.35064271092414856,0.0032918574288487434,,0.0029870739000706146
252.0,54313.0,59779.262809734,1758619003.4185123,525480.0,,0.003061840543523431,0.3497677445411682,0.003287901869043708,,0.002971223734605771
253.0,54527.0,60014.149632676,1758619238.3049345,527557.0,,0.0030620263423770666,0.3506935238838196,0.003289836226031184,,0.002991838836232605
254.0,54742.0,60248.293870132,1758619472.4495938,529634.0,,0.0030607457738369703,0.3506745994091034,0.0032862441148608923,,0.002999038226195038
255.0,54957.0,60482.368498926,1758619706.5241046,531711.0,,0.0030609602108597755,0.3501107692718506,0.0032883943058550358,,0.0030090222616518778
256.0,55171.0,60717.672878134,1758619941.8285904,533788.0,,0.00306134601123631,0.34993776679039,0.0032911626622080803,,0.002968833640055812
257.0,55386.0,60951.783530434,1758620175.9392962,535865.0,,0.0030603986233472824,0.350507527589798,0.0032886466942727566,,0.0029892738306303867
258.0,55601.0,61186.779624478,1758620410.9353392,537942.0,,0.003059676382690668,0.350694477558136,0.0032870806753635406,,0.003005644386016334
259.0,55816.0,61421.889870693,1758620646.045545,540019.0,,0.0030604430940002203,0.3497013747692108,0.003291337750852108,,0.0029775257179818046
260.0,56030.0,61656.035647183,1758620880.1913545,542096.0,,0.00305943819694221,0.34943562746047974,0.003288867650553584,,0.0030039315030950565
261.0,56245.0,61890.329508466,1758621114.4851303,544173.0,,0.00305960257537663,0.3498716950416565,0.0032905538100749254,,0.0029942726094024973
262.0,56460.0,62123.739615001,1758621347.8953493,546250.0,,0.0030607411172240973,0.3505127727985382,0.003296155482530594,,0.0029918480711505534
263.0,56674.0,62359.022593313,1758621583.178211,548327.0,,0.0030585762578994036,0.35076582431793213,0.0032891281880438328,,0.003013653044053466
264.0,56889.0,62592.751773065,1758621816.9074724,550404.0,,0.0030578572768718004,0.3503195643424988,0.003287364961579442,,0.002998682118441838
265.0,57104.0,62827.722165467,1758622051.8777077,552481.0,,0.003058781148865819,0.3509100079536438,0.0032922099344432354,,0.0029764632098914054
266.0,57318.0,63062.456420488,1758622286.6121182,554558.0,,0.0030581902246922255,0.350015252828598,0.00329108745791018,,0.0029719553568404943
267.0,57533.0,63299.267886577,1758622523.4236288,556635.0,,0.0030578963924199343,0.35106199979782104,0.0032909868750721216,,0.002960924981520153
268.0,57748.0,63534.44794766,1758622758.6036685,558712.0,,0.0030575143173336983,0.3507557809352875,0.003290408756583929,,0.002995936430614585
269.0,57963.0,63768.771514824,1758622992.926971,560789.0,,0.0030565185006707907,0.3505750894546509,0.003288020147010684,,0.0029808785923076076
270.0,58177.0,64004.034151295,1758623228.1898415,562866.0,,0.003055885201320052,0.35033711791038513,0.0032867183908820152,,0.0029630465612967235
271.0,58392.0,64238.166344386,1758623462.3220155,564943.0,,0.0030567680951207876,0.3506227135658264,0.003291285829618573,,0.0029723647099812157
272.0,58607.0,64473.08064459,1758623697.2363658,567020.0,,0.003056140383705497,0.35135287046432495,0.003289825050160289,,0.0030023802996416073
273.0,58821.0,64707.09069529,1758623931.2463734,569097.0,,0.0030561520252376795,0.3506971597671509,0.003291030880063772,,0.002986094366606091
274.0,59036.0,64941.883312919,1758624166.0390418,571174.0,,0.0030562388710677624,0.3510572910308838,0.0032925084233283997,,0.0029609644228073126
275.0,59251.0,65175.734363826,1758624399.8900478,573251.0,,0.003057929454371333,0.3515200912952423,0.0033000370021909475,,0.0029997953007785748
276.0,59465.0,65410.563650863,1758624634.7193766,575328.0,,0.0030551650561392307,0.3509375751018524,0.0032904664985835552,,0.002987659370958589
277.0,59680.0,65643.907305976,1758624868.063003,577405.0,,0.003054744331166148,0.3505578935146332,0.0032898893114179373,,0.0029917187079823073
278.0,59895.0,65877.820815757,1758625101.976551,579482.0,,0.0030550325755029917,0.35112109780311584,0.0032920704688876867,,0.003008459257006717
279.0,60110.0,66112.58850287,1758625336.744159,581559.0,,0.0030531284864991903,0.3515608608722687,0.003285562852397561,,0.0029727369804347223
280.0,60324.0,66346.60005777,1758625570.7557504,583636.0,,0.0030536337289959192,0.3509399890899658,0.003288624342530966,,0.0029813630724604724
281.0,60539.0,66580.784153549,1758625804.939803,585713.0,,0.003053046762943268,0.35038357973098755,0.0032875221222639084,,0.0029766450315946713
282.0,60754.0,66814.374569479,1758626038.5302591,587790.0,,0.003052437212318182,0.3515636622905731,0.0032858962658792734,,0.002984776790701569
283.0,60968.0,67048.957150053,1758626273.1127908,589867.0,,0.003052840707823634,0.3508768379688263,0.0032886043190956116,,0.002984971338928034
284.0,61183.0,67281.853250739,1758626506.0089903,591944.0,,0.0030537936836481094,0.35155707597732544,0.0032932008616626263,,0.002955795566846903
285.0,61398.0,67516.570555472,1758626740.7262895,594021.0,,0.0030532763339579105,0.3519706428050995,0.0032922811806201935,,0.0029753752057261476
286.0,61612.0,67750.362449255,1758626974.5181768,596098.0,,0.003051565494388342,0.3520389795303345,0.00328649440780282,,0.003019661868692956
287.0,61827.0,67983.322101504,1758627207.4777646,598175.0,,0.0030517715495079756,0.3522227108478546,0.0032882648520171642,,0.0029812292733158055
288.0,62042.0,68217.857444244,1758627442.0131817,600252.0,,0.0030517862178385258,0.35163870453834534,0.0032894646283239126,,0.0029629449339923807
289.0,62257.0,68451.314634332,1758627675.4702833,602329.0,,0.0030520388390868902,0.3526011109352112,0.0032908678986132145,,0.002974051625082771
290.0,62471.0,68686.248581492,1758627910.4042778,604406.0,,0.003050832310691476,0.3529999852180481,0.0032874036114662886,,0.002995865410508741
291.0,62686.0,68921.699486974,1758628145.8551133,606483.0,,0.0030504714231938124,0.35177090764045715,0.003287023399025202,,0.0029866048582614614
292.0,62901.0,69156.94137821,1758628381.0970955,608560.0,,0.003049790859222412,0.3520887494087219,0.0032855637837201357,,0.00299615349929529
293.0,63115.0,69391.058830995,1758628615.2144964,610637.0,,0.003050057450309396,0.35179048776626587,0.003287473926320672,,0.002986908474136234
294.0,63330.0,69625.121112312,1758628849.2768235,612714.0,,0.0030500416178256273,0.35248374938964844,0.003288429928943515,,0.002946327156118619
295.0,63545.0,69860.067317101,1758629084.2229655,614791.0,,0.003049673745408654,0.35303938388824463,0.0032876799814403057,,0.0029857472523312587
296.0,63759.0,70093.278374035,1758629317.4341404,616868.0,,0.0030485789757221937,0.3529587388038635,0.003284434089437127,,0.0029850554998946074
297.0,63974.0,70327.356171427,1758629551.5117404,618945.0,,0.003049443708732724,0.35275858640670776,0.003288914682343602,,0.003026400913278429
298.0,64189.0,70561.373897906,1758629785.5296307,621022.0,,0.003048398531973362,0.35277655720710754,0.003285739105194807,,0.002967009352197727
299.0,64404.0,70796.93021438,1758630021.0858674,623099.0,,0.0030485643073916435,0.35343489050865173,0.003287363098934293,,0.002972763602603943
300.0,64618.0,71030.963141284,1758630255.11886,625176.0,,0.0030494641978293657,0.351936012506485,0.00329197128303349,,0.002961249960190504
301.0,64833.0,71266.066187005,1758630490.2218394,627253.0,,0.0030469743069261312,0.3526420593261719,0.0032829795964062214,,0.0029565038275904953
302.0,65048.0,71500.917563262,1758630725.0732913,629330.0,,0.003048442304134369,0.3521589934825897,0.003289886750280857,,0.0029729816921574706
303.0,65262.0,71735.472838824,1758630959.6284254,631407.0,,0.003046834608539939,0.3528241515159607,0.00328423036262393,,0.002947704360374938
304.0,65477.0,71969.478400584,1758631193.6341283,633484.0,,0.0030465428717434406,0.35334914922714233,0.003284102538600564,,0.00295493272110784
305.0,65692.0,72203.786087237,1758631427.9417498,635561.0,,0.003047344973310828,0.3527625799179077,0.003288362640887499,,0.0029404883691593288
306.0,65906.0,72438.583601112,1758631662.7392926,637638.0,,0.0030460648704320192,0.35253047943115234,0.0032842031214386225,,0.0029375870253188887
307.0,66121.0,72672.886816964,1758631897.0424435,639715.0,,0.0030465105082839727,0.35339319705963135,0.0032867209520190954,,0.002975617715632185
308.0,66336.0,72907.624182494,1758632131.779904,641792.0,,0.0030463815201073885,0.35243675112724304,0.0032873544842004776,,0.002984092245102287
309.0,66551.0,73141.027570086,1758632365.1832364,643869.0,,0.003046907251700759,0.35310396552085876,0.0032903498504310846,,0.00296182089816564
310.0,66765.0,73376.348348099,1758632600.5040424,645946.0,,0.0030474404338747263,0.3538448214530945,0.00329315266571939,,0.002974503044857855
311.0,66980.0,73610.281115231,1758632834.4368002,648023.0,,0.003046312602236867,0.3519234359264374,0.003289890941232443,,0.0029890016695180046
312.0,67195.0,73844.846195716,1758633069.0018835,650100.0,,0.003045826917514205,0.3536069393157959,0.003288691397756338,,0.0029951299198168833
313.0,67409.0,74078.649297252,1758633302.804918,652177.0,,0.0030448883771896362,0.3533444106578827,0.0032861477229744196,,0.002946761954161856
314.0,67624.0,74312.842558917,1758633536.9983184,654254.0,,0.003044885117560625,0.3526455760002136,0.003287101397290826,,0.0029670960502699018
315.0,67839.0,74549.528094626,1758633773.683727,656331.0,,0.003043841104954481,0.35360661149024963,0.0032838862389326096,,0.002949756263450791
316.0,68053.0,74783.954816275,1758634008.1105332,658408.0,,0.0030441205017268658,0.35344016551971436,0.003285827348008752,,0.002983702864083979
317.0,68268.0,75018.987317945,1758634243.1429782,660485.0,,0.0030456436797976494,0.3530089855194092,0.0032926539424806833,,0.0029676637932425365
318.0,68483.0,75252.96536214,1758634477.1210952,662562.0,,0.003044921439141035,0.3532532751560211,0.0032908341381698847,,0.0029683774034940423
319.0,68698.0,75487.573867578,1758634711.7295372,664639.0,,0.003043654141947627,0.3525073230266571,0.0032867470290511847,,0.0029499042676224443
320.0,68912.0,75721.45021001,1758634945.6059384,666716.0,,0.0030435549560934305,0.352345734834671,0.0032869947608560324,,0.0029790571357622957
321.0,69127.0,75956.161158758,1758635180.3168578,668793.0,,0.0030432213097810745,0.35333773493766785,0.003286828752607107,,0.0029366960796043994
322.0,69342.0,76190.278152676,1758635414.4338396,670870.0,,0.003043299075216055,0.35411354899406433,0.003287988482043147,,0.002936727801660219
323.0,69556.0,76424.361455633,1758635648.5169935,672947.0,,0.003043493488803506,0.3537427484989166,0.00328969513066113,,0.002968912045493866
324.0,69771.0,76658.991124995,1758635883.1468265,675024.0,,0.003043457167223096,0.35237839818000793,0.0032905060797929764,,0.0029469824344582427
325.0,69986.0,76893.207488936,1758636117.3630388,677101.0,,0.003043961012735963,0.3535975515842438,0.0032933244947344065,,0.002982311138811593
326.0,70200.0,77128.640095772,1758636352.7958305,679178.0,,0.0030411076731979847,0.35245609283447266,0.0032831577118486166,,0.0029393229802287574
327.0,70415.0,77362.672109241,1758636586.8277583,681255.0,,0.0030417214147746563,0.3529977798461914,0.0032862836960703135,,0.002976255286529732
328.0,70630.0,77597.466111201,1758636821.621834,683332.0,,0.0030427228193730116,0.3533594310283661,0.003291240194812417,,0.0029792855739987525
329.0,70845.0,77831.577424928,1758637055.73302,685409.0,,0.0030422580894082785,0.35389021039009094,0.0032901775557547808,,0.002964442816356985
330.0,71059.0,78066.568792033,1758637290.724488,687486.0,,0.0030419230461120605,0.3526898920536041,0.0032897728960961103,,0.0029423781760612834
331.0,71274.0,78300.436127132,1758637524.5917602,689563.0,,0.003042937256395817,0.3532164394855499,0.003294434165582061,,0.0029493469001653674
332.0,71489.0,78533.856410025,1758637758.0121229,691640.0,,0.003041147021576762,0.3532635271549225,0.003288600593805313,,0.0029928983310058424
333.0,71703.0,78769.34282528,1758637993.4983287,693717.0,,0.003042292781174183,0.352765291929245,0.003294156864285469,,0.002964576004423957
334.0,71918.0,79003.25949305,1758638227.415227,695794.0,,0.0030411819461733103,0.3522694706916809,0.003290610620751977,,0.0029890905313480357
335.0,72133.0,79238.078707732,1758638462.2344048,697871.0,,0.0030402427073568106,0.35355111956596375,0.0032877845223993063,,0.0029397402719881097
336.0,72347.0,79472.856379687,1758638697.0121186,699948.0,,0.003042330499738455,0.35427048802375793,0.0032968318555504084,,0.002990730749083242
337.0,72562.0,79707.708326812,1758638931.863773,702025.0,,0.00304051348939538,0.3531712293624878,0.0032908134162425995,,0.002939411661757801
338.0,72777.0,79942.072224966,1758639166.2279289,704102.0,,0.0030411039479076862,0.3525140881538391,0.003293858142569661,,0.002940926103082557
339.0,72992.0,80178.347919589,1758639402.5036888,706179.0,,0.003040191251784563,0.3522556722164154,0.0032913375180214643,,0.0029749774414365394
340.0,73206.0,80413.088463169,1758639637.244174,708256.0,,0.0030397148802876472,0.35209527611732483,0.0032905142288655043,,0.0029217685496317593
341.0,73421.0,80646.88383782,1758639871.0395043,710333.0,,0.00304027134552598,0.3521510064601898,0.0032936553470790386,,0.0029454761321316115
342.0,73636.0,80881.858126511,1758640106.013846,712410.0,,0.0030396946240216494,0.353413850069046,0.0032923382241278887,,0.0029560758098691273
343.0,73850.0,81115.978916534,1758640340.1345828,714487.0,,0.0030393728520721197,0.3539908528327942,0.00329180178232491,,0.0029757328776885634
344.0,74065.0,81351.019562471,1758640575.1752644,716564.0,,0.003039867850020528,0.35389062762260437,0.0032947203144431114,,0.002956108361384115
345.0,74280.0,81585.055243384,1758640809.2109237,718641.0,,0.00304011395201087,0.35355791449546814,0.003296741982921958,,0.0029567016888624774
346.0,74494.0,81819.995189623,1758641044.1508653,720718.0,,0.0030381239484995604,0.3532443940639496,0.0032900054939091206,,0.0029871788118844447
347.0,74709.0,82054.426807641,1758641278.582474,722795.0,,0.0030410788021981716,0.35244807600975037,0.0033028239849954844,,0.0029352676356211305
348.0,74924.0,82289.453757338,1758641513.609467,724872.0,,0.0030396340880542994,0.352301687002182,0.0032980777323246002,,0.0029624897411290128
349.0,75139.0,82523.806066962,1758641747.9617212,726949.0,,0.0030369232408702374,0.3530324697494507,0.003288328880444169,,0.0029519612088244264
350.0,75353.0,82757.615417394,1758641981.7711525,729026.0,,0.003038738388568163,0.351704478263855,0.003296647686511278,,0.0029406518841855194
351.0,75568.0,82992.94738952,1758642217.1030557,731103.0,,0.003039238741621375,0.35244008898735046,0.003299620933830738,,0.002925335426250688
352.0,75783.0,83226.757660185,1758642450.913394,733180.0,,0.0030394888017326593,0.3526589572429657,0.003301595337688923,,0.002958943134917018
353.0,75997.0,83461.495276358,1758642685.6505818,735257.0,,0.0030364294070750475,0.352517306804657,0.003290710039436817,,0.002941617855784182
354.0,76212.0,83695.502212142,1758642919.6579356,737334.0,,0.003037560498341918,0.35264885425567627,0.0032963717821985483,,0.0029299257719405713
355.0,76427.0,83930.069038638,1758643154.22468,739411.0,,0.0030364608392119408,0.3524576723575592,0.003293119603767991,,0.0030018352229560083
356.0,76641.0,84164.377326857,1758643388.5330627,741488.0,,0.0030371975153684616,0.3516826033592224,0.003297170391306281,,0.002967389487180013
357.0,76856.0,84399.021121153,1758643623.176848,743565.0,,0.0030361225362867117,0.3513665497303009,0.0032941882964223623,,0.0029353831755892876
358.0,77071.0,84633.658379938,1758643857.814112,745642.0,,0.003037919756025076,0.35227540135383606,0.003302376950159669,,0.0029588399204210592
359.0,77286.0,84867.732997037,1758644091.8884854,747719.0,,0.00303608737885952,0.3520430326461792,0.0032963815610855818,,0.0029681720681345235
360.0,77500.0,85102.675695416,1758644326.8314095,749796.0,,0.003035346046090126,0.35109251737594604,0.003294788533821702,,0.0029637506366639896
361.0,77715.0,85336.979334457,1758644561.1349797,751873.0,,0.003036328125745058,0.35235676169395447,0.0032997867092490196,,0.002959612679730456
362.0,77930.0,85572.804491119,1758644796.9601662,753950.0,,0.0030363460537046194,0.35158270597457886,0.003301142482087016,,0.0029461037819811073
363.0,78144.0,85809.291594239,1758645033.4472528,756027.0,,0.003036136506125331,0.35242944955825806,0.0033012982457876205,,0.002976900685335631
364.0,78359.0,86044.069720951,1758645268.225435,758104.0,,0.0030341101810336113,0.3520459234714508,0.0032945668790489435,,0.0029315895909139025
365.0,78574.0,86278.79402012,1758645502.949656,760181.0,,0.0030355046037584543,0.3513757586479187,0.0033015096560120583,,0.0029699154883229104
366.0,78788.0,86513.178975117,1758645737.334671,762258.0,,0.003034353256225586,0.3516351878643036,0.0032977352384477854,,0.0029496359852579047
367.0,79003.0,86747.904055503,1758645972.0597205,764335.0,,0.003034320892766118,0.3516451120376587,0.0032991773914545774,,0.002924709849489423
368.0,79218.0,86981.911293594,1758646206.0670338,766412.0,,0.003033805638551712,0.35227787494659424,0.003297952236607671,,0.0029623842822799748
369.0,79433.0,87216.924126195,1758646441.0796611,768489.0,,0.0030332000460475683,0.35075631737709045,0.00329716713167727,,0.0029626660510145416
370.0,79647.0,87450.554450491,1758646674.7101822,770566.0,,0.0030325923580676317,0.3522096276283264,0.0032957338262349367,,0.0029789092658078615
371.0,79862.0,87685.814203262,1758646909.9690182,772643.0,,0.0030331178568303585,0.3519061803817749,0.0032992586493492126,,0.0029682690376200927
372.0,80077.0,87919.374298497,1758647143.5300305,774720.0,,0.0030353323090821505,0.3509421944618225,0.003309275722131133,,0.0029329242668329524
373.0,80291.0,88153.691319777,1758647377.8468382,776797.0,,0.0030336605850607157,0.3511721193790436,0.0033036377280950546,,0.0029551398845902386
374.0,80506.0,88388.483342278,1758647612.6390862,778874.0,,0.0030310836154967546,0.3507111370563507,0.003294683061540127,,0.0029801491585273584
375.0,80721.0,88622.741020439,1758647846.896688,780951.0,,0.003030956955626607,0.35278648138046265,0.0032950390595942736,,0.002934948913976908
376.0,80935.0,88856.914727529,1758648081.0704474,783028.0,,0.0030319199431687593,0.35153746604919434,0.003300087759271264,,0.002955634829673718
377.0,81150.0,89091.628950723,1758648315.7845883,785105.0,,0.0030315176118165255,0.3511604368686676,0.003299666102975607,,0.00292019632895692
378.0,81365.0,89326.01875096,1758648550.1744685,787182.0,,0.0030316910706460476,0.35037654638290405,0.0033015208318829536,,0.002949764700203489
379.0,81580.0,89560.337317378,1758648784.4929318,789259.0,,0.003033883636817336,0.35022154450416565,0.003310990519821644,,0.0029640865115932403
380.0,81794.0,89795.798163341,1758649019.953852,791336.0,,0.003032974898815155,0.35101139545440674,0.0033086794428527355,,0.0029226799634991638
381.0,82009.0,90030.371162723,1758649254.5268252,793413.0,,0.0030311509035527706,0.3507421612739563,0.003302387660369277,,0.0029404043766240087
382.0,82224.0,90264.938227727,1758649489.0939429,795490.0,,0.0030311199370771646,0.3511817753314972,0.0033029308542609215,,0.0029525208967522932
383.0,82438.0,90499.21902575,1758649723.374662,797567.0,,0.0030311052687466145,0.3511180579662323,0.003303979989141226,,0.002934941122137406
384.0,82653.0,90733.554335465,1758649957.7100434,799644.0,,0.0030322042293846607,0.3504326343536377,0.003309182357043028,,0.0029322303240545667
385.0,82868.0,90968.089600764,1758650192.2452621,801721.0,,0.003031446598470211,0.3515990376472473,0.0033069816417992115,,0.00292146200976836
386.0,83082.0,91203.766788681,1758650427.9225066,803798.0,,0.0030308261048048735,0.3503320813179016,0.00330539932474494,,0.002929545848985801
387.0,83297.0,91438.793005733,1758650662.9484136,805875.0,,0.0030315311159938574,0.3490809500217438,0.003309220541268587,,0.002970703409608597
388.0,83512.0,91672.781735829,1758650896.9374764,807952.0,,0.0030312754679471254,0.34980353713035583,0.0033089627977460623,,0.0029357800801965194
389.0,83727.0,91906.942503037,1758651131.0981262,810029.0,,0.003030539955943823,0.3514317572116852,0.003306763479486108,,0.002943748747034428
390.0,83941.0,92141.09162645,1758651365.2473452,812106.0,,0.0030312342569231987,0.3496643006801605,0.0033105332404375076,,0.002951554895563114
391.0,84156.0,92375.74394796,1758651599.899559,814183.0,,0.0030304398387670517,0.3496150076389313,0.003308188868686557,,0.002956363595260952
392.0,84371.0,92609.400649657,1758651833.5563688,816260.0,,0.003028213046491146,0.3502052128314972,0.0032999010290950537,,0.0029497711567763383
393.0,84585.0,92842.865846399,1758652067.0214787,818337.0,,0.003030165797099471,0.3504764139652252,0.003308551851660013,,0.0029355628811866766
394.0,84800.0,93076.18941772,1758652300.3451214,820414.0,,0.0030325751286000013,0.3493568003177643,0.00331877707503736,,0.0029546096361278053
395.0,85015.0,93310.224829585,1758652534.380377,822491.0,,0.003031878499314189,0.3497656583786011,0.003316860646009445,,0.0029274007762209154
396.0,85229.0,93544.082408701,1758652768.2379255,824568.0,,0.0030283709056675434,0.34938737750053406,0.0033036686945706606,,0.002924616342851361
397.0,85444.0,93777.60408221,1758653001.7597423,826645.0,,0.003028818406164646,0.34952375292778015,0.0033060715068131685,,0.002971650280344945
398.0,85659.0,94011.640476937,1758653235.7961888,828722.0,,0.003028687322512269,0.3504222631454468,0.0033062666188925505,,0.0029411540565958535
399.0,85874.0,94245.538895104,1758653469.6944451,830799.0,,0.0030305110849440098,0.3487929701805115,0.003314417088404298,,0.002962227392485007
400.0,86088.0,94479.739318589,1758653703.89504,832876.0,,0.0030281946528702974,0.3501352369785309,0.0033059141132980585,,0.0029529845645732207
401.0,86303.0,94714.274235079,1758653938.4299042,834953.0,,0.003027854021638632,0.34956684708595276,0.0033051834907382727,,0.0029535356510538035
402.0,86518.0,94948.592671491,1758654172.7483964,837030.0,,0.003028727835044265,0.34906038641929626,0.0033093655947595835,,0.0029251415107864887
403.0,86732.0,95182.582869089,1758654406.7383084,839107.0,,0.003028163220733404,0.3497125804424286,0.0033078112173825502,,0.0029450857804881204
404.0,86947.0,95417.004064741,1758654641.1597767,841184.0,,0.00302801001816988,0.350360631942749,0.003307586070150137,,0.0029494568589143455
405.0,87162.0,95651.660605841,1758654875.8163376,843261.0,,0.003028195584192872,0.34869271516799927,0.0033092843368649483,,0.0029242855447451943
406.0,87376.0,95885.324577297,1758655109.4803045,845338.0,,0.003027662867680192,0.34995657205581665,0.003307521576061845,,0.0029271229266994384
407.0,87591.0,96119.953942648,1758655344.1095037,847415.0,,0.003027548547834158,0.34860649704933167,0.0033080242574214935,,0.0029250749268192942
408.0,87806.0,96353.91491824,1758655578.0706553,849492.0,,0.0030288773123174906,0.34944039583206177,0.003313797526061535,,0.002937119141838943
409.0,88021.0,96588.614284417,1758655812.7699356,851569.0,,0.0030290100257843733,0.3495299816131592,0.0033150899689644575,,0.002959229108035708
410.0,88235.0,96825.03350129,1758656049.1892042,853646.0,,0.003027196042239666,0.3485419750213623,0.0033085672184824944,,0.0029464353332610952
411.0,88450.0,97061.001315354,1758656285.1569467,855723.0,,0.0030279229395091534,0.35012534260749817,0.003311839187517762,,0.002937505042959506
412.0,88665.0,97294.712297345,1758656518.8680081,857800.0,,0.003026780439540744,0.3500426113605499,0.0033080377615988255,,0.0029690788640157105
413.0,88879.0,97529.554520898,1758656753.7102823,859877.0,,0.003028868231922388,0.34799104928970337,0.003316786140203476,,0.0029782366563210596
414.0,89094.0,97764.420458396,1758656988.5761664,861954.0,,0.003027469851076603,0.34680578112602234,0.003312162822112441,,0.002919529542291107
415.0,89309.0,97999.404695254,1758657223.5604272,864031.0,,0.003026162274181843,0.3489798605442047,0.00330749386921525,,0.002948078518294586
416.0,89523.0,98233.090524592,1758657457.2462447,866108.0,,0.0030289709102362394,0.34924402832984924,0.0033191083930432796,,0.00294839174842129
417.0,89738.0,98468.01421876,1758657692.1698925,868185.0,,0.003026758087798953,0.35050466656684875,0.0033106438349932432,,0.00292492229401922
418.0,89953.0,98702.370784709,1758657926.526504,870262.0,,0.0030264006927609444,0.3497205376625061,0.00331025174818933,,0.0029143232711178893
419.0,90168.0,98936.792855599,1758658160.948479,872339.0,,0.0030271518044173717,0.35013115406036377,0.0033135837875306606,,0.0029621129327167114
420.0,90382.0,99170.938959137,1758658395.0946565,874416.0,,0.003027010476216674,0.3486027717590332,0.003313713474199176,,0.002946074971038362
421.0,90597.0,99405.115200101,1758658629.2708507,876493.0,,0.0030302994418889284,0.34656816720962524,0.003327716840431094,,0.0029359573784929057
422.0,90812.0,99640.12231891,1758658864.2780728,878570.0,,0.0030261294450610876,0.34859710931777954,0.0033113546669483185,,0.002905104135816845
423.0,91026.0,99874.067608948,1758659098.2232358,880647.0,,0.0030274163000285625,0.3488180339336395,0.0033171505201607943,,0.0029090485650290184
424.0,91241.0,100108.930757657,1758659333.086463,882724.0,,0.0030251971911638975,0.3490058481693268,0.0033088314812630415,,0.0029030378410915057
425.0,91456.0,100343.470546733,1758659567.626209,884801.0,,0.0030268144328147173,0.3481615483760834,0.0033159488812088966,,0.00294388304106318
426.0,91670.0,100577.977834972,1758659802.1335692,886878.0,,0.003026526188477874,0.3481295704841614,0.003315240377560258,,0.0029140091782372786
427.0,91885.0,100812.238267174,1758660036.3939528,888955.0,,0.003025829093530774,0.34944966435432434,0.003313035937026143,,0.0029418043872842994
428.0,92100.0,101046.516339725,1758660270.6720726,891032.0,,0.003027626546099782,0.3479878902435303,0.0033205931540578604,,0.00292659898472126
429.0,92315.0,101280.642135689,1758660504.7977734,893109.0,,0.0030260770581662655,0.34906426072120667,0.003315072739496827,,0.002931596179573367
430.0,92529.0,101514.194596505,1758660738.3502986,895186.0,,0.003026624908670783,0.3474424183368683,0.003317873692139983,,0.0029119122188520316
431.0,92744.0,101749.081560392,1758660973.237213,897263.0,,0.003026129212230444,0.3476743996143341,0.0033164212945848703,,0.0029251772256639716
432.0,92959.0,101983.223469853,1758661207.3791974,899340.0,,0.0030261992942541838,0.35019251704216003,0.0033170124515891075,,0.002916570216677008
433.0,93173.0,102218.453044858,1758661442.6085289,901417.0,,0.003024405799806118,0.3485844135284424,0.0033105879556387663,,0.0029169811478001626
434.0,93388.0,102454.365159982,1758661678.5208778,903494.0,,0.003027895698323846,0.34837839007377625,0.003324956865981221,,0.00297901899410555
435.0,93603.0,102688.845463345,1758661913.0011303,905571.0,,0.0030267860274761915,0.3476593494415283,0.0033211654517799616,,0.0029267778535051127
436.0,93817.0,102923.212661071,1758662147.3683918,907648.0,,0.003024645382538438,0.3493390381336212,0.0033129393123090267,,0.0029632573191454444
437.0,94032.0,103157.971077096,1758662382.1267035,909725.0,,0.003027001628652215,0.3453763723373413,0.003323207376524806,,0.0029373599200670677
438.0,94247.0,103392.269197923,1758662616.4249005,911802.0,,0.003027816768735647,0.3472176492214203,0.0033267110120505095,,0.0029064115145816826
439.0,94462.0,103626.453104601,1758662850.6084,913879.0,,0.003025362966582179,0.3494149148464203,0.003317158203572035,,0.0029176641613818132
440.0,94676.0,103860.795714913,1758663084.9514494,915956.0,,0.0030271965079009533,0.3461073338985443,0.00332534103654325,,0.002942804456351028
441.0,94891.0,104095.12754489,1758663319.283192,918033.0,,0.003027210244908929,0.34661149978637695,0.003325639059767127,,0.0029171525429074583
442.0,95106.0,104329.369266156,1758663553.5249963,920110.0,,0.003027699189260602,0.34733936190605164,0.0033282251097261906,,0.002938404980411108
443.0,95320.0,104563.691788623,1758663787.8474493,922187.0,,0.003026507096365094,0.3479197323322296,0.0033237552270293236,,0.002922203264689604
444.0,95535.0,104797.987140993,1758664022.1428664,924264.0,,0.0030257198959589005,0.347228467464447,0.0033211205154657364,,0.0029110404944871194
445.0,95750.0,105032.123834264,1758664256.2794704,926341.0,,0.0030266083776950836,0.3476339280605316,0.003325222758576274,,0.002927891977238827
446.0,95964.0,105266.592882064,1758664490.7485924,928418.0,,0.0030280514620244503,0.3475456237792969,0.003331388346850872,,0.002946583714993032
447.0,96179.0,105500.755935615,1758664724.9114661,930495.0,,0.003026723861694336,0.3484191596508026,0.0033263321965932846,,0.002893401241565768
448.0,96394.0,105734.621229741,1758664958.7769525,932572.0,,0.003023653058335185,0.34783869981765747,0.00331484223715961,,0.0028979024075222416
449.0,96609.0,105969.990857269,1758665194.1465907,934649.0,,0.0030256647150963545,0.34577399492263794,0.003323407843708992,,0.0029036010942386035
450.0,96823.0,106203.844209952,1758665427.9999418,936726.0,,0.003024220699444413,0.34857258200645447,0.003317830851301551,,0.0029216778199165913
451.0,97038.0,106438.84116338,1758665662.9968865,938803.0,,0.003026744583621621,0.3467976450920105,0.0033284262754023075,,0.0029317389372198912
452.0,97253.0,106672.501138461,1758665896.6568427,940880.0,,0.003026010002940893,0.34719422459602356,0.003325964557006955,,0.0029040040110255806
453.0,97467.0,106907.519795375,1758666131.6753955,942957.0,,0.0030275885947048664,0.3462846279144287,0.0033326363191008568,,0.002971841563394176
454.0,97682.0,107141.760827613,1758666365.9165645,945034.0,,0.0030252437572926283,0.34669750928878784,0.003323981072753668,,0.002910967325218595
455.0,97897.0,107376.244590098,1758666600.4000392,947111.0,,0.003025247249752283,0.3471498191356659,0.003324309829622507,,0.0029381439906921093
456.0,98111.0,107610.595581746,1758666834.7513022,949188.0,,0.0030243161600083113,0.3473212718963623,0.0033209766261279583,,0.002918628236764799
457.0,98326.0,107844.666649293,1758667068.8223357,951265.0,,0.0030244924128055573,0.3475388288497925,0.003322025528177619,,0.00292982741106803
458.0,98541.0,108080.879293523,1758667305.0350254,953342.0,,0.0030245077796280384,0.34767407178878784,0.003322598757222295,,0.002899042025092058
459.0,98756.0,108315.132565864,1758667539.2881682,955419.0,,0.0030244048684835434,0.3478606045246124,0.003322554985061288,,0.002929184461558739
460.0,98970.0,108549.223811785,1758667773.379543,957496.0,,0.0030242707580327988,0.3458622992038727,0.0033223452046513557,,0.0029048446840314185
461.0,99185.0,108783.847787139,1758668008.0034454,959573.0,,0.003022586926817894,0.34787899255752563,0.0033161023166030645,,0.002922427941274901
462.0,99400.0,109018.811556918,1758668242.9672832,961650.0,,0.0030244095250964165,0.34591901302337646,0.003323894226923585,,0.0029471808968362613
463.0,99614.0,109253.310816001,1758668477.4664507,963727.0,,0.0030253364238888025,0.3457890450954437,0.003328155493363738,,0.0029014834126340596
464.0,99829.0,109487.424514526,1758668711.5801966,965804.0,,0.0030245259404182434,0.3451935648918152,0.0033250697888433933,,0.002937748472994337
465.0,100044.0,109722.689407954,1758668946.845052,967881.0,,0.0030245627276599407,0.34659168124198914,0.0033257189206779003,,0.0028944898748215144
466.0,100258.0,109956.401730022,1758669180.5573916,969958.0,,0.003025182755663991,0.34528839588165283,0.003328610910102725,,0.002909340869842304
467.0,100473.0,110191.262765213,1758669415.4185,972035.0,,0.0030233317520469427,0.3472677171230316,0.003321598982438445,,0.0028854475911849965
468.0,100688.0,110425.84909786,1758669650.0047884,974112.0,,0.0030245939269661903,0.3457609713077545,0.003327225102111697,,0.0029101775558396745
469.0,100903.0,110660.478004509,1758669884.6337082,976189.0,,0.003023786935955286,0.3468504846096039,0.003324344754219055,,0.0029164380326759643
470.0,101117.0,110894.885057401,1758670119.040753,978266.0,,0.0030260318890213966,0.34530210494995117,0.0033338339999318123,,0.002916637112966914
471.0,101332.0,111129.697906114,1758670353.8533344,980343.0,,0.003022940130904317,0.34592828154563904,0.0033218355383723974,,0.0028919503540517045
472.0,101547.0,111364.201842187,1758670588.3575654,982420.0,,0.0030233506113290787,0.3473329246044159,0.0033237054012715816,,0.0029125724977348
473.0,101761.0,111597.898843138,1758670822.054504,984497.0,,0.0030236176680773497,0.34616509079933167,0.003325439291074872,,0.002934191909119271
474.0,101976.0,111832.871810572,1758671057.027518,986574.0,,0.0030240530613809824,0.3463430404663086,0.0033273554872721434,,0.002915294446910803
475.0,102191.0,112066.617506918,1758671290.773148,988651.0,,0.003023623488843441,0.34720101952552795,0.0033261245116591454,,0.002970618926785671
476.0,102405.0,112301.458162909,1758671525.613888,990728.0,,0.003026653081178665,0.34558987617492676,0.003338606795296073,,0.0029467494814130273
477.0,102620.0,112535.383633782,1758671759.5394115,992805.0,,0.0030240060295909643,0.346530556678772,0.003328381571918726,,0.002899345217603975
478.0,102835.0,112769.567007613,1758671993.7227428,994882.0,,0.003022356191650033,0.3463442921638489,0.003322344971820712,,0.0028989505405591512
479.0,103050.0,113003.962002958,1758672228.1175995,996959.0,,0.0030266244430094957,0.3458555340766907,0.0033396489452570677,,0.0029207565541862724
480.0,103264.0,113238.05766924,1758672462.213393,999036.0,,0.003024705918505788,0.34501463174819946,0.003332519670948386,,0.002933261442506587
481.0,103479.0,113473.698463457,1758672697.8540928,1001113.0,,0.0030248204711824656,0.34525832533836365,0.003333150874823332,,0.002926575882996146
482.0,103694.0,113707.729229372,1758672931.8849611,1003190.0,,0.003026420483365655,0.3462139666080475,0.003340026130899787,,0.0029378928929173318
483.0,103908.0,113939.198669471,1758673163.354319,1005267.0,,0.0030243336223065853,0.3458874523639679,0.003332138992846012,,0.0029115900644753577
484.0,104123.0,114171.405177638,1758673395.5608957,1007344.0,,0.003023972501978278,0.34501755237579346,0.0033311531879007816,,0.0029222494732284057
485.0,104338.0,114405.068932502,1758673629.2245843,1009421.0,,0.0030226060189306736,0.3469477593898773,0.0033257603645324707,,0.0029172313124245894
486.0,104552.0,114638.643913598,1758673862.7996273,1011498.0,,0.0030256174504756927,0.3465256690979004,0.0033384051639586687,,0.0029036338049648466
487.0,104767.0,114872.450533875,1758674096.6061566,1013575.0,,0.0030245864763855934,0.34454992413520813,0.0033346684649586678,,0.002957741220598109
488.0,104982.0,115106.214189838,1758674330.3699152,1015652.0,,0.0030243941582739353,0.3452068269252777,0.0033339140936732292,,0.0029171008343557613
489.0,105197.0,115340.576672959,1758674564.731994,1017729.0,,0.00302404654212296,0.3433985412120819,0.0033333764877170324,,0.0029291705420921342
490.0,105411.0,115574.718581542,1758674798.874278,1019806.0,,0.003023146651685238,0.34492868185043335,0.0033299822825938463,,0.0029124987282416813
491.0,105626.0,115807.55334446,1758675031.7090604,1021883.0,,0.003024023026227951,0.34486570954322815,0.0033339704386889935,,0.0029211837413290944
492.0,105841.0,116042.448645562,1758675266.604382,1023960.0,,0.0030238712206482887,0.3454187214374542,0.003333617467433214,,0.0028853306766205397
493.0,106055.0,116275.741314048,1758675499.8969383,1026037.0,,0.0030249198898673058,0.3453374207019806,0.003338278504088521,,0.0029211882738045592
494.0,106270.0,116509.556809773,1758675733.7125347,1028114.0,,0.0030239098705351353,0.3442290425300598,0.0033345173578709364,,0.0029375163363651014
495.0,106485.0,116744.449630841,1758675968.605249,1030191.0,,0.0030235217418521643,0.3450421094894409,0.003333199070766568,,0.002915988404241104
496.0,106699.0,116978.618901059,1758676202.7746162,1032268.0,,0.0030270684510469437,0.3439382314682007,0.0033477614633738995,,0.0029371594953922116
497.0,106914.0,117213.011737015,1758676437.1673331,1034345.0,,0.0030235827434808016,0.3448009490966797,0.0033343154937028885,,0.0029195914136765236
498.0,107129.0,117446.565614777,1758676670.7213197,1036422.0,,0.0030223201029002666,0.34536606073379517,0.0033295792527496815,,0.002901848262319198
499.0,107344.0,117681.847664612,1758676906.0032732,1038499.0,,0.0030269369017332792,0.3446091413497925,0.0033483703155070543,,0.0029356134831547164
500.0,107558.0,117915.396635056,1758677139.5523334,1040576.0,,0.0030235147569328547,0.3440304696559906,0.003335071261972189,,0.002927602738915866
501.0,107773.0,118149.98249934,1758677374.138239,1042653.0,,0.0030247352551668882,0.3447338342666626,0.003340347670018673,,0.0029119813015523297
502.0,107988.0,118384.032322887,1758677608.1880343,1044730.0,,0.0030233326833695173,0.3452853560447693,0.0033349988516420126,,0.002943688221141481
503.0,108202.0,118618.534183582,1758677842.689722,1046807.0,,0.003026044461876154,0.3422061800956726,0.0033464799635112286,,0.0029209571269651255
504.0,108417.0,118852.567564314,1758678076.7232907,1048884.0,,0.003023340366780758,0.34359806776046753,0.00333588570356369,,0.0029246597785878782
505.0,108632.0,119086.745190502,1758678310.9007554,1050961.0,,0.0030253722798079252,0.34407877922058105,0.003344112541526556,,0.0029247684366195104
506.0,108846.0,119320.678345596,1758678544.8340592,1053038.0,,0.0030252900905907154,0.34479716420173645,0.0033442324493080378,,0.002958610650502901
507.0,109061.0,119555.31104762,1758678779.4662812,1055115.0,,0.003025073790922761,0.34457698464393616,0.0033436231315135956,,0.0029389880017753546
508.0,109276.0,119790.109099252,1758679014.2648036,1057192.0,,0.003021670039743185,0.3462122976779938,0.0033304421231150627,,0.0029166220494796736
509.0,109491.0,120024.138317983,1758679248.2939746,1059269.0,,0.0030243676155805588,0.343202143907547,0.0033418210223317146,,0.002921142309787683
510.0,109705.0,120259.519830273,1758679483.675547,1061346.0,,0.0030225913506001234,0.3441705107688904,0.0033348356373608112,,0.002911432036581103
511.0,109920.0,120493.054227318,1758679717.2098851,1063423.0,,0.003024029079824686,0.3431690037250519,0.0033411062322556973,,0.002888819491580272
512.0,110135.0,120727.383669207,1758679951.5393996,1065500.0,,0.003023121040314436,0.3441076874732971,0.0033376796636730433,,0.002895990965323738
513.0,110349.0,120961.13120664,1758680185.286812,1067577.0,,0.003024062141776085,0.34636735916137695,0.0033417989034205675,,0.002911476346389683
514.0,110564.0,121194.687953316,1758680418.8436854,1069654.0,,0.0030238234903663397,0.34550270438194275,0.003341162344440818,,0.0029184977980688787
515.0,110779.0,121429.195980283,1758680653.3516474,1071731.0,,0.003024674253538251,0.34421584010124207,0.0033450773917138577,,0.0028871824324596673
516.0,110993.0,121662.996367765,1758680887.152095,1073808.0,,0.003023984609171748,0.34491825103759766,0.0033426531590521336,,0.0029512736395199374
517.0,111208.0,121898.212779406,1758681122.3682945,1075885.0,,0.003023650962859392,0.3441924452781677,0.0033416578080505133,,0.0029361998917570766
518.0,111423.0,122131.425405331,1758681355.5811348,1077962.0,,0.0030259815976023674,0.34257468581199646,0.00335140572860837,,0.0028720599310383056
519.0,111638.0,122367.054575695,1758681591.2102494,1080039.0,,0.0030226230155676603,0.3438311219215393,0.0033382121473550797,,0.002907825544333229
520.0,111852.0,122600.862859668,1758681825.0185456,1082116.0,,0.0030267522670328617,0.3434312045574188,0.003354980843141675,,0.0029428034170490246
521.0,112067.0,122836.537361334,1758682060.6929483,1084193.0,,0.0030261955689638853,0.34280526638031006,0.0033532604575157166,,0.002925651158036019
522.0,112282.0,123070.071324084,1758682294.2270453,1086270.0,,0.003022458404302597,0.34412050247192383,0.0033384840935468674,,0.0028963881531336275
523.0,112496.0,123304.266710053,1758682528.4223137,1088347.0,,0.0030220248736441135,0.34419316053390503,0.003337104571983218,,0.002945953049890445
524.0,112711.0,123538.506674737,1758682762.662421,1090424.0,,0.0030232355929911137,0.34263572096824646,0.0033423956483602524,,0.002918771576682607
525.0,112926.0,123772.06444064,1758682996.2201111,1092501.0,,0.003024548292160034,0.34416264295578003,0.0033478736877441406,,0.0029337560498298933
526.0,113140.0,124006.499190007,1758683230.6548975,1094578.0,,0.0030240879859775305,0.3439880609512329,0.0033464189618825912,,0.0029099884483477344
527.0,113355.0,124240.161841315,1758683464.3175035,1096655.0,,0.0030240961350500584,0.34392550587654114,0.0033465579617768526,,0.002923536486028192
528.0,113570.0,124475.166194284,1758683699.3219347,1098732.0,,0.003021419746801257,0.34433355927467346,0.0033364996779710054,,0.002904193631436031
529.0,113785.0,124708.533471953,1758683932.689121,1100809.0,,0.003023498924449086,0.34185847640037537,0.003345300443470478,,0.0028848627877708236
530.0,113999.0,124943.226693789,1758684167.382412,1102886.0,,0.0030219429172575474,0.34461385011672974,0.003339214250445366,,0.0028947480146633685
531.0,114214.0,125177.342530317,1758684401.498116,1104963.0,,0.003019456984475255,0.3449425995349884,0.003329608589410782,,0.002925570147523943
532.0,114429.0,125411.921650546,1758684636.077374,1107040.0,,0.0030219797044992447,0.34374016523361206,0.0033400049433112144,,0.0029250380936830947
533.0,114643.0,125645.85367129,1758684870.0092785,1109117.0,,0.0030264880042523146,0.34353065490722656,0.0033584695775061846,,0.002915997823007441
534.0,114858.0,125878.969852581,1758685103.1255867,1111194.0,,0.0030239010229706764,0.343170166015625,0.0033486178144812584,,0.0028915097690724698
535.0,115073.0,126113.698672975,1758685337.854336,1113271.0,,0.0030252665746957064,0.3413376212120056,0.003354610875248909,,0.002912449256445353
536.0,115287.0,126347.921360029,1758685572.0770874,1115348.0,,0.0030219005420804024,0.3441510498523712,0.003341008210554719,,0.002930276677381373
537.0,115502.0,126582.902067011,1758685807.057715,1117425.0,,0.003025273559615016,0.34258317947387695,0.003355032065883279,,0.0029346409461980397
538.0,115717.0,126816.311237346,1758686040.466967,1119502.0,,0.0030227680690586567,0.343018114566803,0.0033453116193413734,,0.002915170388475347
539.0,115932.0,127051.578071324,1758686275.733577,1121579.0,,0.0030251762364059687,0.3433516025543213,0.0033549261279404163,,0.0029038918706086967
540.0,116146.0,127286.959017383,1758686511.1146665,1123656.0,,0.003019515657797456,0.3445776700973511,0.003333041677251458,,0.002919099193543268
541.0,116361.0,127521.224241971,1758686745.3799398,1125733.0,,0.0030250740237534046,0.34243178367614746,0.003355720080435276,,0.002913789219187143
542.0,116576.0,127754.561177025,1758686978.7168827,1127810.0,,0.0030218109022825956,0.3447176516056061,0.0033427728340029716,,0.0029103192075406415
543.0,116790.0,127988.71607241,1758687212.871665,1129887.0,,0.0030216327868402004,0.34331193566322327,0.003342769341543317,,0.002884635584797836
544.0,117005.0,128222.799405374,1758687446.955131,1131964.0,,0.0030239378102123737,0.3425550162792206,0.0033524741884320974,,0.002923168233022667
545.0,117220.0,128456.599415809,1758687680.7550836,1134041.0,,0.0030209366232156754,0.3425925374031067,0.003340577008202672,,0.0029163709864056166
546.0,117434.0,128691.205488169,1758687915.3612041,1136118.0,,0.003024144796654582,0.34326764941215515,0.003353504231199622,,0.002915504634839253
547.0,117649.0,128925.295013177,1758688149.450604,1138195.0,,0.003024082398042083,0.34371528029441833,0.0033538846764713526,,0.0028938105253753467
548.0,117864.0,129161.057999778,1758688385.2137249,1140272.0,,0.0030203566420823336,0.34283730387687683,0.00333942542783916,,0.002924832673250841
549.0,118079.0,129394.691637588,1758688618.8473113,1142349.0,,0.003019732655957341,0.3453173339366913,0.0033368912991136312,,0.0029539509761469583
550.0,118293.0,129628.464684349,1758688852.620418,1144426.0,,0.003022621851414442,0.3421593904495239,0.0033493093214929104,,0.0029285502224116796
551.0,118508.0,129862.834406936,1758689086.9899867,1146503.0,,0.0030227317474782467,0.3427320420742035,0.003349924460053444,,0.00288964003266301
552.0,118723.0,130096.565643054,1758689320.7213743,1148580.0,,0.0030238640028983355,0.3428737223148346,0.0033548548817634583,,0.0029331303544145506
553.0,118937.0,130331.218191965,1758689555.3738434,1150657.0,,0.0030201415065675974,0.3435525596141815,0.003340215887874365,,0.00292015863146075
554.0,119152.0,130564.250249507,1758689788.4059687,1152734.0,,0.003023349680006504,0.3433716297149658,0.0033533356618136168,,0.002898110498790629
555.0,119367.0,130798.915579702,1758690023.0712125,1154811.0,,0.003022566204890609,0.3435029685497284,0.003350647399201989,,0.002916759671419501
556.0,119581.0,131033.443958548,1758690257.5996923,1156888.0,,0.003021713113412261,0.34183597564697266,0.0033474962692707777,,0.0029292668740080606
557.0,119796.0,131268.365448171,1758690492.520778,1158965.0,,0.0030217536259442568,0.3431294858455658,0.0033478951081633568,,0.0029372380847165072
558.0,120011.0,131502.681079994,1758690726.8368063,1161042.0,,0.0030205079820007086,0.34318065643310547,0.0033433595672249794,,0.0029280645528790327
559.0,120226.0,131737.449934458,1758690961.605524,1163119.0,,0.003019870724529028,0.3415023684501648,0.0033411707263439894,,0.002930328092099024
560.0,120440.0,131971.393258834,1758691195.5489385,1165196.0,,0.0030247620306909084,0.3420528173446655,0.003360997186973691,,0.0029384583844420846
561.0,120655.0,132204.893873683,1758691429.0495248,1167273.0,,0.0030205014627426863,0.34241682291030884,0.003344443626701832,,0.0028887230582768098
562.0,120870.0,132439.223154721,1758691663.3788774,1169350.0,,0.003021741984412074,0.3433437645435333,0.003349581966176629,,0.002910025179377184
563.0,121084.0,132673.425307298,1758691897.580988,1171427.0,,0.003020623465999961,0.3420688509941101,0.0033454550430178642,,0.002879914017799108
564.0,121299.0,132908.994749981,1758692133.1504834,1173504.0,,0.003018754767253995,0.34392818808555603,0.003338167443871498,,0.0028976246159380446
565.0,121514.0,133142.630658664,1758692366.7863107,1175581.0,,0.00302243628539145,0.3415217697620392,0.003353378502652049,,0.0029115611239551352
566.0,121728.0,133376.64589399,1758692600.8015525,1177658.0,,0.003019625088199973,0.34279611706733704,0.003342387964949012,,0.002924576553556582
567.0,121943.0,133611.915917855,1758692836.0715456,1179735.0,,0.0030224111396819353,0.3408380150794983,0.0033539361320436,,0.0029025338187168995
568.0,122158.0,133845.487789641,1758693069.6435356,1181812.0,,0.0030210702680051327,0.34160512685775757,0.003348683239892125,,0.0029414015969870468
569.0,122373.0,134079.821605828,1758693303.97721,1183889.0,,0.003021115902811289,0.3425232768058777,0.003349410369992256,,0.0029013773433129806
570.0,122587.0,134313.037883909,1758693537.193605,1185966.0,,0.0030179943423718214,0.34250685572624207,0.003336968831717968,,0.0029284629480382384
571.0,122802.0,134547.46115473,1758693771.6168287,1188043.0,,0.003021862590685487,0.34251636266708374,0.0033530183136463165,,0.0029123735103684547
572.0,123017.0,134781.182214844,1758694005.3379846,1190120.0,,0.0030208523385226727,0.3417341411113739,0.0033490010537207127,,0.002923513881306952
573.0,123231.0,135015.483238433,1758694239.6386256,1192197.0,,0.003020953619852662,0.34253859519958496,0.003349971491843462,,0.0029221677259600536
574.0,123446.0,135248.649729327,1758694472.805452,1194274.0,,0.003020185511559248,0.34277331829071045,0.003347021294757724,,0.002895976555569527
575.0,123661.0,135482.874924124,1758694707.0305533,1196351.0,,0.0030207333620637655,0.3418373465538025,0.0033497330732643604,,0.0029260236277388264
576.0,123875.0,135717.099081001,1758694941.254801,1198428.0,,0.0030218029860407114,0.34162673354148865,0.0033544376492500305,,0.00294602007024746
577.0,124090.0,135952.086019807,1758695176.2417572,1200505.0,,0.0030219918116927147,0.3419477343559265,0.003355276770889759,,0.0029018723535745475
578.0,124305.0,136187.192367068,1758695411.3480773,1202582.0,,0.0030204514041543007,0.3421645164489746,0.00334938638843596,,0.0029140624325149334
579.0,124520.0,136420.907640644,1758695645.0632327,1204659.0,,0.0030191426631063223,0.3423272371292114,0.0033444638829678297,,0.002912187235779129
580.0,124734.0,136656.093354588,1758695880.2490857,1206736.0,,0.0030211510602384806,0.3413454592227936,0.0033527330961078405,,0.0029377881100104337
581.0,124949.0,136889.796104293,1758696113.9517183,1208813.0,,0.0030209652613848448,0.34067147970199585,0.003352373605594039,,0.00287585954916162
582.0,125164.0,137124.256443113,1758696348.4121025,1210890.0,,0.003020685398951173,0.3423961102962494,0.0033513375092297792,,0.0029170953079861086
583.0,125378.0,137358.102377862,1758696582.2580013,1212967.0,,0.0030209189280867577,0.34286239743232727,0.0033525500912219286,,0.002915327488962147
584.0,125593.0,137592.495127343,1758696816.6507926,1215044.0,,0.003020635573193431,0.33987799286842346,0.0033518699929118156,,0.0029143589434590046
585.0,125808.0,137826.887343228,1758697051.0429363,1217121.0,,0.0030198562890291214,0.3420877158641815,0.0033490594942122698,,0.0029142107769775274
586.0,126022.0,138060.735748241,1758697284.891471,1219198.0,,0.003017999464645982,0.34307044744491577,0.003341760952025652,,0.002907458783896721
587.0,126237.0,138294.96285637,1758697519.118516,1221275.0,,0.0030213692225515842,0.3415752351284027,0.003355765948072076,,0.002904446635511704
588.0,126452.0,138528.889043468,1758697753.0447698,1223352.0,,0.0030218278989195824,0.34097379446029663,0.0033580134622752666,,0.002901383431610436
589.0,126667.0,138763.250656786,1758697987.4063747,1225429.0,,0.003022587625309825,0.3398704528808594,0.003361221868544817,,0.0029264308787577856
590.0,126881.0,138996.561390582,1758698220.7171216,1227506.0,,0.0030231040436774492,0.33750906586647034,0.0033637001179158688,,0.0029069564433471446
591.0,127096.0,139230.708138281,1758698454.8637407,1229583.0,,0.0030205307994037867,0.34230339527130127,0.0033531005028635263,,0.0029498791420617355
592.0,127311.0,139464.792070841,1758698688.947798,1231660.0,,0.0030234961304813623,0.3408033847808838,0.0033655427396297455,,0.0029108595391824986
593.0,127525.0,139699.189627277,1758698923.3453,1233737.0,,0.0030204118229448795,0.3418942391872406,0.003353492356836796,,0.0028970820181395697
594.0,127740.0,139933.317605435,1758699157.473339,1235814.0,,0.0030202672351151705,0.3426316976547241,0.00335301598533988,,0.0028863628484452
595.0,127955.0,140167.441885221,1758699391.5975516,1237891.0,,0.0030233801808208227,0.3380128741264343,0.0033662307541817427,,0.0028899329436871293
596.0,128169.0,140402.621523759,1758699626.7772431,1239968.0,,0.0030212700366973877,0.3420043885707855,0.0033575359266251326,,0.0029313638063984504
597.0,128384.0,140637.092772143,1758699861.2484891,1242045.0,,0.0030209387186914682,0.34205663204193115,0.003356489585712552,,0.0029025389700948903
598.0,128599.0,140870.915604781,1758700095.0713053,1244122.0,,0.0030224029906094074,0.34007975459098816,0.0033629953395575285,,0.0029301765294244084
599.0,128814.0,141104.787992126,1758700328.943542,1246199.0,,0.00301939994096756,0.34129631519317627,0.0033508422784507275,,0.002900253042193631
600.0,129028.0,141338.996930522,1758700563.1526332,1248276.0,,0.0030194048304110765,0.34190505743026733,0.0033511174842715263,,0.002869764270917805
601.0,129243.0,141573.958630134,1758700798.1142926,1250353.0,,0.0030215554870665073,0.34142348170280457,0.003360299626365304,,0.0029158028695606985
602.0,129458.0,141807.910702547,1758701032.066425,1252430.0,,0.0030225596856325865,0.340910404920578,0.003364341100677848,,0.002900373836522564
603.0,129672.0,142041.84193739,1758701265.9975595,1254507.0,,0.003020983189344406,0.34098196029663086,0.003358487505465746,,0.0029130775587192337
604.0,129887.0,142275.764942113,1758701499.920668,1256584.0,,0.003019460942596197,0.3419349193572998,0.0033525710459798574,,0.0029091273094169223
605.0,130102.0,142510.004577244,1758701734.1602485,1258661.0,,0.003022783435881138,0.34141820669174194,0.0033659422770142555,,0.002938100791652687
606.0,130316.0,142743.382917553,1758701967.5386462,1260738.0,,0.003018460003659129,0.34344619512557983,0.003348839934915304,,0.002878829977443613
607.0,130531.0,142978.210562239,1758702202.3659368,1262815.0,,0.003023737808689475,0.3395015001296997,0.003370691789314151,,0.0028986864143427317
608.0,130746.0,143211.807240702,1758702435.9629538,1264892.0,,0.0030196472071111202,0.3432624936103821,0.0033538981806486845,,0.0029065616119903727
609.0,130961.0,143445.856176728,1758702670.0116043,1266969.0,,0.0030204651411622763,0.3400629758834839,0.003357897512614727,,0.002918097009219659
610.0,131175.0,143679.908890274,1758702904.0646148,1269046.0,,0.0030250034760683775,0.3382154703140259,0.0033763283863663673,,0.002901686092271753
611.0,131390.0,143914.578200507,1758703138.733894,1271123.0,,0.0030201340559870005,0.3412604033946991,0.003356928937137127,,0.0028818527162701893
612.0,131605.0,144148.880513444,1758703373.036229,1273200.0,,0.003020973177626729,0.3423572778701782,0.0033604928757995367,,0.0028686181456298353
613.0,131819.0,144383.104406401,1758703607.2600694,1275277.0,,0.003020187374204397,0.3393915593624115,0.003357907524332404,,0.002918168012691653
614.0,132034.0,144617.130682561,1758703841.2863834,1277354.0,,0.003020638134330511,0.34108591079711914,0.0033596702851355076,,0.002903356699299855
615.0,132249.0,144853.009939778,1758704077.165616,1279431.0,,0.0030189084354788065,0.3421967327594757,0.0033529214560985565,,0.0029104905194029785
616.0,132463.0,145087.412333194,1758704311.5680587,1281508.0,,0.003020835341885686,0.34075117111206055,0.003361144568771124,,0.0028745428892977282
617.0,132678.0,145322.585954265,1758704546.7415915,1283585.0,,0.003021091455593705,0.34116366505622864,0.0033622689079493284,,0.002916535986094879
618.0,132893.0,145556.378743096,1758704780.5344627,1285662.0,,0.003020799020305276,0.3413216471672058,0.0033613047562539577,,0.002910515925927589
619.0,133108.0,145790.644958699,1758705014.800628,1287739.0,,0.003020294476300478,0.3416559398174286,0.0033595843706279993,,0.002909832057552054
620.0,133322.0,146024.61571105,1758705248.7714403,1289816.0,,0.003022177377715707,0.3421348035335541,0.0033673725556582212,,0.002915326165089357
621.0,133537.0,146259.035565876,1758705483.191226,1291893.0,,0.0030204481445252895,0.3410053253173828,0.0033605971839278936,,0.0029037134831574243
622.0,133752.0,146493.593250417,1758705717.748995,1293970.0,,0.0030208094976842403,0.3417068421840668,0.003362123854458332,,0.0028838295267912773
623.0,133966.0,146727.645101585,1758705951.8007398,1296047.0,,0.003022122196853161,0.33895304799079895,0.0033680866472423077,,0.0028809222082297006
624.0,134181.0,146961.256493644,1758706185.412252,1298124.0,,0.0030206474475562572,0.34111303091049194,0.0033622453920543194,,0.002928133858054375
625.0,134396.0,147195.196572367,1758706419.3519936,1300201.0,,0.003022637451067567,0.34031185507774353,0.003370497142896056,,0.002882663048624706
626.0,134610.0,147428.516777247,1758706652.6725008,1302278.0,,0.003022132907062769,0.33921512961387634,0.0033688864205032587,,0.0029104096412316755
627.0,134825.0,147663.091320402,1758706887.2468197,1304355.0,,0.0030185848008841276,0.34260115027427673,0.003354373387992382,,0.002908671498656846
628.0,135040.0,147897.498977033,1758707121.654706,1306432.0,,0.0030210514087229967,0.3407898247241974,0.003364751348271966,,0.002940162283126623
629.0,135255.0,148131.88386429,1758707356.0394564,1308509.0,,0.0030193906277418137,0.34031373262405396,0.0033584933262318373,,0.002924288492067717
630.0,135469.0,148365.798982205,1758707589.9547105,1310586.0,,0.003019132651388645,0.34028154611587524,0.003357683541253209,,0.002949191593668527
631.0,135684.0,148599.543330986,1758707823.6990573,1312663.0,,0.0030192036647349596,0.33868688344955444,0.0033582693431526423,,0.002906970365214735
632.0,135899.0,148833.507507838,1758708057.663239,1314740.0,,0.0030206365045160055,0.3393373191356659,0.0033642493654042482,,0.0029110098727799663
633.0,136113.0,149067.761980585,1758708291.9177535,1316817.0,,0.003016784554347396,0.3398442566394806,0.003348707454279065,,0.002868175713552369
634.0,136328.0,149301.855740468,1758708526.0114574,1318894.0,,0.0030204427894204855,0.3403615355491638,0.0033639606554061174,,0.002900692238024651
635.0,136543.0,149537.284293072,1758708761.4399617,1320971.0,,0.00302081648260355,0.33956560492515564,0.0033653415739536285,,0.002895480678909315
636.0,136757.0,149771.177381126,1758708995.3330967,1323048.0,,0.003021286567673087,0.3401307165622711,0.0033676379825919867,,0.002916868296924277
637.0,136972.0,150005.281125088,1758709229.4366348,1325125.0,,0.0030186092481017113,0.3408447206020355,0.003356900066137314,,0.0028880423991582715
638.0,137187.0,150238.798136984,1758709462.9538505,1327202.0,,0.0030195366125553846,0.34289345145225525,0.003361017908900976,,0.0029328634622148597
639.0,137402.0,150472.607909124,1758709696.7636778,1329279.0,,0.0030215103179216385,0.34060215950012207,0.0033692321740090847,,0.0029039195629033763
640.0,137616.0,150706.493368803,1758709930.6490858,1331356.0,,0.0030202982015907764,0.3397701680660248,0.0033648470416665077,,0.002897112352485602
641.0,137831.0,150940.763304954,1758710164.9187014,1333433.0,,0.0030180818866938353,0.3400580883026123,0.003355968976393342,,0.0029527785518439487
642.0,138046.0,151175.034737294,1758710399.190463,1335510.0,,0.0030196390580385923,0.34082576632499695,0.0033623999916017056,,0.0029207962999442737
643.0,138260.0,151408.693890892,1758710632.8496487,1337587.0,,0.003018740564584732,0.3414400815963745,0.0033590425737202168,,0.00286893829577355
644.0,138475.0,151642.755809041,1758710866.9115098,1339664.0,,0.003021047916263342,0.3404233157634735,0.0033686053939163685,,0.002939215011652917
645.0,138690.0,151876.682705319,1758711100.8383288,1341741.0,,0.0030223503708839417,0.3394591510295868,0.0033743425738066435,,0.002901792772508298
646.0,138904.0,152110.709781577,1758711334.86551,1343818.0,,0.0030220365151762962,0.33817607164382935,0.0033733793534338474,,0.002895818203282745
647.0,139119.0,152345.446830245,1758711569.6024768,1345895.0,,0.0030201843474060297,0.34077519178390503,0.003365813521668315,,0.002906378903739656
648.0,139334.0,152579.040298236,1758711803.1960084,1347972.0,,0.003023165976628661,0.3402274549007416,0.0033782010432332754,,0.002919648918367994
649.0,139549.0,152813.12077484,1758712037.276379,1350049.0,,0.0030195226427167654,0.3400551974773407,0.00336358486674726,,0.002896065459935926
650.0,139763.0,153046.739558824,1758712270.8952913,1352126.0,,0.003021129872649908,0.33905312418937683,0.003370819380506873,,0.0028994564149204803
651.0,139978.0,153281.443979898,1758712505.599638,1354203.0,,0.0030239587649703026,0.3386780321598053,0.003382335649803281,,0.002884450116723131
652.0,140193.0,153515.492298887,1758712739.6480293,1356280.0,,0.003016824135556817,0.3409498333930969,0.0033535275142639875,,0.002910440366786833
653.0,140407.0,153749.428465034,1758712973.5841177,1358357.0,,0.003018672112375498,0.3395535349845886,0.0033615194261074066,,0.0028995253586610735
654.0,140622.0,153984.572814674,1758713208.728559,1360434.0,,0.003016975475475192,0.3400377631187439,0.0033549314830452204,,0.002945003823977179
655.0,140837.0,154218.830515026,1758713442.9861836,1362511.0,,0.0030234078876674175,0.3396148979663849,0.0033812520559877157,,0.002935668789387609
656.0,141051.0,154452.666928276,1758713676.8226702,1364588.0,,0.0030201287008821964,0.3399180769920349,0.003368251956999302,,0.002903326610238224
657.0,141266.0,154686.761548065,1758713910.9170089,1366665.0,,0.003021570388227701,0.3400168716907501,0.00337417284026742,,0.0029157181651009102
658.0,141481.0,154920.655922565,1758714144.811648,1368742.0,,0.0030199417378753424,0.34050485491752625,0.0033679327461868525,,0.002893677111177777
659.0,141696.0,155154.561737145,1758714378.717397,1370819.0,,0.0030188467353582382,0.34084826707839966,0.0033636814914643764,,0.0028977396779317553
660.0,141910.0,155388.913707505,1758714613.0694525,1372896.0,,0.003018283750861883,0.3395843803882599,0.003361836541444063,,0.002929205218878921
661.0,142125.0,155622.981140924,1758714847.1368072,1374973.0,,0.0030202167108654976,0.33998680114746094,0.0033700470812618732,,0.0028989592482013484
662.0,142340.0,155857.228448802,1758715081.3841805,1377050.0,,0.003018180374056101,0.3407072424888611,0.0033619196619838476,,0.002881693706373111
663.0,142554.0,156091.805817906,1758715315.9614732,1379127.0,,0.003018400864675641,0.3391786813735962,0.0033631904516369104,,0.002900460145575701
664.0,142769.0,156326.368247581,1758715550.5239775,1381204.0,,0.0030235217418521643,0.3372882306575775,0.003384618554264307,,0.002890928507370588
665.0,142984.0,156560.442805537,1758715784.5983882,1383281.0,,0.003017367562279105,0.34008631110191345,0.003359574358910322,,0.002881639672873112
666.0,143198.0,156793.477567798,1758716017.633292,1385358.0,,0.0030186197254806757,0.34058821201324463,0.0033650281839072704,,0.0028904822794495575
667.0,143413.0,157028.000700745,1758716252.1563566,1387435.0,,0.0030185675714164972,0.33970141410827637,0.0033650381956249475,,0.0028904081913284385
668.0,143628.0,157263.058918776,1758716487.2146306,1389512.0,,0.0030227862298488617,0.3360570967197418,0.003382827853783965,,0.0029208810379854045
669.0,143843.0,157497.201131038,1758716721.3568094,1391589.0,,0.003021744778379798,0.338670015335083,0.0033787896391004324,,0.002882186549518687
670.0,144057.0,157731.003559499,1758716955.1592777,1393666.0,,0.003019910305738449,0.3389749228954315,0.0033714843448251486,,0.002916404897581048
671.0,144272.0,157965.635175625,1758717189.7908268,1395743.0,,0.0030157638248056173,0.33904939889907837,0.003355092369019985,,0.00291750251087181
672.0,144487.0,158199.628249954,1758717423.7839608,1397820.0,,0.0030196886509656906,0.3366408050060272,0.00337129645049572,,0.0029094558883046443
673.0,144701.0,158435.011146158,1758717659.1665373,1399897.0,,0.0030174977146089077,0.34019333124160767,0.003362673567607999,,0.002952096177319038
674.0,144916.0,158669.668592643,1758717893.8243096,1401974.0,,0.0030165265779942274,0.33953407406806946,0.0033590374514460564,,0.0029128574410256427
675.0,145131.0,158902.744910077,1758718126.9005623,1404051.0,,0.003016216680407524,0.34132686257362366,0.0033580700401216745,,0.002896268343857418
676.0,145345.0,159137.374854081,1758718361.5305822,1406128.0,,0.0030186555813997984,0.3411942720413208,0.0033681727945804596,,0.002891235161518705
677.0,145560.0,159370.927178743,1758718595.0828273,1408205.0,,0.003021535463631153,0.33980512619018555,0.0033802473917603493,,0.0029089082090649754
678.0,145775.0,159605.171453369,1758718829.3272002,1410282.0,,0.003020749893039465,0.33895039558410645,0.003377749351784587,,0.0028908240873044212
679.0,145990.0,159839.631437533,1758719063.787078,1412359.0,,0.0030173754785209894,0.33834946155548096,0.003364336211234331,,0.0028821516663391287
680.0,146204.0,160074.062952098,1758719298.218685,1414436.0,,0.003018645104020834,0.3364611864089966,0.0033699017949402332,,0.002923692166040413
681.0,146419.0,160308.492236439,1758719532.6477826,1416513.0,,0.0030170755926519632,0.339993953704834,0.0033638502936810255,,0.0029042897244485524
682.0,146634.0,160542.454930622,1758719766.61061,1418590.0,,0.0030216847080737352,0.33886849880218506,0.003382852766662836,,0.0028833026086571268
683.0,146848.0,160776.880890115,1758720001.0365565,1420667.0,,0.0030181026086211205,0.3402036726474762,0.0033685974776744843,,0.0029159933632320685
684.0,147063.0,161010.753778858,1758720234.9095504,1422744.0,,0.003019611584022641,0.33962282538414,0.003375136526301503,,0.0028946729278406845
685.0,147278.0,161245.64803292,1758720469.803642,1424821.0,,0.0030213892459869385,0.3394337296485901,0.0033825624268501997,,0.002881086925089431
686.0,147492.0,161478.892334665,1758720703.0480714,1426898.0,,0.0030176083091646433,0.3412913680076599,0.0033675935119390488,,0.0028624942026816416
687.0,147707.0,161713.472248556,1758720937.627907,1428975.0,,0.0030197997111827135,0.33820098638534546,0.003377026878297329,,0.002884030921939904
688.0,147922.0,161947.316290874,1758721171.4720192,1431052.0,,0.0030158329755067825,0.33965864777565,0.0033613406121730804,,0.0028981615715355682
689.0,148137.0,162181.458069055,1758721405.6134937,1433129.0,,0.0030174232088029385,0.3381822109222412,0.003368233097717166,,0.002888707270568165
690.0,148351.0,162415.559436782,1758721639.7151625,1435206.0,,0.00301955733448267,0.3379970192909241,0.00337740546092391,,0.002945009878823075
691.0,148566.0,162649.217863914,1758721873.3735592,1437283.0,,0.0030214041471481323,0.3370912969112396,0.0033851242624223232,,0.0029205701329584163
692.0,148781.0,162885.860064858,1758722110.015768,1439360.0,,0.0030173680279403925,0.3383992314338684,0.0033691483549773693,,0.0028866019073085715
693.0,148995.0,163120.087954993,1758722344.243552,1441437.0,,0.003019508672878146,0.33881640434265137,0.003378331195563078,,0.002879594612398729
694.0,149210.0,163354.595964111,1758722578.751697,1443514.0,,0.0030194337014108896,0.3383170962333679,0.00337832304649055,,0.0029447601723054852
695.0,149425.0,163588.17553165,1758722812.331135,1445591.0,,0.003016548929736018,0.339033305644989,0.003367096185684204,,0.002883612299158883
696.0,149639.0,163822.772970638,1758723046.928689,1447668.0,,0.003015291877090931,0.34011733531951904,0.003362213494256139,,0.0029065166791262115
697.0,149854.0,164056.605353269,1758723280.7610068,1449745.0,,0.003017720766365528,0.33928489685058594,0.0033725358080118895,,0.002913547881269971
698.0,150069.0,164290.513652159,1758723514.6691725,1451822.0,,0.0030172644183039665,0.3396667540073395,0.003371169790625572,,0.0029349873198393304
699.0,150284.0,164525.788930704,1758723749.944621,1453899.0,,0.0030148918740451336,0.34095218777656555,0.0033616158179938793,,0.0028712071272401283
700.0,150498.0,164759.245724142,1758723983.401473,1455976.0,,0.003019689815118909,0.33762967586517334,0.0033818213269114494,,0.002888606770126068
701.0,150713.0,164993.984153577,1758724218.1397064,1458053.0,,0.0030172942206263542,0.33767053484916687,0.0033724489621818066,,0.002902304674185311
702.0,150928.0,165227.966848742,1758724452.1225376,1460130.0,,0.003017130773514509,0.33967289328575134,0.0033720361534506083,,0.002885205832381661
703.0,151142.0,165462.64654128,1758724686.802194,1462207.0,,0.0030173230916261673,0.33829474449157715,0.0033733807504177094,,0.002897764229922047
704.0,151357.0,165696.292094676,1758724920.4478028,1464284.0,,0.0030211270786821842,0.3368411660194397,0.0033894137013703585,,0.0028910386306681456
705.0,151572.0,165930.278318273,1758725154.4339755,1466361.0,,0.003018774790689349,0.33809465169906616,0.0033800278324633837,,0.002904171881919655
706.0,151786.0,166164.612447084,1758725388.7681592,1468438.0,,0.003017134265974164,0.3387182354927063,0.0033735150936990976,,0.0028834879096903375
707.0,152001.0,166399.360699354,1758725623.5161247,1470515.0,,0.003017748473212123,0.3401459753513336,0.00337665225379169,,0.0029181661599208242
708.0,152216.0,166633.69733745,1758725857.8530698,1472592.0,,0.0030155617278069258,0.3375702500343323,0.0033681613858789206,,0.0029128574734876077
709.0,152431.0,166867.485767841,1758726091.6414254,1474669.0,,0.003015948459506035,0.3390914499759674,0.00337000354193151,,0.0028958930063079326
710.0,152645.0,167101.933275148,1758726326.0889354,1476746.0,,0.0030151866376399994,0.33831173181533813,0.0033674417063593864,,0.002886049374083174
711.0,152860.0,167336.677371303,1758726560.833052,1478823.0,,0.0030157731380313635,0.34064117074012756,0.0033698533661663532,,0.0029115737102424297
712.0,153075.0,167571.970299194,1758726796.1260283,1480900.0,,0.003013807348906994,0.3403415381908417,0.0033624793868511915,,0.002884117035696713
713.0,153289.0,167805.72328958,1758727029.878964,1482977.0,,0.003015217836946249,0.34022438526153564,0.0033684975933283567,,0.002897010585248182
714.0,153504.0,168039.87948534,1758727264.035194,1485054.0,,0.0030179356690496206,0.33947423100471497,0.003379889763891697,,0.002909321764421363
715.0,153719.0,168274.384603882,1758727498.5402489,1487131.0,,0.00301537849009037,0.3399197459220886,0.00336970086209476,,0.0029205944951032647
716.0,153933.0,168508.14802196,1758727732.3037543,1489208.0,,0.0030194241553545,0.3398674726486206,0.0033865293953567743,,0.002927155645591193
717.0,154148.0,168742.584555703,1758727966.7402053,1491285.0,,0.0030182942282408476,0.33645281195640564,0.003382464637979865,,0.002881093512629517
718.0,154363.0,168975.926498671,1758728200.0822177,1493362.0,,0.0030174648854881525,0.3377377986907959,0.0033794494811445475,,0.002908404787796406
719.0,154578.0,169210.274927804,1758728434.4305959,1495439.0,,0.0030176513828337193,0.3374938666820526,0.0033806213177740574,,0.002890179651261021
720.0,154792.0,169443.602981713,1758728667.7587202,1497516.0,,0.0030168811790645123,0.3385634124279022,0.0033776178024709225,,0.002877700406887033
721.0,155007.0,169677.8820916,1758728902.0377338,1499593.0,,0.003018578514456749,0.33653339743614197,0.0033850937616080046,,0.0029253250249894336
722.0,155222.0,169911.978201974,1758729136.1339145,1501670.0,,0.0030162371695041656,0.3385790288448334,0.003375717904418707,,0.0029114305574554377
723.0,155436.0,170146.313554101,1758729370.4690166,1503747.0,,0.0030196434818208218,0.33783575892448425,0.003389793448150158,,0.0028724614564545345
724.0,155651.0,170380.346740711,1758729604.5024598,1505824.0,,0.0030145933851599693,0.3385966122150421,0.0033692424185574055,,0.0029121983903818405
725.0,155866.0,170614.31478938,1758729838.4704494,1507901.0,,0.0030196045991033316,0.33624908328056335,0.003390352241694927,,0.0028711031918646768
726.0,156080.0,170849.263870342,1758730073.4195902,1509978.0,,0.003016337053850293,0.3390716016292572,0.003377113724127412,,0.0028933569348016798
727.0,156295.0,171082.758186609,1758730306.913859,1512055.0,,0.0030199720058590174,0.3382251560688019,0.00339220417663455,,0.002887775894263401
728.0,156510.0,171317.378039119,1758730541.533762,1514132.0,,0.0030175799038261175,0.3367476165294647,0.003382805036380887,,0.0028963447481286353
729.0,156725.0,171551.287453314,1758730775.443087,1516209.0,,0.0030136953573673964,0.3402841091156006,0.003366851946339011,,0.002917342170034177
730.0,156939.0,171786.601028118,1758731010.7567377,1518286.0,,0.003014075569808483,0.33905142545700073,0.0033690067939460278,,0.0029024826587686217
731.0,157154.0,172021.123058051,1758731245.278706,1520363.0,,0.00301820645108819,0.3385285437107086,0.003386016236618161,,0.0028646991447133655
732.0,157369.0,172254.440183097,1758731478.5958989,1522440.0,,0.0030183044727891684,0.3368072509765625,0.00338652147911489,,0.002883783008795805
733.0,157583.0,172489.525071821,1758731713.6807973,1524517.0,,0.003014681627973914,0.33981743454933167,0.0033721134532243013,,0.0028892701158776952
734.0,157798.0,172722.708995035,1758731946.8647053,1526594.0,,0.0030177594162523746,0.3376340866088867,0.0033850455656647682,,0.002882022617716127
735.0,158013.0,172957.409039453,1758732181.5646918,1528671.0,,0.0030147284269332886,0.33798521757125854,0.0033724999520927668,,0.002899618184668585
736.0,158227.0,173190.932524891,1758732415.0882194,1530748.0,,0.003015504451468587,0.3388131856918335,0.0033763281535357237,,0.002910634184454158
737.0,158442.0,173426.108667987,1758732650.2641845,1532825.0,,0.0030146061908453703,0.3383634388446808,0.0033728433772921562,,0.002895455021644011
738.0,158657.0,173658.524482811,1758732882.6802113,1534902.0,,0.003019175259396434,0.33388131856918335,0.003392128273844719,,0.0028764985685344213
739.0,158872.0,173892.585454381,1758733116.7411716,1536979.0,,0.0030159002635627985,0.33730393648147583,0.003378520021215081,,0.0028993260650447784
740.0,159086.0,174125.831217225,1758733349.9869614,1539056.0,,0.0030196141451597214,0.33755484223365784,0.0033938440028578043,,0.00290377510279633
741.0,159301.0,174360.262263884,1758733584.4176626,1541133.0,,0.0030188695527613163,0.3370434641838074,0.003391024423763156,,0.0029121914614314358
742.0,159516.0,174593.878581061,1758733818.0343103,1543210.0,,0.0030170967802405357,0.3386293649673462,0.0033842187840491533,,0.00288937118379041
743.0,159730.0,174827.156414292,1758734051.3119469,1545287.0,,0.0030142238829284906,0.3392629623413086,0.0033725134562700987,,0.002872459151768598
744.0,159945.0,175062.002394111,1758734286.158071,1547364.0,,0.0030182539485394955,0.33869120478630066,0.0033891871571540833,,0.0028575802403233517
745.0,160160.0,175295.548825995,1758734519.7044594,1549441.0,,0.003016710514202714,0.33858469128608704,0.0033831971231848,,0.0028841855875305976
746.0,160374.0,175530.178930684,1758734754.334696,1551518.0,,0.0030166783835738897,0.33797553181648254,0.003383432049304247,,0.0029237950648122652
747.0,160589.0,175763.960719107,1758734988.1161873,1553595.0,,0.003017094684764743,0.3379644751548767,0.0033853030763566494,,0.00290852938801086
748.0,160804.0,175997.502355184,1758735221.658028,1555672.0,,0.003019291441887617,0.3336031138896942,0.003394792089238763,,0.002873716141598729
749.0,161019.0,176232.079503416,1758735456.2352455,1557749.0,,0.00301778269931674,0.3351646363735199,0.003388556418940425,,0.0029313938754897276
750.0,161233.0,176466.948135776,1758735691.1038284,1559826.0,,0.0030219750478863716,0.3346962630748749,0.003406139789149165,,0.002921123680735124
751.0,161448.0,176700.945431016,1758735925.1010897,1561903.0,,0.0030167666263878345,0.33722934126853943,0.0033849363680928946,,0.0029121995601319494
752.0,161663.0,176933.807788955,1758736157.9635193,1563980.0,,0.0030180818866938353,0.3373447358608246,0.003390301251783967,,0.002909102085350941
753.0,161877.0,177168.726563003,1758736392.8821268,1566057.0,,0.0030149146914482117,0.33944690227508545,0.0033775109332054853,,0.0028978107026935633
754.0,162092.0,177402.798513017,1758736626.954235,1568134.0,,0.0030136664863675833,0.33800825476646423,0.003372649196535349,,0.0028696498047793284
755.0,162307.0,177637.375088913,1758736861.5307083,1570211.0,,0.0030158767476677895,0.33782318234443665,0.0033820015378296375,,0.0029142831313387994
756.0,162521.0,177870.87359525,1758737095.0293124,1572288.0,,0.0030134227126836777,0.339297354221344,0.003372122999280691,,0.0028760039499524425
757.0,162736.0,178105.463614361,1758737329.6192956,1574365.0,,0.0030174516141414642,0.3379908800125122,0.003388869110494852,,0.002914024364704696
758.0,162951.0,178339.930308842,1758737564.0860186,1576442.0,,0.003016960108652711,0.33662158250808716,0.003387127071619034,,0.002894875510649469
759.0,163166.0,178574.298017224,1758737798.4533465,1578519.0,,0.0030150378588587046,0.33730241656303406,0.003379453904926777,,0.0028829778804300497
760.0,163380.0,178808.726273889,1758738032.8819861,1580596.0,,0.0030175058636814356,0.3347736895084381,0.0033901690039783716,,0.0028837159026306176
761.0,163595.0,179042.587278347,1758738266.742937,1582673.0,,0.003017898416146636,0.33528974652290344,0.0033917061518877745,,0.00286375229636458
762.0,163810.0,179278.195274107,1758738502.3509588,1584750.0,,0.003014773828908801,0.336894154548645,0.003379237838089466,,0.0028891367647492397
763.0,164024.0,179512.257496533,1758738736.4130943,1586827.0,,0.0030175205320119858,0.33596551418304443,0.0033905976451933384,,0.0028714011468281204
764.0,164239.0,179746.742461265,1758738970.898182,1588904.0,,0.003014653455466032,0.3391525149345398,0.0033788331784307957,,0.002895365979594107
765.0,164454.0,179980.724602254,1758739204.8799262,1590981.0,,0.0030147600919008255,0.33898210525512695,0.0033796525094658136,,0.002898625094810716
766.0,164668.0,180215.188992599,1758739439.3447306,1593058.0,,0.003015772206708789,0.33783647418022156,0.0033841272816061974,,0.002893861981585694
767.0,164883.0,180449.387903342,1758739673.543598,1595135.0,,0.003022321965545416,0.33615267276763916,0.003411149838939309,,0.002868608971206973
768.0,165098.0,180683.318606541,1758739907.4743054,1597212.0,,0.0030168374069035053,0.33433499932289124,0.003388797864317894,,0.0028834534582878966
769.0,165313.0,180919.572400166,1758740143.728054,1599289.0,,0.003016253700479865,0.3380827009677887,0.003386802738532424,,0.0029059752615956734
770.0,165527.0,181152.518866635,1758740376.674573,1601366.0,,0.0030194432474672794,0.3339087665081024,0.003400444518774748,,0.002895070860783259
771.0,165742.0,181387.166387684,1758740611.321989,1603443.0,,0.0030155351851135492,0.3361034393310547,0.003384555922821164,,0.0028894075120870885
772.0,165957.0,181620.495398052,1758740844.6511312,1605520.0,,0.0030149510130286217,0.33919990062713623,0.003381961490958929,,0.002893124116011537
773.0,166171.0,181855.371043117,1758741079.5267365,1607597.0,,0.0030137673020362854,0.3367454707622528,0.003377822693437338,,0.0028767799587407408
774.0,166386.0,182088.363731403,1758741312.519447,1609674.0,,0.003017937997356057,0.3372836112976074,0.0033949606586247683,,0.0028804668220870485
775.0,166601.0,182321.852223857,1758741546.007885,1611751.0,,0.003015166148543358,0.3385337293148041,0.003383802715688944,,0.0029028616722476166
776.0,166815.0,182556.087774206,1758741780.2435057,1613828.0,,0.0030131402891129255,0.3390641510486603,0.003375804517418146,,0.002898817364540365
777.0,167030.0,182790.248688808,1758742014.4043212,1615905.0,,0.003016725881025195,0.33693501353263855,0.003390610683709383,,0.0028631135288518495
778.0,167245.0,183024.552265174,1758742248.70796,1617982.0,,0.0030144681222736835,0.33621904253959656,0.0033817901276052,,0.0028930126572959125
779.0,167460.0,183258.411104727,1758742482.5667489,1620059.0,,0.0030167936347424984,0.33629482984542847,0.003391541773453355,,0.002883954513191174
780.0,167674.0,183493.142496645,1758742717.2982159,1622136.0,,0.0030171156395226717,0.33448535203933716,0.0033933252561837435,,0.002880303218402868
781.0,167889.0,183727.429404634,1758742951.585048,1624213.0,,0.0030142914038151503,0.3377770185470581,0.0033817372750490904,,0.0028818085892663267
782.0,168104.0,183962.276723612,1758743186.4324625,1626290.0,,0.003019467694684863,0.3362908363342285,0.0034034596756100655,,0.0028920201741409702
783.0,168318.0,184195.836454308,1758743419.9920342,1628367.0,,0.0030157892033457756,0.3374602496623993,0.0033884283620864153,,0.002888948349552094
784.0,168533.0,184429.059760125,1758743653.2154968,1630444.0,,0.003017822280526161,0.33819401264190674,0.0033968593925237656,,0.0028897279989905655
785.0,168748.0,184664.013703359,1758743888.1693802,1632521.0,,0.0030184779316186905,0.3349701464176178,0.003400276880711317,,0.0028436156269610645
786.0,168962.0,184897.299321011,1758744121.4550238,1634598.0,,0.0030157528817653656,0.3358039855957031,0.003388858400285244,,0.002876446798335815
787.0,169177.0,185132.570934244,1758744356.7266226,1636675.0,,0.0030187065713107586,0.334403932094574,0.00340165663510561,,0.0028791069926228374
788.0,169392.0,185367.150635207,1758744591.306315,1638752.0,,0.003016200615093112,0.33610397577285767,0.003391536884009838,,0.002866729352927695
789.0,169607.0,185601.519749191,1758744825.675335,1640829.0,,0.0030165687203407288,0.3371201157569885,0.0033931874204427004,,0.0028876897469252492
790.0,169821.0,185835.203720414,1758745059.3594418,1642906.0,,0.003016485832631588,0.33730533719062805,0.00339297391474247,,0.002893393511708448
791.0,170036.0,186069.284361629,1758745293.4400167,1644983.0,,0.003015603171661496,0.33778777718544006,0.003389609744772315,,0.00287391472598896
792.0,170251.0,186302.818902066,1758745526.9746184,1647060.0,,0.003020234638825059,0.33425042033195496,0.0034091032575815916,,0.002879511182142708
793.0,170465.0,186537.30325993,1758745761.4586544,1649137.0,,0.003016077447682619,0.33384090662002563,0.003392397193238139,,0.0028811707296341224
794.0,170680.0,186771.566446956,1758745995.72217,1651214.0,,0.003015462076291442,0.3360442817211151,0.003390117548406124,,0.0029130839919581865
795.0,170895.0,187005.135315965,1758746229.2910492,1653291.0,,0.00301473680883646,0.33583804965019226,0.0033874441869556904,,0.0028797791444678577
796.0,171109.0,187239.853266002,1758746464.0089612,1655368.0,,0.0030182241462171078,0.33442243933677673,0.0034020203165709972,,0.0028669957908383312
797.0,171324.0,187473.620286578,1758746697.7758338,1657445.0,,0.0030150157399475574,0.3376700282096863,0.0033888942562043667,,0.002873389793631549
798.0,171539.0,187708.580255396,1758746932.7359765,1659522.0,,0.003016914939507842,0.33529239892959595,0.003396800020709634,,0.0029007213731976943
799.0,171754.0,187942.305744887,1758747166.4613063,1661599.0,,0.0030167207587510347,0.33699730038642883,0.003396333660930395,,0.0028839284585466464
800.0,171968.0,188176.726976958,1758747400.8827085,1663676.0,,0.0030175442807376385,0.3352677822113037,0.0034000950399786234,,0.0029104499737979566
801.0,172183.0,188410.681254,1758747634.836903,1665753.0,,0.0030135950073599815,0.3369174599647522,0.003384132869541645,,0.002870163576937137
802.0,172398.0,188644.252114563,1758747868.407836,1667830.0,,0.00301541481167078,0.3382129967212677,0.003391589503735304,,0.00287793516606773
803.0,172612.0,188878.803365232,1758748102.9590318,1669907.0,,0.0030160772148519754,0.3369283676147461,0.0033945958130061626,,0.0029413265823993993
804.0,172827.0,189112.178287125,1758748336.334,1671984.0,,0.0030143759213387966,0.3371317684650421,0.003387765260413289,,0.0028632452382365814
805.0,173042.0,189347.157656526,1758748571.3133013,1674061.0,,0.0030168676748871803,0.3350207507610321,0.0033985755871981382,,0.0029085353509379695
806.0,173256.0,189581.114632525,1758748805.27031,1676138.0,,0.0030224479269236326,0.33234620094299316,0.003421858185902238,,0.002887175228347741
807.0,173471.0,189817.601831282,1758749041.7574294,1678215.0,,0.003015582449734211,0.3378993570804596,0.003393039805814624,,0.0028952704664194384
808.0,173686.0,190051.082647801,1758749275.2383566,1680292.0,,0.0030138278380036354,0.3377510607242584,0.0033862798009067774,,0.0029059932153009307
809.0,173901.0,190285.419594023,1758749509.57522,1682369.0,,0.0030104946345090866,0.33759206533432007,0.003373195882886648,,0.0028963098772622356
810.0,174115.0,190518.848187472,1758749743.0039096,1684446.0,,0.003015314694494009,0.33551234006881714,0.00339307077229023,,0.00286944772247315
811.0,174330.0,190753.373016838,1758749977.528558,1686523.0,,0.0030200739856809378,0.33511653542518616,0.003412737976759672,,0.0029011106682726396
812.0,174545.0,190987.189963519,1758750211.3456633,1688600.0,,0.0030178616289049387,0.33426105976104736,0.0034039628226310015,,0.0028745350069724596
813.0,174759.0,191220.840488739,1758750444.9961257,1690677.0,,0.003017739625647664,0.336708128452301,0.0034036452416330576,,0.002922048592031146
814.0,174974.0,191455.397023555,1758750679.5527437,1692754.0,,0.003013510722666979,0.3371034264564514,0.0033866981975734234,,0.002895830611053568
815.0,175189.0,191689.338235506,1758750913.4939897,1694831.0,,0.0030187158845365047,0.3336626887321472,0.0034082173369824886,,0.0028838772906545694
816.0,175403.0,191924.302669315,1758751148.458389,1696908.0,,0.0030148285441100597,0.336914986371994,0.0033923424780368805,,0.0028687903077166147
817.0,175618.0,192157.96201313,1758751382.1177533,1698985.0,,0.0030165843199938536,0.3356698751449585,0.0034000419545918703,,0.002900884840458345
818.0,175833.0,192391.599503245,1758751615.7552204,1701062.0,,0.003011698368936777,0.33714762330055237,0.0033801051322370768,,0.002917229268440189
819.0,176048.0,192625.519776545,1758751849.6755178,1703139.0,,0.0030146311037242413,0.3375878632068634,0.0033921608701348305,,0.002902024548697787
820.0,176262.0,192859.618027947,1758752083.7737548,1705216.0,,0.003021199256181717,0.33456045389175415,0.0034192916937172413,,0.0028882179249545945
821.0,176477.0,193094.272098781,1758752318.4277303,1707293.0,,0.003014808753505349,0.3351970911026001,0.00339361815713346,,0.002871591368322977
822.0,176692.0,193327.523323771,1758752551.6790395,1709370.0,,0.003022293094545603,0.3344250023365021,0.0034242221154272556,,0.0028660620647804956
823.0,176906.0,193562.144726893,1758752786.3002813,1711447.0,,0.003014176618307829,0.3365854024887085,0.003391384845599532,,0.0028726133070256254
824.0,177121.0,193796.352677418,1758753020.5083823,1713524.0,,0.0030176485888659954,0.33352208137512207,0.0034059924073517323,,0.0028961270089404513
825.0,177336.0,194031.124745789,1758753255.2801435,1715601.0,,0.003016865346580744,0.3351743817329407,0.003402827540412545,,0.0028864109055855526
826.0,177550.0,194265.45080452,1758753489.6065328,1717678.0,,0.0030144578777253628,0.3366469144821167,0.0033924574963748455,,0.00286018890823611
827.0,177765.0,194500.095098074,1758753724.250805,1719755.0,,0.003016858361661434,0.33613237738609314,0.0034031886607408524,,0.00286822070260174
828.0,177980.0,194735.237479601,1758753959.3932064,1721832.0,,0.0030162662733346224,0.33530107140541077,0.003400973044335842,,0.0028915336621978963
829.0,178195.0,194969.370161688,1758754193.525827,1723909.0,,0.0030154313426464796,0.33611345291137695,0.003397665685042739,,0.0029190952235904452
830.0,178409.0,195204.431290128,1758754428.5870214,1725986.0,,0.003014302346855402,0.3355734646320343,0.003393137361854315,,0.0029109848397761437
831.0,178624.0,195438.421228448,1758754662.5768912,1728063.0,,0.0030184825882315636,0.3350921869277954,0.00341034890152514,,0.002883663762566777
832.0,178839.0,195673.023819402,1758754897.1795528,1730140.0,,0.003016803413629532,0.33666715025901794,0.00340368808247149,,0.0028920285011946154
833.0,179053.0,195906.617359657,1758755130.7729962,1732217.0,,0.0030204395297914743,0.3365011215209961,0.003418368985876441,,0.002884985125457175
834.0,179268.0,196141.369713737,1758755365.5254087,1734294.0,,0.003016390837728977,0.33474844694137573,0.003402752336114645,,0.0028508971758688297
835.0,179483.0,196375.427601237,1758755599.583249,1736371.0,,0.003017059527337551,0.3350973427295685,0.003405510913580656,,0.0028735725007628878
836.0,179697.0,196609.141125276,1758755833.2968411,1738448.0,,0.003016789210960269,0.33497560024261475,0.0034047479275614023,,0.0028491566353590018
837.0,179912.0,196843.766844399,1758756067.9224963,1740525.0,,0.0030137503053992987,0.33593568205833435,0.0033922807779163122,,0.0028849317873559464
838.0,180127.0,197077.190494126,1758756301.3462234,1742602.0,,0.0030186022631824017,0.3358231484889984,0.003412204561755061,,0.0028970829085805095
839.0,180342.0,197311.459914028,1758756535.6155562,1744679.0,,0.0030148501973599195,0.33684080839157104,0.0033971674274653196,,0.0029013045109772626
840.0,180556.0,197544.245511147,1758756768.4012482,1746756.0,,0.003021432086825371,0.33578264713287354,0.003424151800572872,,0.002888934267234903
841.0,180771.0,197778.42748972,1758757002.5831625,1748833.0,,0.0030161472968757153,0.33633503317832947,0.0034029646776616573,,0.002885011453494931
842.0,180986.0,198011.828304093,1758757235.9840786,1750910.0,,0.0030184669885784388,0.33300286531448364,0.0034127687104046345,,0.002910834833388575
843.0,181200.0,198245.902309558,1758757470.0576909,1752987.0,,0.003012581029906869,0.33764946460723877,0.0033883906435221434,,0.002888199794533604
844.0,181415.0,198480.506044093,1758757704.6617715,1755064.0,,0.003012375207617879,0.3355591893196106,0.003387945704162121,,0.0029084676867709137
845.0,181630.0,198715.394903161,1758757939.5506322,1757141.0,,0.003011902794241905,0.337512344121933,0.003386289579793811,,0.002873916208045557
846.0,181844.0,198949.214714394,1758758173.3704436,1759218.0,,0.0030157743021845818,0.3358575105667114,0.00340220401994884,,0.0029074841658112364
847.0,182059.0,199183.12483554,1758758407.280526,1761295.0,,0.003019981551915407,0.3323841094970703,0.0034198733046650887,,0.002864201616970464
848.0,182274.0,199416.902005996,1758758641.0577178,1763372.0,,0.0030121449381113052,0.3369697034358978,0.0033874562941491604,,0.002862505890124549
849.0,182489.0,199650.7111682,1758758874.866832,1765449.0,,0.0030160224996507168,0.3335818350315094,0.0034041113685816526,,0.0028978079174591517
850.0,182703.0,199885.740909847,1758759109.8966374,1767526.0,,0.0030135775450617075,0.33655765652656555,0.003393862396478653,,0.0028962900193975024
851.0,182918.0,200118.777621569,1758759342.933293,1769603.0,,0.0030140557792037725,0.33738845586776733,0.003396071959286928,,0.002866313273373705
852.0,183133.0,200352.530885414,1758759576.6865897,1771680.0,,0.0030102827586233616,0.33592966198921204,0.0033809992019087076,,0.0029254201631724406
853.0,183347.0,200586.099166362,1758759810.254819,1773757.0,,0.0030133877880871296,0.3348839581012726,0.0033938963897526264,,0.0028813613560680607
854.0,183562.0,200820.077748771,1758760044.233472,1775834.0,,0.0030111551750451326,0.33667275309562683,0.0033848958555608988,,0.002862627765772721
855.0,183777.0,201054.588848167,1758760278.7443504,1777911.0,,0.003019306343048811,0.3325123190879822,0.003419017419219017,,0.002885055450650935
856.0,183991.0,201288.209645222,1758760512.3653204,1779988.0,,0.003014542395249009,0.3342263102531433,0.0033991290256381035,,0.0028615120139224948
857.0,184206.0,201522.631763454,1758760746.787327,1782065.0,,0.003014426911249757,0.33417773246765137,0.003399148117750883,,0.002862103474818958
858.0,184421.0,201755.700257516,1758760979.8559742,1784142.0,,0.003013832960277796,0.33632245659828186,0.003396338550373912,,0.0028662126558349254
859.0,184636.0,201991.02180235,1758761215.1771975,1786219.0,,0.0030161715112626553,0.3350716233253479,0.0034066238440573215,,0.002866335750485842
860.0,184850.0,202225.517454095,1758761449.6731725,1788296.0,,0.003014036687090993,0.33459800481796265,0.0033981904853135347,,0.0028780370889960423
861.0,185065.0,202459.604890595,1758761683.7605817,1790373.0,,0.003017215523868799,0.3346247375011444,0.0034114085137844086,,0.0028537794692406002
862.0,185280.0,202693.34216805,1758761917.4978964,1792450.0,,0.0030143202748149633,0.3354529142379761,0.0033997511491179466,,0.002898547874512867
863.0,185494.0,202928.108380628,1758762152.2639995,1794527.0,,0.003013517241925001,0.33709582686424255,0.0033963550813496113,,0.0028790572932628905
864.0,185709.0,203164.878528797,1758762389.0342424,1796604.0,,0.0030150741804391146,0.33381226658821106,0.0034032154362648726,,0.0029010493241143054
865.0,185924.0,203398.230407091,1758762622.3859875,1798681.0,,0.0030129861552268267,0.3352682590484619,0.0033949222415685654,,0.002871786740098077
866.0,186138.0,203633.216986424,1758762857.3727188,1800758.0,,0.003014778019860387,0.33282962441444397,0.003402518341317773,,0.0028701835595395255
867.0,186353.0,203868.147305766,1758763092.3029454,1802835.0,,0.0030151146929711103,0.33383697271347046,0.0034042338375002146,,0.002865264264983125
868.0,186568.0,204103.473592785,1758763327.629236,1804912.0,,0.0030187666416168213,0.33342301845550537,0.0034195322077721357,,0.0028838130349938115
869.0,186783.0,204337.752298735,1758763561.907956,1806989.0,,0.003012375207617879,0.33690181374549866,0.003392996732145548,,0.002878244571128072
870.0,186997.0,204571.596885903,1758763795.752608,1809066.0,,0.003014577319845557,0.33526620268821716,0.0034024689812213182,,0.002892771360108962
871.0,187212.0,204806.101119534,1758764030.2567725,1811143.0,,0.003017507726326585,0.3337222635746002,0.0034146723337471485,,0.0028591796782655786
872.0,187427.0,205040.152525404,1758764264.3082833,1813220.0,,0.003018035786226392,0.33430397510528564,0.0034171128645539284,,0.002866815180123712
873.0,187641.0,205274.218997308,1758764498.3745263,1815297.0,,0.0030164006166160107,0.33439403772354126,0.0034106175880879164,,0.0028751415407492053
874.0,187856.0,205507.2172942,1758764731.373001,1817374.0,,0.0030126303900033236,0.3347214162349701,0.003395138308405876,,0.002850025827333761
875.0,188071.0,205741.880321781,1758764966.0360258,1819451.0,,0.003014147048816085,0.33470502495765686,0.0034018594305962324,,0.0028807201037684884
876.0,188285.0,205974.612186359,1758765198.7678883,1821528.0,,0.0030157582368701696,0.33358609676361084,0.0034083062782883644,,0.0028699312071149476
877.0,188500.0,206208.158687382,1758765432.3143482,1823605.0,,0.0030170646496117115,0.3367338180541992,0.00341389630921185,,0.0029042363860823503
878.0,188715.0,206442.540802145,1758765666.6965206,1825682.0,,0.003012755885720253,0.3351985216140747,0.0033966926857829094,,0.0028871138660738673
879.0,188930.0,206676.23095294,1758765900.386529,1827759.0,,0.0030162399634718895,0.3342825770378113,0.0034109586849808693,,0.0028845470044941
880.0,189144.0,206910.212527452,1758766134.3682601,1829836.0,,0.0030160504393279552,0.3340604305267334,0.00341054773889482,,0.0028767739557593627
881.0,189359.0,207144.556874563,1758766368.712549,1831913.0,,0.003018387360498309,0.3319588005542755,0.0034204700496047735,,0.0028663646349181924
882.0,189574.0,207378.00097865,1758766602.1566973,1833990.0,,0.0030138834845274687,0.33340373635292053,0.00340182869695127,,0.002903336533703483
883.0,189788.0,207612.61740481,1758766836.772995,1836067.0,,0.0030174986459314823,0.33306771516799927,0.0034173871390521526,,0.002892385026583997
884.0,190003.0,207847.383966844,1758767071.539686,1838144.0,,0.0030139433220028877,0.33543825149536133,0.0034024417400360107,,0.002857315538746591
885.0,190218.0,208081.531693177,1758767305.6872914,1840221.0,,0.0030155328568071127,0.33494895696640015,0.003409446682780981,,0.0028650101605587853
886.0,190432.0,208315.386933983,1758767539.5426517,1842298.0,,0.0030190495308488607,0.3324792683124542,0.0034243795089423656,,0.002890923909689997
887.0,190647.0,208549.939485396,1758767774.0951865,1844375.0,,0.003015941008925438,0.33341866731643677,0.003411483485251665,,0.002878337874650382
888.0,190862.0,208784.425318868,1758768008.5810487,1846452.0,,0.003018677234649658,0.3346979022026062,0.0034223536495119333,,0.0028737046702120165
889.0,191077.0,209019.661905202,1758768243.8174505,1848529.0,,0.0030205887742340565,0.3313714563846588,0.0034311183262616396,,0.0028631099043055796
890.0,191291.0,209256.715739656,1758768480.8714597,1850606.0,,0.0030141209717839956,0.3349354863166809,0.0034043663181364536,,0.0028711499281875467
891.0,191506.0,209491.975282542,1758768716.1308775,1852683.0,,0.0030159177258610725,0.33496296405792236,0.0034120846539735794,,0.002885134835826018
892.0,191721.0,209726.480437507,1758768950.6361587,1854760.0,,0.0030164094641804695,0.33139973878860474,0.003414314705878496,,0.0029090856036278778
893.0,191935.0,209961.490546782,1758769185.64578,1856837.0,,0.0030130313243716955,0.3354952931404114,0.0034001304302364588,,0.0028772408104443177
894.0,192150.0,210196.203537455,1758769420.359256,1858914.0,,0.003020440461114049,0.3335712254047394,0.003430811455473304,,0.0028855652725234483
895.0,192365.0,210431.1108932,1758769655.266488,1860991.0,,0.003013394307345152,0.3356567919254303,0.0034021232277154922,,0.0028887415246572345
896.0,192579.0,210665.692314436,1758769889.8480375,1863068.0,,0.0030168010853230953,0.33232444524765015,0.003416637657210231,,0.0029032276707120996
897.0,192794.0,210900.831112062,1758770124.9867048,1865145.0,,0.0030162418261170387,0.3344365358352661,0.003413945669308305,,0.0028834507460347735
898.0,193009.0,211134.817974491,1758770358.9736743,1867222.0,,0.003013073233887553,0.3367862105369568,0.0034010650124400854,,0.0028758282535888543
899.0,193224.0,211368.760519653,1758770592.9160967,1869299.0,,0.0030127663630992174,0.3356233835220337,0.0034001281019300222,,0.0028715195837251553
900.0,193438.0,211601.935450401,1758770826.0911844,1871376.0,,0.0030123982578516006,0.3351730406284332,0.0033987374044954777,,0.0028341445961634175
901.0,193653.0,211836.720488329,1758771060.8762305,1873453.0,,0.0030203077476471663,0.3310685455799103,0.0034317777026444674,,0.002876199439364987
902.0,193868.0,212071.424259898,1758771295.579942,1875530.0,,0.003019962925463915,0.3312015235424042,0.003430524840950966,,0.002893429236092533
903.0,194082.0,212304.987946793,1758771529.1436362,1877607.0,,0.003024144796654582,0.3297373354434967,0.0034478793386369944,,0.0029114858103367154
904.0,194297.0,212538.678126896,1758771762.833862,1879684.0,,0.0030144236516207457,0.3340683579444885,0.0034078259486705065,,0.002896637043494803
905.0,194512.0,212772.957751193,1758771997.1133585,1881761.0,,0.003017882816493511,0.3340092599391937,0.003421889850869775,,0.0028894567557682213
906.0,194726.0,213007.015963561,1758772231.1716523,1883838.0,,0.0030152900144457817,0.3348502516746521,0.0034115093294531107,,0.0028587605316047937
907.0,194941.0,213241.489085602,1758772465.644752,1885915.0,,0.0030250828713178635,0.33213135600090027,0.003451981581747532,,0.0028548699606639836
908.0,195156.0,213475.408746483,1758772699.5644622,1887992.0,,0.003018386662006378,0.3317270874977112,0.0034246807917952538,,0.0028570582832729155
909.0,195371.0,213709.347934979,1758772933.5036514,1890069.0,,0.0030137496069073677,0.3339501917362213,0.0034054694697260857,,0.0028598524435297945
910.0,195585.0,213942.838334622,1758773166.9940665,1892146.0,,0.0030107125639915466,0.3380976915359497,0.0033928914926946163,,0.0028477944141244832
911.0,195800.0,214177.413899411,1758773401.5696042,1894223.0,,0.0030170599929988384,0.3332039713859558,0.003419607412070036,,0.0029106729063921822
912.0,196015.0,214411.260033256,1758773635.415773,1896300.0,,0.0030169053934514523,0.3326531648635864,0.003418921958655119,,0.00287032251967153
913.0,196229.0,214644.890821959,1758773869.0465033,1898377.0,,0.003017802955582738,0.3352128267288208,0.0034224404953420162,,0.0028718303448120176
914.0,196444.0,214879.022831369,1758774103.178553,1900454.0,,0.003015404799953103,0.3341713845729828,0.003412892809137702,,0.0028538685381555785
915.0,196659.0,215112.599739368,1758774336.7553751,1902531.0,,0.0030158113222569227,0.33400505781173706,0.003414734499529004,,0.0028723565774271265
916.0,196873.0,215347.525730558,1758774571.681427,1904608.0,,0.0030173754785209894,0.332628458738327,0.0034212186001241207,,0.0028647814566890397
917.0,197088.0,215581.518577111,1758774805.6743057,1906685.0,,0.003016374073922634,0.33315256237983704,0.00341725442558527,,0.002882707690542492
918.0,197303.0,215815.624848658,1758775039.7805572,1908762.0,,0.0030202255584299564,0.33271506428718567,0.0034333323128521442,,0.002922017804499214
919.0,197518.0,216049.89884058,1758775274.0545113,1910839.0,,0.0030150774400681257,0.33302924036979675,0.0034121156204491854,,0.0028870407606098945
920.0,197732.0,216283.572675163,1758775507.728392,1912916.0,,0.0030160141177475452,0.3329180181026459,0.0034160916693508625,,0.002878878442210636
921.0,197947.0,216518.637176251,1758775742.792773,1914993.0,,0.003019372932612896,0.33233022689819336,0.0034303900320082903,,0.0028790829248744277
922.0,198162.0,216752.832533319,1758775976.9882078,1917070.0,,0.003018595976755023,0.33187174797058105,0.0034269115421921015,,0.002880472797327317
923.0,198376.0,216986.617009451,1758776210.7726648,1919147.0,,0.003015357069671154,0.3342513144016266,0.003414007369428873,,0.0028655858764397926
924.0,198591.0,217220.477309274,1758776444.6330242,1921224.0,,0.003020240692421794,0.33326631784439087,0.0034339851699769497,,0.0028579449840785507
925.0,198806.0,217454.600125126,1758776678.7557862,1923301.0,,0.0030172488186508417,0.3321428894996643,0.003421962494030595,,0.002862377582529846
926.0,199020.0,217689.317302517,1758776913.4730055,1925378.0,,0.0030203545466065407,0.33274468779563904,0.0034346880856901407,,0.0028674449526439397
927.0,199235.0,217923.365436649,1758777147.520752,1927455.0,,0.0030181738547980785,0.33205944299697876,0.003426212817430496,,0.002885376240905876
928.0,199450.0,218157.155361519,1758777381.3110797,1929532.0,,0.0030183002818375826,0.3326064348220825,0.003426722716540098,,0.00288968793868732
929.0,199665.0,218390.793295652,1758777614.948966,1931609.0,,0.0030233587604016066,0.3283552825450897,0.0034480930771678686,,0.002860885495185637
930.0,199879.0,218625.685090854,1758777849.8407855,1933686.0,,0.0030152443796396255,0.3341318964958191,0.0034141724463552237,,0.0029035388663015216
931.0,200094.0,218859.816006376,1758778083.9716685,1935763.0,,0.0030206001829355955,0.32904529571533203,0.00343691767193377,,0.0028993429833252984
932.0,200309.0,219093.935104561,1758778318.090821,1937840.0,,0.003020237432792783,0.33078306913375854,0.0034353258088231087,,0.0028482944583699396
933.0,200523.0,219328.568365262,1758778552.7240298,1939917.0,,0.0030229229014366865,0.33099445700645447,0.0034464551135897636,,0.0028530296696358975
934.0,200738.0,219562.685009023,1758778786.8407402,1941994.0,,0.003013393608853221,0.3361760377883911,0.0034070012625306845,,0.002896202371070663
935.0,200953.0,219796.558964331,1758779020.71444,1944071.0,,0.0030157556757330894,0.3328239619731903,0.003416855586692691,,0.002884967250373358
936.0,201167.0,220029.869641329,1758779254.0253675,1946148.0,,0.003017236478626728,0.3321959674358368,0.0034229164011776447,,0.002874069361259108
937.0,201382.0,220264.917009267,1758779489.0726683,1948225.0,,0.00302077061496675,0.3309115171432495,0.003437887178733945,,0.002858429439724065
938.0,201597.0,220498.568577849,1758779722.7242918,1950302.0,,0.003021170850843191,0.3314274847507477,0.003439526539295912,,0.0028843292966485023
939.0,201812.0,220732.704376338,1758779956.8600514,1952379.0,,0.0030156527645885944,0.33366286754608154,0.0034167002886533737,,0.0028792156014018334
940.0,202026.0,220968.526827786,1758780192.6825385,1954456.0,,0.003019257215783,0.330540269613266,0.0034318792168051004,,0.0028857228217943425
941.0,202241.0,221202.676509173,1758780426.8322184,1956533.0,,0.0030128941871225834,0.3341899812221527,0.003405703231692314,,0.0028851583170203064
942.0,202456.0,221436.569571964,1758780660.7252681,1958610.0,,0.003019150113686919,0.331191748380661,0.0034315763041377068,,0.002831919217267289
943.0,202670.0,221670.21742219,1758780894.3730557,1960687.0,,0.0030208888929337263,0.3302409052848816,0.0034392590168863535,,0.0028796431210323954
944.0,202885.0,221904.171226812,1758781128.3269517,1962764.0,,0.0030163833871483803,0.3341483175754547,0.003420236287638545,,0.002855754025334206
945.0,203100.0,222137.949385693,1758781362.104985,1964841.0,,0.003017413429915905,0.33344268798828125,0.0034247434232383966,,0.002900581239373423
946.0,203314.0,222372.565780184,1758781596.7214937,1966918.0,,0.0030176022555679083,0.3311914801597595,0.003425931092351675,,0.0028857632004768378
947.0,203529.0,222605.954290423,1758781830.1099558,1968995.0,,0.003013526787981391,0.33433565497398376,0.0034087428357452154,,0.002876554527364743
948.0,203744.0,222839.911821431,1758782064.0675454,1971072.0,,0.0030197708401829004,0.3317667245864868,0.0034348354674875736,,0.0028786234179278836
949.0,203959.0,223074.230707881,1758782298.386285,1973149.0,,0.0030168029479682446,0.3324410021305084,0.0034226085990667343,,0.0028921190790312653
950.0,204173.0,223308.551933232,1758782532.7076519,1975226.0,,0.003016512142494321,0.33294326066970825,0.003421585075557232,,0.002879160943391602
951.0,204388.0,223543.044336066,1758782767.1999533,1977303.0,,0.0030169039964675903,0.3310333490371704,0.003423634683713317,,0.0028679305777096977
952.0,204603.0,223776.876410621,1758783001.032144,1979380.0,,0.0030160490423440933,0.3329826891422272,0.0034199156798422337,,0.0028618680886351145
953.0,204817.0,224011.37651413,1758783235.5319858,1981457.0,,0.003014189889654517,0.3327700197696686,0.0034124557860195637,,0.002884728935263727
954.0,205032.0,224245.143215555,1758783469.298937,1983534.0,,0.0030189985409379005,0.3320755660533905,0.003432321595028043,,0.0028788197131899116
955.0,205247.0,224479.756687673,1758783703.9124439,1985611.0,,0.0030216719023883343,0.33085158467292786,0.0034436441492289305,,0.0028605374984461097
956.0,205461.0,224712.880693822,1758783937.0364196,1987688.0,,0.0030193415004760027,0.3309975862503052,0.0034340997226536274,,0.002870807623274732
957.0,205676.0,224947.058637633,1758784171.2142901,1989765.0,,0.0030181780457496643,0.3327963352203369,0.003429163945838809,,0.0028686004023676594
958.0,205891.0,225181.342414578,1758784405.4981205,1991842.0,,0.003013896057382226,0.33455586433410645,0.0034117302857339382,,0.002884598314547195
959.0,206106.0,225416.2215735,1758784640.3772635,1993919.0,,0.0030138054862618446,0.3336987793445587,0.0034114711452275515,,0.002893624481377908
960.0,206320.0,225650.991898218,1758784875.1476266,1995996.0,,0.0030162776820361614,0.3317965269088745,0.003421938279643655,,0.0028597062199426015
961.0,206535.0,225885.825329265,1758785109.9807565,1998073.0,,0.0030174802523106337,0.3329492211341858,0.0034269457682967186,,0.002881349662157635
962.0,206750.0,226120.010980851,1758785344.1666887,2000150.0,,0.0030195899307727814,0.32972025871276855,0.0034354079980403185,,0.0028516582746166163
963.0,206964.0,226353.312315147,1758785577.4678524,2002227.0,,0.003021295415237546,0.3332679569721222,0.0034426492638885975,,0.0028974346137169192
964.0,207179.0,226587.17494512,1758785811.3306406,2004304.0,,0.003016876755282283,0.33073344826698303,0.0034248800948262215,,0.002875153294343573
965.0,207394.0,226821.848613788,1758786046.0042694,2006381.0,,0.003013879992067814,0.33327510952949524,0.003412298858165741,,0.002837935257747841
966.0,207608.0,227055.740749069,1758786279.8964705,2008458.0,,0.0030163442716002464,0.33280816674232483,0.0034226924180984497,,0.0028634948716701374
967.0,207823.0,227289.564385256,1758786513.719951,2010535.0,,0.003018719842657447,0.33160364627838135,0.00343275791965425,,0.00286049980786629
968.0,208038.0,227523.504636173,1758786747.6603534,2012612.0,,0.0030177035368978977,0.3300553560256958,0.0034283986315131187,,0.002865634324664895
969.0,208253.0,227757.971209489,1758786982.1265638,2014689.0,,0.003016483271494508,0.3309585154056549,0.0034235625062137842,,0.002889079384308738
970.0,208467.0,227992.274650249,1758787216.4303634,2016766.0,,0.0030159575399011374,0.3315477669239044,0.0034216216299682856,,0.0028651283113600838
971.0,208682.0,228226.260432695,1758787450.4160628,2018843.0,,0.0030205121729522943,0.33095425367355347,0.0034405584447085857,,0.0028497812544138958
972.0,208897.0,228459.698008711,1758787683.8537238,2020920.0,,0.003022643970325589,0.3307202160358429,0.0034493994899094105,,0.0028722609153751712
973.0,209111.0,228693.887212998,1758787918.0428216,2022997.0,,0.003016643226146698,0.3322017788887024,0.003424684051424265,,0.0028671670923288463
974.0,209326.0,228928.649434681,1758788152.805169,2025074.0,,0.003018773626536131,0.32997560501098633,0.0034338575787842274,,0.002867831638118682
975.0,209541.0,229162.51006564,1758788386.665623,2027151.0,,0.00301881181076169,0.3309319019317627,0.0034340464044362307,,0.002870700237018844
976.0,209755.0,229396.570177129,1758788620.7258496,2029228.0,,0.00301883602514863,0.3328045904636383,0.0034337982069700956,,0.002873726980985651
977.0,209970.0,229630.742027488,1758788854.897425,2031305.0,,0.003011921187862754,0.3369736075401306,0.0034052429255098104,,0.0029076115942398948
978.0,210185.0,229865.545024068,1758789089.7007337,2033382.0,,0.0030198944732546806,0.3298697769641876,0.003438943764194846,,0.0028789950279483143
979.0,210400.0,230099.297215942,1758789323.452876,2035459.0,,0.0030212581623345613,0.3307543992996216,0.003444524249061942,,0.0029212723658509697
980.0,210614.0,230333.942818417,1758789558.0985456,2037536.0,,0.00302203930914402,0.329892635345459,0.0034475207794457674,,0.002890714452093566
981.0,210829.0,230567.937958405,1758789792.0936236,2039613.0,,0.0030184912029653788,0.3321393132209778,0.0034330333583056927,,0.0028589632890473763
982.0,211044.0,230802.478439872,1758790026.6341622,2041690.0,,0.0030181484762579203,0.32951638102531433,0.0034320405684411526,,0.002874197618579134
983.0,211258.0,231036.646640039,1758790260.8021922,2043767.0,,0.003008453408256173,0.3362433612346649,0.003391565755009651,,0.002866104779459068
984.0,211473.0,231270.636004874,1758790494.7917247,2045844.0,,0.003018587129190564,0.3328145742416382,0.0034339861012995243,,0.0028472146726786518
985.0,211688.0,231505.196141249,1758790729.3517532,2047921.0,,0.00301749212667346,0.3313513994216919,0.0034292065538465977,,0.0028515623383170282
986.0,211902.0,231739.733535765,1758790963.889267,2049998.0,,0.0030197107698768377,0.33053648471832275,0.00343871396034956,,0.0028679454384218667
987.0,212117.0,231973.704888755,1758791197.8605468,2052075.0,,0.003018927061930299,0.329508900642395,0.0034358887933194637,,0.002870781985201085
988.0,212332.0,232207.472234447,1758791431.6279473,2054152.0,,0.0030185214709490538,0.33083125948905945,0.0034340578131377697,,0.002845026592974766
989.0,212547.0,232442.511486908,1758791666.667197,2056229.0,,0.0030208444222807884,0.33105412125587463,0.00344362435862422,,0.002854505932191387
990.0,212761.0,232676.041582914,1758791900.1973126,2058306.0,,0.0030179177410900593,0.3289492726325989,0.0034317001700401306,,0.0028590827512190394
991.0,212976.0,232911.075279255,1758792135.2309315,2060383.0,,0.0030182015616446733,0.33203598856925964,0.003432892495766282,,0.0028671036651268457
992.0,213191.0,233144.563428295,1758792368.719156,2062460.0,,0.0030152653343975544,0.3331991732120514,0.003420471679419279,,0.002902130100455207
993.0,213405.0,233379.25241728,1758792603.408064,2064537.0,,0.003018331481143832,0.3305839002132416,0.003433933714404702,,0.0028850906764737506
994.0,213620.0,233613.208539246,1758792837.364248,2066614.0,,0.0030225797090679407,0.32909250259399414,0.003451353870332241,,0.002886513301816124
995.0,213835.0,233846.87479529,1758793071.0304515,2068691.0,,0.0030207792297005653,0.3281034827232361,0.0034443691838532686,,0.002879352375972443
996.0,214049.0,234081.302698359,1758793305.458421,2070768.0,,0.0030174003913998604,0.33181068301200867,0.003430038457736373,,0.0028630958831810578
997.0,214264.0,234315.350906604,1758793539.5066667,2072845.0,,0.0030237191822379827,0.32832568883895874,0.0034562034998089075,,0.0028482270650923825
998.0,214479.0,234550.543794966,1758793774.699524,2074922.0,,0.003013655776157975,0.3312985897064209,0.0034146953839808702,,0.002837141653379569
999.0,214694.0,234784.402148689,1758794008.5579166,2076999.0,,0.0030194297432899475,0.33091118931770325,0.0034387048799544573,,0.002879649452202452
