epoch,_step,_runtime,_timestamp,trainer/global_step,learning_rate,train/loss,train/primary_loss,train/auxiliary_loss,val/loss,val/gene_interaction/Pearson,val/gene_interaction/MSE,val_sample/Pearson_target_0
,0,196.564974092,1757197656.5953255,,,,,,,,,
0.0,1,2011.654656616,1757199471.6846364,9.0,0.0010000000474974513,0.717963457107544,0.7111244797706604,0.02279653400182724,,,,
0.0,2,2638.059035931,1757200098.0892103,19.0,0.0010000000474974513,0.626372754573822,0.6193435788154602,0.023430459201335907,,,,
0.0,3,3267.39515809,1757200727.4255145,29.0,0.0010000000474974513,0.6192809343338013,0.6127343773841858,0.021821826696395874,,,,
0.0,4,3893.106480969,1757201353.1368804,39.0,0.0010000000474974513,0.5805571675300598,0.5738828182220459,0.02224794775247574,,,,
0.0,5,4519.055238864,1757201979.0851474,49.0,0.0010000000474974513,0.5923559665679932,0.5856161713600159,0.022465940564870834,,,,
0.0,6,5144.824301913,1757202604.853546,59.0,0.0010000000474974513,0.5956614017486572,0.5890042781829834,0.022190432995557785,,,,
0.0,7,5777.23374741,1757203237.2635756,69.0,0.0010000000474974513,0.5666658878326416,0.5599318742752075,0.022446557879447937,,,,
0.0,8,6401.969901555,1757203861.999197,79.0,0.0010000000474974513,0.5695570707321167,0.5629087686538696,0.022160910069942474,,,,
0.0,9,7028.045559568,1757204488.075402,89.0,0.0010000000474974513,0.5530000925064087,0.546522855758667,0.02159065380692482,,,,
0.0,10,7563.272649553,1757205023.303114,99.0,0.0010000000474974513,0.5547605752944946,0.5482149124145508,0.02181881107389927,,,,
0.0,11,8078.002877923,1757205538.0330353,109.0,0.0010000000474974513,0.5483572483062744,0.5416867733001709,0.022234968841075897,,,,
,12,9057.662213218,1757206517.6927109,,,,,,,,,
,13,9058.734835794,1757206518.7654295,,,,,,,,,
,14,9058.741467685,1757206518.7720068,,,,,,,,,-0.0019782050512731075
,15,9058.971543507,1757206519.0021167,,,,,,,,,
0.0,16,9058.979585798,1757206519.0100167,110.0,,,,,0.6154953837394714,-0.00015252713637892157,0.5763721466064453,
,17,9059.632947992,1757206519.6560605,,,,,,,,,
,18,9060.805468822,1757206520.8360474,,,,,,,,,
,19,9060.812942967,1757206520.843466,,,,,,,,,
,20,9061.026775413,1757206521.057412,,,,,,,,,
0.0,21,9074.079278927,1757206534.105446,110.0,,,,,,,,
1.0,22,10010.363147988,1757207470.393129,119.0,0.0010000000474974513,0.5292752981185913,0.5226576328277588,0.022058870643377304,,,,
1.0,23,10641.124294814,1757208101.1536872,129.0,0.0010000000474974513,0.526279091835022,0.5195278525352478,0.022504165768623352,,,,
1.0,24,11272.652478085,1757208732.68195,139.0,0.0010000000474974513,0.5228383541107178,0.5162290334701538,0.02203117497265339,,,,
1.0,25,11901.384705215,1757209361.4145882,149.0,0.0010000000474974513,0.5247000455856323,0.5182304382324219,0.02156529575586319,,,,
1.0,26,12529.461266707,1757209989.4908035,159.0,0.0010000000474974513,0.5122011303901672,0.5057880282402039,0.021376796066761017,,,,
1.0,27,13157.942295777,1757210617.9723487,169.0,0.0010000000474974513,0.5059704184532166,0.4994751811027527,0.021650874987244606,,,,
1.0,28,13787.740716506,1757211247.7711053,179.0,0.0010000000474974513,0.512834370136261,0.5062930583953857,0.02180427312850952,,,,
1.0,29,14417.739869797,1757211877.7702248,189.0,0.0010000000474974513,0.49591368436813354,0.48938241600990295,0.021770846098661423,,,,
1.0,30,15045.885131124,1757212505.9151304,199.0,0.0010000000474974513,0.47696760296821594,0.47056883573532104,0.021329157054424286,,,,
1.0,31,15595.041623418,1757213055.071425,209.0,0.0010000000474974513,0.47280436754226685,0.4663211405277252,0.021610742434859276,,,,
1.0,32,16114.422103793,1757213574.4523818,219.0,0.0010000000474974513,0.46962565183639526,0.4631838798522949,0.021472511813044548,,,,
,33,17136.050992105,1757214596.081531,,,,,,,,,
,34,17137.356319031,1757214597.3868866,,,,,,,,,
,35,17137.362462457,1757214597.3929894,,,,,,,,,-0.007345318794250488
,36,17137.579676636,1757214597.6103196,,,,,,,,,
1.0,37,17137.583111147,1757214597.6135764,221.0,,,,,0.47107329964637756,-0.009798099286854267,0.42689329385757446,
,38,17138.201125409,1757214598.2317088,,,,,,,,,
,39,17139.437158039,1757214599.4677112,,,,,,,,,
,40,17139.443502314,1757214599.4740436,,,,,,,,,
,41,17139.651234157,1757214599.6818185,,,,,,,,,
1.0,42,17152.449584638,1757214612.4753695,221.0,,,,,,,,
2.0,43,18026.371511771,1757215486.401301,229.0,0.0010000000474974513,0.4542141258716583,0.4476337134838104,0.021934691816568375,,,,
2.0,44,18655.073998364,1757216115.104179,239.0,0.0010000000474974513,0.46162211894989014,0.4551817774772644,0.02146795392036438,,,,
2.0,45,19281.479040426,1757216741.509048,249.0,0.0010000000474974513,0.4531615972518921,0.44667887687683105,0.021609202027320862,,,,
2.0,46,19908.61385007,1757217368.6441946,259.0,0.0010000000474974513,0.4427849352359772,0.43640050292015076,0.02128145471215248,,,,
2.0,47,20535.699390462,1757217995.72889,269.0,0.0010000000474974513,0.45192158222198486,0.4455106258392334,0.021369779482483864,,,,
2.0,48,21166.169072422,1757218626.198783,279.0,0.0010000000474974513,0.4295058250427246,0.4231511056423187,0.02118225023150444,,,,
2.0,49,21797.438393217,1757219257.4683154,289.0,0.0010000000474974513,0.4252963364124298,0.4190000295639038,0.020987574011087418,,,,
2.0,50,22423.236693861,1757219883.2666292,299.0,0.0010000000474974513,0.41778436303138733,0.4114478528499603,0.02112174965441227,,,,
2.0,51,23049.988815772,1757220510.0187423,309.0,0.0010000000474974513,0.4103308320045471,0.4041447639465332,0.020620236173272133,,,,
2.0,52,23606.406742325,1757221066.4365585,319.0,0.0010000000474974513,0.4078269600868225,0.4015291929244995,0.020992685109376907,,,,
2.0,53,24124.651852927,1757221584.6819959,329.0,0.0010000000474974513,0.4041534960269928,0.3978155255317688,0.021126454696059227,,,,
,54,25193.492165392,1757222653.5227373,,,,,,,,,
,55,25194.698760242,1757222654.7293396,,,,,,,,,
,56,25194.703968754,1757222654.7345507,,,,,,,,,-0.011690698564052582
,57,25194.910097243,1757222654.9406793,,,,,,,,,
2.0,58,25194.939521529,1757222654.9699962,332.0,,,,,1.097245454788208,-0.01840817742049694,1.0531338453292847,
,59,25195.629731646,1757222655.6602821,,,,,,,,,
,60,25196.80092113,1757222656.831547,,,,,,,,,
,61,25196.807590525,1757222656.8381505,,,,,,,,,
,62,25197.034534904,1757222657.0651546,,,,,,,,,
2.0,63,25206.713978492,1757222666.7369142,332.0,,,,,,,,
3.0,64,26016.573216353,1757223476.603217,339.0,0.0010000000474974513,0.39598602056503296,0.3897196352481842,0.0208879467099905,,,,
3.0,65,26629.039135772,1757224089.0691938,349.0,0.0010000000474974513,0.3932686746120453,0.38693132996559143,0.021124495193362236,,,,
3.0,66,27239.48281469,1757224699.5127988,359.0,0.0010000000474974513,0.3895745575428009,0.38340407609939575,0.020568275824189186,,,,
3.0,67,27850.472081117,1757225310.5023844,369.0,0.0010000000474974513,0.38783329725265503,0.3816125988960266,0.020735619589686394,,,,
3.0,68,28463.219364476,1757225923.2493541,379.0,0.0010000000474974513,0.371566504240036,0.3654201626777649,0.020487792789936066,,,,
3.0,69,29075.008388591,1757226535.0379894,389.0,0.0010000000474974513,0.3789965510368347,0.3728383183479309,0.020527277141809464,,,,
3.0,70,29687.617101137,1757227147.647112,399.0,0.0010000000474974513,0.367057204246521,0.3607155978679657,0.021138794720172882,,,,
3.0,71,30300.374165016,1757227760.4036875,409.0,0.0010000000474974513,0.3675903081893921,0.36113402247428894,0.02152099460363388,,,,
3.0,72,30911.912390349,1757228371.9423225,419.0,0.0010000000474974513,0.37558087706565857,0.3692927360534668,0.020960316061973572,,,,
3.0,73,31463.290304671,1757228923.3204436,429.0,0.0010000000474974513,0.3603653609752655,0.3541628122329712,0.02067508175969124,,,,
3.0,74,31966.749616872,1757229426.7798371,439.0,0.0010000000474974513,0.3574802279472351,0.3512687385082245,0.020704951137304306,,,,
,75,33063.584035609,1757230523.6145804,,,,,,,,,
,76,33064.746599608,1757230524.7772086,,,,,,,,,
,77,33064.752322159,1757230524.782908,,,,,,,,,-0.007375710643827915
,78,33064.958721392,1757230524.98937,,,,,,,,,
3.0,79,33064.971441585,1757230525.0018976,443.0,,,,,0.2335899919271469,-0.008704978972673416,0.1912975013256073,
,80,33065.554485336,1757230525.5851092,,,,,,,,,
,81,33066.754437227,1757230526.785081,,,,,,,,,
,82,33066.760728285,1757230526.79129,,,,,,,,,
,83,33066.966697249,1757230526.99735,,,,,,,,,
3.0,84,33079.027867262,1757230539.0541868,443.0,,,,,,,,
4.0,85,33811.813882529,1757231271.8442588,449.0,0.0010000000474974513,0.35772719979286194,0.3516186475753784,0.02036186307668686,,,,
4.0,86,34422.086211777,1757231882.1162233,459.0,0.0010000000474974513,0.3453437089920044,0.33872491121292114,0.022062623873353004,,,,
4.0,87,35034.424569153,1757232494.4544883,469.0,0.0010000000474974513,0.34186452627182007,0.33558809757232666,0.020921509712934494,,,,
4.0,88,35644.114872039,1757233104.1445796,479.0,0.0010000000474974513,0.3461979627609253,0.3399333357810974,0.020882021635770798,,,,
4.0,89,36252.42322252,1757233712.4529097,489.0,0.0010000000474974513,0.3286331593990326,0.32241731882095337,0.02071949653327465,,,,
4.0,90,36864.779869076,1757234324.8099232,499.0,0.0010000000474974513,0.3390379548072815,0.33278292417526245,0.02085007354617119,,,,
4.0,91,37477.328722339,1757234937.359071,509.0,0.0010000000474974513,0.33901122212409973,0.332832008600235,0.02059755101799965,,,,
4.0,92,38088.192658631,1757235548.222418,519.0,0.0010000000474974513,0.33337777853012085,0.3271903097629547,0.02062487229704857,,,,
4.0,93,38699.875762175,1757236159.9057603,529.0,0.0010000000474974513,0.31801068782806396,0.31169766187667847,0.021043403074145317,,,,
4.0,94,39265.037539141,1757236725.067371,539.0,0.0010000000474974513,0.3172370195388794,0.31114333868026733,0.02031225711107254,,,,
4.0,95,39768.713770262,1757237228.7436235,549.0,0.0010000000474974513,0.3236822783946991,0.3174557685852051,0.020755037665367126,,,,
,96,40917.927427519,1757238377.9579816,,,,,,,,,
,97,40919.122069836,1757238379.1526716,,,,,,,,,
,98,40919.127759875,1757238379.1583467,,,,,,,,,0.0023269164375960827
,99,40919.331620036,1757238379.362242,,,,,,,,,
4.0,100,40919.334332715,1757238379.3649147,554.0,,,,,1.265059471130371,-0.0013150889426469803,1.2277555465698242,
,101,40919.92189289,1757238379.9524803,,,,,,,,,
,102,40921.755827807,1757238381.7864413,,,,,,,,,
,103,40921.762478576,1757238381.7930527,,,,,,,,,
,104,40921.968092533,1757238381.998755,,,,,,,,,
4.0,105,40929.810457065,1757238389.8369172,554.0,,,,,,,,
5.0,106,41610.539398135,1757239070.5694804,559.0,0.0010000000474974513,0.32343998551368713,0.3170749247074127,0.021216902881860733,,,,
5.0,107,42223.940193605,1757239683.9700959,569.0,0.0010000000474974513,0.320540189743042,0.31418442726135254,0.021185919642448425,,,,
5.0,108,42834.758488523,1757240294.7885194,579.0,0.0010000000474974513,0.3197706639766693,0.31365489959716797,0.020385922864079475,,,,
5.0,109,43442.135066343,1757240902.1652796,589.0,0.0010000000474974513,0.31775712966918945,0.3116636276245117,0.02031167969107628,,,,
5.0,110,44053.626125606,1757241513.6553168,599.0,0.0010000000474974513,0.31265708804130554,0.30663108825683594,0.020086612552404404,,,,
5.0,111,44667.457991832,1757242127.487915,609.0,0.0010000000474974513,0.3029496669769287,0.296766072511673,0.020612020045518875,,,,
5.0,112,45281.344364251,1757242741.374142,619.0,0.0010000000474974513,0.30721378326416016,0.30104386806488037,0.020566396415233612,,,,
5.0,113,45894.157317902,1757243354.1870232,629.0,0.0010000000474974513,0.3087508976459503,0.3025762736797333,0.020582130178809166,,,,
5.0,114,46504.656216901,1757243964.6860402,639.0,0.0010000000474974513,0.2979036569595337,0.29204872250556946,0.019516441971063614,,,,
5.0,115,47081.02198796,1757244541.0516798,649.0,0.0010000000474974513,0.29808181524276733,0.2920858860015869,0.019986560568213463,,,,
5.0,116,47589.310246294,1757245049.340345,659.0,0.0010000000474974513,0.28620824217796326,0.2801760733127594,0.020107273012399673,,,,
,117,48790.967282249,1757246250.9978783,,,,,,,,,
,118,48792.22448488,1757246252.2551014,,,,,,,,,
,119,48792.229916498,1757246252.260487,,,,,,,,,-0.008538988418877125
,120,48792.436039114,1757246252.4666595,,,,,,,,,
5.0,121,48792.438672985,1757246252.469205,665.0,,,,,0.34375277161598206,-0.0014198782155290246,0.2974477708339691,
,122,48793.018722128,1757246253.0493555,,,,,,,,,
,123,48794.203692272,1757246254.234336,,,,,,,,,
,124,48794.210294525,1757246254.240852,,,,,,,,,
,125,48794.41817695,1757246254.4488258,,,,,,,,,
5.0,126,48802.355900936,1757246262.382745,665.0,,,,,,,,
6.0,127,49412.626290151,1757246872.656472,669.0,0.0010000000474974513,0.28580498695373535,0.27963635325431824,0.020562125369906425,,,,
6.0,128,50025.417573962,1757247485.4478009,679.0,0.0010000000474974513,0.2852870225906372,0.27907437086105347,0.020708829164505005,,,,
6.0,129,50636.614818141,1757248096.6446836,689.0,0.0010000000474974513,0.279741495847702,0.27362415194511414,0.020391184836626053,,,,
6.0,130,51251.147715681,1757248711.1775599,699.0,0.0010000000474974513,0.28088462352752686,0.27487972378730774,0.020016267895698547,,,,
6.0,131,51866.179247737,1757249326.2086463,709.0,0.0010000000474974513,0.28220391273498535,0.27616068720817566,0.020144104957580566,,,,
6.0,132,52474.900599396,1757249934.9301386,719.0,0.0010000000474974513,0.2750281095504761,0.2689857482910156,0.02014113776385784,,,,
6.0,133,53087.859404997,1757250547.8898063,729.0,0.0010000000474974513,0.270670622587204,0.2645986080169678,0.020240025594830513,,,,
6.0,134,53700.402041886,1757251160.432113,739.0,0.0010000000474974513,0.27089208364486694,0.2647658586502075,0.020420745015144348,,,,
6.0,135,54313.992460764,1757251774.0223715,749.0,0.0010000000474974513,0.26666659116744995,0.2606196105480194,0.020156655460596085,,,,
6.0,136,54901.844430219,1757252361.8749516,759.0,0.0010000000474974513,0.27082374691963196,0.264745831489563,0.020259741693735123,,,,
6.0,137,55407.53917477,1757252867.5691385,769.0,0.0010000000474974513,0.2707870602607727,0.2647134065628052,0.02024552784860134,,,,
,138,56654.456191569,1757254114.486795,,,,,,,,,
,139,56655.595967023,1757254115.626579,,,,,,,,,
,140,56655.601310765,1757254115.6318703,,,,,,,,,-0.012304865755140781
,141,56655.805459417,1757254115.8360922,,,,,,,,,
6.0,142,56655.81523172,1757254115.845776,776.0,,,,,0.27766409516334534,-0.00914239976555109,0.24316883087158203,
,143,56656.391160443,1757254116.4218016,,,,,,,,,
,144,56657.596202759,1757254117.6268473,,,,,,,,,
,145,56657.602626715,1757254117.633159,,,,,,,,,
,146,56657.806014583,1757254117.8366644,,,,,,,,,
6.0,147,56665.713435112,1757254125.7400513,776.0,,,,,,,,
7.0,148,57222.452238553,1757254682.4820375,779.0,0.0010000000474974513,0.2671782076358795,0.261212557554245,0.019885526970028877,,,,
7.0,149,57834.399657846,1757255294.4295266,789.0,0.0010000000474974513,0.26345375180244446,0.25735822319984436,0.020318400114774704,,,,
7.0,150,58445.982879522,1757255906.013036,799.0,0.0010000000474974513,0.2630074620246887,0.25698497891426086,0.020074967294931412,,,,
7.0,151,59058.40296661,1757256518.4330652,809.0,0.0010000000474974513,0.26798269152641296,0.2620026469230652,0.01993335410952568,,,,
7.0,152,59672.557742249,1757257132.5876052,819.0,0.0010000000474974513,0.25693923234939575,0.25089943408966064,0.020132631063461304,,,,
7.0,153,60283.879646461,1757257743.9097579,829.0,0.0010000000474974513,0.25758296251296997,0.251522034406662,0.020203035324811935,,,,
7.0,154,60896.867424444,1757258356.8976994,839.0,0.0010000000474974513,0.25872576236724854,0.25260165333747864,0.020413704216480255,,,,
7.0,155,61514.604175492,1757258974.6341295,849.0,0.0010000000474974513,0.2520869970321655,0.24607771635055542,0.020031029358506203,,,,
7.0,156,62126.698632094,1757259586.7285147,859.0,0.0010000000474974513,0.2559759318828583,0.24992461502552032,0.020170997828245163,,,,
7.0,157,62723.968725615,1757260183.998961,869.0,0.0010000000474974513,0.2629019021987915,0.2569635808467865,0.019794419407844543,,,,
7.0,158,63228.901013593,1757260688.931088,879.0,0.0010000000474974513,0.255974680185318,0.25010716915130615,0.019558412954211235,,,,
,159,64525.359671259,1757261985.39029,,,,,,,,,
,160,64526.538809509,1757261986.5694463,,,,,,,,,
,161,64526.544297723,1757261986.5748618,,,,,,,,,-0.009697857312858105
,162,64526.750559208,1757261986.7812073,,,,,,,,,
7.0,163,64526.758400981,1757261986.788923,887.0,,,,,0.5244491696357727,-0.000605496927164495,0.4903472363948822,
,164,64527.338619135,1757261987.3692324,,,,,,,,,
,165,64528.598155478,1757261988.6287968,,,,,,,,,
,166,64528.60456998,1757261988.6351173,,,,,,,,,
,167,64528.812139364,1757261988.8427868,,,,,,,,,
7.0,168,64537.425587359,1757261997.4516459,887.0,,,,,,,,
8.0,169,65022.688358078,1757262482.7180285,889.0,0.0010000000474974513,0.2565726339817047,0.2506672441959381,0.019684704020619392,,,,
8.0,170,65637.304521587,1757263097.33423,899.0,0.0010000000474974513,0.2509174942970276,0.2446719855070114,0.02081836387515068,,,,
8.0,171,66250.880225754,1757263710.909981,909.0,0.0010000000474974513,0.24485638737678528,0.2390444278717041,0.01937323436141014,,,,
8.0,172,66862.765047996,1757264322.7953982,919.0,0.0010000000474974513,0.2503582835197449,0.24436290562152863,0.019984669983386993,,,,
8.0,173,67476.630105651,1757264936.6601074,929.0,0.0010000000474974513,0.25632089376449585,0.2502378225326538,0.020276913419365883,,,,
8.0,174,68091.258799145,1757265551.2887352,939.0,0.0010000000474974513,0.2545551359653473,0.24854931235313416,0.0200194139033556,,,,
8.0,175,68703.762469979,1757266163.792047,949.0,0.0010000000474974513,0.2436387538909912,0.23776961863040924,0.019563740119338036,,,,
8.0,176,69316.383775789,1757266776.414049,959.0,0.0010000000474974513,0.24904672801494598,0.24307440221309662,0.019907750189304352,,,,
8.0,177,69928.257006084,1757267388.2870314,969.0,0.0010000000474974513,0.2402600795030594,0.2343149185180664,0.019817188382148743,,,,
8.0,178,70532.340359559,1757267992.3705645,979.0,0.0010000000474974513,0.2420932948589325,0.2360074818134308,0.020286032930016518,,,,
8.0,179,71038.395814402,1757268498.4254198,989.0,0.0010000000474974513,0.24858227372169495,0.242776021361351,0.019354164600372314,,,,
,180,72386.96734337,1757269846.9979448,,,,,,,,,
,181,72388.12919695,1757269848.159816,,,,,,,,,
,182,72388.135011469,1757269848.1655576,,,,,,,,,-0.012311629951000214
,183,72388.343702559,1757269848.3743603,,,,,,,,,
8.0,184,72388.930725459,1757269848.9611566,998.0,,,,,0.22814881801605225,-0.012573071755468845,0.19620801508426666,
,185,72389.550952465,1757269849.5815327,,,,,,,,,
,186,72390.865550476,1757269850.8961728,,,,,,,,,
,187,72390.872392617,1757269850.9029582,,,,,,,,,
,188,72391.079627239,1757269851.110278,,,,,,,,,
8.0,189,72399.053769872,1757269859.08062,998.0,,,,,,,,
9.0,190,72842.241316677,1757270302.2710435,999.0,0.0010000000474974513,0.24568818509578705,0.23964223265647888,0.020153159275650978,,,,
9.0,191,73446.767784579,1757270906.7982945,1009.0,0.0010000000474974513,0.24130718410015106,0.2353670597076416,0.019800374284386635,,,,
9.0,192,74059.483719785,1757271519.5140157,1019.0,0.0010000000474974513,0.2407354861497879,0.23474600911140442,0.019964920356869698,,,,
9.0,193,74671.281706794,1757272131.3117764,1029.0,0.0010000000474974513,0.235292449593544,0.2291402667760849,0.020507236942648888,,,,
9.0,194,75288.639009935,1757272748.6694615,1039.0,0.0010000000474974513,0.2421649694442749,0.23629023134708405,0.019582409411668777,,,,
9.0,195,75900.050163071,1757273360.0799816,1049.0,0.0010000000474974513,0.23010262846946716,0.22425808012485504,0.01948183961212635,,,,
9.0,196,76512.129782249,1757273972.1597724,1059.0,0.0010000000474974513,0.24577075242996216,0.23966464400291443,0.020353643223643303,,,,
9.0,197,77124.190584853,1757274584.220482,1069.0,0.0010000000474974513,0.24455571174621582,0.23857074975967407,0.01994991861283779,,,,
9.0,198,77737.141503471,1757275197.171492,1079.0,0.0010000000474974513,0.2373695969581604,0.23148532211780548,0.01961422525346279,,,,
9.0,199,78352.572175456,1757275812.6020455,1089.0,0.0010000000474974513,0.23982396721839905,0.2338627278804779,0.019870765507221222,,,,
9.0,200,78866.313254213,1757276326.343263,1099.0,0.0010000000474974513,0.2402234673500061,0.23444879055023193,0.019248895347118378,,,,
9.0,201,79357.85843594,1757276817.888711,1109.0,0.0010000000474974513,0.2412233054637909,0.23528876900672913,0.019781794399023056,,,,
,202,80265.34632071,1757277725.3769507,,,,,,,,,
,203,80266.529282628,1757277726.5599303,,,,,,,,,
,204,80266.534444114,1757277726.5650065,,,,,,,,,0.0012191327987238765
,205,80266.739175406,1757277726.7697997,,,,,,,,,
9.0,206,80266.74382047,1757277726.7743902,1109.0,,,,,0.9836229681968689,0.004603756126016378,0.9512399435043335,
,207,80267.351982789,1757277727.380312,,,,,,,,,
,208,80268.526229167,1757277728.5568604,,,,,,,,,
,209,80268.532516311,1757277728.563066,,,,,,,,,
,210,80268.736945353,1757277728.7675965,,,,,,,,,
9.0,211,80277.297957119,1757277737.3240156,1109.0,,,,,,,,
10.0,212,81259.433628124,1757278719.463943,1119.0,0.0010000000474974513,0.23709893226623535,0.23098129034042358,0.02039218321442604,,,,
10.0,213,81871.486953044,1757279331.516791,1129.0,0.0010000000474974513,0.2340964525938034,0.22814494371414185,0.01983838528394699,,,,
10.0,214,82481.958256588,1757279941.9881177,1139.0,0.0010000000474974513,0.22745239734649658,0.221349835395813,0.020341860130429268,,,,
10.0,215,83093.273178398,1757280553.3031006,1149.0,0.0010000000474974513,0.23580032587051392,0.2299450784921646,0.019517501816153526,,,,
10.0,216,83702.96084775,1757281162.9910588,1159.0,0.0010000000474974513,0.2395474910736084,0.23382118344306946,0.0190876591950655,,,,
10.0,217,84317.652463428,1757281777.6824455,1169.0,0.0010000000474974513,0.229054793715477,0.22297048568725586,0.02028106525540352,,,,
10.0,218,84930.302530866,1757282390.3319972,1179.0,0.0010000000474974513,0.23088769614696503,0.2251223772764206,0.019217751920223236,,,,
10.0,219,85542.111550481,1757283002.1409435,1189.0,0.0010000000474974513,0.23185575008392334,0.22588342428207397,0.01990777999162674,,,,
10.0,220,86150.867445989,1757283610.8974142,1199.0,0.0010000000474974513,0.23836186528205872,0.23251350224018097,0.01949460618197918,,,,
10.0,221,86672.620083156,1757284132.6501873,1209.0,0.0010000000474974513,0.22738929092884064,0.22149908542633057,0.019633987918496132,,,,
10.0,222,87177.124790847,1757284637.154975,1219.0,0.0010000000474974513,0.22123685479164124,0.21523034572601318,0.02002173662185669,,,,
,223,88129.49708479,1757285589.527716,,,,,,,,,
,224,88130.75056805,1757285590.7811809,,,,,,,,,
,225,88130.757613632,1757285590.7881548,,,,,,,,,-0.017104005441069603
,226,88130.973143913,1757285591.0037553,,,,,,,,,
10.0,227,88130.975910641,1757285591.0064538,1220.0,,,,,0.6783217787742615,-0.013486236333847046,0.6451355814933777,
,228,88131.584085936,1757285591.614672,,,,,,,,,
,229,88133.430911529,1757285593.4615138,,,,,,,,,
,230,88133.437275343,1757285593.467837,,,,,,,,,
,231,88133.642025608,1757285593.6726718,,,,,,,,,
10.0,232,88141.507729116,1757285601.533219,1220.0,,,,,,,,
11.0,233,89058.155874124,1757286518.1858604,1229.0,0.0010000000474974513,0.22486627101898193,0.21909867227077484,0.01922529563307762,,,,
11.0,234,89671.146026472,1757287131.175926,1239.0,0.0010000000474974513,0.22572284936904907,0.21985355019569397,0.019564319401979446,,,,
11.0,235,90282.101828063,1757287742.1315114,1249.0,0.0010000000474974513,0.23266425728797913,0.22683756053447723,0.019422300159931183,,,,
11.0,236,90892.769257274,1757288352.7991526,1259.0,0.0010000000474974513,0.22038494050502777,0.21456986665725708,0.019383585080504417,,,,
11.0,237,91505.007911198,1757288965.0379639,1269.0,0.0010000000474974513,0.22445908188819885,0.2184876799583435,0.019904671236872673,,,,
11.0,238,92115.822572675,1757289575.8529334,1279.0,0.0010000000474974513,0.22869569063186646,0.22272276878356934,0.01990976370871067,,,,
11.0,239,92728.207406713,1757290188.2369974,1289.0,0.0010000000474974513,0.2206486165523529,0.214742049574852,0.019688526168465614,,,,
11.0,240,93340.227901617,1757290800.25836,1299.0,0.0010000000474974513,0.22784677147865295,0.22193896770477295,0.019692648202180862,,,,
11.0,241,93953.710143636,1757291413.740077,1309.0,0.0010000000474974513,0.22426405549049377,0.21810926496982574,0.020515957847237587,,,,
11.0,242,94488.384917205,1757291948.4153478,1319.0,0.0010000000474974513,0.2263624519109726,0.22058965265750885,0.019242621958255768,,,,
11.0,243,94991.906170645,1757292451.9360917,1329.0,0.0010000000474974513,0.2213933765888214,0.2155790776014328,0.01938101276755333,,,,
,244,95986.78483497,1757293446.8154435,,,,,,,,,
,245,95987.972576427,1757293448.0032096,,,,,,,,,
,246,95987.97800948,1757293448.008568,,,,,,,,,-0.01992962136864662
,247,95988.190463819,1757293448.221121,,,,,,,,,
11.0,248,95988.193410865,1757293448.2238576,1331.0,,,,,0.2546056807041168,-0.019661754369735718,0.22387266159057617,
,249,95988.808980461,1757293448.8364494,,,,,,,,,
,250,95989.902605609,1757293449.9332554,,,,,,,,,
,251,95989.908941647,1757293449.939502,,,,,,,,,
,252,95990.11823247,1757293450.1488388,,,,,,,,,
11.0,253,95998.098357832,1757293458.125135,1331.0,,,,,,,,
12.0,254,96855.699429527,1757294315.72936,1339.0,0.0010000000474974513,0.2195008099079132,0.21371038258075714,0.01930142194032669,,,,
12.0,255,97469.555513912,1757294929.585782,1349.0,0.0010000000474974513,0.218160480260849,0.21235474944114685,0.01935243047773838,,,,
12.0,256,98083.508285963,1757295543.5382218,1359.0,0.0010000000474974513,0.224620059132576,0.21843108534812927,0.020629940554499626,,,,
12.0,257,98695.334436119,1757296155.3644192,1369.0,0.0010000000474974513,0.2228340208530426,0.21705612540245056,0.01925971917808056,,,,
12.0,258,99308.578931913,1757296768.6089268,1379.0,0.0010000000474974513,0.21240854263305664,0.2064395695924759,0.019896574318408966,,,,
12.0,259,99916.866680709,1757297376.8967059,1389.0,0.0010000000474974513,0.2179349958896637,0.21203893423080444,0.01965353637933731,,,,
12.0,260,100527.374542178,1757297987.4043512,1399.0,0.0010000000474974513,0.2134217917919159,0.2075292021036148,0.019641945138573647,,,,
12.0,261,101138.984134782,1757298599.013963,1409.0,0.0010000000474974513,0.2203044593334198,0.21431146562099457,0.01997663639485836,,,,
12.0,262,101752.783912511,1757299212.8136983,1419.0,0.0010000000474974513,0.21276149153709412,0.2069804072380066,0.01927023008465767,,,,
12.0,263,102295.80694124,1757299755.837235,1429.0,0.0010000000474974513,0.2155190110206604,0.2097475826740265,0.01923806220293045,,,,
12.0,264,102799.425032387,1757300259.4550793,1439.0,0.0010000000474974513,0.21824508905410767,0.21244998276233673,0.01931699551641941,,,,
,265,103848.339949576,1757301308.3705554,,,,,,,,,
,266,103849.523333415,1757301309.553978,,,,,,,,,
,267,103849.528772001,1757301309.5593328,,,,,,,,,-0.005208177492022514
,268,103849.736835772,1757301309.7674637,,,,,,,,,
12.0,269,103849.739458923,1757301309.769991,1442.0,,,,,0.33065322041511536,-0.005707741715013981,0.2978512942790985,
,270,103850.438224944,1757301310.4687843,,,,,,,,,
,271,103851.727454318,1757301311.7580693,,,,,,,,,
,272,103851.734082949,1757301311.764659,,,,,,,,,
,273,103851.944075989,1757301311.9747221,,,,,,,,,
12.0,274,103860.253036412,1757301320.2794313,1442.0,,,,,,,,
13.0,275,104656.340950379,1757302116.370545,1449.0,0.0010000000474974513,0.2081986367702484,0.2023557424545288,0.01947629824280739,,,,
13.0,276,105270.195094268,1757302730.2242358,1459.0,0.0010000000474974513,0.20701423287391663,0.2009943425655365,0.020066240802407265,,,,
13.0,277,105882.93329801,1757303342.962844,1469.0,0.0010000000474974513,0.21267437934875488,0.20681756734848022,0.019522683694958687,,,,
13.0,278,106492.554767973,1757303952.5844612,1479.0,0.0010000000474974513,0.21090902388095856,0.20520184934139252,0.0190239567309618,,,,
13.0,279,107102.363937086,1757304562.3935819,1489.0,0.0010000000474974513,0.21594372391700745,0.20990584790706635,0.02012624405324459,,,,
13.0,280,107713.705945304,1757305173.735537,1499.0,0.0010000000474974513,0.21379247307777405,0.2079140692949295,0.01959465816617012,,,,
13.0,281,108323.916936685,1757305783.947067,1509.0,0.0010000000474974513,0.2107098251581192,0.20491445064544678,0.01931791566312313,,,,
13.0,282,108934.675777114,1757306394.7061903,1519.0,0.0010000000474974513,0.20559203624725342,0.19974899291992188,0.019476763904094696,,,,
13.0,283,109543.363367381,1757307003.3936067,1529.0,0.0010000000474974513,0.2068156599998474,0.20093709230422974,0.019595177844166756,,,,
13.0,284,110095.762865386,1757307555.7932243,1539.0,0.0010000000474974513,0.21150700747966766,0.2057911902666092,0.019052714109420776,,,,
13.0,285,110598.854373549,1757308058.8847296,1549.0,0.0010000000474974513,0.20675137639045715,0.20084185898303986,0.01969834975898266,,,,
,286,111698.788371042,1757309158.8190007,,,,,,,,,
,287,111699.928259437,1757309159.9588783,,,,,,,,,
,288,111699.933514808,1757309159.9640934,,,,,,,,,-0.01629723235964775
,289,111700.141762821,1757309160.1723828,,,,,,,,,
13.0,290,111700.163523882,1757309160.1940594,1553.0,,,,,1.089242935180664,-0.014816701412200928,1.056477427482605,
,291,111700.763305302,1757309160.7938907,,,,,,,,,
,292,111702.497819521,1757309162.5284657,,,,,,,,,
,293,111702.50431921,1757309162.5348835,,,,,,,,,
,294,111702.710544538,1757309162.7411814,,,,,,,,,
13.0,295,111710.612875708,1757309170.639002,1553.0,,,,,,,,
14.0,296,112446.090401044,1757309906.12031,1559.0,0.0010000000474974513,0.20778107643127441,0.201957568526268,0.019411666318774223,,,,
14.0,297,113062.821179925,1757310522.851256,1569.0,0.0010000000474974513,0.20491044223308563,0.19907811284065247,0.01944110542535782,,,,
14.0,298,113674.238268587,1757311134.2682884,1579.0,0.0010000000474974513,0.20316095650196075,0.19723528623580933,0.01975225657224655,,,,
14.0,299,114283.266459229,1757311743.2963355,1589.0,0.0010000000474974513,0.20463557541370392,0.19888697564601898,0.019161945208907127,,,,
14.0,300,114894.270525858,1757312354.3009777,1599.0,0.0010000000474974513,0.20778310298919678,0.20198602974414825,0.019323591142892838,,,,
14.0,301,115505.367027475,1757312965.3968565,1609.0,0.0010000000474974513,0.20699526369571686,0.20115196704864502,0.01947764679789543,,,,
14.0,302,116114.506105189,1757313574.5361392,1619.0,0.0010000000474974513,0.19941945374011993,0.19341665506362915,0.020009297877550125,,,,
14.0,303,116726.490828957,1757314186.5206342,1629.0,0.0010000000474974513,0.2045634239912033,0.19883641600608826,0.01908998191356659,,,,
14.0,304,117338.169935365,1757314798.2004125,1639.0,0.0010000000474974513,0.198816180229187,0.19283932447433472,0.019922904670238495,,,,
14.0,305,117906.596133462,1757315366.6261942,1649.0,0.0010000000474974513,0.21333011984825134,0.20738419890403748,0.019819727167487144,,,,
14.0,306,118411.802187684,1757315871.8323371,1659.0,0.0010000000474974513,0.2091209590435028,0.20326323807239532,0.019525811076164246,,,,
,307,119558.491968391,1757317018.5224814,,,,,,,,,
,308,119559.67458003,1757317019.7051876,,,,,,,,,
,309,119559.680024345,1757317019.7105937,,,,,,,,,-0.038897283375263214
,310,119559.888439746,1757317019.9190884,,,,,,,,,
14.0,311,119559.891098207,1757317019.9216266,1664.0,,,,,0.6580339074134827,-0.03738253936171532,0.6270860433578491,
,312,119560.501684067,1757317020.53228,,,,,,,,,
,313,119561.656324456,1757317021.686941,,,,,,,,,
,314,119561.662888436,1757317021.693453,,,,,,,,,
,315,119561.869807449,1757317021.9004295,,,,,,,,,
14.0,316,119569.849669739,1757317029.8763897,1664.0,,,,,,,,
15.0,317,120234.605964149,1757317694.6362975,1669.0,0.0010000000474974513,0.2006932944059372,0.1950150728225708,0.018927380442619324,,,,
15.0,318,120844.880213594,1757318304.9097133,1679.0,0.0010000000474974513,0.19730645418167114,0.1914834976196289,0.019409839063882828,,,,
15.0,319,121458.462852773,1757318918.4928997,1689.0,0.0010000000474974513,0.20100517570972443,0.1950496882200241,0.019851606339216232,,,,
15.0,320,122069.643130619,1757319529.6728725,1699.0,0.0010000000474974513,0.20303921401500702,0.19727668166160583,0.01920848712325096,,,,
15.0,321,122681.300588016,1757320141.3306181,1709.0,0.0010000000474974513,0.19918625056743622,0.19338631629943848,0.019333116710186005,,,,
15.0,322,123293.52617636,1757320753.5563982,1719.0,0.0010000000474974513,0.19439825415611267,0.1885722577571869,0.019419975578784943,,,,
15.0,323,123901.4446654,1757321361.4750483,1729.0,0.0010000000474974513,0.20908915996551514,0.2033674418926239,0.019072458148002625,,,,
15.0,324,124511.262127991,1757321971.2920883,1739.0,0.0010000000474974513,0.1914149820804596,0.18538548052310944,0.020098373293876648,,,,
15.0,325,125125.264852723,1757322585.294862,1749.0,0.0010000000474974513,0.19782954454421997,0.19213877618312836,0.018969211727380753,,,,
15.0,326,125700.570489639,1757323160.6001174,1759.0,0.0010000000474974513,0.19355614483356476,0.1877937763929367,0.01920795999467373,,,,
15.0,327,126205.804007819,1757323665.8340275,1769.0,0.0010000000474974513,0.1993221938610077,0.19325746595859528,0.020215701311826706,,,,
,328,127402.793734517,1757324862.8243492,,,,,,,,,
,329,127403.90601207,1757324863.9366345,,,,,,,,,
,330,127403.911499434,1757324863.9420693,,,,,,,,,-0.013773210346698761
,331,127404.12222158,1757324864.1528456,,,,,,,,,
15.0,332,127404.172056797,1757324864.2025666,1775.0,,,,,0.645271897315979,-0.013685924932360649,0.6162130236625671,
,333,127404.778665859,1757324864.8093035,,,,,,,,,
,334,127406.020994129,1757324866.0515912,,,,,,,,,
,335,127406.027491154,1757324866.05806,,,,,,,,,
,336,127406.235057491,1757324866.2656662,,,,,,,,,
15.0,337,127415.156553835,1757324875.1827416,1775.0,,,,,,,,
16.0,338,128033.410156102,1757325493.440305,1779.0,0.0010000000474974513,0.1948169320821762,0.18899193406105042,0.019416656345129013,,,,
16.0,339,128642.888135276,1757326102.917585,1789.0,0.0010000000474974513,0.19768556952476501,0.19192062318325043,0.019216489046812057,,,,
16.0,340,129255.188932228,1757326715.2186198,1799.0,0.0010000000474974513,0.1959097981452942,0.19016483426094055,0.01914984919130802,,,,
16.0,341,129865.215071358,1757327325.2451353,1809.0,0.0010000000474974513,0.19259579479694366,0.18668988347053528,0.019686361774802208,,,,
16.0,342,130478.466493287,1757327938.496601,1819.0,0.0010000000474974513,0.1957099735736847,0.18984487652778625,0.019550316035747528,,,,
16.0,343,131091.245224243,1757328551.2751522,1829.0,0.0010000000474974513,0.19526788592338562,0.1894630491733551,0.01934947818517685,,,,
16.0,344,131702.656110059,1757329162.6859589,1839.0,0.0010000000474974513,0.19968731701374054,0.19388291239738464,0.019348012283444405,,,,
16.0,345,132316.529359522,1757329776.559415,1849.0,0.0010000000474974513,0.19559238851070404,0.18963214755058289,0.019867464900016785,,,,
16.0,346,132927.117526308,1757330387.1474168,1859.0,0.0010000000474974513,0.1925501972436905,0.186746746301651,0.01934482902288437,,,,
16.0,347,133511.528381548,1757330971.5586312,1869.0,0.0010000000474974513,0.19510361552238464,0.18926399946212769,0.019465448334813118,,,,
16.0,348,134017.303755298,1757331477.3338008,1879.0,0.0010000000474974513,0.1986120492219925,0.1928423047065735,0.019232505932450294,,,,
,349,135266.797661816,1757332726.8282914,,,,,,,,,
,350,135268.029979061,1757332728.0605605,,,,,,,,,
,351,135268.035397137,1757332728.0659633,,,,,,,,,-0.016719413921236992
,352,135268.24693628,1757332728.277527,,,,,,,,,
16.0,353,135268.685780802,1757332728.7163088,1886.0,,,,,1.4437536001205444,-0.01946881040930748,1.412796974182129,
,354,135269.290192241,1757332729.3207977,,,,,,,,,
,355,135270.543815659,1757332730.5743926,,,,,,,,,
,356,135270.550285778,1757332730.5808592,,,,,,,,,
,357,135271.353394361,1757332731.384043,,,,,,,,,
16.0,358,135279.193305491,1757332739.219526,1886.0,,,,,,,,
17.0,359,135840.140653409,1757333300.1710093,1889.0,0.0010000000474974513,0.18978579342365265,0.18383941054344177,0.01982123963534832,,,,
17.0,360,136450.969089861,1757333910.9993603,1899.0,0.0010000000474974513,0.19974885880947113,0.19380813837051392,0.019802365452051163,,,,
17.0,361,137063.801567828,1757334523.831797,1909.0,0.0010000000474974513,0.19364848732948303,0.18778452277183533,0.019546523690223694,,,,
17.0,362,137675.596089679,1757335135.6261842,1919.0,0.0010000000474974513,0.19319504499435425,0.18748845160007477,0.019021980464458466,,,,
17.0,363,138289.83342185,1757335749.8639517,1929.0,0.0010000000474974513,0.18649771809577942,0.1806374490261078,0.019534260034561157,,,,
17.0,364,138903.09728915,1757336363.1272337,1939.0,0.0010000000474974513,0.18907582759857178,0.1833178699016571,0.019193241372704506,,,,
17.0,365,139518.437397592,1757336978.46769,1949.0,0.0010000000474974513,0.1903364062309265,0.1844872683286667,0.01949717104434967,,,,
17.0,366,140136.226547179,1757337596.256444,1959.0,0.0010000000474974513,0.1941223442554474,0.18830318748950958,0.019397201016545296,,,,
17.0,367,140750.39198867,1757338210.4223313,1969.0,0.0010000000474974513,0.18274635076522827,0.1770136058330536,0.019109126180410385,,,,
17.0,368,141351.851919326,1757338811.8817375,1979.0,0.0010000000474974513,0.18727505207061768,0.18133237957954407,0.01980891451239586,,,,
17.0,369,141864.605129945,1757339324.6351275,1989.0,0.0010000000474974513,0.19661623239517212,0.19074879586696625,0.019558094441890717,,,,
,370,143180.238449455,1757340640.269061,,,,,,,,,
,371,143181.392866117,1757340641.4235036,,,,,,,,,
,372,143181.398382723,1757340641.4289477,,,,,,,,,-0.003771549090743065
,373,143181.605730001,1757340641.6363816,,,,,,,,,
17.0,374,143181.608763999,1757340641.6392844,1997.0,,,,,1.6412259340286255,-0.002416076837107539,1.6106904745101929,
,375,143182.219703424,1757340642.250334,,,,,,,,,
,376,143183.33833228,1757340643.3689802,,,,,,,,,
,377,143183.344505457,1757340643.3750887,,,,,,,,,
,378,143183.550606978,1757340643.581258,,,,,,,,,
17.0,379,143191.54920262,1757340651.5758736,1997.0,,,,,,,,
18.0,380,143685.881384122,1757341145.9116945,1999.0,0.0010000000474974513,0.19334439933300018,0.18760643899440765,0.019126536324620247,,,,
18.0,381,144300.273225443,1757341760.303314,2009.0,0.0010000000474974513,0.1880234181880951,0.18211773037910461,0.019685547798871994,,,,
18.0,382,144915.474765449,1757342375.5050592,2019.0,0.0010000000474974513,0.1846584975719452,0.17898812890052795,0.01890123449265957,,,,
18.0,383,145533.391092943,1757342993.421081,2029.0,0.0010000000474974513,0.18923169374465942,0.1834302395582199,0.019338171929121017,,,,
18.0,384,146146.457421268,1757343606.4871242,2039.0,0.0010000000474974513,0.18575307726860046,0.1800355613231659,0.019058406352996826,,,,
18.0,385,146762.250814684,1757344222.2809925,2049.0,0.0010000000474974513,0.18171562254428864,0.17584362626075745,0.01957336813211441,,,,
18.0,386,147377.192430318,1757344837.222397,2059.0,0.0010000000474974513,0.1871897429227829,0.18131117522716522,0.019595196470618248,,,,
18.0,387,147994.065320586,1757345454.0954826,2069.0,0.0010000000474974513,0.18934591114521027,0.18359807133674622,0.01915951818227768,,,,
18.0,388,148611.836649636,1757346071.8670404,2079.0,0.0010000000474974513,0.18523749709129333,0.17934313416481018,0.019647924229502678,,,,
18.0,389,149226.673023276,1757346686.7030964,2089.0,0.0010000000474974513,0.18025009334087372,0.17451810836791992,0.019106607884168625,,,,
18.0,390,149737.478095003,1757347197.5083306,2099.0,0.0010000000474974513,0.19080115854740143,0.1852063238620758,0.018649421632289886,,,,
,391,151106.860768114,1757348566.8913982,,,,,,,,,
,392,151108.043762046,1757348568.0743842,,,,,,,,,
,393,151108.049169557,1757348568.079714,,,,,,,,,-0.017824849113821983
,394,151108.261462124,1757348568.2921014,,,,,,,,,
18.0,395,151108.264107515,1757348568.2946684,2108.0,,,,,0.6845170259475708,-0.01933506317436695,0.6549099683761597,
,396,151108.862896604,1757348568.8935304,,,,,,,,,
,397,151110.12011871,1757348570.1507435,,,,,,,,,
,398,151110.127142631,1757348570.1576946,,,,,,,,,
,399,151110.340147821,1757348570.3707564,,,,,,,,,
18.0,400,151119.204201014,1757348579.2304883,2108.0,,,,,,,,
19.0,401,151557.033322178,1757349017.063495,2109.0,0.0010000000474974513,0.1801299750804901,0.17429915070533752,0.019436132162809372,,,,
19.0,402,152166.074534321,1757349626.1039915,2119.0,0.0010000000474974513,0.17640219628810883,0.1706411987543106,0.019203344359993935,,,,
19.0,403,152780.995224456,1757350241.0250661,2129.0,0.0010000000474974513,0.1835629642009735,0.17772874236106873,0.019447440281510353,,,,
19.0,404,153395.313935705,1757350855.344184,2139.0,0.0010000000474974513,0.18285420536994934,0.17698845267295837,0.01955254189670086,,,,
19.0,405,154009.890068197,1757351469.92031,2149.0,0.0010000000474974513,0.18424546718597412,0.17839950323104858,0.019486479461193085,,,,
19.0,406,154626.218236482,1757352086.2482238,2159.0,0.0010000000474974513,0.18247389793395996,0.17675501108169556,0.01906297355890274,,,,
19.0,407,155242.081651471,1757352702.1118848,2169.0,0.0010000000474974513,0.18770626187324524,0.18190720677375793,0.019330214709043503,,,,
19.0,408,155856.347076135,1757353316.3767476,2179.0,0.0010000000474974513,0.1770079880952835,0.17127558588981628,0.019108004868030548,,,,
19.0,409,156472.691999552,1757353932.7219226,2189.0,0.0010000000474974513,0.1805429756641388,0.1749264895915985,0.01872154138982296,,,,
19.0,410,157088.78351733,1757354548.8137558,2199.0,0.0010000000474974513,0.18662980198860168,0.18084603548049927,0.019279202446341515,,,,
19.0,411,157607.06678872,1757355067.0970478,2209.0,0.0010000000474974513,0.18321534991264343,0.17741835117340088,0.019323304295539856,,,,
19.0,412,158107.529337445,1757355567.5593615,2219.0,0.0010000000474974513,0.18437160551548004,0.17876869440078735,0.018676411360502243,,,,
,413,159025.114951488,1757356485.142281,,,,,,,,,
,414,159026.293853105,1757356486.3244932,,,,,,,,,
,415,159026.299709716,1757356486.3302715,,,,,,,,,0.00044771924149245024
,416,159026.510119877,1757356486.540761,,,,,,,,,
19.0,417,159026.515440209,1757356486.5459454,2219.0,,,,,0.39420607686042786,0.0017479653470218182,0.36358675360679626,
,418,159027.124973089,1757356487.1555762,,,,,,,,,
,419,159028.280366824,1757356488.3109744,,,,,,,,,
,420,159028.286653484,1757356488.3172467,,,,,,,,,
,421,159028.498511304,1757356488.5291462,,,,,,,,,
19.0,422,159036.505240942,1757356496.53175,2219.0,,,,,,,,
20.0,423,160021.551553333,1757357481.5815005,2229.0,0.0010000000474974513,0.1778310388326645,0.1718389093875885,0.019973821938037872,,,,
20.0,424,160636.00216055,1757358096.0322442,2239.0,0.0010000000474974513,0.18097400665283203,0.17519108951091766,0.019276391714811325,,,,
20.0,425,161251.042918142,1757358711.0731814,2249.0,0.0010000000474974513,0.18178047239780426,0.17611944675445557,0.0188701581209898,,,,
20.0,426,161866.486380294,1757359326.5164006,2259.0,0.0010000000474974513,0.1837637722492218,0.1780390590429306,0.01908240094780922,,,,
20.0,427,162483.118404674,1757359943.1485424,2269.0,0.0010000000474974513,0.1806449145078659,0.17482994496822357,0.019383249804377556,,,,
20.0,428,163099.680157812,1757360559.7101367,2279.0,0.0010000000474974513,0.1800881028175354,0.17420192062854767,0.019620589911937714,,,,
20.0,429,163715.630044517,1757361175.6600292,2289.0,0.0010000000474974513,0.18514065444469452,0.1794029027223587,0.01912584900856018,,,,
20.0,430,164331.885756545,1757361791.915391,2299.0,0.0010000000474974513,0.17992714047431946,0.1741168200969696,0.019367750734090805,,,,
20.0,431,164947.70514045,1757362407.7348874,2309.0,0.0010000000474974513,0.183430016040802,0.17772185802459717,0.019027238711714745,,,,
20.0,432,165474.682256526,1757362934.7123084,2319.0,0.0010000000474974513,0.17108818888664246,0.16535770893096924,0.01910156011581421,,,,
20.0,433,165983.575101844,1757363443.605119,2329.0,0.0010000000474974513,0.18205973505973816,0.1760101318359375,0.0201653391122818,,,,
,434,166940.369776346,1757364400.4003782,,,,,,,,,
,435,166941.565591107,1757364401.5962377,,,,,,,,,
,436,166941.571281964,1757364401.6018448,,,,,,,,,-0.0010807766811922193
,437,166941.778547491,1757364401.8091984,,,,,,,,,
20.0,438,166941.781165417,1757364401.811706,2330.0,,,,,0.24993328750133514,-0.004619799088686705,0.21824640035629272,
,439,166942.399879174,1757364402.430461,,,,,,,,,
,440,166943.640095652,1757364403.6706975,,,,,,,,,
,441,166943.646359192,1757364403.6768768,,,,,,,,,
,442,166943.853489938,1757364403.8841395,,,,,,,,,
20.0,443,166951.729598079,1757364411.7562685,2330.0,,,,,,,,
21.0,444,167878.727682622,1757365338.7576406,2339.0,0.0010000000474974513,0.18142016232013702,0.17564550042152405,0.019248824566602707,,,,
21.0,445,168498.417401354,1757365958.4472725,2349.0,0.0010000000474974513,0.18020090460777283,0.17427672445774078,0.01974724605679512,,,,
21.0,446,169115.498724569,1757366575.52865,2359.0,0.0010000000474974513,0.17876476049423218,0.17297662794589996,0.019293835386633873,,,,
21.0,447,169731.772814659,1757367191.802686,2369.0,0.0010000000474974513,0.17922665178775787,0.17354963719844818,0.018923327326774597,,,,
21.0,448,170348.054957371,1757367808.0849917,2379.0,0.0010000000474974513,0.1725497841835022,0.16665978729724884,0.01963331550359726,,,,
21.0,449,170965.13715084,1757368425.1673763,2389.0,0.0010000000474974513,0.17539061605930328,0.16967223584651947,0.019061274826526642,,,,
21.0,450,171581.405055458,1757369041.434979,2399.0,0.0010000000474974513,0.17825105786323547,0.17244331538677216,0.019359109923243523,,,,
21.0,451,172198.037090903,1757369658.067116,2409.0,0.0010000000474974513,0.1777767390012741,0.17191597819328308,0.019535906612873077,,,,
21.0,452,172820.379817706,1757370280.409228,2419.0,0.0010000000474974513,0.17269320785999298,0.16693221032619476,0.019203320145606995,,,,
21.0,453,173358.546198586,1757370818.5765886,2429.0,0.0010000000474974513,0.1739262491464615,0.1680275797843933,0.01966223679482937,,,,
21.0,454,173869.735338116,1757371329.765521,2439.0,0.0010000000474974513,0.17432352900505066,0.16862931847572327,0.018980680033564568,,,,
,455,174881.336112998,1757372341.366644,,,,,,,,,
,456,174882.515116255,1757372342.5457249,,,,,,,,,
,457,174882.5199888,1757372342.5505555,,,,,,,,,-0.022127341479063034
,458,174882.727756411,1757372342.7583792,,,,,,,,,
21.0,459,174883.324335119,1757372343.3548322,2441.0,,,,,2.006340265274048,-0.015837030485272408,1.9728490114212036,
,460,174883.930384046,1757372343.9609938,,,,,,,,,
,461,174885.092073997,1757372345.1227129,,,,,,,,,
,462,174885.098309146,1757372345.1288745,,,,,,,,,
,463,174885.308224786,1757372345.3388426,,,,,,,,,
21.0,464,174893.872231558,1757372353.8984206,2441.0,,,,,,,,
22.0,465,175757.563340741,1757373217.5933871,2449.0,0.0010000000474974513,0.17374151945114136,0.16806285083293915,0.0189288891851902,,,,
22.0,466,176375.318853757,1757373835.3489246,2459.0,0.0010000000474974513,0.1688702553510666,0.1631271094083786,0.019143814221024513,,,,
22.0,467,176990.436778967,1757374450.466793,2469.0,0.0010000000474974513,0.17128314077854156,0.16573166847229004,0.018504908308386803,,,,
22.0,468,177608.428909055,1757375068.4586768,2479.0,0.0010000000474974513,0.16739250719547272,0.16153419017791748,0.01952766813337803,,,,
22.0,469,178225.120846446,1757375685.1507204,2489.0,0.0010000000474974513,0.16780482232570648,0.16220387816429138,0.018669825047254562,,,,
22.0,470,178841.793515658,1757376301.823268,2499.0,0.0010000000474974513,0.17022225260734558,0.1644933819770813,0.019096272066235542,,,,
22.0,471,179458.490239558,1757376918.5201461,2509.0,0.0010000000474974513,0.17275385558605194,0.16706807911396027,0.0189526304602623,,,,
22.0,472,180073.982103218,1757377534.012403,2519.0,0.0010000000474974513,0.17006026208400726,0.16441889107227325,0.018804579973220825,,,,
22.0,473,180688.306764212,1757378148.3369384,2529.0,0.0010000000474974513,0.17285683751106262,0.16712702810764313,0.019099343568086624,,,,
22.0,474,181235.177751625,1757378695.2079964,2539.0,0.0010000000474974513,0.16928912699222565,0.16352662444114685,0.019208308309316635,,,,
22.0,475,181748.375376363,1757379208.4056833,2549.0,0.0010000000474974513,0.16400986909866333,0.15839996933937073,0.018699653446674347,,,,
,476,182807.214199833,1757380267.244834,,,,,,,,,
,477,182808.344313673,1757380268.3749516,,,,,,,,,
,478,182808.350012437,1757380268.3805711,,,,,,,,,0.018453817814588547
,479,182808.561878183,1757380268.592523,,,,,,,,,
22.0,480,182808.571760149,1757380268.6022813,2552.0,,,,,0.17128320038318634,0.010656914673745632,0.14063102006912231,
,481,182809.159523848,1757380269.1901531,,,,,,,,,
,482,182810.342902646,1757380270.3734891,,,,,,,,,
,483,182810.349183073,1757380270.379749,,,,,,,,,
,484,182810.556366905,1757380270.586946,,,,,,,,,
22.0,485,182822.949894142,1757380282.9760563,2552.0,,,,,,,,
23.0,486,183624.898425046,1757381084.9289894,2559.0,0.0010000000474974513,0.16539447009563446,0.15970493853092194,0.018965115770697594,,,,
23.0,487,184240.954584963,1757381700.9845414,2569.0,0.0010000000474974513,0.16894462704658508,0.1630708873271942,0.019579105079174042,,,,
23.0,488,184856.387097593,1757382316.4171293,2579.0,0.0010000000474974513,0.17231906950473785,0.1665787696838379,0.019134320318698883,,,,
23.0,489,185471.598496904,1757382931.6284864,2589.0,0.0010000000474974513,0.15780499577522278,0.15206612646579742,0.019129546359181404,,,,
23.0,490,186085.025396974,1757383545.0556219,2599.0,0.0010000000474974513,0.17014813423156738,0.16443821787834167,0.019033094868063927,,,,
23.0,491,186701.872367728,1757384161.9025595,2609.0,0.0010000000474974513,0.16275830566883087,0.15711280703544617,0.018818378448486328,,,,
23.0,492,187318.380158955,1757384778.4101028,2619.0,0.0010000000474974513,0.1627584844827652,0.15712866187095642,0.01876608282327652,,,,
23.0,493,187935.840129204,1757385395.8704228,2629.0,0.0010000000474974513,0.16347327828407288,0.15786057710647583,0.01870903931558132,,,,
23.0,494,188552.328763842,1757386012.3586104,2639.0,0.0010000000474974513,0.1618451178073883,0.15619489550590515,0.018834087997674942,,,,
23.0,495,189110.053436913,1757386570.0834768,2649.0,0.0010000000474974513,0.16612547636032104,0.1602657288312912,0.019532538950443268,,,,
23.0,496,189620.984947953,1757387081.0148287,2659.0,0.0010000000474974513,0.16641412675380707,0.1606905162334442,0.019078679382801056,,,,
,497,190738.037218289,1757388198.0677853,,,,,,,,,
,498,190739.211604067,1757388199.242202,,,,,,,,,
,499,190739.217112682,1757388199.2476628,,,,,,,,,0.005762865301221609
,500,190739.428095909,1757388199.4587026,,,,,,,,,
23.0,501,190739.447064838,1757388199.4775434,2663.0,,,,,0.23664893209934235,0.00806373916566372,0.20512184500694275,
,502,190740.054115175,1757388200.0847478,,,,,,,,,
,503,190741.274124881,1757388201.3047562,,,,,,,,,
,504,190741.281028813,1757388201.3115747,,,,,,,,,
,505,190741.49214777,1757388201.5227911,,,,,,,,,
23.0,506,190749.894691805,1757388209.9213283,2663.0,,,,,,,,
24.0,507,191483.88421764,1757388943.9144793,2669.0,0.0010000000474974513,0.16619990766048431,0.1605256050825119,0.01891430839896202,,,,
24.0,508,192099.47495976,1757389559.5043354,2679.0,0.0010000000474974513,0.1581009477376938,0.15229392051696777,0.01935679465532303,,,,
24.0,509,192716.120529099,1757390176.1505027,2689.0,0.0010000000474974513,0.16381339728832245,0.1582762598991394,0.01845712587237358,,,,
24.0,510,193336.258155889,1757390796.288188,2699.0,0.0010000000474974513,0.16072799265384674,0.15500637888908386,0.019072026014328003,,,,
24.0,511,193953.649517657,1757391413.679861,2709.0,0.0010000000474974513,0.1591947376728058,0.15352454781532288,0.01890065148472786,,,,
24.0,512,194569.332261647,1757392029.3624594,2719.0,0.0010000000474974513,0.1653684377670288,0.15970000624656677,0.018894735723733902,,,,
24.0,513,195187.539877354,1757392647.570169,2729.0,0.0010000000474974513,0.1640368402004242,0.15828341245651245,0.019178085029125214,,,,
24.0,514,195802.557220201,1757393262.5877154,2739.0,0.0010000000474974513,0.15980419516563416,0.15419578552246094,0.018694719299674034,,,,
24.0,515,196419.38425536,1757393879.4144511,2749.0,0.0010000000474974513,0.15814875066280365,0.15246973931789398,0.018930068239569664,,,,
24.0,516,196989.2814266,1757394449.3116403,2759.0,0.0010000000474974513,0.16574347019195557,0.16006895899772644,0.01891501061618328,,,,
24.0,517,197500.034587409,1757394960.0646462,2769.0,0.0010000000474974513,0.16403895616531372,0.15833717584609985,0.01900593750178814,,,,
,518,198656.851168849,1757396116.8817284,,,,,,,,,
,519,198658.056133762,1757396118.0867715,,,,,,,,,
,520,198658.061757075,1757396118.0923307,,,,,,,,,0.0124935582280159
,521,198658.275706958,1757396118.306334,,,,,,,,,
24.0,522,198658.278411729,1757396118.3089466,2774.0,,,,,0.48125261068344116,0.002144208876416087,0.44882649183273315,
,523,198658.88473932,1757396118.9153428,,,,,,,,,
,524,198660.066847549,1757396120.0974631,,,,,,,,,
,525,198660.073341346,1757396120.103925,,,,,,,,,
,526,198660.29477079,1757396120.3253949,,,,,,,,,
24.0,527,198668.308945092,1757396128.3355887,2774.0,,,,,,,,
25.0,528,199343.651325316,1757396803.6812284,2779.0,0.0010000000474974513,0.16140931844711304,0.15570034086704254,0.019029919058084488,,,,
25.0,529,199960.585387965,1757397420.6153796,2789.0,0.0010000000474974513,0.1531636118888855,0.14767123758792877,0.01830790378153324,,,,
25.0,530,200579.171401033,1757398039.201741,2799.0,0.0010000000474974513,0.16274531185626984,0.15691733360290527,0.0194266177713871,,,,
25.0,531,201194.610090881,1757398654.639822,2809.0,0.0010000000474974513,0.1586356908082962,0.15312841534614563,0.01835758239030838,,,,
25.0,532,201809.637453643,1757399269.667657,2819.0,0.0010000000474974513,0.16152530908584595,0.15566310286521912,0.019540710374712944,,,,
25.0,533,202426.35649578,1757399886.3869216,2829.0,0.0010000000474974513,0.16024437546730042,0.15474966168403625,0.018315698951482773,,,,
25.0,534,203046.341855345,1757400506.371934,2839.0,0.0010000000474974513,0.1568196713924408,0.15116560459136963,0.018846891820430756,,,,
25.0,535,203660.944736952,1757401120.975071,2849.0,0.0010000000474974513,0.15786248445510864,0.15227386355400085,0.01862868294119835,,,,
25.0,536,204275.570163776,1757401735.6001852,2859.0,0.0010000000474974513,0.15913675725460052,0.15341071784496307,0.0190868116915226,,,,
25.0,537,204854.412578483,1757402314.4427145,2869.0,0.0010000000474974513,0.1609407365322113,0.15531706809997559,0.01874559000134468,,,,
25.0,538,205364.897229823,1757402824.9275963,2879.0,0.0010000000474974513,0.15614359080791473,0.1505833864212036,0.018534015864133835,,,,
,539,206583.332162189,1757404043.3626957,,,,,,,,,
,540,206584.495753118,1757404044.5263665,,,,,,,,,
,541,206584.500648912,1757404044.531209,,,,,,,,,-0.024521831423044205
,542,206584.709448691,1757404044.7400959,,,,,,,,,
25.0,543,206584.714044705,1757404044.744586,2885.0,,,,,1.382351279258728,-0.020252231508493423,1.3494079113006592,
,544,206585.321925349,1757404045.3525326,,,,,,,,,
,545,206586.492696248,1757404046.5233405,,,,,,,,,
,546,206586.499151826,1757404046.5297024,,,,,,,,,
,547,206586.706012086,1757404046.7366245,,,,,,,,,
25.0,548,206595.182436345,1757404055.2084265,2885.0,,,,,,,,
26.0,549,207213.352228686,1757404673.382369,2889.0,0.0010000000474974513,0.15738201141357422,0.15164050459861755,0.0191383957862854,,,,
26.0,550,207832.069725799,1757405292.0998151,2899.0,0.0010000000474974513,0.15191830694675446,0.1463029533624649,0.01871786266565323,,,,
26.0,551,208451.632849768,1757405911.6625984,2909.0,0.0010000000474974513,0.1565972864627838,0.15089541673660278,0.019006237387657166,,,,
26.0,552,209067.552278037,1757406527.5821083,2919.0,0.0010000000474974513,0.15878893435001373,0.1531490534543991,0.018799612298607826,,,,
26.0,553,209685.328064138,1757407145.3582978,2929.0,0.0010000000474974513,0.15719006955623627,0.15155039727687836,0.018798962235450745,,,,
26.0,554,210302.090053134,1757407762.1204736,2939.0,0.0010000000474974513,0.15413165092468262,0.14862436056137085,0.01835762709379196,,,,
26.0,555,210914.246292175,1757408374.276722,2949.0,0.0010000000474974513,0.15721064805984497,0.15165522694587708,0.018518056720495224,,,,
26.0,556,211530.274841331,1757408990.3049533,2959.0,0.0010000000474974513,0.14820854365825653,0.14255797863006592,0.01883523166179657,,,,
26.0,557,212147.760719759,1757409607.7908182,2969.0,0.0010000000474974513,0.1523074209690094,0.14672644436359406,0.0186032522469759,,,,
26.0,558,212738.916443059,1757410198.9467185,2979.0,0.0010000000474974513,0.14900541305541992,0.14316286146640778,0.019475186243653297,,,,
26.0,559,213247.952355091,1757410707.9826272,2989.0,0.0010000000474974513,0.15884268283843994,0.15324775874614716,0.018649719655513763,,,,
,560,214512.724394941,1757411972.7549598,,,,,,,,,
,561,214513.938234755,1757411973.9688535,,,,,,,,,
,562,214513.943991267,1757411973.974524,,,,,,,,,-0.011183258146047592
,563,214514.149075447,1757411974.1797016,,,,,,,,,
26.0,564,214514.692831978,1757411974.7232642,2996.0,,,,,0.22163905203342438,-0.01058637909591198,0.1878742277622223,
,565,214515.300829236,1757411975.3314369,,,,,,,,,
,566,214516.445301944,1757411976.4759429,,,,,,,,,
,567,214516.451827212,1757411976.482393,,,,,,,,,
,568,214516.661203672,1757411976.6918464,,,,,,,,,
26.0,569,214524.586983193,1757411984.6132278,2996.0,,,,,,,,
27.0,570,215078.773564847,1757412538.80314,2999.0,0.0010000000474974513,0.1486973613500595,0.14303240180015564,0.018883228302001953,,,,
27.0,571,215696.333311605,1757413156.3638318,3009.0,0.0010000000474974513,0.1592830866575241,0.15366968512535095,0.018711334094405174,,,,
27.0,572,216311.407775926,1757413771.4379978,3019.0,0.0010000000474974513,0.15086901187896729,0.14531177282333374,0.018524140119552612,,,,
27.0,573,216926.862855703,1757414386.892889,3029.0,0.0010000000474974513,0.15557821094989777,0.15008148550987244,0.0183224119246006,,,,
27.0,574,217543.225973051,1757415003.2563345,3039.0,0.0010000000474974513,0.14573833346366882,0.14035159349441528,0.01795579120516777,,,,
27.0,575,218160.385935517,1757415620.4158885,3049.0,0.0010000000474974513,0.14705614745616913,0.14148962497711182,0.018555067479610443,,,,
27.0,576,218774.675113833,1757416234.7053962,3059.0,0.0010000000474974513,0.14845964312553406,0.14286214113235474,0.01865830272436142,,,,
27.0,577,219389.585001855,1757416849.6148226,3069.0,0.0010000000474974513,0.14316405355930328,0.13758331537246704,0.01860245130956173,,,,
27.0,578,220003.786017481,1757417463.8163955,3079.0,0.0010000000474974513,0.14311818778514862,0.13742953538894653,0.018962189555168152,,,,
27.0,579,220603.195123783,1757418063.2251675,3089.0,0.0010000000474974513,0.15225808322429657,0.14659811556339264,0.01886657066643238,,,,
27.0,580,221115.532131939,1757418575.562374,3099.0,0.0010000000474974513,0.14995068311691284,0.14403009414672852,0.019735313951969147,,,,
,581,222435.927816629,1757419895.9584072,,,,,,,,,
,582,222437.083415732,1757419897.1140556,,,,,,,,,
,583,222437.088970537,1757419897.1195235,,,,,,,,,-0.0178973488509655
,584,222437.29883672,1757419897.3294916,,,,,,,,,
27.0,585,222437.301588707,1757419897.332126,3107.0,,,,,0.11407506465911865,-0.015552939847111702,0.08040284365415573,
,586,222437.903830423,1757419897.9344628,,,,,,,,,
,587,222439.143087267,1757419899.1736355,,,,,,,,,
,588,222439.149461776,1757419899.1800332,,,,,,,,,
,589,222439.355574074,1757419899.386234,,,,,,,,,
27.0,590,222451.651953567,1757419911.678126,3107.0,,,,,,,,
28.0,591,222938.593273324,1757420398.6222017,3109.0,0.0010000000474974513,0.15192627906799316,0.14625918865203857,0.01889032870531082,,,,
28.0,592,223557.346086242,1757421017.3763192,3119.0,0.0010000000474974513,0.1511930525302887,0.1455264389514923,0.01888871379196644,,,,
28.0,593,224173.695974241,1757421633.726093,3129.0,0.0010000000474974513,0.14485983550548553,0.1393095701932907,0.018500911071896553,,,,
28.0,594,224786.829148802,1757422246.858907,3139.0,0.0010000000474974513,0.1455601006746292,0.14008979499340057,0.01823432743549347,,,,
28.0,595,225400.466951861,1757422860.496531,3149.0,0.0010000000474974513,0.1500939577817917,0.14450088143348694,0.018643585965037346,,,,
28.0,596,226013.317300981,1757423473.3472557,3159.0,0.0010000000474974513,0.1462445706129074,0.14072659611701965,0.018393298611044884,,,,
28.0,597,226628.887360596,1757424088.9173145,3169.0,0.0010000000474974513,0.14631807804107666,0.14073044061660767,0.018625406548380852,,,,
28.0,598,227243.874267231,1757424703.90446,3179.0,0.0010000000474974513,0.14237013459205627,0.13674518465995789,0.018749814480543137,,,,
28.0,599,227859.799139777,1757425319.829045,3189.0,0.0010000000474974513,0.14130625128746033,0.13557016849517822,0.019120236858725548,,,,
28.0,600,228474.039331071,1757425934.0691116,3199.0,0.0010000000474974513,0.14710339903831482,0.141448974609375,0.018848050385713577,,,,
28.0,601,228985.260954896,1757426445.2910755,3209.0,0.0010000000474974513,0.14280840754508972,0.13714705407619476,0.01887117326259613,,,,
,602,230351.382173928,1757427811.412745,,,,,,,,,
,603,230352.479495366,1757427812.5101357,,,,,,,,,
,604,230352.485151146,1757427812.5157208,,,,,,,,,-0.008564941585063934
,605,230352.696492079,1757427812.7271461,,,,,,,,,
28.0,606,230352.699157378,1757427812.729691,3218.0,,,,,0.2868724763393402,-0.006767719518393278,0.2563045620918274,
,607,230353.301270169,1757427813.3318617,,,,,,,,,
,608,230354.469937238,1757427814.500549,,,,,,,,,
,609,230354.476147461,1757427814.5067363,,,,,,,,,
,610,230354.682002877,1757427814.712628,,,,,,,,,
28.0,611,230363.70190122,1757427823.7280993,3218.0,,,,,,,,
29.0,612,230808.064101971,1757428268.0942981,3219.0,0.0010000000474974513,0.14384400844573975,0.13838714361190796,0.018189553171396255,,,,
29.0,613,231416.220476818,1757428876.25061,3229.0,0.0010000000474974513,0.14700588583946228,0.1415310949087143,0.01824929751455784,,,,
29.0,614,232031.711466707,1757429491.7413678,3239.0,0.0010000000474974513,0.1456979215145111,0.14022356271743774,0.018247870728373528,,,,
29.0,615,232648.836560214,1757430108.8665254,3249.0,0.0010000000474974513,0.14308162033557892,0.13759668171405792,0.018283098936080933,,,,
29.0,616,233264.014831302,1757430724.0449178,3259.0,0.0010000000474974513,0.13517656922340393,0.1296490579843521,0.018425073474645615,,,,
29.0,617,233880.495649722,1757431340.5258114,3269.0,0.0010000000474974513,0.1501789093017578,0.14437058568000793,0.01936107873916626,,,,
29.0,618,234496.157821936,1757431956.1881437,3279.0,0.0010000000474974513,0.1458078920841217,0.14008888602256775,0.019063390791416168,,,,
29.0,619,235109.413080155,1757432569.443038,3289.0,0.0010000000474974513,0.14572826027870178,0.14018306136131287,0.018483966588974,,,,
29.0,620,235721.909000378,1757433181.93919,3299.0,0.0010000000474974513,0.14284372329711914,0.13731706142425537,0.018422193825244904,,,,
29.0,621,236336.689663465,1757433796.71945,3309.0,0.0010000000474974513,0.144745334982872,0.1393340826034546,0.018037455156445503,,,,
29.0,622,236853.290015971,1757434313.3201098,3319.0,0.0010000000474974513,0.13948631286621094,0.13381646573543549,0.018899472430348396,,,,
29.0,623,237354.123394407,1757434814.1532652,3329.0,0.0010000000474974513,0.14204417169094086,0.13649384677410126,0.018501097336411476,,,,
,624,238272.809236573,1757435732.8397987,,,,,,,,,
,625,238273.927219396,1757435733.9578545,,,,,,,,,
,626,238273.932583849,1757435733.963147,,,,,,,,,-0.02629365772008896
,627,238274.142613073,1757435734.173257,,,,,,,,,
29.0,628,238274.251327152,1757435734.2818203,3329.0,,,,,1.394078254699707,-0.03143104538321495,1.3636618852615356,
,629,238274.836831727,1757435734.8674684,,,,,,,,,
,630,238276.001436508,1757435736.0320807,,,,,,,,,
,631,238276.007681952,1757435736.038241,,,,,,,,,
,632,238276.217874382,1757435736.2484777,,,,,,,,,
29.0,633,238284.120209578,1757435744.1470127,3329.0,,,,,,,,
30.0,634,239273.948563122,1757436733.9788644,3339.0,0.0010000000474974513,0.14629971981048584,0.14057284593582153,0.019089573994278908,,,,
30.0,635,239886.899836275,1757437346.9300368,3349.0,0.0010000000474974513,0.14012973010540009,0.13456131517887115,0.01856137625873089,,,,
30.0,636,240502.301835121,1757437962.331559,3359.0,0.0010000000474974513,0.14370785653591156,0.13814568519592285,0.018540579825639725,,,,
30.0,637,241115.442466529,1757438575.4722278,3369.0,0.0010000000474974513,0.14179466664791107,0.13598859310150146,0.019353628158569336,,,,
30.0,638,241731.593031944,1757439191.6227655,3379.0,0.0010000000474974513,0.13948146998882294,0.1340763419866562,0.01801709458231926,,,,
30.0,639,242346.34825811,1757439806.3787663,3389.0,0.0010000000474974513,0.14357976615428925,0.13797970116138458,0.018666846677660942,,,,
30.0,640,242964.735584665,1757440424.7654402,3399.0,0.0010000000474974513,0.14100253582000732,0.13531462848186493,0.018959639593958855,,,,
30.0,641,243580.728254462,1757441040.7576191,3409.0,0.0010000000474974513,0.13523176312446594,0.12987133860588074,0.01786809414625168,,,,
30.0,642,244194.763631505,1757441654.7936413,3419.0,0.0010000000474974513,0.13756980001926422,0.1319965422153473,0.018577592447400093,,,,
30.0,643,244722.649792025,1757442182.6791978,3429.0,0.0010000000474974513,0.13368377089500427,0.12817126512527466,0.01837499812245369,,,,
30.0,644,245232.796143218,1757442692.825453,3439.0,0.0010000000474974513,0.14165642857551575,0.1359107345342636,0.01915227621793747,,,,
,645,246192.348960967,1757443652.3757944,,,,,,,,,
,646,246193.458661219,1757443653.4893074,,,,,,,,,
,647,246193.464452216,1757443653.4950085,,,,,,,,,-0.004953260067850351
,648,246193.673838342,1757443653.7044885,,,,,,,,,
30.0,649,246193.696200304,1757443653.7267442,3440.0,,,,,0.10658127814531326,-0.007366235833615065,0.07588368654251099,
,650,246194.327016544,1757443654.350751,,,,,,,,,
,651,246195.461693652,1757443655.4922855,,,,,,,,,
,652,246195.467849416,1757443655.4984078,,,,,,,,,
,653,246195.674819113,1757443655.7054768,,,,,,,,,
30.0,654,246207.805638946,1757443667.831764,3440.0,,,,,,,,
31.0,655,247128.631252816,1757444588.661469,3449.0,0.0010000000474974513,0.14433960616588593,0.13874709606170654,0.018641717731952667,,,,
31.0,656,247743.948885698,1757445203.9787526,3459.0,0.0010000000474974513,0.13526292145252228,0.12984508275985718,0.018059439957141876,,,,
31.0,657,248362.158236474,1757445822.1879003,3469.0,0.0010000000474974513,0.13893096148967743,0.13323082029819489,0.019000453874468803,,,,
31.0,658,248977.291072596,1757446437.320756,3479.0,0.0010000000474974513,0.13405060768127441,0.12846754491329193,0.018610142171382904,,,,
31.0,659,249591.766601789,1757447051.797046,3489.0,0.0010000000474974513,0.1399180293083191,0.13411200046539307,0.019353406503796577,,,,
31.0,660,250206.992393198,1757447667.0220437,3499.0,0.0010000000474974513,0.13576358556747437,0.13022980093955994,0.01844596117734909,,,,
31.0,661,250822.713414514,1757448282.7432728,3509.0,0.0010000000474974513,0.13278888165950775,0.12721647322177887,0.018574737012386322,,,,
31.0,662,251436.052173669,1757448896.0822387,3519.0,0.0010000000474974513,0.13580381870269775,0.13018658757209778,0.01872408017516136,,,,
31.0,663,252052.721812464,1757449512.7515855,3529.0,0.0010000000474974513,0.13438469171524048,0.12874507904052734,0.018798744305968285,,,,
31.0,664,252589.535600017,1757450049.5656765,3539.0,0.0010000000474974513,0.13084766268730164,0.12523794174194336,0.018699051812291145,,,,
31.0,665,253098.7322996,1757450558.7624507,3549.0,0.0010000000474974513,0.13249042630195618,0.12694166600704193,0.0184958316385746,,,,
,666,254108.069079062,1757451568.0996058,,,,,,,,,
,667,254109.417263862,1757451569.4479065,,,,,,,,,
,668,254109.422548222,1757451569.4531314,,,,,,,,,-0.030502445995807648
,669,254109.630419354,1757451569.661077,,,,,,,,,
31.0,670,254109.633158057,1757451569.6637187,3551.0,,,,,0.5843220353126526,-0.022205382585525513,0.5519548058509827,
,671,254110.23482607,1757451570.265446,,,,,,,,,
,672,254111.375257108,1757451571.4058774,,,,,,,,,
,673,254111.381546981,1757451571.4121313,,,,,,,,,
,674,254111.587641988,1757451571.6182904,,,,,,,,,
31.0,675,254120.099888683,1757451580.1261992,3551.0,,,,,,,,
32.0,676,254981.285804461,1757452441.3159516,3559.0,0.0010000000474974513,0.13470257818698883,0.1290912628173828,0.018704384565353394,,,,
32.0,677,255596.431980478,1757453056.461249,3569.0,0.0010000000474974513,0.12948884069919586,0.1238890290260315,0.01866605132818222,,,,
32.0,678,256212.828430305,1757453672.8582375,3579.0,0.0010000000474974513,0.13337653875350952,0.12773637473583221,0.018800560384988785,,,,
32.0,679,256828.478953131,1757454288.5089417,3589.0,0.0010000000474974513,0.13132928311824799,0.12581536173820496,0.01837971806526184,,,,
32.0,680,257446.84832255,1757454906.8788526,3599.0,0.0010000000474974513,0.13210836052894592,0.12648296356201172,0.018751299008727074,,,,
32.0,681,258062.364543232,1757455522.3945491,3609.0,0.0010000000474974513,0.12987014651298523,0.12429143488407135,0.01859564520418644,,,,
32.0,682,258678.837326979,1757456138.8677886,3619.0,0.0010000000474974513,0.12069842219352722,0.11522811651229858,0.018234355375170708,,,,
32.0,683,259294.307730354,1757456754.3382244,3629.0,0.0010000000474974513,0.12671330571174622,0.12115298956632614,0.018534395843744278,,,,
32.0,684,259910.426041162,1757457370.4559426,3639.0,0.0010000000474974513,0.1308927834033966,0.12546996772289276,0.018076041713356972,,,,
32.0,685,260458.702743756,1757457918.7330213,3649.0,0.0010000000474974513,0.12748070061206818,0.1220107227563858,0.01823326386511326,,,,
32.0,686,260969.237661376,1757458429.2670422,3659.0,0.0010000000474974513,0.12873804569244385,0.12315414845943451,0.01861301250755787,,,,
,687,262026.666277736,1757459486.6968272,,,,,,,,,
,688,262027.806837759,1757459487.8374674,,,,,,,,,
,689,262027.812618426,1757459487.8431854,,,,,,,,,0.0019725305028259754
,690,262028.020569814,1757459488.0512192,,,,,,,,,
32.0,691,262028.02342861,1757459488.0539384,3662.0,,,,,0.15794534981250763,-0.004152093548327684,0.12545005977153778,
,692,262028.623384626,1757459488.6539824,,,,,,,,,
,693,262029.762359683,1757459489.7929657,,,,,,,,,
,694,262029.768411856,1757459489.7989912,,,,,,,,,
,695,262029.974565167,1757459490.005162,,,,,,,,,
32.0,696,262037.829411969,1757459497.8552773,3662.0,,,,,,,,
33.0,697,262839.928102598,1757460299.9575276,3669.0,0.0010000000474974513,0.1308554708957672,0.12547095119953156,0.01794843003153801,,,,
33.0,698,263455.985292386,1757460916.0151079,3679.0,0.0010000000474974513,0.12215584516525269,0.11658568680286407,0.018567200750112534,,,,
33.0,699,264070.58069435,1757461530.6103704,3689.0,0.0010000000474974513,0.12592437863349915,0.12045463919639587,0.01823246106505394,,,,
33.0,700,264685.929414019,1757462145.9595032,3699.0,0.0010000000474974513,0.12739582359790802,0.12199817597866058,0.0179921705275774,,,,
33.0,701,265302.497663909,1757462762.5272448,3709.0,0.0010000000474974513,0.12748602032661438,0.1220468282699585,0.018130673095583916,,,,
33.0,702,265921.468640251,1757463381.4980962,3719.0,0.0010000000474974513,0.1251159906387329,0.1197490245103836,0.017889900133013725,,,,
33.0,703,266538.821064853,1757463998.8510458,3729.0,0.0010000000474974513,0.12306129932403564,0.11763519048690796,0.01808704063296318,,,,
33.0,704,267155.957829064,1757464615.988325,3739.0,0.0010000000474974513,0.12793859839439392,0.12242396175861359,0.018382098525762558,,,,
33.0,705,267771.490059575,1757465231.5203228,3749.0,0.0010000000474974513,0.12543979287147522,0.11998766660690308,0.018173713237047195,,,,
33.0,706,268330.070211262,1757465790.1001678,3759.0,0.0010000000474974513,0.12194733321666718,0.11636363714933395,0.01861228607594967,,,,
33.0,707,268839.700865242,1757466299.731328,3769.0,0.0010000000474974513,0.1203896626830101,0.11485543847084045,0.018447399139404297,,,,
,708,269951.682189165,1757467411.7127826,,,,,,,,,
,709,269952.884872994,1757467412.9154541,,,,,,,,,
,710,269952.890590362,1757467412.921156,,,,,,,,,0.00990223977714777
,711,269953.101521362,1757467413.1321692,,,,,,,,,
33.0,712,269953.109790801,1757467413.1403232,3773.0,,,,,0.3787585496902466,0.010569454170763493,0.3434338867664337,
,713,269953.710633629,1757467413.7412324,,,,,,,,,
,714,269954.871390615,1757467414.9019966,,,,,,,,,
,715,269954.877970466,1757467414.908527,,,,,,,,,
,716,269955.087564472,1757467415.118209,,,,,,,,,
33.0,717,269963.756679455,1757467423.7829323,3773.0,,,,,,,,
34.0,718,270694.620645907,1757468154.6510913,3779.0,0.0010000000474974513,0.12163150310516357,0.11619175970554352,0.018132496625185013,,,,
34.0,719,271312.13542529,1757468772.1656961,3789.0,0.0010000000474974513,0.12599343061447144,0.12049718201160431,0.01832081936299801,,,,
34.0,720,271929.85324447,1757469389.8834047,3799.0,0.0010000000474974513,0.12810856103897095,0.12222710251808167,0.01960482820868492,,,,
34.0,721,272545.145944896,1757470005.1757538,3809.0,0.0010000000474974513,0.12210805714130402,0.11669488996267319,0.01804388128221035,,,,
34.0,722,273160.509649364,1757470620.5398972,3819.0,0.0010000000474974513,0.12424717843532562,0.1186937615275383,0.018511369824409485,,,,
34.0,723,273776.466644339,1757471236.4970872,3829.0,0.0010000000474974513,0.12245461344718933,0.11707712709903717,0.01792498305439949,,,,
34.0,724,274391.572215286,1757471851.6022072,3839.0,0.0010000000474974513,0.1228812113404274,0.11745155602693558,0.01809884048998356,,,,
34.0,725,275008.945014021,1757472468.9750462,3849.0,0.0010000000474974513,0.12268110364675522,0.11727208644151688,0.01803002506494522,,,,
34.0,726,275623.574013692,1757473083.6040359,3859.0,0.0010000000474974513,0.1203848347067833,0.11509909480810165,0.01761915162205696,,,,
34.0,727,276192.531334466,1757473652.5614326,3869.0,0.0010000000474974513,0.1187562644481659,0.11320752650499344,0.018495779484510422,,,,
34.0,728,276704.189239611,1757474164.218573,3879.0,0.0010000000474974513,0.1219974160194397,0.11661700904369354,0.017934687435626984,,,,
,729,277865.984855476,1757475326.0154834,,,,,,,,,
,730,277867.162933199,1757475327.1935427,,,,,,,,,
,731,277867.168126266,1757475327.1987116,,,,,,,,,0.005269492045044899
,732,277867.37506978,1757475327.4057262,,,,,,,,,
34.0,733,277867.377750206,1757475327.4082434,3884.0,,,,,0.769070565700531,-0.0038285593036562204,0.7357184886932373,
,734,277867.980413538,1757475328.011057,,,,,,,,,
,735,277869.157137936,1757475329.1877813,,,,,,,,,
,736,277869.163306656,1757475329.193869,,,,,,,,,
,737,277869.367082376,1757475329.3976996,,,,,,,,,
34.0,738,277877.893166309,1757475337.9191287,3884.0,,,,,,,,
35.0,739,278556.102851095,1757476016.1327868,3889.0,0.0010000000474974513,0.12266764044761658,0.11716665327548981,0.018336618319153786,,,,
35.0,740,279172.324186759,1757476632.3545027,3899.0,0.0010000000474974513,0.11630403250455856,0.11094336211681366,0.01786891743540764,,,,
35.0,741,279787.253006155,1757477247.2830405,3909.0,0.0010000000474974513,0.12002024054527283,0.11472225189208984,0.01765991933643818,,,,
35.0,742,280402.00281625,1757477862.0328188,3919.0,0.0010000000474974513,0.11531015485525131,0.10995960235595703,0.017835184931755066,,,,
35.0,743,281016.143541004,1757478476.173032,3929.0,0.0010000000474974513,0.12084230035543442,0.11543692648410797,0.018017906695604324,,,,
35.0,744,281632.84303676,1757479092.8731253,3939.0,0.0010000000474974513,0.11866356432437897,0.1129770427942276,0.01895507238805294,,,,
35.0,745,282247.366926646,1757479707.3970666,3949.0,0.0010000000474974513,0.11759329587221146,0.11203471571207047,0.018528617918491364,,,,
35.0,746,282861.32384568,1757480321.35375,3959.0,0.0010000000474974513,0.11879059672355652,0.11330905556678772,0.018271835520863533,,,,
35.0,747,283478.283812599,1757480938.313251,3969.0,0.0010000000474974513,0.1170540601015091,0.11157926917076111,0.018249299377202988,,,,
35.0,748,284058.60938392,1757481518.6384041,3979.0,0.0010000000474974513,0.11851190030574799,0.11293824017047882,0.01857883855700493,,,,
35.0,749,284570.054224638,1757482030.0840833,3989.0,0.0010000000474974513,0.11949454993009567,0.11398389935493469,0.018368853256106377,,,,
,750,285786.802631088,1757483246.8332386,,,,,,,,,
,751,285787.975842395,1757483248.0064642,,,,,,,,,
,752,285787.980870957,1757483248.0114589,,,,,,,,,-0.010281316004693508
,753,285788.18879276,1757483248.2194216,,,,,,,,,
35.0,754,285788.233918764,1757483248.2644706,3995.0,,,,,0.8852013349533081,-0.016802048310637474,0.8518772721290588,
,755,285788.828833568,1757483248.8594751,,,,,,,,,
,756,285790.029117718,1757483250.0597425,,,,,,,,,
,757,285790.035256187,1757483250.0658538,,,,,,,,,
,758,285790.242695515,1757483250.2733424,,,,,,,,,
35.0,759,285798.134827745,1757483258.1611097,3995.0,,,,,,,,
36.0,760,286417.797036838,1757483877.826995,3999.0,0.0010000000474974513,0.114042729139328,0.10860344767570496,0.018130971118807793,,,,
36.0,761,287032.61041358,1757484492.640374,4009.0,0.0010000000474974513,0.11422322690486908,0.1088024228811264,0.018069375306367874,,,,
36.0,762,287647.24205759,1757485107.2723753,4019.0,0.0010000000474974513,0.11671414226293564,0.11120922118425369,0.01834973506629467,,,,
36.0,763,288262.727705447,1757485722.757639,4029.0,0.0010000000474974513,0.11413121223449707,0.10834445059299469,0.019289186224341393,,,,
36.0,764,288879.567235384,1757486339.5971684,4039.0,0.0010000000474974513,0.11243081837892532,0.10676304996013641,0.01889253780245781,,,,
36.0,765,289496.596416981,1757486956.6262689,4049.0,0.0010000000474974513,0.11325099319219589,0.10776390135288239,0.018290307372808456,,,,
36.0,766,290109.446753181,1757487569.476736,4059.0,0.0010000000474974513,0.11706678569316864,0.11160009354352951,0.01822230964899063,,,,
36.0,767,290726.075571004,1757488186.1055958,4069.0,0.0010000000474974513,0.1142355427145958,0.10876725614070892,0.01822763681411743,,,,
36.0,768,291340.337905696,1757488800.367974,4079.0,0.0010000000474974513,0.11551012098789215,0.11007584631443024,0.018114261329174042,,,,
36.0,769,291928.433564208,1757489388.463382,4089.0,0.0010000000474974513,0.1145351380109787,0.10914631187915802,0.017962757498025894,,,,
36.0,770,292439.495149998,1757489899.5252004,4099.0,0.0010000000474974513,0.11031728982925415,0.10499564558267593,0.017738807946443558,,,,
,771,293701.404929666,1757491161.4355185,,,,,,,,,
,772,293702.610998112,1757491162.6416023,,,,,,,,,
,773,293702.616486599,1757491162.6470447,,,,,,,,,-0.015145508572459221
,774,293702.823576066,1757491162.8542016,,,,,,,,,
36.0,775,293702.82620338,1757491162.8567562,4106.0,,,,,0.18893656134605408,-0.008946784771978855,0.15183812379837036,
,776,293703.427205269,1757491163.4578137,,,,,,,,,
,777,293704.60860088,1757491164.6392457,,,,,,,,,
,778,293704.615077961,1757491164.6456406,,,,,,,,,
,779,293704.821782725,1757491164.8524234,,,,,,,,,
36.0,780,293713.953771018,1757491173.979951,4106.0,,,,,,,,
37.0,781,294264.763439055,1757491724.7936542,4109.0,0.0010000000474974513,0.11101949959993362,0.10550373792648315,0.01838590018451214,,,,
37.0,782,294879.936043861,1757492339.966264,4119.0,0.0010000000474974513,0.11110112816095352,0.1056830883026123,0.018060117959976196,,,,
37.0,783,295495.314747012,1757492955.3449984,4129.0,0.0010000000474974513,0.11284593492746353,0.10722896456718445,0.0187232568860054,,,,
37.0,784,296110.723799061,1757493570.7539,4139.0,0.0010000000474974513,0.11048623919487,0.10515652596950531,0.017765704542398453,,,,
37.0,785,296728.057654637,1757494188.0875268,4149.0,0.0010000000474974513,0.11682575941085815,0.11132287979125977,0.01834293082356453,,,,
37.0,786,297344.206200374,1757494804.2362807,4159.0,0.0010000000474974513,0.10494641959667206,0.09966114163398743,0.01761758327484131,,,,
37.0,787,297961.282411957,1757495421.3123372,4169.0,0.0010000000474974513,0.10656969994306564,0.10102620720863342,0.018478313460946083,,,,
37.0,788,298575.98461283,1757496036.014462,4179.0,0.0010000000474974513,0.1112743616104126,0.10571247339248657,0.018539639189839363,,,,
37.0,789,299192.56980325,1757496652.5996609,4189.0,0.0010000000474974513,0.11146056652069092,0.10583388805389404,0.018755566328763962,,,,
37.0,790,299790.761459836,1757497250.7913802,4199.0,0.0010000000474974513,0.11029152572154999,0.10502822697162628,0.017544297501444817,,,,
37.0,791,300301.04720058,1757497761.0773733,4209.0,0.0010000000474974513,0.1108522117137909,0.10554053634405136,0.017705582082271576,,,,
,792,301613.656727374,1757499073.687362,,,,,,,,,
,793,301614.886836405,1757499074.9174752,,,,,,,,,
,794,301614.891841169,1757499074.9224358,,,,,,,,,0.0006382175488397479
,795,301615.09613857,1757499075.126791,,,,,,,,,
37.0,796,301615.098823978,1757499075.129385,4217.0,,,,,1.7366268634796143,0.0011441491078585386,1.7039330005645752,
,797,301615.690413912,1757499075.7210162,,,,,,,,,
,798,301617.389135257,1757499077.41978,,,,,,,,,
,799,301617.395164574,1757499077.4257412,,,,,,,,,
,800,301617.597391554,1757499077.6280413,,,,,,,,,
37.0,801,301625.424595054,1757499085.4515612,4217.0,,,,,,,,
38.0,802,302115.616136904,1757499575.6462877,4219.0,0.0010000000474974513,0.1077686995267868,0.10243329405784607,0.017784686759114265,,,,
38.0,803,302727.766986898,1757500187.7969937,4229.0,0.0010000000474974513,0.11302100121974945,0.10751974582672119,0.018337517976760864,,,,
38.0,804,303342.315136919,1757500802.3452847,4239.0,0.0010000000474974513,0.10632097721099854,0.10106062889099121,0.017534492537379265,,,,
38.0,805,303959.518031444,1757501419.5484,4249.0,0.0010000000474974513,0.11257512122392654,0.10723733901977539,0.017792601138353348,,,,
38.0,806,304573.624322437,1757502033.654311,4259.0,0.0010000000474974513,0.10863367468118668,0.10321427881717682,0.018064621835947037,,,,
38.0,807,305185.85393452,1757502645.8841996,4269.0,0.0010000000474974513,0.1096801832318306,0.10424605011940002,0.01811378076672554,,,,
38.0,808,305800.475179127,1757503260.5055153,4279.0,0.0010000000474974513,0.11081400513648987,0.10535615682601929,0.01819285750389099,,,,
38.0,809,306414.733104462,1757503874.763481,4289.0,0.0010000000474974513,0.11277414858341217,0.10751095414161682,0.017543975263834,,,,
38.0,810,307033.216465825,1757504493.2465844,4299.0,0.0010000000474974513,0.10608530044555664,0.10071796178817749,0.017891112715005875,,,,
38.0,811,307643.046318473,1757505103.0762248,4309.0,0.0010000000474974513,0.10730887949466705,0.1019582524895668,0.017835434526205063,,,,
38.0,812,308153.608538679,1757505613.6386745,4319.0,0.0010000000474974513,0.10494449734687805,0.09955796599388123,0.017955128103494644,,,,
,813,309515.286390169,1757506975.3170128,,,,,,,,,
,814,309516.548247792,1757506976.5788612,,,,,,,,,
,815,309516.553462628,1757506976.5840435,,,,,,,,,0.009077067486941814
,816,309516.758112764,1757506976.78872,,,,,,,,,
38.0,817,309516.760832967,1757506976.791413,4328.0,,,,,1.2378044128417969,0.00757435942068696,1.2017896175384521,
,818,309517.35026798,1757506977.3809106,,,,,,,,,
,819,309518.669169014,1757506978.6997752,,,,,,,,,
,820,309518.675247276,1757506978.7057962,,,,,,,,,
,821,309518.876698365,1757506978.9073243,,,,,,,,,
38.0,822,309527.07734963,1757506987.1044445,4328.0,,,,,,,,
39.0,823,309963.592131729,1757507423.6224158,4329.0,0.0010000000474974513,0.10537246614694595,0.09996910393238068,0.018011201173067093,,,,
39.0,824,310572.600908496,1757508032.6309986,4339.0,0.0010000000474974513,0.09927035123109818,0.09390939027070999,0.01786987856030464,,,,
39.0,825,311187.658922128,1757508647.6890378,4349.0,0.0010000000474974513,0.10219710320234299,0.09681110084056854,0.017953353002667427,,,,
39.0,826,311802.503653187,1757509262.5339026,4359.0,0.0010000000474974513,0.10675768554210663,0.10131627321243286,0.01813804917037487,,,,
39.0,827,312418.06649299,1757509878.0967066,4369.0,0.0010000000474974513,0.10668456554412842,0.10138107091188431,0.017678335309028625,,,,
39.0,828,313034.448614948,1757510494.4791598,4379.0,0.0010000000474974513,0.1037658154964447,0.09842540323734283,0.01780138909816742,,,,
39.0,829,313649.920331677,1757511109.9496665,4389.0,0.0010000000474974513,0.10739170759916306,0.10198689997196198,0.0180160254240036,,,,
39.0,830,314265.853738317,1757511725.8841205,4399.0,0.0010000000474974513,0.10526220500469208,0.10000168532133102,0.017535042017698288,,,,
39.0,831,314882.030115708,1757512342.060572,4409.0,0.0010000000474974513,0.10571783781051636,0.10026057809591293,0.01819085329771042,,,,
39.0,832,315496.949649315,1757512956.9797995,4419.0,0.0010000000474974513,0.10072464495897293,0.09539005160331726,0.01778196170926094,,,,
39.0,833,316012.798098906,1757513472.8282795,4429.0,0.0010000000474974513,0.1042681410908699,0.09874054044485092,0.01842533051967621,,,,
39.0,834,316511.504837373,1757513971.5351453,4439.0,0.0010000000474974513,0.10577718168497086,0.10046907514333725,0.01769368164241314,,,,
,835,317431.230494033,1757514891.261103,,,,,,,,,
,836,317432.409932981,1757514892.4405472,,,,,,,,,
,837,317432.415331776,1757514892.4458375,,,,,,,,,-0.0002966574393212795
,838,317432.678201945,1757514892.708826,,,,,,,,,
39.0,839,317432.68087542,1757514892.7113936,4439.0,,,,,0.18918476998806,0.0037739695981144905,0.1547204703092575,
,840,317433.274534494,1757514893.3051164,,,,,,,,,
,841,317434.485975527,1757514894.516566,,,,,,,,,
,842,317434.492415088,1757514894.522956,,,,,,,,,
,843,317434.701763744,1757514894.7323558,,,,,,,,,
39.0,844,317443.363943124,1757514903.3900578,4439.0,,,,,,,,
40.0,845,318438.778567428,1757515898.8086014,4449.0,0.0010000000474974513,0.10232636332511902,0.0969468355178833,0.017931746318936348,,,,
40.0,846,319062.051108983,1757516522.0812044,4459.0,0.0010000000474974513,0.10493890941143036,0.09949633479118347,0.018141895532608032,,,,
40.0,847,319683.577719859,1757517143.608002,4469.0,0.0010000000474974513,0.0981406643986702,0.09277734160423279,0.01787775382399559,,,,
40.0,848,320304.241562416,1757517764.2716465,4479.0,0.0010000000474974513,0.10115654766559601,0.09577082097530365,0.017952412366867065,,,,
40.0,849,320923.344086517,1757518383.3742206,4489.0,0.0010000000474974513,0.09918993711471558,0.09398636966943741,0.017345217987895012,,,,
40.0,850,321544.544435594,1757519004.5742857,4499.0,0.0010000000474974513,0.1050354391336441,0.09975209832191467,0.017611144110560417,,,,
40.0,851,322166.766099413,1757519626.7960827,4509.0,0.0010000000474974513,0.10151481628417969,0.0962340384721756,0.0176025852560997,,,,
40.0,852,322790.117774162,1757520250.1477246,4519.0,0.0010000000474974513,0.0991310253739357,0.09379008412361145,0.01780310831964016,,,,
40.0,853,323409.929777748,1757520869.960292,4529.0,0.0010000000474974513,0.10268321633338928,0.09729509055614471,0.017960455268621445,,,,
40.0,854,323941.466892941,1757521401.4970002,4539.0,0.0010000000474974513,0.09919260442256927,0.09384460747241974,0.01782667264342308,,,,
40.0,855,324456.036388087,1757521916.0665157,4549.0,0.0010000000474974513,0.0989973247051239,0.09355203807353973,0.01815097965300083,,,,
,856,325418.824592251,1757522878.8552043,,,,,,,,,
,857,325419.976193433,1757522880.0068192,,,,,,,,,
,858,325419.981855825,1757522880.0124176,,,,,,,,,-0.03450663387775421
,859,325420.198933974,1757522880.229565,,,,,,,,,
40.0,860,325420.2573595,1757522880.2878811,4550.0,,,,,0.2692948579788208,-0.023581931367516518,0.23518112301826477,
,861,325420.851269982,1757522880.8818939,,,,,,,,,
,862,325421.995814797,1757522882.0264235,,,,,,,,,
,863,325422.002082745,1757522882.032659,,,,,,,,,
,864,325422.209670192,1757522882.2403145,,,,,,,,,
40.0,865,325430.747260824,1757522890.7734752,4550.0,,,,,,,,
41.0,866,326359.466846773,1757523819.4967468,4559.0,0.0010000000474974513,0.10206922143697739,0.09677652269601822,0.017642302438616753,,,,
41.0,867,326983.072762459,1757524443.102646,4569.0,0.0010000000474974513,0.09813857823610306,0.09294065833091736,0.017326360568404198,,,,
41.0,868,327603.341993064,1757525063.3722258,4579.0,0.0010000000474974513,0.09559287130832672,0.09024645388126373,0.01782137155532837,,,,
41.0,869,328226.768798716,1757525686.7985907,4589.0,0.0010000000474974513,0.09558787196874619,0.09028536826372147,0.01767503283917904,,,,
41.0,870,328847.368028823,1757526307.3976274,4599.0,0.0010000000474974513,0.09992162138223648,0.09469106048345566,0.017435185611248016,,,,
41.0,871,329469.035854648,1757526929.0658455,4609.0,0.0010000000474974513,0.09998347610235214,0.09473007172346115,0.017511358484625816,,,,
41.0,872,330091.860704709,1757527551.8905811,4619.0,0.0010000000474974513,0.09846159815788269,0.09296125918626785,0.018334461376070976,,,,
41.0,873,330718.067960776,1757528178.0978973,4629.0,0.0010000000474974513,0.09576637297868729,0.09035991877317429,0.018021490424871445,,,,
41.0,874,331338.624663532,1757528798.6546085,4639.0,0.0010000000474974513,0.09751280397176743,0.0921446830034256,0.017893750220537186,,,,
41.0,875,331881.502845202,1757529341.533069,4649.0,0.0010000000474974513,0.09373674541711807,0.08850844204425812,0.017427675426006317,,,,
41.0,876,332394.889318759,1757529854.919418,4659.0,0.0010000000474974513,0.09830325096845627,0.09301304817199707,0.01763397827744484,,,,
,877,333408.482573183,1757530868.513202,,,,,,,,,
,878,333409.679220368,1757530869.7098517,,,,,,,,,
,879,333409.684440057,1757530869.7149994,,,,,,,,,-0.009635708294808865
,880,333409.89330399,1757530869.9239504,,,,,,,,,
41.0,881,333409.981196598,1757530870.011651,4661.0,,,,,0.31635063886642456,-0.01053712423890829,0.2802041172981262,
,882,333410.576190952,1757530870.6068273,,,,,,,,,
,883,333411.791378122,1757530871.8220165,,,,,,,,,
,884,333411.797795205,1757530871.8283617,,,,,,,,,
,885,333412.005447897,1757530872.0360966,,,,,,,,,
41.0,886,333419.899884755,1757530879.926665,4661.0,,,,,,,,
42.0,887,334279.140892023,1757531739.171044,4669.0,0.0010000000474974513,0.0974147766828537,0.09222589433193207,0.01729627139866352,,,,
42.0,888,334898.568416679,1757532358.5986698,4679.0,0.0010000000474974513,0.09722209721803665,0.09170615673065186,0.0183864738792181,,,,
42.0,889,335518.805369174,1757532978.8350732,4689.0,0.0010000000474974513,0.09679698944091797,0.09138671308755875,0.018034234642982483,,,,
42.0,890,336142.713379825,1757533602.7437735,4699.0,0.0010000000474974513,0.09340077638626099,0.08810842037200928,0.017641162499785423,,,,
42.0,891,336761.52076582,1757534221.550319,4709.0,0.0010000000474974513,0.09805730730295181,0.09276378154754639,0.017645113170146942,,,,
42.0,892,337386.41011044,1757534846.439956,4719.0,0.0010000000474974513,0.09105761349201202,0.08559876680374146,0.018196135759353638,,,,
42.0,893,338006.680125811,1757535466.710594,4729.0,0.0010000000474974513,0.09447047114372253,0.08933831751346588,0.017107173800468445,,,,
42.0,894,338629.280543172,1757536089.3102543,4739.0,0.0010000000474974513,0.09332478046417236,0.08810977637767792,0.017383353784680367,,,,
42.0,895,339249.121658259,1757536709.1513546,4749.0,0.0010000000474974513,0.09167056530714035,0.08639316260814667,0.017591319978237152,,,,
42.0,896,339804.205190264,1757537264.235259,4759.0,0.0010000000474974513,0.08961396664381027,0.08431991934776306,0.017646826803684235,,,,
42.0,897,340319.292691292,1757537779.3230069,4769.0,0.0010000000474974513,0.09619568288326263,0.09069781005382538,0.018326235935091972,,,,
,898,341391.656156388,1757538851.6867197,,,,,,,,,
,899,341392.862927109,1757538852.8935616,,,,,,,,,
,900,341392.868529097,1757538852.8990927,,,,,,,,,-0.021020658314228058
,901,341393.112628773,1757538853.1432822,,,,,,,,,
42.0,902,341393.213882018,1757538853.2442703,4772.0,,,,,0.20884382724761963,-0.013239760883152485,0.17540450394153595,
,903,341393.815130121,1757538853.845749,,,,,,,,,
,904,341394.986218603,1757538855.0168397,,,,,,,,,
,905,341394.992629461,1757538855.0232167,,,,,,,,,
,906,341395.202127758,1757538855.2327325,,,,,,,,,
42.0,907,341403.68978374,1757538863.7157056,4772.0,,,,,,,,
43.0,908,342204.780721894,1757539664.8106186,4779.0,0.0010000000474974513,0.09162537753582001,0.08633040636777878,0.017649928107857704,,,,
43.0,909,342825.340435529,1757540285.3700159,4789.0,0.0010000000474974513,0.09316851943731308,0.08794926106929779,0.017397504299879074,,,,
43.0,910,343445.758248401,1757540905.7883599,4799.0,0.0010000000474974513,0.09181559830904007,0.0865020826458931,0.017711719498038292,,,,
43.0,911,344067.400465354,1757541527.4303632,4809.0,0.0010000000474974513,0.08941815048456192,0.08412306010723114,0.01765032671391964,,,,
43.0,912,344688.079682913,1757542148.1092274,4819.0,0.0010000000474974513,0.08846160769462585,0.08308418095111847,0.017924753949046135,,,,
43.0,913,345312.449270121,1757542772.4794614,4829.0,0.0010000000474974513,0.09078747779130936,0.0854443609714508,0.017810380086302757,,,,
43.0,914,345937.297130063,1757543397.3269258,4839.0,0.0010000000474974513,0.0912485420703888,0.08603251725435257,0.017386751249432564,,,,
43.0,915,346560.834894249,1757544020.8640847,4849.0,0.0010000000474974513,0.08775440603494644,0.08229991048574448,0.018181659281253815,,,,
43.0,916,347183.945196413,1757544643.9750056,4859.0,0.0010000000474974513,0.08856107294559479,0.08344155550003052,0.017065074294805527,,,,
43.0,917,347745.537714588,1757545205.5680125,4869.0,0.0010000000474974513,0.08726330101490021,0.08200854063034058,0.01751585677266121,,,,
43.0,918,348259.258611494,1757545719.2887533,4879.0,0.0010000000474974513,0.08969294279813766,0.08452609181404114,0.01722284033894539,,,,
,919,349380.186095838,1757546840.2167187,,,,,,,,,
,920,349381.359794326,1757546841.3904228,,,,,,,,,
,921,349381.365181892,1757546841.3957326,,,,,,,,,0.005647546146064997
,922,349381.57270014,1757546841.6033406,,,,,,,,,
43.0,923,349381.575445491,1757546841.6059532,4883.0,,,,,1.0628575086593628,0.00635691499337554,1.0280508995056152,
,924,349382.158036448,1757546842.1886375,,,,,,,,,
,925,349383.292005906,1757546843.3226533,,,,,,,,,
,926,349383.298316409,1757546843.3289058,,,,,,,,,
,927,349383.502294468,1757546843.5329416,,,,,,,,,
43.0,928,349391.370733756,1757546851.3965209,4883.0,,,,,,,,
44.0,929,350136.832634637,1757547596.8631463,4889.0,0.0010000000474974513,0.086051806807518,0.08077578246593475,0.017586736008524895,,,,
44.0,930,350759.154243672,1757548219.1847332,4899.0,0.0010000000474974513,0.08368049561977386,0.07845207303762436,0.01742805913090706,,,,
44.0,931,351383.968752578,1757548843.9982562,4909.0,0.0010000000474974513,0.08606284856796265,0.08095504343509674,0.0170260239392519,,,,
44.0,932,352003.116883549,1757549463.1468616,4919.0,0.0010000000474974513,0.08955685794353485,0.08418702334165573,0.017899449914693832,,,,
44.0,933,352624.194916907,1757550084.2252624,4929.0,0.0010000000474974513,0.0917983427643776,0.08647390455007553,0.017748132348060608,,,,
44.0,934,353244.386265334,1757550704.4157271,4939.0,0.0010000000474974513,0.08438818156719208,0.07921813428401947,0.01723349094390869,,,,
44.0,935,353865.864380096,1757551325.8942678,4949.0,0.0010000000474974513,0.08673621714115143,0.08156445622444153,0.01723921112716198,,,,
44.0,936,354487.932038235,1757551947.9619305,4959.0,0.0010000000474974513,0.0855122059583664,0.08022314310073853,0.017630208283662796,,,,
44.0,937,355112.580774483,1757552572.61033,4969.0,0.0010000000474974513,0.08766449242830276,0.08240342885255814,0.017536871135234833,,,,
44.0,938,355685.588120162,1757553145.617934,4979.0,0.0010000000474974513,0.08967836201190948,0.0843939334154129,0.01761475019156933,,,,
44.0,939,356200.985761499,1757553661.0159442,4989.0,0.0010000000474974513,0.08668099343776703,0.0814412459731102,0.01746583729982376,,,,
,940,357369.104913322,1757554829.135467,,,,,,,,,
,941,357370.293377294,1757554830.3239868,,,,,,,,,
,942,357370.300165246,1757554830.3307052,,,,,,,,,-0.03297843411564827
,943,357370.508826245,1757554830.5394886,,,,,,,,,
44.0,944,357370.511601769,1757554830.5421453,4994.0,,,,,1.6047728061676025,-0.033799465745687485,1.5690860748291016,
,945,357371.106243485,1757554831.1368952,,,,,,,,,
,946,357372.270081669,1757554832.3007226,,,,,,,,,
,947,357372.276963331,1757554832.3075228,,,,,,,,,
,948,357372.484420881,1757554832.5150738,,,,,,,,,
44.0,949,357380.401851913,1757554840.4282155,4994.0,,,,,,,,
45.0,950,358067.509654104,1757555527.5396917,4999.0,0.0010000000474974513,0.0871889591217041,0.08177948743104935,0.01803155429661274,,,,
45.0,951,358700.747888351,1757556160.7775812,5009.0,0.0010000000474974513,0.08430399000644684,0.07890190184116364,0.0180069450289011,,,,
45.0,952,359334.685615248,1757556794.714197,5019.0,0.0010000000474974513,0.08607630431652069,0.08093583583831787,0.017134886234998703,,,,
45.0,953,359966.103437416,1757557426.1328661,5029.0,0.0010000000474974513,0.0856264978647232,0.0804477408528328,0.017262525856494904,,,,
45.0,954,360601.669209727,1757558061.6996324,5039.0,0.0010000000474974513,0.08154258131980896,0.07652787119150162,0.016715697944164276,,,,
45.0,955,361238.50436657,1757558698.533843,5049.0,0.0010000000474974513,0.08559899032115936,0.0804620012640953,0.017123300582170486,,,,
45.0,956,361873.628994742,1757559333.6586952,5059.0,0.0010000000474974513,0.083946093916893,0.07878042757511139,0.017218871042132378,,,,
45.0,957,362510.307669544,1757559970.337743,5069.0,0.0010000000474974513,0.08335121721029282,0.07802467793226242,0.017755115404725075,,,,
45.0,958,363141.326974012,1757560601.3564441,5079.0,0.0010000000474974513,0.08188383281230927,0.07665126770734787,0.017441866919398308,,,,
45.0,959,363735.439560385,1757561195.469289,5089.0,0.0010000000474974513,0.08054591715335846,0.07552520185709,0.016735734418034554,,,,
45.0,960,364254.875886322,1757561714.9054692,5099.0,0.0010000000474974513,0.08069609105587006,0.07559143751859665,0.017015524208545685,,,,
,961,365481.356032591,1757562941.3866572,,,,,,,,,
,962,365482.647301437,1757562942.6778808,,,,,,,,,
,963,365482.652725394,1757562942.6832926,,,,,,,,,-0.0033570402301847935
,964,365482.862534169,1757562942.893134,,,,,,,,,
45.0,965,365482.882756454,1757562942.9132607,5105.0,,,,,0.09006261080503464,-0.0020233357790857553,0.058138977736234665,
,966,365483.474627433,1757562943.505236,,,,,,,,,
,967,365484.642077486,1757562944.6727207,,,,,,,,,
,968,365484.648438412,1757562944.679006,,,,,,,,,
,969,365484.858617464,1757562944.8892257,,,,,,,,,
45.0,970,365497.958628691,1757562957.9825308,5105.0,,,,,,,,
46.0,971,366106.591865473,1757563566.622134,5109.0,0.0010000000474974513,0.08150455355644226,0.07630002498626709,0.017348451539874077,,,,
46.0,972,366740.706142034,1757564200.7354,5119.0,0.0010000000474974513,0.0851278007030487,0.07974883913993835,0.01792987249791622,,,,
46.0,973,367375.630982201,1757564835.660762,5129.0,0.0010000000474974513,0.08125531673431396,0.07610837370157242,0.01715649664402008,,,,
46.0,974,368009.231127475,1757565469.261054,5139.0,0.0010000000474974513,0.0815502405166626,0.07636114954948425,0.017296984791755676,,,,
46.0,975,368644.773598329,1757566104.8035324,5149.0,0.0010000000474974513,0.08088952302932739,0.07576552778482437,0.01707998290657997,,,,
46.0,976,369276.565185316,1757566736.594497,5159.0,0.0010000000474974513,0.07883983850479126,0.07361292839050293,0.017423024401068687,,,,
46.0,977,369911.512435794,1757567371.5421,5169.0,0.0010000000474974513,0.08134134113788605,0.07627932727336884,0.016873368993401527,,,,
46.0,978,370547.804263748,1757568007.8340104,5179.0,0.0010000000474974513,0.08105175197124481,0.07575187087059021,0.017666256055235863,,,,
46.0,979,371179.111629372,1757568639.141474,5189.0,0.0010000000474974513,0.08076547086238861,0.07561144977807999,0.017180055379867554,,,,
46.0,980,371782.83789681,1757569242.8678834,5199.0,0.0010000000474974513,0.07857996970415115,0.07329612970352173,0.01761280931532383,,,,
46.0,981,372304.001329811,1757569764.0309675,5209.0,0.0010000000474974513,0.08048661053180695,0.07519056648015976,0.01765347272157669,,,,
,982,373577.807020032,1757571037.8295093,,,,,,,,,
,983,373578.975518794,1757571039.0061643,,,,,,,,,
,984,373578.980757333,1757571039.011306,,,,,,,,,0.02362052910029888
,985,373579.187258727,1757571039.2179189,,,,,,,,,
46.0,986,373579.190055583,1757571039.2205405,5216.0,,,,,0.9993645548820496,0.01779511384665966,0.9649073481559753,
,987,373579.778156989,1757571039.8088024,,,,,,,,,
,988,373580.953935147,1757571040.98457,,,,,,,,,
,989,373580.960398382,1757571040.9909744,,,,,,,,,
,990,373581.168570099,1757571041.199181,,,,,,,,,
46.0,991,373589.724130523,1757571049.7491615,5216.0,,,,,,,,
47.0,992,374148.121835564,1757571608.1519704,5219.0,0.0010000000474974513,0.08480134606361389,0.07939909398555756,0.018007494509220123,,,,
47.0,993,374778.522829906,1757572238.552164,5229.0,0.0010000000474974513,0.08027466386556625,0.07503706216812134,0.017458653077483177,,,,
47.0,994,375411.303794581,1757572871.3335545,5239.0,0.0010000000474974513,0.07858209311962128,0.07336606085300446,0.017386775463819504,,,,
47.0,995,376044.447948039,1757573504.4778159,5249.0,0.0010000000474974513,0.07748620212078094,0.0723395049571991,0.017155667766928673,,,,
47.0,996,376676.26501504,1757574136.2943444,5259.0,0.0010000000474974513,0.0789904072880745,0.07392832636833191,0.01687360182404518,,,,
47.0,997,377307.205808073,1757574767.236048,5269.0,0.0010000000474974513,0.08045641332864761,0.0753323882818222,0.01708008348941803,,,,
47.0,998,377943.551547451,1757575403.5818083,5279.0,0.0010000000474974513,0.07799950987100601,0.07281777262687683,0.01727244257926941,,,,
47.0,999,378577.338321837,1757576037.3682842,5289.0,0.0010000000474974513,0.08043040335178375,0.07530846446752548,0.01707310974597931,,,,
47.0,1000,379211.721106603,1757576671.7510135,5299.0,0.0010000000474974513,0.07868155837059021,0.07362549006938934,0.01685354858636856,,,,
47.0,1001,379825.380731941,1757577285.4111836,5309.0,0.0010000000474974513,0.07961750030517578,0.07438498735427856,0.01744171231985092,,,,
47.0,1002,380347.555939817,1757577807.5858712,5319.0,0.0010000000474974513,0.0781867727637291,0.07296925783157349,0.017391718924045563,,,,
,1003,381681.581456396,1757579141.6110349,,,,,,,,,
,1004,381682.717453934,1757579142.7480917,,,,,,,,,
,1005,381682.722964569,1757579142.7535286,,,,,,,,,-0.010434276424348354
,1006,381682.935490147,1757579142.9661424,,,,,,,,,
47.0,1007,381682.948354752,1757579142.9788496,5327.0,,,,,0.9894089698791504,-0.009620328433811665,0.9559726715087891,
,1008,381683.54608544,1757579143.5766892,,,,,,,,,
,1009,381684.704207088,1757579144.734844,,,,,,,,,
,1010,381684.710750964,1757579144.741311,,,,,,,,,
,1011,381684.924686498,1757579144.9553025,,,,,,,,,
47.0,1012,381693.008377023,1757579153.0333502,5327.0,,,,,,,,
48.0,1013,382188.683782798,1757579648.713792,5329.0,0.0010000000474974513,0.07649721205234528,0.07133117318153381,0.01722012460231781,,,,
48.0,1014,382821.433000982,1757580281.4629166,5339.0,0.0010000000474974513,0.07791707664728165,0.0724799633026123,0.018123723566532135,,,,
48.0,1015,383454.286489693,1757580914.3163621,5349.0,0.0010000000474974513,0.07616963982582092,0.07099802047014236,0.017238721251487732,,,,
48.0,1016,384088.555427341,1757581548.5852208,5359.0,0.0010000000474974513,0.0764910951256752,0.07140569388866425,0.016951343044638634,,,,
48.0,1017,384718.93758474,1757582178.9672801,5369.0,0.0010000000474974513,0.07480069994926453,0.06975716352462769,0.0168117918074131,,,,
48.0,1018,385353.227213709,1757582813.2564998,5379.0,0.0010000000474974513,0.07654492557048798,0.07149799168109894,0.016823124140501022,,,,
48.0,1019,385987.171403881,1757583447.201762,5389.0,0.0010000000474974513,0.07674943655729294,0.07169084995985031,0.016861960291862488,,,,
48.0,1020,386621.933274449,1757584081.9634767,5399.0,0.0010000000474974513,0.07727307081222534,0.07221408188343048,0.016863293945789337,,,,
48.0,1021,387254.083780177,1757584714.1135032,5409.0,0.0010000000474974513,0.07558518648147583,0.07035034149885178,0.0174495130777359,,,,
48.0,1022,387884.072765821,1757585344.1026886,5419.0,0.0010000000474974513,0.07827919721603394,0.07318534702062607,0.016979504376649857,,,,
48.0,1023,388407.019451658,1757585867.0492747,5429.0,0.0010000000474974513,0.07702348381280899,0.07180914282798767,0.017381124198436737,,,,
,1024,389791.945780417,1757587251.976384,,,,,,,,,
,1025,389793.094337823,1757587253.1249306,,,,,,,,,
,1026,389793.099699995,1757587253.1302693,,,,,,,,,-0.03140651062130928
,1027,389793.31462062,1757587253.3452353,,,,,,,,,
48.0,1028,389793.35588658,1757587253.3863628,5438.0,,,,,0.6421318054199219,-0.02273755706846714,0.6095519661903381,
,1029,389793.950166906,1757587253.9807787,,,,,,,,,
,1030,389795.129507248,1757587255.160127,,,,,,,,,
,1031,389795.135927879,1757587255.1664772,,,,,,,,,
,1032,389795.34520465,1757587255.3758032,,,,,,,,,
48.0,1033,389803.975508067,1757587263.9993765,5438.0,,,,,,,,
49.0,1034,390236.760918323,1757587696.790589,5439.0,0.0010000000474974513,0.07479336857795715,0.06984260678291321,0.01650250516831875,,,,
49.0,1035,390858.807094685,1757588318.8376298,5449.0,0.0010000000474974513,0.07855211198329926,0.07338486611843109,0.017224157229065895,,,,
49.0,1036,391490.527570616,1757588950.5569704,5459.0,0.0010000000474974513,0.0753779485821724,0.07020401954650879,0.017246417701244354,,,,
49.0,1037,392121.699020659,1757589581.7290306,5469.0,0.0010000000474974513,0.07747971266508102,0.07226413488388062,0.017385238781571388,,,,
49.0,1038,392750.875436871,1757590210.9053295,5479.0,0.0010000000474974513,0.07253742963075638,0.06735876202583313,0.017262224107980728,,,,
49.0,1039,393378.626836965,1757590838.6571205,5489.0,0.0010000000474974513,0.07220396399497986,0.06711466610431671,0.016964327543973923,,,,
49.0,1040,394012.140177258,1757591472.1692677,5499.0,0.0010000000474974513,0.07347392290830612,0.06846608966588974,0.016692770645022392,,,,
49.0,1041,394645.662018484,1757592105.691652,5509.0,0.0010000000474974513,0.0787367969751358,0.07353353500366211,0.017344221472740173,,,,
49.0,1042,395274.7454073,1757592734.775258,5519.0,0.0010000000474974513,0.07255557924509048,0.06741181761026382,0.017145875841379166,,,,
49.0,1043,395905.372242032,1757593365.401955,5529.0,0.0010000000474974513,0.06960971653461456,0.0646437257528305,0.016553299501538277,,,,
49.0,1044,396427.024297803,1757593887.0546572,5539.0,0.0010000000474974513,0.0717838704586029,0.06663832813501358,0.017151813954114914,,,,
49.0,1045,396934.125015611,1757594394.1549387,5549.0,0.0010000000474974513,0.07957243919372559,0.07445424050092697,0.017060672864317894,,,,
,1046,397860.833532635,1757595320.8641405,,,,,,,,,
,1047,397862.001978593,1757595322.0325608,,,,,,,,,
,1048,397862.006891417,1757595322.0374548,,,,,,,,,-0.023729413747787476
,1049,397862.215138091,1757595322.2457466,,,,,,,,,
49.0,1050,397862.307881597,1757595322.338326,5549.0,,,,,1.0744400024414062,-0.02845507487654686,1.0412564277648926,
,1051,397862.897511471,1757595322.9281504,,,,,,,,,
,1052,397864.127630502,1757595324.1582322,,,,,,,,,
,1053,397864.134526448,1757595324.1650856,,,,,,,,,
,1054,397864.346235491,1757595324.3768435,,,,,,,,,
49.0,1055,397872.360732955,1757595332.3858092,5549.0,,,,,,,,
50.0,1056,398868.355682665,1757596328.386043,5559.0,0.0010000000474974513,0.07117458432912827,0.06606876105070114,0.017019424587488174,,,,
50.0,1057,399499.820257147,1757596959.8503416,5569.0,0.0010000000474974513,0.0728311687707901,0.06758462637662888,0.01748848333954811,,,,
50.0,1058,400128.375389886,1757597588.405256,5579.0,0.0010000000474974513,0.07190737128257751,0.06674894690513611,0.017194753512740135,,,,
50.0,1059,400756.300309169,1757598216.3300905,5589.0,0.0010000000474974513,0.07304662466049194,0.06782737374305725,0.017397500574588776,,,,
50.0,1060,401377.737204337,1757598837.767218,5599.0,0.0010000000474974513,0.07423534244298935,0.06927356123924255,0.016539283096790314,,,,
50.0,1061,401997.0009133,1757599457.0310538,5609.0,0.0010000000474974513,0.07580993324518204,0.0706702321767807,0.017132332548499107,,,,
50.0,1062,402618.373827507,1757600078.4040327,5619.0,0.0010000000474974513,0.07070465385913849,0.06549019366502762,0.017381560057401657,,,,
50.0,1063,403237.989326767,1757600698.0190892,5629.0,0.0010000000474974513,0.07344094663858414,0.0681736171245575,0.017557743936777115,,,,
50.0,1064,403859.207815255,1757601319.2377865,5639.0,0.0010000000474974513,0.06947580724954605,0.0643450915813446,0.017102397978305817,,,,
50.0,1065,404388.46169933,1757601848.4915633,5649.0,0.0010000000474974513,0.07036460191011429,0.06520170718431473,0.017209632322192192,,,,
50.0,1066,404900.315009932,1757602360.3450563,5659.0,0.0010000000474974513,0.07059194147586823,0.06543982774019241,0.017173724249005318,,,,
,1067,405859.48043198,1757603319.5110404,,,,,,,,,
,1068,405860.650226605,1757603320.680871,,,,,,,,,
,1069,405860.655499289,1757603320.686062,,,,,,,,,0.004648025147616863
,1070,405860.858943663,1757603320.8895411,,,,,,,,,
50.0,1071,405860.979108174,1757603321.009564,5660.0,,,,,0.3893320560455322,0.008146388456225395,0.3537498116493225,
,1072,405861.552605528,1757603321.5832376,,,,,,,,,
,1073,405862.678349334,1757603322.7089925,,,,,,,,,
,1074,405862.68450725,1757603322.715065,,,,,,,,,
,1075,405862.886593815,1757603322.9172146,,,,,,,,,
50.0,1076,405871.34505993,1757603331.3718226,5660.0,,,,,,,,
51.0,1077,406792.34765307,1757604252.3782036,5669.0,0.0010000000474974513,0.06941399723291397,0.06451159715652466,0.016341304406523705,,,,
51.0,1078,407410.781449077,1757604870.811408,5679.0,0.0010000000474974513,0.07043012231588364,0.06544964015483856,0.01660161092877388,,,,
51.0,1079,408034.239582355,1757605494.2699947,5689.0,0.0010000000474974513,0.07255874574184418,0.06720875203609467,0.017833296209573746,,,,
51.0,1080,408654.94982879,1757606114.9798717,5699.0,0.0010000000474974513,0.0696246474981308,0.06471418589353561,0.01636820286512375,,,,
51.0,1081,409277.904617809,1757606737.9347653,5709.0,0.0010000000474974513,0.0685906708240509,0.06366300582885742,0.01642555743455887,,,,
51.0,1082,409896.277562793,1757607356.3074253,5719.0,0.0010000000474974513,0.06672042608261108,0.06164500117301941,0.016918081790208817,,,,
51.0,1083,410514.981674395,1757607975.0118113,5729.0,0.0010000000474974513,0.0676436573266983,0.06268133968114853,0.016541073098778725,,,,
51.0,1084,411138.096004459,1757608598.125666,5739.0,0.0010000000474974513,0.06874784827232361,0.06372512131929398,0.01674240082502365,,,,
51.0,1085,411762.361554361,1757609222.3917851,5749.0,0.0010000000474974513,0.06864502280950546,0.06364042311906815,0.01668199524283409,,,,
51.0,1086,412307.240191099,1757609767.2701955,5759.0,0.0010000000474974513,0.0689902976155281,0.06378915160894394,0.017337149009108543,,,,
51.0,1087,412820.700968285,1757610280.7309787,5769.0,0.0010000000474974513,0.06637300550937653,0.061225198209285736,0.017159353941679,,,,
,1088,413833.534723091,1757611293.565344,,,,,,,,,
,1089,413834.64453816,1757611294.6751516,,,,,,,,,
,1090,413834.649958656,1757611294.6805298,,,,,,,,,-0.01255803182721138
,1091,413834.858399959,1757611294.8889902,,,,,,,,,
51.0,1092,413834.901425512,1757611294.931931,5771.0,,,,,0.8341151475906372,-0.01152041181921959,0.79863440990448,
,1093,413835.4945341,1757611295.5251582,,,,,,,,,
,1094,413836.58678441,1757611296.6174147,,,,,,,,,
,1095,413836.593414849,1757611296.6240096,,,,,,,,,
,1096,413836.801147366,1757611296.831744,,,,,,,,,
51.0,1097,413845.350706515,1757611305.3767498,5771.0,,,,,,,,
52.0,1098,414707.973835446,1757612168.0037794,5779.0,0.0010000000474974513,0.06577865779399872,0.060843050479888916,0.01645202562212944,,,,
52.0,1099,415331.772235579,1757612791.8021302,5789.0,0.0010000000474974513,0.06711755692958832,0.06212913244962692,0.01662806235253811,,,,
52.0,1100,415956.397752699,1757613416.4277356,5799.0,0.0010000000474974513,0.06469938158988953,0.059591762721538544,0.017025388777256012,,,,
52.0,1101,416579.815890543,1757614039.846074,5809.0,0.0010000000474974513,0.06401915848255157,0.058942198753356934,0.016923196613788605,,,,
52.0,1102,417201.547783274,1757614661.5777779,5819.0,0.0010000000474974513,0.06642072647809982,0.0614069327712059,0.016712654381990433,,,,
52.0,1103,417825.374584722,1757615285.404171,5829.0,0.0010000000474974513,0.06360676884651184,0.05858621746301651,0.016735179349780083,,,,
52.0,1104,418450.857044862,1757615910.8870292,5839.0,0.0010000000474974513,0.06495173275470734,0.05988781154155731,0.016879752278327942,,,,
52.0,1105,419074.161480498,1757616534.1914058,5849.0,0.0010000000474974513,0.0670299232006073,0.06220833584666252,0.016071973368525505,,,,
52.0,1106,419700.434279144,1757617160.464138,5859.0,0.0010000000474974513,0.06279320269823074,0.05782544985413551,0.016559181734919548,,,,
52.0,1107,420252.98026039,1757617713.0104318,5869.0,0.0010000000474974513,0.06319943070411682,0.05807938426733017,0.017066840082406998,,,,
52.0,1108,420768.028938702,1757618228.059065,5879.0,0.0010000000474974513,0.06191922724246979,0.05702928453683853,0.016299813985824585,,,,
,1109,421833.706640127,1757619293.7372074,,,,,,,,,
,1110,421834.811450359,1757619294.8420906,,,,,,,,,
,1111,421834.817094177,1757619294.8476443,,,,,,,,,-0.0056352135725319386
,1112,421835.025321518,1757619295.055938,,,,,,,,,
52.0,1113,421835.041185811,1757619295.0716999,5882.0,,,,,0.16856269538402557,-0.0068589444272220135,0.1304781436920166,
,1114,421835.631219916,1757619295.6618433,,,,,,,,,
,1115,421836.8001102,1757619296.830724,,,,,,,,,
,1116,421836.806372378,1757619296.8369644,,,,,,,,,
,1117,421837.011856752,1757619297.0424654,,,,,,,,,
52.0,1118,421845.620163093,1757619305.6468842,5882.0,,,,,,,,
53.0,1119,422642.913279585,1757620102.943225,5889.0,0.0010000000474974513,0.06480874866247177,0.059944331645965576,0.016214724630117416,,,,
53.0,1120,423264.492906061,1757620724.5224676,5899.0,0.0010000000474974513,0.06369783729314804,0.058651432394981384,0.016821347177028656,,,,
53.0,1121,423889.293020037,1757621349.3227794,5909.0,0.0010000000474974513,0.060130469501018524,0.05512148141860962,0.016696633771061897,,,,
53.0,1122,424514.658242405,1757621974.6886187,5919.0,0.0010000000474974513,0.06472416967153549,0.05975036323070526,0.01657934859395027,,,,
53.0,1123,425137.829401714,1757622597.859209,5929.0,0.0010000000474974513,0.06361363083124161,0.05858921259641647,0.01674806699156761,,,,
53.0,1124,425759.412593707,1757623219.4421535,5939.0,0.0010000000474974513,0.06397496163845062,0.05902985483407974,0.016483692452311516,,,,
53.0,1125,426382.880202008,1757623842.909737,5949.0,0.0010000000474974513,0.062261372804641724,0.05735904350876808,0.01634109392762184,,,,
53.0,1126,427005.744130767,1757624465.7743812,5959.0,0.0010000000474974513,0.060682155191898346,0.055502552539110184,0.01726531609892845,,,,
53.0,1127,427628.883210683,1757625088.9129462,5969.0,0.0010000000474974513,0.062129758298397064,0.05719911679625511,0.01643548533320427,,,,
53.0,1128,428193.329466186,1757625653.3597026,5979.0,0.0010000000474974513,0.06069793552160263,0.05559884011745453,0.01699698343873024,,,,
53.0,1129,428709.102755761,1757626169.132549,5989.0,0.0010000000474974513,0.05962694436311722,0.05477941408753395,0.01615842804312706,,,,
,1130,429826.880761874,1757627286.911396,,,,,,,,,
,1131,429828.072778996,1757627288.1034038,,,,,,,,,
,1132,429828.078321185,1757627288.1088538,,,,,,,,,-0.020952627062797546
,1133,429828.285320494,1757627288.3159726,,,,,,,,,
53.0,1134,429828.289291146,1757627288.3198628,5993.0,,,,,0.645901083946228,-0.013224157504737377,0.6092204451560974,
,1135,429828.874876626,1757627288.9054806,,,,,,,,,
,1136,429830.063770466,1757627290.0944176,,,,,,,,,
,1137,429830.070523769,1757627290.1011035,,,,,,,,,
,1138,429830.279916751,1757627290.3105364,,,,,,,,,
53.0,1139,429838.805729785,1757627298.8317907,5993.0,,,,,,,,
54.0,1140,430578.127902464,1757628038.1581202,5999.0,0.0010000000474974513,0.06003357097506523,0.05514802783727646,0.016285141929984093,,,,
54.0,1141,431198.929030323,1757628658.959205,6009.0,0.0010000000474974513,0.059095606207847595,0.054005175828933716,0.016968104988336563,,,,
54.0,1142,431822.834278228,1757629282.864231,6019.0,0.0010000000474974513,0.059724994003772736,0.05491894111037254,0.016020189970731735,,,,
54.0,1143,432445.50224306,1757629905.5325425,6029.0,0.0010000000474974513,0.05845670774579048,0.05345652997493744,0.016667265444993973,,,,
54.0,1144,433068.879411993,1757630528.9090242,6039.0,0.0010000000474974513,0.057789016515016556,0.05276785045862198,0.016737226396799088,,,,
54.0,1145,433691.204461218,1757631151.2344253,6049.0,0.0010000000474974513,0.05709442123770714,0.05212218686938286,0.016574116423726082,,,,
54.0,1146,434316.744423204,1757631776.7744648,6059.0,0.0010000000474974513,0.05684579163789749,0.05198720097541809,0.01619528979063034,,,,
54.0,1147,434942.04677938,1757632402.0772524,6069.0,0.0010000000474974513,0.05897662043571472,0.05410140007734299,0.016250748187303543,,,,
54.0,1148,435566.516237743,1757633026.5457783,6079.0,0.0010000000474974513,0.060596585273742676,0.05571705475449562,0.016265099868178368,,,,
54.0,1149,436143.697050493,1757633603.727062,6089.0,0.0010000000474974513,0.058174945414066315,0.05315593630075455,0.016730032861232758,,,,
54.0,1150,436659.334505339,1757634119.3647346,6099.0,0.0010000000474974513,0.05831853300333023,0.05345529317855835,0.01621079258620739,,,,
,1151,437829.229091039,1757635289.259706,,,,,,,,,
,1152,437831.011993306,1757635291.0426033,,,,,,,,,
,1153,437831.016867121,1757635291.047459,,,,,,,,,-0.012904875911772251
,1154,437831.221659547,1757635291.2523022,,,,,,,,,
54.0,1155,437831.224622136,1757635291.255169,6104.0,,,,,0.9804694652557373,-0.016137903556227684,0.9426915049552917,
,1156,437831.806512507,1757635291.8371208,,,,,,,,,
,1157,437832.889624495,1757635292.920267,,,,,,,,,
,1158,437832.896321315,1757635292.9268818,,,,,,,,,
,1159,437833.103672695,1757635293.1342888,,,,,,,,,
54.0,1160,437841.074377768,1757635301.1008806,6104.0,,,,,,,,
55.0,1161,438520.233891342,1757635980.2641377,6109.0,0.0010000000474974513,0.052811864763498306,0.04792936518788338,0.01627499796450138,,,,
55.0,1162,439143.696654187,1757636603.7262986,6119.0,0.0010000000474974513,0.05787735432386398,0.052786797285079956,0.016968540847301483,,,,
55.0,1163,439770.199036391,1757637230.2288492,6129.0,0.0010000000474974513,0.05749033764004707,0.052574291825294495,0.016386812552809715,,,,
55.0,1164,440394.91872451,1757637854.9490578,6139.0,0.0010000000474974513,0.05741586908698082,0.05270121619105339,0.01571551337838173,,,,
55.0,1165,441017.195461472,1757638477.2252991,6149.0,0.0010000000474974513,0.053137920796871185,0.04824339225888252,0.016315080225467682,,,,
55.0,1166,441640.09053611,1757639100.1205735,6159.0,0.0010000000474974513,0.05248551815748215,0.047531403601169586,0.01651369221508503,,,,
55.0,1167,442263.63318784,1757639723.663145,6169.0,0.0010000000474974513,0.053467921912670135,0.048573434352874756,0.016314944252371788,,,,
55.0,1168,442886.447151079,1757640346.4773607,6179.0,0.0010000000474974513,0.05264350026845932,0.047728125005960464,0.016384577378630638,,,,
55.0,1169,443509.68913196,1757640969.7193522,6189.0,0.0010000000474974513,0.05233302339911461,0.04749550670385361,0.016125062480568886,,,,
55.0,1170,444098.085484646,1757641558.115735,6199.0,0.0010000000474974513,0.05389432981610298,0.049007996916770935,0.01628776267170906,,,,
55.0,1171,444616.199197517,1757642076.2290576,6209.0,0.0010000000474974513,0.05125073716044426,0.0463399738073349,0.01636921614408493,,,,
,1172,445835.06620591,1757643295.0968113,,,,,,,,,
,1173,445836.242617788,1757643296.2732632,,,,,,,,,
,1174,445836.248239319,1757643296.2788088,,,,,,,,,-0.012964497320353985
,1175,445836.454751723,1757643296.4853961,,,,,,,,,
55.0,1176,445836.457427226,1757643296.4879618,6215.0,,,,,0.1563698649406433,-0.013994382694363594,0.11730340123176575,
,1177,445837.086305773,1757643297.1168933,,,,,,,,,
,1178,445838.244025887,1757643298.2746556,,,,,,,,,
,1179,445838.251392812,1757643298.2819774,,,,,,,,,
,1180,445838.457955306,1757643298.4885633,,,,,,,,,
55.0,1181,445846.389091176,1757643306.4157734,6215.0,,,,,,,,
56.0,1182,446466.500511144,1757643926.5302546,6219.0,0.0010000000474974513,0.051198214292526245,0.04632048308849335,0.016259098425507545,,,,
56.0,1183,447089.890749129,1757644549.9209838,6229.0,0.0010000000474974513,0.050912439823150635,0.04601055756211281,0.016339607536792755,,,,
56.0,1184,447711.999980982,1757645172.0301578,6239.0,0.0010000000474974513,0.04946352541446686,0.04458358883857727,0.016266439110040665,,,,
56.0,1185,448334.750393893,1757645794.780116,6249.0,0.0010000000474974513,0.05247226357460022,0.04754866659641266,0.01641198992729187,,,,
56.0,1186,448958.739762188,1757646418.7698414,6259.0,0.0010000000474974513,0.05057971924543381,0.04563215374946594,0.016491876915097237,,,,
56.0,1187,449582.104637877,1757647042.1348407,6269.0,0.0010000000474974513,0.047714680433273315,0.04297284036874771,0.01580611616373062,,,,
56.0,1188,450204.929965787,1757647664.9599447,6279.0,0.0010000000474974513,0.05124780535697937,0.046399809420108795,0.016159987077116966,,,,
56.0,1189,450825.86606107,1757648285.895669,6289.0,0.0010000000474974513,0.050424911081790924,0.04555223137140274,0.016242261976003647,,,,
56.0,1190,451445.41237523,1757648905.4410872,6299.0,0.0010000000474974513,0.0519663542509079,0.04702559486031532,0.016469191759824753,,,,
56.0,1191,452043.147239194,1757649503.177231,6309.0,0.0010000000474974513,0.04466450586915016,0.03988194838166237,0.015941862016916275,,,,
56.0,1192,452558.441549453,1757650018.4718227,6319.0,0.0010000000474974513,0.04588625207543373,0.041096046566963196,0.01596735417842865,,,,
,1193,453825.136075277,1757651285.1666331,,,,,,,,,
,1194,453826.299564114,1757651286.3301938,,,,,,,,,
,1195,453826.30475014,1757651286.3353171,,,,,,,,,-0.029615897685289383
,1196,453826.51110675,1757651286.5417616,,,,,,,,,
56.0,1197,453826.513805863,1757651286.5443568,6326.0,,,,,0.9459578394889832,-0.024865223094820976,0.9071428179740906,
,1198,453827.104973463,1757651287.1355999,,,,,,,,,
,1199,453828.394260725,1757651288.4248736,,,,,,,,,
,1200,453828.400601868,1757651288.4311721,,,,,,,,,
,1201,453828.606924622,1757651288.6375296,,,,,,,,,
56.0,1202,453837.273908176,1757651297.2999687,6326.0,,,,,,,,
57.0,1203,454388.727845278,1757651848.758153,6329.0,0.0010000000474974513,0.04623154178261757,0.04142231494188309,0.016030749306082726,,,,
57.0,1204,455013.499746361,1757652473.5293417,6339.0,0.0010000000474974513,0.04640226811170578,0.04172123596072197,0.015603438951075077,,,,
57.0,1205,455635.724865088,1757653095.7550943,6349.0,0.0010000000474974513,0.0459538958966732,0.04122760519385338,0.01575428992509842,,,,
57.0,1206,456256.746193854,1757653716.7759671,6359.0,0.0010000000474974513,0.045806318521499634,0.040885284543037415,0.016403459012508392,,,,
57.0,1207,456880.637766709,1757654340.667893,6369.0,0.0010000000474974513,0.046078696846961975,0.041350338608026505,0.01576119288802147,,,,
57.0,1208,457505.212071868,1757654965.2419865,6379.0,0.0010000000474974513,0.046026021242141724,0.04128514975309372,0.015802891924977303,,,,
57.0,1209,458130.183458013,1757655590.2137895,6389.0,0.0010000000474974513,0.04546830803155899,0.04074741527438164,0.015736309811472893,,,,
57.0,1210,458753.69660007,1757656213.7265787,6399.0,0.0010000000474974513,0.04377279430627823,0.039068955928087234,0.015679454430937767,,,,
57.0,1211,459379.642912626,1757656839.672072,6409.0,0.0010000000474974513,0.0433872751891613,0.03876662626862526,0.015402168966829777,,,,
57.0,1212,459987.413266189,1757657447.4428868,6419.0,0.0010000000474974513,0.04162640869617462,0.03700711205601692,0.015397666953504086,,,,
57.0,1213,460504.332327638,1757657964.3620691,6429.0,0.0010000000474974513,0.04493260011076927,0.04002007842063904,0.016375068575143814,,,,
,1214,461827.829255239,1757659287.859887,,,,,,,,,
,1215,461828.976919465,1757659289.007557,,,,,,,,,
,1216,461828.982034249,1757659289.0126061,,,,,,,,,0.013495917432010174
,1217,461829.191566044,1757659289.222198,,,,,,,,,
57.0,1218,461829.194131367,1757659289.2246919,6437.0,,,,,0.3521857261657715,0.010869801044464111,0.3115020990371704,
,1219,461829.813090803,1757659289.843654,,,,,,,,,
,1220,461830.937715382,1757659290.9683487,,,,,,,,,
,1221,461830.943934267,1757659290.9745016,,,,,,,,,
,1222,461831.149467907,1757659291.1800988,,,,,,,,,
57.0,1223,461839.087071276,1757659299.1135993,6437.0,,,,,,,,
58.0,1224,462335.444851129,1757659795.4749744,6439.0,0.0010000000474974513,0.04255986213684082,0.03771742433309555,0.016141464933753014,,,,
58.0,1225,462961.529448974,1757660421.5592248,6449.0,0.0010000000474974513,0.04173830524086952,0.037088170647621155,0.015500443987548351,,,,
58.0,1226,463586.430960106,1757661046.46114,6459.0,0.0010000000474974513,0.04146726056933403,0.03672267124056816,0.01581530086696148,,,,
58.0,1227,464206.557719204,1757661666.5878422,6469.0,0.0010000000474974513,0.041547633707523346,0.036863066256046295,0.015615209937095642,,,,
58.0,1228,464831.368052885,1757662291.3982863,6479.0,0.0010000000474974513,0.042187515646219254,0.03741426020860672,0.015910856425762177,,,,
58.0,1229,465457.893941794,1757662917.9238386,6489.0,0.0010000000474974513,0.041524119675159454,0.03683170676231384,0.01564137451350689,,,,
58.0,1230,466081.923052747,1757663541.952249,6499.0,0.0010000000474974513,0.04175274819135666,0.03696027770638466,0.015974897891283035,,,,
58.0,1231,466705.07115429,1757664165.1011698,6509.0,0.0010000000474974513,0.03983970358967781,0.035166338086128235,0.015577893704175949,,,,
58.0,1232,467329.125515648,1757664789.1555452,6519.0,0.0010000000474974513,0.04058825969696045,0.03582512587308884,0.01587710529565811,,,,
58.0,1233,467945.837544542,1757665405.867643,6529.0,0.0010000000474974513,0.038446128368377686,0.03368691727519035,0.015864038839936256,,,,
58.0,1234,468460.037660973,1757665920.0678437,6539.0,0.0010000000474974513,0.03893739730119705,0.03441440314054489,0.015076642856001854,,,,
,1235,469837.467792253,1757667297.4984076,,,,,,,,,
,1236,469838.591636394,1757667298.6222656,,,,,,,,,
,1237,469838.596971738,1757667298.6275573,,,,,,,,,-0.02392011694610119
,1238,469838.80600166,1757667298.8366578,,,,,,,,,
58.0,1239,469838.808544494,1757667298.8391163,6548.0,,,,,0.18219049274921417,-0.019843410700559616,0.14209029078483582,
,1240,469839.430977177,1757667299.4615412,,,,,,,,,
,1241,469840.66305326,1757667300.6937056,,,,,,,,,
,1242,469840.669413388,1757667300.6999826,,,,,,,,,
,1243,469840.876355536,1757667300.9070132,,,,,,,,,
58.0,1244,469848.761759118,1757667308.7883658,6548.0,,,,,,,,
59.0,1245,470282.477487224,1757667742.5077565,6549.0,0.0010000000474974513,0.04084368795156479,0.03573235124349594,0.01703779026865959,,,,
59.0,1246,470897.419280573,1757668357.4491367,6559.0,0.0010000000474974513,0.038188278675079346,0.0335296131670475,0.015528886578977108,,,,
59.0,1247,471522.188777492,1757668982.219086,6569.0,0.0010000000474974513,0.03896580636501312,0.034213654696941376,0.015840519219636917,,,,
59.0,1248,472143.105163302,1757669603.135508,6579.0,0.0010000000474974513,0.03583737090229988,0.031234443187713623,0.015343082137405872,,,,
59.0,1249,472763.695328789,1757670223.725234,6589.0,0.0010000000474974513,0.035233527421951294,0.030721768736839294,0.015039199031889439,,,,
59.0,1250,473387.756696221,1757670847.7868798,6599.0,0.0010000000474974513,0.03653929382562637,0.03187916427850723,0.01553376019001007,,,,
59.0,1251,474010.410730759,1757671470.440975,6609.0,0.0010000000474974513,0.03540249168872833,0.030715616419911385,0.01562292780727148,,,,
59.0,1252,474633.005032262,1757672093.035026,6619.0,0.0010000000474974513,0.034870028495788574,0.03028401918709278,0.015286690555512905,,,,
59.0,1253,475256.915718223,1757672716.9459803,6629.0,0.0010000000474974513,0.034956902265548706,0.030421698465943336,0.015117347240447998,,,,
59.0,1254,475880.376278512,1757673340.4064214,6639.0,0.0010000000474974513,0.03708302229642868,0.03240048140287399,0.015608468092978,,,,
59.0,1255,476401.69633282,1757673861.7266912,6649.0,0.0010000000474974513,0.03467840328812599,0.030125228688120842,0.015177236869931221,,,,
59.0,1256,476904.81538945,1757674364.845274,6659.0,0.0010000000474974513,0.03665877878665924,0.032077182084321976,0.015271984040737152,,,,
,1257,477830.514148409,1757675290.5447555,,,,,,,,,
,1258,477831.75265704,1757675291.7833,,,,,,,,,
,1259,477831.757987552,1757675291.7885273,,,,,,,,,0.01096518523991108
,1260,477831.967704172,1757675291.99834,,,,,,,,,
59.0,1261,477832.558467346,1757675292.5888906,6659.0,,,,,0.5231450200080872,0.0009486516937613487,0.48209720849990845,
,1262,477833.181417323,1757675293.2120306,,,,,,,,,
,1263,477834.30109739,1757675294.3317285,,,,,,,,,
,1264,477834.307308276,1757675294.3379068,,,,,,,,,
,1265,477834.514843872,1757675294.54544,,,,,,,,,
59.0,1266,477843.644601119,1757675303.6706045,6659.0,,,,,,,,
60.0,1267,478831.897886991,1757676291.928022,6669.0,0.0010000000474974513,0.03279231861233711,0.02837708778679371,0.014717432670295238,,,,
60.0,1268,479452.751746314,1757676912.781136,6679.0,0.0010000000474974513,0.03216661885380745,0.027554301545023918,0.015374384820461273,,,,
60.0,1269,480079.663137784,1757677539.69301,6689.0,0.0010000000474974513,0.03266165778040886,0.02804873324930668,0.015376417897641659,,,,
60.0,1270,480705.386501911,1757678165.416602,6699.0,0.0010000000474974513,0.03238474577665329,0.027782388031482697,0.015341199934482574,,,,
60.0,1271,481330.408932538,1757678790.4386935,6709.0,0.0010000000474974513,0.030907101929187775,0.026321865618228912,0.01528412476181984,,,,
60.0,1272,481949.29700727,1757679409.32716,6719.0,0.0010000000474974513,0.03493008017539978,0.03049395978450775,0.014787071384489536,,,,
60.0,1273,482572.33311079,1757680032.3629487,6729.0,0.0010000000474974513,0.030239274725317955,0.025629298761487007,0.01536658126860857,,,,
60.0,1274,483196.190421861,1757680656.2198324,6739.0,0.0010000000474974513,0.030163805931806564,0.025713080540299416,0.014835755340754986,,,,
60.0,1275,483819.783947805,1757681279.8142874,6749.0,0.0010000000474974513,0.029938898980617523,0.025446267798542976,0.014975439757108688,,,,
60.0,1276,484351.805478896,1757681811.8356063,6759.0,0.0010000000474974513,0.030229520052671432,0.02582993358373642,0.014665286056697369,,,,
60.0,1277,484865.079773317,1757682325.1099455,6769.0,0.0010000000474974513,0.029203718528151512,0.024700652807950974,0.015010218136012554,,,,
,1278,485828.185151765,1757683288.215704,,,,,,,,,
,1279,485829.389226151,1757683289.4198625,,,,,,,,,
,1280,485829.394627102,1757683289.4252028,,,,,,,,,0.0016616771463304758
,1281,485829.60375415,1757683289.6344032,,,,,,,,,
60.0,1282,485829.606360189,1757683289.636883,6770.0,,,,,0.3072853088378906,-0.0023550326004624367,0.2660652697086334,
,1283,485830.224972929,1757683290.2555711,,,,,,,,,
,1284,485831.393469492,1757683291.4240851,,,,,,,,,
,1285,485831.399919143,1757683291.4304788,,,,,,,,,
,1286,485831.604702799,1757683291.6353006,,,,,,,,,
60.0,1287,485839.55992282,1757683299.5866346,6770.0,,,,,,,,
61.0,1288,486768.760906544,1757684228.790848,6779.0,0.0010000000474974513,0.028869733214378357,0.024345628917217255,0.015080349519848824,,,,
61.0,1289,487391.918613978,1757684851.9487367,6789.0,0.0010000000474974513,0.028670761734247208,0.024041391909122467,0.0154312364757061,,,,
61.0,1290,488015.203633384,1757685475.2335782,6799.0,0.0010000000474974513,0.02851703017950058,0.023914450779557228,0.015341930091381073,,,,
61.0,1291,488634.692282602,1757686094.7225535,6809.0,0.0010000000474974513,0.02576969750225544,0.021368131041526794,0.014671887271106243,,,,
61.0,1292,489257.770754053,1757686717.8008153,6819.0,0.0010000000474974513,0.027958204969763756,0.02355191670358181,0.014687629416584969,,,,
61.0,1293,489882.634672349,1757687342.6647873,6829.0,0.0010000000474974513,0.027527684345841408,0.023101449012756348,0.014754114672541618,,,,
61.0,1294,490505.310364036,1757687965.3405724,6839.0,0.0010000000474974513,0.026792803779244423,0.022369137033820152,0.014745554886758327,,,,
61.0,1295,491128.255039873,1757688588.2852266,6849.0,0.0010000000474974513,0.02590150013566017,0.021521003916859627,0.014601660892367363,,,,
61.0,1296,491749.47763598,1757689209.507603,6859.0,0.0010000000474974513,0.02732052095234394,0.022665083408355713,0.015518125146627426,,,,
61.0,1297,492289.899241291,1757689749.9293242,6869.0,0.0010000000474974513,0.027322355657815933,0.022804206237196922,0.015060490928590298,,,,
61.0,1298,492804.577809111,1757690264.6081681,6879.0,0.0010000000474974513,0.025741998106241226,0.02140832133591175,0.01444559171795845,,,,
,1299,493820.983755857,1757691281.014383,,,,,,,,,
,1300,493822.140697046,1757691282.1713371,,,,,,,,,
,1301,493822.146500723,1757691282.177068,,,,,,,,,-0.009676056914031506
,1302,493822.354578186,1757691282.3852265,,,,,,,,,
61.0,1303,493822.373641624,1757691282.4040904,6881.0,,,,,0.09832737594842911,-0.0037720375694334507,0.05578714609146118,
,1304,493822.980584119,1757691283.0112052,,,,,,,,,
,1305,493824.167886812,1757691284.1985,,,,,,,,,
,1306,493824.174632046,1757691284.2051935,,,,,,,,,
,1307,493824.382872117,1757691284.4134898,,,,,,,,,
61.0,1308,493836.888795765,1757691296.9148405,6881.0,,,,,,,,
62.0,1309,494697.306420036,1757692157.3368819,6889.0,0.0010000000474974513,0.024094780907034874,0.01976512186229229,0.01443219929933548,,,,
62.0,1310,495319.88278332,1757692779.9131255,6899.0,0.0010000000474974513,0.02337927371263504,0.01913708634674549,0.014140625484287739,,,,
62.0,1311,495942.49251739,1757693402.5225294,6909.0,0.0010000000474974513,0.025558926165103912,0.021111346781253815,0.014825265854597092,,,,
62.0,1312,496564.572410379,1757694024.6025298,6919.0,0.0010000000474974513,0.024929489940404892,0.02043769508600235,0.014972647652029991,,,,
62.0,1313,497184.408821582,1757694644.438699,6929.0,0.0010000000474974513,0.02428722009062767,0.019948044791817665,0.01446391362696886,,,,
62.0,1314,497799.902353316,1757695259.932874,6939.0,0.0010000000474974513,0.024228904396295547,0.019572971388697624,0.015519775450229645,,,,
62.0,1315,498416.765354211,1757695876.7953022,6949.0,0.0010000000474974513,0.0226678978651762,0.01838841661810875,0.014264934696257114,,,,
62.0,1316,499035.218060151,1757696495.248093,6959.0,0.0010000000474974513,0.022883279249072075,0.01853972300887108,0.014478525146842003,,,,
62.0,1317,499656.14639069,1757697116.1765308,6969.0,0.0010000000474974513,0.022639689967036247,0.018365662544965744,0.01424675527960062,,,,
62.0,1318,500208.105212298,1757697668.1355991,6979.0,0.0010000000474974513,0.023114603012800217,0.018703024834394455,0.014705252833664417,,,,
62.0,1319,500718.50172917,1757698178.5320423,6989.0,0.0010000000474974513,0.022844398394227028,0.01858329027891159,0.014203699305653572,,,,
,1320,501777.919600922,1757699237.950176,,,,,,,,,
,1321,501779.084708181,1757699239.1153173,,,,,,,,,
,1322,501779.089976609,1757699239.1205554,,,,,,,,,0.010422857478260994
,1323,501779.29476582,1757699239.3253858,,,,,,,,,
62.0,1324,501779.936059003,1757699239.9665284,6992.0,,,,,0.12949317693710327,0.01626567356288433,0.09013603627681732,
,1325,501780.534989008,1757699240.5655928,,,,,,,,,
,1326,501781.769092451,1757699241.7997344,,,,,,,,,
,1327,501781.775624307,1757699241.8061848,,,,,,,,,
,1328,501781.981714624,1757699242.0123625,,,,,,,,,
62.0,1329,501790.444914014,1757699250.471662,6992.0,,,,,,,,
63.0,1330,502590.635231187,1757700050.6652467,6999.0,0.0010000000474974513,0.02258460782468319,0.018247026950120926,0.01445859670639038,,,,
63.0,1331,503213.582429992,1757700673.6126099,7009.0,0.0010000000474974513,0.020765218883752823,0.01644032448530197,0.014416310004889965,,,,
63.0,1332,503833.957613174,1757701293.9872584,7019.0,0.0010000000474974513,0.022600581869482994,0.018015336245298386,0.01528414897620678,,,,
63.0,1333,504454.398266849,1757701914.428285,7029.0,0.0010000000474974513,0.021663444116711617,0.017206953838467598,0.01485496573150158,,,,
63.0,1334,505078.094370301,1757702538.124449,7039.0,0.0010000000474974513,0.020863572135567665,0.016529496759176254,0.014446914196014404,,,,
63.0,1335,505699.67937155,1757703159.7092457,7049.0,0.0010000000474974513,0.020937420427799225,0.01662774384021759,0.014365593902766705,,,,
63.0,1336,506324.441415096,1757703784.4718575,7059.0,0.0010000000474974513,0.02048594132065773,0.01611684449017048,0.014563657343387604,,,,
63.0,1337,506947.041454039,1757704407.0717604,7069.0,0.0010000000474974513,0.019587188959121704,0.015337446704506874,0.014165809378027916,,,,
63.0,1338,507566.472391684,1757705026.5028532,7079.0,0.0010000000474974513,0.019708728417754173,0.015412593260407448,0.014320445246994495,,,,
63.0,1339,508129.327401856,1757705589.3577135,7089.0,0.0010000000474974513,0.02137402817606926,0.01695450022816658,0.014731750823557377,,,,
63.0,1340,508643.130963378,1757706103.1609879,7099.0,0.0010000000474974513,0.018490955233573914,0.014328892342746258,0.013873540796339512,,,,
,1341,509760.801126757,1757707220.8317142,,,,,,,,,
,1342,509761.931672598,1757707221.9622757,,,,,,,,,
,1343,509761.937245265,1757707221.9678268,,,,,,,,,0.028704196214675903
,1344,509762.144927157,1757707222.1755266,,,,,,,,,
63.0,1345,509762.209537848,1757707222.240068,7103.0,,,,,0.08054566383361816,0.02954828552901745,0.03923271968960762,
,1346,509762.806194444,1757707222.8368156,,,,,,,,,
,1347,509764.586255738,1757707224.6168568,,,,,,,,,
,1348,509764.592830028,1757707224.6234164,,,,,,,,,
,1349,509764.797246554,1757707224.827842,,,,,,,,,
63.0,1350,509777.146485309,1757707237.1726596,7103.0,,,,,,,,
64.0,1351,510514.853281019,1757707974.883297,7109.0,0.0010000000474974513,0.019441775977611542,0.015264779329299927,0.013923320919275284,,,,
64.0,1352,511138.369629431,1757708598.399814,7119.0,0.0010000000474974513,0.01959783397614956,0.015093301422894001,0.015015104785561562,,,,
64.0,1353,511761.781007162,1757709221.8108995,7129.0,0.0010000000474974513,0.019969571381807327,0.015731148421764374,0.01412807684391737,,,,
64.0,1354,512384.144448004,1757709844.1747563,7139.0,0.0010000000474974513,0.018250856548547745,0.014048636890947819,0.01400739699602127,,,,
64.0,1355,513006.4943391,1757710466.5245547,7149.0,0.0010000000474974513,0.017756596207618713,0.013682367280125618,0.013580764643847942,,,,
64.0,1356,513626.333615299,1757711086.3637893,7159.0,0.0010000000474974513,0.017386939376592636,0.013256905600428581,0.013766780495643616,,,,
64.0,1357,514253.525376156,1757711713.5552897,7169.0,0.0010000000474974513,0.01679074764251709,0.012631690129637718,0.013863522559404373,,,,
64.0,1358,514877.727320534,1757712337.7553072,7179.0,0.0010000000474974513,0.017901591956615448,0.013794392347335815,0.01369066908955574,,,,
64.0,1359,515500.521735514,1757712960.5516326,7189.0,0.0010000000474974513,0.016914309933781624,0.012766397558152676,0.013826374895870686,,,,
64.0,1360,516076.063733844,1757713536.0939367,7199.0,0.0010000000474974513,0.016743455082178116,0.012727332301437855,0.013387074694037437,,,,
64.0,1361,516590.252054434,1757714050.2823868,7209.0,0.0010000000474974513,0.017358701676130295,0.013224970549345016,0.013779104687273502,,,,
,1362,517757.762853945,1757715217.793489,,,,,,,,,
,1363,517758.95995181,1757715218.9905958,,,,,,,,,
,1364,517758.965304089,1757715218.9958725,,,,,,,,,0.03254825621843338
,1365,517759.176068463,1757715219.2067223,,,,,,,,,
64.0,1366,517759.236803656,1757715219.2673085,7214.0,,,,,0.5223032832145691,0.018070904538035393,0.4793385863304138,
,1367,517759.860982516,1757715219.88868,,,,,,,,,
,1368,517761.043043233,1757715221.0736709,,,,,,,,,
,1369,517761.049563469,1757715221.0801268,,,,,,,,,
,1370,517761.257940417,1757715221.2885573,,,,,,,,,
64.0,1371,517769.860410363,1757715229.8864422,7214.0,,,,,,,,
65.0,1372,518448.909099879,1757715908.93881,7219.0,0.0010000000474974513,0.01714416593313217,0.013113198801875114,0.013436563313007355,,,,
65.0,1373,519073.238954804,1757716533.2687945,7229.0,0.0010000000474974513,0.01660449616611004,0.012627055868506432,0.013258134014904499,,,,
65.0,1374,519695.723774558,1757717155.7542198,7239.0,0.0010000000474974513,0.016430145129561424,0.01229577325284481,0.013781235553324223,,,,
65.0,1375,520316.650408305,1757717776.6804664,7249.0,0.0010000000474974513,0.015069662593305111,0.011074995622038841,0.013315554708242416,,,,
65.0,1376,520937.353276916,1757718397.3831327,7259.0,0.0010000000474974513,0.016377266496419907,0.012300653383135796,0.013588713482022285,,,,
65.0,1377,521563.341676758,1757719023.3719506,7269.0,0.0010000000474974513,0.016201592981815338,0.012299573048949242,0.013006732799112797,,,,
65.0,1378,522186.689745674,1757719646.7198603,7279.0,0.0010000000474974513,0.016810555011034012,0.012604642659425735,0.014019709080457687,,,,
65.0,1379,522805.639930671,1757720265.6700857,7289.0,0.0010000000474974513,0.015207917429506779,0.011004168540239334,0.014012498781085014,,,,
65.0,1380,523426.197395512,1757720886.2278392,7299.0,0.0010000000474974513,0.015375770628452301,0.01141532976180315,0.013201472349464893,,,,
65.0,1381,524011.376693999,1757721471.4067166,7309.0,0.0010000000474974513,0.014622565358877182,0.010729034431278706,0.012978438287973404,,,,
65.0,1382,524524.100794637,1757721984.130839,7319.0,0.0010000000474974513,0.015317057259380817,0.011319611221551895,0.013324818573892117,,,,
,1383,525743.649258946,1757723203.679895,,,,,,,,,
,1384,525744.876974004,1757723204.9075735,,,,,,,,,
,1385,525744.882266303,1757723204.9128404,,,,,,,,,0.01598568819463253
,1386,525745.095245656,1757723205.1258612,,,,,,,,,
65.0,1387,525745.553382528,1757723205.5838351,7325.0,,,,,0.5214540362358093,0.01054918859153986,0.47710856795310974,
,1388,525746.20614602,1757723206.2367153,,,,,,,,,
,1389,525747.355610407,1757723207.386257,,,,,,,,,
,1390,525747.362002438,1757723207.3925698,,,,,,,,,
,1391,525747.573080131,1757723207.6037354,,,,,,,,,
65.0,1392,525755.699370634,1757723215.72603,7325.0,,,,,,,,
66.0,1393,526375.654819082,1757723835.684569,7329.0,0.0010000000474974513,0.014800481498241425,0.010899828746914864,0.013002173975110054,,,,
66.0,1394,526999.52641266,1757724459.5566094,7339.0,0.0010000000474974513,0.01583281345665455,0.011761682108044624,0.013570435345172882,,,,
66.0,1395,527618.981856836,1757725079.0121295,7349.0,0.0010000000474974513,0.014878530986607075,0.01089602429419756,0.013275020755827427,,,,
66.0,1396,528241.394094429,1757725701.424038,7359.0,0.0010000000474974513,0.013784126378595829,0.009938951581716537,0.01281724963337183,,,,
66.0,1397,528867.23089205,1757726327.2610354,7369.0,0.0010000000474974513,0.014616500586271286,0.010791882872581482,0.012748725712299347,,,,
66.0,1398,529491.498911211,1757726951.5289974,7379.0,0.0010000000474974513,0.012799035757780075,0.008997746743261814,0.012670961208641529,,,,
66.0,1399,530114.899612237,1757727574.9301496,7389.0,0.0010000000474974513,0.01374383457005024,0.00991380400955677,0.012766770087182522,,,,
66.0,1400,530734.827634514,1757728194.8571277,7399.0,0.0010000000474974513,0.014680750668048859,0.01077391766011715,0.013022782281041145,,,,
66.0,1401,531355.422826739,1757728815.4533546,7409.0,0.0010000000474974513,0.01331833191215992,0.00940334890037775,0.01304994523525238,,,,
66.0,1402,531951.802986967,1757729411.8333588,7419.0,0.0010000000474974513,0.013485930860042572,0.009593520313501358,0.012974702753126621,,,,
66.0,1403,532467.427841563,1757729927.457973,7429.0,0.0010000000474974513,0.013564402237534523,0.009593607857823372,0.01323598064482212,,,,
,1404,533742.667902883,1757731202.6985185,,,,,,,,,
,1405,533743.836822311,1757731203.867475,,,,,,,,,
,1406,533743.842238783,1757731203.8728087,,,,,,,,,4.2711355490610003e-05
,1407,533744.055019453,1757731204.0856657,,,,,,,,,
66.0,1408,533744.057660237,1757731204.088212,7436.0,,,,,0.1848944127559662,0.00032731349347159266,0.13916145265102386,
,1409,533744.66601959,1757731204.6966221,,,,,,,,,
,1410,533745.937418416,1757731205.968034,,,,,,,,,
,1411,533745.943794008,1757731205.974373,,,,,,,,,
,1412,533746.151438701,1757731206.182067,,,,,,,,,
66.0,1413,533755.314346311,1757731215.3400333,7436.0,,,,,,,,
67.0,1414,534311.88580523,1757731771.9157789,7439.0,0.0010000000474974513,0.013194061815738678,0.009276007302105427,0.013060182332992554,,,,
67.0,1415,534933.431425671,1757732393.4610207,7449.0,0.0010000000474974513,0.013311724178493023,0.009421129710972309,0.01296864915639162,,,,
67.0,1416,535555.348787648,1757733015.378909,7459.0,0.0010000000474974513,0.012455669231712818,0.008706596679985523,0.012496909126639366,,,,
67.0,1417,536179.550598244,1757733639.5808868,7469.0,0.0010000000474974513,0.012894507497549057,0.009203873574733734,0.012302113696932793,,,,
67.0,1418,536804.849023914,1757734264.8792684,7479.0,0.0010000000474974513,0.012444555759429932,0.008693295530974865,0.01250420045107603,,,,
67.0,1419,537424.452392569,1757734884.4823236,7489.0,0.0010000000474974513,0.013301548548042774,0.009383758530020714,0.013059296645224094,,,,
67.0,1420,538046.442214519,1757735506.4726539,7499.0,0.0010000000474974513,0.012067822739481926,0.008336074650287628,0.012439158745110035,,,,
67.0,1421,538671.052994377,1757736131.0832498,7509.0,0.0010000000474974513,0.012810757383704185,0.009052596986293793,0.012527198530733585,,,,
67.0,1422,539293.054136406,1757736753.0840056,7519.0,0.0010000000474974513,0.011900519952178001,0.008222406730055809,0.012260371819138527,,,,
67.0,1423,539901.27005131,1757737361.3003306,7529.0,0.0010000000474974513,0.012233579531311989,0.008552197366952896,0.01227127481251955,,,,
67.0,1424,540414.828128736,1757737874.858312,7539.0,0.0010000000474974513,0.010774345137178898,0.007187965791672468,0.011954596266150475,,,,
,1425,541737.983210356,1757739198.013842,,,,,,,,,
,1426,541739.144723602,1757739199.1753232,,,,,,,,,
,1427,541739.150489779,1757739199.1810148,,,,,,,,,0.018033096566796303
,1428,541739.360437438,1757739199.391052,,,,,,,,,
67.0,1429,541739.406549978,1757739199.437069,7547.0,,,,,0.16035018861293793,0.016771048307418823,0.1211913600564003,
,1430,541740.003690402,1757739200.034319,,,,,,,,,
,1431,541741.241555023,1757739201.272202,,,,,,,,,
,1432,541741.248070957,1757739201.2786517,,,,,,,,,
,1433,541741.458586611,1757739201.4892159,,,,,,,,,
67.0,1434,541749.371563371,1757739209.3979807,7547.0,,,,,,,,
68.0,1435,542237.492177504,1757739697.521947,7549.0,0.0010000000474974513,0.011872353032231331,0.008221995085477829,0.012167860753834248,,,,
68.0,1436,542861.870548461,1757740321.9003532,7559.0,0.0010000000474974513,0.011766303330659866,0.008079837076365948,0.012288221158087254,,,,
68.0,1437,543487.121831792,1757740947.1517794,7569.0,0.0010000000474974513,0.011214560829102993,0.0076432484202086926,0.011904376558959484,,,,
68.0,1438,544108.543739609,1757741568.5734293,7579.0,0.0010000000474974513,0.01233842596411705,0.008648721501231194,0.012299014255404472,,,,
68.0,1439,544729.582806929,1757742189.613104,7589.0,0.0010000000474974513,0.010648926720023155,0.007167721167206764,0.01160402037203312,,,,
68.0,1440,545349.500088891,1757742809.529737,7599.0,0.0010000000474974513,0.011844883672893047,0.008221276104450226,0.012078691273927689,,,,
68.0,1441,545970.65114443,1757743430.6811411,7609.0,0.0010000000474974513,0.011216670274734497,0.007620302494615316,0.011987892910838127,,,,
68.0,1442,546596.186341425,1757744056.2165933,7619.0,0.0010000000474974513,0.01161433570086956,0.008015550673007965,0.011995951645076275,,,,
68.0,1443,547216.460630587,1757744676.4908142,7629.0,0.0010000000474974513,0.011339198797941208,0.007832271978259087,0.011689756065607071,,,,
68.0,1444,547834.720675521,1757745294.7506626,7639.0,0.0010000000474974513,0.010932639241218567,0.007411573082208633,0.011736886575818062,,,,
68.0,1445,548347.238199942,1757745807.2683558,7649.0,0.0010000000474974513,0.010739120654761791,0.00721416249871254,0.011749859899282455,,,,
,1446,549720.946431325,1757747180.9770312,,,,,,,,,
,1447,549722.080750161,1757747182.1113603,,,,,,,,,
,1448,549722.085979429,1757747182.116545,,,,,,,,,0.03320582956075668
,1449,549722.296239386,1757747182.3268514,,,,,,,,,
68.0,1450,549722.923521011,1757747182.9539855,7658.0,,,,,0.27271002531051636,0.017548050731420517,0.23071540892124176,
,1451,549723.517258046,1757747183.5479033,,,,,,,,,
,1452,549724.697838522,1757747184.72846,,,,,,,,,
,1453,549724.704202294,1757747184.734796,,,,,,,,,
,1454,549724.91193594,1757747184.9425526,,,,,,,,,
68.0,1455,549732.833153347,1757747192.8597145,7658.0,,,,,,,,
69.0,1456,550167.489478755,1757747627.51956,7659.0,0.0010000000474974513,0.011610962450504303,0.007836798205971718,0.012580547481775284,,,,
69.0,1457,550789.947568136,1757748249.9780123,7669.0,0.0010000000474974513,0.012024864554405212,0.008182098157703876,0.012809219770133495,,,,
69.0,1458,551410.810317548,1757748870.8401535,7679.0,0.0010000000474974513,0.011447960510849953,0.007793117314577103,0.012182807549834251,,,,
69.0,1459,552033.305007769,1757749493.3351145,7689.0,0.0010000000474974513,0.011539595201611519,0.007829305715858936,0.01236763410270214,,,,
69.0,1460,552659.420748831,1757750119.4511826,7699.0,0.0010000000474974513,0.010468976572155952,0.007082472089678049,0.011288344860076904,,,,
69.0,1461,553280.969224791,1757750740.998515,7709.0,0.0010000000474974513,0.010660987347364426,0.007106037810444832,0.011849832721054554,,,,
69.0,1462,553903.10395519,1757751363.1338236,7719.0,0.0010000000474974513,0.011582426726818085,0.007984495721757412,0.0119931036606431,,,,
69.0,1463,554527.787528848,1757751987.8174424,7729.0,0.0010000000474974513,0.010761029087007046,0.007327912840992212,0.011443721130490303,,,,
69.0,1464,555150.303470333,1757752610.333094,7739.0,0.0010000000474974513,0.009512312710285187,0.006313060875982046,0.010664167813956738,,,,
69.0,1465,555773.448952609,1757753233.478192,7749.0,0.0010000000474974513,0.010519769974052906,0.007131695281714201,0.011293582618236542,,,,
69.0,1466,556297.685196111,1757753757.7153664,7759.0,0.0010000000474974513,0.01099627185612917,0.007507573813199997,0.011628994718194008,,,,
69.0,1467,556802.199223816,1757754262.229161,7769.0,0.0010000000474974513,0.011031882837414742,0.0077005112543702126,0.011104571633040905,,,,
,1468,557723.551287281,1757755183.5818355,,,,,,,,,
,1469,557724.810197296,1757755184.840835,,,,,,,,,
,1470,557724.815684655,1757755184.8462582,,,,,,,,,-0.004474401008337736
,1471,557725.024586404,1757755185.0552394,,,,,,,,,
69.0,1472,557725.027254828,1757755185.0577855,7769.0,,,,,0.569133996963501,0.002204568823799491,0.5275818705558777,
,1473,557725.631576293,1757755185.6621888,,,,,,,,,
,1474,557726.760915745,1757755186.7915018,,,,,,,,,
,1475,557726.76720096,1757755186.7977505,,,,,,,,,
,1476,557726.97539024,1757755187.0060358,,,,,,,,,
69.0,1477,557735.596794069,1757755195.6226876,7769.0,,,,,,,,
70.0,1478,558724.875022381,1757756184.9051006,7779.0,0.0010000000474974513,0.010459184646606445,0.007130371406674385,0.011096041649580002,,,,
70.0,1479,559348.004786855,1757756808.035099,7789.0,0.0010000000474974513,0.011130183935165405,0.007564837578684092,0.011884489096701145,,,,
70.0,1480,559970.973087008,1757757431.0032763,7799.0,0.0010000000474974513,0.010048417374491692,0.006701576057821512,0.01115613803267479,,,,
70.0,1481,560594.722085508,1757758054.7520487,7809.0,0.0010000000474974513,0.010657651349902153,0.007282380945980549,0.011250901035964489,,,,
70.0,1482,561217.548194059,1757758677.577993,7819.0,0.0010000000474974513,0.01063392125070095,0.007139271125197411,0.011648831889033318,,,,
70.0,1483,561843.731103146,1757759303.7613041,7829.0,0.0010000000474974513,0.010672850534319878,0.00726144015789032,0.011371368542313576,,,,
70.0,1484,562464.401268784,1757759924.4314535,7839.0,0.0010000000474974513,0.009190787561237812,0.005932929925620556,0.010859526693820953,,,,
70.0,1485,563085.237182585,1757760545.26652,7849.0,0.0010000000474974513,0.010017079301178455,0.006649373099207878,0.011225687339901924,,,,
70.0,1486,563709.190821767,1757761169.2209852,7859.0,0.0010000000474974513,0.010180811397731304,0.006829424761235714,0.011171288788318634,,,,
70.0,1487,564242.111548025,1757761702.141807,7869.0,0.0010000000474974513,0.00998417753726244,0.006780837196856737,0.010677799582481384,,,,
70.0,1488,564756.231121644,1757762216.2611046,7879.0,0.0010000000474974513,0.009817471727728844,0.00658540241420269,0.010773565620183945,,,,
,1489,565721.366076472,1757763181.3966825,,,,,,,,,
,1490,565722.557359593,1757763182.587992,,,,,,,,,
,1491,565722.563029409,1757763182.5935748,,,,,,,,,0.005678164307028055
,1492,565722.773203321,1757763182.8038485,,,,,,,,,
70.0,1493,565722.85411008,1757763182.8845813,7880.0,,,,,0.16375862061977386,-0.006202021613717079,0.12434625625610352,
,1494,565723.486477448,1757763183.517063,,,,,,,,,
,1495,565724.628713545,1757763184.6593273,,,,,,,,,
,1496,565724.635369706,1757763184.6659575,,,,,,,,,
,1497,565724.877257361,1757763184.9079049,,,,,,,,,
70.0,1498,565732.829466796,1757763192.8560226,7880.0,,,,,,,,
71.0,1499,566664.220111125,1757764124.2502322,7889.0,0.0010000000474974513,0.009836138226091862,0.006598742213100195,0.01079131755977869,,,,
71.0,1500,567285.877959947,1757764745.9082603,7899.0,0.0010000000474974513,0.009471663273870945,0.006336223799735308,0.010451462119817734,,,,
71.0,1501,567907.953899789,1757765367.983855,7909.0,0.0010000000474974513,0.009352535009384155,0.0061194258742034435,0.01077702920883894,,,,
71.0,1502,568531.881899682,1757765991.9120104,7919.0,0.0010000000474974513,0.009065965190529823,0.006022005807608366,0.010146530345082283,,,,
71.0,1503,569153.409593235,1757766613.4399104,7929.0,0.0010000000474974513,0.009434891864657402,0.006283732131123543,0.010503865778446198,,,,
71.0,1504,569773.362136616,1757767233.392042,7939.0,0.0010000000474974513,0.009048894979059696,0.005916921887546778,0.010439909063279629,,,,
71.0,1505,570396.992668849,1757767857.023221,7949.0,0.0010000000474974513,0.009260980412364006,0.00615828949958086,0.010342302732169628,,,,
71.0,1506,571016.170145777,1757768476.2001188,7959.0,0.0010000000474974513,0.00901743583381176,0.005973781459033489,0.010145513340830803,,,,
71.0,1507,571641.073909145,1757769101.1038601,7969.0,0.0010000000474974513,0.008905773051083088,0.005909791681915522,0.009986606426537037,,,,
71.0,1508,572186.003926012,1757769646.034188,7979.0,0.0010000000474974513,0.009602149948477745,0.006310662254691124,0.01097162812948227,,,,
71.0,1509,572698.402797344,1757770158.4327404,7989.0,0.0010000000474974513,0.01020701602101326,0.006860858760774136,0.011153855361044407,,,,
,1510,573712.812223445,1757771172.8428538,,,,,,,,,
,1511,573713.931564573,1757771173.9622018,,,,,,,,,
,1512,573713.936916187,1757771173.9674623,,,,,,,,,-0.0025634318590164185
,1513,573714.147786767,1757771174.1783965,,,,,,,,,
71.0,1514,573714.867891968,1757771174.8983202,7991.0,,,,,0.34509336948394775,0.0018178584286943078,0.30397695302963257,
,1515,573715.46351017,1757771175.4940655,,,,,,,,,
,1516,573716.609368418,1757771176.6399562,,,,,,,,,
,1517,573716.616077977,1757771176.6466434,,,,,,,,,
,1518,573716.823625022,1757771176.8542447,,,,,,,,,
71.0,1519,573725.540770954,1757771185.5665498,7991.0,,,,,,,,
72.0,1520,574588.534558052,1757772048.56456,7999.0,0.0010000000474974513,0.009207002818584442,0.0061114816926419735,0.010318403132259846,,,,
72.0,1521,575214.288927719,1757772674.3188334,8009.0,0.0010000000474974513,0.009087314829230309,0.005982356145977974,0.010349863208830357,,,,
72.0,1522,575838.784985419,1757773298.8151705,8019.0,0.0010000000474974513,0.009712619706988335,0.006528499070554972,0.01061373483389616,,,,
72.0,1523,576461.349573765,1757773921.3798423,8029.0,0.0010000000474974513,0.009877713397145271,0.006713309325277805,0.01054801419377327,,,,
72.0,1524,577082.696736515,1757774542.7266643,8039.0,0.0010000000474974513,0.00955265387892723,0.006553493440151215,0.009997203946113586,,,,
72.0,1525,577706.167466313,1757775166.1974187,8049.0,0.0010000000474974513,0.009182259440422058,0.006104694679379463,0.010258547030389309,,,,
72.0,1526,578330.133333486,1757775790.163918,8059.0,0.0010000000474974513,0.01023953314870596,0.0069342367351055145,0.011017654091119766,,,,
72.0,1527,578952.705400675,1757776412.7357707,8069.0,0.0010000000474974513,0.00911732017993927,0.006148679181933403,0.009895469062030315,,,,
72.0,1528,579577.823108723,1757777037.8533747,8079.0,0.0010000000474974513,0.008641978725790977,0.005775190889835358,0.009555963799357414,,,,
72.0,1529,580132.699731873,1757777592.7301736,8089.0,0.0010000000474974513,0.009160149842500687,0.006176586262881756,0.009945210069417953,,,,
72.0,1530,580647.680250032,1757778107.7103398,8099.0,0.0010000000474974513,0.008922514505684376,0.0060212863609194756,0.009670760482549667,,,,
,1531,581711.871728559,1757779171.9023445,,,,,,,,,
,1532,581713.069083375,1757779173.099696,,,,,,,,,
,1533,581713.074554102,1757779173.1051354,,,,,,,,,0.017648085951805115
,1534,581713.284604973,1757779173.315263,,,,,,,,,
72.0,1535,581713.287472534,1757779173.3179722,8102.0,,,,,0.06843207776546478,0.016180219128727913,0.02462383732199669,
,1536,581713.880975023,1757779173.9056401,,,,,,,,,
,1537,581715.121403531,1757779175.152049,,,,,,,,,
,1538,581715.127610485,1757779175.1581848,,,,,,,,,
,1539,581715.336580406,1757779175.3672273,,,,,,,,,
72.0,1540,581727.625462506,1757779187.6514833,8102.0,,,,,,,,
73.0,1541,582533.840102784,1757779993.870268,8109.0,0.0010000000474974513,0.008903187699615955,0.005991033744066954,0.009707178920507431,,,,
73.0,1542,583154.918164059,1757780614.9486852,8119.0,0.0010000000474974513,0.009060142561793327,0.0060067567974328995,0.01017795316874981,,,,
73.0,1543,583777.909260997,1757781237.9394782,8129.0,0.0010000000474974513,0.007585920859128237,0.004876114893704653,0.009032685309648514,,,,
73.0,1544,584402.286817439,1757781862.316827,8139.0,0.0010000000474974513,0.008289085701107979,0.005496679805219173,0.009308015927672386,,,,
73.0,1545,585026.623929635,1757782486.6537023,8149.0,0.0010000000474974513,0.008562983945012093,0.00569471251219511,0.00956090446561575,,,,
73.0,1546,585648.043281902,1757783108.073177,8159.0,0.0010000000474974513,0.009274774231016636,0.0062262918800115585,0.010161607526242733,,,,
73.0,1547,586268.850980713,1757783728.8806102,8169.0,0.0010000000474974513,0.008146410807967186,0.005342982243746519,0.00934476125985384,,,,
73.0,1548,586889.758260708,1757784349.788378,8179.0,0.0010000000474974513,0.008742056787014008,0.005825219675898552,0.009722789749503136,,,,
73.0,1549,587513.085570394,1757784973.1155355,8189.0,0.0010000000474974513,0.008206120692193508,0.005450326018035412,0.009185981005430222,,,,
73.0,1550,588077.165558287,1757785537.1958299,8199.0,0.0010000000474974513,0.007899489253759384,0.005204321350902319,0.008983893319964409,,,,
73.0,1551,588592.166388935,1757786052.1964562,8209.0,0.0010000000474974513,0.007596559822559357,0.004957336001098156,0.008797413669526577,,,,
,1552,589708.376204405,1757787168.4067576,,,,,,,,,
,1553,589709.556766466,1757787169.5874126,,,,,,,,,
,1554,589709.562008705,1757787169.592579,,,,,,,,,0.005046171136200428
,1555,589709.770033796,1757787169.800658,,,,,,,,,
73.0,1556,589709.79855137,1757787169.8289745,8213.0,,,,,0.36831405758857727,0.008623830042779446,0.3244062662124634,
,1557,589710.384194031,1757787170.4147618,,,,,,,,,
,1558,589711.6115923,1757787171.6422052,,,,,,,,,
,1559,589711.618039853,1757787171.6486053,,,,,,,,,
,1560,589712.4206693,1757787172.4512925,,,,,,,,,
73.0,1561,589720.277148008,1757787180.303168,8213.0,,,,,,,,
74.0,1562,590466.598880926,1757787926.6288538,8219.0,0.0010000000474974513,0.007411204278469086,0.004879659973084927,0.008438481017947197,,,,
74.0,1563,591089.113434032,1757788549.1433415,8229.0,0.0010000000474974513,0.008447276428341866,0.005683204159140587,0.00921357236802578,,,,
74.0,1564,591714.322739895,1757789174.3525898,8239.0,0.0010000000474974513,0.008192917332053185,0.005401813890784979,0.009303676895797253,,,,
74.0,1565,592337.33536724,1757789797.365323,8249.0,0.0010000000474974513,0.008744509890675545,0.0058564068749547005,0.00962701067328453,,,,
74.0,1566,592956.72987492,1757790416.7594771,8259.0,0.0010000000474974513,0.008059411309659481,0.005427930969744921,0.00877160020172596,,,,
74.0,1567,593578.748621318,1757791038.7783809,8269.0,0.0010000000474974513,0.008394386619329453,0.005634829867631197,0.009198522195219994,,,,
74.0,1568,594202.61695711,1757791662.6473112,8279.0,0.0010000000474974513,0.007527525071054697,0.004915819503366947,0.008705684915184975,,,,
74.0,1569,594824.943763538,1757792284.9738038,8289.0,0.0010000000474974513,0.007492442615330219,0.0050187790766358376,0.00824554543942213,,,,
74.0,1570,595445.267064704,1757792905.296824,8299.0,0.0010000000474974513,0.007963107898831367,0.005319433286786079,0.008812249638140202,,,,
74.0,1571,596021.692183203,1757793481.7221544,8309.0,0.0010000000474974513,0.009126008488237858,0.00617069099098444,0.009851059876382351,,,,
74.0,1572,596533.08583129,1757793993.1156957,8319.0,0.0010000000474974513,0.008172143250703812,0.005546983797103167,0.008750532753765583,,,,
,1573,597699.037952481,1757795159.0684893,,,,,,,,,
,1574,597700.235221557,1757795160.2658587,,,,,,,,,
,1575,597700.240694667,1757795160.2712643,,,,,,,,,0.022904496639966965
,1576,597700.446956873,1757795160.4776015,,,,,,,,,
74.0,1577,597700.449545109,1757795160.4800608,8324.0,,,,,0.05918339639902115,0.01014147698879242,0.013298718258738518,
,1578,597701.02588181,1757795161.0565202,,,,,,,,,
,1579,597702.186054024,1757795162.2166986,,,,,,,,,
,1580,597702.192418929,1757795162.2229824,,,,,,,,,
,1581,597702.399207677,1757795162.4298246,,,,,,,,,
74.0,1582,597714.48927828,1757795174.5155604,8324.0,,,,,,,,
75.0,1583,598397.568226821,1757795857.5983207,8329.0,0.0010000000474974513,0.007517123594880104,0.0049309683963656425,0.008620519191026688,,,,
75.0,1584,599016.475877048,1757796476.50581,8339.0,0.0010000000474974513,0.00780445896089077,0.005257072858512402,0.008491287007927895,,,,
75.0,1585,599640.163325945,1757797100.1933846,8349.0,0.0010000000474974513,0.007886596955358982,0.005311384331434965,0.008584042079746723,,,,
75.0,1586,600264.51015097,1757797724.5395768,8359.0,0.0010000000474974513,0.00788235105574131,0.005393887870013714,0.008294874802231789,,,,
75.0,1587,600886.360783391,1757798346.3906567,8369.0,0.0010000000474974513,0.007575253024697304,0.005175599362701178,0.007998846471309662,,,,
75.0,1588,601510.001133393,1757798970.031004,8379.0,0.0010000000474974513,0.0070762671530246735,0.004672680981457233,0.0080119539052248,,,,
75.0,1589,602133.791713344,1757799593.8218033,8389.0,0.0010000000474974513,0.007324420381337404,0.005030430853366852,0.007646630518138409,,,,
75.0,1590,602753.79568658,1757800213.8256102,8399.0,0.0010000000474974513,0.007465152069926262,0.005038549192249775,0.008088675327599049,,,,
75.0,1591,603378.321158758,1757800838.3513298,8409.0,0.0010000000474974513,0.007025566883385181,0.004744182340800762,0.0076046171598136425,,,,
75.0,1592,603965.645358197,1757801425.6754458,8419.0,0.0010000000474974513,0.006896147038787603,0.004651845432817936,0.007481005974113941,,,,
75.0,1593,604479.483299917,1757801939.5133085,8429.0,0.0010000000474974513,0.007285907864570618,0.005028391256928444,0.0075250547379255295,,,,
,1594,605699.590604211,1757803159.6212275,,,,,,,,,
,1595,605700.77755331,1757803160.8081563,,,,,,,,,
,1596,605700.78282859,1757803160.8133855,,,,,,,,,0.022453757002949715
,1597,605700.992209779,1757803161.022861,,,,,,,,,
75.0,1598,605701.019380427,1757803161.0498834,8435.0,,,,,0.08715285360813141,0.018374450504779816,0.039822399616241455,
,1599,605701.604819702,1757803161.6354637,,,,,,,,,
,1600,605702.874273871,1757803162.9048707,,,,,,,,,
,1601,605702.880404021,1757803162.9109936,,,,,,,,,
,1602,605703.089599989,1757803163.1202497,,,,,,,,,
75.0,1603,605710.994229142,1757803171.0208895,8435.0,,,,,,,,
76.0,1604,606326.558665255,1757803786.5889482,8439.0,0.0010000000474974513,0.007047433406114578,0.0047299969010055065,0.00772478710860014,,,,
76.0,1605,606948.241817267,1757804408.2717783,8449.0,0.0010000000474974513,0.006907077971845865,0.00466939527541399,0.007458941079676151,,,,
76.0,1606,607573.538505299,1757805033.5682094,8459.0,0.0010000000474974513,0.00698927603662014,0.004736250266432762,0.00751008465886116,,,,
76.0,1607,608195.581122992,1757805655.6113324,8469.0,0.0010000000474974513,0.008448256179690361,0.005858859047293663,0.008631322532892227,,,,
76.0,1608,608815.572460355,1757806275.6028259,8479.0,0.0010000000474974513,0.006881445646286011,0.004606786649674177,0.007582197431474924,,,,
76.0,1609,609437.172993711,1757806897.2034993,8489.0,0.0010000000474974513,0.00685331504791975,0.0046333069913089275,0.007400026544928551,,,,
76.0,1610,610059.823642885,1757807519.8538516,8499.0,0.0010000000474974513,0.007183869834989309,0.004877186380326748,0.007688944227993488,,,,
76.0,1611,610684.715836227,1757808144.7456846,8509.0,0.0010000000474974513,0.0073048509657382965,0.004959637299180031,0.00781737919896841,,,,
76.0,1612,611309.431856234,1757808769.4619305,8519.0,0.0010000000474974513,0.006651502102613449,0.004443921148777008,0.007358602713793516,,,,
76.0,1613,611904.278730767,1757809364.308848,8529.0,0.0010000000474974513,0.00640397984534502,0.004367295652627945,0.006788946688175201,,,,
76.0,1614,612414.619967363,1757809874.6501422,8539.0,0.0010000000474974513,0.006367424502968788,0.004284212831407785,0.006944039836525917,,,,
,1615,613681.631536816,1757811141.6621056,,,,,,,,,
,1616,613682.751295765,1757811142.781933,,,,,,,,,
,1617,613682.756538834,1757811142.7871103,,,,,,,,,0.026959596201777458
,1618,613682.968975978,1757811142.9996119,,,,,,,,,
76.0,1619,613683.556025282,1757811143.5864604,8546.0,,,,,0.3811761438846588,0.02093401551246643,0.33885860443115234,
,1620,613684.144225749,1757811144.1748714,,,,,,,,,
,1621,613685.270705859,1757811145.3013406,,,,,,,,,
,1622,613685.277169048,1757811145.3077283,,,,,,,,,
,1623,613685.486846852,1757811145.5174575,,,,,,,,,
76.0,1624,613693.96654578,1757811153.9917605,8546.0,,,,,,,,
77.0,1625,614249.532503391,1757811709.56297,8549.0,0.0010000000474974513,0.007124130614101887,0.004880441352725029,0.0074789635837078094,,,,
77.0,1626,614872.135931576,1757812332.1658778,8559.0,0.0010000000474974513,0.007236100267618895,0.004925014916807413,0.0077036176808178425,,,,
77.0,1627,615492.761437463,1757812952.7919717,8569.0,0.0010000000474974513,0.007052714936435223,0.00481063686311245,0.007473593577742577,,,,
77.0,1628,616112.49985083,1757813572.5298235,8579.0,0.0010000000474974513,0.006791245192289352,0.004626914393156767,0.007214435376226902,,,,
77.0,1629,616737.141138632,1757814197.171124,8589.0,0.0010000000474974513,0.006583933252841234,0.004451167769730091,0.007109218742698431,,,,
77.0,1630,617359.287880574,1757814819.317901,8599.0,0.0010000000474974513,0.0063534751534461975,0.004360300488770008,0.006643915548920631,,,,
77.0,1631,617979.700827623,1757815439.7304702,8609.0,0.0010000000474974513,0.0064432863146066666,0.004371725022792816,0.006905204150825739,,,,
77.0,1632,618606.099775651,1757816066.1297407,8619.0,0.0010000000474974513,0.006772397086024284,0.004673467017710209,0.00699643325060606,,,,
77.0,1633,619231.403760664,1757816691.4336,8629.0,0.0010000000474974513,0.0066318754106760025,0.004565720912069082,0.0068871816620230675,,,,
77.0,1634,619839.438027317,1757817299.4682744,8639.0,0.0010000000474974513,0.007139844819903374,0.004922536201775074,0.007391027174890041,,,,
77.0,1635,620358.372123628,1757817818.4020417,8649.0,0.0010000000474974513,0.006352594122290611,0.004365553613752127,0.006623467430472374,,,,
,1636,621678.893422418,1757819138.9239902,,,,,,,,,
,1637,621680.058713711,1757819140.0893478,,,,,,,,,
,1638,621680.063929116,1757819140.0944922,,,,,,,,,0.03972671553492546
,1639,621680.276761271,1757819140.3073752,,,,,,,,,
77.0,1640,621680.306981397,1757819140.3375375,8657.0,,,,,0.10658329725265503,0.03668161854147911,0.06423041224479675,
,1641,621680.878310706,1757819140.9089208,,,,,,,,,
,1642,621682.057128797,1757819142.0877426,,,,,,,,,
,1643,621682.063628073,1757819142.094198,,,,,,,,,
,1644,621682.271709466,1757819142.3023114,,,,,,,,,
77.0,1645,621690.263306256,1757819150.2897596,8657.0,,,,,,,,
78.0,1646,622182.351354287,1757819642.3813543,8659.0,0.0010000000474974513,0.006542713847011328,0.004506876692175865,0.006786123383790255,,,,
78.0,1647,622806.597658068,1757820266.6281946,8669.0,0.0010000000474974513,0.006189101841300726,0.004174548666924238,0.006715177558362484,,,,
78.0,1648,623430.680171745,1757820890.710178,8679.0,0.0010000000474974513,0.0068711088970303535,0.004778210073709488,0.006976329255849123,,,,
78.0,1649,624055.174636433,1757821515.2046103,8689.0,0.0010000000474974513,0.006501531228423119,0.004471383523195982,0.00676715886220336,,,,
78.0,1650,624681.074272462,1757822141.104249,8699.0,0.0010000000474974513,0.005946969613432884,0.004064270295202732,0.006275661755353212,,,,
78.0,1651,625304.454916494,1757822764.4847124,8709.0,0.0010000000474974513,0.006018894724547863,0.004123421385884285,0.006318243220448494,,,,
78.0,1652,625928.289160572,1757823388.3196275,8719.0,0.0010000000474974513,0.006788012571632862,0.004675490781664848,0.007041738368570805,,,,
78.0,1653,626555.248297128,1757824015.2784932,8729.0,0.0010000000474974513,0.006641853600740433,0.004641481209546328,0.0066679068841040134,,,,
78.0,1654,627178.601334512,1757824638.630979,8739.0,0.0010000000474974513,0.006469691637903452,0.004501632414758205,0.006560198031365871,,,,
78.0,1655,627799.564404456,1757825259.5947642,8749.0,0.0010000000474974513,0.006499078124761581,0.0045420099049806595,0.0065235598012804985,,,,
78.0,1656,628312.055637158,1757825772.085532,8759.0,0.0010000000474974513,0.0063198041170835495,0.0043777418322861195,0.006473541259765625,,,,
,1657,629683.388757514,1757827143.4193099,,,,,,,,,
,1658,629684.561215929,1757827144.5918186,,,,,,,,,
,1659,629684.566460555,1757827144.5969956,,,,,,,,,0.027540499344468117
,1660,629684.776834317,1757827144.807478,,,,,,,,,
78.0,1661,629684.796555973,1757827144.8270175,8768.0,,,,,0.1474536806344986,0.018780142068862915,0.09681065380573273,
,1662,629685.40222745,1757827145.4328375,,,,,,,,,
,1663,629686.570733222,1757827146.6013687,,,,,,,,,
,1664,629686.577194245,1757827146.607757,,,,,,,,,
,1665,629686.782623525,1757827146.8132498,,,,,,,,,
78.0,1666,629694.645816618,1757827154.6723557,8768.0,,,,,,,,
79.0,1667,630133.808943876,1757827593.8393238,8769.0,0.0010000000474974513,0.005901535041630268,0.0041094133630394936,0.005973735824227333,,,,
79.0,1668,630748.060198321,1757828208.0907083,8779.0,0.0010000000474974513,0.006779092829674482,0.0047618430107831955,0.006724166683852673,,,,
79.0,1669,631372.566926061,1757828832.5967622,8789.0,0.0010000000474974513,0.006337722763419151,0.004512871149927378,0.0060828374698758125,,,,
79.0,1670,631996.369110532,1757829456.3994489,8799.0,0.0010000000474974513,0.006565475836396217,0.00462315371260047,0.006474405061453581,,,,
79.0,1671,632619.952534769,1757830079.9823744,8809.0,0.0010000000474974513,0.0066962577402591705,0.004707464016973972,0.006629312410950661,,,,
79.0,1672,633244.444139302,1757830704.4745123,8819.0,0.0010000000474974513,0.005605622194707394,0.003890133462846279,0.0057182954624295235,,,,
79.0,1673,633865.974388559,1757831326.004537,8829.0,0.0010000000474974513,0.00600168714299798,0.004190763458609581,0.006036411039531231,,,,
79.0,1674,634489.63824108,1757831949.6679723,8839.0,0.0010000000474974513,0.007111220620572567,0.0050722514279186726,0.006796563975512981,,,,
79.0,1675,635112.648089373,1757832572.6779237,8849.0,0.0010000000474974513,0.006034811958670616,0.004272131714969873,0.0058756014332175255,,,,
79.0,1676,635737.228478173,1757833197.2584894,8859.0,0.0010000000474974513,0.005805838853120804,0.004098942968994379,0.005689653102308512,,,,
79.0,1677,636259.073222858,1757833719.1032422,8869.0,0.0010000000474974513,0.006898296531289816,0.0048825787380337715,0.006719057913869619,,,,
79.0,1678,636762.783604996,1757834222.8136358,8879.0,0.0010000000474974513,0.006101191509515047,0.0043135047890245914,0.005958954803645611,,,,
,1679,637685.507160901,1757835145.5377183,,,,,,,,,
,1680,637686.652526925,1757835146.6831663,,,,,,,,,
,1681,637686.657985716,1757835146.6885417,,,,,,,,,0.024844979867339134
,1682,637686.8719731,1757835146.9026065,,,,,,,,,
79.0,1683,637687.521776476,1757835147.5522456,8879.0,,,,,0.15490669012069702,0.01739272102713585,0.10447481274604797,
,1684,637688.107261721,1757835148.1378977,,,,,,,,,
,1685,637689.291429396,1757835149.3220484,,,,,,,,,
,1686,637689.297828175,1757835149.3283997,,,,,,,,,
,1687,637689.50720499,1757835149.5378153,,,,,,,,,
79.0,1688,637698.100496575,1757835158.1263785,8879.0,,,,,,,,
80.0,1689,638681.921012858,1757836141.9510982,8889.0,0.0010000000474974513,0.0055902679450809956,0.0038891262374818325,0.005670471582561731,,,,
80.0,1690,639306.489707858,1757836766.519349,8899.0,0.0010000000474974513,0.006311079021543264,0.004519076086580753,0.005973343271762133,,,,
80.0,1691,639929.042272421,1757837389.0722122,8909.0,0.0010000000474974513,0.005923897959291935,0.004200877621769905,0.005743399728089571,,,,
80.0,1692,640555.003655539,1757838015.033566,8919.0,0.0010000000474974513,0.005984986200928688,0.0042897844687104225,0.005650672130286694,,,,
80.0,1693,641178.961047982,1757838638.9909976,8929.0,0.0010000000474974513,0.006074218079447746,0.004353743977844715,0.005734913982450962,,,,
80.0,1694,641801.518665122,1757839261.549147,8939.0,0.0010000000474974513,0.0058604818768799305,0.00417078984901309,0.005632306449115276,,,,
80.0,1695,642425.60349052,1757839885.633747,8949.0,0.0010000000474974513,0.0050931829027831554,0.0035549101885408163,0.0051275757141411304,,,,
80.0,1696,643049.515058789,1757840509.5449677,8959.0,0.0010000000474974513,0.00591652374714613,0.00420800969004631,0.005695047788321972,,,,
80.0,1697,643670.923076458,1757841130.9530346,8969.0,0.0010000000474974513,0.0054243276827037334,0.0038165354635566473,0.005359306465834379,,,,
80.0,1698,644204.707660296,1757841664.7375834,8979.0,0.0010000000474974513,0.006070597097277641,0.004367660731077194,0.0056764534674584866,,,,
80.0,1699,644718.779757904,1757842178.8094704,8989.0,0.0010000000474974513,0.006013650447130203,0.004301086068153381,0.005708547309041023,,,,
,1700,645680.771595113,1757843140.8021815,,,,,,,,,
,1701,645681.894434698,1757843141.9250631,,,,,,,,,
,1702,645681.899874588,1757843141.9304338,,,,,,,,,0.025414660573005676
,1703,645682.111418313,1757843142.1420434,,,,,,,,,
80.0,1704,645682.177267137,1757843142.2077587,8990.0,,,,,0.05275055766105652,0.025577710941433907,0.007117300294339657,
,1705,645682.771879232,1757843142.8024983,,,,,,,,,
,1706,645683.96254632,1757843143.9931576,,,,,,,,,
,1707,645683.968930369,1757843143.9994888,,,,,,,,,
,1708,645684.180014132,1757843144.210634,,,,,,,,,
80.0,1709,645696.927918768,1757843156.9538324,8990.0,,,,,,,,
81.0,1710,646626.724738768,1757844086.7546296,8999.0,0.0010000000474974513,0.00584421819075942,0.0041198828257620335,0.005747784394770861,,,,
81.0,1711,647249.210707124,1757844709.2409406,9009.0,0.0010000000474974513,0.005678992718458176,0.0040437388233840466,0.005450847093015909,,,,
81.0,1712,647872.083256645,1757845332.112833,9019.0,0.0010000000474974513,0.005149763077497482,0.0036655841395258904,0.004947261419147253,,,,
81.0,1713,648495.247604202,1757845955.2773721,9029.0,0.0010000000474974513,0.004969090223312378,0.0035343817435204983,0.004782361909747124,,,,
81.0,1714,649120.836617493,1757846580.8666847,9039.0,0.0010000000474974513,0.005653670988976955,0.004036737605929375,0.005389777012169361,,,,
81.0,1715,649746.119331482,1757847206.1490984,9049.0,0.0010000000474974513,0.005780218169093132,0.004109484609216452,0.005569111555814743,,,,
81.0,1716,650369.455673652,1757847829.4862037,9059.0,0.0010000000474974513,0.005871725734323263,0.004198343958705664,0.005577937699854374,,,,
81.0,1717,650993.295462487,1757848453.3252032,9069.0,0.0010000000474974513,0.005096234381198883,0.0036455222871154547,0.004835706669837236,,,,
81.0,1718,651615.774281965,1757849075.804088,9079.0,0.0010000000474974513,0.004746670834720135,0.003382846713066101,0.0045460788533091545,,,,
81.0,1719,652158.059591055,1757849618.0898309,9089.0,0.0010000000474974513,0.005031129345297813,0.0035797094460576773,0.004838065709918737,,,,
81.0,1720,652671.594986298,1757850131.6252139,9099.0,0.0010000000474974513,0.004907622467726469,0.003516952972859144,0.004635564982891083,,,,
,1721,653687.594983468,1757851147.6239913,,,,,,,,,
,1722,653688.817998749,1757851148.848633,,,,,,,,,
,1723,653688.823040986,1757851148.8535998,,,,,,,,,0.004028503317385912
,1724,653689.031836761,1757851149.0624933,,,,,,,,,
81.0,1725,653689.158549707,1757851149.1890094,9101.0,,,,,0.403062105178833,0.010744886472821236,0.354140043258667,
,1726,653689.791330008,1757851149.8219,,,,,,,,,
,1727,653691.045398573,1757851151.0760405,,,,,,,,,
,1728,653691.051767517,1757851151.0823255,,,,,,,,,
,1729,653691.259935861,1757851151.2905457,,,,,,,,,
81.0,1730,653699.253633662,1757851159.2803404,9101.0,,,,,,,,
82.0,1731,654559.971013633,1757852020.0010753,9109.0,0.0010000000474974513,0.0051198843866586685,0.0036459569819271564,0.004913090728223324,,,,
82.0,1732,655185.317111985,1757852645.3470938,9119.0,0.0010000000474974513,0.005147222429513931,0.003689319361001253,0.00485967705026269,,,,
82.0,1733,655810.226321389,1757853270.2561314,9129.0,0.0010000000474974513,0.005388288758695126,0.003903355449438095,0.004949777387082577,,,,
82.0,1734,656432.456239358,1757853892.486184,9139.0,0.0010000000474974513,0.005371500737965107,0.003827844513580203,0.0051455204375088215,,,,
82.0,1735,657055.807735312,1757854515.8379154,9149.0,0.0010000000474974513,0.006364227272570133,0.004610429983586073,0.005845991428941488,,,,
82.0,1736,657677.999378703,1757855138.0296853,9159.0,0.0010000000474974513,0.0061437999829649925,0.004445779137313366,0.005660068243741989,,,,
82.0,1737,658301.558280811,1757855761.5879605,9169.0,0.0010000000474974513,0.004896578844636679,0.003466423135250807,0.004767186474055052,,,,
82.0,1738,658925.43379517,1757856385.4636705,9179.0,0.0010000000474974513,0.0049513475969433784,0.003556341864168644,0.004650019109249115,,,,
82.0,1739,659552.726593232,1757857012.7564409,9189.0,0.0010000000474974513,0.004844634793698788,0.0034328231122344732,0.004706039093434811,,,,
82.0,1740,660107.531825308,1757857567.5618913,9199.0,0.0010000000474974513,0.004933272488415241,0.0035289013758301735,0.004681237041950226,,,,
82.0,1741,660620.163730143,1757858080.193627,9209.0,0.0010000000474974513,0.005703023634850979,0.004139790311455727,0.005210776813328266,,,,
,1742,661686.13930346,1757859146.1698625,,,,,,,,,
,1743,661687.31870808,1757859147.3492997,,,,,,,,,
,1744,661687.324137006,1757859147.354683,,,,,,,,,0.05627348646521568
,1745,661687.536619033,1757859147.5671675,,,,,,,,,
82.0,1746,661688.263242297,1757859148.293633,9212.0,,,,,0.07104893773794174,0.04161890596151352,0.02143746241927147,
,1747,661688.882827766,1757859148.9134498,,,,,,,,,
,1748,661690.084726607,1757859150.1153648,,,,,,,,,
,1749,661690.091133303,1757859150.121693,,,,,,,,,
,1750,661690.302133146,1757859150.3327532,,,,,,,,,
82.0,1751,661698.182454424,1757859158.207559,9212.0,,,,,,,,
83.0,1752,662498.058047197,1757859958.088338,9219.0,0.0010000000474974513,0.00584279652684927,0.004209027159959078,0.00544589851051569,,,,
83.0,1753,663123.454417256,1757860583.4849598,9229.0,0.0010000000474974513,0.004938766360282898,0.0035849525593221188,0.004512712359428406,,,,
83.0,1754,663746.154460333,1757861206.1841357,9239.0,0.0010000000474974513,0.004348015412688255,0.0030878204852342606,0.004200649447739124,,,,
83.0,1755,664368.347202024,1757861828.376964,9249.0,0.0010000000474974513,0.005026977509260178,0.0035851984284818172,0.00480593042448163,,,,
83.0,1756,664992.849401411,1757862452.8793821,9259.0,0.0010000000474974513,0.006295834667980671,0.004624649882316589,0.005570616107434034,,,,
83.0,1757,665613.952887397,1757863073.9826548,9269.0,0.0010000000474974513,0.0051481821574270725,0.0037211794406175613,0.004756676033139229,,,,
83.0,1758,666235.411947385,1757863695.4417365,9279.0,0.0010000000474974513,0.0054166121408343315,0.0038761012256145477,0.00513503747060895,,,,
83.0,1759,666860.437713571,1757864320.4676344,9289.0,0.0010000000474974513,0.005438619293272495,0.0039313784800469875,0.005024136044085026,,,,
83.0,1760,667482.869829746,1757864942.899747,9299.0,0.0010000000474974513,0.005400717258453369,0.003913984168320894,0.004955776035785675,,,,
83.0,1761,668046.882802521,1757865506.9125094,9309.0,0.0010000000474974513,0.005165472626686096,0.0037477316800504923,0.004725802689790726,,,,
83.0,1762,668561.74639165,1757866021.776697,9319.0,0.0010000000474974513,0.004982609301805496,0.0036122428718954325,0.004567889496684074,,,,
,1763,669680.817230508,1757867140.847868,,,,,,,,,
,1764,669682.05089506,1757867142.081527,,,,,,,,,
,1765,669682.056125092,1757867142.086691,,,,,,,,,0.013686801306903362
,1766,669682.265077527,1757867142.2957308,,,,,,,,,
83.0,1767,669682.280678996,1757867142.311167,9323.0,,,,,0.06154447793960571,0.011088307946920395,0.008989439345896244,
,1768,669682.869263709,1757867142.8999147,,,,,,,,,
,1769,669684.675987981,1757867144.7066343,,,,,,,,,
,1770,669684.68221001,1757867144.712773,,,,,,,,,
,1771,669684.888935037,1757867144.9195669,,,,,,,,,
83.0,1772,669692.733338049,1757867152.7596834,9323.0,,,,,,,,
84.0,1773,670437.062194708,1757867897.0918362,9329.0,0.0010000000474974513,0.00580007117241621,0.004165032412856817,0.005450127646327019,,,,
84.0,1774,671064.940624531,1757868524.9711208,9339.0,0.0010000000474974513,0.004602263681590557,0.0032951480243355036,0.004357051569968462,,,,
84.0,1775,671688.730336745,1757869148.760212,9349.0,0.0010000000474974513,0.005000886972993612,0.0036281151697039604,0.004575905855745077,,,,
84.0,1776,672310.145598548,1757869770.1757264,9359.0,0.0010000000474974513,0.004777716472744942,0.0033975497353821993,0.004600555170327425,,,,
84.0,1777,672934.200121191,1757870394.2301986,9369.0,0.0010000000474974513,0.004730621352791786,0.0034267669543623924,0.004346182569861412,,,,
84.0,1778,673557.566854689,1757871017.5968254,9379.0,0.0010000000474974513,0.004795387387275696,0.003465726738795638,0.004432201385498047,,,,
84.0,1779,674180.460642359,1757871640.4901872,9389.0,0.0010000000474974513,0.004877929575741291,0.00355605804361403,0.004406238906085491,,,,
84.0,1780,674804.288588635,1757872264.318054,9399.0,0.0010000000474974513,0.0049526989459991455,0.003600271651521325,0.004508091136813164,,,,
84.0,1781,675426.919530655,1757872886.9497192,9409.0,0.0010000000474974513,0.005002476274967194,0.003605892648920417,0.004655277822166681,,,,
84.0,1782,676004.742806989,1757873464.7727115,9419.0,0.0010000000474974513,0.004660469479858875,0.0033723267260938883,0.004293808713555336,,,,
84.0,1783,676519.567172331,1757873979.5973694,9429.0,0.0010000000474974513,0.0047726756893098354,0.0034656799398362637,0.004356652498245239,,,,
,1784,677686.352070613,1757875146.3826642,,,,,,,,,
,1785,677687.551317804,1757875147.5819697,,,,,,,,,
,1786,677687.55699354,1757875147.5875225,,,,,,,,,0.03430364280939102
,1787,677687.764827466,1757875147.795482,,,,,,,,,
84.0,1788,677687.810185547,1757875147.8406715,9434.0,,,,,0.08425203710794449,0.02607073448598385,0.03178896754980087,
,1789,677688.39835452,1757875148.4289567,,,,,,,,,
,1790,677689.561344339,1757875149.5919917,,,,,,,,,
,1791,677689.567597411,1757875149.5981784,,,,,,,,,
,1792,677689.774288039,1757875149.8049135,,,,,,,,,
84.0,1793,677697.730020294,1757875157.7566476,9434.0,,,,,,,,
85.0,1794,678376.858695327,1757875836.8888695,9439.0,0.0010000000474974513,0.004706472158432007,0.003361557610332966,0.004483048804104328,,,,
85.0,1795,678999.823954459,1757876459.854302,9449.0,0.0010000000474974513,0.00441192789003253,0.0031619917135685682,0.0041664536111056805,,,,
85.0,1796,679622.927268807,1757877082.957742,9459.0,0.0010000000474974513,0.004734453279525042,0.003398067317903042,0.004454620182514191,,,,
85.0,1797,680246.820336476,1757877706.8501782,9469.0,0.0010000000474974513,0.00522660044953227,0.00380960782058537,0.004723309073597193,,,,
85.0,1798,680871.544852551,1757878331.574431,9479.0,0.0010000000474974513,0.004900185391306877,0.0035753853153437376,0.004416000563651323,,,,
85.0,1799,681496.094283383,1757878956.1242049,9489.0,0.0010000000474974513,0.005206258036196232,0.0037761868443340063,0.004766903817653656,,,,
85.0,1800,682117.919047194,1757879577.9485466,9499.0,0.0010000000474974513,0.005226048640906811,0.003778870450332761,0.004823927767574787,,,,
85.0,1801,682741.624930958,1757880201.6549058,9509.0,0.0010000000474974513,0.004132441710680723,0.0029404540546238422,0.003973291255533695,,,,
85.0,1802,683366.775493518,1757880826.8053427,9519.0,0.0010000000474974513,0.005237673409283161,0.0037871834356337786,0.00483496580272913,,,,
85.0,1803,683952.915610459,1757881412.9457798,9529.0,0.0010000000474974513,0.004246601369231939,0.003042076714336872,0.004015082959085703,,,,
85.0,1804,684469.207329898,1757881929.2375643,9539.0,0.0010000000474974513,0.004287321120500565,0.003108815522864461,0.003928352613002062,,,,
,1805,685699.084816181,1757883159.1154404,,,,,,,,,
,1806,685700.278022726,1757883160.3086693,,,,,,,,,
,1807,685700.283494551,1757883160.3140635,,,,,,,,,0.018986660987138748
,1808,685700.49484031,1757883160.525429,,,,,,,,,
85.0,1809,685700.546908682,1757883160.5774152,9545.0,,,,,0.06231614574790001,0.01808798685669899,0.009378553368151188,
,1810,685701.112747727,1757883161.1433873,,,,,,,,,
,1811,685702.356612035,1757883162.387219,,,,,,,,,
,1812,685702.363022525,1757883162.3935778,,,,,,,,,
,1813,685702.572024915,1757883162.6026325,,,,,,,,,
85.0,1814,685711.586657505,1757883171.6126106,9545.0,,,,,,,,
86.0,1815,686333.919195709,1757883793.949194,9549.0,0.0010000000474974513,0.004580921959131956,0.003322162199765444,0.004195865243673325,,,,
86.0,1816,686963.048326555,1757884423.078278,9559.0,0.0010000000474974513,0.0048622628673911095,0.0035278068389743567,0.004448185674846172,,,,
86.0,1817,687586.921271993,1757885046.9514635,9569.0,0.0010000000474974513,0.0040086302906274796,0.0028404525946825743,0.0038939258083701134,,,,
86.0,1818,688215.073053109,1757885675.1034446,9579.0,0.0010000000474974513,0.004604209214448929,0.003325261641293764,0.004263157956302166,,,,
86.0,1819,688840.570054277,1757886300.6005585,9589.0,0.0010000000474974513,0.005169627256691456,0.0037182099185884,0.004838057793676853,,,,
86.0,1820,689465.226258291,1757886925.2559915,9599.0,0.0010000000474974513,0.0041387914679944515,0.0029649590142071247,0.003912775311619043,,,,
86.0,1821,690091.447465283,1757887551.4769933,9609.0,0.0010000000474974513,0.0048762038350105286,0.0034980548080056906,0.0045938314869999886,,,,
86.0,1822,690717.568946596,1757888177.5985339,9619.0,0.0010000000474974513,0.004756968002766371,0.003410163801163435,0.004489346407353878,,,,
86.0,1823,691343.950658362,1757888803.980644,9629.0,0.0010000000474974513,0.004915212746709585,0.0035715680569410324,0.004478815943002701,,,,
86.0,1824,691941.246252666,1757889401.276591,9639.0,0.0010000000474974513,0.0047606416046619415,0.003415374318137765,0.0044842250645160675,,,,
86.0,1825,692457.871421561,1757889917.901333,9649.0,0.0010000000474974513,0.004588112235069275,0.0033308868296444416,0.004190750420093536,,,,
,1826,693731.528313346,1757891191.558951,,,,,,,,,
,1827,693732.647438678,1757891192.6780815,,,,,,,,,
,1828,693732.652998208,1757891192.68352,,,,,,,,,0.03538475185632706
,1829,693732.863776693,1757891192.894425,,,,,,,,,
86.0,1830,693733.005268178,1757891193.03572,9656.0,,,,,0.05383140593767166,0.040957167744636536,0.004676909185945988,
,1831,693733.604040305,1757891193.634684,,,,,,,,,
,1832,693734.768618002,1757891194.7992444,,,,,,,,,
,1833,693734.774946502,1757891194.8055398,,,,,,,,,
,1834,693734.985503487,1757891195.0161304,,,,,,,,,
86.0,1835,693747.86504149,1757891207.8910682,9656.0,,,,,,,,
87.0,1836,694301.320681685,1757891761.3509545,9659.0,0.0010000000474974513,0.005178914405405521,0.00374846369959414,0.004768168553709984,,,,
87.0,1837,694927.151546579,1757892387.181421,9669.0,0.0010000000474974513,0.004347594454884529,0.0031462847255170345,0.004004366230219603,,,,
87.0,1838,695552.967138252,1757893012.997628,9679.0,0.0010000000474974513,0.0041313208639621735,0.0029625522438436747,0.0038958960212767124,,,,
87.0,1839,696177.493457494,1757893637.5233788,9689.0,0.0010000000474974513,0.004059486091136932,0.0029335124418139458,0.0037532448768615723,,,,
87.0,1840,696802.262260428,1757894262.2926762,9699.0,0.0010000000474974513,0.005189577117562294,0.0037835545372217894,0.004686742089688778,,,,
87.0,1841,697429.523967492,1757894889.5542722,9709.0,0.0010000000474974513,0.0038920394144952297,0.0027840915136039257,0.0036931594368070364,,,,
87.0,1842,698054.593503901,1757895514.623747,9719.0,0.0010000000474974513,0.004386038053780794,0.0031481734476983547,0.004126215353608131,,,,
87.0,1843,698680.021541991,1757896140.0513163,9729.0,0.0010000000474974513,0.004321871791034937,0.0030946177430450916,0.004090846516191959,,,,
87.0,1844,699305.653762676,1757896765.6832163,9739.0,0.0010000000474974513,0.004378786310553551,0.00316122779622674,0.004058526828885078,,,,
87.0,1845,699912.455230372,1757897372.4856462,9749.0,0.0010000000474974513,0.004655691795051098,0.0033903024159371853,0.004217964131385088,,,,
87.0,1846,700428.781120073,1757897888.8112252,9759.0,0.0010000000474974513,0.004676041658967733,0.0033886954188346863,0.004291153978556395,,,,
,1847,701762.193648356,1757899222.2242768,,,,,,,,,
,1848,701763.371770388,1757899223.4024098,,,,,,,,,
,1849,701763.377032322,1757899223.4075806,,,,,,,,,-0.010600253008306026
,1850,701763.580336967,1757899223.6109858,,,,,,,,,
87.0,1851,701763.706145368,1757899223.7366312,9767.0,,,,,0.08541911095380783,0.0007697178516536951,0.03736721724271774,
,1852,701764.276832806,1757899224.3074727,,,,,,,,,
,1853,701765.508036876,1757899225.538673,,,,,,,,,
,1854,701765.514302761,1757899225.5448606,,,,,,,,,
,1855,701765.7171823,1757899225.7478342,,,,,,,,,
87.0,1856,701773.911275496,1757899233.938328,9767.0,,,,,,,,
88.0,1857,702267.62558302,1757899727.6553907,9769.0,0.0010000000474974513,0.004745743237435818,0.0034237499348819256,0.0044066449627280235,,,,
88.0,1858,702890.294097705,1757900350.3242097,9779.0,0.0010000000474974513,0.004394806455820799,0.003142991568893194,0.004172716289758682,,,,
88.0,1859,703512.064641419,1757900972.0945468,9789.0,0.0010000000474974513,0.004459802061319351,0.003234818344935775,0.004083279985934496,,,,
88.0,1860,704133.248580327,1757901593.2786558,9799.0,0.0010000000474974513,0.004297359846532345,0.003092354629188776,0.004016683902591467,,,,
88.0,1861,704754.737684913,1757902214.767713,9809.0,0.0010000000474974513,0.004291924647986889,0.0031434521079063416,0.0038282412569969893,,,,
88.0,1862,705380.074805142,1757902840.1048393,9819.0,0.0010000000474974513,0.004657774697989225,0.003354854416102171,0.004343067295849323,,,,
88.0,1863,706004.048261715,1757903464.078402,9829.0,0.0010000000474974513,0.00416045356541872,0.00298666232265532,0.003912636078894138,,,,
88.0,1864,706630.926836078,1757904090.9565847,9839.0,0.0010000000474974513,0.0039367335848510265,0.0028303484432399273,0.0036879507824778557,,,,
88.0,1865,707256.77720564,1757904716.8071878,9849.0,0.0010000000474974513,0.004581153858453035,0.0033153698313981295,0.004219279624521732,,,,
88.0,1866,707876.55030383,1757905336.5800087,9859.0,0.0010000000474974513,0.004574093967676163,0.0033214681316167116,0.004175419919192791,,,,
88.0,1867,708390.211888712,1757905850.242013,9869.0,0.0010000000474974513,0.004134058952331543,0.002975963521748781,0.0038603192660957575,,,,
,1868,709762.386400568,1757907222.4169784,,,,,,,,,
,1869,709763.580566859,1757907223.6111813,,,,,,,,,
,1870,709763.58579536,1757907223.6163692,,,,,,,,,0.028922010213136673
,1871,709763.791172706,1757907223.821824,,,,,,,,,
88.0,1872,709763.79369338,1757907223.8242521,9878.0,,,,,0.06717634946107864,0.022692162543535233,0.018644699826836586,
,1873,709764.379092767,1757907224.409699,,,,,,,,,
,1874,709765.514294376,1757907225.5449033,,,,,,,,,
,1875,709765.520686184,1757907225.551275,,,,,,,,,
,1876,709765.724439953,1757907225.755068,,,,,,,,,
88.0,1877,709774.401499671,1757907234.4274623,9878.0,,,,,,,,
89.0,1878,710211.635128882,1757907671.6651614,9879.0,0.0010000000474974513,0.004185461904853582,0.002981561003252864,0.004013002850115299,,,,
89.0,1879,710830.218603686,1757908290.248515,9889.0,0.0010000000474974513,0.004336859565228224,0.003147543640807271,0.003964386880397797,,,,
89.0,1880,711456.308123589,1757908916.3380523,9899.0,0.0010000000474974513,0.004510032013058662,0.003260867204517126,0.0041638826951384544,,,,
89.0,1881,712082.802739309,1757909542.8329375,9909.0,0.0010000000474974513,0.0042299432680010796,0.0030787817668169737,0.0038372052367776632,,,,
89.0,1882,712707.62296854,1757910167.652893,9919.0,0.0010000000474974513,0.004114184528589249,0.0029791074339300394,0.0037835915572941303,,,,
89.0,1883,713334.241516691,1757910794.2720108,9929.0,0.0010000000474974513,0.004030502401292324,0.002879217267036438,0.0038376175798475742,,,,
89.0,1884,713958.606028702,1757911418.6348448,9939.0,0.0010000000474974513,0.00396280363202095,0.002855121623724699,0.0036922728177160025,,,,
89.0,1885,714582.485455122,1757912042.515062,9949.0,0.0010000000474974513,0.0044346521608531475,0.0031955514568835497,0.004130336921662092,,,,
89.0,1886,715205.888601596,1757912665.9188585,9959.0,0.0010000000474974513,0.004965667147189379,0.0035785362124443054,0.00462376931682229,,,,
89.0,1887,715830.845578731,1757913290.8752763,9969.0,0.0010000000474974513,0.00412902282550931,0.0029939853120595217,0.0037834588438272476,,,,
89.0,1888,716353.433162819,1757913813.462962,9979.0,0.0010000000474974513,0.004449245985597372,0.003214699449017644,0.004115155432373285,,,,
89.0,1889,716859.505040725,1757914319.5352163,9989.0,0.0010000000474974513,0.004491819534450769,0.0032665622420608997,0.004084191285073757,,,,
,1890,717778.866615591,1757915238.8972437,,,,,,,,,
,1891,717780.029763343,1757915240.0603745,,,,,,,,,
,1892,717780.034830947,1757915240.0654204,,,,,,,,,0.02567720226943493
,1893,717780.243815192,1757915240.2744243,,,,,,,,,
89.0,1894,717780.364166804,1757915240.3946214,9989.0,,,,,0.18598397076129913,0.01804818958044052,0.13979953527450562,
,1895,717780.938420375,1757915240.9690673,,,,,,,,,
,1896,717782.103632544,1757915242.1342432,,,,,,,,,
,1897,717782.109971874,1757915242.1405509,,,,,,,,,
,1898,717782.316930292,1757915242.347542,,,,,,,,,
89.0,1899,717790.25578701,1757915250.2822688,9989.0,,,,,,,,
90.0,1900,718782.306241234,1757916242.336139,9999.0,0.0010000000474974513,0.00512127298861742,0.003670764621347189,0.004835027735680342,,,,
90.0,1901,719405.088245609,1757916865.1182714,10009.0,0.0010000000474974513,0.004156317561864853,0.002969896886497736,0.003954734653234482,,,,
90.0,1902,720030.216929437,1757917490.2465444,10019.0,0.0010000000474974513,0.0038847550749778748,0.002785044489428401,0.0036657017190009356,,,,
90.0,1903,720655.639964113,1757918115.6695628,10029.0,0.0010000000474974513,0.004921220242977142,0.003575335256755352,0.004486282356083393,,,,
90.0,1904,721281.478548416,1757918741.5084903,10039.0,0.0010000000474974513,0.004349119029939175,0.003147637937217951,0.004004937596619129,,,,
90.0,1905,721906.40051058,1757919366.430527,10049.0,0.0010000000474974513,0.005108300596475601,0.0036858534440398216,0.004741491749882698,,,,
90.0,1906,722534.621687671,1757919994.6521926,10059.0,0.0010000000474974513,0.0046536908484995365,0.003405972383916378,0.004159061703830957,,,,
90.0,1907,723160.855118891,1757920620.884847,10069.0,0.0010000000474974513,0.004517997615039349,0.003233527299016714,0.004281566943973303,,,,
90.0,1908,723788.859549493,1757921248.8894882,10079.0,0.0010000000474974513,0.004007300361990929,0.0028955640736967325,0.003705786308273673,,,,
90.0,1909,724323.980538519,1757921784.010625,10089.0,0.0010000000474974513,0.004615971818566322,0.003356560133397579,0.004198039881885052,,,,
90.0,1910,724839.17845797,1757922299.2086103,10099.0,0.0010000000474974513,0.004304741509258747,0.003098386339843273,0.004021183121949434,,,,
,1911,725814.132915761,1757923274.163508,,,,,,,,,
,1912,725815.278688495,1757923275.3093195,,,,,,,,,
,1913,725815.283831719,1757923275.3143978,,,,,,,,,0.00762224942445755
,1914,725815.489607057,1757923275.520258,,,,,,,,,
90.0,1915,725815.609529247,1757923275.6399655,10100.0,,,,,0.2663451135158539,0.011005189269781113,0.2307073324918747,
,1916,725816.227030088,1757923276.257598,,,,,,,,,
,1917,725817.492751463,1757923277.523379,,,,,,,,,
,1918,725817.499466834,1757923277.5300267,,,,,,,,,
,1919,725817.706909051,1757923277.7375083,,,,,,,,,
90.0,1920,725825.956094672,1757923285.9827635,10100.0,,,,,,,,
91.0,1921,726758.101224146,1757924218.1314392,10109.0,0.0010000000474974513,0.0036069697234779596,0.0026238446589559317,0.0032770836260169744,,,,
91.0,1922,727382.99515115,1757924843.02517,10119.0,0.0010000000474974513,0.004468059167265892,0.003219299018383026,0.004162534140050411,,,,
91.0,1923,728009.592654056,1757925469.6229548,10129.0,0.0010000000474974513,0.0043514869175851345,0.0031027807854115963,0.004162353463470936,,,,
91.0,1924,728636.771916781,1757926096.8018959,10139.0,0.0010000000474974513,0.003860323689877987,0.002797601278871298,0.0035424078814685345,,,,
91.0,1925,729260.964945456,1757926720.9945781,10149.0,0.0010000000474974513,0.0035787394735962152,0.002576778642833233,0.003339869435876608,,,,
91.0,1926,729884.890529216,1757927344.9204504,10159.0,0.0010000000474974513,0.0051119402050971985,0.00371015933342278,0.00467260368168354,,,,
91.0,1927,730510.579159934,1757927970.609129,10169.0,0.0010000000474974513,0.00487470580264926,0.0035505632404237986,0.004413808695971966,,,,
91.0,1928,731136.287039107,1757928596.3167708,10179.0,0.0010000000474974513,0.004134545102715492,0.0030118157155811787,0.003742433153092861,,,,
91.0,1929,731760.913303448,1757929220.9429452,10189.0,0.0010000000474974513,0.003971290308982134,0.0028701587580144405,0.0036704379599541426,,,,
91.0,1930,732306.453562396,1757929766.483577,10199.0,0.0010000000474974513,0.003912733867764473,0.002811441197991371,0.003670975798740983,,,,
91.0,1931,732820.845325133,1757930280.8754063,10209.0,0.0010000000474974513,0.004056656267493963,0.002933164592832327,0.003744971938431263,,,,
,1932,733832.815468865,1757931292.8461044,,,,,,,,,
,1933,733834.638064846,1757931294.6686954,,,,,,,,,
,1934,733834.643406489,1757931294.6739676,,,,,,,,,0.014619166031479836
,1935,733834.848396787,1757931294.8790233,,,,,,,,,
91.0,1936,733834.85099641,1757931294.8815289,10211.0,,,,,0.12089566886425018,0.01754181459546089,0.08378256857395172,
,1937,733835.439379623,1757931295.4699893,,,,,,,,,
,1938,733836.63546586,1757931296.666082,,,,,,,,,
,1939,733836.641677382,1757931296.6722517,,,,,,,,,
,1940,733836.846968942,1757931296.8775856,,,,,,,,,
91.0,1941,733844.728692173,1757931304.7550638,10211.0,,,,,,,,
92.0,1942,734712.472615783,1757932172.5025814,10219.0,0.0010000000474974513,0.0042717428877949715,0.003067155135795474,0.004015291575342417,,,,
92.0,1943,735336.434864189,1757932796.4650486,10229.0,0.0010000000474974513,0.00415835389867425,0.0029797167517244816,0.003928789868950844,,,,
92.0,1944,735960.500192527,1757933420.5303702,10239.0,0.0010000000474974513,0.004282423760741949,0.003097145352512598,0.003950927872210741,,,,
92.0,1945,736585.525714548,1757934045.5560079,10249.0,0.0010000000474974513,0.004825499374419451,0.003488368121907115,0.00445710401982069,,,,
92.0,1946,737211.960612832,1757934671.9900863,10259.0,0.0010000000474974513,0.004275473766028881,0.003097131382673979,0.003927808720618486,,,,
92.0,1947,737839.820354007,1757935299.8508685,10269.0,0.0010000000474974513,0.00448522437363863,0.003262908197939396,0.00407438725233078,,,,
92.0,1948,738466.24454683,1757935926.274714,10279.0,0.0010000000474974513,0.004855388309806585,0.003478579455986619,0.004589362535625696,,,,
92.0,1949,739091.916479414,1757936551.9459853,10289.0,0.0010000000474974513,0.004663417115807533,0.0033688542898744345,0.004315210040658712,,,,
92.0,1950,739714.846025405,1757937174.8756332,10299.0,0.0010000000474974513,0.00424801092594862,0.0031086646486073732,0.0037978217005729675,,,,
92.0,1951,740270.698760014,1757937730.7288387,10309.0,0.0010000000474974513,0.0050140852108597755,0.003644706681370735,0.0045645954087376595,,,,
92.0,1952,740786.991288803,1757938247.0212135,10319.0,0.0010000000474974513,0.003986404277384281,0.0028557139448821545,0.003768968628719449,,,,
,1953,741858.85335031,1757939318.88398,,,,,,,,,
,1954,741860.009173951,1757939320.0398238,,,,,,,,,
,1955,741860.014273676,1757939320.044842,,,,,,,,,0.036174774169921875
,1956,741860.227100499,1757939320.2577436,,,,,,,,,
92.0,1957,741860.325500342,1757939320.355971,10322.0,,,,,0.05001106858253479,0.046305302530527115,0.006148261949419975,
,1958,741860.909861811,1757939320.9405081,,,,,,,,,
,1959,741862.042507869,1757939322.0731487,,,,,,,,,
,1960,741862.048845385,1757939322.0794127,,,,,,,,,
,1961,741862.255405652,1757939322.2860284,,,,,,,,,
92.0,1962,741870.367622597,1757939330.3942494,10322.0,,,,,,,,
93.0,1963,742675.354733541,1757940135.3849587,10329.0,0.0010000000474974513,0.004347127862274647,0.0031374217942357063,0.004032352939248085,,,,
93.0,1964,743298.505561536,1757940758.5354428,10339.0,0.0010000000474974513,0.0047299787402153015,0.0034138241317123175,0.004387181717902422,,,,
93.0,1965,743920.695606948,1757941380.725422,10349.0,0.0010000000474974513,0.00419122027233243,0.003044781042262912,0.003821463556960225,,,,
93.0,1966,744546.410639928,1757942006.4407394,10359.0,0.0010000000474974513,0.004021765664219856,0.002854827092960477,0.0038897942285984755,,,,
93.0,1967,745172.539703196,1757942632.5696802,10369.0,0.0010000000474974513,0.004213219508528709,0.003032446838915348,0.003935907501727343,,,,
93.0,1968,745798.651436228,1757943258.6811283,10379.0,0.0010000000474974513,0.0038900026120245457,0.0028225849382579327,0.003558059222996235,,,,
93.0,1969,746424.571132296,1757943884.6009314,10389.0,0.0010000000474974513,0.004095429554581642,0.00291930022649467,0.003920430783182383,,,,
93.0,1970,747049.220149102,1757944509.2501945,10399.0,0.0010000000474974513,0.004820384085178375,0.003462403081357479,0.004526603035628796,,,,
93.0,1971,747676.175140386,1757945136.2050755,10409.0,0.0010000000474974513,0.00437664519995451,0.0031325831077992916,0.004146872088313103,,,,
93.0,1972,748243.692960578,1757945703.7230077,10419.0,0.0010000000474974513,0.004380548372864723,0.00317872385494411,0.004006082657724619,,,,
93.0,1973,748761.152702142,1757946221.1827104,10429.0,0.0010000000474974513,0.004757897928357124,0.0034366720356047153,0.004404084291309118,,,,
,1974,749882.412344484,1757947342.442962,,,,,,,,,
,1975,749883.585004264,1757947343.615653,,,,,,,,,
,1976,749883.590399279,1757947343.6209657,,,,,,,,,0.03623759746551514
,1977,749883.799125763,1757947343.8297615,,,,,,,,,
93.0,1978,749884.378948175,1757947344.4093964,10433.0,,,,,0.04546608030796051,0.027961906045675278,0.007016509305685759,
,1979,749884.984980974,1757947345.012182,,,,,,,,,
,1980,749886.228505052,1757947346.2591505,,,,,,,,,
,1981,749886.234906513,1757947346.2654715,,,,,,,,,
,1982,749886.442682692,1757947346.473341,,,,,,,,,
93.0,1983,749894.981482736,1757947355.0074332,10433.0,,,,,,,,
94.0,1984,750640.696935343,1757948100.7268384,10439.0,0.0010000000474974513,0.004248317331075668,0.0030519019346684217,0.0039880527183413506,,,,
94.0,1985,751265.239490222,1757948725.2697234,10449.0,0.0010000000474974513,0.004509082995355129,0.003237930592149496,0.004237174056470394,,,,
94.0,1986,751893.508012378,1757949353.538395,10459.0,0.0010000000474974513,0.004248203709721565,0.003041941672563553,0.004020872060209513,,,,
94.0,1987,752519.86489007,1757949979.895132,10469.0,0.0010000000474974513,0.004165736958384514,0.00298120966181159,0.003948424477130175,,,,
94.0,1988,753146.609177701,1757950606.6381438,10479.0,0.0010000000474974513,0.004649318754673004,0.0033541431184858084,0.004317251034080982,,,,
94.0,1989,753772.084189835,1757951232.1138513,10489.0,0.0010000000474974513,0.0036590949166566133,0.00263287709094584,0.003420725464820862,,,,
94.0,1990,754396.515434915,1757951856.5453706,10499.0,0.0010000000474974513,0.004698547534644604,0.003377061104401946,0.004404954146593809,,,,
94.0,1991,755023.525007977,1757952483.555162,10509.0,0.0010000000474974513,0.005277849733829498,0.003786690067499876,0.004970532841980457,,,,
94.0,1992,755651.001778681,1757953111.0319629,10519.0,0.0010000000474974513,0.00435633584856987,0.003148125484585762,0.004027368500828743,,,,
94.0,1993,756229.389943937,1757953689.420122,10529.0,0.0010000000474974513,0.004052038304507732,0.0028714630752801895,0.003935252316296101,,,,
94.0,1994,756744.195548843,1757954204.2254534,10539.0,0.0010000000474974513,0.004491110797971487,0.0032109725289046764,0.004267127253115177,,,,
,1995,757912.796472916,1757955372.8270843,,,,,,,,,
,1996,757913.950728389,1757955373.9813619,,,,,,,,,
,1997,757913.956309356,1757955373.9868646,,,,,,,,,0.025657175108790398
,1998,757914.161599489,1757955374.1922286,,,,,,,,,
94.0,1999,757914.208098864,1757955374.2385669,10544.0,,,,,0.05814921483397484,0.027479849755764008,0.01411361526697874,
,2000,757914.794033818,1757955374.8245983,,,,,,,,,
,2001,757915.964546608,1757955375.9951959,,,,,,,,,
,2002,757915.971139469,1757955376.0017138,,,,,,,,,
,2003,757916.175612738,1757955376.2062497,,,,,,,,,
94.0,2004,757923.973447468,1757955384.0002286,10544.0,,,,,,,,
95.0,2005,758601.790150855,1757956061.8204298,10549.0,0.0010000000474974513,0.004246111959218979,0.0030173128470778465,0.004095998127013445,,,,
95.0,2006,759228.680115299,1757956688.7102375,10559.0,0.0010000000474974513,0.004904673434793949,0.003554802853614092,0.004499567672610283,,,,
95.0,2007,759853.012928435,1757957313.0429714,10569.0,0.0010000000474974513,0.005318406969308853,0.0038135754875838757,0.005016103386878967,,,,
95.0,2008,760479.073757396,1757957939.1039362,10579.0,0.0010000000474974513,0.005197471939027309,0.003774214070290327,0.004744192585349083,,,,
95.0,2009,761106.035975189,1757958566.0661778,10589.0,0.0010000000474974513,0.0041469382122159,0.0030224055517464876,0.0037484425120055676,,,,
95.0,2010,761732.547753935,1757959192.5775826,10599.0,0.0010000000474974513,0.0034897285513579845,0.00251906574703753,0.0032355422154068947,,,,
95.0,2011,762357.490733686,1757959817.5208724,10609.0,0.0010000000474974513,0.0037409155629575253,0.0026876225601881742,0.003510975744575262,,,,
95.0,2012,762983.802674904,1757960443.8326602,10619.0,0.0010000000474974513,0.005186070688068867,0.003734684083610773,0.004837954416871071,,,,
95.0,2013,763611.762928298,1757961071.7926314,10629.0,0.0010000000474974513,0.004145737737417221,0.0029491670429706573,0.0039885686710476875,,,,
95.0,2014,764198.61935839,1757961658.6496515,10639.0,0.0010000000474974513,0.004143942147493362,0.0029799556359648705,0.0038799557369202375,,,,
95.0,2015,764716.38466874,1757962176.4148784,10649.0,0.0010000000474974513,0.004393971525132656,0.0031257078517228365,0.004227544646710157,,,,
,2016,765939.251022907,1757963399.2815654,,,,,,,,,
,2017,765940.429718307,1757963400.4603236,,,,,,,,,
,2018,765940.435093909,1757963400.4656484,,,,,,,,,0.06706823408603668
,2019,765940.642250261,1757963400.6729095,,,,,,,,,
95.0,2020,765940.644936077,1757963400.6754518,10655.0,,,,,0.04012417420744896,0.05100945383310318,0.004515128210186958,
,2021,765941.2244501,1757963401.2550516,,,,,,,,,
,2022,765942.403984279,1757963402.4346275,,,,,,,,,
,2023,765942.410151672,1757963402.4407325,,,,,,,,,
,2024,765942.61755337,1757963402.6482062,,,,,,,,,
95.0,2025,765955.581140282,1757963415.6071756,10655.0,,,,,,,,
96.0,2026,766573.814213289,1757964033.8440197,10659.0,0.0010000000474974513,0.0039572445675730705,0.0028324283193796873,0.003749387338757515,,,,
96.0,2027,767199.008062309,1757964659.0379803,10669.0,0.0010000000474974513,0.004643332678824663,0.0033058070112019777,0.004458418115973473,,,,
96.0,2028,767824.054622486,1757965284.084329,10679.0,0.0010000000474974513,0.0037022999022156,0.0026436937041580677,0.003528686473146081,,,,
96.0,2029,768447.553211447,1757965907.583216,10689.0,0.0010000000474974513,0.004139249678701162,0.00296817347407341,0.003903586184605956,,,,
96.0,2030,769071.71445554,1757966531.7441602,10699.0,0.0010000000474974513,0.004140577279031277,0.0029940595850348473,0.0038217250257730484,,,,
96.0,2031,769697.66317431,1757967157.6931796,10709.0,0.0010000000474974513,0.003862079232931137,0.002790337661281228,0.0035724707413464785,,,,
96.0,2032,770323.551765047,1757967783.5821023,10719.0,0.0010000000474974513,0.003996794577687979,0.0028821900486946106,0.003715347731485963,,,,
96.0,2033,770950.972668203,1757968411.0023432,10729.0,0.0010000000474974513,0.004347604233771563,0.0031469259411096573,0.00400226004421711,,,,
96.0,2034,771577.365206665,1757969037.3952591,10739.0,0.0010000000474974513,0.004170997999608517,0.003007319523021579,0.0038789284881204367,,,,
96.0,2035,772176.017473384,1757969636.0474217,10749.0,0.0010000000474974513,0.004638118669390678,0.0033266821410506964,0.004371454939246178,,,,
96.0,2036,772693.950381288,1757970153.9806552,10759.0,0.0010000000474974513,0.004965831991285086,0.0036119588185101748,0.00451290886849165,,,,
,2037,773966.738600445,1757971426.769185,,,,,,,,,
,2038,773967.934848477,1757971427.9654496,,,,,,,,,
,2039,773967.940361497,1757971427.9709258,,,,,,,,,0.02664751559495926
,2040,773968.149832947,1757971428.1804452,,,,,,,,,
96.0,2041,773968.216578921,1757971428.2470675,10766.0,,,,,0.08601046353578568,0.026053043082356453,0.04107313230633736,
,2042,773968.847415477,1757971428.8779843,,,,,,,,,
,2043,773970.061769971,1757971430.0924168,,,,,,,,,
,2044,773970.068209326,1757971430.0987816,,,,,,,,,
,2045,773970.302378815,1757971430.3330207,,,,,,,,,
96.0,2046,773978.568717222,1757971438.595334,10766.0,,,,,,,,
97.0,2047,774530.464738427,1757971990.4948947,10769.0,0.0010000000474974513,0.003818850964307785,0.0027692322619259357,0.0034987283870577812,,,,
97.0,2048,775156.240498627,1757972616.27048,10779.0,0.0010000000474974513,0.0045770881697535515,0.003265089588239789,0.004373329225927591,,,,
97.0,2049,775779.181654173,1757973239.2117286,10789.0,0.0010000000474974513,0.005194172263145447,0.0037426825147122145,0.004838299471884966,,,,
97.0,2050,776405.204367619,1757973865.234341,10799.0,0.0010000000474974513,0.004022696055471897,0.002876520622521639,0.0038205846212804317,,,,
97.0,2051,777030.119428101,1757974490.1497488,10809.0,0.0010000000474974513,0.004723559133708477,0.003414647188037634,0.004363039042800665,,,,
97.0,2052,777654.322559116,1757975114.3523762,10819.0,0.0010000000474974513,0.00422851974144578,0.0030860428232699633,0.0038082562386989594,,,,
97.0,2053,778278.518576912,1757975738.548857,10829.0,0.0010000000474974513,0.004155789967626333,0.0029955797363072634,0.0038673672825098038,,,,
97.0,2054,778904.67015178,1757976364.7005172,10839.0,0.0010000000474974513,0.004080543760210276,0.002949101384729147,0.0037714748177677393,,,,
97.0,2055,779529.53514296,1757976989.5657272,10849.0,0.0010000000474974513,0.004851083271205425,0.0035281693562865257,0.004409713204950094,,,,
97.0,2056,780139.938396934,1757977599.968383,10859.0,0.0010000000474974513,0.003972015809267759,0.0028487429954111576,0.0037442422471940517,,,,
97.0,2057,780657.088989387,1757978117.1190436,10869.0,0.0010000000474974513,0.004633644130080938,0.003304129932075739,0.004431713838130236,,,,
,2058,781980.535647929,1757979440.566257,,,,,,,,,
,2059,781981.731912077,1757979441.762508,,,,,,,,,
,2060,781981.737414236,1757979441.7680066,,,,,,,,,0.04671313241124153
,2061,781981.945593971,1757979441.9762425,,,,,,,,,
97.0,2062,781981.994659597,1757979442.025155,10877.0,,,,,0.07509104907512665,0.035918936133384705,0.02863461710512638,
,2063,781982.614684571,1757979442.6452663,,,,,,,,,
,2064,781983.733670385,1757979443.7642815,,,,,,,,,
,2065,781983.740065409,1757979443.7706358,,,,,,,,,
,2066,781983.948159393,1757979443.9787517,,,,,,,,,
97.0,2067,781992.486118374,1757979452.512208,10877.0,,,,,,,,
98.0,2068,782489.681110077,1757979949.7113278,10879.0,0.0010000000474974513,0.0037125677336007357,0.0026924177072942257,0.003400500165298581,,,,
98.0,2069,783114.005216555,1757980574.0352747,10889.0,0.0010000000474974513,0.003931709565222263,0.0028128582052886486,0.00372950523160398,,,,
98.0,2070,783738.697798338,1757981198.7281933,10899.0,0.0010000000474974513,0.003892758395522833,0.002789529040455818,0.0036774305626749992,,,,
98.0,2071,784366.622935228,1757981826.6527054,10909.0,0.0010000000474974513,0.004570809192955494,0.0033177994191646576,0.004176697693765163,,,,
98.0,2072,784992.042153528,1757982452.0721772,10919.0,0.0010000000474974513,0.0047528366558253765,0.0034346089232712984,0.004394092597067356,,,,
98.0,2073,785614.282845748,1757983074.3127627,10929.0,0.0010000000474974513,0.004854810424149036,0.0035462435334920883,0.0043618883937597275,,,,
98.0,2074,786237.063736451,1757983697.0936084,10939.0,0.0010000000474974513,0.004326104186475277,0.0031201906967908144,0.0040197111666202545,,,,
98.0,2075,786862.406076114,1757984322.4363604,10949.0,0.0010000000474974513,0.00440817279741168,0.0032343100756406784,0.003912876360118389,,,,
98.0,2076,787487.617509706,1757984947.6474755,10959.0,0.0010000000474974513,0.00449129194021225,0.003258305136114359,0.00410995539277792,,,,
98.0,2077,788106.371166423,1757985566.401071,10969.0,0.0010000000474974513,0.004499400034546852,0.003248292487114668,0.004170360043644905,,,,
98.0,2078,788624.021182671,1757986084.0515738,10979.0,0.0010000000474974513,0.004302031826227903,0.00310066738165915,0.00400454830378294,,,,
,2079,789998.36840659,1757987458.3990421,,,,,,,,,
,2080,789999.505160204,1757987459.5357468,,,,,,,,,
,2081,789999.510157233,1757987459.5407271,,,,,,,,,0.07271862030029297
,2082,789999.720102757,1757987459.7507043,,,,,,,,,
98.0,2083,789999.786536643,1757987459.8170588,10988.0,,,,,0.0680714026093483,0.07019463181495667,0.020269913598895073,
,2084,790000.395766126,1757987460.4263196,,,,,,,,,
,2085,790001.545186868,1757987461.5758297,,,,,,,,,
,2086,790001.551642304,1757987461.5822008,,,,,,,,,
,2087,790001.761877362,1757987461.7924857,,,,,,,,,
98.0,2088,790009.647070342,1757987469.6736739,10988.0,,,,,,,,
99.0,2089,790447.809255969,1757987907.8394516,10989.0,0.0010000000474974513,0.0036504550371319056,0.002585682552307844,0.003549241926521063,,,,
99.0,2090,791066.789779623,1757988526.8200064,10999.0,0.0010000000474974513,0.00518752122297883,0.003767866175621748,0.004732184112071991,,,,
99.0,2091,791687.864423515,1757989147.8946958,11009.0,0.0010000000474974513,0.004280144348740578,0.003087312215939164,0.003976107574999332,,,,
99.0,2092,792310.594044518,1757989770.6237626,11019.0,0.0010000000474974513,0.0040763793513178825,0.0029246541671454906,0.0038390839472413063,,,,
99.0,2093,792936.867499544,1757990396.8971903,11029.0,0.0010000000474974513,0.004410106688737869,0.0031746760942041874,0.004118101671338081,,,,
99.0,2094,793561.090225916,1757991021.120213,11039.0,0.0010000000474974513,0.004537810571491718,0.0032811863347887993,0.004188748076558113,,,,
99.0,2095,794185.380440967,1757991645.4104106,11049.0,0.0010000000474974513,0.005264286883175373,0.003809911897405982,0.004847915843129158,,,,
99.0,2096,794806.608973967,1757992266.6390595,11059.0,0.0010000000474974513,0.004410458263009787,0.0032028467394411564,0.00402537127956748,,,,
99.0,2097,795428.504715112,1757992888.5347483,11069.0,0.0010000000474974513,0.004145849496126175,0.003017911221832037,0.0037597939372062683,,,,
99.0,2098,796048.339907726,1757993508.3701377,11079.0,0.0010000000474974513,0.005204543471336365,0.003779109101742506,0.004751446656882763,,,,
99.0,2099,796569.097546018,1757994029.127806,11089.0,0.0010000000474974513,0.004486000631004572,0.003243214450776577,0.004142620135098696,,,,
99.0,2100,797072.03994379,1757994532.0703175,11099.0,0.0010000000474974513,0.0051299575716257095,0.0037517747841775417,0.004593942780047655,,,,
,2101,797991.013566896,1757995451.044189,,,,,,,,,
,2102,797992.150419879,1757995452.18106,,,,,,,,,
,2103,797992.155759317,1757995452.1863103,,,,,,,,,0.09966057538986206
,2104,797992.362871757,1757995452.3934994,,,,,,,,,
99.0,2105,797992.439625492,1757995452.4700685,11099.0,,,,,0.0530751571059227,0.09440778195858002,0.006884513422846794,
,2106,797993.005822847,1757995453.0364666,,,,,,,,,
,2107,797994.23915096,1757995454.269756,,,,,,,,,
,2108,797994.245304737,1757995454.2758849,,,,,,,,,
,2109,797994.453016969,1757995454.4836252,,,,,,,,,
99.0,2110,798002.895079994,1757995462.9217763,11099.0,,,,,,,,
100.0,2111,798994.30954815,1757996454.3394537,11109.0,0.0010000000474974513,0.004104889929294586,0.0029471286106854677,0.003859203774482012,,,,
100.0,2112,799612.320180495,1757997072.3501852,11119.0,0.0010000000474974513,0.004336634650826454,0.0031557860784232616,0.0039361622184515,,,,
100.0,2113,800232.307031922,1757997692.3371317,11129.0,0.0010000000474974513,0.003854309907183051,0.0027826279401779175,0.0035722730681300163,,,,
100.0,2114,800851.751299509,1757998311.7816844,11139.0,0.0010000000474974513,0.0045134820975363255,0.003224510233849287,0.004296573344618082,,,,
100.0,2115,801472.680453731,1757998932.709876,11149.0,0.0010000000474974513,0.004286203999072313,0.0031097433529794216,0.003921535797417164,,,,
100.0,2116,802092.084915117,1757999552.115154,11159.0,0.0010000000474974513,0.004495416767895222,0.0032438295893371105,0.004171957727521658,,,,
100.0,2117,802713.368030787,1758000173.3977878,11169.0,0.0010000000474974513,0.0039010250475257635,0.00282401405274868,0.0035900368820875883,,,,
100.0,2118,803333.657229639,1758000793.6874397,11179.0,0.0010000000474974513,0.004081913270056248,0.0029385052621364594,0.003811358939856291,,,,
100.0,2119,803953.211642615,1758001413.2417579,11189.0,0.0010000000474974513,0.004359041806310415,0.0030771340243518353,0.004273026250302792,,,,
100.0,2120,804484.628449063,1758001944.6586947,11199.0,0.0010000000474974513,0.00497785396873951,0.0036292201839387417,0.004495445638895035,,,,
100.0,2121,804997.473381022,1758002457.5036275,11209.0,0.0010000000474974513,0.00473829498514533,0.003453261684626341,0.004283444490283728,,,,
,2122,805960.722294263,1758003420.7529204,,,,,,,,,
,2123,805961.987849514,1758003422.018495,,,,,,,,,
,2124,805961.993334554,1758003422.0239007,,,,,,,,,0.1340097337961197
,2125,805962.818500416,1758003422.8491452,,,,,,,,,
100.0,2126,805962.821223632,1758003422.8517535,11210.0,,,,,0.042918577790260315,0.1304544061422348,0.004244169220328331,
,2127,805963.434750152,1758003423.4653196,,,,,,,,,
,2128,805964.616138889,1758003424.646756,,,,,,,,,
,2129,805964.622873604,1758003424.653454,,,,,,,,,
,2130,805964.831513429,1758003424.862162,,,,,,,,,
100.0,2131,805977.156473266,1758003437.1823652,11210.0,,,,,,,,
101.0,2132,806903.49667011,1758004363.5263748,11219.0,0.0010000000474974513,0.004800291266292334,0.0033772666938602924,0.004743416793644428,,,,
101.0,2133,807525.338328097,1758004985.368534,11229.0,0.0010000000474974513,0.004573353100568056,0.003311093198135495,0.00420753238722682,,,,
101.0,2134,808147.641173855,1758005607.6710756,11239.0,0.0010000000474974513,0.004514724016189575,0.003230907954275608,0.004279385786503553,,,,
101.0,2135,808771.169770436,1758006231.199732,11249.0,0.0010000000474974513,0.004046602640300989,0.0028917393647134304,0.0038495445623993874,,,,
101.0,2136,809391.479577751,1758006851.5097613,11259.0,0.0010000000474974513,0.0035267616622149944,0.0025306041352450848,0.0033205251675099134,,,,
101.0,2137,810012.522640624,1758007472.5528693,11269.0,0.0010000000474974513,0.004766805097460747,0.0034765310119837523,0.004300912842154503,,,,
101.0,2138,810633.823907828,1758008093.8539228,11279.0,0.0010000000474974513,0.004815126769244671,0.0034496267326176167,0.00455166632309556,,,,
101.0,2139,811256.93286826,1758008716.9629369,11289.0,0.0010000000474974513,0.004168607760220766,0.0029945424757897854,0.003913550637662411,,,,
101.0,2140,811879.758634027,1758009339.7887735,11299.0,0.0010000000474974513,0.004271109588444233,0.0030647788662463427,0.004021102096885443,,,,
101.0,2141,812423.729975622,1758009883.7600813,11309.0,0.0010000000474974513,0.0042571150697767735,0.0030713528394699097,0.003952540457248688,,,,
101.0,2142,812937.032516371,1758010397.0626078,11319.0,0.0010000000474974513,0.0045862444676458836,0.0033137393184006214,0.004241683054715395,,,,
,2143,813954.230347664,1758011414.2609763,,,,,,,,,
,2144,813955.456888637,1758011415.4874918,,,,,,,,,
,2145,813955.462172611,1758011415.492745,,,,,,,,,0.08745734393596649
,2146,813955.668718733,1758011415.699373,,,,,,,,,
101.0,2147,813955.685716297,1758011415.716207,11321.0,,,,,0.05801142379641533,0.07454590499401093,0.01318855956196785,
,2148,813956.285848797,1758011416.3164115,,,,,,,,,
,2149,813957.495001067,1758011417.5256054,,,,,,,,,
,2150,813957.501619783,1758011417.5321736,,,,,,,,,
,2151,813957.708184434,1758011417.7387953,,,,,,,,,
101.0,2152,813966.246112447,1758011426.2719915,11321.0,,,,,,,,
102.0,2153,814830.745140162,1758012290.775632,11329.0,0.0010000000474974513,0.003976844251155853,0.0028339570853859186,0.0038096243515610695,,,,
102.0,2154,815453.084491656,1758012913.113787,11339.0,0.0010000000474974513,0.0040848045609891415,0.002902091247960925,0.003942376933991909,,,,
102.0,2155,816075.627352803,1758013535.6569498,11349.0,0.0010000000474974513,0.005185600370168686,0.003714767750352621,0.004902775399386883,,,,
102.0,2156,816698.673744888,1758014158.7029383,11359.0,0.0010000000474974513,0.004425044637173414,0.003166535869240761,0.004195027984678745,,,,
102.0,2157,817322.012414005,1758014782.0423064,11369.0,0.0010000000474974513,0.004391814582049847,0.0031032864935696125,0.004295092076063156,,,,
102.0,2158,817944.743761575,1758015404.7737067,11379.0,0.0010000000474974513,0.004077091347426176,0.002933860756456852,0.0038107680156826973,,,,
102.0,2159,818570.039015299,1758016030.0688634,11389.0,0.0010000000474974513,0.0041299844160676,0.0029623638838529587,0.00389206875115633,,,,
102.0,2160,819191.141254792,1758016651.1711152,11399.0,0.0010000000474974513,0.004158923868089914,0.002970740431919694,0.003960610833019018,,,,
102.0,2161,819811.795530817,1758017271.8258114,11409.0,0.0010000000474974513,0.0040788184851408005,0.0029125113505870104,0.0038876906037330627,,,,
102.0,2162,820364.547535632,1758017824.5778503,11419.0,0.0010000000474974513,0.004434550181031227,0.0031457971781492233,0.004295842722058296,,,,
102.0,2163,820880.415122597,1758018340.444247,11429.0,0.0010000000474974513,0.004290264565497637,0.0030737360939383507,0.0040550935082137585,,,,
,2164,821944.504336552,1758019404.5349298,,,,,,,,,
,2165,821945.715089962,1758019405.7457082,,,,,,,,,
,2166,821945.720358578,1758019405.7509499,,,,,,,,,0.040756955742836
,2167,821945.926821582,1758019405.9574711,,,,,,,,,
102.0,2168,821946.494278154,1758019406.5247428,11432.0,,,,,0.08096297830343246,0.03892955929040909,0.03986272215843201,
,2169,821947.111280814,1758019407.1418529,,,,,,,,,
,2170,821948.33949628,1758019408.3701155,,,,,,,,,
,2171,821948.345970954,1758019408.376492,,,,,,,,,
,2172,821948.557747613,1758019408.588396,,,,,,,,,
102.0,2173,821956.546830063,1758019416.5734112,11432.0,,,,,,,,
103.0,2174,822759.540116658,1758020219.5704288,11439.0,0.0010000000474974513,0.004815452266484499,0.0033843691926449537,0.004770276602357626,,,,
103.0,2175,823381.636809664,1758020841.6670403,11449.0,0.0010000000474974513,0.00412399135529995,0.0029388240072876215,0.003950558137148619,,,,
103.0,2176,824004.912062319,1758021464.9424374,11459.0,0.0010000000474974513,0.004406928084790707,0.003136184299364686,0.004235812462866306,,,,
103.0,2177,824628.527289588,1758022088.5573707,11469.0,0.0010000000474974513,0.004121602047234774,0.0029234811663627625,0.003993736580014229,,,,
103.0,2178,825248.011053263,1758022708.0413527,11479.0,0.0010000000474974513,0.004334279336035252,0.003118945751339197,0.004051113035529852,,,,
103.0,2179,825869.724640517,1758023329.7549038,11489.0,0.0010000000474974513,0.003597236704081297,0.002570629119873047,0.0034220246598124504,,,,
103.0,2180,826493.013740374,1758023953.0441723,11499.0,0.0010000000474974513,0.004348318092525005,0.0031182290986180305,0.004100296646356583,,,,
103.0,2181,827113.311918366,1758024573.3418763,11509.0,0.0010000000474974513,0.0050978511571884155,0.0036718258634209633,0.004753419663757086,,,,
103.0,2182,827733.706226123,1758025193.7364593,11519.0,0.0010000000474974513,0.004519273992627859,0.0032583330757915974,0.004203137010335922,,,,
103.0,2183,828298.082701068,1758025758.1126378,11529.0,0.0010000000474974513,0.00344607955776155,0.0024302208330482244,0.003386195283383131,,,,
103.0,2184,828813.946222017,1758026273.976669,11539.0,0.0010000000474974513,0.0041777146980166435,0.0030249138362705708,0.003842670004814863,,,,
,2185,829931.524656477,1758027391.5552833,,,,,,,,,
,2186,829932.649197467,1758027392.679838,,,,,,,,,
,2187,829932.654585425,1758027392.6851487,,,,,,,,,0.11021964251995087
,2188,829932.860045299,1758027392.890658,,,,,,,,,
103.0,2189,829932.905371286,1758027392.935872,11543.0,,,,,0.047706954181194305,0.11279857903718948,0.005591575987637043,
,2190,829933.483875873,1758027393.5144808,,,,,,,,,
,2191,829934.670444323,1758027394.7010932,,,,,,,,,
,2192,829934.676697977,1758027394.7072737,,,,,,,,,
,2193,829934.882068318,1758027394.9127204,,,,,,,,,
103.0,2194,829943.425569769,1758027403.451691,11543.0,,,,,,,,
104.0,2195,830681.978270021,1758028142.0085304,11549.0,0.0010000000474974513,0.004846721421927214,0.0034242691472172737,0.0047415075823664665,,,,
104.0,2196,831305.192799763,1758028765.2229,11559.0,0.0010000000474974513,0.0039031431078910828,0.002755330177024007,0.0038260435685515404,,,,
104.0,2197,831930.767015649,1758029390.7973428,11569.0,0.0010000000474974513,0.0041393437422811985,0.0029611901845782995,0.003927178680896759,,,,
104.0,2198,832553.403490689,1758030013.4335709,11579.0,0.0010000000474974513,0.00420720549300313,0.0030439880210906267,0.0038773915730416775,,,,
104.0,2199,833175.856005265,1758030635.885762,11589.0,0.0010000000474974513,0.0038668126799166203,0.0027456749230623245,0.0037371257785707712,,,,
104.0,2200,833798.429851124,1758031258.4598145,11599.0,0.0010000000474974513,0.003484513610601425,0.0024778544902801514,0.0033555293921381235,,,,
104.0,2201,834420.985872158,1758031881.0158362,11609.0,0.0010000000474974513,0.0038000084459781647,0.0027062485460191965,0.0036458666436374187,,,,
104.0,2202,835045.927426431,1758032505.957849,11619.0,0.0010000000474974513,0.003851050976663828,0.002749201375991106,0.0036728314589709044,,,,
104.0,2203,835668.475482917,1758033128.5053346,11629.0,0.0010000000474974513,0.003826781176030636,0.0027114946860820055,0.003717621322721243,,,,
104.0,2204,836244.787951837,1758033704.8181906,11639.0,0.0010000000474974513,0.0038955993950366974,0.0027756099589169025,0.003733297809958458,,,,
104.0,2205,836759.692513984,1758034219.7227755,11649.0,0.0010000000474974513,0.00423846859484911,0.0030016344971954823,0.0041227806359529495,,,,
,2206,837936.31758786,1758035396.3481731,,,,,,,,,
,2207,837937.532249967,1758035397.5628917,,,,,,,,,
,2208,837937.537598156,1758035397.5681608,,,,,,,,,0.06678882986307144
,2209,837937.744738708,1758035397.7753546,,,,,,,,,
104.0,2210,837937.863165791,1758035397.893635,11654.0,,,,,0.05078208073973656,0.05795428156852722,0.015529953874647617,
,2211,837938.43377149,1758035398.464385,,,,,,,,,
,2212,837939.667167976,1758035399.6976798,,,,,,,,,
,2213,837939.673455093,1758035399.7040308,,,,,,,,,
,2214,837939.877674969,1758035399.9082735,,,,,,,,,
104.0,2215,837948.357731921,1758035408.3844311,11654.0,,,,,,,,
105.0,2216,838627.989503262,1758036088.0197835,11659.0,0.0010000000474974513,0.003996566403657198,0.002800876274704933,0.003985634073615074,,,,
105.0,2217,839249.880444798,1758036709.9095588,11669.0,0.0010000000474974513,0.0040870788507163525,0.002889203606173396,0.00399291655048728,,,,
105.0,2218,839872.781194916,1758037332.8113763,11679.0,0.0010000000474974513,0.0033980607986450195,0.0023713107220828533,0.003422500565648079,,,,
105.0,2219,840496.769683113,1758037956.7997994,11689.0,0.0010000000474974513,0.003800769802182913,0.0026656189002096653,0.003783837426453829,,,,
105.0,2220,841120.076266671,1758038580.1066258,11699.0,0.0010000000474974513,0.0037001133896410465,0.002596847712993622,0.003677552565932274,,,,
105.0,2221,841742.696067366,1758039202.7263467,11709.0,0.0010000000474974513,0.0038908501155674458,0.0028103787917643785,0.0036015710793435574,,,,
105.0,2222,842366.085717876,1758039826.1153886,11719.0,0.0010000000474974513,0.00393756665289402,0.0027826984878629446,0.0038495613262057304,,,,
105.0,2223,842989.253565606,1758040449.2836564,11729.0,0.0010000000474974513,0.0039568087086081505,0.0028332057408988476,0.0037453430704772472,,,,
105.0,2224,843611.605294253,1758041071.6356435,11739.0,0.0010000000474974513,0.004501443821936846,0.0031332820653915405,0.004560539033263922,,,,
105.0,2225,844198.637561013,1758041658.6675212,11749.0,0.0010000000474974513,0.004276975989341736,0.0030140660237520933,0.0042097000405192375,,,,
105.0,2226,844713.67665489,1758042173.7068834,11759.0,0.0010000000474974513,0.004090440459549427,0.0028687200974673033,0.004072400275617838,,,,
,2227,845937.080514292,1758043397.1110702,,,,,,,,,
,2228,845938.217112128,1758043398.247754,,,,,,,,,
,2229,845938.222340974,1758043398.252902,,,,,,,,,0.1137165054678917
,2230,845938.426528388,1758043398.4571826,,,,,,,,,
105.0,2231,845938.505206368,1758043398.5356557,11765.0,,,,,0.04383167624473572,0.10298649221658707,0.004501152317970991,
,2232,845939.097214299,1758043399.1277916,,,,,,,,,
,2233,845940.355649663,1758043400.3862865,,,,,,,,,
,2234,845940.362341276,1758043400.3928792,,,,,,,,,
,2235,845940.568794266,1758043400.5994065,,,,,,,,,
105.0,2236,845949.026033437,1758043409.0522394,11765.0,,,,,,,,
106.0,2237,846562.156183711,1758044022.1862993,11769.0,0.0010000000474974513,0.004033839330077171,0.002866057213395834,0.003892607521265745,,,,
106.0,2238,847184.01458164,1758044644.0442097,11779.0,0.0010000000474974513,0.004300885368138552,0.0030102271120995283,0.0043021938763558865,,,,
106.0,2239,847806.854279423,1758045266.884276,11789.0,0.0010000000474974513,0.004506367724388838,0.003170994110405445,0.004451246000826359,,,,
106.0,2240,848429.477662712,1758045889.5076213,11799.0,0.0010000000474974513,0.004278421867638826,0.0030197256710380316,0.004195654299110174,,,,
106.0,2241,849053.591169017,1758046513.6211026,11809.0,0.0010000000474974513,0.0037862425670027733,0.0026393707375973463,0.003822905942797661,,,,
106.0,2242,849677.167356761,1758047137.19725,11819.0,0.0010000000474974513,0.0038918196223676205,0.0027469261549413204,0.0038163114804774523,,,,
106.0,2243,850299.778847753,1758047759.8090696,11829.0,0.0010000000474974513,0.0033683008514344692,0.0023616021499037743,0.00335566233843565,,,,
106.0,2244,850928.124306992,1758048388.1542647,11839.0,0.0010000000474974513,0.003716389648616314,0.0026363844517618418,0.003600017400458455,,,,
106.0,2245,851549.80120355,1758049009.8312113,11849.0,0.0010000000474974513,0.004390710964798927,0.0031251744367182255,0.004218455404043198,,,,
106.0,2246,852145.471198514,1758049605.501481,11859.0,0.0010000000474974513,0.004198298789560795,0.002928841859102249,0.00423152232542634,,,,
106.0,2247,852661.505027304,1758050121.5352018,11869.0,0.0010000000474974513,0.003865888575091958,0.00276363012380898,0.0036741942167282104,,,,
,2248,853928.556401252,1758051388.5869951,,,,,,,,,
,2249,853929.737773854,1758051389.768406,,,,,,,,,
,2250,853929.743233465,1758051389.7737765,,,,,,,,,0.03886007145047188
,2251,853929.952799659,1758051389.9834466,,,,,,,,,
106.0,2252,853929.960137089,1758051389.9906795,11876.0,,,,,0.06183270364999771,0.03514658287167549,0.032304760068655014,
,2253,853930.599074199,1758051390.629649,,,,,,,,,
,2254,853931.787415991,1758051391.8180645,,,,,,,,,
,2255,853931.793932687,1758051391.8244882,,,,,,,,,
,2256,853932.597188251,1758051392.6278074,,,,,,,,,
106.0,2257,853940.505875483,1758051400.5320187,11876.0,,,,,,,,
107.0,2258,854493.476993923,1758051953.507194,11879.0,0.0010000000474974513,0.00454411655664444,0.0031873686239123344,0.004522492177784443,,,,
107.0,2259,855114.839274384,1758052574.8690064,11889.0,0.0010000000474974513,0.004754981957376003,0.0033690850250422955,0.004619655665010214,,,,
107.0,2260,855738.150050948,1758053198.1804004,11899.0,0.0010000000474974513,0.003659296315163374,0.0025295005179941654,0.0037659858353435993,,,,
107.0,2261,856360.887094344,1758053820.9168282,11909.0,0.0010000000474974513,0.004073742777109146,0.002875066129490733,0.003995589446276426,,,,
107.0,2262,856984.006112225,1758054444.036307,11919.0,0.0010000000474974513,0.003444768488407135,0.0024057712871581316,0.003463323460891843,,,,
107.0,2263,857608.21758851,1758055068.247951,11929.0,0.0010000000474974513,0.004335817415267229,0.003064897609874606,0.004236399196088314,,,,
107.0,2264,858229.849290077,1758055689.879467,11939.0,0.0010000000474974513,0.004739239811897278,0.0032746391370892525,0.00488200131803751,,,,
107.0,2265,858851.979274822,1758056312.0089865,11949.0,0.0010000000474974513,0.004416958894580603,0.0031184274703264236,0.004328439012169838,,,,
107.0,2266,859474.138460901,1758056934.168897,11959.0,0.0010000000474974513,0.003973625600337982,0.002823715331032872,0.003833033610135317,,,,
107.0,2267,860081.911334764,1758057541.9414723,11969.0,0.0010000000474974513,0.004101579077541828,0.002879037754610181,0.004075138829648495,,,,
107.0,2268,860597.737102758,1758058057.7673812,11979.0,0.0010000000474974513,0.0042465729638934135,0.0029323985800147057,0.004380581434816122,,,,
,2269,861920.186226233,1758059380.216854,,,,,,,,,
,2270,861921.363540167,1758059381.394151,,,,,,,,,
,2271,861921.369134862,1758059381.3997204,,,,,,,,,0.13121171295642853
,2272,861921.577836595,1758059381.6084352,,,,,,,,,
107.0,2273,861921.706726854,1758059381.7371857,11987.0,,,,,0.03722698614001274,0.1310727447271347,0.0037349904887378216,
,2274,861922.337187082,1758059382.3677716,,,,,,,,,
,2275,861923.53970812,1758059383.5703113,,,,,,,,,
,2276,861923.54639725,1758059383.576968,,,,,,,,,
,2277,861923.756032268,1758059383.786682,,,,,,,,,
107.0,2278,861936.104749467,1758059396.1308115,11987.0,,,,,,,,
108.0,2279,862432.810194033,1758059892.8401206,11989.0,0.0010000000474974513,0.004292633384466171,0.0029733628034591675,0.004397568292915821,,,,
108.0,2280,863055.417930987,1758060515.448079,11999.0,0.0010000000474974513,0.003989898134022951,0.0027728118002414703,0.004056952428072691,,,,
108.0,2281,863679.584902429,1758061139.615142,12009.0,0.0010000000474974513,0.003881227457895875,0.0027395577635616064,0.0038055656477808952,,,,
108.0,2282,864301.425508419,1758061761.4559186,12019.0,0.0010000000474974513,0.0038090224843472242,0.0026491000317037106,0.00386640802025795,,,,
108.0,2283,864925.076927006,1758062385.1073413,12029.0,0.0010000000474974513,0.004067005589604378,0.0028525886591523886,0.004048055969178677,,,,
108.0,2284,865547.085707937,1758063007.1162071,12039.0,0.0010000000474974513,0.00351446820423007,0.002452241024002433,0.003540758276358247,,,,
108.0,2285,866172.904934547,1758063632.9348986,12049.0,0.0010000000474974513,0.0037889990489929914,0.0026501149404793978,0.0037962798960506916,,,,
108.0,2286,866796.680563081,1758064256.70944,12059.0,0.0010000000474974513,0.00407806970179081,0.002903812099248171,0.003914192318916321,,,,
108.0,2287,867422.326776788,1758064882.3566535,12069.0,0.0010000000474974513,0.003916197922080755,0.0027766763232648373,0.003798405872657895,,,,
108.0,2288,868040.610566457,1758065500.6407344,12079.0,0.0010000000474974513,0.004555598832666874,0.0032270201481878757,0.004428597167134285,,,,
108.0,2289,868556.195091173,1758066016.225328,12089.0,0.0010000000474974513,0.004263550043106079,0.002986262319609523,0.004257624503225088,,,,
,2290,869929.739332655,1758067389.7699614,,,,,,,,,
,2291,869930.966646635,1758067390.9972582,,,,,,,,,
,2292,869930.97221439,1758067391.002802,,,,,,,,,0.09005150198936462
,2293,869931.181275833,1758067391.2119021,,,,,,,,,
108.0,2294,869931.323066506,1758067391.3534997,12098.0,,,,,0.03412472456693649,0.09753147512674332,0.0055448077619075775,
,2295,869931.891461963,1758067391.922106,,,,,,,,,
,2296,869933.148963941,1758067393.1796024,,,,,,,,,
,2297,869933.155683966,1758067393.1862483,,,,,,,,,
,2298,869933.363058843,1758067393.3936684,,,,,,,,,
108.0,2299,869941.311127975,1758067401.3377485,12098.0,,,,,,,,
109.0,2300,870377.420576993,1758067837.4509258,12099.0,0.0010000000474974513,0.003564286744222045,0.0024499755818396807,0.003714370308443904,,,,
109.0,2301,870994.234125164,1758068454.264204,12109.0,0.0010000000474974513,0.00355478934943676,0.002468970837071538,0.003619395662099123,,,,
109.0,2302,871619.1222446,1758069079.1520748,12119.0,0.0010000000474974513,0.003704936010763049,0.002592107281088829,0.003709428943693638,,,,
109.0,2303,872239.924431909,1758069699.9546895,12129.0,0.0010000000474974513,0.004119720309972763,0.002854567486792803,0.004217175766825676,,,,
109.0,2304,872863.695091854,1758070323.72509,12139.0,0.0010000000474974513,0.003202881896868348,0.002231212565675378,0.0032388975378125906,,,,
109.0,2305,873485.976917198,1758070946.007206,12149.0,0.0010000000474974513,0.004346152301877737,0.0031064804643392563,0.004132239148020744,,,,
109.0,2306,874109.722451172,1758071569.7526689,12159.0,0.0010000000474974513,0.0039570024237036705,0.002776938956230879,0.0039335438050329685,,,,
109.0,2307,874732.209243599,1758072192.2393434,12169.0,0.0010000000474974513,0.0034089675173163414,0.0023985174484550953,0.0033681662753224373,,,,
109.0,2308,875355.305511407,1758072815.3358026,12179.0,0.0010000000474974513,0.0038293420802801847,0.002731041517108679,0.0036610024981200695,,,,
109.0,2309,875977.28574431,1758073437.316072,12189.0,0.0010000000474974513,0.00384407676756382,0.002648166147992015,0.003986367955803871,,,,
109.0,2310,876498.301323421,1758073958.3313274,12199.0,0.0010000000474974513,0.003887707833200693,0.002685661194846034,0.004006821662187576,,,,
109.0,2311,876999.320606666,1758074459.3506572,12209.0,0.0010000000474974513,0.005033072084188461,0.0035709175281226635,0.004873848520219326,,,,
,2312,877930.634079418,1758075390.6647058,,,,,,,,,
,2313,877931.807312122,1758075391.8379595,,,,,,,,,
,2314,877931.812477883,1758075391.8430495,,,,,,,,,0.02014230564236641
,2315,877932.020560433,1758075392.0511725,,,,,,,,,
109.0,2316,877932.036076384,1758075392.0666296,12209.0,,,,,0.08010707050561905,0.024482352659106255,0.044668059796094894,
,2317,877932.609580489,1758075392.6402237,,,,,,,,,
,2318,877933.805804787,1758075393.8364403,,,,,,,,,
,2319,877933.812347681,1758075393.8429127,,,,,,,,,
,2320,877934.021385373,1758075394.0520048,,,,,,,,,
109.0,2321,877942.846821233,1758075402.8729799,12209.0,,,,,,,,
110.0,2322,878928.780057234,1758076388.8102243,12219.0,0.0010000000474974513,0.0036481001880019903,0.0025426107458770275,0.003684964496642351,,,,
110.0,2323,879550.033939976,1758077010.0642219,12229.0,0.0010000000474974513,0.0036960472352802753,0.002607985632494092,0.0036268727853894234,,,,
110.0,2324,880172.387256119,1758077632.4173458,12239.0,0.0010000000474974513,0.003940106835216284,0.002770400373265147,0.0038990220054984093,,,,
110.0,2325,880795.676632401,1758078255.7067037,12249.0,0.0010000000474974513,0.004236901178956032,0.002974591450765729,0.004207700025290251,,,,
110.0,2326,881418.192473908,1758078878.2220669,12259.0,0.0010000000474974513,0.0044815419241786,0.0031539686024188995,0.004425244405865669,,,,
110.0,2327,882039.26297871,1758079499.2930973,12269.0,0.0010000000474974513,0.0037875217385590076,0.002655681222677231,0.00377280218526721,,,,
110.0,2328,882661.700934749,1758080121.7312295,12279.0,0.0010000000474974513,0.003986472729593515,0.002820789348334074,0.0038856109604239464,,,,
110.0,2329,883284.781311942,1758080744.8112547,12289.0,0.0010000000474974513,0.004793123342096806,0.0033142671454697847,0.0049295201897621155,,,,
110.0,2330,883909.480943095,1758081369.5111842,12299.0,0.0010000000474974513,0.004755581263452768,0.0033698768820613623,0.004619014915078878,,,,
110.0,2331,884445.768827039,1758081905.7991378,12309.0,0.0010000000474974513,0.00359313259832561,0.0025268406607210636,0.003554306225851178,,,,
110.0,2332,884958.959819887,1758082418.989812,12319.0,0.0010000000474974513,0.003649163292720914,0.002540541347116232,0.00369540648534894,,,,
,2333,885923.033497058,1758083383.0641196,,,,,,,,,
,2334,885924.238983803,1758083384.269609,,,,,,,,,
,2335,885924.244250433,1758083384.274797,,,,,,,,,0.044029708951711655
,2336,885924.452693315,1758083384.483311,,,,,,,,,
110.0,2337,885924.463898223,1758083384.4944043,12320.0,,,,,0.09184374660253525,0.04499979689717293,0.05686672776937485,
,2338,885925.068003452,1758083385.0985708,,,,,,,,,
,2339,885926.307314022,1758083386.3379595,,,,,,,,,
,2340,885926.3140312,1758083386.3445997,,,,,,,,,
,2341,885926.519179051,1758083386.549799,,,,,,,,,
110.0,2342,885934.395987794,1758083394.4226773,12320.0,,,,,,,,
111.0,2343,886861.640506862,1758084321.67033,12329.0,0.0010000000474974513,0.0038073735777288675,0.002613806864246726,0.003978555556386709,,,,
111.0,2344,887484.778212747,1758084944.8082883,12339.0,0.0010000000474974513,0.003692778293043375,0.002550567500293255,0.0038073693867772818,,,,
111.0,2345,888110.009183184,1758085570.0382874,12349.0,0.0010000000474974513,0.003906883765012026,0.0027253504376858473,0.0039384448900818825,,,,
111.0,2346,888731.503898727,1758086191.5338159,12359.0,0.0010000000474974513,0.004376661032438278,0.0030848775058984756,0.00430594477802515,,,,
111.0,2347,889352.853394024,1758086812.8834293,12369.0,0.0010000000474974513,0.0035231232177466154,0.0024403887800872326,0.0036091147921979427,,,,
111.0,2348,889973.637763062,1758087433.6674373,12379.0,0.0010000000474974513,0.003865085542201996,0.002709765685722232,0.0038510668091475964,,,,
111.0,2349,890598.066618065,1758088058.096831,12389.0,0.0010000000474974513,0.0038917383644729853,0.0027212072163820267,0.0039017703384160995,,,,
111.0,2350,891221.222207487,1758088681.2521853,12399.0,0.0010000000474974513,0.003669374156743288,0.002566767390817404,0.0036753558088093996,,,,
111.0,2351,891847.16005606,1758089307.189856,12409.0,0.0010000000474974513,0.0035368059761822224,0.002478228183463216,0.003528592176735401,,,,
111.0,2352,892391.106290112,1758089851.1364295,12419.0,0.0010000000474974513,0.003813656745478511,0.0026827706024050713,0.0037696203216910362,,,,
111.0,2353,892904.614167003,1758090364.6443305,12429.0,0.0010000000474974513,0.004270483739674091,0.0029545750003308058,0.004386362619698048,,,,
,2354,893916.45337694,1758091376.484011,,,,,,,,,
,2355,893917.620775387,1758091377.651394,,,,,,,,,
,2356,893917.626449442,1758091377.6570296,,,,,,,,,0.10341384261846542
,2357,893917.835009658,1758091377.8656597,,,,,,,,,
111.0,2358,893917.895213925,1758091377.9256895,12431.0,,,,,0.036954209208488464,0.09744197130203247,0.004054186400026083,
,2359,893918.496964838,1758091378.5264792,,,,,,,,,
,2360,893919.747697614,1758091379.7783434,,,,,,,,,
,2361,893919.754398939,1758091379.7849538,,,,,,,,,
,2362,893919.965940667,1758091379.9965875,,,,,,,,,
111.0,2363,893928.622974546,1758091388.648923,12431.0,,,,,,,,
112.0,2364,894790.781483319,1758092250.811637,12439.0,0.0010000000474974513,0.004074457101523876,0.002874908968806267,0.00399849284440279,,,,
112.0,2365,895417.924134033,1758092877.9542978,12449.0,0.0010000000474974513,0.003858917858451605,0.002646269742399454,0.004042161162942648,,,,
112.0,2366,896040.712658893,1758093500.7430394,12459.0,0.0010000000474974513,0.004493601154536009,0.003158859210088849,0.004449139349162579,,,,
112.0,2367,896665.740350231,1758094125.7702699,12469.0,0.0010000000474974513,0.003384527051821351,0.0023441934026777744,0.0034677786752581596,,,,
112.0,2368,897289.145023034,1758094749.1753054,12479.0,0.0010000000474974513,0.0037848309148103,0.002653564792126417,0.003770887153223157,,,,
112.0,2369,897914.526137692,1758095374.5563571,12489.0,0.0010000000474974513,0.0034681542310863733,0.0024202712811529636,0.0034929420799016953,,,,
112.0,2370,898538.728528399,1758095998.758406,12499.0,0.0010000000474974513,0.0036430074833333492,0.0025743767619132996,0.003562102559953928,,,,
112.0,2371,899160.626068261,1758096620.6559553,12509.0,0.0010000000474974513,0.004326049238443375,0.0030377486255019903,0.004294334910809994,,,,
112.0,2372,899787.455049212,1758097247.48537,12519.0,0.0010000000474974513,0.0034119714982807636,0.0023740394972264767,0.003459773724898696,,,,
112.0,2373,900341.981492301,1758097802.011699,12529.0,0.0010000000474974513,0.0042940592393279076,0.0029761374462395906,0.0043930732645094395,,,,
112.0,2374,900858.133154901,1758098318.1626985,12539.0,0.0010000000474974513,0.004049387760460377,0.002805340336635709,0.004146823193877935,,,,
,2375,901924.319210355,1758099384.3497927,,,,,,,,,
,2376,901925.552595449,1758099385.583233,,,,,,,,,
,2377,901925.558098834,1758099385.5886586,,,,,,,,,0.045024268329143524
,2378,901925.765752194,1758099385.7964,,,,,,,,,
112.0,2379,901926.250545929,1758099386.2809753,12542.0,,,,,0.044514723122119904,0.051037874072790146,0.009267554618418217,
,2380,901926.837602018,1758099386.868242,,,,,,,,,
,2381,901928.050424754,1758099388.0810428,,,,,,,,,
,2382,901928.056890499,1758099388.087446,,,,,,,,,
,2383,901928.267718782,1758099388.2983675,,,,,,,,,
112.0,2384,901936.899385854,1758099396.9253411,12542.0,,,,,,,,
113.0,2385,902742.009724589,1758100202.0398886,12549.0,0.0010000000474974513,0.003606268670409918,0.00248673465102911,0.0037317806854844093,,,,
113.0,2386,903365.179889795,1758100825.2096622,12559.0,0.0010000000474974513,0.0039214096032083035,0.002746657468378544,0.00391584075987339,,,,
113.0,2387,903987.551511431,1758101447.5817795,12569.0,0.0010000000474974513,0.0033554346300661564,0.0023678040597587824,0.0032921023666858673,,,,
113.0,2388,904611.648158408,1758102071.6783228,12579.0,0.0010000000474974513,0.003914874047040939,0.0027887504547834396,0.003753744764253497,,,,
113.0,2389,905236.431663024,1758102696.4620805,12589.0,0.0010000000474974513,0.0035720313899219036,0.002496919594705105,0.0035837064497172832,,,,
113.0,2390,905858.053916235,1758103318.0842037,12599.0,0.0010000000474974513,0.0038189527112990618,0.0026806583628058434,0.0037943145725876093,,,,
113.0,2391,906480.307640012,1758103940.337051,12609.0,0.0010000000474974513,0.004281431436538696,0.0030215459410101175,0.00419961754232645,,,,
113.0,2392,907102.438046943,1758104562.4676647,12619.0,0.0010000000474974513,0.004199931863695383,0.0029084011912345886,0.004305102396756411,,,,
113.0,2393,907726.450791801,1758105186.4801347,12629.0,0.0010000000474974513,0.004330263938754797,0.003010836662724614,0.004398091230541468,,,,
113.0,2394,908293.628208961,1758105753.6583974,12639.0,0.0010000000474974513,0.0034213955514132977,0.0023970305919647217,0.003414548933506012,,,,
113.0,2395,908807.829102501,1758106267.8591702,12649.0,0.0010000000474974513,0.0036013652570545673,0.00251107569783926,0.0036342984531074762,,,,
,2396,909921.296483921,1758107381.3271224,,,,,,,,,
,2397,909922.460561018,1758107382.4912074,,,,,,,,,
,2398,909922.466035276,1758107382.4966009,,,,,,,,,0.09542068094015121
,2399,909922.672596763,1758107382.703254,,,,,,,,,
113.0,2400,909922.730356908,1758107382.7608337,12653.0,,,,,0.04113457351922989,0.09822040051221848,0.0067110504023730755,
,2401,909923.316207733,1758107383.346849,,,,,,,,,
,2402,909924.56192483,1758107384.5925431,,,,,,,,,
,2403,909924.568494053,1758107384.5990684,,,,,,,,,
,2404,909924.775699171,1758107384.8063524,,,,,,,,,
113.0,2405,909932.639696242,1758107392.666456,12653.0,,,,,,,,
114.0,2406,910675.681691709,1758108135.7121308,12659.0,0.0010000000474974513,0.003533384297043085,0.0024336306378245354,0.003665846074000001,,,,
114.0,2407,911299.415335015,1758108759.445416,12669.0,0.0010000000474974513,0.004145180340856314,0.002817908301949501,0.0044242399744689465,,,,
114.0,2408,911923.276977051,1758109383.306987,12679.0,0.0010000000474974513,0.003949900157749653,0.00269241351634264,0.004191623069345951,,,,
114.0,2409,912545.70304414,1758110005.7333932,12689.0,0.0010000000474974513,0.003261897712945938,0.002241977723315358,0.003399732755497098,,,,
114.0,2410,913171.911277217,1758110631.9413729,12699.0,0.0010000000474974513,0.003922151401638985,0.0027290217112749815,0.003977097570896149,,,,
114.0,2411,913790.208083759,1758111250.2382355,12709.0,0.0010000000474974513,0.0038455212488770485,0.0026873978786170483,0.00386041053570807,,,,
114.0,2412,914415.04156756,1758111875.071776,12719.0,0.0010000000474974513,0.0038597790990024805,0.0026740957982838154,0.0039522782899439335,,,,
114.0,2413,915037.102594812,1758112497.1328754,12729.0,0.0010000000474974513,0.003518755082041025,0.00243255402892828,0.0036206701770424843,,,,
114.0,2414,915660.055853038,1758113120.0860474,12739.0,0.0010000000474974513,0.0037923138588666916,0.0026004076935350895,0.003973020240664482,,,,
114.0,2415,916236.231127975,1758113696.261532,12749.0,0.0010000000474974513,0.003612672910094261,0.002536310348659754,0.003587875049561262,,,,
114.0,2416,916749.727299959,1758114209.7574644,12759.0,0.0010000000474974513,0.0034713607747107744,0.002426527440547943,0.0034827785566449165,,,,
,2417,917917.732993643,1758115377.7635536,,,,,,,,,
,2418,917918.85842299,1758115378.8890698,,,,,,,,,
,2419,917918.863798357,1758115378.8943746,,,,,,,,,0.05559922754764557
,2420,917919.130149862,1758115379.1038656,,,,,,,,,
114.0,2421,917919.132892935,1758115379.1634135,12764.0,,,,,0.06865973770618439,0.04244399070739746,0.03441692888736725,
,2422,917919.767995309,1758115379.7985663,,,,,,,,,
,2423,917920.956459957,1758115380.9871006,,,,,,,,,
,2424,917920.963141056,1758115380.993694,,,,,,,,,
,2425,917921.173781387,1758115381.2044396,,,,,,,,,
114.0,2426,917929.108766996,1758115389.1354976,12764.0,,,,,,,,
115.0,2427,918605.724007284,1758116065.7536898,12769.0,0.0010000000474974513,0.0035320278257131577,0.0024068015627563,0.003750754287466407,,,,
115.0,2428,919229.898892055,1758116689.92864,12779.0,0.0010000000474974513,0.004032084718346596,0.002797550056129694,0.004115113988518715,,,,
115.0,2429,919854.981766301,1758117315.0120857,12789.0,0.0010000000474974513,0.0034446120262145996,0.0023880600929260254,0.003521840088069439,,,,
115.0,2430,920478.657566654,1758117938.687876,12799.0,0.0010000000474974513,0.00345217133872211,0.0023718890734016895,0.0036009401082992554,,,,
115.0,2431,921102.455961329,1758118562.485866,12809.0,0.0010000000474974513,0.004034123849123716,0.0028472428675740957,0.003956269472837448,,,,
115.0,2432,921726.099818283,1758119186.129718,12819.0,0.0010000000474974513,0.0037610253784805536,0.002620162907987833,0.0038028741255402565,,,,
115.0,2433,922351.482931824,1758119811.5129309,12829.0,0.0010000000474974513,0.003562650177627802,0.002526909112930298,0.0034524709917604923,,,,
115.0,2434,922973.926110131,1758120433.955821,12839.0,0.0010000000474974513,0.004271671641618013,0.0029968437738716602,0.004249426070600748,,,,
115.0,2435,923597.714327413,1758121057.7444923,12849.0,0.0010000000474974513,0.003524507163092494,0.002471707994118333,0.003509331028908491,,,,
115.0,2436,924184.365011445,1758121644.394923,12859.0,0.0010000000474974513,0.004340285435318947,0.0030157966539263725,0.004414963070303202,,,,
115.0,2437,924699.540099466,1758122159.5702534,12869.0,0.0010000000474974513,0.0041975947096943855,0.002839711494743824,0.004526276607066393,,,,
,2438,925919.96506702,1758123379.9956608,,,,,,,,,
,2439,925921.211204218,1758123381.241811,,,,,,,,,
,2440,925921.216233731,1758123381.2468112,,,,,,,,,0.04777650907635689
,2441,925921.426812749,1758123381.457417,,,,,,,,,
115.0,2442,925922.103399616,1758123382.1338506,12875.0,,,,,0.06692899018526077,0.056089844554662704,0.0252450630068779,
,2443,925922.690172185,1758123382.7208195,,,,,,,,,
,2444,925923.934277938,1758123383.9649093,,,,,,,,,
,2445,925923.940425617,1758123383.9710164,,,,,,,,,
,2446,925924.15184935,1758123384.182463,,,,,,,,,
115.0,2447,925932.609192941,1758123392.6352727,12875.0,,,,,,,,
116.0,2448,926546.455131298,1758124006.4851656,12879.0,0.0010000000474974513,0.003883623518049717,0.0026583359576761723,0.004084291402250528,,,,
116.0,2449,927168.839119474,1758124628.8686357,12889.0,0.0010000000474974513,0.00340269529260695,0.0023497387301176786,0.0035098548978567123,,,,
116.0,2450,927788.308240073,1758125248.338571,12899.0,0.0010000000474974513,0.003944740630686283,0.0027964655309915543,0.0038275830447673798,,,,
116.0,2451,928411.007070701,1758125871.0369935,12909.0,0.0010000000474974513,0.003921553026884794,0.002752049593254924,0.003898344002664089,,,,
116.0,2452,929038.110444919,1758126498.1407895,12919.0,0.0010000000474974513,0.003941762261092663,0.002758369781076908,0.003944640513509512,,,,
116.0,2453,929662.91919669,1758127122.9485955,12929.0,0.0010000000474974513,0.0038531289901584387,0.002728512743487954,0.0037487212102860212,,,,
116.0,2454,930283.087719616,1758127743.1173878,12939.0,0.0010000000474974513,0.003693720791488886,0.002598167397081852,0.003651844337582588,,,,
116.0,2455,930905.906415868,1758128365.9363058,12949.0,0.0010000000474974513,0.0037457626312971115,0.0025895682629197836,0.0038539813831448555,,,,
116.0,2456,931527.838641583,1758128987.8689415,12959.0,0.0010000000474974513,0.0040588597767055035,0.002807194134220481,0.004172218963503838,,,,
116.0,2457,932122.225327089,1758129582.2555568,12969.0,0.0010000000474974513,0.003960474394261837,0.002811079379171133,0.0038313160184770823,,,,
116.0,2458,932640.269944255,1758130100.3000212,12979.0,0.0010000000474974513,0.003927941899746656,0.0028024862986057997,0.003751517040655017,,,,
,2459,933912.900044328,1758131372.9305854,,,,,,,,,
,2460,933914.04545538,1758131374.0760713,,,,,,,,,
,2461,933914.050571685,1758131374.0811574,,,,,,,,,0.14347124099731445
,2462,933914.260125148,1758131374.2907755,,,,,,,,,
116.0,2463,933914.262923113,1758131374.2934198,12986.0,,,,,0.05089378356933594,0.1279575377702713,0.005126134026795626,
,2464,933914.852161426,1758131374.8827796,,,,,,,,,
,2465,933916.063515732,1758131376.0941596,,,,,,,,,
,2466,933916.06996617,1758131376.1005301,,,,,,,,,
,2467,933916.275841158,1758131376.306455,,,,,,,,,
116.0,2468,933924.1652359,1758131384.1919355,12986.0,,,,,,,,
117.0,2469,934475.598331735,1758131935.628492,12989.0,0.0010000000474974513,0.003993361257016659,0.002808700781315565,0.003948866855353117,,,,
117.0,2470,935099.043102359,1758132559.0729384,12999.0,0.0010000000474974513,0.004242793656885624,0.002956590848043561,0.004287343472242355,,,,
117.0,2471,935721.724752079,1758133181.754605,13009.0,0.0010000000474974513,0.003982219845056534,0.0027738120406866074,0.004028025548905134,,,,
117.0,2472,936345.716850118,1758133805.7469823,13019.0,0.0010000000474974513,0.0041049206629395485,0.0029144613072276115,0.0039681969210505486,,,,
117.0,2473,936968.472671479,1758134428.5029614,13029.0,0.0010000000474974513,0.003785237902775407,0.002646044595167041,0.0037973113358020782,,,,
117.0,2474,937587.87413768,1758135047.90379,13039.0,0.0010000000474974513,0.0041511328890919685,0.002926340326666832,0.004082642029970884,,,,
117.0,2475,938210.867384841,1758135670.897637,13049.0,0.0010000000474974513,0.0033230846747756004,0.0023343763314187527,0.003295694012194872,,,,
117.0,2476,938836.965882459,1758136296.9961348,13059.0,0.0010000000474974513,0.0038639928679913282,0.002720885444432497,0.0038103575352579355,,,,
117.0,2477,939461.822971768,1758136921.8523417,13069.0,0.0010000000474974513,0.004492281936109066,0.003125397488474846,0.004556281957775354,,,,
117.0,2478,940070.256010984,1758137530.286106,13079.0,0.0010000000474974513,0.003803832456469536,0.002704013604670763,0.003666062606498599,,,,
117.0,2479,940585.530671363,1758138045.5609996,13089.0,0.0010000000474974513,0.004356848541647196,0.003120013512670994,0.004122783895581961,,,,
,2480,941907.960161857,1758139367.9908018,,,,,,,,,
,2481,941909.24036136,1758139369.2710032,,,,,,,,,
,2482,941909.245550846,1758139369.276101,,,,,,,,,0.027014952152967453
,2483,941909.451254033,1758139369.4819088,,,,,,,,,
117.0,2484,941909.960956452,1758139369.9914465,13097.0,,,,,0.07131141424179077,0.028758928179740906,0.025120344012975693,
,2485,941910.552754126,1758139370.5833414,,,,,,,,,
,2486,941911.777027476,1758139371.8076339,,,,,,,,,
,2487,941911.783246319,1758139371.8138103,,,,,,,,,
,2488,941911.992494013,1758139372.0231357,,,,,,,,,
117.0,2489,941920.68751727,1758139380.7134197,13097.0,,,,,,,,
118.0,2490,942421.003446809,1758139881.0334892,13099.0,0.0010000000474974513,0.003966057673096657,0.002738255076110363,0.004092675633728504,,,,
118.0,2491,943043.721657801,1758140503.75147,13109.0,0.0010000000474974513,0.00420385180041194,0.0029422654770314693,0.004205287899821997,,,,
118.0,2492,943669.805790733,1758141129.8359268,13119.0,0.0010000000474974513,0.004278816282749176,0.0029369150288403034,0.004473003093153238,,,,
118.0,2493,944293.679924676,1758141753.7095084,13129.0,0.0010000000474974513,0.004444575868546963,0.003112503793090582,0.0044402386993169785,,,,
118.0,2494,944918.261373582,1758142378.2910337,13139.0,0.0010000000474974513,0.004559630528092384,0.0031239818781614304,0.00478549487888813,,,,
118.0,2495,945538.507597816,1758142998.5373874,13149.0,0.0010000000474974513,0.003714736783877015,0.0026512795593589544,0.0035448558628559113,,,,
118.0,2496,946158.147506339,1758143618.1775713,13159.0,0.0010000000474974513,0.0037658645305782557,0.002642557956278324,0.003744354471564293,,,,
118.0,2497,946781.741372664,1758144241.7705157,13169.0,0.0010000000474974513,0.003972390666604042,0.002790189115330577,0.003940672613680363,,,,
118.0,2498,947406.354138732,1758144866.3845484,13179.0,0.0010000000474974513,0.003913676366209984,0.002744854660704732,0.0038960713427513838,,,,
118.0,2499,948022.518781474,1758145482.5493171,13189.0,0.0010000000474974513,0.004240729846060276,0.0029150410555303097,0.004418962635099888,,,,
118.0,2500,948537.279303256,1758145997.3090248,13199.0,0.0010000000474974513,0.004378717392683029,0.003087724093347788,0.004303310066461563,,,,
,2501,949911.134006468,1758147371.1645608,,,,,,,,,
,2502,949912.859329998,1758147372.8899395,,,,,,,,,
,2503,949912.864839044,1758147372.8954349,,,,,,,,,0.0794009193778038
,2504,949913.072237188,1758147373.1028223,,,,,,,,,
118.0,2505,949913.088638207,1758147373.1191185,13208.0,,,,,0.046257201582193375,0.08242648839950562,0.003951567690819502,
,2506,949913.664456984,1758147373.6950634,,,,,,,,,
,2507,949914.934247285,1758147374.9648874,,,,,,,,,
,2508,949914.940681081,1758147374.9712348,,,,,,,,,
,2509,949915.148714488,1758147375.179312,,,,,,,,,
118.0,2510,949922.963035454,1758147382.9897566,13208.0,,,,,,,,
119.0,2511,950363.422412293,1758147823.4523618,13209.0,0.0010000000474974513,0.003867680672556162,0.002661274978891015,0.004021352156996727,,,,
119.0,2512,950977.051407488,1758148437.0813348,13219.0,0.0010000000474974513,0.004285972099751234,0.002940242411568761,0.0044857654720544815,,,,
119.0,2513,951600.161713333,1758149060.191089,13229.0,0.0010000000474974513,0.004413179587572813,0.0030476879328489304,0.004551638849079609,,,,
119.0,2514,952220.627020829,1758149680.656871,13239.0,0.0010000000474974513,0.0038302605971693993,0.0026874016039073467,0.0038095302879810333,,,,
119.0,2515,952844.705108516,1758150304.735115,13249.0,0.0010000000474974513,0.0034567546099424362,0.002377820434048772,0.0035964471753686666,,,,
119.0,2516,953469.80466201,1758150929.8343291,13259.0,0.0010000000474974513,0.0037921450566500425,0.0026078324299305677,0.003947708755731583,,,,
119.0,2517,954094.601456863,1758151554.6313825,13269.0,0.0010000000474974513,0.0035874894820153713,0.0025687674060463905,0.0033957399427890778,,,,
119.0,2518,954719.423466521,1758152179.4534883,13279.0,0.0010000000474974513,0.003941553179174662,0.002632443793118,0.004363697022199631,,,,
119.0,2519,955341.914113881,1758152801.9443986,13289.0,0.0010000000474974513,0.003929909318685532,0.0026981213595718145,0.004105960018932819,,,,
119.0,2520,955961.073998403,1758153421.103986,13299.0,0.0010000000474974513,0.0038916743360459805,0.00260100606828928,0.00430222786962986,,,,
119.0,2521,956483.365545893,1758153943.395483,13309.0,0.0010000000474974513,0.003557354211807251,0.002438184805214405,0.003730564843863249,,,,
119.0,2522,956986.458649356,1758154446.4890096,13319.0,0.0010000000474974513,0.003578225150704384,0.0024740416556596756,0.0036806114949285984,,,,
,2523,957910.142694077,1758155370.1732998,,,,,,,,,
,2524,957911.327070265,1758155371.3576932,,,,,,,,,
,2525,957911.332773685,1758155371.363329,,,,,,,,,0.09422578662633896
,2526,957911.54057063,1758155371.5711923,,,,,,,,,
119.0,2527,957911.54704894,1758155371.5775197,13319.0,,,,,0.04778462275862694,0.07330913841724396,0.008215500973165035,
,2528,957912.172169188,1758155372.2026865,,,,,,,,,
,2529,957913.376105957,1758155373.4067245,,,,,,,,,
,2530,957913.382615976,1758155373.4131804,,,,,,,,,
,2531,957913.592171966,1758155373.6228232,,,,,,,,,
119.0,2532,957921.429770971,1758155381.4563227,13319.0,,,,,,,,
120.0,2533,958912.049879851,1758156372.0803661,13329.0,0.0010000000474974513,0.00383798498660326,0.0026099688839167356,0.00409338716417551,,,,
120.0,2534,959533.965604014,1758156993.9958436,13339.0,0.0010000000474974513,0.0038301185704767704,0.002615728648379445,0.0040479665622115135,,,,
120.0,2535,960156.973432319,1758157617.0030246,13349.0,0.0010000000474974513,0.003725695190951228,0.0025381932500749826,0.003958338871598244,,,,
120.0,2536,960776.73062199,1758158236.7607338,13359.0,0.0010000000474974513,0.0040814983658492565,0.002748002065345645,0.0044449870474636555,,,,
120.0,2537,961399.570362498,1758158859.6004298,13369.0,0.0010000000474974513,0.0034087705425918102,0.00231002876535058,0.0036624723579734564,,,,
120.0,2538,962021.656068195,1758159481.6863062,13379.0,0.0010000000474974513,0.0034341677092015743,0.00234615383669734,0.0036267125979065895,,,,
120.0,2539,962640.020932505,1758160100.0507114,13389.0,0.0010000000474974513,0.003757582511752844,0.002548614051192999,0.004029895178973675,,,,
120.0,2540,963263.321648502,1758160723.3521929,13399.0,0.0010000000474974513,0.003793496871367097,0.0026281652972102165,0.003884438890963793,,,,
120.0,2541,963890.271748736,1758161350.3017223,13409.0,0.0010000000474974513,0.004238426219671965,0.0028995319735258818,0.004462980665266514,,,,
120.0,2542,964424.208754671,1758161884.2388268,13419.0,0.0010000000474974513,0.003613049630075693,0.002517133019864559,0.003653054591268301,,,,
120.0,2543,964938.532536303,1758162398.5625029,13429.0,0.0010000000474974513,0.004420884884893894,0.0029737832956016064,0.004823672119528055,,,,
,2544,965900.970166217,1758163361.0007155,,,,,,,,,
,2545,965902.123508695,1758163362.1541448,,,,,,,,,
,2546,965902.128939877,1758163362.1595042,,,,,,,,,0.04532430320978165
,2547,965902.339498027,1758163362.3701084,,,,,,,,,
120.0,2548,965902.935621911,1758163362.966132,13430.0,,,,,0.04644203931093216,0.04325786978006363,0.006132523994892836,
,2549,965903.563914816,1758163363.5944755,,,,,,,,,
,2550,965904.866579088,1758163364.8972166,,,,,,,,,
,2551,965904.872843492,1758163364.9034026,,,,,,,,,
,2552,965905.678119366,1758163365.708744,,,,,,,,,
120.0,2553,965913.57091531,1758163373.5967364,13430.0,,,,,,,,
121.0,2554,966837.836069251,1758164297.8659291,13439.0,0.0010000000474974513,0.003954853396862745,0.002768134931102395,0.0039557283744215965,,,,
121.0,2555,967459.289975233,1758164919.3194282,13449.0,0.0010000000474974513,0.003954875748604536,0.0027183995116502047,0.004121588543057442,,,,
121.0,2556,968085.718146158,1758165545.7479012,13459.0,0.0010000000474974513,0.003745093708857894,0.0026248847134411335,0.0037340300623327494,,,,
121.0,2557,968708.394224264,1758166168.4233928,13469.0,0.0010000000474974513,0.0035146567970514297,0.002368704881519079,0.0038198386318981647,,,,
121.0,2558,969329.881165819,1758166789.9112258,13479.0,0.0010000000474974513,0.0035874713212251663,0.0024615665897727013,0.003753015538677573,,,,
121.0,2559,969952.321366537,1758167412.3503985,13489.0,0.0010000000474974513,0.003751548007130623,0.0025504210498183966,0.0040037562139332294,,,,
121.0,2560,970574.474836429,1758168034.504747,13499.0,0.0010000000474974513,0.004657155368477106,0.0031611237209290266,0.00498677184805274,,,,
121.0,2561,971194.440796799,1758168654.4706812,13509.0,0.0010000000474974513,0.003388933837413788,0.0023213985841721296,0.0035584503784775734,,,,
121.0,2562,971817.064136673,1758169277.0939674,13519.0,0.0010000000474974513,0.003672425402328372,0.0025183726102113724,0.003846842795610428,,,,
121.0,2563,972360.545604391,1758169820.5758967,13529.0,0.0010000000474974513,0.004053332842886448,0.0027690152637660503,0.004281059838831425,,,,
121.0,2564,972874.518077332,1758170334.548348,13539.0,0.0010000000474974513,0.0040635839104652405,0.0028472288977354765,0.0040545156225562096,,,,
,2565,973890.043220112,1758171350.0738583,,,,,,,,,
,2566,973891.192418066,1758171351.223039,,,,,,,,,
,2567,973891.198055123,1758171351.2286,,,,,,,,,0.045797135680913925
,2568,973891.406069694,1758171351.4366565,,,,,,,,,
121.0,2569,973891.43987452,1758171351.4703338,13541.0,,,,,0.04674278944730759,0.04628568887710571,0.006467656698077917,
,2570,973892.074267477,1758171352.1048512,,,,,,,,,
,2571,973893.194252436,1758171353.2248921,,,,,,,,,
,2572,973893.200826525,1758171353.231392,,,,,,,,,
,2573,973893.409259711,1758171353.4399085,,,,,,,,,
121.0,2574,973901.329785202,1758171361.3564112,13541.0,,,,,,,,
122.0,2575,974764.869214744,1758172224.8995514,13549.0,0.0010000000474974513,0.004297223873436451,0.002953164977952838,0.004480196163058281,,,,
122.0,2576,975387.966548413,1758172847.996841,13559.0,0.0010000000474974513,0.003789424430578947,0.002568378346040845,0.004070152994245291,,,,
122.0,2577,976011.894747664,1758173471.9246004,13569.0,0.0010000000474974513,0.0037684186827391386,0.0026004293467849493,0.0038932976312935352,,,,
122.0,2578,976632.483326195,1758174092.513156,13579.0,0.0010000000474974513,0.003704305272549391,0.002572274999693036,0.0037734347861260176,,,,
122.0,2579,977251.755390605,1758174711.7851207,13589.0,0.0010000000474974513,0.003528995905071497,0.0024244580417871475,0.00368179171346128,,,,
122.0,2580,977874.649088274,1758175334.6790679,13599.0,0.0010000000474974513,0.003731535980477929,0.0025922853965312243,0.0037975013256073,,,,
122.0,2581,978498.673252157,1758175958.7036967,13609.0,0.0010000000474974513,0.0035461923107504845,0.0024663095828145742,0.00359960924834013,,,,
122.0,2582,979121.041946772,1758176581.0719216,13619.0,0.0010000000474974513,0.0038123128470033407,0.0026213196106255054,0.003969977609813213,,,,
122.0,2583,979743.595317092,1758177203.62542,13629.0,0.0010000000474974513,0.0037579857744276524,0.0026236912235617638,0.0037809822242707014,,,,
122.0,2584,980293.692994688,1758177753.7230601,13639.0,0.0010000000474974513,0.0035944380797445774,0.002419031225144863,0.003918022848665714,,,,
122.0,2585,980806.586347848,1758178266.6167927,13649.0,0.0010000000474974513,0.003998436499387026,0.0028151297010481358,0.003944355994462967,,,,
,2586,981872.260106994,1758179332.2906864,,,,,,,,,
,2587,981873.403514704,1758179333.4341369,,,,,,,,,
,2588,981873.408758694,1758179333.4393225,,,,,,,,,0.12360487878322601
,2589,981873.616361361,1758179333.6469734,,,,,,,,,
122.0,2590,981873.619099979,1758179333.6496813,13652.0,,,,,0.05311259254813194,0.10917475819587708,0.014555733650922775,
,2591,981874.237592179,1758179334.2681847,,,,,,,,,
,2592,981875.442534447,1758179335.4731886,,,,,,,,,
,2593,981875.44891676,1758179335.4794784,,,,,,,,,
,2594,981875.658203519,1758179335.6888614,,,,,,,,,
122.0,2595,981884.210317099,1758179344.2362614,13652.0,,,,,,,,
123.0,2596,982690.186572607,1758180150.216954,13659.0,0.0010000000474974513,0.004131658002734184,0.0028401007875800133,0.0043051885440945625,,,,
123.0,2597,983313.524776538,1758180773.5545864,13669.0,0.0010000000474974513,0.0033747360575944185,0.00234312005341053,0.003438719315454364,,,,
123.0,2598,983935.972516312,1758181396.002821,13679.0,0.0010000000474974513,0.004524951335042715,0.0031129433773458004,0.004706692881882191,,,,
123.0,2599,984560.22787292,1758182020.2576828,13689.0,0.0010000000474974513,0.0033349147997796535,0.0022627469152212143,0.00357389310374856,,,,
123.0,2600,985182.948237276,1758182642.9783154,13699.0,0.0010000000474974513,0.004067622125148773,0.0027388245798647404,0.004429324995726347,,,,
123.0,2601,985805.801471091,1758183265.8313859,13709.0,0.0010000000474974513,0.003324301214888692,0.0022356566041707993,0.003628815058618784,,,,
123.0,2602,986428.210544088,1758183888.2404702,13719.0,0.0010000000474974513,0.0035868091508746147,0.0024195422884076834,0.0038908892311155796,,,,
123.0,2603,987049.088900414,1758184509.1192217,13729.0,0.0010000000474974513,0.003362232819199562,0.0022703860886394978,0.003639489645138383,,,,
123.0,2604,987675.77591759,1758185135.8055193,13739.0,0.0010000000474974513,0.0039445445872843266,0.002707886975258589,0.004122191108763218,,,,
123.0,2605,988241.941217832,1758185701.9712489,13749.0,0.0010000000474974513,0.0034977328032255173,0.0023789992555975914,0.0037291115149855614,,,,
123.0,2606,988757.717432488,1758186217.7476223,13759.0,0.0010000000474974513,0.003965344745665789,0.0027824616990983486,0.003942942712455988,,,,
,2607,989874.883889937,1758187334.9144928,,,,,,,,,
,2608,989876.005878756,1758187336.0364888,,,,,,,,,
,2609,989876.011022512,1758187336.041588,,,,,,,,,0.06282692402601242
,2610,989876.22199276,1758187336.2526374,,,,,,,,,
123.0,2611,989876.805990811,1758187336.8364959,13763.0,,,,,0.07227618247270584,0.06911203265190125,0.03353775665163994,
,2612,989877.417914456,1758187337.4484916,,,,,,,,,
,2613,989878.584148285,1758187338.614762,,,,,,,,,
,2614,989878.59141481,1758187338.621961,,,,,,,,,
,2615,989878.799102674,1758187338.8297496,,,,,,,,,
123.0,2616,989886.746944306,1758187346.773686,13763.0,,,,,,,,
124.0,2617,990626.239122227,1758188086.269101,13769.0,0.0010000000474974513,0.0033158515579998493,0.0022344544995576143,0.003604657482355833,,,,
124.0,2618,991246.097811779,1758188706.1281784,13779.0,0.0010000000474974513,0.003666280535981059,0.002367070410400629,0.004330700263381004,,,,
124.0,2619,991866.608927204,1758189326.6389763,13789.0,0.0010000000474974513,0.0033783656544983387,0.002255867701023817,0.0037416592240333557,,,,
124.0,2620,992488.169854993,1758189948.1997085,13799.0,0.0010000000474974513,0.003627944039180875,0.00244106724858284,0.0039562564343214035,,,,
124.0,2621,993109.276236114,1758190569.3061786,13809.0,0.0010000000474974513,0.0033101013395935297,0.0022444799542427063,0.003552071750164032,,,,
124.0,2622,993730.639610096,1758191190.6700573,13819.0,0.0010000000474974513,0.0038597839884459972,0.002611211035400629,0.004161910153925419,,,,
124.0,2623,994353.334951341,1758191813.3648653,13829.0,0.0010000000474974513,0.003855912946164608,0.002630809787660837,0.004083677660673857,,,,
124.0,2624,994973.431582861,1758192433.4615257,13839.0,0.0010000000474974513,0.003641599090769887,0.002468749415129423,0.003909498918801546,,,,
124.0,2625,995595.157951975,1758193055.1876361,13849.0,0.0010000000474974513,0.00450244452804327,0.0030934412498027086,0.0046966783702373505,,,,
124.0,2626,996168.645932284,1758193628.6758463,13859.0,0.0010000000474974513,0.003583130892366171,0.0024765359703451395,0.003688649507239461,,,,
124.0,2627,996681.699224293,1758194141.7294173,13869.0,0.0010000000474974513,0.003687666729092598,0.002517551649361849,0.0039003840647637844,,,,
,2628,997848.702833092,1758195308.7334428,,,,,,,,,
,2629,997849.941743383,1758195309.9723797,,,,,,,,,
,2630,997849.946960563,1758195309.977526,,,,,,,,,0.0785960927605629
,2631,997850.192816804,1758195310.2234514,,,,,,,,,
124.0,2632,997850.195531897,1758195310.2260845,13874.0,,,,,0.04782455787062645,0.08432444930076599,0.013070485554635525,
,2633,997850.774377374,1758195310.8050263,,,,,,,,,
,2634,997851.934191674,1758195311.9648385,,,,,,,,,
,2635,997851.940374644,1758195311.9709315,,,,,,,,,
,2636,997852.146978181,1758195312.17763,,,,,,,,,
124.0,2637,997860.019426014,1758195320.0462787,13874.0,,,,,,,,
125.0,2638,998532.195196359,1758195992.224837,13879.0,0.0010000000474974513,0.0035951659083366394,0.0023619357962161303,0.004110767971724272,,,,
125.0,2639,999153.901757234,1758196613.931881,13889.0,0.0010000000474974513,0.003373958170413971,0.0022316703107208014,0.0038076257333159447,,,,
125.0,2640,999778.389593917,1758197238.4194722,13899.0,0.0010000000474974513,0.0033644887153059244,0.002270157216116786,0.0036477716639637947,,,,
125.0,2641,1000400.421299136,1758197860.4515574,13909.0,0.0010000000474974513,0.004055991303175688,0.0026823608204722404,0.0045787678100168705,,,,
125.0,2642,1001020.295093497,1758198480.3253546,13919.0,0.0010000000474974513,0.003587184939533472,0.0024644748773425817,0.0037423677276819944,,,,
125.0,2643,1001640.142414905,1758199100.1716769,13929.0,0.0010000000474974513,0.003644944168627262,0.002473300788551569,0.003905477700755,,,,
125.0,2644,1002263.971912433,1758199724.0021412,13939.0,0.0010000000474974513,0.0032914732582867146,0.002197169465944171,0.003647679928690195,,,,
125.0,2645,1002889.63931027,1758200349.669402,13949.0,0.0010000000474974513,0.003393680788576603,0.0023576191160827875,0.0034535396844148636,,,,
125.0,2646,1003509.849132062,1758200969.8796585,13959.0,0.0010000000474974513,0.003451723139733076,0.002333597978577018,0.003727083094418049,,,,
125.0,2647,1004094.09141176,1758201554.1213715,13969.0,0.0010000000474974513,0.00343904085457325,0.0022889336105436087,0.003833689959719777,,,,
125.0,2648,1004604.738864421,1758202064.76885,13979.0,0.0010000000474974513,0.003976487088948488,0.002617686754092574,0.00452933507040143,,,,
,2649,1005822.451093977,1758203282.4816568,,,,,,,,,
,2650,1005823.621144135,1758203283.651775,,,,,,,,,
,2651,1005823.626286034,1758203283.6568723,,,,,,,,,0.06038568913936615
,2652,1005823.831921494,1758203283.8625574,,,,,,,,,
125.0,2653,1005823.866678487,1758203283.8972242,13985.0,,,,,0.05984851345419884,0.05446235463023186,0.018964970484375954,
,2654,1005824.446281908,1758203284.476923,,,,,,,,,
,2655,1005825.59961966,1758203285.6302688,,,,,,,,,
,2656,1005825.605932622,1758203285.6365085,,,,,,,,,
,2657,1005825.81277726,1758203285.8434355,,,,,,,,,
125.0,2658,1005834.31182227,1758203294.337941,13985.0,,,,,,,,
126.0,2659,1006455.26743507,1758203915.297394,13989.0,0.0010000000474974513,0.003536280244588852,0.0023501194082200527,0.003953869920223951,,,,
126.0,2660,1007078.073688774,1758204538.103815,13999.0,0.0010000000474974513,0.0034328349865972996,0.002224971307441592,0.004026212263852358,,,,
126.0,2661,1007696.024982532,1758205156.0548503,14009.0,0.0010000000474974513,0.0034214193001389503,0.002286248840391636,0.0037839007563889027,,,,
126.0,2662,1008320.297002619,1758205780.3270047,14019.0,0.0010000000474974513,0.0031589167192578316,0.0020737103186547756,0.003617354901507497,,,,
126.0,2663,1008941.585825043,1758206401.615719,14029.0,0.0010000000474974513,0.0035561686381697655,0.0024577092844992876,0.003661531023681164,,,,
126.0,2664,1009563.425630811,1758207023.4559834,14039.0,0.0010000000474974513,0.0033541421871632338,0.00224344152957201,0.0037023357581347227,,,,
126.0,2665,1010185.407900351,1758207645.437785,14049.0,0.0010000000474974513,0.003526176791638136,0.0023040054365992546,0.004073904827237129,,,,
126.0,2666,1010807.1352752,1758208267.165781,14059.0,0.0010000000474974513,0.00381063693203032,0.002563127316534519,0.004158365074545145,,,,
126.0,2667,1011426.975410814,1758208887.0055292,14069.0,0.0010000000474974513,0.003657276974990964,0.0024994013365358114,0.003859584918245673,,,,
126.0,2668,1012024.971553971,1758209485.0014567,14079.0,0.0010000000474974513,0.0031955246813595295,0.0021888474002480507,0.003355590160936117,,,,
126.0,2669,1012543.190489206,1758210003.2201993,14089.0,0.0010000000474974513,0.003715552855283022,0.0024826275184750557,0.004109751898795366,,,,
,2670,1013819.352085243,1758211279.3826616,,,,,,,,,
,2671,1013820.481846748,1758211280.5124888,,,,,,,,,
,2672,1013820.4872004,1758211280.51775,,,,,,,,,0.06511110812425613
,2673,1013820.693776607,1758211280.7244067,,,,,,,,,
126.0,2674,1013820.696348961,1758211280.7268946,14096.0,,,,,0.05565638840198517,0.05313907191157341,0.016313819214701653,
,2675,1013821.314158875,1758211281.344698,,,,,,,,,
,2676,1013822.536666824,1758211282.5673044,,,,,,,,,
,2677,1013822.543070044,1758211282.573633,,,,,,,,,
,2678,1013822.752063713,1758211282.7827213,,,,,,,,,
126.0,2679,1013830.682658096,1758211290.709317,14096.0,,,,,,,,
127.0,2680,1014386.781370918,1758211846.811783,14099.0,0.0010000000474974513,0.004048720467835665,0.002727398881688714,0.004404405131936073,,,,
127.0,2681,1015008.304279852,1758212468.3342264,14109.0,0.0010000000474974513,0.0036327685229480267,0.0024113389663398266,0.004071432165801525,,,,
127.0,2682,1015628.478191821,1758213088.5082057,14119.0,0.0010000000474974513,0.0034629711881279945,0.0023486148566007614,0.0037145218811929226,,,,
127.0,2683,1016249.992358493,1758213710.0217881,14129.0,0.0010000000474974513,0.0035913893952965736,0.0023827897384762764,0.004028665367513895,,,,
127.0,2684,1016874.167784489,1758214334.1981802,14139.0,0.0010000000474974513,0.0032307761721313,0.0020996774546802044,0.003770328825339675,,,,
127.0,2685,1017496.222900165,1758214956.253047,14149.0,0.0010000000474974513,0.0034526046365499496,0.00223773461766541,0.004049566574394703,,,,
127.0,2686,1018122.567541046,1758215582.5978148,14159.0,0.0010000000474974513,0.003100854344666004,0.0020851660519838333,0.0033856274094432592,,,,
127.0,2687,1018747.709526874,1758216207.7392063,14169.0,0.0010000000474974513,0.003266136860474944,0.0021637771278619766,0.003674532053992152,,,,
127.0,2688,1019373.372046354,1758216833.401919,14179.0,0.0010000000474974513,0.003855534829199314,0.002548943040892482,0.004355304874479771,,,,
127.0,2689,1019981.936721976,1758217441.966111,14189.0,0.0010000000474974513,0.004024796187877655,0.0026594356168061495,0.004551200661808252,,,,
127.0,2690,1020496.129586482,1758217956.159931,14199.0,0.0010000000474974513,0.0035520412493497133,0.0023744949139654636,0.003925155848264694,,,,
,2691,1021816.29157117,1758219276.3221695,,,,,,,,,
,2692,1021817.469413393,1758219277.5000527,,,,,,,,,
,2693,1021817.475175665,1758219277.5057354,,,,,,,,,0.05567699670791626
,2694,1021817.696191848,1758219277.7268448,,,,,,,,,
127.0,2695,1021818.30503324,1758219278.3354623,14207.0,,,,,0.04338427633047104,0.06914305686950684,0.004955196287482977,
,2696,1021818.96805413,1758219278.9986262,,,,,,,,,
,2697,1021820.126085215,1758219280.1566896,,,,,,,,,
,2698,1021820.133293634,1758219280.1638606,,,,,,,,,
,2699,1021820.347854355,1758219280.3785036,,,,,,,,,
127.0,2700,1021828.305469495,1758219288.3320022,14207.0,,,,,,,,
128.0,2701,1022327.410364847,1758219787.4406745,14209.0,0.0010000000474974513,0.0030976198613643646,0.002060566795989871,0.0034568433184176683,,,,
128.0,2702,1022949.564243078,1758220409.5936365,14219.0,0.0010000000474974513,0.003419544082134962,0.002177703659981489,0.004139467608183622,,,,
128.0,2703,1023572.596552702,1758221032.6270857,14229.0,0.0010000000474974513,0.0034265355207026005,0.002297015627846122,0.003765066619962454,,,,
128.0,2704,1024196.050235719,1758221656.0801268,14239.0,0.0010000000474974513,0.003380096983164549,0.0022589964792132378,0.0037370019126683474,,,,
128.0,2705,1024818.977511941,1758222279.0074782,14249.0,0.0010000000474974513,0.0033473812509328127,0.0022931676357984543,0.0035140453837811947,,,,
128.0,2706,1025439.37040758,1758222899.4000514,14259.0,0.0010000000474974513,0.0035192430950701237,0.0023302901536226273,0.003963175229728222,,,,
128.0,2707,1026059.533302482,1758223519.5632873,14269.0,0.0010000000474974513,0.003422355279326439,0.002344027627259493,0.003594425041228533,,,,
128.0,2708,1026685.495929625,1758224145.5262318,14279.0,0.0010000000474974513,0.003684776136651635,0.0025037473533302546,0.003936761990189552,,,,
128.0,2709,1027308.910276956,1758224768.939987,14289.0,0.0010000000474974513,0.0035427340772002935,0.002337838290259242,0.00401631835848093,,,,
128.0,2710,1027928.023321687,1758225388.0534005,14299.0,0.0010000000474974513,0.003577803261578083,0.00239415280520916,0.003945501521229744,,,,
128.0,2711,1028445.063940212,1758225905.0941668,14309.0,0.0010000000474974513,0.003617713460698724,0.0024816200602799654,0.0037869783118367195,,,,
,2712,1029819.789825792,1758227279.820456,,,,,,,,,
,2713,1029820.958108643,1758227280.9887269,,,,,,,,,
,2714,1029820.963345943,1758227280.9939291,,,,,,,,,0.04705680534243584
,2715,1029821.172931348,1758227281.2035627,,,,,,,,,
128.0,2716,1029821.178454934,1758227281.2089932,14318.0,,,,,0.04929274320602417,0.052094366401433945,0.009618930518627167,
,2717,1029821.743592175,1758227281.774229,,,,,,,,,
,2718,1029823.502259705,1758227283.5328746,,,,,,,,,
,2719,1029823.508724499,1758227283.539274,,,,,,,,,
,2720,1029823.717309115,1758227283.7479305,,,,,,,,,
128.0,2721,1029831.7196123,1758227291.7459269,14318.0,,,,,,,,
129.0,2722,1030274.585351731,1758227734.6155734,14319.0,0.0010000000474974513,0.0032531803008168936,0.0021648104302585125,0.0036278993356972933,,,,
129.0,2723,1030891.433525428,1758228351.463596,14329.0,0.0010000000474974513,0.0038727708160877228,0.0025959243066608906,0.004256155341863632,,,,
129.0,2724,1031515.222339657,1758228975.252108,14339.0,0.0010000000474974513,0.004276883788406849,0.0027874824590981007,0.004964672029018402,,,,
129.0,2725,1032137.507245641,1758229597.5365772,14349.0,0.0010000000474974513,0.0033877231180667877,0.0022062300704419613,0.003938309848308563,,,,
129.0,2726,1032759.228549833,1758230219.2581735,14359.0,0.0010000000474974513,0.003274116199463606,0.002195696346461773,0.003594731679186225,,,,
129.0,2727,1033383.082409787,1758230843.112299,14369.0,0.0010000000474974513,0.0034890989772975445,0.002255834173411131,0.0041108825244009495,,,,
129.0,2728,1034008.165528252,1758231468.1954331,14379.0,0.0010000000474974513,0.0035114604979753494,0.0022696794476360083,0.0041392710991203785,,,,
129.0,2729,1034630.056818153,1758232090.0870168,14389.0,0.0010000000474974513,0.0035442220978438854,0.0023338301107287407,0.004034640267491341,,,,
129.0,2730,1035253.0020786,1758232713.031762,14399.0,0.0010000000474974513,0.0037211962044239044,0.002408943371847272,0.0043741753324866295,,,,
129.0,2731,1035874.810335496,1758233334.8403666,14409.0,0.0010000000474974513,0.0035952862817794085,0.002381605561822653,0.004045602399855852,,,,
129.0,2732,1036396.980224817,1758233857.0103416,14419.0,0.0010000000474974513,0.004290176555514336,0.00284355110488832,0.00482208514586091,,,,
129.0,2733,1036901.752030741,1758234361.7822175,14429.0,0.0010000000474974513,0.003706241026520729,0.002554472768679261,0.0038392264395952225,,,,
,2734,1037824.905261223,1758235284.9358826,,,,,,,,,
,2735,1037826.084274908,1758235286.1149182,,,,,,,,,
,2736,1037826.089848923,1758235286.120426,,,,,,,,,0.10709115117788315
,2737,1037826.328627455,1758235286.3592756,,,,,,,,,
129.0,2738,1037826.370160784,1758235286.4006848,14429.0,,,,,0.04625704512000084,0.10598961263895035,0.0052511440590023994,
,2739,1037827.00006883,1758235287.0306444,,,,,,,,,
,2740,1037828.140596032,1758235288.1712375,,,,,,,,,
,2741,1037828.146983336,1758235288.177544,,,,,,,,,
,2742,1037828.354793638,1758235288.3854423,,,,,,,,,
129.0,2743,1037836.536083853,1758235296.562849,14429.0,,,,,,,,
130.0,2744,1038822.829592354,1758236282.8596954,14439.0,0.0010000000474974513,0.003168993629515171,0.0021457308903336525,0.0034108750987797976,,,,
130.0,2745,1039446.696427412,1758236906.726486,14449.0,0.0010000000474974513,0.003653988940641284,0.0024214705917984247,0.004108394030481577,,,,
130.0,2746,1040072.46799578,1758237532.4979355,14459.0,0.0010000000474974513,0.003596927970647812,0.002384160179644823,0.004042558837682009,,,,
130.0,2747,1040696.272368403,1758238156.3022475,14469.0,0.0010000000474974513,0.0032822364009916782,0.0022243501152843237,0.003526286920532584,,,,
130.0,2748,1041318.485332896,1758238778.515009,14479.0,0.0010000000474974513,0.003905345220118761,0.002526269294321537,0.004596920218318701,,,,
130.0,2749,1041941.852444309,1758239401.8827548,14489.0,0.0010000000474974513,0.0032783583737909794,0.0021756435744464397,0.0036757171619683504,,,,
130.0,2750,1042564.902456557,1758240024.9326663,14499.0,0.0010000000474974513,0.0038509382866322994,0.0025654907803982496,0.004284825176000595,,,,
130.0,2751,1043189.033337885,1758240649.0628464,14509.0,0.0010000000474974513,0.0036269002594053745,0.002412381349131465,0.0040483963675796986,,,,
130.0,2752,1043814.666777767,1758241274.6967769,14519.0,0.0010000000474974513,0.003367212601006031,0.0022602081298828125,0.0036900148261338472,,,,
130.0,2753,1044351.336123287,1758241811.3662572,14529.0,0.0010000000474974513,0.0035743052139878273,0.0024112362880259752,0.0038768965750932693,,,,
130.0,2754,1044865.916939807,1758242325.9469204,14539.0,0.0010000000474974513,0.003464221488684416,0.0024207644164562225,0.0034781908616423607,,,,
,2755,1045831.535000888,1758243291.5655525,,,,,,,,,
,2756,1045832.710581333,1758243292.7411997,,,,,,,,,
,2757,1045832.715974273,1758243292.7465498,,,,,,,,,0.09786572307348251
,2758,1045832.921267344,1758243292.9519112,,,,,,,,,
130.0,2759,1045832.932514546,1758243292.9630253,14540.0,,,,,0.04630103334784508,0.10382844507694244,0.0039583598263561726,
,2760,1045833.519653468,1758243293.5502965,,,,,,,,,
,2761,1045834.718009441,1758243294.7486107,,,,,,,,,
,2762,1045834.724398666,1758243294.7549663,,,,,,,,,
,2763,1045834.93532218,1758243294.9659157,,,,,,,,,
130.0,2764,1045843.560944679,1758243303.5870285,14540.0,,,,,,,,
131.0,2765,1046774.998238335,1758244235.0283008,14549.0,0.0010000000474974513,0.0035875379107892513,0.00228884257376194,0.004328984767198563,,,,
131.0,2766,1047400.936689988,1758244860.9666083,14559.0,0.0010000000474974513,0.003389977850019932,0.002257759915664792,0.003774059936404228,,,,
131.0,2767,1048029.118817265,1758245489.149269,14569.0,0.0010000000474974513,0.0032464785035699606,0.0021472705993801355,0.0036640262696892023,,,,
131.0,2768,1048656.431771581,1758246116.4617195,14579.0,0.0010000000474974513,0.003570267464965582,0.0023642736487090588,0.004019979387521744,,,,
131.0,2769,1049284.56673455,1758246744.5965796,14589.0,0.0010000000474974513,0.0035733641125261784,0.0023548691533505917,0.004061650484800339,,,,
131.0,2770,1049909.741220166,1758247369.7712295,14599.0,0.0010000000474974513,0.003845551051199436,0.002583916764706373,0.004205446690320969,,,,
131.0,2771,1050537.841056283,1758247997.8706794,14609.0,0.0010000000474974513,0.0032143425196409225,0.0022001457400619984,0.003380655776709318,,,,
131.0,2772,1051165.467158613,1758248625.496629,14619.0,0.0010000000474974513,0.0033295939210802317,0.002190546365454793,0.003796825185418129,,,,
131.0,2773,1051790.780306724,1758249250.8098483,14629.0,0.0010000000474974513,0.0033585596829652786,0.0022698468528687954,0.0036290425341576338,,,,
131.0,2774,1052336.363609383,1758249796.3939784,14639.0,0.0010000000474974513,0.0036443686112761497,0.0024695585016161203,0.003916033543646336,,,,
131.0,2775,1052852.611298461,1758250312.6417253,14649.0,0.0010000000474974513,0.0035412029828876257,0.0024521411396563053,0.0036302064545452595,,,,
,2776,1053868.22663792,1758251328.2572663,,,,,,,,,
,2777,1053869.418434313,1758251329.44907,,,,,,,,,
,2778,1053869.423981196,1758251329.4545357,,,,,,,,,0.10062958300113678
,2779,1053869.667276722,1758251329.697924,,,,,,,,,
131.0,2780,1053869.722347843,1758251329.7528818,14651.0,,,,,0.052745893597602844,0.09681306034326553,0.012412918731570244,
,2781,1053870.299494685,1758251330.3301346,,,,,,,,,
,2782,1053871.547687986,1758251331.5783334,,,,,,,,,
,2783,1053871.554063693,1758251331.5846398,,,,,,,,,
,2784,1053871.763340326,1758251331.793956,,,,,,,,,
131.0,2785,1053879.731701851,1758251339.758257,14651.0,,,,,,,,
132.0,2786,1054746.153006675,1758252206.1834888,14659.0,0.0010000000474974513,0.0035824154037982225,0.0024151764810085297,0.0038907965645194054,,,,
132.0,2787,1055375.002250207,1758252835.0321212,14669.0,0.0010000000474974513,0.004125741310417652,0.0027496893890202045,0.0045868405140936375,,,,
132.0,2788,1056003.993730874,1758253464.0237477,14679.0,0.0010000000474974513,0.004072859417647123,0.0028790077194571495,0.003979505505412817,,,,
132.0,2789,1056629.508596463,1758254089.538864,14689.0,0.0010000000474974513,0.0038977530784904957,0.002677748678252101,0.00406668009236455,,,,
132.0,2790,1057257.846020388,1758254717.8759274,14699.0,0.0010000000474974513,0.0035384967923164368,0.0023257993161678314,0.004042324144393206,,,,
132.0,2791,1057884.956027103,1758255344.9863315,14709.0,0.0010000000474974513,0.003824326442554593,0.0026218434795737267,0.004008276853710413,,,,
132.0,2792,1058512.087120278,1758255972.1169534,14719.0,0.0010000000474974513,0.0038932764437049627,0.002703707665205002,0.003965228796005249,,,,
132.0,2793,1059138.50800276,1758256598.5374694,14729.0,0.0010000000474974513,0.003919156268239021,0.0027377805672585964,0.003937919624149799,,,,
132.0,2794,1059767.337364693,1758257227.367635,14739.0,0.0010000000474974513,0.003767889691516757,0.0025860508903861046,0.003939462825655937,,,,
132.0,2795,1060327.341960948,1758257787.37197,14749.0,0.0010000000474974513,0.0037814765237271786,0.002554086735472083,0.0040912991389632225,,,,
132.0,2796,1060846.583148316,1758258306.613047,14759.0,0.0010000000474974513,0.003927870653569698,0.002693026792258024,0.004116144962608814,,,,
,2797,1061917.826404286,1758259377.8570375,,,,,,,,,
,2798,1061919.03309357,1758259379.0637393,,,,,,,,,
,2799,1061919.038786015,1758259379.0693436,,,,,,,,,0.050974417477846146
,2800,1061919.247897901,1758259379.278508,,,,,,,,,
132.0,2801,1061919.845685509,1758259379.876102,14762.0,,,,,0.05560174211859703,0.056543946266174316,0.014208417385816574,
,2802,1061920.49380336,1758259380.5243423,,,,,,,,,
,2803,1061921.771354576,1758259381.8019896,,,,,,,,,
,2804,1061921.777747108,1758259381.808286,,,,,,,,,
,2805,1061921.983894713,1758259382.0145388,,,,,,,,,
132.0,2806,1061930.290504173,1758259390.3170135,14762.0,,,,,,,,
133.0,2807,1062741.566030483,1758260201.596158,14769.0,0.0010000000474974513,0.0036398256197571754,0.002447625156491995,0.003974001854658127,,,,
133.0,2808,1063368.203251327,1758260828.2327929,14779.0,0.0010000000474974513,0.004097699653357267,0.0025983115192502737,0.004997961223125458,,,,
133.0,2809,1063992.407660421,1758261452.4373906,14789.0,0.0010000000474974513,0.003893316024914384,0.002527862787246704,0.004551509395241737,,,,
133.0,2810,1064618.305651399,1758262078.3356767,14799.0,0.0010000000474974513,0.003703746711835265,0.0024332404136657715,0.004235020838677883,,,,
133.0,2811,1065246.753706483,1758262706.7837565,14809.0,0.0010000000474974513,0.003161815693601966,0.002137306844815612,0.0034150294959545135,,,,
133.0,2812,1065872.984912528,1758263333.014573,14819.0,0.0010000000474974513,0.0037185782566666603,0.002492056228220463,0.004088406451046467,,,,
133.0,2813,1066502.428967888,1758263962.459247,14829.0,0.0010000000474974513,0.003805417800322175,0.002561900531873107,0.004145058337599039,,,,
133.0,2814,1067127.608955711,1758264587.639306,14839.0,0.0010000000474974513,0.003499177284538746,0.0023411642760038376,0.003860043128952384,,,,
133.0,2815,1067755.755285524,1758265215.7853785,14849.0,0.0010000000474974513,0.0033248146064579487,0.0022436215076595545,0.003603976918384433,,,,
133.0,2816,1068324.928099742,1758265784.9580796,14859.0,0.0010000000474974513,0.004023625049740076,0.002722208620980382,0.0043380544520914555,,,,
133.0,2817,1068842.428586815,1758266302.4588299,14869.0,0.0010000000474974513,0.004010588862001896,0.0027539122384041548,0.004188922233879566,,,,
,2818,1069960.43885218,1758267420.469423,,,,,,,,,
,2819,1069961.623676553,1758267421.6543195,,,,,,,,,
,2820,1069961.628908921,1758267421.659472,,,,,,,,,0.082757867872715
,2821,1069961.837340815,1758267421.8679898,,,,,,,,,
133.0,2822,1069961.869083796,1758267421.899589,14873.0,,,,,0.07114619016647339,0.0713387206196785,0.02843742072582245,
,2823,1069962.44166208,1758267422.472311,,,,,,,,,
,2824,1069963.631336175,1758267423.6619396,,,,,,,,,
,2825,1069963.63769162,1758267423.668262,,,,,,,,,
,2826,1069963.844600226,1758267423.8752146,,,,,,,,,
133.0,2827,1069972.44815585,1758267432.4741383,14873.0,,,,,,,,
134.0,2828,1070712.467771191,1758268172.4979105,14879.0,0.0010000000474974513,0.003279553260654211,0.0021517362911254168,0.003759389976039529,,,,
134.0,2829,1071339.409215427,1758268799.4393942,14889.0,0.0010000000474974513,0.003824942046776414,0.0024636543821543455,0.004537625703960657,,,,
134.0,2830,1071966.61654389,1758269426.6468277,14899.0,0.0010000000474974513,0.003415571292862296,0.002167381811887026,0.0041606309823691845,,,,
134.0,2831,1072594.467487275,1758270054.4977381,14909.0,0.0010000000474974513,0.0038851983845233917,0.0025363219901919365,0.004496254958212376,,,,
134.0,2832,1073223.261960228,1758270683.2918189,14919.0,0.0010000000474974513,0.0037100552581250668,0.002394880633801222,0.004383915103971958,,,,
134.0,2833,1073852.475348292,1758271312.5051143,14929.0,0.0010000000474974513,0.0036217020824551582,0.0024073899257928133,0.004047708120197058,,,,
134.0,2834,1074481.480787718,1758271941.5101573,14939.0,0.0010000000474974513,0.003956792410463095,0.0027147934306412935,0.004139996133744717,,,,
134.0,2835,1075108.16800763,1758272568.1978235,14949.0,0.0010000000474974513,0.003474628319963813,0.0023595509119331837,0.003716925159096718,,,,
134.0,2836,1075734.223316856,1758273194.2535732,14959.0,0.0010000000474974513,0.0037261133547872305,0.0025128573179244995,0.004044186789542437,,,,
134.0,2837,1076314.058241385,1758273774.0881886,14969.0,0.0010000000474974513,0.003506347071379423,0.0023876784835010767,0.0037288956809788942,,,,
134.0,2838,1076831.556694769,1758274291.586945,14979.0,0.0010000000474974513,0.003241591155529022,0.0021205649245530367,0.0037367534823715687,,,,
,2839,1078000.666392034,1758275460.6969895,,,,,,,,,
,2840,1078002.312939323,1758275462.3435323,,,,,,,,,
,2841,1078002.318271062,1758275462.3488457,,,,,,,,,0.06440906226634979
,2842,1078002.523009056,1758275462.5536544,,,,,,,,,
134.0,2843,1078002.525845205,1758275462.5563657,14984.0,,,,,0.055572256445884705,0.04618672654032707,0.01197363156825304,
,2844,1078003.117090242,1758275463.1476786,,,,,,,,,
,2845,1078004.333764418,1758275464.3644018,,,,,,,,,
,2846,1078004.340039805,1758275464.3706062,,,,,,,,,
,2847,1078004.546278103,1758275464.5769203,,,,,,,,,
134.0,2848,1078012.424400561,1758275472.4510953,14984.0,,,,,,,,
135.0,2849,1078690.36091786,1758276150.3909702,14989.0,0.0010000000474974513,0.003077680477872491,0.0020316983573138714,0.003486607689410448,,,,
135.0,2850,1079316.851429303,1758276776.8813558,14999.0,0.0010000000474974513,0.0035315481945872307,0.00234975409694016,0.003939314279705286,,,,
135.0,2851,1079942.867527282,1758277402.8976645,15009.0,0.0010000000474974513,0.003674757666885853,0.0025025936774909496,0.003907212987542152,,,,
135.0,2852,1080570.686068244,1758278030.7156281,15019.0,0.0010000000474974513,0.0034435049165040255,0.002268248237669468,0.003917521797120571,,,,
135.0,2853,1081194.584326003,1758278654.6141677,15029.0,0.0010000000474974513,0.003477109130471945,0.002381289377808571,0.0036527328193187714,,,,
135.0,2854,1081818.513311874,1758279278.543278,15039.0,0.0010000000474974513,0.003540607402101159,0.002333458513021469,0.004023829475045204,,,,
135.0,2855,1082442.692428909,1758279902.7228374,15049.0,0.0010000000474974513,0.003985917661339045,0.00269882008433342,0.004290325567126274,,,,
135.0,2856,1083064.304952393,1758280524.3349543,15059.0,0.0010000000474974513,0.0038809748366475105,0.002720656106248498,0.0038677288684993982,,,,
135.0,2857,1083687.123077284,1758281147.1534455,15069.0,0.0010000000474974513,0.0036192017141729593,0.0024585151113569736,0.003868954721838236,,,,
135.0,2858,1084275.717388497,1758281735.7473977,15079.0,0.0010000000474974513,0.0036317724734544754,0.002389331115409732,0.0041414713487029076,,,,
135.0,2859,1084786.290926852,1758282246.3213334,15089.0,0.0010000000474974513,0.0034276486840099096,0.0023667598143219948,0.0035362960770726204,,,,
,2860,1086000.231139166,1758283460.2617636,,,,,,,,,
,2861,1086001.471787277,1758283461.5024278,,,,,,,,,
,2862,1086001.476918886,1758283461.507457,,,,,,,,,0.058971572667360306
,2863,1086001.680669497,1758283461.7113073,,,,,,,,,
135.0,2864,1086002.25743529,1758283462.2879558,15095.0,,,,,0.08679210394620895,0.06196847930550575,0.044002410024404526,
,2865,1086002.87593889,1758283462.906504,,,,,,,,,
,2866,1086003.967927491,1758283463.9985392,,,,,,,,,
,2867,1086003.974147498,1758283464.0047421,,,,,,,,,
,2868,1086004.183668846,1758283464.214257,,,,,,,,,
135.0,2869,1086012.027217291,1758283472.0543954,15095.0,,,,,,,,
136.0,2870,1086633.656592264,1758284093.6861045,15099.0,0.0010000000474974513,0.0033299557399004698,0.002217334695160389,0.003708736738190055,,,,
136.0,2871,1087253.630426713,1758284713.6605153,15109.0,0.0010000000474974513,0.003710842924192548,0.002452380722388625,0.004194872919470072,,,,
136.0,2872,1087874.7809245,1758285334.8110375,15119.0,0.0010000000474974513,0.0035970364697277546,0.0024644038639962673,0.003775440389290452,,,,
136.0,2873,1088496.118697322,1758285956.1486332,15129.0,0.0010000000474974513,0.0038790751714259386,0.002731619868427515,0.00382485194131732,,,,
136.0,2874,1089115.916629703,1758286575.9468746,15139.0,0.0010000000474974513,0.004025563132017851,0.002813135739415884,0.004041424952447414,,,,
136.0,2875,1089738.638078757,1758287198.668121,15149.0,0.0010000000474974513,0.0038883413653820753,0.0028437976725399494,0.0034818125423043966,,,,
136.0,2876,1090358.994311124,1758287819.0240467,15159.0,0.0010000000474974513,0.006296792067587376,0.005247520748525858,0.003497571684420109,,,,
136.0,2877,1090979.410045802,1758288439.4400766,15169.0,0.0010000000474974513,0.004424024373292923,0.003161482745781541,0.004208470694720745,,,,
136.0,2878,1091600.613725001,1758289060.6437607,15179.0,0.0010000000474974513,0.004431461915373802,0.0032610399648547173,0.0039014059584587812,,,,
136.0,2879,1092196.696616455,1758289656.726618,15189.0,0.0010000000474974513,0.004617531783878803,0.0032563195563852787,0.004537373781204224,,,,
136.0,2880,1092710.917434036,1758290170.9474468,15199.0,0.0010000000474974513,0.0038293348625302315,0.0026452885940670967,0.003946820739656687,,,,
,2881,1093979.790132262,1758291439.8207567,,,,,,,,,
,2882,1093980.892732558,1758291440.923371,,,,,,,,,
,2883,1093980.898037972,1758291440.9285939,,,,,,,,,0.11368388682603836
,2884,1093981.104123415,1758291441.13477,,,,,,,,,
136.0,2885,1093981.217551243,1758291441.248018,15206.0,,,,,0.042519234120845795,0.11272729933261871,0.004014389589428902,
,2886,1093981.819433423,1758291441.8500824,,,,,,,,,
,2887,1093982.992233229,1758291443.022858,,,,,,,,,
,2888,1093982.998265097,1758291443.0288386,,,,,,,,,
,2889,1093983.208536374,1758291443.2391624,,,,,,,,,
136.0,2890,1093991.679769355,1758291451.7065084,15206.0,,,,,,,,
137.0,2891,1094541.129312523,1758292001.1595275,15209.0,0.0010000000474974513,0.003965968731790781,0.002692360896617174,0.004245358519256115,,,,
137.0,2892,1095163.92130685,1758292623.9513433,15219.0,0.0010000000474974513,0.0037980463821440935,0.0025798336137086153,0.004060708452016115,,,,
137.0,2893,1095785.105835975,1758293245.1360857,15229.0,0.0010000000474974513,0.00479154521599412,0.003658338449895382,0.0037773549556732178,,,,
137.0,2894,1096407.759985952,1758293867.7900388,15239.0,0.0010000000474974513,0.003953258506953716,0.0027485175523906946,0.004015803337097168,,,,
137.0,2895,1097027.38770788,1758294487.4178407,15249.0,0.0010000000474974513,0.0044141788966953754,0.0031086853705346584,0.004351644776761532,,,,
137.0,2896,1097650.591973085,1758295110.6222456,15259.0,0.0010000000474974513,0.004261447116732597,0.0029394379816949368,0.004406696185469627,,,,
137.0,2897,1098271.343216581,1758295731.3734558,15269.0,0.0010000000474974513,0.004309940151870251,0.00306023214943707,0.004165692254900932,,,,
137.0,2898,1098897.18253013,1758296357.212864,15279.0,0.0010000000474974513,0.003696214407682419,0.0025414233095943928,0.003849303349852562,,,,
137.0,2899,1099520.133333783,1758296980.1633534,15289.0,0.0010000000474974513,0.003933770582079887,0.002725438214838505,0.004027774557471275,,,,
137.0,2900,1100123.937072024,1758297583.9671755,15299.0,0.0010000000474974513,0.0034669090528041124,0.0024304569233208895,0.0034548405092209578,,,,
137.0,2901,1100633.967932831,1758298093.9981706,15309.0,0.0010000000474974513,0.003688292345032096,0.002515041269361973,0.0039108372293412685,,,,
,2902,1101944.072189669,1758299404.1028333,,,,,,,,,
,2903,1101945.247080543,1758299405.2776878,,,,,,,,,
,2904,1101945.252377139,1758299405.282954,,,,,,,,,0.11083464324474335
,2905,1101945.457870519,1758299405.4884953,,,,,,,,,
137.0,2906,1101945.524966254,1758299405.555544,15317.0,,,,,0.04990668594837189,0.12358962744474411,0.012926928699016571,
,2907,1101946.10400931,1758299406.1346521,,,,,,,,,
,2908,1101947.239060682,1758299407.2696967,,,,,,,,,
,2909,1101947.24569023,1758299407.276235,,,,,,,,,
,2910,1101947.455143714,1758299407.4857888,,,,,,,,,
137.0,2911,1101955.447699957,1758299415.4748695,15317.0,,,,,,,,
138.0,2912,1102445.882146733,1758299905.9122036,15319.0,0.0010000000474974513,0.0030520528089255095,0.002033045282587409,0.003396692220121622,,,,
138.0,2913,1103067.935166432,1758300527.965099,15329.0,0.0010000000474974513,0.003268140135332942,0.002228459808975458,0.003465601010248065,,,,
138.0,2914,1103692.092337569,1758301152.1222792,15339.0,0.0010000000474974513,0.003426156472414732,0.002332367468625307,0.0036459641996771097,,,,
138.0,2915,1104314.655055912,1758301774.6851835,15349.0,0.0010000000474974513,0.0034417412243783474,0.0022931972052901983,0.0038284803740680218,,,,
138.0,2916,1104938.827753926,1758302398.8574758,15359.0,0.0010000000474974513,0.0036613126285374165,0.002465521916747093,0.003985968418419361,,,,
138.0,2917,1105560.961046044,1758303020.9913144,15369.0,0.0010000000474974513,0.003792976029217243,0.002556919353082776,0.004120188765227795,,,,
138.0,2918,1106182.469320108,1758303642.4993618,15379.0,0.0010000000474974513,0.00360325095243752,0.002388334134593606,0.004049722570925951,,,,
138.0,2919,1106806.184138382,1758304266.2140837,15389.0,0.0010000000474974513,0.0038445363752543926,0.0025972831062972546,0.004157510120421648,,,,
138.0,2920,1107429.595946863,1758304889.625893,15399.0,0.0010000000474974513,0.003696185303851962,0.0025580893270671368,0.0037936531007289886,,,,
138.0,2921,1108052.116742239,1758305512.1471553,15409.0,0.0010000000474974513,0.00425358209758997,0.0028264839202165604,0.004756994545459747,,,,
138.0,2922,1108565.566285309,1758306025.5965135,15419.0,0.0010000000474974513,0.0035061747767031193,0.002333292970433831,0.003909606486558914,,,,
,2923,1109943.210620712,1758307403.241241,,,,,,,,,
,2924,1109944.434264306,1758307404.4648726,,,,,,,,,
,2925,1109944.439429099,1758307404.4699998,,,,,,,,,0.10995958745479584
,2926,1109944.648078546,1758307404.6787245,,,,,,,,,
138.0,2927,1109945.085949418,1758307405.1164045,15428.0,,,,,0.04573376104235649,0.12582240998744965,0.010704505257308483,
,2928,1109945.671696758,1758307405.702298,,,,,,,,,
,2929,1109946.872920936,1758307406.9035149,,,,,,,,,
,2930,1109946.879356625,1758307406.9098945,,,,,,,,,
,2931,1109947.086037546,1758307407.116679,,,,,,,,,
138.0,2932,1109954.98228888,1758307415.0084994,15428.0,,,,,,,,
139.0,2933,1110389.241278313,1758307849.2712522,15429.0,0.0010000000474974513,0.0036431197077035904,0.0024190109688788652,0.0040803630836308,,,,
139.0,2934,1111003.524899166,1758308463.5551775,15439.0,0.0010000000474974513,0.003621594049036503,0.002372798277065158,0.004162652418017387,,,,
139.0,2935,1111624.748340504,1758309084.778575,15449.0,0.0010000000474974513,0.0043090349063277245,0.0029714684933423996,0.004458555020391941,,,,
139.0,2936,1112247.348742493,1758309707.3786325,15459.0,0.0010000000474974513,0.003591676941141486,0.002482275478541851,0.0036980053409934044,,,,
139.0,2937,1112871.570016384,1758310331.5999877,15469.0,0.0010000000474974513,0.003937387373298407,0.0027711563743650913,0.00388743681833148,,,,
139.0,2938,1113495.74489872,1758310955.775181,15479.0,0.0010000000474974513,0.00393118429929018,0.0025968137197196484,0.004447901621460915,,,,
139.0,2939,1114118.254543614,1758311578.2845113,15489.0,0.0010000000474974513,0.004338573664426804,0.002871864475309849,0.0048890309408307076,,,,
139.0,2940,1114739.973940855,1758312200.003902,15499.0,0.0010000000474974513,0.003614847781136632,0.0024136134888976812,0.004004114307463169,,,,
139.0,2941,1115363.01372586,1758312823.0436275,15509.0,0.0010000000474974513,0.0036915105301886797,0.002365359105169773,0.004420504439622164,,,,
139.0,2942,1115985.499493711,1758313445.529543,15519.0,0.0010000000474974513,0.0034700948745012283,0.002367103472352028,0.003676638239994645,,,,
139.0,2943,1116507.227072959,1758313967.256619,15529.0,0.0010000000474974513,0.0034383502788841724,0.0022726058959960938,0.0038858144544065,,,,
139.0,2944,1117009.488919487,1758314469.5189865,15539.0,0.0010000000474974513,0.0032955557107925415,0.0022454119753092527,0.0035004790406674147,,,,
,2945,1117929.256295135,1758315389.2869194,,,,,,,,,
,2946,1117930.40484866,1758315390.4354627,,,,,,,,,
,2947,1117930.410299014,1758315390.4408789,,,,,,,,,0.08247881382703781
,2948,1117930.616501002,1758315390.6471462,,,,,,,,,
139.0,2949,1117930.704512024,1758315390.735029,15539.0,,,,,0.05545775964856148,0.06832626461982727,0.012614540755748749,
,2950,1117931.291120302,1758315391.321759,,,,,,,,,
,2951,1117932.535684363,1758315392.5662825,,,,,,,,,
,2952,1117932.541845708,1758315392.5724282,,,,,,,,,
,2953,1117932.750624514,1758315392.7812674,,,,,,,,,
139.0,2954,1117941.518635613,1758315401.5452237,15539.0,,,,,,,,
140.0,2955,1118933.619028018,1758316393.6491077,15549.0,0.0010000000474974513,0.00322247133590281,0.002137962495908141,0.0036150289233773947,,,,
140.0,2956,1119557.920839532,1758317017.9509807,15559.0,0.0010000000474974513,0.004020410124212503,0.0027375584468245506,0.004276172257959843,,,,
140.0,2957,1120179.989667821,1758317640.019709,15569.0,0.0010000000474974513,0.0034147375263273716,0.002330620540305972,0.0036137227434664965,,,,
140.0,2958,1120802.341930557,1758318262.3723893,15579.0,0.0010000000474974513,0.0036484827287495136,0.0024161420296877623,0.004107803106307983,,,,
140.0,2959,1121425.598078944,1758318885.6280324,15589.0,0.0010000000474974513,0.0033244099467992783,0.0021915892139077187,0.0037760704290121794,,,,
140.0,2960,1122046.836215361,1758319506.8661885,15599.0,0.0010000000474974513,0.003371662925928831,0.00223749503493309,0.003780558705329895,,,,
140.0,2961,1122672.109463978,1758320132.1393788,15609.0,0.0010000000474974513,0.003582120407372713,0.0023941523395478725,0.003959893248975277,,,,
140.0,2962,1123296.212516553,1758320756.2425318,15619.0,0.0010000000474974513,0.0033283880911767483,0.002178553957492113,0.003832780523225665,,,,
140.0,2963,1123917.885502419,1758321377.9152424,15629.0,0.0010000000474974513,0.0032822289504110813,0.0022334461100399494,0.003495942335575819,,,,
140.0,2964,1124447.781549226,1758321907.811999,15639.0,0.0010000000474974513,0.0032487250864505768,0.0021505863405764103,0.0036604616325348616,,,,
140.0,2965,1124958.66336041,1758322418.693611,15649.0,0.0010000000474974513,0.0032757543958723545,0.0022137220948934555,0.0035401068162173033,,,,
,2966,1125923.601784103,1758323383.6324255,,,,,,,,,
,2967,1125924.851987476,1758323384.8826299,,,,,,,,,
,2968,1125924.857473137,1758323384.8880394,,,,,,,,,0.11360038816928864
,2969,1125925.063119455,1758323385.0937731,,,,,,,,,
140.0,2970,1125925.110209872,1758323385.14069,15650.0,,,,,0.04364614933729172,0.11197993904352188,0.010817506350576878,
,2971,1125925.712686229,1758323385.743265,,,,,,,,,
,2972,1125926.99303018,1758323387.0236406,,,,,,,,,
,2973,1125926.999140974,1758323387.029715,,,,,,,,,
,2974,1125927.204225099,1758323387.2348492,,,,,,,,,
140.0,2975,1125935.54053813,1758323395.5668175,15650.0,,,,,,,,
141.0,2976,1126865.394648797,1758324325.4247909,15659.0,0.0010000000474974513,0.0033542588353157043,0.002225438831374049,0.003762733656913042,,,,
141.0,2977,1127487.589182436,1758324947.6197193,15669.0,0.0010000000474974513,0.003524736501276493,0.0023329074028879404,0.003972763195633888,,,,
141.0,2978,1128111.526800308,1758325571.5566797,15679.0,0.0010000000474974513,0.0028265323489904404,0.00181353569496423,0.0033766557462513447,,,,
141.0,2979,1128735.808121,1758326195.8379552,15689.0,0.0010000000474974513,0.0032444584649056196,0.0020563548896461725,0.003960344474762678,,,,
141.0,2980,1129360.225144529,1758326820.2549002,15699.0,0.0010000000474974513,0.0035854834131896496,0.0023609898053109646,0.00408164644613862,,,,
141.0,2981,1129983.920701494,1758327443.9507062,15709.0,0.0010000000474974513,0.00362392864190042,0.002399273682385683,0.004082183353602886,,,,
141.0,2982,1130607.230450194,1758328067.2603772,15719.0,0.0010000000474974513,0.003795303637161851,0.0024228799156844616,0.004574745427817106,,,,
141.0,2983,1131229.797281866,1758328689.8275096,15729.0,0.0010000000474974513,0.003929126542061567,0.002758525311946869,0.0039020043332129717,,,,
141.0,2984,1131851.977793353,1758329312.007869,15739.0,0.0010000000474974513,0.0036225172225385904,0.002420842880383134,0.004005581606179476,,,,
141.0,2985,1132395.764131462,1758329855.7941418,15749.0,0.0010000000474974513,0.003363251220434904,0.0022346503101289272,0.0037620030343532562,,,,
141.0,2986,1132911.128118,1758330371.1584265,15759.0,0.0010000000474974513,0.0035167988389730453,0.002399747259914875,0.0037235047202557325,,,,
,2987,1133927.10009814,1758331387.130674,,,,,,,,,
,2988,1133928.216027797,1758331388.2466722,,,,,,,,,
,2989,1133928.221278183,1758331388.2518387,,,,,,,,,0.08279339969158173
,2990,1133928.426383644,1758331388.4570158,,,,,,,,,
141.0,2991,1133928.482752604,1758331388.513302,15761.0,,,,,0.04751420393586159,0.08035754412412643,0.004721741192042828,
,2992,1133929.064248542,1758331389.0948815,,,,,,,,,
,2993,1133930.23252671,1758331390.2631664,,,,,,,,,
,2994,1133930.239121008,1758331390.2696896,,,,,,,,,
,2995,1133930.448450505,1758331390.4790916,,,,,,,,,
141.0,2996,1133939.042279586,1758331399.0684655,15761.0,,,,,,,,
142.0,2997,1134807.456071083,1758332267.4858983,15769.0,0.0010000000474974513,0.003248061053454876,0.002140049822628498,0.0036933710798621178,,,,
142.0,2998,1135430.700834369,1758332890.7311132,15779.0,0.0010000000474974513,0.003622723976150155,0.0023822644725441933,0.004134864546358585,,,,
142.0,2999,1136053.29669655,1758333513.3269916,15789.0,0.0010000000474974513,0.003267014864832163,0.0021714381873607635,0.003651922568678856,,,,
142.0,3000,1136675.529733889,1758334135.560087,15799.0,0.0010000000474974513,0.003475270699709654,0.0022725099697709084,0.004009201657027006,,,,
142.0,3001,1137298.22937741,1758334758.2592611,15809.0,0.0010000000474974513,0.0033827563747763634,0.0022702347487211227,0.0037084058858454227,,,,
142.0,3002,1137922.263872954,1758335382.2941172,15819.0,0.0010000000474974513,0.003904843470081687,0.002480155322700739,0.004748960956931114,,,,
142.0,3003,1138545.703421968,1758336005.733453,15829.0,0.0010000000474974513,0.003734095487743616,0.0023679747246205807,0.004553736187517643,,,,
142.0,3004,1139172.754253084,1758336632.7841966,15839.0,0.0010000000474974513,0.003347230376675725,0.0021571421530097723,0.003966961055994034,,,,
142.0,3005,1139796.390942349,1758337256.4208367,15849.0,0.0010000000474974513,0.003733547404408455,0.002412831876426935,0.004402384627610445,,,,
142.0,3006,1140350.223735503,1758337810.2538233,15859.0,0.0010000000474974513,0.0033676724415272474,0.0022323024459183216,0.00378456711769104,,,,
142.0,3007,1140864.541472636,1758338324.5715554,15869.0,0.0010000000474974513,0.003904484212398529,0.002734855283051729,0.003898762399330735,,,,
,3008,1141931.99178749,1758339392.02241,,,,,,,,,
,3009,1141933.161881074,1758339393.192519,,,,,,,,,
,3010,1141933.167551984,1758339393.1981049,,,,,,,,,0.12322056293487549
,3011,1141933.375253448,1758339393.405917,,,,,,,,,
142.0,3012,1141933.416795901,1758339393.447219,15872.0,,,,,0.048737041652202606,0.12676014006137848,0.003710501128807664,
,3013,1141934.025480102,1758339394.0560355,,,,,,,,,
,3014,1141935.18696721,1758339395.2175975,,,,,,,,,
,3015,1141935.193390439,1758339395.2239523,,,,,,,,,
,3016,1141935.402695635,1758339395.4333472,,,,,,,,,
142.0,3017,1141948.189473896,1758339408.2154455,15872.0,,,,,,,,
143.0,3018,1142751.092699589,1758340211.1229901,15879.0,0.0010000000474974513,0.0035716998390853405,0.002332800766453147,0.004129663575440645,,,,
143.0,3019,1143373.748884307,1758340833.7790906,15889.0,0.0010000000474974513,0.003000787692144513,0.0019404247868806124,0.0035345437936484814,,,,
143.0,3020,1143994.956737674,1758341454.9869576,15899.0,0.0010000000474974513,0.0037119826301932335,0.002346593188121915,0.004551298916339874,,,,
143.0,3021,1144619.078630731,1758342079.1086988,15909.0,0.0010000000474974513,0.0034795617684721947,0.002414767164736986,0.00354931503534317,,,,
143.0,3022,1145242.335053089,1758342702.3648765,15919.0,0.0010000000474974513,0.0036618192680180073,0.002486719051375985,0.003917001187801361,,,,
143.0,3023,1145869.215481664,1758343329.24539,15929.0,0.0010000000474974513,0.0034158886410295963,0.0022798620630055666,0.0037867550272494555,,,,
143.0,3024,1146493.97469207,1758343954.0048842,15939.0,0.0010000000474974513,0.0033521244768053293,0.0023234437685459852,0.0034289350733160973,,,,
143.0,3025,1147118.718659082,1758344578.7487783,15949.0,0.0010000000474974513,0.003906125435605645,0.002724591875448823,0.0039384448900818825,,,,
143.0,3026,1147741.159537832,1758345201.189697,15959.0,0.0010000000474974513,0.004035421181470156,0.002759659895673394,0.004252537153661251,,,,
143.0,3027,1148305.917527832,1758345765.948044,15969.0,0.0010000000474974513,0.004109417088329792,0.0028646013233810663,0.00414938572794199,,,,
143.0,3028,1148821.095459629,1758346281.1257527,15979.0,0.0010000000474974513,0.0038340389728546143,0.0025836750864982605,0.004167880397289991,,,,
,3029,1149944.125896812,1758347404.1564846,,,,,,,,,
,3030,1149945.362563162,1758347405.393209,,,,,,,,,
,3031,1149945.367856066,1758347405.3984222,,,,,,,,,0.11318738013505936
,3032,1149945.577416359,1758347405.6080635,,,,,,,,,
143.0,3033,1149946.13796831,1758347406.16838,15983.0,,,,,0.04931939020752907,0.1264875829219818,0.005296899937093258,
,3034,1149946.777200892,1758347406.807771,,,,,,,,,
,3035,1149947.919057363,1758347407.949698,,,,,,,,,
,3036,1149947.925666393,1758347407.956235,,,,,,,,,
,3037,1149948.138399315,1758347408.1690476,,,,,,,,,
143.0,3038,1149956.709648275,1758347416.7357707,15983.0,,,,,,,,
144.0,3039,1150706.612856623,1758348166.6427605,15989.0,0.0010000000474974513,0.0038181866984814405,0.002541486406698823,0.004255667328834534,,,,
144.0,3040,1151329.233946227,1758348789.2642388,15999.0,0.0010000000474974513,0.0033577987924218178,0.002287172246724367,0.00356875522993505,,,,
144.0,3041,1151954.650387825,1758349414.680657,16009.0,0.0010000000474974513,0.003706645220518112,0.0025380146689713,0.003895435482263565,,,,
144.0,3042,1152576.814422263,1758350036.844558,16019.0,0.0010000000474974513,0.003760112449526787,0.0025783663149923086,0.0039391545578837395,,,,
144.0,3043,1153202.87057771,1758350662.9005814,16029.0,0.0010000000474974513,0.003461141139268875,0.0022622558753937483,0.0039962842129170895,,,,
144.0,3044,1153824.395163324,1758351284.4248087,16039.0,0.0010000000474974513,0.004314634017646313,0.0030277532059699297,0.0042896028608083725,,,,
144.0,3045,1154444.687285059,1758351904.7168937,16049.0,0.0010000000474974513,0.003792101750150323,0.0026286328211426735,0.0038782297633588314,,,,
144.0,3046,1155069.026391054,1758352529.056248,16059.0,0.0010000000474974513,0.003699628636240959,0.0024802242405712605,0.0040646810084581375,,,,
144.0,3047,1155693.200455766,1758353153.2305443,16069.0,0.0010000000474974513,0.003356629516929388,0.002257463987916708,0.0036638849414885044,,,,
144.0,3048,1156271.041904027,1758353731.0718927,16079.0,0.0010000000474974513,0.0038604859728366137,0.0025427574291825294,0.004392427392303944,,,,
144.0,3049,1156786.312132979,1758354246.3421636,16089.0,0.0010000000474974513,0.004060488194227219,0.0028446009382605553,0.004052957519888878,,,,
,3050,1157954.603021083,1758355414.633662,,,,,,,,,
,3051,1157955.795429661,1758355415.826068,,,,,,,,,
,3052,1157955.800765821,1758355415.8313344,,,,,,,,,0.146454855799675
,3053,1157956.010452287,1758355416.041099,,,,,,,,,
144.0,3054,1157956.667550332,1758355416.6979835,16094.0,,,,,0.08493935316801071,0.1550033837556839,0.04195021837949753,
,3055,1157957.289441162,1758355417.3200135,,,,,,,,,
,3056,1157958.556520399,1758355418.587155,,,,,,,,,
,3057,1157958.563213229,1758355418.593773,,,,,,,,,
,3058,1157958.773182353,1758355418.8038254,,,,,,,,,
144.0,3059,1157966.73534297,1758355426.7618527,16094.0,,,,,,,,
145.0,3060,1158647.968679642,1758356107.998842,16099.0,0.0010000000474974513,0.003261601086705923,0.002219591988250613,0.0034733638167381287,,,,
145.0,3061,1159271.186902613,1758356731.2167926,16109.0,0.0010000000474974513,0.0032033557072281837,0.002179014729335904,0.003414470236748457,,,,
145.0,3062,1159896.349309275,1758357356.3792233,16119.0,0.0010000000474974513,0.003595140064135194,0.002317043486982584,0.0042603216134011745,,,,
145.0,3063,1160519.821790407,1758357979.8519144,16129.0,0.0010000000474974513,0.003147112438455224,0.00210169586353004,0.0034847219940274954,,,,
145.0,3064,1161144.405271337,1758358604.4351196,16139.0,0.0010000000474974513,0.0039099473506212234,0.0026801377534866333,0.004099365323781967,,,,
145.0,3065,1161768.336509717,1758359228.3664649,16149.0,0.0010000000474974513,0.004299754276871681,0.0031604147516191006,0.0037977970205247402,,,,
145.0,3066,1162393.914905581,1758359853.9445772,16159.0,0.0010000000474974513,0.004338380880653858,0.0032465651165694,0.003639386035501957,,,,
145.0,3067,1163017.580991363,1758360477.6113136,16169.0,0.0010000000474974513,0.003492611227557063,0.0023712546098977327,0.0037378547713160515,,,,
145.0,3068,1163638.796746221,1758361098.826567,16179.0,0.0010000000474974513,0.003663055831566453,0.002507959958165884,0.0038503194227814674,,,,
145.0,3069,1164222.475922437,1758361682.5061665,16189.0,0.0010000000474974513,0.003729017451405525,0.0025072412099689245,0.004072587937116623,,,,
145.0,3070,1164738.420488114,1758362198.4510372,16199.0,0.0010000000474974513,0.003385599236935377,0.002259328030049801,0.003754237201064825,,,,
,3071,1165953.354661265,1758363413.3852174,,,,,,,,,
,3072,1165954.575477291,1758363414.6060808,,,,,,,,,
,3073,1165954.58119868,1758363414.6117718,,,,,,,,,0.04321347922086716
,3074,1165954.788091082,1758363414.8187444,,,,,,,,,
145.0,3075,1165954.790719588,1758363414.8212583,16205.0,,,,,0.06094736233353615,0.055522624403238297,0.028047844767570496,
,3076,1165955.410935769,1758363415.4415104,,,,,,,,,
,3077,1165956.628272787,1758363416.6589134,,,,,,,,,
,3078,1165956.634603739,1758363416.6651993,,,,,,,,,
,3079,1165956.839816836,1758363416.8704708,,,,,,,,,
145.0,3080,1165964.857810394,1758363424.8844986,16205.0,,,,,,,,
146.0,3081,1166585.979403309,1758364046.0098767,16209.0,0.0010000000474974513,0.003681901842355728,0.002420786302536726,0.004203717689961195,,,,
146.0,3082,1167210.009369292,1758364670.0395217,16219.0,0.0010000000474974513,0.003930434584617615,0.0024945754557847977,0.004786198027431965,,,,
146.0,3083,1167833.132062954,1758365293.1624117,16229.0,0.0010000000474974513,0.003284862730652094,0.002109669614583254,0.003917310852557421,,,,
146.0,3084,1168452.451579295,1758365912.4817593,16239.0,0.0010000000474974513,0.004157358780503273,0.0027946403715759516,0.004542395006865263,,,,
146.0,3085,1169075.31061429,1758366535.3408654,16249.0,0.0010000000474974513,0.003776834812015295,0.0024216442834585905,0.004517301917076111,,,,
146.0,3086,1169699.30338102,1758367159.3337998,16259.0,0.0010000000474974513,0.0030352319590747356,0.001989903161302209,0.003484429558739066,,,,
146.0,3087,1170321.827249427,1758367781.857307,16269.0,0.0010000000474974513,0.0032786945812404156,0.0021593139972537756,0.003731268458068371,,,,
146.0,3088,1170947.269455628,1758368407.2993574,16279.0,0.0010000000474974513,0.0032317384611815214,0.0020435124170035124,0.003960752859711647,,,,
146.0,3089,1171568.265343432,1758369028.2954576,16289.0,0.0010000000474974513,0.0033266607206314802,0.002166030928492546,0.00386876636184752,,,,
146.0,3090,1172162.346636103,1758369622.376456,16299.0,0.0010000000474974513,0.0031717990059405565,0.002054757671430707,0.0037234718911349773,,,,
146.0,3091,1172675.449278994,1758370135.4793932,16309.0,0.0010000000474974513,0.003147680079564452,0.0020788107067346573,0.003562897676602006,,,,
,3092,1173943.23149307,1758371403.262125,,,,,,,,,
,3093,1173944.413728212,1758371404.4443557,,,,,,,,,
,3094,1173944.418978735,1758371404.4495387,,,,,,,,,0.05634385347366333
,3095,1173944.626107794,1758371404.6567302,,,,,,,,,
146.0,3096,1173944.628753619,1758371404.6593199,16316.0,,,,,0.05876876413822174,0.051312949508428574,0.023373404517769814,
,3097,1173945.221053382,1758371405.2516966,,,,,,,,,
,3098,1173946.429241207,1758371406.4598916,,,,,,,,,
,3099,1173946.435551207,1758371406.4661307,,,,,,,,,
,3100,1173946.643625118,1758371406.674247,,,,,,,,,
146.0,3101,1173955.132780338,1758371415.1589403,16316.0,,,,,,,,
147.0,3102,1174515.039221954,1758371975.0697017,16319.0,0.0010000000474974513,0.0037638465873897076,0.0023534968495368958,0.004701165482401848,,,,
147.0,3103,1175140.053116036,1758372600.082981,16329.0,0.0010000000474974513,0.0031238754745572805,0.0020003682002425194,0.0037450233940035105,,,,
147.0,3104,1175764.553251262,1758373224.5833986,16339.0,0.0010000000474974513,0.003295000409707427,0.002082319464534521,0.004042269662022591,,,,
147.0,3105,1176393.749692946,1758373853.779706,16349.0,0.0010000000474974513,0.0030410699546337128,0.0019809664227068424,0.0035336774308234453,,,,
147.0,3106,1177015.982419244,1758374476.012576,16359.0,0.0010000000474974513,0.0032209954224526882,0.0020721834152936935,0.0038293732795864344,,,,
147.0,3107,1177637.725076886,1758375097.7555387,16369.0,0.0010000000474974513,0.0032143928110599518,0.0020625945180654526,0.003839327022433281,,,,
147.0,3108,1178257.812690421,1758375717.8428855,16379.0,0.0010000000474974513,0.0030182753689587116,0.0019252300262451172,0.0036434854846447706,,,,
147.0,3109,1178878.510690389,1758376338.5401294,16389.0,0.0010000000474974513,0.0033065825700759888,0.0021382092963904142,0.003894577734172344,,,,
147.0,3110,1179496.390930978,1758376956.4203544,16399.0,0.0010000000474974513,0.003248505759984255,0.0021019685082137585,0.0038217909168452024,,,,
147.0,3111,1180103.433676807,1758377563.4639566,16409.0,0.0010000000474974513,0.003759870072826743,0.0024216971360147,0.004460575990378857,,,,
147.0,3112,1180618.536597275,1758378078.5666366,16419.0,0.0010000000474974513,0.0035801546182483435,0.002351570874452591,0.004095279611647129,,,,
,3113,1181939.590278687,1758379399.6209068,,,,,,,,,
,3114,1181940.724020151,1758379400.7546299,,,,,,,,,
,3115,1181940.72944922,1758379400.7600179,,,,,,,,,0.12390489876270294
,3116,1181940.934557122,1758379400.9651659,,,,,,,,,
147.0,3117,1181941.037941313,1758379401.0683773,16427.0,,,,,0.03683897480368614,0.1069459319114685,0.0045280782505869865,
,3118,1181941.620995934,1758379401.651625,,,,,,,,,
,3119,1181942.819075277,1758379402.8497078,,,,,,,,,
,3120,1181942.825431967,1758379402.8559914,,,,,,,,,
,3121,1181943.03065387,1758379403.0612812,,,,,,,,,
147.0,3122,1181950.952380028,1758379410.9788728,16427.0,,,,,,,,
148.0,3123,1182441.037749148,1758379901.0676382,16429.0,0.0010000000474974513,0.00328853540122509,0.0020771382842212915,0.004037989769130945,,,,
148.0,3124,1183060.749986652,1758380520.7800214,16439.0,0.0010000000474974513,0.00336916814558208,0.0022081355564296246,0.0038701086305081844,,,,
148.0,3125,1183682.425947209,1758381142.4559035,16449.0,0.0010000000474974513,0.00289219431579113,0.0017818419728428125,0.003701174398884177,,,,
148.0,3126,1184302.282735822,1758381762.3132844,16459.0,0.0010000000474974513,0.0030755912885069847,0.0019430912798270583,0.0037750001065433025,,,,
148.0,3127,1184919.905372599,1758382379.934939,16469.0,0.0010000000474974513,0.003395914565771818,0.0022133318707346916,0.003941942472010851,,,,
148.0,3128,1185539.017092478,1758382999.047396,16479.0,0.0010000000474974513,0.0033399108797311783,0.0021467148326337337,0.003977320156991482,,,,
148.0,3129,1186153.413293162,1758383613.4433305,16489.0,0.0010000000474974513,0.0033485847525298595,0.0021794307976961136,0.003897180315107107,,,,
148.0,3130,1186771.375177962,1758384231.4052138,16499.0,0.0010000000474974513,0.0034186188131570816,0.002136938739567995,0.004272267688065767,,,,
148.0,3131,1187390.014194616,1758384850.0441587,16509.0,0.0010000000474974513,0.003215034492313862,0.0020249108783900738,0.00396707933396101,,,,
148.0,3132,1188002.339813313,1758385462.3698306,16519.0,0.0010000000474974513,0.0032256306149065495,0.0020179422572255135,0.004025627858936787,,,,
148.0,3133,1188514.414370858,1758385974.4445703,16529.0,0.0010000000474974513,0.003224496264010668,0.0020057426299899817,0.004062512423843145,,,,
,3134,1189879.63324921,1758387339.6638408,,,,,,,,,
,3135,1189880.758584551,1758387340.7891636,,,,,,,,,
,3136,1189880.763798913,1758387340.7943478,,,,,,,,,0.14597272872924805
,3137,1189880.965050321,1758387340.9956298,,,,,,,,,
148.0,3138,1189881.57035873,1758387341.6008215,16538.0,,,,,0.029287995770573616,0.14192065596580505,0.00421143788844347,
,3139,1189882.131919155,1758387342.1625,,,,,,,,,
,3140,1189883.278779679,1758387343.3093934,,,,,,,,,
,3141,1189883.28501109,1758387343.315516,,,,,,,,,
,3142,1189883.488671043,1758387343.51924,,,,,,,,,
148.0,3143,1189891.995114418,1758387352.0217514,16538.0,,,,,,,,
149.0,3144,1190329.142180614,1758387789.172367,16539.0,0.0010000000474974513,0.0033160559833049774,0.002030466916039586,0.0042852964252233505,,,,
149.0,3145,1190943.912644891,1758388403.9429815,16549.0,0.0010000000474974513,0.003003836842253804,0.0019269490148872137,0.0035896259360015392,,,,
149.0,3146,1191563.480731959,1758389023.511053,16559.0,0.0010000000474974513,0.003385058604180813,0.0021567693911492825,0.00409429706633091,,,,
149.0,3147,1192179.563683274,1758389639.593358,16569.0,0.0010000000474974513,0.0035740244202315807,0.0023345518857240677,0.004131576512008905,,,,
149.0,3148,1192798.034473057,1758390258.064661,16579.0,0.0010000000474974513,0.0029878192581236362,0.001951002050191164,0.003456057282164693,,,,
149.0,3149,1193411.963193808,1758390871.9932656,16589.0,0.0010000000474974513,0.0033067145850509405,0.0020526573061943054,0.0041801901534199715,,,,
149.0,3150,1194027.914734792,1758391487.9444227,16599.0,0.0010000000474974513,0.0031413622200489044,0.001995888538658619,0.0038182458374649286,,,,
149.0,3151,1194647.59867429,1758392107.6289246,16609.0,0.0010000000474974513,0.0033189021050930023,0.002065511653199792,0.004177968017756939,,,,
149.0,3152,1195264.835556475,1758392724.8654413,16619.0,0.0010000000474974513,0.002960988786071539,0.0018486188491806388,0.0037078997120261192,,,,
149.0,3153,1195888.037014054,1758393348.0673888,16629.0,0.0010000000474974513,0.003210669383406639,0.0020094665233045816,0.0040040090680122375,,,,
149.0,3154,1196409.955126573,1758393869.9851794,16639.0,0.0010000000474974513,0.003203615313395858,0.0020078711677342653,0.0039858128875494,,,,
149.0,3155,1196911.964043452,1758394371.9941826,16649.0,0.0010000000474974513,0.003026493126526475,0.001945669180713594,0.0036027461756020784,,,,
,3156,1197832.50584584,1758395292.5364408,,,,,,,,,
,3157,1197833.758192117,1758395293.788817,,,,,,,,,
,3158,1197833.763306276,1758395293.7938905,,,,,,,,,0.0913703441619873
,3159,1197833.971690732,1758395294.0023448,,,,,,,,,
149.0,3160,1197833.974336589,1758395294.0048628,16649.0,,,,,0.05846371501684189,0.09272903949022293,0.026992306113243103,
,3161,1197834.570235779,1758395294.6008806,,,,,,,,,
,3162,1197835.790483276,1758395295.8211074,,,,,,,,,
,3163,1197835.796790539,1758395295.8273487,,,,,,,,,
,3164,1197836.010903961,1758395296.041551,,,,,,,,,
149.0,3165,1197844.530160218,1758395304.5560093,16649.0,,,,,,,,
150.0,3166,1198838.103798046,1758396298.1340163,16659.0,0.0010000000474974513,0.003009958192706108,0.0018223815131932497,0.003958588931709528,,,,
150.0,3167,1199458.471687906,1758396918.5011292,16669.0,0.0010000000474974513,0.00318358326330781,0.0019551184959709644,0.004094882868230343,,,,
150.0,3168,1200076.157634528,1758397536.187597,16679.0,0.0010000000474974513,0.0028219926171004772,0.0017852929886430502,0.0034556658938527107,,,,
150.0,3169,1200698.217120208,1758398158.2469146,16689.0,0.0010000000474974513,0.003172659082338214,0.0019032320706173778,0.0042314231395721436,,,,
150.0,3170,1201320.342694576,1758398780.3727744,16699.0,0.0010000000474974513,0.0031044858042150736,0.0018768657464534044,0.004092066548764706,,,,
150.0,3171,1201940.590075316,1758399400.6200497,16709.0,0.0010000000474974513,0.0032822133507579565,0.0019802208989858627,0.004339974839240313,,,,
150.0,3172,1202564.752229017,1758400024.7820733,16719.0,0.0010000000474974513,0.003130115568637848,0.0019122969824820757,0.0040593938902020454,,,,
150.0,3173,1203188.73288687,1758400648.7629297,16729.0,0.0010000000474974513,0.002755688736215234,0.0016937537584453821,0.003539783414453268,,,,
150.0,3174,1203810.006616765,1758401270.036843,16739.0,0.0010000000474974513,0.0031012711115181446,0.001896379399113357,0.004016305319964886,,,,
150.0,3175,1204339.864798608,1758401799.894573,16749.0,0.0010000000474974513,0.003082921029999852,0.00201322790235281,0.0035656439140439034,,,,
150.0,3176,1204852.384840828,1758402312.4147062,16759.0,0.0010000000474974513,0.002467636251822114,0.0015813587233424187,0.002954258117824793,,,,
,3177,1205817.486635107,1758403277.517246,,,,,,,,,
,3178,1205818.687526497,1758403278.7181594,,,,,,,,,
,3179,1205818.6930944,1758403278.7236524,,,,,,,,,0.17415615916252136
,3180,1205818.905388305,1758403278.9360225,,,,,,,,,
150.0,3181,1205818.908146865,1758403278.9386744,16760.0,,,,,0.03933083266019821,0.17321017384529114,0.010478068143129349,
,3182,1205819.489658072,1758403279.5202794,,,,,,,,,
,3183,1205820.708666397,1758403280.7392755,,,,,,,,,
,3184,1205820.714833827,1758403280.7454214,,,,,,,,,
,3185,1205820.922697107,1758403280.9533408,,,,,,,,,
150.0,3186,1205828.79185021,1758403288.8182976,16760.0,,,,,,,,
151.0,3187,1206758.269549287,1758404218.2995348,16769.0,0.0010000000474974513,0.0029653185047209263,0.0018259169301018119,0.003798004472628236,,,,
151.0,3188,1207378.455262201,1758404838.4850876,16779.0,0.0010000000474974513,0.002834778744727373,0.0017886734567582607,0.0034870172385126352,,,,
151.0,3189,1207996.266350483,1758405456.2958982,16789.0,0.0010000000474974513,0.002701829420402646,0.0016102439258247614,0.003638617694377899,,,,
151.0,3190,1208617.064799512,1758406077.0952802,16799.0,0.0010000000474974513,0.002848335774615407,0.0016175308264791965,0.00410268222913146,,,,
151.0,3191,1209237.481312095,1758406697.5118115,16809.0,0.0010000000474974513,0.002920354250818491,0.001728858333081007,0.003971653524786234,,,,
151.0,3192,1209855.219256386,1758407315.249376,16819.0,0.0010000000474974513,0.0032391627319157124,0.001920949900522828,0.004394042771309614,,,,
151.0,3193,1210475.333748561,1758407935.3637812,16829.0,0.0010000000474974513,0.003044320270419121,0.0018457818077877164,0.003995127975940704,,,,
151.0,3194,1211096.473579302,1758408556.5029175,16839.0,0.0010000000474974513,0.0028952888678759336,0.0017755989683791995,0.0037322998978197575,,,,
151.0,3195,1211719.672979608,1758409179.7028496,16849.0,0.0010000000474974513,0.002993369475007057,0.001843020785599947,0.0038344955537468195,,,,
151.0,3196,1212263.659161317,1758409723.6892798,16859.0,0.0010000000474974513,0.0034951160196214914,0.0019799473229795694,0.00505056232213974,,,,
151.0,3197,1212776.048122499,1758410236.0782087,16869.0,0.0010000000474974513,0.002832388039678335,0.0017579729901626706,0.003581383265554905,,,,
,3198,1213794.753854927,1758411254.784411,,,,,,,,,
,3199,1213795.883818492,1758411255.9144037,,,,,,,,,
,3200,1213795.889240264,1758411255.9198105,,,,,,,,,0.13348746299743652
,3201,1213796.099506434,1758411256.1301005,,,,,,,,,
151.0,3202,1213796.546523492,1758411256.57697,16871.0,,,,,0.03102598898112774,0.12833793461322784,0.0038302200846374035,
,3203,1213797.136882206,1758411257.167456,,,,,,,,,
,3204,1213798.342814475,1758411258.3734236,,,,,,,,,
,3205,1213798.349250546,1758411258.3797784,,,,,,,,,
,3206,1213798.561123877,1758411258.5917733,,,,,,,,,
151.0,3207,1213807.325223512,1758411267.3512707,16871.0,,,,,,,,
152.0,3208,1214671.151772222,1758412131.1822124,16879.0,0.0010000000474974513,0.002921704202890396,0.0016913951840251684,0.004101029131561518,,,,
152.0,3209,1215290.955110507,1758412750.9849832,16889.0,0.0010000000474974513,0.0030064985621720552,0.0018216392491012812,0.003949530888348818,,,,
152.0,3210,1215912.810238165,1758413372.8405156,16899.0,0.0010000000474974513,0.003024359932169318,0.0018114745616912842,0.004042950924485922,,,,
152.0,3211,1216535.087719152,1758413995.1180391,16909.0,0.0010000000474974513,0.002938684541732073,0.0017889216542243958,0.003832542337477207,,,,
152.0,3212,1217157.220361505,1758414617.2503312,16919.0,0.0010000000474974513,0.002874301979318261,0.0016783785540610552,0.003986411262303591,,,,
152.0,3213,1217775.464530453,1758415235.4945197,16929.0,0.0010000000474974513,0.00288817984983325,0.0018175290897488594,0.0035688350908458233,,,,
152.0,3214,1218398.750182363,1758415858.779824,16939.0,0.0010000000474974513,0.002900088671594858,0.0017730495892465115,0.0037567969411611557,,,,
152.0,3215,1219020.882510508,1758416480.9125228,16949.0,0.0010000000474974513,0.0029480797238647938,0.001687128795310855,0.0042031691409647465,,,,
152.0,3216,1219642.537013987,1758417102.5671196,16959.0,0.0010000000474974513,0.0030720122158527374,0.0018602523487061262,0.004039200954139233,,,,
152.0,3217,1220193.515908058,1758417653.545706,16969.0,0.0010000000474974513,0.0029421383515000343,0.001687601557932794,0.004181788768619299,,,,
152.0,3218,1220708.299827229,1758418168.3301525,16979.0,0.0010000000474974513,0.002924377331510186,0.0017394142923876643,0.003949876409024,,,,
,3219,1221772.543024304,1758419232.5736506,,,,,,,,,
,3220,1221773.739511028,1758419233.7701523,,,,,,,,,
,3221,1221773.744801231,1758419233.7753613,,,,,,,,,0.11250351369380951
,3222,1221773.952521998,1758419233.983169,,,,,,,,,
152.0,3223,1221774.073814276,1758419234.1042945,16982.0,,,,,0.03624500334262848,0.11131775379180908,0.00721172709017992,
,3224,1221774.698048815,1758419234.72859,,,,,,,,,
,3225,1221775.873093207,1758419235.903699,,,,,,,,,
,3226,1221775.879510464,1758419235.9100883,,,,,,,,,
,3227,1221776.090209303,1758419236.1208627,,,,,,,,,
152.0,3228,1221783.940810263,1758419243.9675317,16982.0,,,,,,,,
153.0,3229,1222586.511242978,1758420046.5415952,16989.0,0.0010000000474974513,0.0027752965688705444,0.0017747505335137248,0.003335152752697468,,,,
153.0,3230,1223212.664597379,1758420672.694556,16999.0,0.0010000000474974513,0.002818805631250143,0.0016312557272613049,0.003958499990403652,,,,
153.0,3231,1223833.153999166,1758421293.183894,17009.0,0.0010000000474974513,0.002817664062604308,0.001672628684900701,0.003816785290837288,,,,
153.0,3232,1224454.485584913,1758421914.5155988,17019.0,0.0010000000474974513,0.002651472808793187,0.0015876357210800052,0.0035461229272186756,,,,
153.0,3233,1225075.655306224,1758422535.6848814,17029.0,0.0010000000474974513,0.002929988782852888,0.0017607007175683975,0.003897626418620348,,,,
153.0,3234,1225695.259573269,1758423155.289546,17039.0,0.0010000000474974513,0.002761905314400792,0.0017367401160299778,0.0034172171726822853,,,,
153.0,3235,1226317.941909613,1758423777.9718146,17049.0,0.0010000000474974513,0.002918474143370986,0.0016826287610456347,0.004119484685361385,,,,
153.0,3236,1226943.856943368,1758424403.8871179,17059.0,0.0010000000474974513,0.002794995903968811,0.0016426837537437677,0.0038410406559705734,,,,
153.0,3237,1227565.180577091,1758425025.210604,17069.0,0.0010000000474974513,0.002685363870114088,0.0016238747630268335,0.003538296092301607,,,,
153.0,3238,1228124.988581621,1758425585.0187054,17079.0,0.0010000000474974513,0.0028915731236338615,0.0017685138154774904,0.003743529785424471,,,,
153.0,3239,1228639.447904717,1758426099.4778929,17089.0,0.0010000000474974513,0.002866022288799286,0.0017353795701637864,0.003768808674067259,,,,
,3240,1229757.793115952,1758427217.8236678,,,,,,,,,
,3241,1229758.989770197,1758427219.0203981,,,,,,,,,
,3242,1229758.994966178,1758427219.025541,,,,,,,,,0.028663532808423042
,3243,1229759.20261816,1758427219.2332416,,,,,,,,,
153.0,3244,1229759.240063707,1758427219.270633,17093.0,,,,,0.06871181726455688,0.030401071533560753,0.04059351980686188,
,3245,1229759.871029128,1758427219.9015996,,,,,,,,,
,3246,1229761.062146741,1758427221.0927658,,,,,,,,,
,3247,1229761.068399077,1758427221.0989654,,,,,,,,,
,3248,1229761.274096875,1758427221.3047545,,,,,,,,,
153.0,3249,1229769.771941168,1758427229.7979183,17093.0,,,,,,,,
154.0,3250,1230505.461656722,1758427965.4909642,17099.0,0.0010000000474974513,0.003131769597530365,0.001787122106179595,0.0044821579940617085,,,,
154.0,3251,1231125.302837245,1758428585.3330438,17109.0,0.0010000000474974513,0.0028270287439227104,0.0015930572990328074,0.004113238304853439,,,,
154.0,3252,1231746.886766355,1758429206.9166937,17119.0,0.0010000000474974513,0.002782289870083332,0.0016767800552770495,0.0036850327160209417,,,,
154.0,3253,1232371.082805671,1758429831.1125367,17129.0,0.0010000000474974513,0.00294167036190629,0.001732490723952651,0.0040305983275175095,,,,
154.0,3254,1232993.370885928,1758430453.4006307,17139.0,0.0010000000474974513,0.002881061052903533,0.0016652990598231554,0.00405254028737545,,,,
154.0,3255,1233615.148606168,1758431075.1786103,17149.0,0.0010000000474974513,0.003398093394935131,0.0020220617298036814,0.004586772061884403,,,,
154.0,3256,1234234.51085643,1758431694.5409753,17159.0,0.0010000000474974513,0.002706049242988229,0.0015573598211631179,0.003828964428976178,,,,
154.0,3257,1234855.907041709,1758432315.937193,17169.0,0.0010000000474974513,0.0028842026367783546,0.0016858468297868967,0.003994518890976906,,,,
154.0,3258,1235478.157890648,1758432938.1878002,17179.0,0.0010000000474974513,0.0029332078993320465,0.0017003368120640516,0.004109570756554604,,,,
154.0,3259,1236056.230622111,1758433516.2607822,17189.0,0.0010000000474974513,0.002817893400788307,0.0016714222729206085,0.0038215704262256622,,,,
154.0,3260,1236568.653170292,1758434028.6831467,17199.0,0.0010000000474974513,0.002844654256477952,0.0016901674680411816,0.0038482893723994493,,,,
,3261,1237744.290973513,1758435204.321591,,,,,,,,,
,3262,1237745.453535791,1758435205.484148,,,,,,,,,
,3263,1237745.458753874,1758435205.4893422,,,,,,,,,0.06567216664552689
,3264,1237745.666829865,1758435205.6974804,,,,,,,,,
154.0,3265,1237745.68227956,1758435205.712832,17204.0,,,,,0.038628775626420975,0.07315336912870407,0.010715220123529434,
,3266,1237746.265076983,1758435206.2957222,,,,,,,,,
,3267,1237748.005380108,1758435208.0359616,,,,,,,,,
,3268,1237748.011764167,1758435208.0423274,,,,,,,,,
,3269,1237748.217602461,1758435208.248261,,,,,,,,,
154.0,3270,1237756.126995845,1758435216.1533768,17204.0,,,,,,,,
155.0,3271,1238434.789646472,1758435894.819916,17209.0,0.0010000000474974513,0.0027713174931705,0.0014745912048965693,0.004322420805692673,,,,
155.0,3272,1239055.876817568,1758436515.9065287,17219.0,0.0010000000474974513,0.002757428213953972,0.001638250658288598,0.0037305920850485563,,,,
155.0,3273,1239676.040145702,1758437136.0697236,17229.0,0.0010000000474974513,0.002869009505957365,0.001684072776697576,0.003949788399040699,,,,
155.0,3274,1240298.191733988,1758437758.2218678,17239.0,0.0010000000474974513,0.0029673795215785503,0.0018934959080070257,0.0035796123556792736,,,,
155.0,3275,1240919.737163518,1758438379.767577,17249.0,0.0010000000474974513,0.0027833511121571064,0.001677236519753933,0.003687047865241766,,,,
155.0,3276,1241541.810797162,1758439001.841104,17259.0,0.0010000000474974513,0.002955988747999072,0.0017325773369520903,0.004078037571161985,,,,
155.0,3277,1242165.673742805,1758439625.7039032,17269.0,0.0010000000474974513,0.0031629116274416447,0.0018416154198348522,0.004404320381581783,,,,
155.0,3278,1242788.22390515,1758440248.253483,17279.0,0.0010000000474974513,0.0030419884715229273,0.00187429238576442,0.003892319742590189,,,,
155.0,3279,1243409.778932553,1758440869.8089607,17289.0,0.0010000000474974513,0.0036032842472195625,0.002244317904114723,0.004529887344688177,,,,
155.0,3280,1243993.868095704,1758441453.8984354,17299.0,0.0010000000474974513,0.00288526713848114,0.0017743830103427172,0.003702946240082383,,,,
155.0,3281,1244505.113347764,1758441965.143192,17309.0,0.0010000000474974513,0.0030316682532429695,0.0018185271183028817,0.004043803084641695,,,,
,3282,1245723.223070832,1758443183.2536793,,,,,,,,,
,3283,1245724.41255371,1758443184.4431763,,,,,,,,,
,3284,1245724.41775728,1758443184.448338,,,,,,,,,0.053761474788188934
,3285,1245724.625313785,1758443184.6559424,,,,,,,,,
155.0,3286,1245724.627958791,1758443184.658515,17315.0,,,,,0.09330900758504868,0.060958050191402435,0.06196818873286247,
,3287,1245725.242938153,1758443185.2735083,,,,,,,,,
,3288,1245726.476392712,1758443186.5070448,,,,,,,,,
,3289,1245726.482982523,1758443186.5135505,,,,,,,,,
,3290,1245726.689841703,1758443186.7204971,,,,,,,,,
155.0,3291,1245734.671097245,1758443194.6977375,17315.0,,,,,,,,
156.0,3292,1246354.73637605,1758443814.7665234,17319.0,0.0010000000474974513,0.0029300630558282137,0.0017916273791342974,0.0037947851233184338,,,,
156.0,3293,1246978.528099455,1758444438.5581849,17329.0,0.0010000000474974513,0.0032265144400298595,0.0019161398522555828,0.0043679154478013515,,,,
156.0,3294,1247602.994682316,1758445063.0243948,17339.0,0.0010000000474974513,0.002716628136113286,0.001664270763285458,0.0035078583750873804,,,,
156.0,3295,1248225.366042853,1758445685.3961816,17349.0,0.0010000000474974513,0.0028062094934284687,0.0017250312957912683,0.003603927092626691,,,,
156.0,3296,1248847.683911492,1758446307.7136858,17359.0,0.0010000000474974513,0.0026383837684988976,0.0015678431373089552,0.003568468615412712,,,,
156.0,3297,1249469.959931644,1758446929.9895902,17369.0,0.0010000000474974513,0.002820272697135806,0.001673675375059247,0.0038219911511987448,,,,
156.0,3298,1250093.490194415,1758447553.5201986,17379.0,0.0010000000474974513,0.0033836739603430033,0.0019284046720713377,0.004850897938013077,,,,
156.0,3299,1250714.97055316,1758448175.0006442,17389.0,0.0010000000474974513,0.0029253510292619467,0.0017308414680883288,0.003981698304414749,,,,
156.0,3300,1251339.235038995,1758448799.2651722,17399.0,0.0010000000474974513,0.0032514138147234917,0.0020264401100575924,0.004083246923983097,,,,
156.0,3301,1251935.650641888,1758449395.6804338,17409.0,0.0010000000474974513,0.002919490449130535,0.0017494112253189087,0.003900263924151659,,,,
156.0,3302,1252447.10198373,1758449907.132284,17419.0,0.0010000000474974513,0.0030628249514847994,0.0017362687503919005,0.004421853460371494,,,,
,3303,1253719.989478807,1758451180.0200796,,,,,,,,,
,3304,1253721.138258723,1758451181.1689074,,,,,,,,,
,3305,1253721.144045118,1758451181.174595,,,,,,,,,0.1173672303557396
,3306,1253721.354947274,1758451181.3855863,,,,,,,,,
156.0,3307,1253721.431398458,1758451181.4619157,17426.0,,,,,0.02985452674329281,0.11428305506706238,0.004048209171742201,
,3308,1253722.03189628,1758451182.062502,,,,,,,,,
,3309,1253723.232338265,1758451183.262984,,,,,,,,,
,3310,1253723.238630475,1758451183.2692273,,,,,,,,,
,3311,1253723.446521778,1758451183.4771776,,,,,,,,,
156.0,3312,1253732.016576785,1758451192.0426097,17426.0,,,,,,,,
157.0,3313,1254284.780403926,1758451744.810502,17429.0,0.0010000000474974513,0.0027461773715913296,0.0015445213066413999,0.004005519673228264,,,,
157.0,3314,1254904.676286778,1758452364.7063868,17439.0,0.0010000000474974513,0.0026581352576613426,0.0015237194020301104,0.0037813857197761536,,,,
157.0,3315,1255525.670527091,1758452985.7007031,17449.0,0.0010000000474974513,0.002825446892529726,0.0015917143318802118,0.0041124410927295685,,,,
157.0,3316,1256148.11699414,1758453608.1469917,17459.0,0.0010000000474974513,0.0026327946688979864,0.0014976531965658069,0.0037838048301637173,,,,
157.0,3317,1256770.037999596,1758454230.0682387,17469.0,0.0010000000474974513,0.0030412315391004086,0.0017793196020647883,0.004206372890621424,,,,
157.0,3318,1257392.97738538,1758454853.0063589,17479.0,0.0010000000474974513,0.002656521275639534,0.0016239776741713285,0.003441812004894018,,,,
157.0,3319,1258014.76355017,1758455474.7937682,17489.0,0.0010000000474974513,0.0033024814911186695,0.0020089566241949797,0.004311750177294016,,,,
157.0,3320,1258632.533165411,1758456092.563218,17499.0,0.0010000000474974513,0.0033429129980504513,0.0019311332143843174,0.004705933388322592,,,,
157.0,3321,1259251.913492266,1758456711.9438753,17509.0,0.0010000000474974513,0.0030444159638136625,0.0016547125997021794,0.004632344003766775,,,,
157.0,3322,1259861.084205242,1758457321.1145065,17519.0,0.0010000000474974513,0.00297952676191926,0.0017225746996700764,0.00418984005227685,,,,
157.0,3323,1260376.428638221,1758457836.45856,17529.0,0.0010000000474974513,0.002583869965746999,0.0015880033606663346,0.0033195551950484514,,,,
,3324,1261698.576005111,1758459158.6066248,,,,,,,,,
,3325,1261699.74215689,1758459159.7727652,,,,,,,,,
,3326,1261699.747487065,1758459159.7780244,,,,,,,,,0.0400102362036705
,3327,1261699.957036279,1758459159.9876857,,,,,,,,,
157.0,3328,1261700.539154316,1758459160.5696218,17537.0,,,,,0.0443359911441803,0.04949495941400528,0.01406246330589056,
,3329,1261701.193644186,1758459161.2242308,,,,,,,,,
,3330,1261702.390569111,1758459162.4212112,,,,,,,,,
,3331,1261702.396893049,1758459162.4274487,,,,,,,,,
,3332,1261702.608869888,1758459162.639477,,,,,,,,,
157.0,3333,1261710.535791739,1758459170.5622797,17537.0,,,,,,,,
158.0,3334,1262204.3405176,1758459664.370572,17539.0,0.0010000000474974513,0.00274516548961401,0.0015424712328240275,0.004008980467915535,,,,
158.0,3335,1262825.222031784,1758460285.251895,17549.0,0.0010000000474974513,0.0030417917296290398,0.0017783622024580836,0.004211431369185448,,,,
158.0,3336,1263445.794841583,1758460905.8248715,17559.0,0.0010000000474974513,0.0029601147398352623,0.001697847037576139,0.0042075589299201965,,,,
158.0,3337,1264065.98325749,1758461526.013543,17569.0,0.0010000000474974513,0.002926513319835067,0.001694187754765153,0.004107750952243805,,,,
158.0,3338,1264691.803856185,1758462151.8339658,17579.0,0.0010000000474974513,0.002752061001956463,0.0016280377749353647,0.0037467428483068943,,,,
158.0,3339,1265313.297130478,1758462773.3263514,17589.0,0.0010000000474974513,0.0029122198466211557,0.0018308194121345878,0.0036046672612428665,,,,
158.0,3340,1265937.972887638,1758463398.0028389,17599.0,0.0010000000474974513,0.0028534168377518654,0.0016973743913695216,0.0038534747436642647,,,,
158.0,3341,1266558.901142274,1758464018.9311569,17609.0,0.0010000000474974513,0.0030150264501571655,0.0018412999343127012,0.003912420943379402,,,,
158.0,3342,1267182.733515277,1758464642.762114,17619.0,0.0010000000474974513,0.002932420466095209,0.0017346648965030909,0.003992518410086632,,,,
158.0,3343,1267799.288740825,1758465259.3184423,17629.0,0.0010000000474974513,0.002663031918928027,0.001517074997536838,0.0038198563270270824,,,,
158.0,3344,1268314.192076047,1758465774.2218812,17639.0,0.0010000000474974513,0.0026339374016970396,0.0015260204672813416,0.0036930562928318977,,,,
,3345,1269686.592953704,1758467146.6215234,,,,,,,,,
,3346,1269687.714560318,1758467147.7452152,,,,,,,,,
,3347,1269687.720057383,1758467147.7506316,,,,,,,,,0.1365998536348343
,3348,1269687.931793796,1758467147.9624455,,,,,,,,,
158.0,3349,1269688.538161753,1758467148.5685909,17648.0,,,,,0.03004954569041729,0.12417756021022797,0.005259109195321798,
,3350,1269689.124529807,1758467149.1551733,,,,,,,,,
,3351,1269690.306054302,1758467150.3366802,,,,,,,,,
,3352,1269690.312501472,1758467150.3430452,,,,,,,,,
,3353,1269690.522998142,1758467150.5536568,,,,,,,,,
158.0,3354,1269699.138928014,1758467159.1649663,17648.0,,,,,,,,
159.0,3355,1270130.372778065,1758467590.40282,17649.0,0.0010000000474974513,0.002802607836201787,0.0015738559886813164,0.004095839336514473,,,,
159.0,3356,1270749.157582702,1758468209.1874273,17659.0,0.0010000000474974513,0.0027766257990151644,0.0015316822100430727,0.004149811342358589,,,,
159.0,3357,1271373.281008421,1758468833.3109515,17669.0,0.0010000000474974513,0.002574394689872861,0.001501373015344143,0.003576738527044654,,,,
159.0,3358,1271992.404506297,1758469452.4342453,17679.0,0.0010000000474974513,0.0027983731124550104,0.0015770848840475082,0.004070960450917482,,,,
159.0,3359,1272614.619611346,1758470074.649134,17689.0,0.0010000000474974513,0.0026992117054760456,0.0015853774966672063,0.003712780773639679,,,,
159.0,3360,1273237.760352091,1758470697.7900083,17699.0,0.0010000000474974513,0.002852068981155753,0.001589977415278554,0.0042069717310369015,,,,
159.0,3361,1273862.044702962,1758471322.0745578,17709.0,0.0010000000474974513,0.002470519859343767,0.0014333402505144477,0.0034572659060359,,,,
159.0,3362,1274482.978924584,1758471943.009279,17719.0,0.0010000000474974513,0.0028055142611265182,0.0015672422014176846,0.004127574153244495,,,,
159.0,3363,1275106.0004067,1758472566.0306745,17729.0,0.0010000000474974513,0.0028231600299477577,0.0015743982512503862,0.004162538796663284,,,,
159.0,3364,1275728.252806345,1758473188.2828944,17739.0,0.0010000000474974513,0.0026134673971682787,0.0013941782526671886,0.004064297769218683,,,,
159.0,3365,1276246.358348221,1758473706.3881145,17749.0,0.0010000000474974513,0.0024192319251596928,0.001407657633535564,0.0033719141501933336,,,,
159.0,3366,1276746.548025981,1758474206.5782459,17759.0,0.0010000000474974513,0.002747821155935526,0.00164592987857759,0.0036729706916958094,,,,
,3367,1277677.654331088,1758475137.6849504,,,,,,,,,
,3368,1277678.798781209,1758475138.8293927,,,,,,,,,
,3369,1277678.804252528,1758475138.8348458,,,,,,,,,0.08910561352968216
,3370,1277679.01117767,1758475139.0418243,,,,,,,,,
159.0,3371,1277679.050543943,1758475139.0810716,17759.0,,,,,0.03192698583006859,0.09763049334287643,0.006385765969753265,
,3372,1277679.65896185,1758475139.68952,,,,,,,,,
,3373,1277680.863884836,1758475140.8945286,,,,,,,,,
,3374,1277680.870178339,1758475140.9007502,,,,,,,,,
,3375,1277681.077104498,1758475141.1077578,,,,,,,,,
159.0,3376,1277688.917969673,1758475148.944452,17759.0,,,,,,,,
160.0,3377,1278665.832958961,1758476125.862884,17769.0,0.0010000000474974513,0.0027510197833180428,0.001497689401730895,0.004177767783403397,,,,
160.0,3378,1279288.004338712,1758476748.0342612,17779.0,0.0010000000474974513,0.0028052651323378086,0.001680766697973013,0.0037483274936676025,,,,
160.0,3379,1279908.631704001,1758477368.6612027,17789.0,0.0010000000474974513,0.002671279478818178,0.0015639050398021936,0.0036912476643919945,,,,
160.0,3380,1280530.621298388,1758477990.651283,17799.0,0.0010000000474974513,0.0028006539214402437,0.0016885458026081324,0.003707027295604348,,,,
160.0,3381,1281152.36237968,1758478612.3925748,17809.0,0.0010000000474974513,0.002550098579376936,0.0014461253304034472,0.0036799111403524876,,,,
160.0,3382,1281775.731077454,1758479235.7611535,17819.0,0.0010000000474974513,0.002627948299050331,0.0015212645521387458,0.003688945434987545,,,,
160.0,3383,1282395.71341326,1758479855.743509,17829.0,0.0010000000474974513,0.002814302919432521,0.0015702435048297048,0.004146865103393793,,,,
160.0,3384,1283018.00142307,1758480478.03167,17839.0,0.0010000000474974513,0.00273873470723629,0.0015876467805355787,0.003836959134787321,,,,
160.0,3385,1283637.529056585,1758481097.5586507,17849.0,0.0010000000474974513,0.002678279299288988,0.0015404153382405639,0.003792880102992058,,,,
160.0,3386,1284165.566338941,1758481625.5963223,17859.0,0.0010000000474974513,0.003038267605006695,0.001872067921794951,0.003887332044541836,,,,
160.0,3387,1284679.143968908,1758482139.1742344,17869.0,0.0010000000474974513,0.002549421275034547,0.0015665341634303331,0.0032762903720140457,,,,
,3388,1285637.808180794,1758483097.8388088,,,,,,,,,
,3389,1285638.981418999,1758483099.0120583,,,,,,,,,
,3390,1285638.986547783,1758483099.0171149,,,,,,,,,0.06744547188282013
,3391,1285639.195907051,1758483099.226556,,,,,,,,,
160.0,3392,1285639.198385182,1758483099.2289383,17870.0,,,,,0.07030604034662247,0.078292116522789,0.040447480976581573,
,3393,1285639.788982197,1758483099.8160043,,,,,,,,,
,3394,1285641.013538412,1758483101.0441885,,,,,,,,,
,3395,1285641.019642419,1758483101.050214,,,,,,,,,
,3396,1285641.226561006,1758483101.2571857,,,,,,,,,
160.0,3397,1285649.735300034,1758483109.7618191,17870.0,,,,,,,,
161.0,3398,1286576.641125288,1758484036.6708934,17879.0,0.0010000000474974513,0.0025890544056892395,0.0015269095310941339,0.0035404828377068043,,,,
161.0,3399,1287198.374474844,1758484658.404418,17889.0,0.0010000000474974513,0.0033090473152697086,0.0022213023621588945,0.0036258159670978785,,,,
161.0,3400,1287819.442904803,1758485279.4727829,17899.0,0.0010000000474974513,0.0026507009752094746,0.001530112000182271,0.003735296195372939,,,,
161.0,3401,1288439.991826172,1758485900.0215678,17909.0,0.0010000000474974513,0.0026173784863203764,0.0015506257768720388,0.003555841976776719,,,,
161.0,3402,1289061.675979076,1758486521.7058218,17919.0,0.0010000000474974513,0.002821757225319743,0.001757393591105938,0.0035478791687637568,,,,
161.0,3403,1289683.267434802,1758487143.2974172,17929.0,0.0010000000474974513,0.0028976432513445616,0.001697048544883728,0.004001982044428587,,,,
161.0,3404,1290307.228868631,1758487767.2593381,17939.0,0.0010000000474974513,0.002662848448380828,0.001591509091667831,0.0035711314994841814,,,,
161.0,3405,1290928.309605855,1758488388.3398852,17949.0,0.0010000000474974513,0.002903715241700411,0.001707020914182067,0.003988981246948242,,,,
161.0,3406,1291550.266733309,1758489010.2967103,17959.0,0.0010000000474974513,0.0028178608044981956,0.0016107277479022741,0.004023776389658451,,,,
161.0,3407,1292092.554173706,1758489552.5839045,17969.0,0.0010000000474974513,0.002998573239892721,0.001724214875139296,0.004247861448675394,,,,
161.0,3408,1292605.224931362,1758490065.2549732,17979.0,0.0010000000474974513,0.0028672346379607916,0.0017481767572462559,0.0037301932461559772,,,,
,3409,1293617.712785378,1758491077.7434137,,,,,,,,,
,3410,1293618.920819591,1758491078.9514368,,,,,,,,,
,3411,1293618.926247804,1758491078.9568243,,,,,,,,,0.10994280874729156
,3412,1293619.133572329,1758491079.1642194,,,,,,,,,
161.0,3413,1293619.658769502,1758491079.6892054,17981.0,,,,,0.035205110907554626,0.10707161575555801,0.006901259534060955,
,3414,1293620.252139893,1758491080.2827487,,,,,,,,,
,3415,1293621.391013811,1758491081.4216232,,,,,,,,,
,3416,1293621.397429106,1758491081.4279606,,,,,,,,,
,3417,1293621.607560698,1758491081.638204,,,,,,,,,
161.0,3418,1293630.808744607,1758491090.8345273,17981.0,,,,,,,,
162.0,3419,1294492.801742911,1758491952.8319764,17989.0,0.0010000000474974513,0.002780904294922948,0.0015417165122926235,0.004130625631660223,,,,
162.0,3420,1295112.759694304,1758492572.7898493,17999.0,0.0010000000474974513,0.0026078764349222183,0.001405326765961945,0.004008498974144459,,,,
162.0,3421,1295737.3767273,1758493197.406529,18009.0,0.0010000000474974513,0.0030428171157836914,0.0017001661472022533,0.004475502297282219,,,,
162.0,3422,1296359.629989864,1758493819.6601362,18019.0,0.0010000000474974513,0.0028278150130063295,0.0015927704516798258,0.00411681504920125,,,,
162.0,3423,1296981.022949553,1758494441.0531034,18029.0,0.0010000000474974513,0.0027358324732631445,0.001517393160611391,0.004061464685946703,,,,
162.0,3424,1297603.775233413,1758495063.8050473,18039.0,0.0010000000474974513,0.002741300966590643,0.0014515235088765621,0.004299258813261986,,,,
162.0,3425,1298225.362883452,1758495685.3926303,18049.0,0.0010000000474974513,0.0022256416268646717,0.0012580184265971184,0.00322541082277894,,,,
162.0,3426,1298846.151738785,1758496306.1814942,18059.0,0.0010000000474974513,0.002852410078048706,0.0015922331949695945,0.004200589377433062,,,,
162.0,3427,1299466.861789564,1758496926.8912387,18069.0,0.0010000000474974513,0.002673531649634242,0.0014418547507375479,0.00410558981820941,,,,
162.0,3428,1300019.58262447,1758497479.612654,18079.0,0.0010000000474974513,0.0027272028382867575,0.0015139171155169606,0.004044285509735346,,,,
162.0,3429,1300530.661550463,1758497990.691437,18089.0,0.0010000000474974513,0.0025638192892074585,0.0014055088395252824,0.003861035220324993,,,,
,3430,1301596.751841473,1758499056.7824833,,,,,,,,,
,3431,1301597.893362511,1758499057.9240093,,,,,,,,,
,3432,1301597.898988225,1758499057.9295547,,,,,,,,,0.10183920711278915
,3433,1301598.105754724,1758499058.1363554,,,,,,,,,
162.0,3434,1301598.151359169,1758499058.1818902,18092.0,,,,,0.030581055209040642,0.10469065606594086,0.00495435344055295,
,3435,1301598.758969603,1758499058.7876303,,,,,,,,,
,3436,1301599.924105485,1758499059.9547179,,,,,,,,,
,3437,1301599.930461081,1758499059.9610517,,,,,,,,,
,3438,1301600.142028616,1758499060.172679,,,,,,,,,
162.0,3439,1301608.061953772,1758499068.0887146,18092.0,,,,,,,,
163.0,3440,1302411.522848841,1758499871.5526311,18099.0,0.0010000000474974513,0.002786475233733654,0.0015702275559306145,0.004054157994687557,,,,
163.0,3441,1303031.148847643,1758500491.1787384,18109.0,0.0010000000474974513,0.002658992074429989,0.0015058881836012006,0.0038436793256551027,,,,
163.0,3442,1303653.401288492,1758501113.4315672,18119.0,0.0010000000474974513,0.0024148456286638975,0.0013779804576188326,0.0034562170039862394,,,,
163.0,3443,1304274.958118622,1758501734.9878561,18129.0,0.0010000000474974513,0.002753995591774583,0.0016438758466392756,0.0037003993056714535,,,,
163.0,3444,1304898.246422725,1758502358.2760494,18139.0,0.0010000000474974513,0.002768090693280101,0.001451828284189105,0.0043875412084162235,,,,
163.0,3445,1305518.058654236,1758502978.0891597,18149.0,0.0010000000474974513,0.0024834959767758846,0.0014187137130647898,0.003549274755641818,,,,
163.0,3446,1306137.935385635,1758503597.9645371,18159.0,0.0010000000474974513,0.0026294467970728874,0.0015021758154034615,0.0037575694732367992,,,,
163.0,3447,1306762.406763002,1758504222.4367893,18169.0,0.0010000000474974513,0.002724906662479043,0.0014391844160854816,0.004285740666091442,,,,
163.0,3448,1307383.830698039,1758504843.8608115,18179.0,0.0010000000474974513,0.002741642063483596,0.0014565277379006147,0.0042837136425077915,,,,
163.0,3449,1307943.760069773,1758505403.7902417,18189.0,0.0010000000474974513,0.002595870988443494,0.0013681070413440466,0.004092546179890633,,,,
163.0,3450,1308456.228299117,1758505916.258372,18199.0,0.0010000000474974513,0.00254338001832366,0.0014812787994742393,0.003540337784215808,,,,
,3451,1309573.242336146,1758507033.2729623,,,,,,,,,
,3452,1309574.398694822,1758507034.4292994,,,,,,,,,
,3453,1309574.40420711,1758507034.4347806,,,,,,,,,0.06311863660812378
,3454,1309574.615371592,1758507034.646019,,,,,,,,,
163.0,3455,1309574.704586869,1758507034.7351027,18203.0,,,,,0.03167957067489624,0.07278519123792648,0.00928744301199913,
,3456,1309575.343911763,1758507035.3745203,,,,,,,,,
,3457,1309576.49424784,1758507036.5248594,,,,,,,,,
,3458,1309576.500542533,1758507036.531124,,,,,,,,,
,3459,1309576.712660058,1758507036.7433066,,,,,,,,,
163.0,3460,1309585.361823477,1758507045.3878071,18203.0,,,,,,,,
164.0,3461,1310324.072015787,1758507784.101746,18209.0,0.0010000000474974513,0.002424054080620408,0.001295248745009303,0.0037626847624778748,,,,
164.0,3462,1310945.472763558,1758508405.5027711,18219.0,0.0010000000474974513,0.0024797348305583,0.0013386837672442198,0.003803502768278122,,,,
164.0,3463,1311565.671967356,1758509025.7022219,18229.0,0.0010000000474974513,0.0024225448723882437,0.0013376881834119558,0.0036161886528134346,,,,
164.0,3464,1312187.542377505,1758509647.5724008,18239.0,0.0010000000474974513,0.0025660977698862553,0.0014538282994180918,0.003707564901560545,,,,
164.0,3465,1312805.691583217,1758510265.7217615,18249.0,0.0010000000474974513,0.002737888367846608,0.0015647376421838999,0.003910502418875694,,,,
164.0,3466,1313424.913150484,1758510884.9432147,18259.0,0.0010000000474974513,0.002592504722997546,0.0014148075133562088,0.003925657365471125,,,,
164.0,3467,1314045.348365166,1758511505.3784401,18269.0,0.0010000000474974513,0.0027430900372564793,0.0014986202586442232,0.004148231819272041,,,,
164.0,3468,1314669.240318613,1758512129.2704206,18279.0,0.0010000000474974513,0.002546250121667981,0.0014096125960350037,0.0037887911312282085,,,,
164.0,3469,1315289.159746629,1758512749.1902304,18289.0,0.0010000000474974513,0.002482354175299406,0.0013504441594704986,0.0037730326876044273,,,,
164.0,3470,1315859.99284814,1758513320.0230823,18299.0,0.0010000000474974513,0.0026140157133340836,0.0013901260681450367,0.004079632461071014,,,,
164.0,3471,1316376.56329309,1758513836.593351,18309.0,0.0010000000474974513,0.002608838025480509,0.0014820845099166036,0.0037558446638286114,,,,
,3472,1317545.538931717,1758515005.5694952,,,,,,,,,
,3473,1317546.680396399,1758515006.7110302,,,,,,,,,
,3474,1317546.685764298,1758515006.716299,,,,,,,,,0.08717601001262665
,3475,1317546.897015321,1758515006.927603,,,,,,,,,
164.0,3476,1317546.930660958,1758515006.9611979,18314.0,,,,,0.045330848544836044,0.08505933731794357,0.01248831395059824,
,3477,1317547.512789986,1758515007.5434349,,,,,,,,,
,3478,1317548.743254812,1758515008.7738798,,,,,,,,,
,3479,1317548.749572256,1758515008.7801178,,,,,,,,,
,3480,1317548.958157447,1758515008.9888,,,,,,,,,
164.0,3481,1317557.379773333,1758515017.406376,18314.0,,,,,,,,
165.0,3482,1318234.764178558,1758515694.7940662,18319.0,0.0010000000474974513,0.0025748664047569036,0.0014421866508200765,0.0037755989469587803,,,,
165.0,3483,1318852.2884198,1758516312.318451,18329.0,0.0010000000474974513,0.0026649089995771646,0.0015014889650046825,0.0038780670147389174,,,,
165.0,3484,1319472.103227977,1758516932.1329124,18339.0,0.0010000000474974513,0.0025908953975886106,0.0013908464461565018,0.00400016363710165,,,,
165.0,3485,1320094.133979283,1758517554.1643183,18349.0,0.0010000000474974513,0.0031808100175112486,0.0019057424506172538,0.004250225145369768,,,,
165.0,3486,1320716.04832537,1758518176.0785022,18359.0,0.0010000000474974513,0.0027141820173710585,0.0015914930263534188,0.0037422962486743927,,,,
165.0,3487,1321338.053644632,1758518798.0836997,18369.0,0.0010000000474974513,0.0026098855305463076,0.0014109493931755424,0.003996454179286957,,,,
165.0,3488,1321958.936163163,1758519418.9666696,18379.0,0.0010000000474974513,0.0023940978571772575,0.0013582042884081602,0.0034529785625636578,,,,
165.0,3489,1322580.478958364,1758520040.5089245,18389.0,0.0010000000474974513,0.0028151310980319977,0.0016485226806253195,0.003888694103807211,,,,
165.0,3490,1323200.690801456,1758520660.7208703,18399.0,0.0010000000474974513,0.0025881114415824413,0.0014862746465951204,0.0036727881524711847,,,,
165.0,3491,1323787.199816257,1758521247.2300215,18409.0,0.0010000000474974513,0.002838544547557831,0.0015562721528112888,0.00427424069494009,,,,
165.0,3492,1324300.828703378,1758521760.858797,18419.0,0.0010000000474974513,0.002870018593966961,0.001739619066938758,0.0037679977249354124,,,,
,3493,1325521.192954558,1758522981.2235165,,,,,,,,,
,3494,1325522.422346719,1758522982.4529698,,,,,,,,,
,3495,1325522.427664346,1758522982.4582462,,,,,,,,,0.07972654700279236
,3496,1325522.636338317,1758522982.6669667,,,,,,,,,
165.0,3497,1325522.716520011,1758522982.746999,18425.0,,,,,0.03782142698764801,0.07614535093307495,0.00835410039871931,
,3498,1325523.309976494,1758522983.3375447,,,,,,,,,
,3499,1325524.517181175,1758522984.5478084,,,,,,,,,
,3500,1325524.523508771,1758522984.5540457,,,,,,,,,
,3501,1325524.732215117,1758522984.7628431,,,,,,,,,
165.0,3502,1325533.19816483,1758522993.2248724,18425.0,,,,,,,,
166.0,3503,1326145.608025506,1758523605.6379285,18429.0,0.0010000000474974513,0.002696332987397909,0.0015081713208928704,0.0039605386555194855,,,,
166.0,3504,1326767.473062578,1758524227.5033486,18439.0,0.0010000000474974513,0.0028134086169302464,0.0015358009841293097,0.0042586917988955975,,,,
166.0,3505,1327389.088269884,1758524849.1183722,18449.0,0.0010000000474974513,0.002622741274535656,0.0014632097445428371,0.00386510556563735,,,,
166.0,3506,1328013.427119922,1758525473.4571667,18459.0,0.0010000000474974513,0.002684763167053461,0.0014691506512463093,0.004052042029798031,,,,
166.0,3507,1328634.780185555,1758526094.8101027,18469.0,0.0010000000474974513,0.0024963021278381348,0.0014230108354240656,0.003577637951821089,,,,
166.0,3508,1329256.353780369,1758526716.3839867,18479.0,0.0010000000474974513,0.0025941175408661366,0.001458198530599475,0.003786396235227585,,,,
166.0,3509,1329881.622010732,1758527341.652224,18489.0,0.0010000000474974513,0.002590795047581196,0.0014891825849190354,0.0036720414645969868,,,,
166.0,3510,1330502.365254406,1758527962.3953958,18499.0,0.0010000000474974513,0.002613800810649991,0.0015450643841177225,0.003562454367056489,,,,
166.0,3511,1331123.893788977,1758528583.923991,18509.0,0.0010000000474974513,0.0027229415718466043,0.0015249252319335938,0.003993387799710035,,,,
166.0,3512,1331719.885088438,1758529179.9152713,18519.0,0.0010000000474974513,0.002823547925800085,0.001494677271693945,0.004429569002240896,,,,
166.0,3513,1332233.945267387,1758529693.975315,18529.0,0.0010000000474974513,0.002475399523973465,0.001305308542214334,0.00390030350536108,,,,
,3514,1333504.37586468,1758530964.4064314,,,,,,,,,
,3515,1333505.630374504,1758530965.6609771,,,,,,,,,
,3516,1333505.635793999,1758530965.6663828,,,,,,,,,0.06075811758637428
,3517,1333505.882000749,1758530965.9126103,,,,,,,,,
166.0,3518,1333505.884569532,1758530965.9151099,18536.0,,,,,0.05646558105945587,0.042969685047864914,0.024694809690117836,
,3519,1333506.478357683,1758530966.5089831,,,,,,,,,
,3520,1333507.691007842,1758530967.721623,,,,,,,,,
,3521,1333507.697273193,1758530967.7278633,,,,,,,,,
,3522,1333508.505506594,1758530968.5360947,,,,,,,,,
166.0,3523,1333516.424523694,1758530976.450633,18536.0,,,,,,,,
167.0,3524,1334064.012353543,1758531524.0424197,18539.0,0.0010000000474974513,0.00284153432585299,0.0016510755522176623,0.0039681969210505486,,,,
167.0,3525,1334684.551928137,1758532144.5820804,18549.0,0.0010000000474974513,0.00294094136916101,0.0017206101911142468,0.004067770671099424,,,,
167.0,3526,1335306.991615709,1758532767.0218458,18559.0,0.0010000000474974513,0.0028201243840157986,0.0015777325024828315,0.004141306038945913,,,,
167.0,3527,1335930.817162555,1758533390.8468065,18569.0,0.0010000000474974513,0.0025222692638635635,0.0014514575013890862,0.0035693724639713764,,,,
167.0,3528,1336550.778179485,1758534010.8083792,18579.0,0.0010000000474974513,0.002534301718696952,0.0014709312235936522,0.0035445685498416424,,,,
167.0,3529,1337172.099583786,1758534632.1298912,18589.0,0.0010000000474974513,0.0026438403874635696,0.00149538554251194,0.003828182816505432,,,,
167.0,3530,1337795.968693335,1758535255.998644,18599.0,0.0010000000474974513,0.0032181658316403627,0.0017765614902600646,0.004805347416549921,,,,
167.0,3531,1338416.483008428,1758535876.5128112,18609.0,0.0010000000474974513,0.002897897269576788,0.0016346634365618229,0.004210778512060642,,,,
167.0,3532,1339038.574611834,1758536498.6046221,18619.0,0.0010000000474974513,0.0031578093767166138,0.0019094862509518862,0.004161077551543713,,,,
167.0,3533,1339647.261741987,1758537107.2916036,18629.0,0.0010000000474974513,0.0029037261847406626,0.0016355975531041622,0.004227095749229193,,,,
167.0,3534,1340160.365216919,1758537620.3954904,18639.0,0.0010000000474974513,0.0028255421202629805,0.0015276139602065086,0.004326426889747381,,,,
,3535,1341483.916069475,1758538943.9466605,,,,,,,,,
,3536,1341485.118287091,1758538945.1488993,,,,,,,,,
,3537,1341485.123641197,1758538945.1542337,,,,,,,,,0.08782552927732468
,3538,1341485.329994255,1758538945.3606105,,,,,,,,,
167.0,3539,1341485.909486937,1758538945.9399514,18647.0,,,,,0.03688499704003334,0.08864013105630875,0.004067863337695599,
,3540,1341486.483764507,1758538946.514375,,,,,,,,,
,3541,1341487.67470459,1758538947.705355,,,,,,,,,
,3542,1341487.681030173,1758538947.7115884,,,,,,,,,
,3543,1341487.886554884,1758538947.9172015,,,,,,,,,
167.0,3544,1341495.885490003,1758538955.912189,18647.0,,,,,,,,
168.0,3545,1341986.880838013,1758539446.9107218,18649.0,0.0010000000474974513,0.0028528240509331226,0.0015987149672582746,0.00418036337941885,,,,
168.0,3546,1342609.160095604,1758540069.1900256,18659.0,0.0010000000474974513,0.0028114812448620796,0.0015432854415848851,0.004227318800985813,,,,
168.0,3547,1343229.454378218,1758540689.4842715,18669.0,0.0010000000474974513,0.0029739956371486187,0.0016927330289036036,0.0042708758264780045,,,,
168.0,3548,1343851.847999899,1758541311.8781285,18679.0,0.0010000000474974513,0.0024177986197173595,0.001362933311611414,0.0035162169951945543,,,,
168.0,3549,1344476.508814537,1758541936.5386548,18689.0,0.0010000000474974513,0.0026581957936286926,0.0014864741824567318,0.0039057389367371798,,,,
168.0,3550,1345097.999583389,1758542558.0290644,18699.0,0.0010000000474974513,0.002832466270774603,0.0015629457775503397,0.004231733735650778,,,,
168.0,3551,1345719.446471988,1758543179.47626,18709.0,0.0010000000474974513,0.0027207029052078724,0.00149273662827909,0.004093221388757229,,,,
168.0,3552,1346342.605784717,1758543802.6361587,18719.0,0.0010000000474974513,0.002653895178809762,0.001541648292914033,0.003707489464432001,,,,
168.0,3553,1346968.001558267,1758544428.0318003,18729.0,0.0010000000474974513,0.003052063751965761,0.0018006893806159496,0.004171247594058514,,,,
168.0,3554,1347586.076610309,1758545046.1068335,18739.0,0.0010000000474974513,0.0028221048414707184,0.0015977895818650723,0.004081050865352154,,,,
168.0,3555,1348100.541734512,1758545560.5716825,18749.0,0.0010000000474974513,0.002996312454342842,0.001678246888332069,0.0043935514986515045,,,,
,3556,1349473.387299094,1758546933.4179177,,,,,,,,,
,3557,1349474.516091192,1758546934.5466712,,,,,,,,,
,3558,1349474.521367261,1758546934.5519278,,,,,,,,,0.06416624039411545
,3559,1349474.727815029,1758546934.7584696,,,,,,,,,
168.0,3560,1349474.900096907,1758546934.9305854,18758.0,,,,,0.046997833997011185,0.054734792560338974,0.01499306783080101,
,3561,1349475.498457235,1758546935.5290139,,,,,,,,,
,3562,1349476.730371389,1758546936.7610211,,,,,,,,,
,3563,1349476.736813185,1758546936.7673407,,,,,,,,,
,3564,1349476.945854022,1758546936.9765112,,,,,,,,,
168.0,3565,1349486.140568036,1758546946.1662097,18758.0,,,,,,,,
169.0,3566,1349927.693871146,1758547387.7239516,18759.0,0.0010000000474974513,0.0026645311154425144,0.0015494506806135178,0.0037169354036450386,,,,
169.0,3567,1350542.372907601,1758548002.4026978,18769.0,0.0010000000474974513,0.0027066385373473167,0.0017264571506530046,0.0032672712113708258,,,,
169.0,3568,1351164.314247741,1758548624.344148,18779.0,0.0010000000474974513,0.002911684103310108,0.0017064341809600592,0.0040174988098442554,,,,
169.0,3569,1351784.622458077,1758549244.6521044,18789.0,0.0010000000474974513,0.0027409973554313183,0.0015641039935871959,0.003922977484762669,,,,
169.0,3570,1352407.545926152,1758549867.5760884,18799.0,0.0010000000474974513,0.002502706367522478,0.0015036703553050756,0.0033301198855042458,,,,
169.0,3571,1353030.074105784,1758550490.1038883,18809.0,0.0010000000474974513,0.0030638505704700947,0.00170450983569026,0.004531135782599449,,,,
169.0,3572,1353652.311877242,1758551112.3421097,18819.0,0.0010000000474974513,0.0026257126592099667,0.0015254566678777337,0.0036675198934972286,,,,
169.0,3573,1354277.360436881,1758551737.390442,18829.0,0.0010000000474974513,0.002709181047976017,0.0014486287254840136,0.004201841540634632,,,,
169.0,3574,1354900.824406763,1758552360.8539443,18839.0,0.0010000000474974513,0.0026357260067015886,0.0014975906815379858,0.0037937841843813658,,,,
169.0,3575,1355525.71387428,1758552985.7438412,18849.0,0.0010000000474974513,0.0024630900006741285,0.0013773338869214058,0.003619186580181122,,,,
169.0,3576,1356044.697887969,1758553504.7280884,18859.0,0.0010000000474974513,0.0027561490423977375,0.0015324929263442755,0.004078853875398636,,,,
169.0,3577,1356545.935404387,1758554005.965638,18869.0,0.0010000000474974513,0.002958843484520912,0.001679673558101058,0.0042639002203941345,,,,
,3578,1357468.383838949,1758554928.4144087,,,,,,,,,
,3579,1357470.220295337,1758554930.2509139,,,,,,,,,
,3580,1357470.225752003,1758554930.2562876,,,,,,,,,0.12598203122615814
,3581,1357470.432009774,1758554930.4626663,,,,,,,,,
169.0,3582,1357470.434667168,1758554930.465211,18869.0,,,,,0.042267847806215286,0.12021087855100632,0.006488417275249958,
,3583,1357471.030391441,1758554931.060997,,,,,,,,,
,3584,1357472.224223652,1758554932.2548673,,,,,,,,,
,3585,1357472.230429954,1758554932.2610102,,,,,,,,,
,3586,1357472.440834759,1758554932.471431,,,,,,,,,
169.0,3587,1357480.351718448,1758554940.3783154,18869.0,,,,,,,,
170.0,3588,1358472.035068146,1758555932.064918,18879.0,0.0010000000474974513,0.0032560452818870544,0.0020314427092671394,0.0040820082649588585,,,,
170.0,3589,1359094.63865908,1758556554.668544,18889.0,0.0010000000474974513,0.0028172582387924194,0.0017257781000807881,0.003638266585767269,,,,
170.0,3590,1359715.28180771,1758557175.3113735,18899.0,0.0010000000474974513,0.0031091158743947744,0.001718901563435793,0.004634047858417034,,,,
170.0,3591,1360336.609482245,1758557796.6394312,18909.0,0.0010000000474974513,0.002737555420026183,0.0016018144087865949,0.0037858036812394857,,,,
170.0,3592,1360957.895377193,1758558417.9252605,18919.0,0.0010000000474974513,0.002497231587767601,0.0014622897142544389,0.003449805546551943,,,,
170.0,3593,1361580.365060073,1758559040.3951235,18929.0,0.0010000000474974513,0.002639989834278822,0.0015707199927419424,0.0035642331931740046,,,,
170.0,3594,1362205.530591848,1758559665.5602121,18939.0,0.0010000000474974513,0.002620135899633169,0.0015300270169973373,0.0036336970515549183,,,,
170.0,3595,1362828.806514781,1758560288.8364756,18949.0,0.0010000000474974513,0.0032850177958607674,0.0022264611907303333,0.003528520930558443,,,,
170.0,3596,1363451.372865175,1758560911.4024796,18959.0,0.0010000000474974513,0.002861408516764641,0.0017138649709522724,0.003825144376605749,,,,
170.0,3597,1363983.297095129,1758561443.3269975,18969.0,0.0010000000474974513,0.0028678933158516884,0.0017450118903070688,0.003742936998605728,,,,
170.0,3598,1364496.992100943,1758561957.022166,18979.0,0.0010000000474974513,0.003127429634332657,0.001856248709373176,0.004237269051373005,,,,
,3599,1365459.748824127,1758562919.7794387,,,,,,,,,
,3600,1365461.007616871,1758562921.0382657,,,,,,,,,
,3601,1365461.013262682,1758562921.0438282,,,,,,,,,0.11325648427009583
,3602,1365461.224059259,1758562921.254686,,,,,,,,,
170.0,3603,1365461.226641594,1758562921.2571783,18980.0,,,,,0.035981450229883194,0.09901169687509537,0.004082456696778536,
,3604,1365461.831318972,1758562921.8619633,,,,,,,,,
,3605,1365463.006565474,1758562923.0372105,,,,,,,,,
,3606,1365463.012722089,1758562923.0432832,,,,,,,,,
,3607,1365463.22084999,1758562923.2515054,,,,,,,,,
170.0,3608,1365471.123308746,1758562931.1497335,18980.0,,,,,,,,
171.0,3609,1366402.402771045,1758563862.4329162,18989.0,0.0010000000474974513,0.0028905263170599937,0.001578793628141284,0.0043724412098526955,,,,
171.0,3610,1367024.970236141,1758564484.999995,18999.0,0.0010000000474974513,0.0030128639191389084,0.0015606431988999248,0.004840735346078873,,,,
171.0,3611,1367644.752570312,1758565104.7830935,19009.0,0.0010000000474974513,0.0027939234860241413,0.0015599471516907215,0.004113254137337208,,,,
171.0,3612,1368265.531324294,1758565725.5609066,19019.0,0.0010000000474974513,0.002572480123490095,0.001447341637685895,0.0037504613865166903,,,,
171.0,3613,1368888.508388935,1758566348.538149,19029.0,0.0010000000474974513,0.002781328046694398,0.0016771246446296573,0.0036806780844926834,,,,
171.0,3614,1369512.093525914,1758566972.1233342,19039.0,0.0010000000474974513,0.0028334290254861116,0.0017502144910395145,0.0036107152700424194,,,,
171.0,3615,1370136.236006637,1758567596.2662556,19049.0,0.0010000000474974513,0.0029429057613015175,0.0017653580289334059,0.003925158642232418,,,,
171.0,3616,1370757.229282788,1758568217.2591348,19059.0,0.0010000000474974513,0.0029897652566432953,0.0016919203335419297,0.004326149821281433,,,,
171.0,3617,1371377.001374457,1758568837.0316072,19069.0,0.0010000000474974513,0.0029538769740611315,0.0017397626070305705,0.004047048278152943,,,,
171.0,3618,1371919.337278493,1758569379.366974,19079.0,0.0010000000474974513,0.002673562616109848,0.0015380785334855318,0.003784947330132127,,,,
171.0,3619,1372432.396819785,1758569892.4269178,19089.0,0.0010000000474974513,0.0028486864175647497,0.00161392567679286,0.0041158683598041534,,,,
,3620,1373449.492068954,1758570909.522694,,,,,,,,,
,3621,1373450.698484117,1758570910.729098,,,,,,,,,
,3622,1373450.7037455,1758570910.7343202,,,,,,,,,0.08435995876789093
,3623,1373450.911141344,1758570910.9417996,,,,,,,,,
171.0,3624,1373450.913791975,1758570910.944334,19091.0,,,,,0.05497412756085396,0.08432987332344055,0.018736278638243675,
,3625,1373451.532471053,1758570911.563027,,,,,,,,,
,3626,1373452.693916964,1758570912.724548,,,,,,,,,
,3627,1373452.700510384,1758570912.7310781,,,,,,,,,
,3628,1373452.91083267,1758570912.9414485,,,,,,,,,
171.0,3629,1373461.442353777,1758570921.468141,19091.0,,,,,,,,
172.0,3630,1374327.985344989,1758571788.0153835,19099.0,0.0010000000474974513,0.002673199400305748,0.0015694716712459922,0.003679092274978757,,,,
172.0,3631,1374948.569407682,1758572408.599264,19109.0,0.0010000000474974513,0.002779811853542924,0.00153400469571352,0.004152690526098013,,,,
172.0,3632,1375571.290056995,1758573031.3197522,19119.0,0.0010000000474974513,0.0027430467307567596,0.001527567277662456,0.004051598254591227,,,,
172.0,3633,1376194.557640927,1758573654.5875955,19129.0,0.0010000000474974513,0.002550354227423668,0.0014657180290669203,0.0036154543049633503,,,,
172.0,3634,1376818.655669705,1758574278.6861978,19139.0,0.0010000000474974513,0.0026597436517477036,0.001540681580081582,0.00373020744882524,,,,
172.0,3635,1377443.884474268,1758574903.9148066,19149.0,0.0010000000474974513,0.0025996381882578135,0.0015161990886554122,0.003611463587731123,,,,
172.0,3636,1378066.125834777,1758575526.15589,19159.0,0.0010000000474974513,0.0029501491226255894,0.0018215232994407415,0.0037620863877236843,,,,
172.0,3637,1378689.009752154,1758576149.0393574,19169.0,0.0010000000474974513,0.0025637918151915073,0.0014223395846784115,0.0038048401474952698,,,,
172.0,3638,1379311.251431351,1758576771.2814136,19179.0,0.0010000000474974513,0.002834842773154378,0.0017081575933843851,0.003755617421120405,,,,
172.0,3639,1379866.185478754,1758577326.2153509,19189.0,0.0010000000474974513,0.002822245704010129,0.0016117974882945418,0.004034827463328838,,,,
172.0,3640,1380378.37163686,1758577838.401767,19199.0,0.0010000000474974513,0.0025252094492316246,0.0014760785270482302,0.003497103229165077,,,,
,3641,1381445.399003904,1758578905.4296095,,,,,,,,,
,3642,1381446.681756055,1758578906.7123742,,,,,,,,,
,3643,1381446.686819795,1758578906.717405,,,,,,,,,0.10397792607545853
,3644,1381446.894262584,1758578906.9248872,,,,,,,,,
172.0,3645,1381446.896768813,1758578906.9273427,19202.0,,,,,0.11691654473543167,0.10519956797361374,0.08799901604652405,
,3646,1381447.582005965,1758578907.6125598,,,,,,,,,
,3647,1381448.829950383,1758578908.8605828,,,,,,,,,
,3648,1381448.836469843,1758578908.8670154,,,,,,,,,
,3649,1381449.060755733,1758578909.091398,,,,,,,,,
172.0,3650,1381457.073933658,1758578917.1004465,19202.0,,,,,,,,
173.0,3651,1382262.800140797,1758579722.8301275,19209.0,0.0010000000474974513,0.0028592238668352365,0.0014805393293499947,0.004595614969730377,,,,
173.0,3652,1382889.313346004,1758580349.3437476,19219.0,0.0010000000474974513,0.002778078895062208,0.0015910172369331121,0.003956871572881937,,,,
173.0,3653,1383513.223557686,1758580973.2533445,19229.0,0.0010000000474974513,0.0026202837470918894,0.0014651694800704718,0.003850380890071392,,,,
173.0,3654,1384133.385495454,1758581593.415792,19239.0,0.0010000000474974513,0.002490842482075095,0.0013417666777968407,0.003830252680927515,,,,
173.0,3655,1384758.716324001,1758582218.7459297,19249.0,0.0010000000474974513,0.0027213781140744686,0.0014977485407143831,0.004078765399754047,,,,
173.0,3656,1385384.463081679,1758582844.492952,19259.0,0.0010000000474974513,0.0027480474673211575,0.0015395678346976638,0.004028265364468098,,,,
173.0,3657,1386005.302384693,1758583465.332254,19269.0,0.0010000000474974513,0.0028084670193493366,0.0015178575413301587,0.0043020304292440414,,,,
173.0,3658,1386626.972639599,1758584087.0026486,19279.0,0.0010000000474974513,0.002655457239598036,0.0014374792808666825,0.004059925675392151,,,,
173.0,3659,1387248.100395204,1758584708.130473,19289.0,0.0010000000474974513,0.00256301905028522,0.0014521186240017414,0.003703000955283642,,,,
173.0,3660,1387804.920990549,1758585264.9514818,19299.0,0.0010000000474974513,0.0026169614866375923,0.0014036137145012617,0.0040444922633469105,,,,
173.0,3661,1388314.565491554,1758585774.595553,19309.0,0.0010000000474974513,0.002716263523325324,0.0016293579246848822,0.00362301804125309,,,,
,3662,1389426.096766334,1758586886.127399,,,,,,,,,
,3663,1389427.243563622,1758586887.2741776,,,,,,,,,
,3664,1389427.248728203,1758586887.2793012,,,,,,,,,0.06172781065106392
,3665,1389427.455937332,1758586887.4865782,,,,,,,,,
173.0,3666,1389427.512345721,1758586887.5428195,19313.0,,,,,0.04202769324183464,0.0638616755604744,0.010599087923765182,
,3667,1389428.092183941,1758586888.1228063,,,,,,,,,
,3668,1389429.301681819,1758586889.332324,,,,,,,,,
,3669,1389429.307746956,1758586889.3383152,,,,,,,,,
,3670,1389429.515145023,1758586889.5457528,,,,,,,,,
173.0,3671,1389437.560507661,1758586897.5873506,19313.0,,,,,,,,
174.0,3672,1390177.221831404,1758587637.2519913,19319.0,0.0010000000474974513,0.002671044785529375,0.0013674558140337467,0.004345296416431665,,,,
174.0,3673,1390794.67855431,1758588254.7083142,19329.0,0.0010000000474974513,0.0024250131100416183,0.0013099475763738155,0.0037168851122260094,,,,
174.0,3674,1391411.547935512,1758588871.5776963,19339.0,0.0010000000474974513,0.0029343762435019016,0.0018422245047986507,0.0036405061837285757,,,,
174.0,3675,1392028.715887886,1758589488.7458556,19349.0,0.0010000000474974513,0.002868223935365677,0.001707336399704218,0.0038696250412613153,,,,
174.0,3676,1392645.957451611,1758590105.9874477,19359.0,0.0010000000474974513,0.002714968053624034,0.0015525566413998604,0.0038747049402445555,,,,
174.0,3677,1393266.771450197,1758590726.8014836,19369.0,0.0010000000474974513,0.0028960350900888443,0.0017340718768537045,0.0038732108660042286,,,,
174.0,3678,1393885.129331446,1758591345.159176,19379.0,0.0010000000474974513,0.002619523322209716,0.0014535973314195871,0.00388641981408,,,,
174.0,3679,1394504.444248852,1758591964.4747336,19389.0,0.0010000000474974513,0.002609524643048644,0.001392011297866702,0.00405837781727314,,,,
174.0,3680,1395120.643962086,1758592580.6737034,19399.0,0.0010000000474974513,0.0025500990450382233,0.0015111856628209352,0.003463044762611389,,,,
174.0,3681,1395691.832519087,1758593151.8624594,19409.0,0.0010000000474974513,0.0035434733144938946,0.0023967416491359472,0.003822438884526491,,,,
174.0,3682,1396205.180576296,1758593665.2105544,19419.0,0.0010000000474974513,0.0031874356791377068,0.0019392608664929867,0.00416058162227273,,,,
,3683,1397372.496824986,1758594832.5274198,,,,,,,,,
,3684,1397373.66274482,1758594833.6933885,,,,,,,,,
,3685,1397373.66807587,1758594833.6986287,,,,,,,,,0.03089190647006035
,3686,1397373.879223421,1758594833.9098587,,,,,,,,,
174.0,3687,1397373.896583209,1758594833.9270897,19424.0,,,,,0.0455002561211586,0.03693302720785141,0.008769559673964977,
,3688,1397374.465630646,1758594834.4962687,,,,,,,,,
,3689,1397375.769093546,1758594835.7997255,,,,,,,,,
,3690,1397375.775247271,1758594835.8058255,,,,,,,,,
,3691,1397376.571331198,1758594836.6019871,,,,,,,,,
174.0,3692,1397384.314944271,1758594844.3415055,19424.0,,,,,,,,
175.0,3693,1398065.424844334,1758595525.4549308,19429.0,0.0010000000474974513,0.0027694145683199167,0.0015987539663910866,0.003902202006429434,,,,
175.0,3694,1398681.813122731,1758596141.8429832,19439.0,0.0010000000474974513,0.0030089817009866238,0.0018917610868811607,0.0037240684032440186,,,,
175.0,3695,1399298.384465915,1758596758.4141486,19449.0,0.0010000000474974513,0.0032001235522329807,0.0019653234630823135,0.004116000607609749,,,,
175.0,3696,1399914.45203215,1758597374.4825277,19459.0,0.0010000000474974513,0.0029848390258848667,0.001861603930592537,0.0037441172171384096,,,,
175.0,3697,1400532.703233917,1758597992.7332363,19469.0,0.0010000000474974513,0.002698210533708334,0.001633110223338008,0.003550334135070443,,,,
175.0,3698,1401152.629359931,1758598612.6591606,19479.0,0.0010000000474974513,0.0029275016859173775,0.0016804714687168598,0.004156766925007105,,,,
175.0,3699,1401771.431235768,1758599231.461714,19489.0,0.0010000000474974513,0.0027891574427485466,0.0017058007651939988,0.003611189080402255,,,,
175.0,3700,1402390.469967651,1758599850.4998195,19499.0,0.0010000000474974513,0.002859880216419697,0.0016897140303626657,0.003900553099811077,,,,
175.0,3701,1403010.945887075,1758600470.9757586,19509.0,0.0010000000474974513,0.002619827166199684,0.0015298632206395268,0.0036332127638161182,,,,
175.0,3702,1403594.159402356,1758601054.188709,19519.0,0.0010000000474974513,0.0032591400668025017,0.0018660519272089005,0.004643626511096954,,,,
175.0,3703,1404106.294979024,1758601566.325036,19529.0,0.0010000000474974513,0.0030009339097887278,0.0018115921411663294,0.003964472562074661,,,,
,3704,1405325.50260224,1758602785.5331664,,,,,,,,,
,3705,1405326.679848109,1758602786.7104478,,,,,,,,,
,3706,1405326.684964391,1758602786.7155495,,,,,,,,,0.09581564366817474
,3707,1405326.892709533,1758602786.9232953,,,,,,,,,
175.0,3708,1405327.000325817,1758602787.0307536,19535.0,,,,,0.07329544425010681,0.10097648948431015,0.03657074645161629,
,3709,1405327.577561371,1758602787.6081345,,,,,,,,,
,3710,1405328.766488045,1758602788.7971237,,,,,,,,,
,3711,1405328.773106556,1758602788.803669,,,,,,,,,
,3712,1405328.981697078,1758602789.0122619,,,,,,,,,
175.0,3713,1405336.971257959,1758602796.9980702,19535.0,,,,,,,,
176.0,3714,1405964.014390626,1758603424.044485,19539.0,0.0010000000474974513,0.0026762099005281925,0.001588753191754222,0.0036248548422008753,,,,
176.0,3715,1406585.832741476,1758604045.8626306,19549.0,0.0010000000474974513,0.002827746793627739,0.0016369461081922054,0.003969335928559303,,,,
176.0,3716,1407207.936567222,1758604667.9663458,19559.0,0.0010000000474974513,0.004295581020414829,0.0031069766264408827,0.003962013404816389,,,,
176.0,3717,1407827.574415592,1758605287.6044674,19569.0,0.0010000000474974513,0.0035956059582531452,0.0024311458691954613,0.00388153363019228,,,,
176.0,3718,1408448.60258954,1758605908.6329486,19579.0,0.0010000000474974513,0.0031417084392160177,0.0019473574357107282,0.003981169778853655,,,,
176.0,3719,1409066.950629811,1758606526.980784,19589.0,0.0010000000474974513,0.003157579805701971,0.001986353425309062,0.003904087468981743,,,,
176.0,3720,1409686.373357081,1758607146.4032323,19599.0,0.0010000000474974513,0.00293936999514699,0.0017715791473165154,0.0038926363922655582,,,,
176.0,3721,1410311.29747359,1758607771.3275893,19609.0,0.0010000000474974513,0.0030793962068855762,0.0017509633908048272,0.004428108688443899,,,,
176.0,3722,1410935.697207568,1758608395.7262363,19619.0,0.0010000000474974513,0.0036449118051677942,0.0023132851347327232,0.004438756033778191,,,,
176.0,3723,1411531.88879909,1758608991.918959,19629.0,0.0010000000474974513,0.004075157456099987,0.0027205441147089005,0.004515377804636955,,,,
176.0,3724,1412044.59795213,1758609504.627849,19639.0,0.0010000000474974513,0.005803963635116816,0.004350309260189533,0.004845513962209225,,,,
,3725,1413312.806177908,1758610772.8368084,,,,,,,,,
,3726,1413313.983678273,1758610774.0143132,,,,,,,,,
,3727,1413313.989237757,1758610774.019791,,,,,,,,,0.11337827146053314
,3728,1413314.197848069,1758610774.228492,,,,,,,,,
176.0,3729,1413314.819009562,1758610774.8495038,19646.0,,,,,0.04655706509947777,0.11198333650827408,0.009788590483367443,
,3730,1413315.454787861,1758610775.48537,,,,,,,,,
,3731,1413316.669063585,1758610776.6996891,,,,,,,,,
,3732,1413316.675650767,1758610776.7061822,,,,,,,,,
,3733,1413316.885732837,1758610776.9163468,,,,,,,,,
176.0,3734,1413324.895725546,1758610784.9224703,19646.0,,,,,,,,
177.0,3735,1413879.619001015,1758611339.6493406,19649.0,0.0010000000474974513,0.0033245296217501163,0.0022347455378621817,0.003632613690569997,,,,
177.0,3736,1414505.045332966,1758611965.075356,19659.0,0.0010000000474974513,0.004691240843385458,0.0036424673162400723,0.0034959104377776384,,,,
177.0,3737,1415131.41934371,1758612591.4494052,19669.0,0.0010000000474974513,0.005018680356442928,0.003900845069438219,0.0037261182442307472,,,,
177.0,3738,1415757.379091193,1758613217.40911,19679.0,0.0010000000474974513,0.0032102675177156925,0.002155835507437587,0.0035147734452039003,,,,
177.0,3739,1416377.932508686,1758613837.962122,19689.0,0.0010000000474974513,0.0035211832728236914,0.002208165591582656,0.004376724828034639,,,,
177.0,3740,1417002.938802367,1758614462.968639,19699.0,0.0010000000474974513,0.003205353394150734,0.002042232546955347,0.003877068869769573,,,,
177.0,3741,1417627.951799197,1758615087.9820402,19709.0,0.0010000000474974513,0.0029514729976654053,0.0017823332455009222,0.003897131886333227,,,,
177.0,3742,1418253.635832756,1758615713.665638,19719.0,0.0010000000474974513,0.0031495969742536545,0.0019185227574780583,0.0041035800240933895,,,,
177.0,3743,1418881.116404046,1758616341.1456978,19729.0,0.0010000000474974513,0.002699882024899125,0.0016597453504800797,0.003467122558504343,,,,
177.0,3744,1419490.341233497,1758616950.3712523,19739.0,0.0010000000474974513,0.002587356371805072,0.0014776343014091253,0.003699073102325201,,,,
177.0,3745,1420007.704090484,1758617467.734256,19749.0,0.0010000000474974513,0.0032675829716026783,0.0019178485963493586,0.004499114118516445,,,,
,3746,1421332.933887363,1758618792.9644904,,,,,,,,,
,3747,1421334.049725421,1758618794.080354,,,,,,,,,
,3748,1421334.055090535,1758618794.0856583,,,,,,,,,0.11906112730503082
,3749,1421334.869773268,1758618794.9004116,,,,,,,,,
177.0,3750,1421334.872757878,1758618794.9032881,19757.0,,,,,0.04418959096074104,0.09935028105974197,0.008980619721114635,
,3751,1421335.480377085,1758618795.5109534,,,,,,,,,
,3752,1421336.712507632,1758618796.743148,,,,,,,,,
,3753,1421336.718582775,1758618796.749152,,,,,,,,,
,3754,1421336.92510027,1758618796.955717,,,,,,,,,
177.0,3755,1421345.229515901,1758618805.2559645,19757.0,,,,,,,,
178.0,3756,1421838.488970811,1758619298.5188634,19759.0,0.0010000000474974513,0.002858757972717285,0.001676303567364812,0.003941514529287815,,,,
178.0,3757,1422461.039472515,1758619921.069149,19769.0,0.0010000000474974513,0.003138664411380887,0.0019059170735999942,0.004109158180654049,,,,
178.0,3758,1423083.287543925,1758620543.3172002,19779.0,0.0010000000474974513,0.0029422289226204157,0.0016742544248700142,0.004226581193506718,,,,
178.0,3759,1423705.174027322,1758621165.2043707,19789.0,0.0010000000474974513,0.0027677020989358425,0.0016212016344070435,0.0038216677494347095,,,,
178.0,3760,1424332.016875352,1758621792.0467224,19799.0,0.0010000000474974513,0.0030180064495652914,0.0017243953188881278,0.0043120370246469975,,,,
178.0,3761,1424958.161775901,1758622418.1917799,19809.0,0.0010000000474974513,0.003292439505457878,0.0019864575006067753,0.004353273659944534,,,,
178.0,3762,1425584.115058654,1758623044.1451318,19819.0,0.0010000000474974513,0.0027661456260830164,0.0016599750379100442,0.003687235526740551,,,,
178.0,3763,1426213.9482672,1758623673.977897,19829.0,0.0010000000474974513,0.0032146647572517395,0.0019239210523664951,0.004302479326725006,,,,
178.0,3764,1426837.879738418,1758624297.9099362,19839.0,0.0010000000474974513,0.0026952659245580435,0.0015852107899263501,0.00370018370449543,,,,
178.0,3765,1427455.994617612,1758624916.0245068,19849.0,0.0010000000474974513,0.002867788076400757,0.0017160851275548339,0.0038390096742659807,,,,
178.0,3766,1427973.788588847,1758625433.8184762,19859.0,0.0010000000474974513,0.0031400020234286785,0.0019718757830560207,0.0038937535136938095,,,,
,3767,1429350.790965838,1758626810.809142,,,,,,,,,
,3768,1429351.992086538,1758626812.022727,,,,,,,,,
,3769,1429351.997716807,1758626812.0282815,,,,,,,,,0.06462841480970383
,3770,1429352.208388561,1758626812.239001,,,,,,,,,
178.0,3771,1429352.229537055,1758626812.2600076,19868.0,,,,,0.04577203467488289,0.07376720756292343,0.004467987455427647,
,3772,1429352.801419536,1758626812.8320086,,,,,,,,,
,3773,1429354.011899632,1758626814.042527,,,,,,,,,
,3774,1429354.018407677,1758626814.048974,,,,,,,,,
,3775,1429354.228264132,1758626814.2589025,,,,,,,,,
178.0,3776,1429362.295458678,1758626822.3216987,19868.0,,,,,,,,
179.0,3777,1429805.45240286,1758627265.4823942,19869.0,0.0010000000474974513,0.003322978038340807,0.0021939692087471485,0.0037633622996509075,,,,
179.0,3778,1430424.734409783,1758627884.763993,19879.0,0.0010000000474974513,0.0031143352389335632,0.0019427896477282047,0.0039051519706845284,,,,
179.0,3779,1431047.093796699,1758628507.1237915,19889.0,0.0010000000474974513,0.0029074379708617926,0.0018271206645295024,0.0036010576877743006,,,,
179.0,3780,1431671.850459616,1758629131.8803878,19899.0,0.0010000000474974513,0.0030385246500372887,0.0019047060050070286,0.0037793961819261312,,,,
179.0,3781,1432296.194943997,1758629756.2250605,19909.0,0.0010000000474974513,0.0031913670245558023,0.0019306580070406199,0.004202363546937704,,,,
179.0,3782,1432919.830283548,1758630379.8600829,19919.0,0.0010000000474974513,0.003166688373312354,0.0018374635837972164,0.004430748522281647,,,,
179.0,3783,1433543.736085633,1758631003.76613,19929.0,0.0010000000474974513,0.0029759712051600218,0.0018220681231468916,0.0038463431410491467,,,,
179.0,3784,1434168.933572131,1758631628.9634225,19939.0,0.0010000000474974513,0.002994037698954344,0.0017587110633030534,0.004117755685001612,,,,
179.0,3785,1434791.504151948,1758632251.5341105,19949.0,0.0010000000474974513,0.0039012893103063107,0.0028004548512399197,0.00366944819688797,,,,
179.0,3786,1435418.129804226,1758632878.1597152,19959.0,0.0010000000474974513,0.0031588361598551273,0.0019207881996408105,0.004126826301217079,,,,
179.0,3787,1435940.578329782,1758633400.608551,19969.0,0.0010000000474974513,0.0029728137888014317,0.0018295187037438154,0.0038109836168587208,,,,
179.0,3788,1436443.141593034,1758633903.1718986,19979.0,0.0010000000474974513,0.0031523527577519417,0.0019100569188594818,0.004140985198318958,,,,
,3789,1437365.917127331,1758634825.947755,,,,,,,,,
,3790,1437367.148789518,1758634827.1794302,,,,,,,,,
,3791,1437367.154445027,1758634827.185004,,,,,,,,,0.13418155908584595
,3792,1437367.363649749,1758634827.3942945,,,,,,,,,
179.0,3793,1437367.433353108,1758634827.4637463,19979.0,,,,,0.03258274495601654,0.12996983528137207,0.004237571265548468,
,3794,1437368.026706673,1758634828.0573163,,,,,,,,,
,3795,1437369.243918588,1758634829.2745106,,,,,,,,,
,3796,1437369.250181945,1758634829.2807794,,,,,,,,,
,3797,1437369.457982362,1758634829.488589,,,,,,,,,
179.0,3798,1437378.092043676,1758634838.118055,19979.0,,,,,,,,
180.0,3799,1438374.772374457,1758635834.802423,19989.0,0.0010000000474974513,0.002847576979547739,0.0016905509401112795,0.0038567534647881985,,,,
180.0,3800,1438998.72840985,1758636458.7580047,19999.0,0.0010000000474974513,0.0027047593612223864,0.0015434633241966367,0.003870986867696047,,,,
180.0,3801,1439624.124439578,1758637084.1539662,20009.0,0.0010000000474974513,0.002758670598268509,0.0015510221710428596,0.004025494679808617,,,,
180.0,3802,1440248.713894451,1758637708.7442374,20019.0,0.0010000000474974513,0.002437208779156208,0.0014192131347954273,0.003393318969756365,,,,
180.0,3803,1440873.019591654,1758638333.0493746,20029.0,0.0010000000474974513,0.0034220251254737377,0.0019632575567811728,0.00486255856230855,,,,
180.0,3804,1441497.457987115,1758638957.487737,20039.0,0.0010000000474974513,0.003057389985769987,0.0017473157495260239,0.004366913810372353,,,,
180.0,3805,1442124.862432355,1758639584.8922489,20049.0,0.0010000000474974513,0.0024743578396737576,0.0014033204643055797,0.0035701249726116657,,,,
180.0,3806,1442749.013297696,1758640209.0430508,20059.0,0.0010000000474974513,0.002626996487379074,0.0015673914458602667,0.0035320166498422623,,,,
180.0,3807,1443373.18358934,1758640833.2134612,20069.0,0.0010000000474974513,0.0026048908475786448,0.0015353499911725521,0.0035651354119181633,,,,
180.0,3808,1443904.982469446,1758641365.012848,20079.0,0.0010000000474974513,0.0026406515389680862,0.0014560166746377945,0.003948782570660114,,,,
180.0,3809,1444418.935284251,1758641878.9652536,20089.0,0.0010000000474974513,0.0028395976405590773,0.0017175487009808421,0.0037401625886559486,,,,
,3810,1445385.686003853,1758642845.7160213,,,,,,,,,
,3811,1445386.857266586,1758642846.8878658,,,,,,,,,
,3812,1445386.862407079,1758642846.8929915,,,,,,,,,0.11528840661048889
,3813,1445387.06971207,1758642847.1003485,,,,,,,,,
180.0,3814,1445387.072372371,1758642847.1029167,20090.0,,,,,0.05108987167477608,0.1087745800614357,0.015603011474013329,
,3815,1445387.704049927,1758642847.7346025,,,,,,,,,
,3816,1445388.898855806,1758642848.9295022,,,,,,,,,
,3817,1445388.905659066,1758642848.9362137,,,,,,,,,
,3818,1445389.115041327,1758642849.1456602,,,,,,,,,
180.0,3819,1445397.031769794,1758642857.0577352,20090.0,,,,,,,,
181.0,3820,1446333.14813137,1758643793.178282,20099.0,0.0010000000474974513,0.002864304231479764,0.0015807667514309287,0.004278457723557949,,,,
181.0,3821,1446957.636958431,1758644417.6670825,20109.0,0.0010000000474974513,0.002685817889869213,0.0013846202054992318,0.004337324760854244,,,,
181.0,3822,1447584.244417862,1758645044.2742338,20119.0,0.0010000000474974513,0.0026300507597625256,0.0015399171970784664,0.003633778542280197,,,,
181.0,3823,1448206.187371484,1758645666.216951,20129.0,0.0010000000474974513,0.002695514587685466,0.0014425322879105806,0.004176607355475426,,,,
181.0,3824,1448830.604450599,1758646290.6343822,20139.0,0.0010000000474974513,0.0027868435718119144,0.0014785295352339745,0.004361046943813562,,,,
181.0,3825,1449453.545505161,1758646913.5750625,20149.0,0.0010000000474974513,0.0029018023051321507,0.0014588419580832124,0.004809868056327105,,,,
181.0,3826,1450079.251287833,1758647539.2812364,20159.0,0.0010000000474974513,0.002994630252942443,0.0016331968363374472,0.004538111388683319,,,,
181.0,3827,1450708.574969709,1758648168.6048684,20169.0,0.0010000000474974513,0.0027982876636087894,0.0015632082941010594,0.00411693099886179,,,,
181.0,3828,1451333.866105264,1758648793.8963168,20179.0,0.0010000000474974513,0.0025517859030514956,0.0014569589402526617,0.0036494224332273006,,,,
181.0,3829,1451877.311239994,1758649337.3415449,20189.0,0.0010000000474974513,0.0025947648100554943,0.0015374780632555485,0.003524289233610034,,,,
181.0,3830,1452392.670240987,1758649852.7002873,20199.0,0.0010000000474974513,0.0026325806975364685,0.0014143805019557476,0.004060667008161545,,,,
,3831,1453410.946122154,1758650870.9766562,,,,,,,,,
,3832,1453412.106415126,1758650872.1370025,,,,,,,,,
,3833,1453412.111692608,1758650872.1422508,,,,,,,,,0.06886554509401321
,3834,1453412.321081312,1758650872.351727,,,,,,,,,
181.0,3835,1453412.343784043,1758650872.3742783,20201.0,,,,,0.043468207120895386,0.07201239466667175,0.012867221608757973,
,3836,1453412.944478565,1758650872.975015,,,,,,,,,
,3837,1453414.199299383,1758650874.2299435,,,,,,,,,
,3838,1453414.205635379,1758650874.2362106,,,,,,,,,
,3839,1453414.412253954,1758650874.4429038,,,,,,,,,
181.0,3840,1453422.842281047,1758650882.868847,20201.0,,,,,,,,
182.0,3841,1454284.064391487,1758651744.0948744,20209.0,0.0010000000474974513,0.0033162564504891634,0.002226931741461158,0.0036310821305960417,,,,
182.0,3842,1454908.380559041,1758652368.4104881,20219.0,0.0010000000474974513,0.0029480531811714172,0.001721543725579977,0.004088364541530609,,,,
182.0,3843,1455532.340548078,1758652992.3706846,20229.0,0.0010000000474974513,0.0023531594779342413,0.0013613264309242368,0.0033061099238693714,,,,
182.0,3844,1456157.272982744,1758653617.302932,20239.0,0.0010000000474974513,0.004372614901512861,0.003231016220524907,0.0038053288590162992,,,,
182.0,3845,1456785.181589148,1758654245.2115448,20249.0,0.0010000000474974513,0.0032472643069922924,0.002000892534852028,0.0041545722633600235,,,,
182.0,3846,1457412.074545821,1758654872.1045678,20259.0,0.0010000000474974513,0.003257372882217169,0.0020502666011452675,0.004023687914013863,,,,
182.0,3847,1458037.795311177,1758655497.8252969,20269.0,0.0010000000474974513,0.003615823807194829,0.0022365988697856665,0.0045974161475896835,,,,
182.0,3848,1458661.12572648,1758656121.1560354,20279.0,0.0010000000474974513,0.002968778135254979,0.001761907828040421,0.0040229009464383125,,,,
182.0,3849,1459283.325061513,1758656743.3550334,20289.0,0.0010000000474974513,0.003463280387222767,0.00223449245095253,0.004095958545804024,,,,
182.0,3850,1459838.905519912,1758657298.9354534,20299.0,0.0010000000474974513,0.0031974059529602528,0.0019435074646025896,0.004179661627858877,,,,
182.0,3851,1460355.674031903,1758657815.7043679,20309.0,0.0010000000474974513,0.003124519716948271,0.0018720608204603195,0.004174862522631884,,,,
,3852,1461426.608753171,1758658886.6393485,,,,,,,,,
,3853,1461427.729675464,1758658887.7603092,,,,,,,,,
,3854,1461427.735020047,1758658887.765576,,,,,,,,,0.11173923313617706
,3855,1461427.943822487,1758658887.97446,,,,,,,,,
182.0,3856,1461428.046516702,1758658888.0770133,20312.0,,,,,0.04880470409989357,0.12700214982032776,0.01679852046072483,
,3857,1461428.683284179,1758658888.713862,,,,,,,,,
,3858,1461429.934594701,1758658889.965229,,,,,,,,,
,3859,1461429.940727313,1758658889.971308,,,,,,,,,
,3860,1461430.152449752,1758658890.183077,,,,,,,,,
182.0,3861,1461438.646522008,1758658898.6723049,20312.0,,,,,,,,
183.0,3862,1462244.175778797,1758659704.2062786,20319.0,0.0010000000474974513,0.0029507786966860294,0.001801100093871355,0.0038322615437209606,,,,
183.0,3863,1462867.110925086,1758660327.1409998,20329.0,0.0010000000474974513,0.0027889159973710775,0.0016884971410036087,0.003668062621727586,,,,
183.0,3864,1463488.58461855,1758660948.6142147,20339.0,0.0010000000474974513,0.00293214269913733,0.0017617354169487953,0.0039013575296849012,,,,
183.0,3865,1464114.187806407,1758661574.2174406,20349.0,0.0010000000474974513,0.002857419429346919,0.0016753787640482187,0.003940135706216097,,,,
183.0,3866,1464738.98006341,1758662199.0101643,20359.0,0.0010000000474974513,0.0027491969522088766,0.0016067202668637037,0.0038082546088844538,,,,
183.0,3867,1465361.904665196,1758662821.9345388,20369.0,0.0010000000474974513,0.0033552302047610283,0.0021976802963763475,0.003858499927446246,,,,
183.0,3868,1465987.871544296,1758663447.9014356,20379.0,0.0010000000474974513,0.002932238392531872,0.0017947154119610786,0.0037917429581284523,,,,
183.0,3869,1466613.364557936,1758664073.3944857,20389.0,0.0010000000474974513,0.0028441441245377064,0.0016719838604331017,0.003907199949026108,,,,
183.0,3870,1467238.290099852,1758664698.3199606,20399.0,0.0010000000474974513,0.002869489137083292,0.0016057353932410479,0.004212511703372002,,,,
183.0,3871,1467802.033997934,1758665262.06438,20409.0,0.0010000000474974513,0.0027579793240875006,0.0016964621609076858,0.0035383899230509996,,,,
183.0,3872,1468314.6600069,1758665774.689953,20419.0,0.0010000000474974513,0.002790935803204775,0.0016654332866892219,0.0037516748998314142,,,,
,3873,1469426.971674094,1758666887.0023038,,,,,,,,,
,3874,1469428.132624795,1758666888.1632643,,,,,,,,,
,3875,1469428.13798887,1758666888.1685472,,,,,,,,,0.08425382524728775
,3876,1469428.343634173,1758666888.374281,,,,,,,,,
183.0,3877,1469428.389427748,1758666888.419949,20423.0,,,,,0.052227798849344254,0.085727758705616,0.01882052980363369,
,3878,1469428.975886571,1758666889.006531,,,,,,,,,
,3879,1469430.075554418,1758666890.1061628,,,,,,,,,
,3880,1469430.082082958,1758666890.1126735,,,,,,,,,
,3881,1469430.295238642,1758666890.325851,,,,,,,,,
183.0,3882,1469438.308942502,1758666898.335669,20423.0,,,,,,,,
184.0,3883,1470183.64033092,1758667643.6706886,20429.0,0.0010000000474974513,0.0023856917396187782,0.001369802514091134,0.0033862972632050514,,,,
184.0,3884,1470811.343743374,1758668271.373671,20439.0,0.0010000000474974513,0.002504647709429264,0.001390475663356483,0.0037139065098017454,,,,
184.0,3885,1471437.428062829,1758668897.457929,20449.0,0.0010000000474974513,0.0026772574055939913,0.0015549780800938606,0.0037409309297800064,,,,
184.0,3886,1472062.409076734,1758669522.4389694,20459.0,0.0010000000474974513,0.0028039729222655296,0.0015803592978045344,0.00407871138304472,,,,
184.0,3887,1472688.00660731,1758670148.0361311,20469.0,0.0010000000474974513,0.002615083009004593,0.0013125856639817357,0.004341657739132643,,,,
184.0,3888,1473311.330048271,1758670771.3601215,20479.0,0.0010000000474974513,0.00260036438703537,0.001463511260226369,0.0037895101122558117,,,,
184.0,3889,1473937.578796844,1758671397.6087475,20489.0,0.0010000000474974513,0.0027175862342119217,0.0013839593157172203,0.004445423372089863,,,,
184.0,3890,1474564.438051711,1758672024.467592,20499.0,0.0010000000474974513,0.002464235294610262,0.0013636209769174457,0.003668713616207242,,,,
184.0,3891,1475188.854142404,1758672648.8839412,20509.0,0.0010000000474974513,0.0027619495522230864,0.001483614556491375,0.0042611174285411835,,,,
184.0,3892,1475766.042738792,1758673226.072926,20519.0,0.0010000000474974513,0.002644092310220003,0.001453788485378027,0.003967679105699062,,,,
184.0,3893,1476282.128417559,1758673742.15847,20529.0,0.0010000000474974513,0.0024499106220901012,0.0013793122489005327,0.003568660467863083,,,,
,3894,1477454.477771824,1758674914.5083342,,,,,,,,,
,3895,1477455.632730363,1758674915.663357,,,,,,,,,
,3896,1477455.638313014,1758674915.6688669,,,,,,,,,0.12581077218055725
,3897,1477455.849828182,1758674915.8804436,,,,,,,,,
184.0,3898,1477455.886479407,1758674915.917023,20534.0,,,,,0.0409107469022274,0.1316874623298645,0.0076946113258600235,
,3899,1477456.464970867,1758674916.4956021,,,,,,,,,
,3900,1477457.613419667,1758674917.6440585,,,,,,,,,
,3901,1477457.619756865,1758674917.6503181,,,,,,,,,
,3902,1477457.829844077,1758674917.8604834,,,,,,,,,
184.0,3903,1477465.758669561,1758674925.7853203,20534.0,,,,,,,,
185.0,3904,1478151.703333584,1758675611.7333133,20539.0,0.0010000000474974513,0.002670247107744217,0.0016716663958504796,0.00332860229536891,,,,
185.0,3905,1478776.433561756,1758676236.462979,20549.0,0.0010000000474974513,0.003364304080605507,0.0022720424458384514,0.003640871960669756,,,,
185.0,3906,1479395.004726914,1758676855.0345995,20559.0,0.0010000000474974513,0.002643262268975377,0.0015362997073680162,0.003689875127747655,,,,
185.0,3907,1480013.192828865,1758677473.221563,20569.0,0.0010000000474974513,0.002758462680503726,0.0015884025488048792,0.0039002010598778725,,,,
185.0,3908,1480636.635522504,1758678096.6651542,20579.0,0.0010000000474974513,0.002719003241509199,0.0014853171305730939,0.00411228695884347,,,,
185.0,3909,1481260.627263323,1758678720.657757,20589.0,0.0010000000474974513,0.002895739860832691,0.001585214282386005,0.004368417896330357,,,,
185.0,3910,1481880.302318822,1758679340.3322656,20599.0,0.0010000000474974513,0.002712321002036333,0.0015342209953814745,0.00392700033262372,,,,
185.0,3911,1482505.582653687,1758679965.613154,20609.0,0.0010000000474974513,0.0029487134888768196,0.0017146379686892033,0.004113584756851196,,,,
185.0,3912,1483126.536383871,1758680586.566339,20619.0,0.0010000000474974513,0.0028677969239652157,0.0017953786300495267,0.003574727103114128,,,,
185.0,3913,1483709.33061384,1758681169.3608856,20629.0,0.0010000000474974513,0.0026484138797968626,0.0015142810298129916,0.0037804418243467808,,,,
185.0,3914,1484225.638212339,1758681685.6685898,20639.0,0.0010000000474974513,0.0027874584775418043,0.0016726409085094929,0.003716058563441038,,,,
,3915,1485443.855155696,1758682903.8857112,,,,,,,,,
,3916,1485445.091554428,1758682905.122202,,,,,,,,,
,3917,1485445.096987799,1758682905.127546,,,,,,,,,0.11733381450176239
,3918,1485445.30420753,1758682905.3348353,,,,,,,,,
185.0,3919,1485445.306756151,1758682905.3372965,20645.0,,,,,0.03673700988292694,0.11649887263774872,0.008103151805698872,
,3920,1485445.952103183,1758682905.982672,,,,,,,,,
,3921,1485447.64293903,1758682907.6735744,,,,,,,,,
,3922,1485447.64946604,1758682907.6800258,,,,,,,,,
,3923,1485447.858584132,1758682907.8892515,,,,,,,,,
185.0,3924,1485455.746177788,1758682915.772503,20645.0,,,,,,,,
186.0,3925,1486068.616363347,1758683528.6462781,20649.0,0.0010000000474974513,0.0024632373824715614,0.001347449142485857,0.003719293512403965,,,,
186.0,3926,1486691.619653747,1758684151.6496081,20659.0,0.0010000000474974513,0.0024455871898680925,0.0012993767159059644,0.0038207010366022587,,,,
186.0,3927,1487315.280079469,1758684775.3103268,20669.0,0.0010000000474974513,0.0029566737357527018,0.0016969770658761263,0.00419898796826601,,,,
186.0,3928,1487938.883080171,1758685398.9128568,20679.0,0.0010000000474974513,0.002856337931007147,0.0015976433642208576,0.0041956473141908646,,,,
186.0,3929,1488561.529144784,1758686021.5592716,20689.0,0.0010000000474974513,0.0027692727744579315,0.001632602303288877,0.003788901725783944,,,,
186.0,3930,1489180.38374255,1758686640.4137268,20699.0,0.0010000000474974513,0.00271030655130744,0.0014971427153795958,0.0040438794530928135,,,,
186.0,3931,1489800.006127205,1758687260.0357206,20709.0,0.0010000000474974513,0.0025789772626012564,0.0014509102329611778,0.0037602228112518787,,,,
186.0,3932,1490421.076599112,1758687881.106548,20719.0,0.0010000000474974513,0.0024597886949777603,0.0013709887862205505,0.003629333106800914,,,,
186.0,3933,1491041.984083464,1758688502.013853,20729.0,0.0010000000474974513,0.0026924586854875088,0.0014479898381978273,0.0041482290253043175,,,,
186.0,3934,1491635.572696826,1758689095.60287,20739.0,0.0010000000474974513,0.002962468657642603,0.001607785583473742,0.004515610635280609,,,,
186.0,3935,1492149.694348919,1758689609.7246354,20749.0,0.0010000000474974513,0.002880353946238756,0.001562220393680036,0.004393778275698423,,,,
,3936,1493412.640203086,1758690872.6708298,,,,,,,,,
,3937,1493413.756828662,1758690873.7874644,,,,,,,,,
,3938,1493413.76222383,1758690873.792779,,,,,,,,,0.07920774817466736
,3939,1493413.969486347,1758690874.000082,,,,,,,,,
186.0,3940,1493414.114593119,1758690874.1450882,20756.0,,,,,0.052647192031145096,0.0788540318608284,0.02475849539041519,
,3941,1493414.735741573,1758690874.7663057,,,,,,,,,
,3942,1493415.903635363,1758690875.9342477,,,,,,,,,
,3943,1493415.909622928,1758690875.9401968,,,,,,,,,
,3944,1493416.120489044,1758690876.1511009,,,,,,,,,
186.0,3945,1493424.588175826,1758690884.615323,20756.0,,,,,,,,
187.0,3946,1493961.56736625,1758691421.5978472,20759.0,0.0010000000474974513,0.0023576291278004646,0.0012530215317383409,0.003682025009766221,,,,
187.0,3947,1494579.381219296,1758692039.4116027,20769.0,0.0010000000474974513,0.0024328995496034622,0.0012339928653091192,0.003996356390416622,,,,
187.0,3948,1495201.596724595,1758692661.6269383,20779.0,0.0010000000474974513,0.002440050942823291,0.0012011107755824924,0.004129800014197826,,,,
187.0,3949,1495823.572460552,1758693283.602173,20789.0,0.0010000000474974513,0.0026837883051484823,0.0014531882479786873,0.004102000966668129,,,,
187.0,3950,1496443.887617512,1758693903.9171364,20799.0,0.0010000000474974513,0.0024395622313022614,0.0013574018375948071,0.0036072006914764643,,,,
187.0,3951,1497064.309949965,1758694524.339851,20809.0,0.0010000000474974513,0.0023548684548586607,0.0013096830807626247,0.00348395062610507,,,,
187.0,3952,1497683.492772851,1758695143.522848,20819.0,0.0010000000474974513,0.002422317862510681,0.0012655530590564013,0.0038558817468583584,,,,
187.0,3953,1498306.251153814,1758695766.2811482,20829.0,0.0010000000474974513,0.0028861435130238533,0.0015114180278033018,0.004582418128848076,,,,
187.0,3954,1498930.605429034,1758696390.6356378,20839.0,0.0010000000474974513,0.0028859872836619616,0.0014346000971272588,0.004837956745177507,,,,
187.0,3955,1499533.874576815,1758696993.9045863,20849.0,0.0010000000474974513,0.002524652751162648,0.001274803769774735,0.004166162572801113,,,,
187.0,3956,1500047.507523292,1758697507.537507,20859.0,0.0010000000474974513,0.00248405197635293,0.0012870501959696412,0.003990005701780319,,,,
,3957,1501369.805265509,1758698829.8358874,,,,,,,,,
,3958,1501370.968547966,1758698830.9991944,,,,,,,,,
,3959,1501370.973645989,1758698831.0042117,,,,,,,,,0.061945829540491104
,3960,1501371.183789924,1758698831.2143917,,,,,,,,,
187.0,3961,1501371.21283598,1758698831.2433991,20867.0,,,,,0.05496956408023834,0.0599244087934494,0.02424241043627262,
,3962,1501371.858480275,1758698831.8890662,,,,,,,,,
,3963,1501373.011587653,1758698833.0422344,,,,,,,,,
,3964,1501373.018165657,1758698833.0487428,,,,,,,,,
,3965,1501373.227315594,1758698833.2579339,,,,,,,,,
187.0,3966,1501381.888427424,1758698841.9144154,20867.0,,,,,,,,
188.0,3967,1501874.000890803,1758699334.030757,20869.0,0.0010000000474974513,0.0023390259593725204,0.0013101967051625252,0.0034294307697564363,,,,
188.0,3968,1502493.236220475,1758699953.2661796,20879.0,0.0010000000474974513,0.0024874743539839983,0.0013434217544272542,0.0038135084323585033,,,,
188.0,3969,1503112.428115217,1758700572.4581196,20889.0,0.0010000000474974513,0.00249158195219934,0.0012304645497351885,0.004203724674880505,,,,
188.0,3970,1503734.728283141,1758701194.7584887,20899.0,0.0010000000474974513,0.0022648577578365803,0.0012290668673813343,0.003452636068686843,,,,
188.0,3971,1504357.699049824,1758701817.7286692,20909.0,0.0010000000474974513,0.0023772353306412697,0.0012378636747598648,0.003797905519604683,,,,
188.0,3972,1504981.123324015,1758702441.1533015,20919.0,0.0010000000474974513,0.002493910491466522,0.0012854925589635968,0.004028060007840395,,,,
188.0,3973,1505602.03994869,1758703062.070395,20929.0,0.0010000000474974513,0.0022278577089309692,0.0012497679563239217,0.0032602986320853233,,,,
188.0,3974,1506224.274310599,1758703684.3048158,20939.0,0.0010000000474974513,0.0027156895957887173,0.0015007529873400927,0.004049788694828749,,,,
188.0,3975,1506845.840600376,1758704305.8705163,20949.0,0.0010000000474974513,0.0024333465844392776,0.0012420548591762781,0.003970972262322903,,,,
188.0,3976,1507465.50613276,1758704925.5364137,20959.0,0.0010000000474974513,0.0030582891777157784,0.00153360515832901,0.005082279443740845,,,,
188.0,3977,1507980.312353586,1758705440.3425379,20969.0,0.0010000000474974513,0.002598164137452841,0.0013968388084322214,0.004004416987299919,,,,
,3978,1509346.357441803,1758706806.3880138,,,,,,,,,
,3979,1509347.571590808,1758706807.6022,,,,,,,,,
,3980,1509347.577106051,1758706807.60763,,,,,,,,,0.06861532479524612
,3981,1509348.40585011,1758706808.4364986,,,,,,,,,
188.0,3982,1509348.408568273,1758706808.4391026,20978.0,,,,,0.0925363227725029,0.08819343894720078,0.06372179090976715,
,3983,1509349.051725058,1758706809.0823255,,,,,,,,,
,3984,1509350.230445856,1758706810.2610657,,,,,,,,,
,3985,1509350.237049316,1758706810.2676463,,,,,,,,,
,3986,1509350.452928625,1758706810.4835093,,,,,,,,,
188.0,3987,1509358.507385072,1758706818.5316658,20978.0,,,,,,,,
189.0,3988,1509795.528943401,1758707255.5593128,20979.0,0.0010000000474974513,0.002191320527344942,0.001178934471681714,0.0033746203407645226,,,,
189.0,3989,1510411.054036393,1758707871.0841231,20989.0,0.0010000000474974513,0.002439195988699794,0.0012988433009013534,0.0038011749275028706,,,,
189.0,3990,1511029.360259315,1758708489.3900194,20999.0,0.0010000000474974513,0.0025849314406514168,0.0013067994732409716,0.004260438960045576,,,,
189.0,3991,1511645.289666262,1758709105.319694,21009.0,0.0010000000474974513,0.002356127370148897,0.0012701611267402768,0.0036198869347572327,,,,
189.0,3992,1512260.003697885,1758709720.034011,21019.0,0.0010000000474974513,0.0026969611644744873,0.0015048147179186344,0.003973821178078651,,,,
189.0,3993,1512878.077249357,1758710338.1069949,21029.0,0.0010000000474974513,0.0023331220727413893,0.0012434783857315779,0.003632145933806896,,,,
189.0,3994,1513496.901031935,1758710956.9306097,21039.0,0.0010000000474974513,0.002497644629329443,0.0012563306372612715,0.004137712996453047,,,,
189.0,3995,1514118.689026657,1758711578.7186944,21049.0,0.0010000000474974513,0.0022647338919341564,0.001224667765200138,0.0034668867010623217,,,,
189.0,3996,1514735.788370227,1758712195.818367,21059.0,0.0010000000474974513,0.002486912067979574,0.0013654277427121997,0.003738280851393938,,,,
189.0,3997,1515353.328332486,1758712813.3581471,21069.0,0.0010000000474974513,0.002265586983412504,0.00128745730035007,0.003260432742536068,,,,
189.0,3998,1515867.409261091,1758713327.4394937,21079.0,0.0010000000474974513,0.0029267258942127228,0.0016613650368526578,0.004217870067805052,,,,
189.0,3999,1516362.534917573,1758713822.564903,21089.0,0.0010000000474974513,0.0026652582455426455,0.0015376477967947721,0.0037587012629956007,,,,
,4000,1517273.992255947,1758714734.0228739,,,,,,,,,
,4001,1517275.224514546,1758714735.2551541,,,,,,,,,
,4002,1517275.229779714,1758714735.2603467,,,,,,,,,0.08722498267889023
,4003,1517275.436312652,1758714735.4669502,,,,,,,,,
189.0,4004,1517275.438922338,1758714735.469467,21089.0,,,,,0.039628807455301285,0.09666551649570465,0.012613982893526554,
,4005,1517276.036226593,1758714736.0667915,,,,,,,,,
,4006,1517277.239520275,1758714737.2701612,,,,,,,,,
,4007,1517277.246002675,1758714737.2765503,,,,,,,,,
,4008,1517277.454999803,1758714737.4856415,,,,,,,,,
189.0,4009,1517285.500840576,1758714745.5258577,21089.0,,,,,,,,
190.0,4010,1518271.904023042,1758715731.9329312,21099.0,0.0010000000474974513,0.0024043561425060034,0.0012233000015839934,0.003936853725463152,,,,
190.0,4011,1518890.386379745,1758716350.4162815,21109.0,0.0010000000474974513,0.0025404845364391804,0.0012868911726400256,0.00417864415794611,,,,
190.0,4012,1519506.16401913,1758716966.1928513,21119.0,0.0010000000474974513,0.0022425309289246798,0.0011477069929242134,0.0036494131200015545,,,,
190.0,4013,1520122.249357321,1758717582.2777429,21129.0,0.0010000000474974513,0.002273040823638439,0.0011556316167116165,0.003724697045981884,,,,
190.0,4014,1520737.502522981,1758718197.5330148,21139.0,0.0010000000474974513,0.0024018683470785618,0.0012184006627649069,0.003944891970604658,,,,
190.0,4015,1521354.291879794,1758718814.3211815,21149.0,0.0010000000474974513,0.002473552245646715,0.0013027309905737638,0.0039027375169098377,,,,
190.0,4016,1521972.971106257,1758719433.0009751,21159.0,0.0010000000474974513,0.0024062907323241234,0.0013172872131690383,0.003630011808127165,,,,
190.0,4017,1522589.009100127,1758720049.0393007,21169.0,0.0010000000474974513,0.002569300588220358,0.0013486307580024004,0.004068899899721146,,,,
190.0,4018,1523206.1711338,1758720666.2010086,21179.0,0.0010000000474974513,0.002476281486451626,0.0012200097553431988,0.004187571816146374,,,,
190.0,4019,1523730.232692394,1758721190.2626321,21189.0,0.0010000000474974513,0.0025297056417912245,0.001292258850298822,0.004124822095036507,,,,
190.0,4020,1524236.762991266,1758721696.7932267,21199.0,0.0010000000474974513,0.0021055368706583977,0.00108625169377774,0.0033976174890995026,,,,
,4021,1525190.191431188,1758722650.2220342,,,,,,,,,
,4022,1525191.308960318,1758722651.3395913,,,,,,,,,
,4023,1525191.314724206,1758722651.345285,,,,,,,,,0.11431119590997696
,4024,1525191.568196989,1758722651.5988007,,,,,,,,,
190.0,4025,1525191.626548637,1758722651.6570108,21200.0,,,,,0.03309248015284538,0.13044889271259308,0.00863406341522932,
,4026,1525192.210553093,1758722652.2411938,,,,,,,,,
,4027,1525193.381802797,1758722653.4124408,,,,,,,,,
,4028,1525193.388388418,1758722653.41895,,,,,,,,,
,4029,1525193.599242308,1758722653.6298914,,,,,,,,,
190.0,4030,1525202.868336346,1758722662.8920822,21200.0,,,,,,,,
191.0,4031,1526118.942194987,1758723578.9717417,21209.0,0.0010000000474974513,0.002886824309825897,0.0012796558439731598,0.0053572277538478374,,,,
191.0,4032,1526737.420605159,1758724197.450824,21219.0,0.0010000000474974513,0.0024071508087217808,0.0011612355010583997,0.004153050947934389,,,,
191.0,4033,1527356.175211276,1758724816.2051494,21229.0,0.0010000000474974513,0.002178620081394911,0.001103260787203908,0.0035845311358571053,,,,
191.0,4034,1527975.732923671,1758725435.763366,21239.0,0.0010000000474974513,0.002617274411022663,0.0013746334007009864,0.004142135847359896,,,,
191.0,4035,1528591.700038994,1758726051.7303314,21249.0,0.0010000000474974513,0.0023251203820109367,0.001179580227471888,0.0038184670265764,,,,
191.0,4036,1529208.129545842,1758726668.1591773,21259.0,0.0010000000474974513,0.0026903278194367886,0.0012723596300929785,0.004726560786366463,,,,
191.0,4037,1529825.761368323,1758727285.791132,21269.0,0.0010000000474974513,0.002558374311774969,0.0011433232575654984,0.0047168368473649025,,,,
191.0,4038,1530440.83480707,1758727900.8643098,21279.0,0.0010000000474974513,0.0022171861492097378,0.0010912022553384304,0.0037532802671194077,,,,
191.0,4039,1531058.069987073,1758728518.0997415,21289.0,0.0010000000474974513,0.0025135036557912827,0.001283448189496994,0.004100184887647629,,,,
191.0,4040,1531593.305689976,1758729053.3360703,21299.0,0.0010000000474974513,0.002237532055005431,0.0011789276031777263,0.0035286815837025642,,,,
191.0,4041,1532100.765785937,1758729560.795764,21309.0,0.0010000000474974513,0.0025117015466094017,0.00131518067792058,0.003988402429968119,,,,
,4042,1533105.769286951,1758730565.799875,,,,,,,,,
,4043,1533106.974684231,1758730567.005317,,,,,,,,,
,4044,1533106.980161332,1758730567.0107305,,,,,,,,,0.05807790905237198
,4045,1533107.19161213,1758730567.2221968,,,,,,,,,
191.0,4046,1533107.19455348,1758730567.2250557,21311.0,,,,,0.055037468671798706,0.05314734950661659,0.02586972340941429,
,4047,1533107.847174773,1758730567.8777208,,,,,,,,,
,4048,1533109.062218741,1758730569.0928526,,,,,,,,,
,4049,1533109.068765976,1758730569.099335,,,,,,,,,
,4050,1533109.278247789,1758730569.308858,,,,,,,,,
191.0,4051,1533117.297850058,1758730577.322356,21311.0,,,,,,,,
192.0,4052,1533973.452412014,1758731433.4821227,21319.0,0.0010000000474974513,0.0022080647759139538,0.001135286409407854,0.003575927345082164,,,,
192.0,4053,1534589.59928049,1758732049.628696,21329.0,0.0010000000474974513,0.0022973918821662664,0.0010776964481920004,0.0040656509809195995,,,,
192.0,4054,1535203.718136236,1758732663.748371,21339.0,0.0010000000474974513,0.002374111209064722,0.0012411476345732808,0.003776544239372015,,,,
192.0,4055,1535819.355422403,1758733279.3853047,21349.0,0.0010000000474974513,0.002779864240437746,0.0015924819745123386,0.00395794166252017,,,,
192.0,4056,1536436.017068057,1758733896.0473063,21359.0,0.0010000000474974513,0.002486575162038207,0.001410507713444531,0.003586891107261181,,,,
192.0,4057,1537051.571598326,1758734511.6018918,21369.0,0.0010000000474974513,0.00254805781878531,0.0013873225543648005,0.0038691177032887936,,,,
192.0,4058,1537667.28003871,1758735127.3097448,21379.0,0.0010000000474974513,0.0021591780241578817,0.0011360339121893048,0.0034104802180081606,,,,
192.0,4059,1538285.694926976,1758735745.7245665,21389.0,0.0010000000474974513,0.0024033584631979465,0.0011990208877250552,0.004014457575976849,,,,
192.0,4060,1538902.797336608,1758736362.8270094,21399.0,0.0010000000474974513,0.0022563606034964323,0.0012794585200026631,0.0032563398126512766,,,,
192.0,4061,1539448.715367875,1758736908.745396,21409.0,0.0010000000474974513,0.0023252940736711025,0.0011984785087406635,0.003756052115932107,,,,
192.0,4062,1539953.591327534,1758737413.6212656,21419.0,0.0010000000474974513,0.0026619648560881615,0.0013446147786453366,0.004391167312860489,,,,
,4063,1541007.727649391,1758738467.7582245,,,,,,,,,
,4064,1541008.859305227,1758738468.8899379,,,,,,,,,
,4065,1541008.865195553,1758738468.8957424,,,,,,,,,0.04854152351617813
,4066,1541009.07464363,1758738469.1052947,,,,,,,,,
192.0,4067,1541009.07760674,1758738469.1080914,21422.0,,,,,0.06573670357465744,0.05356847494840622,0.03448713198304176,
,4068,1541009.68994635,1758738469.7166464,,,,,,,,,
,4069,1541010.824831107,1758738470.8554676,,,,,,,,,
,4070,1541010.831364787,1758738470.8619351,,,,,,,,,
,4071,1541011.038704227,1758738471.0693302,,,,,,,,,
192.0,4072,1541019.621800635,1758738479.6468263,21422.0,,,,,,,,
193.0,4073,1541821.576498364,1758739281.6062708,21429.0,0.0010000000474974513,0.0021934271790087223,0.001115549704991281,0.0035929237492382526,,,,
193.0,4074,1542441.123597312,1758739901.1529179,21439.0,0.0010000000474974513,0.002350332448258996,0.0011490087490528822,0.004004412330687046,,,,
193.0,4075,1543058.596542253,1758740518.6270032,21449.0,0.0010000000474974513,0.0027500055730342865,0.001351402373984456,0.004662010818719864,,,,
193.0,4076,1543676.941206629,1758741136.9715915,21459.0,0.0010000000474974513,0.002567664720118046,0.001229486195370555,0.004460596013814211,,,,
193.0,4077,1544293.466706116,1758741753.495917,21469.0,0.0010000000474974513,0.002269047312438488,0.0010862675262615085,0.003942599520087242,,,,
193.0,4078,1544915.444131528,1758742375.474308,21479.0,0.0010000000474974513,0.002203500596806407,0.0011560370912775397,0.003491545096039772,,,,
193.0,4079,1545534.772538962,1758742994.8022556,21489.0,0.0010000000474974513,0.002527387347072363,0.00125864427536726,0.004229143727570772,,,,
193.0,4080,1546152.270043127,1758743612.2997677,21499.0,0.0010000000474974513,0.0023368755355477333,0.0012245066463947296,0.0037078962195664644,,,,
193.0,4081,1546767.573212879,1758744227.6032448,21509.0,0.0010000000474974513,0.002386370673775673,0.0011847452260553837,0.0040054176934063435,,,,
193.0,4082,1547325.346578923,1758744785.3766265,21519.0,0.0010000000474974513,0.002357399556785822,0.0011709235841408372,0.003954919520765543,,,,
193.0,4083,1547833.906825662,1758745293.9367933,21529.0,0.0010000000474974513,0.002581976354122162,0.0012859517009928823,0.004320082254707813,,,,
,4084,1548938.676152394,1758746398.7066972,,,,,,,,,
,4085,1548939.899636797,1758746399.930259,,,,,,,,,
,4086,1548939.905200256,1758746399.935788,,,,,,,,,0.07484778761863708
,4087,1548940.114607725,1758746400.145253,,,,,,,,,
193.0,4088,1548940.117424851,1758746400.1479275,21533.0,,,,,0.037859197705984116,0.09265659749507904,0.005048274993896484,
,4089,1548940.71883215,1758746400.7494516,,,,,,,,,
,4090,1548941.91672201,1758746401.9473362,,,,,,,,,
,4091,1548941.923082097,1758746401.9536386,,,,,,,,,
,4092,1548942.131071526,1758746402.1616883,,,,,,,,,
193.0,4093,1548950.7788085,1758746410.802405,21533.0,,,,,,,,
194.0,4094,1549687.805608419,1758747147.8360336,21539.0,0.0010000000474974513,0.002661131788045168,0.0014417283236980438,0.004064678214490414,,,,
194.0,4095,1550306.947486155,1758747766.9778094,21549.0,0.0010000000474974513,0.0025382121093571186,0.0013275230303406715,0.0040356311947107315,,,,
194.0,4096,1550920.677265587,1758748380.7069771,21559.0,0.0010000000474974513,0.0023200949653983116,0.0012823002180084586,0.003459316212683916,,,,
194.0,4097,1551535.341075592,1758748995.3704655,21569.0,0.0010000000474974513,0.0024074881803244352,0.0012043702881783247,0.004010392818599939,,,,
194.0,4098,1552151.896011899,1758749611.9257653,21579.0,0.0010000000474974513,0.0023466104175895452,0.0011835520854219794,0.003876860486343503,,,,
194.0,4099,1552767.916161346,1758750227.9466088,21589.0,0.0010000000474974513,0.002594434656202793,0.0011802095687016845,0.0047140829265117645,,,,
194.0,4100,1553385.593490545,1758750845.6233296,21599.0,0.0010000000474974513,0.0021479104179888964,0.0010343949543312192,0.0037117174360901117,,,,
194.0,4101,1554003.660414577,1758751463.690132,21609.0,0.0010000000474974513,0.0024497518315911293,0.0012022238224744797,0.004158426076173782,,,,
194.0,4102,1554619.847661309,1758752079.877393,21619.0,0.0010000000474974513,0.0020476197823882103,0.001006037462502718,0.00347194098867476,,,,
194.0,4103,1555186.884740869,1758752646.914945,21629.0,0.0010000000474974513,0.002146489918231964,0.0011214206460863352,0.003416897263377905,,,,
194.0,4104,1555691.655153947,1758753151.6852279,21639.0,0.0010000000474974513,0.00237602973356843,0.0011316664749756455,0.004147876985371113,,,,
,4105,1556843.82840158,1758754303.8590338,,,,,,,,,
,4106,1556845.045135309,1758754305.0757885,,,,,,,,,
,4107,1556845.050501856,1758754305.0810468,,,,,,,,,0.11123847216367722
,4108,1556845.255664592,1758754305.2862978,,,,,,,,,
194.0,4109,1556845.258352788,1758754305.2888837,21644.0,,,,,0.04309745132923126,0.10637004673480988,0.013426819816231728,
,4110,1556845.896989374,1758754305.9275677,,,,,,,,,
,4111,1556847.157977673,1758754307.1886275,,,,,,,,,
,4112,1556847.164449843,1758754307.195024,,,,,,,,,
,4113,1556847.371421797,1758754307.4020746,,,,,,,,,
194.0,4114,1556855.285121886,1758754315.3099964,21644.0,,,,,,,,
195.0,4115,1557530.543430915,1758754990.5738347,21649.0,0.0010000000474974513,0.0019599979277700186,0.0009859433630481362,0.0032468487042933702,,,,
195.0,4116,1558148.025875646,1758755608.0552301,21659.0,0.0010000000474974513,0.0023139535915106535,0.001020744675770402,0.0043106963858008385,,,,
195.0,4117,1558766.333813133,1758756226.363514,21669.0,0.0010000000474974513,0.0023603991139680147,0.0011686121579259634,0.003972622565925121,,,,
195.0,4118,1559385.494106056,1758756845.524246,21679.0,0.0010000000474974513,0.0023582051508128643,0.0012440135469660163,0.0037139724008738995,,,,
195.0,4119,1560002.315681946,1758757462.3451045,21689.0,0.0010000000474974513,0.0022355124820023775,0.0011350065469741821,0.003668352961540222,,,,
195.0,4120,1560618.15542034,1758758078.1847234,21699.0,0.0010000000474974513,0.002426815452054143,0.001122865593060851,0.004346499219536781,,,,
195.0,4121,1561231.170501561,1758758691.200193,21709.0,0.0010000000474974513,0.002166860271245241,0.0010665745940059423,0.003667618613690138,,,,
195.0,4122,1561848.299766927,1758759308.3296504,21719.0,0.0010000000474974513,0.0024584527127444744,0.0013264091685414314,0.003773478092625737,,,,
195.0,4123,1562466.957657477,1758759926.9874437,21729.0,0.0010000000474974513,0.0027538009453564882,0.0016815464477986097,0.0035741813480854034,,,,
195.0,4124,1563045.33741374,1758760505.367494,21739.0,0.0010000000474974513,0.002406821586191654,0.0012696434278041124,0.0037905939389020205,,,,
195.0,4125,1563553.168727144,1758761013.1984544,21749.0,0.0010000000474974513,0.0024428789038211107,0.0013559004291892052,0.003623261349275708,,,,
,4126,1564753.865388759,1758762213.896015,,,,,,,,,
,4127,1564755.016676689,1758762215.0472884,,,,,,,,,
,4128,1564755.022012635,1758762215.0525146,,,,,,,,,0.0368242971599102
,4129,1564755.228565888,1758762215.2592182,,,,,,,,,
195.0,4130,1564755.782328473,1758762215.8127344,21755.0,,,,,0.0859701931476593,0.040784839540719986,0.05483708903193474,
,4131,1564756.369494588,1758762216.4001267,,,,,,,,,
,4132,1564757.564397496,1758762217.595007,,,,,,,,,
,4133,1564757.570883594,1758762217.6014524,,,,,,,,,
,4134,1564757.778643863,1758762217.809298,,,,,,,,,
195.0,4135,1564766.431734706,1758762226.4558935,21755.0,,,,,,,,
196.0,4136,1565376.04528764,1758762836.0751314,21759.0,0.0010000000474974513,0.002416919684037566,0.0014029713347554207,0.003379827132448554,,,,
196.0,4137,1565990.944210034,1758763450.9738276,21769.0,0.0010000000474974513,0.002705987077206373,0.0015802900306880474,0.003752324264496565,,,,
196.0,4138,1566607.470057135,1758764067.4995294,21779.0,0.0010000000474974513,0.0023974007926881313,0.001314544235356152,0.003609521547332406,,,,
196.0,4139,1567222.501010346,1758764682.5312943,21789.0,0.0010000000474974513,0.0023377262987196445,0.0012205853126943111,0.0037238034419715405,,,,
196.0,4140,1567837.519758461,1758765297.5492313,21799.0,0.0010000000474974513,0.0023156898096203804,0.0011915132636204362,0.003747254842892289,,,,
196.0,4141,1568457.46243711,1758765917.4919555,21809.0,0.0010000000474974513,0.002266304800286889,0.0012279211077839136,0.003461278975009918,,,,
196.0,4142,1569073.644512227,1758766533.6743574,21819.0,0.0010000000474974513,0.002248284174129367,0.0012131991097703576,0.003450283780694008,,,,
196.0,4143,1569691.083703036,1758767151.1140316,21829.0,0.0010000000474974513,0.0024721133522689342,0.0012951318640261889,0.00392327131703496,,,,
196.0,4144,1570306.254649497,1758767766.2844546,21839.0,0.0010000000474974513,0.0023382268846035004,0.0012186527019366622,0.0037319138646125793,,,,
196.0,4145,1570892.879205985,1758768352.9093213,21849.0,0.0010000000474974513,0.0025218732189387083,0.0012156523298472166,0.0043540699407458305,,,,
196.0,4146,1571399.587466186,1758768859.6177309,21859.0,0.0010000000474974513,0.0028569698333740234,0.0017032891046255827,0.003845601575449109,,,,
,4147,1572652.811895467,1758770112.8425028,,,,,,,,,
,4148,1572654.024154721,1758770114.0548031,,,,,,,,,
,4149,1572654.030052707,1758770114.0606117,,,,,,,,,0.05097932368516922
,4150,1572654.236148185,1758770114.2668056,,,,,,,,,
196.0,4151,1572654.783815972,1758770114.814263,21866.0,,,,,0.04000866413116455,0.05770213529467583,0.004282947164028883,
,4152,1572655.363830083,1758770115.3944645,,,,,,,,,
,4153,1572656.585467058,1758770116.6161215,,,,,,,,,
,4154,1572656.591851851,1758770116.622427,,,,,,,,,
,4155,1572656.799250674,1758770116.829895,,,,,,,,,
196.0,4156,1572664.860733437,1758770124.885391,21866.0,,,,,,,,
197.0,4157,1573224.111838268,1758770684.142317,21869.0,0.0010000000474974513,0.0043900273740291595,0.0031552184373140335,0.004116028547286987,,,,
197.0,4158,1573843.585130454,1758771303.614895,21879.0,0.0010000000474974513,0.004734879359602928,0.0035846394021064043,0.0038341328036040068,,,,
197.0,4159,1574461.341911324,1758771921.3718426,21889.0,0.0010000000474974513,0.003942499868571758,0.002796797314658761,0.003819008357822895,,,,
197.0,4160,1575075.145073285,1758772535.1753128,21899.0,0.0010000000474974513,0.003221701132133603,0.0021087925415486097,0.003709695301949978,,,,
197.0,4161,1575692.111949468,1758773152.1418955,21909.0,0.0010000000474974513,0.0038275751285254955,0.002660779282450676,0.003889320185407996,,,,
197.0,4162,1576308.803715679,1758773768.832961,21919.0,0.0010000000474974513,0.003347675781697035,0.0021219435147941113,0.004085774067789316,,,,
197.0,4163,1576927.498895779,1758774387.5281518,21929.0,0.0010000000474974513,0.0027650264091789722,0.00166022265329957,0.0036826785653829575,,,,
197.0,4164,1577546.428783325,1758775006.4585626,21939.0,0.0010000000474974513,0.002753634937107563,0.0015996384900063276,0.0038466542027890682,,,,
197.0,4165,1578165.883801822,1758775625.9141407,21949.0,0.0010000000474974513,0.003204936860129237,0.001879525138065219,0.004418038763105869,,,,
197.0,4166,1578767.013732541,1758776227.0437198,21959.0,0.0010000000474974513,0.0026909722946584225,0.0016061809146776795,0.003615971654653549,,,,
197.0,4167,1579274.794352127,1758776734.8246377,21969.0,0.0010000000474974513,0.0028615915216505527,0.0016614592168480158,0.004000440705567598,,,,
,4168,1580579.531564631,1758778039.5621872,,,,,,,,,
,4169,1580580.798214015,1758778040.8288624,,,,,,,,,
,4170,1580580.803759886,1758778040.8343225,,,,,,,,,0.10486025363206863
,4171,1580581.010929668,1758778041.0415747,,,,,,,,,
197.0,4172,1580581.034075567,1758778041.0645916,21977.0,,,,,0.033835068345069885,0.11471094936132431,0.004339215345680714,
,4173,1580581.684591824,1758778041.7151322,,,,,,,,,
,4174,1580582.81539433,1758778042.845991,,,,,,,,,
,4175,1580582.821749463,1758778042.8523214,,,,,,,,,
,4176,1580583.02902499,1758778043.059655,,,,,,,,,
197.0,4177,1580591.066863855,1758778051.0917244,21977.0,,,,,,,,
198.0,4178,1581077.07975591,1758778537.1087792,21979.0,0.0010000000474974513,0.0027608168311417103,0.0014438804937526584,0.004389787092804909,,,,
198.0,4179,1581693.257003279,1758779153.2864614,21989.0,0.0010000000474974513,0.002647042740136385,0.0015370590845122933,0.0036999452859163284,,,,
198.0,4180,1582310.51357417,1758779770.54351,21999.0,0.0010000000474974513,0.002527059055864811,0.0013965298421680927,0.0037684310227632523,,,,
198.0,4181,1582930.441647574,1758780390.4715664,22009.0,0.0010000000474974513,0.0024291477166116238,0.001384803093969822,0.0034811487421393394,,,,
198.0,4182,1583547.81907309,1758781007.8483853,22019.0,0.0010000000474974513,0.002416417934000492,0.0013508857227861881,0.003551773726940155,,,,
198.0,4183,1584165.657939305,1758781625.687898,22029.0,0.0010000000474974513,0.002668666187673807,0.0014073776546865702,0.004204295575618744,,,,
198.0,4184,1584783.007251693,1758782243.0366778,22039.0,0.0010000000474974513,0.0023836223408579826,0.0012628438416868448,0.0037359283305704594,,,,
198.0,4185,1585403.687179723,1758782863.7174416,22049.0,0.0010000000474974513,0.0022724331356585026,0.0011958105023950338,0.003588742110878229,,,,
198.0,4186,1586019.928786221,1758783479.9582713,22059.0,0.0010000000474974513,0.0025037326849997044,0.0012791982153430581,0.00408178148791194,,,,
198.0,4187,1586635.52773483,1758784095.5578496,22069.0,0.0010000000474974513,0.002714594593271613,0.001291307620704174,0.004744289442896843,,,,
198.0,4188,1587143.888846436,1758784603.9192986,22079.0,0.0010000000474974513,0.0025773337110877037,0.0013434089487418532,0.004113081842660904,,,,
,4189,1588498.221755337,1758785958.2523413,,,,,,,,,
,4190,1588499.445219428,1758785959.4758303,,,,,,,,,
,4191,1588499.450692912,1758785959.4812791,,,,,,,,,0.11446619033813477
,4192,1588499.656266891,1758785959.6868513,,,,,,,,,
198.0,4193,1588500.194089723,1758785960.2245038,22088.0,,,,,0.0321730300784111,0.1112278550863266,0.004284760914742947,
,4194,1588500.813141478,1758785960.8436725,,,,,,,,,
,4195,1588501.931316412,1758785961.9619224,,,,,,,,,
,4196,1588501.93784393,1758785961.9684162,,,,,,,,,
,4197,1588502.146070225,1758785962.1767073,,,,,,,,,
198.0,4198,1588510.720378055,1758785970.74412,22088.0,,,,,,,,
199.0,4199,1588944.938549413,1758786404.9686675,22089.0,0.0010000000474974513,0.0023727663792669773,0.0011933755595237017,0.003931303508579731,,,,
199.0,4200,1589557.67671603,1758787017.7064452,22099.0,0.0010000000474974513,0.0024192214477807283,0.0011751486454159021,0.004146909341216087,,,,
199.0,4201,1590177.532004977,1758787637.5611773,22109.0,0.0010000000474974513,0.0022372808307409286,0.001177108264528215,0.0035339079331606627,,,,
199.0,4202,1590793.320059587,1758788253.349852,22119.0,0.0010000000474974513,0.002431275323033333,0.0012483150931075215,0.003943200223147869,,,,
199.0,4203,1591404.410477619,1758788864.4401627,22129.0,0.0010000000474974513,0.0027097754646092653,0.0013314838288351893,0.0045943050645291805,,,,
199.0,4204,1592014.849962102,1758789474.880315,22139.0,0.0010000000474974513,0.002233543898910284,0.0011365143582224846,0.0036567652132362127,,,,
199.0,4205,1592625.96041395,1758790085.9899802,22149.0,0.0010000000474974513,0.0021815027575939894,0.001129742944613099,0.0035058653447777033,,,,
199.0,4206,1593239.119350523,1758790699.1491284,22159.0,0.0010000000474974513,0.0026053357869386673,0.0013128607533872128,0.004308249801397324,,,,
199.0,4207,1593850.557155389,1758791310.586863,22169.0,0.0010000000474974513,0.0025094179436564445,0.0012764156563207507,0.004110007081180811,,,,
199.0,4208,1594464.967155868,1758791924.9976568,22179.0,0.0010000000474974513,0.002565025817602873,0.0012663400266319513,0.004328952170908451,,,,
199.0,4209,1594973.446542022,1758792433.4769523,22189.0,0.0010000000474974513,0.002303563989698887,0.0012228523846715689,0.0036023720167577267,,,,
199.0,4210,1595466.518658535,1758792926.5490096,22199.0,0.0010000000474974513,0.002270295051857829,0.001171161886304617,0.003663776908069849,,,,
,4211,1596375.066896854,1758793835.0974562,,,,,,,,,
,4212,1596376.217703381,1758793836.2483425,,,,,,,,,
,4213,1596376.223415375,1758793836.2539725,,,,,,,,,0.10070276260375977
,4214,1596376.431019483,1758793836.4616702,,,,,,,,,
199.0,4215,1596377.041131725,1758793837.071611,22199.0,,,,,0.041734084486961365,0.0915863960981369,0.010388798080384731,
,4216,1596377.63643861,1758793837.6670163,,,,,,,,,
,4217,1596378.825549309,1758793838.8561604,,,,,,,,,
,4218,1596378.831670329,1758793838.862247,,,,,,,,,
,4219,1596379.036138022,1758793839.0667548,,,,,,,,,
199.0,4220,1596386.8829321,1758793846.9100983,22199.0,,,,,,,,
200.0,4221,1597371.667073948,1758794831.6974874,22209.0,0.0010000000474974513,0.0022902083583176136,0.0011405270779505372,0.003832270624116063,,,,
200.0,4222,1597980.361667901,1758795440.3917706,22219.0,0.0010000000474974513,0.0024253521114587784,0.0012175566516816616,0.004025984555482864,,,,
200.0,4223,1598592.15194746,1758796052.1817844,22229.0,0.0010000000474974513,0.0021333631593734026,0.0011128686601296067,0.0034016487188637257,,,,
200.0,4224,1599197.919535532,1758796657.9494617,22239.0,0.0010000000474974513,0.002373154740780592,0.0012506266357377172,0.003741760738193989,,,,
200.0,4225,1599807.103701738,1758797267.1340594,22249.0,0.0010000000474974513,0.002531405072659254,0.0011836946941912174,0.004492368083447218,,,,
200.0,4226,1600414.850515016,1758797874.8808854,22259.0,0.0010000000474974513,0.0023113288916647434,0.0011469557648524642,0.0038812439888715744,,,,
200.0,4227,1601022.576602557,1758798482.6066225,22269.0,0.0010000000474974513,0.0022638484369963408,0.001172741292975843,0.0036370237357914448,,,,
200.0,4228,1601633.610251764,1758799093.639957,22279.0,0.0010000000474974513,0.002469184808433056,0.0011730482801795006,0.004320455249398947,,,,
200.0,4229,1602243.962017991,1758799703.9920928,22289.0,0.0010000000474974513,0.002328371861949563,0.0010588885052129626,0.004231610801070929,,,,
200.0,4230,1602764.365302468,1758800224.3956578,22299.0,0.0010000000474974513,0.0022132298909127712,0.0010873936116695404,0.003752787597477436,,,,
200.0,4231,1603266.551506079,1758800726.5817678,22309.0,0.0010000000474974513,0.002211847109720111,0.0010533719323575497,0.0038615840021520853,,,,
,4232,1604215.782960838,1758801675.813548,,,,,,,,,
,4233,1604216.953715749,1758801676.98436,,,,,,,,,
,4234,1604216.958948022,1758801676.9895043,,,,,,,,,0.10763756930828094
,4235,1604217.161936414,1758801677.1925724,,,,,,,,,
200.0,4236,1604217.23724316,1758801677.267718,22310.0,,,,,0.03389061987400055,0.11306264251470566,0.006449916400015354,
,4237,1604217.811255601,1758801677.8418636,,,,,,,,,
,4238,1604218.954052654,1758801678.9846869,,,,,,,,,
,4239,1604218.960322085,1758801678.9908853,,,,,,,,,
,4240,1604219.167892757,1758801679.1985354,,,,,,,,,
200.0,4241,1604227.762349666,1758801687.7889943,22310.0,,,,,,,,
201.0,4242,1605145.953335504,1758802605.9835665,22319.0,0.0010000000474974513,0.002213267609477043,0.001047103782184422,0.0038872123695909977,,,,
201.0,4243,1605753.881839601,1758803213.9122314,22329.0,0.0010000000474974513,0.0021637966856360435,0.0009904528269544244,0.003911145031452179,,,,
201.0,4244,1606364.660010661,1758803824.6900191,22339.0,0.0010000000474974513,0.0025031331460922956,0.0013155194465070963,0.003958712797611952,,,,
201.0,4245,1606974.526368679,1758804434.5561855,22349.0,0.0010000000474974513,0.002099252538755536,0.0011073544155806303,0.0033063276205211878,,,,
201.0,4246,1607587.17782105,1758805047.2078965,22359.0,0.0010000000474974513,0.0025086021050810814,0.0012469541979953647,0.004205492790788412,,,,
201.0,4247,1608197.234950529,1758805657.264809,22369.0,0.0010000000474974513,0.00215695658698678,0.0010677839163690805,0.003630575491115451,,,,
201.0,4248,1608803.914113848,1758806263.9437876,22379.0,0.0010000000474974513,0.0024318823125213385,0.0011516810627654195,0.004267337266355753,,,,
201.0,4249,1609411.343037573,1758806871.3731022,22389.0,0.0010000000474974513,0.002283708192408085,0.0011228893417865038,0.0038693954702466726,,,,
201.0,4250,1610024.853909993,1758807484.8841782,22399.0,0.0010000000474974513,0.002678787335753441,0.0012533613480627537,0.004751420114189386,,,,
201.0,4251,1610560.985179256,1758808021.0153558,22409.0,0.0010000000474974513,0.0022742697037756443,0.0011524991132318974,0.0037392349913716316,,,,
201.0,4252,1611066.185038461,1758808526.2148738,22419.0,0.0010000000474974513,0.002441429765895009,0.0012556759174913168,0.003952512517571449,,,,
,4253,1612064.879550287,1758809524.910184,,,,,,,,,
,4254,1612066.023688973,1758809526.0543225,,,,,,,,,
,4255,1612066.028983323,1758809526.0595717,,,,,,,,,0.09556443244218826
,4256,1612066.235750841,1758809526.2663984,,,,,,,,,
201.0,4257,1612066.395403004,1758809526.4258277,22421.0,,,,,0.07411100715398788,0.10570354759693146,0.04184981435537338,
,4258,1612067.001782297,1758809527.0323544,,,,,,,,,
,4259,1612068.170954217,1758809528.2015815,,,,,,,,,
,4260,1612068.177569304,1758809528.2081532,,,,,,,,,
,4261,1612068.388013943,1758809528.4186394,,,,,,,,,
201.0,4262,1612076.348110772,1758809536.3747756,22421.0,,,,,,,,
202.0,4263,1612946.33290636,1758810406.363269,22429.0,0.0010000000474974513,0.002323300577700138,0.0010727114276960492,0.004168630111962557,,,,
202.0,4264,1613556.829302105,1758811016.8596845,22439.0,0.0010000000474974513,0.0024901563301682472,0.0013109806459397078,0.00393058592453599,,,,
202.0,4265,1614166.033658722,1758811626.0635424,22449.0,0.0010000000474974513,0.0025855996645987034,0.0013477542670443654,0.004126150626689196,,,,
202.0,4266,1614776.825484346,1758812236.8547945,22459.0,0.0010000000474974513,0.002778883557766676,0.0015177257591858506,0.004203858319669962,,,,
202.0,4267,1615386.543103153,1758812846.5730238,22469.0,0.0010000000474974513,0.0023696827702224255,0.0012841530842706561,0.0036184319760650396,,,,
202.0,4268,1615994.992847109,1758813455.023301,22479.0,0.0010000000474974513,0.002572538796812296,0.0013107586419209838,0.0042059337720274925,,,,
202.0,4269,1616607.698990481,1758814067.7290323,22489.0,0.0010000000474974513,0.002321857027709484,0.001090550096705556,0.004104357212781906,,,,
202.0,4270,1617221.674043091,1758814681.7042212,22499.0,0.0010000000474974513,0.002394841518253088,0.001146301394328475,0.00416179932653904,,,,
202.0,4271,1617833.823749879,1758815293.8534358,22509.0,0.0010000000474974513,0.0021503774914890528,0.00109823327511549,0.003507146844640374,,,,
202.0,4272,1618376.598529595,1758815836.6289155,22519.0,0.0010000000474974513,0.0021810955367982388,0.0011006682179868221,0.0036014243960380554,,,,
202.0,4273,1618878.449716059,1758816338.479803,22529.0,0.0010000000474974513,0.00241326866671443,0.0012504030019044876,0.0038762190379202366,,,,
,4274,1619927.140641622,1758817387.1712735,,,,,,,,,
,4275,1619928.344761849,1758817388.3753917,,,,,,,,,
,4276,1619928.350419914,1758817388.3809848,,,,,,,,,0.08668270707130432
,4277,1619928.559020694,1758817388.5895736,,,,,,,,,
202.0,4278,1619928.608759821,1758817388.6392074,22532.0,,,,,0.03738244250416756,0.10004860162734985,0.0059531331062316895,
,4279,1619929.188215056,1758817389.218863,,,,,,,,,
,4280,1619930.366533896,1758817390.3971224,,,,,,,,,
,4281,1619930.372916312,1758817390.4034746,,,,,,,,,
,4282,1619930.581261423,1758817390.611892,,,,,,,,,
202.0,4283,1619939.088043518,1758817399.1146278,22532.0,,,,,,,,
203.0,4284,1620735.718020709,1758818195.7478642,22539.0,0.0010000000474974513,0.0022172625176608562,0.001060693757608533,0.0038552293553948402,,,,
203.0,4285,1621347.036522871,1758818807.0660245,22549.0,0.0010000000474974513,0.0025846953503787518,0.0013955096947029233,0.003963951952755451,,,,
203.0,4286,1621959.730670413,1758819419.7604444,22559.0,0.0010000000474974513,0.002408657455816865,0.001252520945854485,0.003853788133710623,,,,
203.0,4287,1622572.444262853,1758820032.474714,22569.0,0.0010000000474974513,0.002126518404111266,0.001116252737119794,0.003367552300915122,,,,
203.0,4288,1623182.229595018,1758820642.2592883,22579.0,0.0010000000474974513,0.0022380345035344362,0.001101639587432146,0.003787982277572155,,,,
203.0,4289,1623790.141637564,1758821250.1710494,22589.0,0.0010000000474974513,0.0024879162665456533,0.0011864627012982965,0.004338178783655167,,,,
203.0,4290,1624401.46074008,1758821861.4909117,22599.0,0.0010000000474974513,0.0021920460276305676,0.0010495868045836687,0.0038081970997154713,,,,
203.0,4291,1625014.788225714,1758822474.8186336,22609.0,0.0010000000474974513,0.002336763544008136,0.0011150819482281804,0.004072271753102541,,,,
203.0,4292,1625625.031123768,1758823085.0613735,22619.0,0.0010000000474974513,0.002191237173974514,0.0010889061959460378,0.003674436127766967,,,,
203.0,4293,1626178.222131935,1758823638.252165,22629.0,0.0010000000474974513,0.0024664495140314102,0.0013449018588289618,0.0037384922616183758,,,,
203.0,4294,1626681.999249738,1758824142.0292525,22639.0,0.0010000000474974513,0.0024524242617189884,0.0011270116083323956,0.0044180420227348804,,,,
,4295,1627787.069782602,1758825247.1003382,,,,,,,,,
,4296,1627788.220720769,1758825248.2512906,,,,,,,,,
,4297,1627788.226334572,1758825248.2569032,,,,,,,,,0.08045531809329987
,4298,1627788.433638615,1758825248.464229,,,,,,,,,
203.0,4299,1627788.476662589,1758825248.5071702,22643.0,,,,,0.0408344529569149,0.07458753883838654,0.009481603279709816,
,4300,1627789.108933626,1758825249.1395094,,,,,,,,,
,4301,1627790.952651017,1758825250.9832933,,,,,,,,,
,4302,1627790.959132202,1758825250.98969,,,,,,,,,
,4303,1627791.168487267,1758825251.1990855,,,,,,,,,
203.0,4304,1627799.061312319,1758825259.087728,22643.0,,,,,,,,
204.0,4305,1628530.807168687,1758825990.837221,22649.0,0.0010000000474974513,0.0022690913174301386,0.0011545834131538868,0.003715026192367077,,,,
204.0,4306,1629142.47066566,1758826602.5006745,22659.0,0.0010000000474974513,0.0021764140110462904,0.0010029805125668645,0.0039114453829824924,,,,
204.0,4307,1629750.896120631,1758827210.9261174,22669.0,0.0010000000474974513,0.0021211879793554544,0.0010113805765286088,0.003699357621371746,,,,
204.0,4308,1630360.714151344,1758827820.7439082,22679.0,0.0010000000474974513,0.002213058527559042,0.0011745017254725099,0.003461855696514249,,,,
204.0,4309,1630973.609521018,1758828433.6400301,22689.0,0.0010000000474974513,0.004876858554780483,0.003664749674499035,0.004040362313389778,,,,
204.0,4310,1631586.903867441,1758829046.9337528,22699.0,0.0010000000474974513,0.0033531407825648785,0.0022868337109684944,0.0035543562844395638,,,,
204.0,4311,1632199.080266401,1758829659.110529,22709.0,0.0010000000474974513,0.00427066208794713,0.003130885772407055,0.003799254074692726,,,,
204.0,4312,1632809.846790964,1758830269.876295,22719.0,0.0010000000474974513,0.002819749992340803,0.0017868763534352183,0.0034429114311933517,,,,
204.0,4313,1633420.005390705,1758830880.0358787,22729.0,0.0010000000474974513,0.002958653960376978,0.0018653536681085825,0.0036443346180021763,,,,
204.0,4314,1633984.788889365,1758831444.818637,22739.0,0.0010000000474974513,0.002913343720138073,0.0017809688579291105,0.003774583339691162,,,,
204.0,4315,1634490.209223971,1758831950.239169,22749.0,0.0010000000474974513,0.0027391454204916954,0.001574300928041339,0.0038828151300549507,,,,
,4316,1635638.60575452,1758833098.6363516,,,,,,,,,
,4317,1635639.822815008,1758833099.8534288,,,,,,,,,
,4318,1635639.828228467,1758833099.8588185,,,,,,,,,0.1216542199254036
,4319,1635640.033803696,1758833100.0644033,,,,,,,,,
204.0,4320,1635640.090629566,1758833100.121125,22754.0,,,,,0.038023442029953,0.1311626434326172,0.00507868267595768,
,4321,1635640.705636187,1758833100.7362497,,,,,,,,,
,4322,1635641.813954076,1758833101.8445985,,,,,,,,,
,4323,1635641.820517626,1758833101.851089,,,,,,,,,
,4324,1635642.033226069,1758833102.0638504,,,,,,,,,
204.0,4325,1635650.022990421,1758833110.0494666,22754.0,,,,,,,,
205.0,4326,1636332.261879793,1758833792.2917879,22759.0,0.0010000000474974513,0.003202744759619236,0.001843244768679142,0.004531667567789555,,,,
205.0,4327,1636943.25281874,1758834403.2826,22769.0,0.0010000000474974513,0.0023152008652687073,0.0012760625686496496,0.0034637937787920237,,,,
205.0,4328,1637553.006490316,1758835013.0366712,22779.0,0.0010000000474974513,0.0026688703801482916,0.0013724351301789284,0.004321450367569923,,,,
205.0,4329,1638165.454082745,1758835625.4845285,22789.0,0.0010000000474974513,0.002408199477940798,0.0012670294381678104,0.00380390090867877,,,,
205.0,4330,1638777.461147224,1758836237.4909945,22799.0,0.0010000000474974513,0.0024228491820394993,0.0012995291035622358,0.0037443996407091618,,,,
205.0,4331,1639388.186837581,1758836848.216595,22809.0,0.0010000000474974513,0.0022938023321330547,0.0012114447308704257,0.003607857972383499,,,,
205.0,4332,1639996.408251467,1758837456.437754,22819.0,0.0010000000474974513,0.0024224689695984125,0.0012493983376771212,0.003910235594958067,,,,
205.0,4333,1640607.158696435,1758838067.1885903,22829.0,0.0010000000474974513,0.0024622930213809013,0.001231613103300333,0.004102265927940607,,,,
205.0,4334,1641221.823932107,1758838681.8537107,22839.0,0.0010000000474974513,0.002524423645809293,0.0011710596736520529,0.004511212930083275,,,,
205.0,4335,1641798.842294566,1758839258.872568,22849.0,0.0010000000474974513,0.002601213986054063,0.0013282933505252004,0.00424306932836771,,,,
205.0,4336,1642305.595508282,1758839765.6252635,22859.0,0.0010000000474974513,0.002296815626323223,0.0012106088688597083,0.0036206881050020456,,,,
,4337,1643504.617221229,1758840964.647779,,,,,,,,,
,4338,1643505.833416519,1758840965.8640501,,,,,,,,,
,4339,1643505.839237163,1758840965.869786,,,,,,,,,0.10047685354948044
,4340,1643506.052225332,1758840966.0828698,,,,,,,,,
205.0,4341,1643506.539918099,1758840966.5704036,22865.0,,,,,0.06319940090179443,0.08830071240663528,0.03375738114118576,
,4342,1643507.174207712,1758840967.2047875,,,,,,,,,
,4343,1643508.420561049,1758840968.4511838,,,,,,,,,
,4344,1643508.427074243,1758840968.457654,,,,,,,,,
,4345,1643508.633462913,1758840968.6640875,,,,,,,,,
205.0,4346,1643517.147908557,1758840977.1740198,22865.0,,,,,,,,
206.0,4347,1644130.957174713,1758841590.987038,22869.0,0.0010000000474974513,0.0022627506405115128,0.0011106542078778148,0.0038403214421123266,,,,
206.0,4348,1644741.8779408,1758842201.9076762,22879.0,0.0010000000474974513,0.002327266149222851,0.0011972497450187802,0.0037667211145162582,,,,
206.0,4349,1645353.950043631,1758842813.9800274,22889.0,0.0010000000474974513,0.0024596259463578463,0.0012027362827211618,0.0041896323673427105,,,,
206.0,4350,1645964.539487582,1758843424.5694582,22899.0,0.0010000000474974513,0.002092998009175062,0.0010901099303737283,0.0033429600298404694,,,,
206.0,4351,1646576.625512853,1758844036.6551242,22909.0,0.0010000000474974513,0.0023453531321138144,0.0011411349987611175,0.004014059901237488,,,,
206.0,4352,1647190.380366879,1758844650.4102237,22919.0,0.0010000000474974513,0.00290866126306355,0.00168208172544837,0.004088598303496838,,,,
206.0,4353,1647803.654428419,1758845263.6845043,22929.0,0.0010000000474974513,0.0035523097030818462,0.0024721715599298477,0.0036004602443426847,,,,
206.0,4354,1648416.939951821,1758845876.969905,22939.0,0.0010000000474974513,0.0027310866862535477,0.0014944348949939013,0.004122171085327864,,,,
206.0,4355,1649030.391058168,1758846490.4209948,22949.0,0.0010000000474974513,0.002634118078276515,0.0014045742573216558,0.0040984791703522205,,,,
206.0,4356,1649612.565796157,1758847072.5960453,22959.0,0.0010000000474974513,0.0027304929681122303,0.0014472727198153734,0.004277401138097048,,,,
206.0,4357,1650118.729259618,1758847578.7594244,22969.0,0.0010000000474974513,0.0025843260809779167,0.0014109223848208785,0.003911346197128296,,,,
,4358,1651365.479555761,1758848825.510176,,,,,,,,,
,4359,1651366.58996533,1758848826.6205935,,,,,,,,,
,4360,1651366.595277692,1758848826.625843,,,,,,,,,0.07988536357879639
,4361,1651366.802963398,1758848826.833552,,,,,,,,,
206.0,4362,1651366.84166898,1758848826.8722003,22976.0,,,,,0.05992988124489784,0.08405707776546478,0.027482012286782265,
,4363,1651367.425769068,1758848827.4563897,,,,,,,,,
,4364,1651368.597328294,1758848828.6279488,,,,,,,,,
,4365,1651368.604199892,1758848828.6347525,,,,,,,,,
,4366,1651368.811322153,1758848828.8419745,,,,,,,,,
206.0,4367,1651376.683766211,1758848836.7104824,22976.0,,,,,,,,
207.0,4368,1651931.335738326,1758849391.3658073,22979.0,0.0010000000474974513,0.002238653367385268,0.0011720266193151474,0.003555421717464924,,,,
207.0,4369,1652544.593823256,1758850004.6235685,22989.0,0.0010000000474974513,0.0025915817823261023,0.0012839538976550102,0.0043587591499090195,,,,
207.0,4370,1653158.749716763,1758850618.7791407,22999.0,0.0010000000474974513,0.0022033625282347202,0.001095808227546513,0.0036918469704687595,,,,
207.0,4371,1653770.403847405,1758851230.4338791,23009.0,0.0010000000474974513,0.00253466097638011,0.0012891475344076753,0.004151711240410805,,,,
207.0,4372,1654380.320183797,1758851840.3499773,23019.0,0.0010000000474974513,0.002497175708413124,0.0012198816984891891,0.004257647320628166,,,,
207.0,4373,1654992.537592082,1758852452.5671742,23029.0,0.0010000000474974513,0.002266986295580864,0.0012033210368826985,0.003545551560819149,,,,
207.0,4374,1655607.213700524,1758853067.2436805,23039.0,0.0010000000474974513,0.002257897052913904,0.0011490383185446262,0.0036961957812309265,,,,
207.0,4375,1656221.052520252,1758853681.0824468,23049.0,0.0010000000474974513,0.002297015395015478,0.0012274900218471885,0.003565083956345916,,,,
207.0,4376,1656835.397046668,1758854295.4266965,23059.0,0.0010000000474974513,0.002275751903653145,0.0011659811716526747,0.0036992363166064024,,,,
207.0,4377,1657430.483929262,1758854890.5140412,23069.0,0.0010000000474974513,0.0027226589154452085,0.0013534743338823318,0.004563948139548302,,,,
207.0,4378,1657934.360455116,1758855394.3904552,23079.0,0.0010000000474974513,0.002198141533881426,0.0010922921355813742,0.003686165437102318,,,,
,4379,1659235.966777678,1758856695.9973547,,,,,,,,,
,4380,1659237.204703092,1758856697.2353005,,,,,,,,,
,4381,1659237.209717694,1758856697.2402868,,,,,,,,,0.07232959568500519
,4382,1659237.418763339,1758856697.4493535,,,,,,,,,
207.0,4383,1659237.494882245,1758856697.5253816,23087.0,,,,,0.05652771517634392,0.07107313722372055,0.026293614879250526,
,4384,1659238.11963109,1758856698.1501966,,,,,,,,,
,4385,1659239.315936646,1758856699.3465238,,,,,,,,,
,4386,1659239.322576064,1758856699.35317,,,,,,,,,
,4387,1659239.52904884,1758856699.5596437,,,,,,,,,
207.0,4388,1659248.187211774,1758856708.2132275,23087.0,,,,,,,,
208.0,4389,1659744.944074954,1758857204.9741578,23089.0,0.0010000000474974513,0.0022863249760121107,0.0011681937612593174,0.003727103816345334,,,,
208.0,4390,1660355.634918271,1758857815.664798,23099.0,0.0010000000474974513,0.002369961701333523,0.001178789883852005,0.003970572259277105,,,,
208.0,4391,1660963.226364446,1758858423.2561982,23109.0,0.0010000000474974513,0.002430001273751259,0.001096996827982366,0.0044433483853936195,,,,
208.0,4392,1661575.512450796,1758859035.5422225,23119.0,0.0010000000474974513,0.002303431276232004,0.0011610209476202726,0.00380803388543427,,,,
208.0,4393,1662186.070241938,1758859646.099892,23129.0,0.0010000000474974513,0.002501660492271185,0.0011886635329574347,0.004376655910164118,,,,
208.0,4394,1662800.838076942,1758860260.8680167,23139.0,0.0010000000474974513,0.0021276792977005243,0.0010624205460771918,0.003550862893462181,,,,
208.0,4395,1663413.61467519,1758860873.6446843,23149.0,0.0010000000474974513,0.002665828913450241,0.0014707189984619617,0.003983700182288885,,,,
208.0,4396,1664022.673970226,1758861482.703525,23159.0,0.0010000000474974513,0.003533091628924012,0.0024431380443274975,0.0036331783048808575,,,,
208.0,4397,1664632.981145715,1758862093.011136,23169.0,0.0010000000474974513,0.0023365248925983906,0.0013108185958117247,0.003419020911678672,,,,
208.0,4398,1665239.620881711,1758862699.6504815,23179.0,0.0010000000474974513,0.0025798825081437826,0.0013380368473008275,0.004139485768973827,,,,
208.0,4399,1665745.006452956,1758863205.0367503,23189.0,0.0010000000474974513,0.002443344332277775,0.0012941595632582903,0.0038306154310703278,,,,
,4400,1667099.127137362,1758864559.1577394,,,,,,,,,
,4401,1667100.319549744,1758864560.350192,,,,,,,,,
,4402,1667100.325322561,1758864560.355856,,,,,,,,,0.10010474920272827
,4403,1667100.534937096,1758864560.5655777,,,,,,,,,
208.0,4404,1667100.593338938,1758864560.6238747,23198.0,,,,,0.03811647370457649,0.10893231630325317,0.005744624882936478,
,4405,1667101.152169168,1758864561.18281,,,,,,,,,
,4406,1667102.352382724,1758864562.3830128,,,,,,,,,
,4407,1667102.358679851,1758864562.3892426,,,,,,,,,
,4408,1667102.566241243,1758864562.5968776,,,,,,,,,
208.0,4409,1667110.533321108,1758864570.560073,23198.0,,,,,,,,
209.0,4410,1667551.76052471,1758865011.7909884,23199.0,0.0010000000474974513,0.0023432548623532057,0.0013046225067228079,0.0034621080849319696,,,,
209.0,4411,1668159.731161702,1758865619.7611778,23209.0,0.0010000000474974513,0.0021248357370495796,0.001096740597859025,0.0034269834868609905,,,,
209.0,4412,1668772.100513502,1758866232.1302826,23219.0,0.0010000000474974513,0.002261215355247259,0.0011719830799847841,0.0036307740956544876,,,,
209.0,4413,1669386.14631706,1758866846.1760943,23229.0,0.0010000000474974513,0.002437110058963299,0.0011873546754941344,0.004165851045399904,,,,
209.0,4414,1669998.541294855,1758867458.5718374,23239.0,0.0010000000474974513,0.0021997662261128426,0.0011306270025670528,0.003563796868547797,,,,
209.0,4415,1670606.549879084,1758868066.5797808,23249.0,0.0010000000474974513,0.0022490762639790773,0.0010912209982052445,0.00385951716452837,,,,
209.0,4416,1671217.665876202,1758868677.6958253,23259.0,0.0010000000474974513,0.002406234387308359,0.0011581494472920895,0.004160283133387566,,,,
209.0,4417,1671832.721179417,1758869292.751079,23269.0,0.0010000000474974513,0.002562008099630475,0.0014223213074728847,0.003798955585807562,,,,
209.0,4418,1672444.14921717,1758869904.1787846,23279.0,0.0010000000474974513,0.002420522505417466,0.0012844090815633535,0.003787044435739517,,,,
209.0,4419,1673057.318464077,1758870517.348327,23289.0,0.0010000000474974513,0.0026058820076286793,0.0014267864171415567,0.003930318634957075,,,,
209.0,4420,1673569.645563587,1758871029.6758406,23299.0,0.0010000000474974513,0.002237773034721613,0.0011322114150971174,0.0036852043122053146,,,,
209.0,4421,1674061.413322099,1758871521.4435036,23309.0,0.0010000000474974513,0.0026069083251059055,0.0013692486099898815,0.004125532694160938,,,,
,4422,1674965.272658255,1758872425.3032796,,,,,,,,,
,4423,1674966.382045089,1758872426.4126563,,,,,,,,,
,4424,1674966.387501768,1758872426.418091,,,,,,,,,0.1245899349451065
,4425,1674966.593717927,1758872426.624373,,,,,,,,,
209.0,4426,1674966.727398814,1758872426.7579355,23309.0,,,,,0.035870276391506195,0.10718559473752975,0.005551833659410477,
,4427,1674967.306878055,1758872427.337523,,,,,,,,,
,4428,1674968.474708342,1758872428.5053535,,,,,,,,,
,4429,1674968.481335085,1758872428.5119054,,,,,,,,,
,4430,1674968.688904633,1758872428.7195299,,,,,,,,,
209.0,4431,1674976.548459398,1758872436.5749037,23309.0,,,,,,,,
210.0,4432,1675952.226666631,1758873412.2561643,23319.0,0.0010000000474974513,0.0022854667622596025,0.001091402373276651,0.003980214241892099,,,,
210.0,4433,1676565.382596535,1758874025.4126818,23329.0,0.0010000000474974513,0.0024967226199805737,0.00113038276322186,0.004554465878754854,,,,
210.0,4434,1677180.269441549,1758874640.2998445,23339.0,0.0010000000474974513,0.0022878109011799097,0.0010824160417541862,0.0040179830975830555,,,,
210.0,4435,1677792.109137006,1758875252.138961,23349.0,0.0010000000474974513,0.002342317719012499,0.0011359862983226776,0.004021104425191879,,,,
210.0,4436,1678402.198944504,1758875862.2287827,23359.0,0.0010000000474974513,0.0022082943469285965,0.001080457353964448,0.003759456565603614,,,,
210.0,4437,1679013.913902707,1758876473.9439082,23369.0,0.0010000000474974513,0.0024288855493068695,0.0012026585172861814,0.00408742344006896,,,,
210.0,4438,1679629.030720726,1758877089.0605588,23379.0,0.0010000000474974513,0.0022308588959276676,0.0010622147237882018,0.0038954801857471466,,,,
210.0,4439,1680240.372298032,1758877700.4023514,23389.0,0.0010000000474974513,0.0021600378677248955,0.001081128721125424,0.003596363589167595,,,,
210.0,4440,1680851.815617352,1758878311.845475,23399.0,0.0010000000474974513,0.0022738741245120764,0.0010365885682404041,0.0041242847219109535,,,,
210.0,4441,1681374.092001815,1758878834.1219637,23409.0,0.0010000000474974513,0.0025301750283688307,0.0013904153602197766,0.0037991986609995365,,,,
210.0,4442,1681877.342632855,1758879337.3723722,23419.0,0.0010000000474974513,0.002436435781419277,0.001312633277848363,0.00374600850045681,,,,
,4443,1682827.568649281,1758880287.5992742,,,,,,,,,
,4444,1682828.718642899,1758880288.7492537,,,,,,,,,
,4445,1682828.724107054,1758880288.7546394,,,,,,,,,0.13571253418922424
,4446,1682829.551863552,1758880289.582484,,,,,,,,,
210.0,4447,1682829.554471968,1758880289.5850332,23420.0,,,,,0.043107159435749054,0.12253882735967636,0.012058923952281475,
,4448,1682830.142911083,1758880290.1735256,,,,,,,,,
,4449,1682831.422530174,1758880291.4531765,,,,,,,,,
,4450,1682831.428956922,1758880291.4595296,,,,,,,,,
,4451,1682831.63819267,1758880291.668716,,,,,,,,,
210.0,4452,1682839.974721767,1758880300.0009594,23420.0,,,,,,,,
211.0,4453,1683761.945747718,1758881221.9757488,23429.0,0.0010000000474974513,0.002171108964830637,0.001039113849401474,0.0037733165081590414,,,,
211.0,4454,1684376.22600266,1758881836.2560496,23439.0,0.0010000000474974513,0.0022295480594038963,0.0010809932136908174,0.0038285155314952135,,,,
211.0,4455,1684986.8706901,1758882446.9001935,23449.0,0.0010000000474974513,0.002395507413893938,0.001115467632189393,0.0042667994275689125,,,,
211.0,4456,1685599.81960472,1758883059.849364,23459.0,0.0010000000474974513,0.0020419443026185036,0.0009522042819298804,0.0036324658431112766,,,,
211.0,4457,1686214.005187148,1758883674.0353482,23469.0,0.0010000000474974513,0.002523013623431325,0.0010543791577219963,0.004895447753369808,,,,
211.0,4458,1686827.995368824,1758884288.0253544,23479.0,0.0010000000474974513,0.002280079759657383,0.0011044183047488332,0.003918871749192476,,,,
211.0,4459,1687441.862102774,1758884901.8920507,23489.0,0.0010000000474974513,0.002639186102896929,0.0012922931928187609,0.004489643033593893,,,,
211.0,4460,1688052.811535407,1758885512.84178,23499.0,0.0010000000474974513,0.002785041928291321,0.0013150052400305867,0.004900121130049229,,,,
211.0,4461,1688662.882932585,1758886122.9132025,23509.0,0.0010000000474974513,0.003971070516854525,0.002819927642121911,0.0038371419068425894,,,,
211.0,4462,1689197.066008289,1758886657.0962296,23519.0,0.0010000000474974513,0.0031721347477287054,0.0019522246439009905,0.004066367633640766,,,,
211.0,4463,1689702.565084244,1758887162.595055,23529.0,0.0010000000474974513,0.002747165970504284,0.0014370791614055634,0.00436695571988821,,,,
,4464,1690700.637158894,1758888160.6677024,,,,,,,,,
,4465,1690701.818878303,1758888161.8495066,,,,,,,,,
,4466,1690701.824272941,1758888161.8548331,,,,,,,,,0.13564585149288177
,4467,1690702.030092229,1758888162.0607495,,,,,,,,,
211.0,4468,1690702.071793416,1758888162.1022463,23531.0,,,,,0.03358087316155434,0.138456791639328,0.005162204150110483,
,4469,1690702.68373395,1758888162.714294,,,,,,,,,
,4470,1690703.871509167,1758888163.9021232,,,,,,,,,
,4471,1690703.87780602,1758888163.9083428,,,,,,,,,
,4472,1690704.090089321,1758888164.1207047,,,,,,,,,
211.0,4473,1690712.005729739,1758888172.0317714,23531.0,,,,,,,,
212.0,4474,1691574.31304206,1758889034.3429363,23539.0,0.0010000000474974513,0.0025163679383695126,0.0013665725709870458,0.0038326510693877935,,,,
212.0,4475,1692187.345963671,1758889647.375916,23549.0,0.0010000000474974513,0.002694240538403392,0.001467108610086143,0.004090440459549427,,,,
212.0,4476,1692801.288365232,1758890261.3181348,23559.0,0.0010000000474974513,0.002428763546049595,0.0014219413278624415,0.0033560742158442736,,,,
212.0,4477,1693413.9034652,1758890873.9336631,23569.0,0.0010000000474974513,0.0025954090524464846,0.0012897653505206108,0.004352145828306675,,,,
212.0,4478,1694023.975218663,1758891484.0050025,23579.0,0.0010000000474974513,0.0025048591196537018,0.0012900102883577347,0.0040494948625564575,,,,
212.0,4479,1694632.402968951,1758892092.432949,23589.0,0.0010000000474974513,0.0023290026001632214,0.0010863735806196928,0.0041420976631343365,,,,
212.0,4480,1695243.108644013,1758892703.138374,23599.0,0.0010000000474974513,0.0023591117933392525,0.0011321273632347584,0.004089947324246168,,,,
212.0,4481,1695851.831034155,1758893311.8612607,23609.0,0.0010000000474974513,0.0024865814484655857,0.0011732790153473616,0.004377674777060747,,,,
212.0,4482,1696464.501447643,1758893924.531649,23619.0,0.0010000000474974513,0.002179153496399522,0.0010681787971407175,0.0037032486870884895,,,,
212.0,4483,1697004.959142467,1758894464.9891636,23629.0,0.0010000000474974513,0.002534118015319109,0.0012354790233075619,0.00432879664003849,,,,
212.0,4484,1697506.782891533,1758894966.813209,23639.0,0.0010000000474974513,0.0024025128223001957,0.0011657956056296825,0.004122389946132898,,,,
,4485,1698551.661168418,1758896011.691792,,,,,,,,,
,4486,1698552.878546147,1758896012.9091759,,,,,,,,,
,4487,1698552.88390739,1758896012.914459,,,,,,,,,0.12110960483551025
,4488,1698553.092441283,1758896013.1230495,,,,,,,,,
212.0,4489,1698553.797290477,1758896013.8277156,23642.0,,,,,0.036425162106752396,0.12494120746850967,0.007337839342653751,
,4490,1698554.375427192,1758896014.4060318,,,,,,,,,
,4491,1698555.553968204,1758896015.5845854,,,,,,,,,
,4492,1698555.560266673,1758896015.5908291,,,,,,,,,
,4493,1698555.778503012,1758896015.8091297,,,,,,,,,
212.0,4494,1698564.238265768,1758896024.264886,23642.0,,,,,,,,
213.0,4495,1699360.274633961,1758896820.3048236,23649.0,0.0010000000474974513,0.0021462382283061743,0.0010858940659090877,0.003534480696544051,,,,
213.0,4496,1699974.591044837,1758897434.6208136,23659.0,0.0010000000474974513,0.0022444736678153276,0.0011316847521811724,0.003709296463057399,,,,
213.0,4497,1700587.192532945,1758898047.2230697,23669.0,0.0010000000474974513,0.0031197192147374153,0.0017602122388780117,0.004531689453870058,,,,
213.0,4498,1701197.805621119,1758898657.835451,23679.0,0.0010000000474974513,0.002863077912479639,0.0014002940151840448,0.004875946324318647,,,,
213.0,4499,1701811.307310156,1758899271.33709,23689.0,0.0010000000474974513,0.005528544075787067,0.004045580513775349,0.004943209700286388,,,,
213.0,4500,1702419.344140524,1758899879.3741138,23699.0,0.0010000000474974513,0.003281405195593834,0.002132764086127281,0.003828803077340126,,,,
213.0,4501,1703030.713461411,1758900490.7431562,23709.0,0.0010000000474974513,0.0030191834084689617,0.001809318084269762,0.004032884258776903,,,,
213.0,4502,1703642.932414448,1758901102.962401,23719.0,0.0010000000474974513,0.0024710523430258036,0.001360830501653254,0.0037007394712418318,,,,
213.0,4503,1704256.257794276,1758901716.2877572,23729.0,0.0010000000474974513,0.0027243411168456078,0.0013932022266089916,0.004437129013240337,,,,
213.0,4504,1704808.836070365,1758902268.8663712,23739.0,0.0010000000474974513,0.003107095370069146,0.0017872415482997894,0.004399512894451618,,,,
213.0,4505,1705313.669360424,1758902773.6991215,23749.0,0.0010000000474974513,0.0027586633805185556,0.0015806680312380195,0.003926650620996952,,,,
,4506,1706413.755119414,1758903873.7857504,,,,,,,,,
,4507,1706414.92673252,1758903874.9573574,,,,,,,,,
,4508,1706414.932236316,1758903874.9628205,,,,,,,,,0.12246157974004745
,4509,1706415.137757011,1758903875.168374,,,,,,,,,
213.0,4510,1706415.699708703,1758903875.7301862,23753.0,,,,,0.03950749710202217,0.13093090057373047,0.004343252629041672,
,4511,1706416.30111431,1758903876.3317018,,,,,,,,,
,4512,1706417.483089661,1758903877.5136943,,,,,,,,,
,4513,1706417.489773651,1758903877.5203414,,,,,,,,,
,4514,1706417.699413208,1758903877.730067,,,,,,,,,
213.0,4515,1706425.566222769,1758903885.5928378,23753.0,,,,,,,,
214.0,4516,1707166.616810775,1758904626.6463888,23759.0,0.0010000000474974513,0.002511529717594385,0.00137879210524261,0.0037757912650704384,,,,
214.0,4517,1707779.752732176,1758905239.7824907,23769.0,0.0010000000474974513,0.0024088756181299686,0.0012507656356319785,0.0038603658322244883,,,,
214.0,4518,1708390.787121582,1758905850.8171232,23779.0,0.0010000000474974513,0.0027080352883785963,0.0014176764525473118,0.004301195964217186,,,,
214.0,4519,1709000.294013503,1758906460.3236952,23789.0,0.0010000000474974513,0.002533146645873785,0.00146058842074126,0.0035751936957240105,,,,
214.0,4520,1709611.508598165,1758907071.5381672,23799.0,0.0010000000474974513,0.0033047155011445284,0.002235202584415674,0.0035650425124913454,,,,
214.0,4521,1710225.869887454,1758907685.9000947,23809.0,0.0010000000474974513,0.0026136261876672506,0.0014484063722193241,0.0038840658962726593,,,,
214.0,4522,1710835.803934457,1758908295.8337088,23819.0,0.0010000000474974513,0.002463103272020817,0.001346584758721292,0.00372172798961401,,,,
214.0,4523,1711448.447532002,1758908908.4776971,23829.0,0.0010000000474974513,0.002417813753709197,0.001419037813320756,0.0033292535226792097,,,,
214.0,4524,1712061.624012865,1758909521.6542346,23839.0,0.0010000000474974513,0.0025295119266957045,0.0013172829058021307,0.00404076324775815,,,,
214.0,4525,1712626.650054541,1758910086.6801372,23849.0,0.0010000000474974513,0.0023168548941612244,0.0011786430841311812,0.003794038901105523,,,,
214.0,4526,1713132.124316407,1758910592.1540496,23859.0,0.0010000000474974513,0.002784447278827429,0.0014557568356394768,0.004428968299180269,,,,
,4527,1714287.408343173,1758911747.4389358,,,,,,,,,
,4528,1714288.607716135,1758911748.6383238,,,,,,,,,
,4529,1714288.613250866,1758911748.6438112,,,,,,,,,0.08004990220069885
,4530,1714288.820578771,1758911748.8512087,,,,,,,,,
214.0,4531,1714288.964177156,1758911748.9946198,23864.0,,,,,0.044424522668123245,0.07731862366199493,0.006846961099654436,
,4532,1714289.550701222,1758911749.5813103,,,,,,,,,
,4533,1714290.766453239,1758911750.7970707,,,,,,,,,
,4534,1714290.772932148,1758911750.8034942,,,,,,,,,
,4535,1714291.015555648,1758911751.0461652,,,,,,,,,
214.0,4536,1714299.000804839,1758911759.0274665,23864.0,,,,,,,,
215.0,4537,1714974.594018631,1758912434.6242118,23869.0,0.0010000000474974513,0.0028162715025246143,0.0017063822597265244,0.003699630731716752,,,,
215.0,4538,1715588.277955359,1758913048.3076868,23879.0,0.0010000000474974513,0.002744356170296669,0.001679939217865467,0.0035480561200529337,,,,
215.0,4539,1716207.754443133,1758913667.784762,23889.0,0.0010000000474974513,0.0028350516222417355,0.0016514272429049015,0.003945414908230305,,,,
215.0,4540,1716827.124062984,1758914287.153955,23899.0,0.0010000000474974513,0.002582053653895855,0.0014120046980679035,0.0039001633413136005,,,,
215.0,4541,1717442.659225034,1758914902.6890476,23909.0,0.0010000000474974513,0.0025871004909276962,0.0014020861126482487,0.003950047306716442,,,,
215.0,4542,1718061.717565001,1758915521.7477527,23919.0,0.0010000000474974513,0.0025011710822582245,0.0012885963078588247,0.004041914828121662,,,,
215.0,4543,1718679.860130651,1758916139.89035,23929.0,0.0010000000474974513,0.002406819723546505,0.0012348480522632599,0.003906572237610817,,,,
215.0,4544,1719298.6009648,1758916758.6308057,23939.0,0.0010000000474974513,0.003546757623553276,0.0021004085429012775,0.004821164067834616,,,,
215.0,4545,1719915.160375372,1758917375.1903796,23949.0,0.0010000000474974513,0.0022921052295714617,0.0012213793816044927,0.003569086315110326,,,,
215.0,4546,1720497.717330726,1758917957.7474487,23959.0,0.0010000000474974513,0.0024999654851853848,0.0014576712856069207,0.003474313532933593,,,,
215.0,4547,1721006.00535024,1758918466.0352864,23969.0,0.0010000000474974513,0.0027503399178385735,0.0015196915483102202,0.0041021606884896755,,,,
,4548,1722213.157399398,1758919673.188022,,,,,,,,,
,4549,1722214.347643407,1758919674.3782883,,,,,,,,,
,4550,1722214.353152273,1758919674.383717,,,,,,,,,0.10890769958496094
,4551,1722214.562160641,1758919674.5928075,,,,,,,,,
215.0,4552,1722214.592793856,1758919674.6232262,23975.0,,,,,0.037567250430583954,0.09523877501487732,0.004558231681585312,
,4553,1722215.189804747,1758919675.2204196,,,,,,,,,
,4554,1722216.380672817,1758919676.4113164,,,,,,,,,
,4555,1722216.387147886,1758919676.4177153,,,,,,,,,
,4556,1722216.600368958,1758919676.631021,,,,,,,,,
215.0,4557,1722225.210645588,1758919685.2364116,23975.0,,,,,,,,
216.0,4558,1722832.44441359,1758920292.473987,23979.0,0.0010000000474974513,0.0020687775686383247,0.00107854965608567,0.003300759708508849,,,,
216.0,4559,1723447.326263359,1758920907.3560035,23989.0,0.0010000000474974513,0.002221599919721484,0.0011006915010511875,0.0037363613955676556,,,,
216.0,4560,1724060.995714875,1758921521.0256333,23999.0,0.0010000000474974513,0.0022920561023056507,0.0010674255900084972,0.00408210139721632,,,,
216.0,4561,1724676.725976262,1758922136.7558296,24009.0,0.0010000000474974513,0.002928027417510748,0.0017757870955392718,0.0038408013060688972,,,,
216.0,4562,1725292.288887565,1758922752.3188741,24019.0,0.0010000000474974513,0.002224826952442527,0.0011709810933098197,0.003512818831950426,,,,
216.0,4563,1725908.958105295,1758923368.9876366,24029.0,0.0010000000474974513,0.002849127631634474,0.0017534259241074324,0.0036523384042084217,,,,
216.0,4564,1726527.268902235,1758923987.2991245,24039.0,0.0010000000474974513,0.004437743686139584,0.0032966083381325006,0.0038037835620343685,,,,
216.0,4565,1727143.684075656,1758924603.7140634,24049.0,0.0010000000474974513,0.0028932797722518444,0.0018377345986664295,0.0035184831358492374,,,,
216.0,4566,1727757.882075914,1758925217.9116945,24059.0,0.0010000000474974513,0.0026958060916513205,0.0015060092555359006,0.003965988755226135,,,,
216.0,4567,1728347.043100646,1758925807.0730302,24069.0,0.0010000000474974513,0.0028867600485682487,0.0014529337640851736,0.004779420793056488,,,,
216.0,4568,1728855.755359843,1758926315.7853732,24079.0,0.0010000000474974513,0.002260231412947178,0.0011543903965502977,0.0036861358676105738,,,,
,4569,1730117.216771208,1758927577.2473264,,,,,,,,,
,4570,1730118.348169307,1758927578.3787732,,,,,,,,,
,4571,1730118.353755251,1758927578.3843207,,,,,,,,,0.08793552964925766
,4572,1730118.567279443,1758927578.5978787,,,,,,,,,
216.0,4573,1730118.607310411,1758927578.6377835,24086.0,,,,,0.03886084631085396,0.10687117278575897,0.004829969257116318,
,4574,1730119.198097413,1758927579.2287357,,,,,,,,,
,4575,1730120.367748878,1758927580.398391,,,,,,,,,
,4576,1730120.374318705,1758927580.404888,,,,,,,,,
,4577,1730120.582749484,1758927580.613369,,,,,,,,,
216.0,4578,1730128.611803085,1758927588.6383514,24086.0,,,,,,,,
217.0,4579,1730679.560815772,1758928139.5911145,24089.0,0.0010000000474974513,0.0024059945717453957,0.0011894295457750559,0.004055216442793608,,,,
217.0,4580,1731294.140914762,1758928754.1708512,24099.0,0.0010000000474974513,0.0027974203694611788,0.001365833100862801,0.004771957639604807,,,,
217.0,4581,1731908.826287266,1758929368.8558326,24109.0,0.0010000000474974513,0.0025134976021945477,0.0012249024584889412,0.004295317456126213,,,,
217.0,4582,1732524.279434263,1758929984.3093865,24119.0,0.0010000000474974513,0.0024236482568085194,0.0013910930138081312,0.003441850421950221,,,,
217.0,4583,1733141.345462837,1758930601.375359,24129.0,0.0010000000474974513,0.0025204974226653576,0.0013803471811115742,0.003800500649958849,,,,
217.0,4584,1733756.724256473,1758931216.7543802,24139.0,0.0010000000474974513,0.002427330007776618,0.0012767964508384466,0.0038351118564605713,,,,
217.0,4585,1734372.119836831,1758931832.1502123,24149.0,0.0010000000474974513,0.0023328789975494146,0.0011717522284016013,0.0038704227190464735,,,,
217.0,4586,1734991.706662043,1758932451.7366807,24159.0,0.0010000000474974513,0.0032434803433716297,0.0019936393946409225,0.004166136495769024,,,,
217.0,4587,1735609.687333377,1758933069.7172763,24169.0,0.0010000000474974513,0.002762405201792717,0.001612792955711484,0.0038320403546094894,,,,
217.0,4588,1736212.60122326,1758933672.6314542,24179.0,0.0010000000474974513,0.002872481942176819,0.0016612248728051782,0.004037523176521063,,,,
217.0,4589,1736724.149505863,1758934184.1798942,24189.0,0.0010000000474974513,0.0025332800578325987,0.0015737402718514204,0.003198466496542096,,,,
,4590,1738039.259632306,1758935499.2902205,,,,,,,,,
,4591,1738040.409294604,1758935500.439925,,,,,,,,,
,4592,1738040.415020849,1758935500.4455633,,,,,,,,,0.026223979890346527
,4593,1738040.626927771,1758935500.6575263,,,,,,,,,
217.0,4594,1738040.761934138,1758935500.7923267,24197.0,,,,,0.037277281284332275,0.034683648496866226,0.004884934052824974,
,4595,1738041.399689835,1758935501.430258,,,,,,,,,
,4596,1738042.546676946,1758935502.5773003,,,,,,,,,
,4597,1738042.552981062,1758935502.583541,,,,,,,,,
,4598,1738042.763999385,1758935502.7946107,,,,,,,,,
217.0,4599,1738051.589833386,1758935511.6158476,24197.0,,,,,,,,
218.0,4600,1738540.054022659,1758936000.083744,24199.0,0.0010000000474974513,0.0031562121585011482,0.0018618319882079959,0.004314600955694914,,,,
218.0,4601,1739153.090343002,1758936613.1206334,24209.0,0.0010000000474974513,0.002869527554139495,0.0016037318855524063,0.004219318740069866,,,,
218.0,4602,1739769.843768974,1758937229.873491,24219.0,0.0010000000474974513,0.0025776736438274384,0.0013896533055230975,0.003960067871958017,,,,
218.0,4603,1740385.422000795,1758937845.451811,24229.0,0.0010000000474974513,0.0025505053345113993,0.0013206115690991282,0.004099645651876926,,,,
218.0,4604,1740997.465158658,1758938457.4949636,24239.0,0.0010000000474974513,0.0026786616072058678,0.001494361786171794,0.003947665449231863,,,,
218.0,4605,1741609.795458576,1758939069.8250556,24249.0,0.0010000000474974513,0.0033158124424517155,0.002085614250972867,0.004100659862160683,,,,
218.0,4606,1742223.619764684,1758939683.6502676,24259.0,0.0010000000474974513,0.002533653751015663,0.0014050825266167521,0.003761904314160347,,,,
218.0,4607,1742840.363879931,1758940300.393906,24269.0,0.0010000000474974513,0.0024524463806301355,0.0013523738598451018,0.0036669084802269936,,,,
218.0,4608,1743455.544237426,1758940915.574446,24279.0,0.0010000000474974513,0.002655153162777424,0.0013816682621836662,0.004244949668645859,,,,
218.0,4609,1744064.320056618,1758941524.3498404,24289.0,0.0010000000474974513,0.0024558776058256626,0.0012644297676160932,0.003971492405980825,,,,
218.0,4610,1744573.935958943,1758942033.9659405,24299.0,0.0010000000474974513,0.002540103392675519,0.0013035011943429708,0.004122008103877306,,,,
,4611,1745931.05425151,1758943391.0848417,,,,,,,,,
,4612,1745932.30063259,1758943392.3312762,,,,,,,,,
,4613,1745932.305993578,1758943392.3365579,,,,,,,,,0.05205017328262329
,4614,1745932.510657274,1758943392.5413146,,,,,,,,,
218.0,4615,1745932.513312747,1758943392.543795,24308.0,,,,,0.041227076202631,0.060056399554014206,0.005887546576559544,
,4616,1745933.115954521,1758943393.1465173,,,,,,,,,
,4617,1745934.298686178,1758943394.3293343,,,,,,,,,
,4618,1745934.304938736,1758943394.3355103,,,,,,,,,
,4619,1745934.511274892,1758943394.5407865,,,,,,,,,
218.0,4620,1745942.987421323,1758943403.0133495,24308.0,,,,,,,,
219.0,4621,1746376.028948084,1758943836.0592966,24309.0,0.0010000000474974513,0.002718987874686718,0.001433712663128972,0.004284251015633345,,,,
219.0,4622,1746986.30348913,1758944446.333857,24319.0,0.0010000000474974513,0.0026337013114243746,0.001256654504686594,0.004590156488120556,,,,
219.0,4623,1747600.992082815,1758945061.0215738,24329.0,0.0010000000474974513,0.002386509906500578,0.001273894333280623,0.003708717878907919,,,,
219.0,4624,1748215.872835669,1758945675.902784,24339.0,0.0010000000474974513,0.0031930559780448675,0.0017996958922594786,0.004644532687962055,,,,
219.0,4625,1748831.227222401,1758946291.2573097,24349.0,0.0010000000474974513,0.0038348152302205563,0.002554840873926878,0.004266581032425165,,,,
219.0,4626,1749446.726409856,1758946906.756427,24359.0,0.0010000000474974513,0.002806547563523054,0.0015880083665251732,0.004061797633767128,,,,
219.0,4627,1750060.816375035,1758947520.8464174,24369.0,0.0010000000474974513,0.0028769958298653364,0.0017459343653172255,0.0037702047266066074,,,,
219.0,4628,1750676.630288602,1758948136.660562,24379.0,0.0010000000474974513,0.0024867751635611057,0.0014064027927815914,0.0036012406926602125,,,,
219.0,4629,1751290.314515648,1758948750.3445272,24389.0,0.0010000000474974513,0.0024444377049803734,0.0013569656293839216,0.00362490676343441,,,,
219.0,4630,1751906.637305331,1758949366.667136,24399.0,0.0010000000474974513,0.003341508563607931,0.002166608115658164,0.003916333895176649,,,,
219.0,4631,1752422.140718756,1758949882.1712403,24409.0,0.0010000000474974513,0.0030200027395039797,0.0017641272861510515,0.004186251666396856,,,,
219.0,4632,1752920.654913745,1758950380.6849372,24419.0,0.0010000000474974513,0.0024978802539408207,0.0014352172147482634,0.0035422099754214287,,,,
,4633,1753836.652186484,1758951296.6827984,,,,,,,,,
,4634,1753837.921261468,1758951297.951905,,,,,,,,,
,4635,1753837.926818748,1758951297.9573922,,,,,,,,,0.1195027306675911
,4636,1753838.13180878,1758951298.162462,,,,,,,,,
219.0,4637,1753838.621025651,1758951298.6514952,24419.0,,,,,0.03894482180476189,0.12142877280712128,0.0072251432575285435,
,4638,1753839.237200741,1758951299.2677705,,,,,,,,,
,4639,1753840.397917947,1758951300.428524,,,,,,,,,
,4640,1753840.404073014,1758951300.434645,,,,,,,,,
,4641,1753840.613531834,1758951300.6441698,,,,,,,,,
219.0,4642,1753848.980763932,1758951309.0074208,24419.0,,,,,,,,
220.0,4643,1754827.058313239,1758952287.0879414,24429.0,0.0010000000474974513,0.002810447011142969,0.0016060606576502323,0.004014621488749981,,,,
220.0,4644,1755442.122567306,1758952902.152765,24439.0,0.0010000000474974513,0.002551933517679572,0.001456324476748705,0.0036520306020975113,,,,
220.0,4645,1756056.639794569,1758953516.6698349,24449.0,0.0010000000474974513,0.002572893165051937,0.0013205116847530007,0.0041746050119400024,,,,
220.0,4646,1756676.577991075,1758954136.6075637,24459.0,0.0010000000474974513,0.0025542424991726875,0.0013624285347759724,0.003972713369876146,,,,
220.0,4647,1757295.707543427,1758954755.737601,24469.0,0.0010000000474974513,0.0022001760080456734,0.0011213754769414663,0.003596001770347357,,,,
220.0,4648,1757910.235884555,1758955370.2661884,24479.0,0.0010000000474974513,0.0025542625226080418,0.0013005523942410946,0.004179034382104874,,,,
220.0,4649,1758528.082466485,1758955988.112484,24489.0,0.0010000000474974513,0.0023429435677826405,0.001165530877187848,0.003924709279090166,,,,
220.0,4650,1759144.250867924,1758956604.281004,24499.0,0.0010000000474974513,0.0024265467654913664,0.0011449952144175768,0.004271837882697582,,,,
220.0,4651,1759759.530807567,1758957219.560731,24509.0,0.0010000000474974513,0.0025046246591955423,0.0012508498039096594,0.00417924951761961,,,,
220.0,4652,1760285.297713148,1758957745.3280456,24519.0,0.0010000000474974513,0.0024483492597937584,0.001179999322630465,0.004227832425385714,,,,
220.0,4653,1760794.184780715,1758958254.2150836,24529.0,0.0010000000474974513,0.0023658997379243374,0.0012237902265042067,0.003807032248005271,,,,
,4654,1761748.329241273,1758959208.359861,,,,,,,,,
,4655,1761749.442522314,1758959209.4731588,,,,,,,,,
,4656,1761749.447986079,1758959209.4785488,,,,,,,,,0.05225595459342003
,4657,1761749.658900694,1758959209.6895387,,,,,,,,,
220.0,4658,1761749.661653837,1758959209.6921833,24530.0,,,,,0.08596494793891907,0.05866754800081253,0.05494246631860733,
,4659,1761750.290124547,1758959210.32071,,,,,,,,,
,4660,1761751.421950053,1758959211.4525619,,,,,,,,,
,4661,1761751.428150089,1758959211.45872,,,,,,,,,
,4662,1761751.641820493,1758959211.672435,,,,,,,,,
220.0,4663,1761760.276624986,1758959220.3026857,24530.0,,,,,,,,
221.0,4664,1762679.976670089,1758960140.0060823,24539.0,0.0010000000474974513,0.0025046449154615402,0.0011757060419768095,0.004429796244949102,,,,
221.0,4665,1763294.268328438,1758960754.298725,24549.0,0.0010000000474974513,0.002738374751061201,0.001264154794625938,0.004914065822958946,,,,
221.0,4666,1763911.336906688,1758961371.3672147,24559.0,0.0010000000474974513,0.0022740240674465895,0.0010343167232349515,0.004132357891649008,,,,
221.0,4667,1764525.588058925,1758961985.6182442,24569.0,0.0010000000474974513,0.002165759215131402,0.0010386444628238678,0.0037570486310869455,,,,
221.0,4668,1765141.229946288,1758962601.2598462,24579.0,0.0010000000474974513,0.0030493622180074453,0.001801920821890235,0.004158138297498226,,,,
221.0,4669,1765757.628430581,1758963217.658369,24589.0,0.0010000000474974513,0.0022943054791539907,0.0011498391395434737,0.003814887721091509,,,,
221.0,4670,1766376.225022128,1758963836.2545576,24599.0,0.0010000000474974513,0.0024958844296634197,0.0012188523542135954,0.004256773740053177,,,,
221.0,4671,1766994.780000327,1758964454.810286,24609.0,0.0010000000474974513,0.0025214720517396927,0.0012891350779682398,0.0041077896021306515,,,,
221.0,4672,1767609.723949964,1758965069.7542737,24619.0,0.0010000000474974513,0.0022759733255952597,0.0012351411860436201,0.003469440620392561,,,,
221.0,4673,1768149.233024537,1758965609.2628956,24629.0,0.0010000000474974513,0.002151095075532794,0.0011184298200532794,0.003442217130213976,,,,
221.0,4674,1768660.464664462,1758966120.494638,24639.0,0.0010000000474974513,0.0024266629479825497,0.0013271700590848923,0.0036649759858846664,,,,
,4675,1769666.914026995,1758967126.9446063,,,,,,,,,
,4676,1769668.116861919,1758967128.1474645,,,,,,,,,
,4677,1769668.122383452,1758967128.1529365,,,,,,,,,0.10372546315193176
,4678,1769668.331004968,1758967128.3615913,,,,,,,,,
221.0,4679,1769668.333698533,1758967128.3642175,24641.0,,,,,0.04414648935198784,0.10422968864440918,0.010225328616797924,
,4680,1769668.926623598,1758967128.9572039,,,,,,,,,
,4681,1769670.095962907,1758967130.1265619,,,,,,,,,
,4682,1769670.102370511,1758967130.132951,,,,,,,,,
,4683,1769670.317151128,1758967130.3477597,,,,,,,,,
221.0,4684,1769678.984833253,1758967139.0109243,24641.0,,,,,,,,
222.0,4685,1770541.624439498,1758968001.6548884,24649.0,0.0010000000474974513,0.0024335843045264482,0.0012285782722756267,0.004016686696559191,,,,
222.0,4686,1771160.389174522,1758968620.4194758,24659.0,0.0010000000474974513,0.0023904750123620033,0.0012266214471310377,0.003879512194544077,,,,
222.0,4687,1771783.367907757,1758969243.3977203,24669.0,0.0010000000474974513,0.002543365815654397,0.0013793513644486666,0.003880048170685768,,,,
222.0,4688,1772406.271654646,1758969866.3021045,24679.0,0.0010000000474974513,0.002387712709605694,0.001111022662371397,0.00425563333556056,,,,
222.0,4689,1773028.645041927,1758970488.6752472,24689.0,0.0010000000474974513,0.00236361101269722,0.0011508355382829905,0.004042584914714098,,,,
222.0,4690,1773649.953451059,1758971109.983269,24699.0,0.0010000000474974513,0.0021531812380999327,0.0010542543604969978,0.003663089592009783,,,,
222.0,4691,1774269.055356384,1758971729.085256,24709.0,0.0010000000474974513,0.0021997597068548203,0.001093386672437191,0.0036879105027765036,,,,
222.0,4692,1774890.436868557,1758972350.4669597,24719.0,0.0010000000474974513,0.0021850753109902143,0.0009669788996689022,0.004060321021825075,,,,
222.0,4693,1775516.659886783,1758972976.6897957,24729.0,0.0010000000474974513,0.0020880955271422863,0.0009225919493474066,0.003885011887177825,,,,
222.0,4694,1776069.632473539,1758973529.6623511,24739.0,0.0010000000474974513,0.00212148018181324,0.0010084151290357113,0.003710216609761119,,,,
222.0,4695,1776582.975774706,1758974043.0056496,24749.0,0.0010000000474974513,0.002133050700649619,0.0010130961891263723,0.0037331818602979183,,,,
,4696,1777646.697169874,1758975106.7277615,,,,,,,,,
,4697,1777647.932286255,1758975107.96293,,,,,,,,,
,4698,1777647.937719326,1758975107.96828,,,,,,,,,0.0861993208527565
,4699,1777648.150247719,1758975108.1808913,,,,,,,,,
222.0,4700,1777648.23469398,1758975108.2651556,24752.0,,,,,0.0747351348400116,0.08454686403274536,0.043464187532663345,
,4701,1777648.859155852,1758975108.8897254,,,,,,,,,
,4702,1777650.064931276,1758975110.0955107,,,,,,,,,
,4703,1777650.071883969,1758975110.1024604,,,,,,,,,
,4704,1777650.283594073,1758975110.3142462,,,,,,,,,
222.0,4705,1777658.69414005,1758975118.720757,24752.0,,,,,,,,
223.0,4706,1778458.415624671,1758975918.4447336,24759.0,0.0010000000474974513,0.0023585427552461624,0.0009762509725987911,0.004607638344168663,,,,
223.0,4707,1779077.182164544,1758976537.212178,24769.0,0.0010000000474974513,0.0022315033711493015,0.0010351118398830295,0.003987970761954784,,,,
223.0,4708,1779698.572861927,1758977158.6026707,24779.0,0.0010000000474974513,0.0019198964582756162,0.0009093973785638809,0.0033683304209262133,,,,
223.0,4709,1780324.21352747,1758977784.2431235,24789.0,0.0010000000474974513,0.0020815811585634947,0.000929785892367363,0.0038393179420381784,,,,
223.0,4710,1780948.787127472,1758978408.8170562,24799.0,0.0010000000474974513,0.0021165753714740276,0.0010599750094115734,0.003522000275552273,,,,
223.0,4711,1781569.506097049,1758979029.536021,24809.0,0.0010000000474974513,0.0018538404256105423,0.0008498878451064229,0.0033465088345110416,,,,
223.0,4712,1782188.992983625,1758979649.022536,24819.0,0.0010000000474974513,0.0019611013121902943,0.0009708628058433533,0.003300794865936041,,,,
223.0,4713,1782810.424250035,1758980270.4541745,24829.0,0.0010000000474974513,0.0021690744906663895,0.0009814504301175475,0.003958746790885925,,,,
223.0,4714,1783430.977496554,1758980891.0074654,24839.0,0.0010000000474974513,0.002142511773854494,0.0009759034728631377,0.0038886938709765673,,,,
223.0,4715,1783991.502348299,1758981451.5323377,24849.0,0.0010000000474974513,0.002071766182780266,0.0009814042132347822,0.0036345403641462326,,,,
223.0,4716,1784504.344197468,1758981964.3743186,24859.0,0.0010000000474974513,0.001980757573619485,0.0009423844167031348,0.003461243584752083,,,,
,4717,1785618.347955011,1758983078.3746648,,,,,,,,,
,4718,1785619.512331374,1758983079.5429807,,,,,,,,,
,4719,1785619.517934664,1758983079.5485196,,,,,,,,,0.10016249120235443
,4720,1785619.72262133,1758983079.753242,,,,,,,,,
223.0,4721,1785619.740603485,1758983079.7711492,24863.0,,,,,0.030556097626686096,0.09092453122138977,0.004589620046317577,
,4722,1785620.36908124,1758983080.3996603,,,,,,,,,
,4723,1785621.651554075,1758983081.6821842,,,,,,,,,
,4724,1785621.659888027,1758983081.6904213,,,,,,,,,
,4725,1785621.876917818,1758983081.9075415,,,,,,,,,
223.0,4726,1785630.378611188,1758983090.4048185,24863.0,,,,,,,,
224.0,4727,1786370.830878025,1758983830.860813,24869.0,0.0010000000474974513,0.001960021909326315,0.0008517003734596074,0.0036944053135812283,,,,
224.0,4728,1786987.874810242,1758984447.9051993,24879.0,0.0010000000474974513,0.0021675836760550737,0.0009409312042407691,0.004088841378688812,,,,
224.0,4729,1787602.423386263,1758985062.4535987,24889.0,0.0010000000474974513,0.002068965695798397,0.0009089379454962909,0.0038667586632072926,,,,
224.0,4730,1788219.259706546,1758985679.2902243,24899.0,0.0010000000474974513,0.0022328486666083336,0.001008547842502594,0.0040810019709169865,,,,
224.0,4731,1788836.058571404,1758986296.0884876,24909.0,0.0010000000474974513,0.0023045330308377743,0.0009358031675219536,0.004562432877719402,,,,
224.0,4732,1789450.51253577,1758986910.542642,24919.0,0.0010000000474974513,0.002282476983964443,0.0010657134698703885,0.004055878147482872,,,,
224.0,4733,1790069.180964244,1758987529.210939,24929.0,0.0010000000474974513,0.002176042180508375,0.001102040521800518,0.003580004908144474,,,,
224.0,4734,1790682.302045763,1758988142.3318815,24939.0,0.0010000000474974513,0.0021455734968185425,0.0010628621093928814,0.0036090374924242496,,,,
224.0,4735,1791298.546622843,1758988758.5765195,24949.0,0.0010000000474974513,0.001979971770197153,0.0009110852843150496,0.003562954720109701,,,,
224.0,4736,1791865.885517911,1758989325.9156663,24959.0,0.0010000000474974513,0.0023340508341789246,0.0010700958082452416,0.004213183186948299,,,,
224.0,4737,1792375.25871344,1758989835.2890158,24969.0,0.0010000000474974513,0.002411884255707264,0.0009732895996421576,0.004795314744114876,,,,
,4738,1793534.034281104,1758990994.0649135,,,,,,,,,
,4739,1793535.30575133,1758990995.3363898,,,,,,,,,
,4740,1793535.311452436,1758990995.3420153,,,,,,,,,0.10574162006378174
,4741,1793535.519730355,1758990995.5503247,,,,,,,,,
224.0,4742,1793536.033997886,1758990996.0644968,24974.0,,,,,0.032653938978910446,0.11489980667829514,0.009890745393931866,
,4743,1793536.664088216,1758990996.6946542,,,,,,,,,
,4744,1793537.865700163,1758990997.8963265,,,,,,,,,
,4745,1793537.872046605,1758990997.9025683,,,,,,,,,
,4746,1793538.077571193,1758990998.108217,,,,,,,,,
224.0,4747,1793546.001851548,1758991006.0284355,24974.0,,,,,,,,
225.0,4748,1794214.751979078,1758991674.7821593,24979.0,0.0010000000474974513,0.00206195842474699,0.0009400647832080722,0.0037396452389657497,,,,
225.0,4749,1794831.500080922,1758992291.5299757,24989.0,0.0010000000474974513,0.002025130670517683,0.0009603114449419081,0.003549397923052311,,,,
225.0,4750,1795447.856645173,1758992907.8865743,24999.0,0.0010000000474974513,0.0028371745720505714,0.0017610688228160143,0.0035870191641151905,,,,
225.0,4751,1796065.205250378,1758993525.2351723,25009.0,0.0010000000474974513,0.002087268279865384,0.0010227119782939553,0.003548521315678954,,,,
225.0,4752,1796680.471410389,1758994140.501874,25019.0,0.0010000000474974513,0.002105213236063719,0.0009943278273567557,0.0037029506638646126,,,,
225.0,4753,1797292.681890439,1758994752.7119508,25029.0,0.0010000000474974513,0.0022022330667823553,0.001009600586257875,0.003975441679358482,,,,
225.0,4754,1797906.902537198,1758995366.9322498,25039.0,0.0010000000474974513,0.0021420130506157875,0.0008824356482364237,0.004198591224849224,,,,
225.0,4755,1798521.169963591,1758995981.199905,25049.0,0.0010000000474974513,0.002137560863047838,0.0010021827183663845,0.0037845936603844166,,,,
225.0,4756,1799139.222867147,1758996599.2528677,25059.0,0.0010000000474974513,0.002122522797435522,0.0008740626508370042,0.004161533433943987,,,,
225.0,4757,1799715.662023478,1758997175.6921191,25069.0,0.0010000000474974513,0.002086753025650978,0.0009198439074680209,0.003889696439728141,,,,
225.0,4758,1800223.873042404,1758997683.9032671,25079.0,0.0010000000474974513,0.0020622110459953547,0.0009335436625406146,0.0037622239906340837,,,,
,4759,1801439.80592552,1758998899.836506,,,,,,,,,
,4760,1801440.970742629,1758998901.0013835,,,,,,,,,
,4761,1801440.97603861,1758998901.0065956,,,,,,,,,0.06554320454597473
,4762,1801441.178846065,1758998901.2094543,,,,,,,,,
225.0,4763,1801441.788999229,1758998901.8194406,25085.0,,,,,0.03430239483714104,0.07426280528306961,0.006713094189763069,
,4764,1801442.3507356,1758998902.3813622,,,,,,,,,
,4765,1801443.533432878,1758998903.564036,,,,,,,,,
,4766,1801443.539650908,1758998903.5702462,,,,,,,,,
,4767,1801443.747428222,1758998903.7780352,,,,,,,,,
225.0,4768,1801452.385993335,1758998912.4125135,25085.0,,,,,,,,
226.0,4769,1802065.080131085,1758999525.110489,25089.0,0.0010000000474974513,0.0019245838047936559,0.000873114971909672,0.0035048960708081722,,,,
226.0,4770,1802683.087523269,1759000143.1178794,25099.0,0.0010000000474974513,0.00246011046692729,0.0009965456556528807,0.00487854890525341,,,,
226.0,4771,1803299.867898158,1759000759.8976057,25109.0,0.0010000000474974513,0.002121135825291276,0.0009804203873500228,0.003802384715527296,,,,
226.0,4772,1803917.869812375,1759001377.900015,25119.0,0.0010000000474974513,0.002194786909967661,0.0009192629950121045,0.004251745995134115,,,,
226.0,4773,1804533.658311532,1759001993.6881049,25129.0,0.0010000000474974513,0.002355456119403243,0.0012249539140611887,0.0037683406844735146,,,,
226.0,4774,1805148.415133716,1759002608.4450161,25139.0,0.0010000000474974513,0.0032647615298628807,0.0021200920455157757,0.003815565723925829,,,,
226.0,4775,1805768.669335772,1759003228.699848,25149.0,0.0010000000474974513,0.0030643646605312824,0.0018175087170675397,0.004156186245381832,,,,
226.0,4776,1806388.517119881,1759003848.5471792,25159.0,0.0010000000474974513,0.0022415751591324806,0.001226722146384418,0.0033828436862677336,,,,
226.0,4777,1807005.262286117,1759004465.2920942,25169.0,0.0010000000474974513,0.002446419093757868,0.0012060320004820824,0.0041346242651343346,,,,
226.0,4778,1807597.373988055,1759005057.4043362,25179.0,0.0010000000474974513,0.0025396912824362516,0.0011634541442617774,0.004587456583976746,,,,
226.0,4779,1808108.860007585,1759005568.890302,25189.0,0.0010000000474974513,0.002326002111658454,0.0010224850848317146,0.004345056600868702,,,,
,4780,1809374.751658778,1759006834.7822905,,,,,,,,,
,4781,1809375.912584525,1759006835.943235,,,,,,,,,
,4782,1809375.917820575,1759006835.9483938,,,,,,,,,0.07079002261161804
,4783,1809376.130177266,1759006836.160832,,,,,,,,,
226.0,4784,1809376.132754426,1759006836.163325,25196.0,,,,,0.04241175949573517,0.07329484075307846,0.009780876338481903,
,4785,1809376.767425607,1759006836.7979581,,,,,,,,,
,4786,1809377.866971837,1759006837.8975866,,,,,,,,,
,4787,1809377.87295767,1759006837.903541,,,,,,,,,
,4788,1809378.083047419,1759006838.1136763,,,,,,,,,
226.0,4789,1809386.518273313,1759006846.5449114,25196.0,,,,,,,,
227.0,4790,1809938.338831216,1759007398.3689084,25199.0,0.0010000000474974513,0.0029224385507404804,0.001392821897752583,0.005098721943795681,,,,
227.0,4791,1810559.544146607,1759008019.5741014,25209.0,0.0010000000474974513,0.0024321519304066896,0.0011278428137302399,0.0043476964347064495,,,,
227.0,4792,1811178.691565439,1759008638.721641,25219.0,0.0010000000474974513,0.002320168074220419,0.0011863164836540818,0.003779505379498005,,,,
227.0,4793,1811796.942713869,1759009256.9730608,25229.0,0.0010000000474974513,0.0021447287872433662,0.001167781068943441,0.0032564918510615826,,,,
227.0,4794,1812412.431288662,1759009872.461335,25239.0,0.0010000000474974513,0.002221238799393177,0.0011963184224441648,0.003416401334106922,,,,
227.0,4795,1813028.861219708,1759010488.8912804,25249.0,0.0010000000474974513,0.0024437112733721733,0.0010946060065180063,0.004497018177062273,,,,
227.0,4796,1813648.054125155,1759011108.0843184,25259.0,0.0010000000474974513,0.002505349228158593,0.0014589766506105661,0.0034879085142165422,,,,
227.0,4797,1814271.36343806,1759011731.39287,25269.0,0.0010000000474974513,0.0026820749044418335,0.0014363976661115885,0.004152257461100817,,,,
227.0,4798,1814897.410943564,1759012357.4409423,25279.0,0.0010000000474974513,0.0021362346597015858,0.0011035616043955088,0.0034422436729073524,,,,
227.0,4799,1815504.290400867,1759012964.3203356,25289.0,0.0010000000474974513,0.0024553618859499693,0.0012386271264404058,0.004055781755596399,,,,
227.0,4800,1816016.745285586,1759013476.7752643,25299.0,0.0010000000474974513,0.00238239299505949,0.0010457637254148722,0.0044554308988153934,,,,
,4801,1817340.663578443,1759014800.694099,,,,,,,,,
,4802,1817341.902957619,1759014801.9335153,,,,,,,,,
,4803,1817341.908220364,1759014801.9387515,,,,,,,,,0.12991134822368622
,4804,1817342.117722077,1759014802.1483655,,,,,,,,,
227.0,4805,1817342.120334052,1759014802.1508873,25307.0,,,,,0.0461726151406765,0.1497054249048233,0.02006966806948185,
,4806,1817342.70163025,1759014802.7322228,,,,,,,,,
,4807,1817343.911078754,1759014803.9416752,,,,,,,,,
,4808,1817343.917627145,1759014803.948179,,,,,,,,,
,4809,1817344.127235036,1759014804.1578882,,,,,,,,,
227.0,4810,1817352.553322346,1759014812.5797713,25307.0,,,,,,,,
228.0,4811,1817843.027579759,1759015303.0572321,25309.0,0.0010000000474974513,0.002066916786134243,0.0009195047314278781,0.0038247061893343925,,,,
228.0,4812,1818465.080587013,1759015925.110682,25319.0,0.0010000000474974513,0.002253835555166006,0.0008926704758778214,0.004537216853350401,,,,
228.0,4813,1819087.743320139,1759016547.7738006,25329.0,0.0010000000474974513,0.0025846457574516535,0.001190413604490459,0.004647440277040005,,,,
228.0,4814,1819712.160234625,1759017172.1899726,25339.0,0.0010000000474974513,0.002242723014205694,0.001128251664340496,0.0037149034906178713,,,,
228.0,4815,1820335.700755398,1759017795.730931,25349.0,0.0010000000474974513,0.004771636798977852,0.003503493731841445,0.004227143712341785,,,,
228.0,4816,1820957.776328207,1759018417.806302,25359.0,0.0010000000474974513,0.002893049269914627,0.0016068252734839916,0.0042874133214354515,,,,
228.0,4817,1821580.807866118,1759019040.8375697,25369.0,0.0010000000474974513,0.0036468137986958027,0.002535599982365966,0.0037040456663817167,,,,
228.0,4818,1822202.119956813,1759019662.1501665,25379.0,0.0010000000474974513,0.0031695752404630184,0.0017901057144626975,0.004598231520503759,,,,
228.0,4819,1822825.950545313,1759020285.9805837,25389.0,0.0010000000474974513,0.0035761012695729733,0.002139461925253272,0.004788797348737717,,,,
228.0,4820,1823446.375215354,1759020906.4053845,25399.0,0.0010000000474974513,0.00268651288934052,0.001518517849035561,0.0038933169562369585,,,,
228.0,4821,1823961.400032389,1759021421.4301245,25409.0,0.0010000000474974513,0.0025112545117735863,0.0013626967556774616,0.003828526008874178,,,,
,4822,1825331.318813647,1759022791.3494444,,,,,,,,,
,4823,1825332.520492473,1759022792.5511353,,,,,,,,,
,4824,1825332.525878851,1759022792.5564098,,,,,,,,,0.06119300425052643
,4825,1825332.736114643,1759022792.7667196,,,,,,,,,
228.0,4826,1825333.280550412,1759022793.3110096,25418.0,,,,,0.03728841617703438,0.08923134207725525,0.008384131826460361,
,4827,1825333.874734503,1759022793.9053133,,,,,,,,,
,4828,1825335.189527442,1759022795.220174,,,,,,,,,
,4829,1825335.196171942,1759022795.2267342,,,,,,,,,
,4830,1825335.403657506,1759022795.4342887,,,,,,,,,
228.0,4831,1825344.254116293,1759022804.28004,25418.0,,,,,,,,
229.0,4832,1825786.204488684,1759023246.2344103,25419.0,0.0010000000474974513,0.0024764337576925755,0.0012548647355288267,0.004071896430104971,,,,
229.0,4833,1826400.148928904,1759023860.1788754,25429.0,0.0010000000474974513,0.002331376075744629,0.0010943941306322813,0.004123272839933634,,,,
229.0,4834,1827019.753051119,1759024479.7826371,25439.0,0.0010000000474974513,0.002235419349744916,0.0011426180135458708,0.0036426708102226257,,,,
229.0,4835,1827641.476003583,1759025101.5064917,25449.0,0.0010000000474974513,0.0023630671203136444,0.0011681754840537906,0.0039829714223742485,,,,
229.0,4836,1828267.886802608,1759025727.917076,25459.0,0.0010000000474974513,0.002415820024907589,0.0011981700081378222,0.004058833234012127,,,,
229.0,4837,1828890.686302786,1759026350.7157416,25469.0,0.0010000000474974513,0.0026863638777285814,0.0014829931315034628,0.004011236131191254,,,,
229.0,4838,1829509.925730858,1759026969.9557998,25479.0,0.0010000000474974513,0.003322205040603876,0.002027136040851474,0.004316897131502628,,,,
229.0,4839,1830130.762674192,1759027590.7927635,25489.0,0.0010000000474974513,0.002530711004510522,0.0014358868356794119,0.0036494138184934855,,,,
229.0,4840,1830752.155669218,1759028212.1859262,25499.0,0.0010000000474974513,0.003017791546881199,0.001700866618193686,0.004389749839901924,,,,
229.0,4841,1831374.29254294,1759028834.32289,25509.0,0.0010000000474974513,0.0023685083724558353,0.0012766749132424593,0.003639445174485445,,,,
229.0,4842,1831892.600671793,1759029352.6308427,25519.0,0.0010000000474974513,0.0023631544318050146,0.001230932422913611,0.003774072974920273,,,,
229.0,4843,1832392.373699234,1759029852.4039981,25529.0,0.0010000000474974513,0.0026755155995488167,0.001355689368210733,0.004399421159178019,,,,
,4844,1833318.452080765,1759030778.4826796,,,,,,,,,
,4845,1833319.605961488,1759030779.636554,,,,,,,,,
,4846,1833319.611307008,1759030779.6418824,,,,,,,,,0.08376827090978622
,4847,1833319.821437453,1759030779.8520844,,,,,,,,,
229.0,4848,1833319.887725392,1759030779.9182398,25529.0,,,,,0.03890860453248024,0.08851321786642075,0.012958664447069168,
,4849,1833320.498941912,1759030780.5295672,,,,,,,,,
,4850,1833321.661438282,1759030781.6920705,,,,,,,,,
,4851,1833321.667846774,1759030781.6984081,,,,,,,,,
,4852,1833321.878030615,1759030781.9086604,,,,,,,,,
229.0,4853,1833329.685297881,1759030789.7118104,25529.0,,,,,,,,
230.0,4854,1834321.975280116,1759031782.005515,25539.0,0.0010000000474974513,0.0022754892706871033,0.001091688871383667,0.003946000710129738,,,,
230.0,4855,1834943.600894503,1759032403.6308718,25549.0,0.0010000000474974513,0.002250958001241088,0.0011091881897300482,0.0038058990612626076,,,,
230.0,4856,1835565.449754487,1759033025.4798942,25559.0,0.0010000000474974513,0.0021765916608273983,0.0011334134032949805,0.003477259771898389,,,,
230.0,4857,1836186.884308585,1759033646.9141443,25569.0,0.0010000000474974513,0.0021837467793375254,0.0010743166785687208,0.003698100568726659,,,,
230.0,4858,1836810.211350066,1759034270.2413776,25579.0,0.0010000000474974513,0.002421666868031025,0.001275751506909728,0.003819718025624752,,,,
230.0,4859,1837431.757255235,1759034891.7873237,25589.0,0.0010000000474974513,0.002506745047867298,0.001346110599115491,0.0038687812630087137,,,,
230.0,4860,1838054.74933813,1759035514.77897,25599.0,0.0010000000474974513,0.0023018240462988615,0.0011621221201494336,0.0037990061100572348,,,,
230.0,4861,1838676.968274769,1759036136.998544,25609.0,0.0010000000474974513,0.0021748170256614685,0.0010545329423621297,0.0037342803552746773,,,,
230.0,4862,1839302.434531618,1759036762.4648597,25619.0,0.0010000000474974513,0.0026265038177371025,0.0013737173285335302,0.004175955429673195,,,,
230.0,4863,1839831.801828587,1759037291.8316696,25629.0,0.0010000000474974513,0.00241492735221982,0.0011276780860498548,0.00429083127528429,,,,
230.0,4864,1840342.444500988,1759037802.4748118,25639.0,0.0010000000474974513,0.0021872243378311396,0.0010312554659321904,0.0038532293401658535,,,,
,4865,1841302.754137127,1759038762.784715,,,,,,,,,
,4866,1841303.935145448,1759038763.9657865,,,,,,,,,
,4867,1841303.940769055,1759038763.9713166,,,,,,,,,0.07618232071399689
,4868,1841304.150626355,1759038764.1812432,,,,,,,,,
230.0,4869,1841304.15693272,1759038764.1874363,25640.0,,,,,0.04661040008068085,0.08148299157619476,0.018125759437680244,
,4870,1841304.78507203,1759038764.8156393,,,,,,,,,
,4871,1841305.949062171,1759038765.9797058,,,,,,,,,
,4872,1841305.955393337,1759038765.9859517,,,,,,,,,
,4873,1841306.165938139,1759038766.196546,,,,,,,,,
230.0,4874,1841314.132628982,1759038774.1588252,25640.0,,,,,,,,
231.0,4875,1842245.15897468,1759039705.1890411,25649.0,0.0010000000474974513,0.002137811854481697,0.0009528191876597703,0.003949975129216909,,,,
231.0,4876,1842869.714996689,1759040329.7449331,25659.0,0.0010000000474974513,0.0020649698562920094,0.0009526460198685527,0.0037077455781400204,,,,
231.0,4877,1843490.631010875,1759040950.6611323,25669.0,0.0010000000474974513,0.0019439073512330651,0.0009184989612549543,0.0034180274233222008,,,,
231.0,4878,1844111.377547534,1759041571.4075933,25679.0,0.0010000000474974513,0.0020217166747897863,0.0008955795783549547,0.0037537901662290096,,,,
231.0,4879,1844734.745575932,1759042194.7758005,25689.0,0.0010000000474974513,0.0018002117285504937,0.0008848413126543164,0.0030512348748743534,,,,
231.0,4880,1845356.981346224,1759042817.0117211,25699.0,0.0010000000474974513,0.0023126532323658466,0.0012763922568410635,0.0034542034845799208,,,,
231.0,4881,1845978.334547827,1759043438.364815,25709.0,0.0010000000474974513,0.0024877216201275587,0.0010528111597523093,0.004783034324645996,,,,
231.0,4882,1846601.909497709,1759044061.9394076,25719.0,0.0010000000474974513,0.0023039481602609158,0.0010959544451907277,0.004026645794510841,,,,
231.0,4883,1847222.179850436,1759044682.209948,25729.0,0.0010000000474974513,0.002125858562067151,0.0010074321180582047,0.003728087991476059,,,,
231.0,4884,1847765.857738507,1759045225.8874283,25739.0,0.0010000000474974513,0.0021448314655572176,0.0009703453979454935,0.003914953209459782,,,,
231.0,4885,1848280.180209595,1759045740.210421,25749.0,0.0010000000474974513,0.0022128229029476643,0.0009304576087743044,0.004274550825357437,,,,
,4886,1849290.988855095,1759046751.0194685,,,,,,,,,
,4887,1849292.176517645,1759046752.2070975,,,,,,,,,
,4888,1849292.182027532,1759046752.2125816,,,,,,,,,0.11057750880718231
,4889,1849292.387406178,1759046752.418064,,,,,,,,,
231.0,4890,1849292.390184653,1759046752.42065,25751.0,,,,,0.03900837153196335,0.08866837620735168,0.014353626407682896,
,4891,1849292.96967786,1759046753.000314,,,,,,,,,
,4892,1849294.231611959,1759046754.262246,,,,,,,,,
,4893,1849294.237935406,1759046754.2684782,,,,,,,,,
,4894,1849294.450479811,1759046754.4811108,,,,,,,,,
231.0,4895,1849302.79139185,1759046762.817997,25751.0,,,,,,,,
232.0,4896,1850175.345052146,1759047635.3752515,25759.0,0.0010000000474974513,0.00219489517621696,0.0009353734785690904,0.004198405425995588,,,,
232.0,4897,1850797.689025813,1759048257.7190325,25769.0,0.0010000000474974513,0.0022079176269471645,0.0008710009278729558,0.0044563887640833855,,,,
232.0,4898,1851418.274954208,1759048878.3046665,25779.0,0.0010000000474974513,0.00210093567147851,0.001002041855826974,0.003662979230284691,,,,
232.0,4899,1852040.914183081,1759049500.944193,25789.0,0.0010000000474974513,0.0023493217304348946,0.0011683836346492171,0.00393645977601409,,,,
232.0,4900,1852664.794544217,1759050124.8248253,25799.0,0.0010000000474974513,0.0024619444739073515,0.0012006423203274608,0.004204339813441038,,,,
232.0,4901,1853289.07668381,1759050749.1065917,25809.0,0.0010000000474974513,0.0021009959746152163,0.001051147934049368,0.003499493235722184,,,,
232.0,4902,1853912.161375627,1759051372.1909752,25819.0,0.0010000000474974513,0.002369566122069955,0.0011002784594893456,0.00423095840960741,,,,
232.0,4903,1854536.396836898,1759051996.4267528,25829.0,0.0010000000474974513,0.002491752617061138,0.0014738824684172869,0.003392899874597788,,,,
232.0,4904,1855159.236788884,1759052619.2666597,25839.0,0.0010000000474974513,0.0025123856030404568,0.0012004108866676688,0.004373249132186174,,,,
232.0,4905,1855710.503623027,1759053170.533754,25849.0,0.0010000000474974513,0.0023403491359204054,0.001228228211402893,0.0037070689722895622,,,,
232.0,4906,1856222.991383555,1759053683.021666,25859.0,0.0010000000474974513,0.0021292762830853462,0.0010668030008673668,0.003541577374562621,,,,
,4907,1857286.38294988,1759054746.4038956,,,,,,,,,
,4908,1857287.54696723,1759054747.577568,,,,,,,,,
,4909,1857287.552648292,1759054747.5832088,,,,,,,,,0.08521907031536102
,4910,1857287.763254299,1759054747.7938774,,,,,,,,,
232.0,4911,1857287.765894758,1759054747.7963965,25862.0,,,,,0.041624028235673904,0.08055628091096878,0.012347209267318249,
,4912,1857288.357772116,1759054748.388357,,,,,,,,,
,4913,1857289.564229854,1759054749.5948246,,,,,,,,,
,4914,1857289.570669276,1759054749.6012383,,,,,,,,,
,4915,1857289.777046909,1759054749.8076937,,,,,,,,,
232.0,4916,1857297.696535322,1759054757.7229788,25862.0,,,,,,,,
233.0,4917,1858102.318489518,1759055562.3485794,25869.0,0.0010000000474974513,0.002096525626257062,0.000994411762803793,0.0036737124901264906,,,,
233.0,4918,1858724.330130126,1759056184.3602564,25879.0,0.0010000000474974513,0.0020796218886971474,0.0010355832055211067,0.003480128478258848,,,,
233.0,4919,1859344.96007636,1759056804.9884932,25889.0,0.0010000000474974513,0.0020330024417489767,0.0010099716018885374,0.0034101030323654413,,,,
233.0,4920,1859967.655749541,1759057427.6856294,25899.0,0.0010000000474974513,0.0026774811558425426,0.0013758046552538872,0.00433892197906971,,,,
233.0,4921,1860593.311553634,1759058053.3411207,25909.0,0.0010000000474974513,0.0023146159946918488,0.0012113737175241113,0.0036774734035134315,,,,
233.0,4922,1861216.596863422,1759058676.6267924,25919.0,0.0010000000474974513,0.0022546520922333,0.0010781068122014403,0.003921817056834698,,,,
233.0,4923,1861837.56271485,1759059297.5925395,25929.0,0.0010000000474974513,0.0026105211582034826,0.0011625733459368348,0.004826492629945278,,,,
233.0,4924,1862457.681292051,1759059917.7117975,25939.0,0.0010000000474974513,0.002054963493719697,0.0009193861624225974,0.0037852574605494738,,,,
233.0,4925,1863081.887280652,1759060541.9172978,25949.0,0.0010000000474974513,0.002218829467892647,0.0009376768139190972,0.004270508419722319,,,,
233.0,4926,1863646.283872722,1759061106.3136327,25959.0,0.0010000000474974513,0.0021889847703278065,0.0009506178321316838,0.004127889405936003,,,,
233.0,4927,1864160.319623604,1759061620.349498,25969.0,0.0010000000474974513,0.002083619125187397,0.0010714521631598473,0.0033738892525434494,,,,
,4928,1865277.123036904,1759062737.1536283,,,,,,,,,
,4929,1865278.336666484,1759062738.3672826,,,,,,,,,
,4930,1865278.341769086,1759062738.372347,,,,,,,,,0.061962228268384933
,4931,1865279.148846757,1759062739.1794968,,,,,,,,,
233.0,4932,1865279.15144747,1759062739.1819894,25973.0,,,,,0.08209854364395142,0.056971170008182526,0.05018050596117973,
,4933,1865279.71297586,1759062739.7436059,,,,,,,,,
,4934,1865280.917407831,1759062740.9480555,,,,,,,,,
,4935,1865280.923869109,1759062740.9544396,,,,,,,,,
,4936,1865281.132795785,1759062741.1634507,,,,,,,,,
233.0,4937,1865289.106962909,1759062749.1330297,25973.0,,,,,,,,
234.0,4938,1866029.953635151,1759063489.983596,25979.0,0.0010000000474974513,0.002179257571697235,0.0010333473328500986,0.003819700563326478,,,,
234.0,4939,1866650.672725807,1759064110.7029486,25989.0,0.0010000000474974513,0.0022934679873287678,0.001138704945333302,0.0038492099847644567,,,,
234.0,4940,1867272.228488275,1759064732.2583742,25999.0,0.0010000000474974513,0.0021513551473617554,0.0009543457999825478,0.003990030847489834,,,,
234.0,4941,1867895.072626029,1759065355.1026673,26009.0,0.0010000000474974513,0.0023384694941341877,0.001133039128035307,0.004018101375550032,,,,
234.0,4942,1868517.585737667,1759065977.6154504,26019.0,0.0010000000474974513,0.0024240491911768913,0.0012345293071120977,0.003965066280215979,,,,
234.0,4943,1869143.461264841,1759066603.4910026,26029.0,0.0010000000474974513,0.002181363059207797,0.0009339731186628342,0.004157966002821922,,,,
234.0,4944,1869765.188205175,1759067225.2179759,26039.0,0.0010000000474974513,0.002043810673058033,0.0009311430621892214,0.0037088915705680847,,,,
234.0,4945,1870389.520349799,1759067849.5506616,26049.0,0.0010000000474974513,0.0019511491991579533,0.0008989466587081552,0.003507341491058469,,,,
234.0,4946,1871011.883131592,1759068471.913032,26059.0,0.0010000000474974513,0.0022353478707373142,0.0010169408051297069,0.004061357118189335,,,,
234.0,4947,1871586.316806712,1759069046.3467646,26069.0,0.0010000000474974513,0.002800921443849802,0.0014511457411572337,0.00449925335124135,,,,
234.0,4948,1872101.111059069,1759069561.141107,26079.0,0.0010000000474974513,0.004370745271444321,0.003236864460632205,0.003779602935537696,,,,
,4949,1873269.978921075,1759070730.0094898,,,,,,,,,
,4950,1873271.178571118,1759070731.2091794,,,,,,,,,
,4951,1873271.183893781,1759070731.2144606,,,,,,,,,0.08519606292247772
,4952,1873271.392402621,1759070731.423032,,,,,,,,,
234.0,4953,1873271.395071349,1759070731.4255722,26084.0,,,,,0.04487423226237297,0.08828568458557129,0.004967013839632273,
,4954,1873271.978115745,1759070732.008733,,,,,,,,,
,4955,1873273.09913364,1759070733.129773,,,,,,,,,
,4956,1873273.105780134,1759070733.1363397,,,,,,,,,
,4957,1873273.350710536,1759070733.3813531,,,,,,,,,
234.0,4958,1873281.991932816,1759070742.018498,26084.0,,,,,,,,
235.0,4959,1873956.180759279,1759071416.2106912,26089.0,0.0010000000474974513,0.002576279453933239,0.0014808918349444866,0.003651291597634554,,,,
235.0,4960,1874579.837527838,1759072039.8670688,26099.0,0.0010000000474974513,0.002872588811442256,0.001578285824507475,0.004314342513680458,,,,
235.0,4961,1875200.661004898,1759072660.691286,26109.0,0.0010000000474974513,0.0024401689879596233,0.0013176342472434044,0.003741782857105136,,,,
235.0,4962,1875822.613010835,1759073282.6426272,26119.0,0.0010000000474974513,0.003233402967453003,0.001879729563370347,0.004512243904173374,,,,
235.0,4963,1876445.388076775,1759073905.4178176,26129.0,0.0010000000474974513,0.0031499923206865788,0.001911406172439456,0.004128620494157076,,,,
235.0,4964,1877068.314959755,1759074528.3454971,26139.0,0.0010000000474974513,0.0024456940591335297,0.0013978224014863372,0.003492905292659998,,,,
235.0,4965,1877693.798211703,1759075153.8281696,26149.0,0.0010000000474974513,0.0030039737466722727,0.0017368841217830777,0.0042236316949129105,,,,
235.0,4966,1878317.146700225,1759075777.1769185,26159.0,0.0010000000474974513,0.0025275617372244596,0.0014606292825192213,0.003556441282853484,,,,
235.0,4967,1878938.956143962,1759076398.9866214,26169.0,0.0010000000474974513,0.003551429370418191,0.0022670833859592676,0.004281152971088886,,,,
235.0,4968,1879522.080195685,1759076982.1101298,26179.0,0.0010000000474974513,0.002704816171899438,0.0016088964184746146,0.0036530657671391964,,,,
235.0,4969,1880037.753799425,1759077497.7840703,26189.0,0.0010000000474974513,0.0022374307736754417,0.001212103059515357,0.003417758736759424,,,,
,4970,1881257.019025105,1759078717.0496562,,,,,,,,,
,4971,1881258.198828261,1759078718.229405,,,,,,,,,
,4972,1881258.204706995,1759078718.2352893,,,,,,,,,0.07477397471666336
,4973,1881258.417927201,1759078718.448534,,,,,,,,,
235.0,4974,1881258.420600078,1759078718.451121,26195.0,,,,,0.03660031035542488,0.09454751759767532,0.004621298052370548,
,4975,1881259.058047921,1759078719.0886028,,,,,,,,,
,4976,1881260.312962157,1759078720.3435953,,,,,,,,,
,4977,1881260.319394264,1759078720.3499725,,,,,,,,,
,4978,1881260.530058487,1759078720.5607042,,,,,,,,,
235.0,4979,1881269.00603037,1759078729.0320518,26195.0,,,,,,,,
236.0,4980,1881886.910774934,1759079346.94051,26199.0,0.0010000000474974513,0.002427320461720228,0.0015016188845038414,0.00308567238971591,,,,
236.0,4981,1882509.486127931,1759079969.5164871,26209.0,0.0010000000474974513,0.002316268626600504,0.0011792631121352315,0.003790018381550908,,,,
236.0,4982,1883130.860865537,1759080590.8907857,26219.0,0.0010000000474974513,0.0020979605615139008,0.0010407521622255445,0.0035240277647972107,,,,
236.0,4983,1883753.817097912,1759081213.8463936,26229.0,0.0010000000474974513,0.0023099533282220364,0.0009678842034190893,0.004473563749343157,,,,
236.0,4984,1884379.606495087,1759081839.6364434,26239.0,0.0010000000474974513,0.0024380753748118877,0.0014266904909163713,0.003371282946318388,,,,
236.0,4985,1885001.960673442,1759082461.9906602,26249.0,0.0010000000474974513,0.003366142977029085,0.0023578305263072252,0.0033610404934734106,,,,
236.0,4986,1885627.280374926,1759083087.3100405,26259.0,0.0010000000474974513,0.006446558516472578,0.005226384848356247,0.004067244473844767,,,,
236.0,4987,1886251.71374634,1759083711.7436872,26269.0,0.0010000000474974513,0.0035248026251792908,0.00232426798902452,0.004001782275736332,,,,
236.0,4988,1886872.965025535,1759084332.9953024,26279.0,0.0010000000474974513,0.00277877738699317,0.0016342041781172156,0.003815243486315012,,,,
236.0,4989,1887470.177410342,1759084930.2077777,26289.0,0.0010000000474974513,0.002837937790900469,0.0018152883276343346,0.0034088308457285166,,,,
236.0,4990,1887985.699621303,1759085445.729863,26299.0,0.0010000000474974513,0.004840705078095198,0.0034800188150256872,0.004535621032118797,,,,
,4991,1889260.099443146,1759086720.1300368,,,,,,,,,
,4992,1889261.27066677,1759086721.30129,,,,,,,,,
,4993,1889261.275972251,1759086721.3065326,,,,,,,,,0.09435763955116272
,4994,1889261.484923125,1759086721.515533,,,,,,,,,
236.0,4995,1889261.487876459,1759086721.5183978,26306.0,,,,,0.06403302401304245,0.09449924528598785,0.0206542257219553,
,4996,1889262.074186382,1759086722.1047952,,,,,,,,,
,4997,1889263.219799941,1759086723.2504182,,,,,,,,,
,4998,1889263.226045259,1759086723.2566333,,,,,,,,,
,4999,1889263.437690961,1759086723.4683356,,,,,,,,,
236.0,5000,1889271.351441656,1759086731.3780234,26306.0,,,,,,,,
237.0,5001,1889824.312437653,1759087284.342512,26309.0,0.0010000000474974513,0.0028210680466145277,0.0017958341632038355,0.0034174465108662844,,,,
237.0,5002,1890444.857297936,1759087904.8867674,26319.0,0.0010000000474974513,0.0030059602577239275,0.0019011753611266613,0.0036826161667704582,,,,
237.0,5003,1891069.6667652,1759088529.6967928,26329.0,0.0010000000474974513,0.003130530007183552,0.0021040018182247877,0.003421760629862547,,,,
237.0,5004,1891690.828603453,1759089150.858544,26339.0,0.0010000000474974513,0.0032927575521171093,0.0019778581336140633,0.004382997751235962,,,,
237.0,5005,1892313.342921417,1759089773.3722692,26349.0,0.0010000000474974513,0.0031755322124809027,0.0020785806700587273,0.0036565051414072514,,,,
237.0,5006,1892935.031825353,1759090395.06137,26359.0,0.0010000000474974513,0.0028024285566061735,0.0015648823464289308,0.00412515364587307,,,,
237.0,5007,1893557.96042155,1759091017.9908247,26369.0,0.0010000000474974513,0.0032082409597933292,0.0019361833110451698,0.004240191541612148,,,,
237.0,5008,1894181.346811398,1759091641.3766944,26379.0,0.0010000000474974513,0.002481744159013033,0.0013921778881922364,0.003631887724623084,,,,
237.0,5009,1894802.063510579,1759092262.0934694,26389.0,0.0010000000474974513,0.004485482349991798,0.0033575277775526047,0.0037598491180688143,,,,
237.0,5010,1895409.546112729,1759092869.5761409,26399.0,0.0010000000474974513,0.003155950689688325,0.0019572079181671143,0.003995809704065323,,,,
237.0,5011,1895923.605074344,1759093383.6351368,26409.0,0.0010000000474974513,0.002985528204590082,0.0018392745405435562,0.003820844693109393,,,,
,5012,1897251.422002808,1759094711.4526255,,,,,,,,,
,5013,1897252.611613655,1759094712.6422534,,,,,,,,,
,5014,1897252.617164421,1759094712.6477194,,,,,,,,,0.07981608062982559
,5015,1897252.826154326,1759094712.8567812,,,,,,,,,
237.0,5016,1897252.860743892,1759094712.8912377,26417.0,,,,,0.03881394490599632,0.09216034412384033,0.008919422514736652,
,5017,1897253.45456798,1759094713.4851182,,,,,,,,,
,5018,1897254.692659852,1759094714.723242,,,,,,,,,
,5019,1897254.699106611,1759094714.7296333,,,,,,,,,
,5020,1897254.90874061,1759094714.9393287,,,,,,,,,
237.0,5021,1897263.503773701,1759094723.5281794,26417.0,,,,,,,,
238.0,5022,1897751.629908895,1759095211.6595962,26419.0,0.0010000000474974513,0.0025698975659906864,0.001432016957551241,0.003792935749515891,,,,
238.0,5023,1898374.124665067,1759095834.15445,26429.0,0.0010000000474974513,0.002668938133865595,0.001365486066788435,0.0043448396027088165,,,,
238.0,5024,1898997.465800592,1759096457.4961765,26439.0,0.0010000000474974513,0.002396062482148409,0.0013120470102876425,0.0036133844405412674,,,,
238.0,5025,1899618.547191439,1759097078.577026,26449.0,0.0010000000474974513,0.0026388531550765038,0.0013573789037764072,0.004271580372005701,,,,
238.0,5026,1900237.176271136,1759097697.2066684,26459.0,0.0010000000474974513,0.0026267243083566427,0.0013971648877486587,0.004098531324416399,,,,
238.0,5027,1900853.884811261,1759098313.91479,26469.0,0.0010000000474974513,0.0024094379041343927,0.0012916324194520712,0.0037260178942233324,,,,
238.0,5028,1901474.386455123,1759098934.416815,26479.0,0.0010000000474974513,0.002687258180230856,0.0015826470917090774,0.0036820366512984037,,,,
238.0,5029,1902095.406630686,1759099555.4369688,26489.0,0.0010000000474974513,0.0025499104522168636,0.001460500294342637,0.0036313668824732304,,,,
238.0,5030,1902710.866998097,1759100170.8967445,26499.0,0.0010000000474974513,0.0027686841785907745,0.0014063713606446981,0.004541042260825634,,,,
238.0,5031,1903322.818745423,1759100782.8491366,26509.0,0.0010000000474974513,0.002487736754119396,0.0014011545572429895,0.003621940966695547,,,,
238.0,5032,1903835.049546446,1759101295.0794356,26519.0,0.0010000000474974513,0.0027126388158649206,0.0015623678918927908,0.003834236180409789,,,,
,5033,1905196.514910012,1759102656.5455332,,,,,,,,,
,5034,1905197.711315322,1759102657.7419293,,,,,,,,,
,5035,1905197.716695158,1759102657.747212,,,,,,,,,0.10414426028728485
,5036,1905197.920609489,1759102657.951264,,,,,,,,,
238.0,5037,1905197.969694055,1759102658.0002248,26528.0,,,,,0.04399510845541954,0.09276577830314636,0.005247456952929497,
,5038,1905198.573987611,1759102658.6026552,,,,,,,,,
,5039,1905199.75725291,1759102659.7878985,,,,,,,,,
,5040,1905199.763676133,1759102659.7942598,,,,,,,,,
,5041,1905199.974201959,1759102660.004845,,,,,,,,,
238.0,5042,1905208.453049499,1759102668.4793415,26528.0,,,,,,,,
239.0,5043,1905651.627521791,1759103111.657297,26529.0,0.0010000000474974513,0.002761354437097907,0.001521516009233892,0.00413279514759779,,,,
239.0,5044,1906263.773105958,1759103723.8026059,26539.0,0.0010000000474974513,0.0024778747465461493,0.0014113865327090025,0.003554960247129202,,,,
239.0,5045,1906887.504072424,1759104347.534177,26549.0,0.0010000000474974513,0.0022861137986183167,0.0011584091698750854,0.0037590148858726025,,,,
239.0,5046,1907511.687498655,1759104971.717521,26559.0,0.0010000000474974513,0.0028725266456604004,0.0018054347019642591,0.003556972835212946,,,,
239.0,5047,1908131.518202294,1759105591.5477536,26569.0,0.0010000000474974513,0.0027259590569883585,0.0015129904495552182,0.004043228458613157,,,,
239.0,5048,1908752.686314346,1759106212.7168424,26579.0,0.0010000000474974513,0.003794038901105523,0.0027059251442551613,0.003627046011388302,,,,
239.0,5049,1909372.574851918,1759106832.6046915,26589.0,0.0010000000474974513,0.003106037387624383,0.001781362690962851,0.004415582865476608,,,,
239.0,5050,1909993.174749774,1759107453.2046664,26599.0,0.0010000000474974513,0.0027684010565280914,0.0015823550056666136,0.003953487146645784,,,,
239.0,5051,1910615.767634838,1759108075.797489,26609.0,0.0010000000474974513,0.0027780162636190653,0.0015703634126111865,0.004025508649647236,,,,
239.0,5052,1911238.672845666,1759108698.7027977,26619.0,0.0010000000474974513,0.002613657619804144,0.0013827052898705006,0.004103173967450857,,,,
239.0,5053,1911760.437486095,1759109220.467766,26629.0,0.0010000000474974513,0.0022810427471995354,0.001143737114034593,0.0037910188548266888,,,,
239.0,5054,1912261.426364909,1759109721.4566967,26639.0,0.0010000000474974513,0.002990047913044691,0.001835221191868186,0.0038494220934808254,,,,
,5055,1913182.405043761,1759110642.4356625,,,,,,,,,
,5056,1913183.608230126,1759110643.6388807,,,,,,,,,
,5057,1913183.613783925,1759110643.6443439,,,,,,,,,0.06773664802312851
,5058,1913183.823128562,1759110643.8537815,,,,,,,,,
239.0,5059,1913184.271214404,1759110644.3017037,26639.0,,,,,0.044797301292419434,0.07034779340028763,0.008284774608910084,
,5060,1913184.832890786,1759110644.8634703,,,,,,,,,
,5061,1913186.004957149,1759110646.0355544,,,,,,,,,
,5062,1913186.011412096,1759110646.042008,,,,,,,,,
,5063,1913186.21967765,1759110646.250277,,,,,,,,,
239.0,5064,1913194.214117527,1759110654.240702,26639.0,,,,,,,,
240.0,5065,1914180.113270334,1759111640.1435876,26649.0,0.0010000000474974513,0.002945974934846163,0.001704887137748301,0.004136959090828896,,,,
240.0,5066,1914801.628905894,1759112261.6585953,26659.0,0.0010000000474974513,0.0024243646766990423,0.0013100553769618273,0.0037143640220165253,,,,
240.0,5067,1915422.753786879,1759112882.7834146,26669.0,0.0010000000474974513,0.0022065420635044575,0.0012028712080791593,0.003345569595694542,,,,
240.0,5068,1916044.636874414,1759113504.666863,26679.0,0.0010000000474974513,0.0023713447153568268,0.0011772392317652702,0.003980351146310568,,,,
240.0,5069,1916667.724845028,1759114127.7549021,26689.0,0.0010000000474974513,0.002410193905234337,0.0011975232046097517,0.00404223520308733,,,,
240.0,5070,1917293.944664783,1759114753.9742646,26699.0,0.0010000000474974513,0.0027608745731413364,0.001423604553565383,0.004457566421478987,,,,
240.0,5071,1917916.959748537,1759115376.9894016,26709.0,0.0010000000474974513,0.002540956949815154,0.0014286756049841642,0.003707604482769966,,,,
240.0,5072,1918538.540357864,1759115998.5700448,26719.0,0.0010000000474974513,0.002551216632127762,0.0013662941055372357,0.003949741832911968,,,,
240.0,5073,1919161.080543745,1759116621.1106634,26729.0,0.0010000000474974513,0.002289163414388895,0.0011838471982628107,0.003684388007968664,,,,
240.0,5074,1919689.176160913,1759117149.2064614,26739.0,0.0010000000474974513,0.0024912457447499037,0.0013821977190673351,0.003696826286613941,,,,
240.0,5075,1920201.699226998,1759117661.728944,26749.0,0.0010000000474974513,0.0023176823742687702,0.0011361346114426851,0.003938491456210613,,,,
,5076,1921167.328197136,1759118627.3587425,,,,,,,,,
,5077,1921168.435597451,1759118628.4662387,,,,,,,,,
,5078,1921168.440811915,1759118628.4713733,,,,,,,,,0.11228238791227341
,5079,1921168.650668783,1759118628.6812901,,,,,,,,,
240.0,5080,1921168.653263802,1759118628.6838186,26750.0,,,,,0.046283263713121414,0.12511330842971802,0.02008393406867981,
,5081,1921169.24445592,1759118629.2750733,,,,,,,,,
,5082,1921170.460139882,1759118630.4907277,,,,,,,,,
,5083,1921170.466995485,1759118630.4975412,,,,,,,,,
,5084,1921170.680573643,1759118630.711155,,,,,,,,,
240.0,5085,1921178.584219717,1759118638.6107929,26750.0,,,,,,,,
241.0,5086,1922106.360390346,1759119566.390639,26759.0,0.0010000000474974513,0.002513033337891102,0.001354288891889155,0.003862481564283371,,,,
241.0,5087,1922731.301346404,1759120191.3314245,26769.0,0.0010000000474974513,0.002918081823736429,0.0017072430346161127,0.0040361289866268635,,,,
241.0,5088,1923351.549790098,1759120811.579442,26779.0,0.0010000000474974513,0.002198928501456976,0.0012014774838462472,0.0033248369581997395,,,,
241.0,5089,1923973.424961356,1759121433.4554741,26789.0,0.0010000000474974513,0.002473126631230116,0.0012505017220973969,0.00407541636377573,,,,
241.0,5090,1924596.504142054,1759122056.534387,26799.0,0.0010000000474974513,0.0024073640815913677,0.0013896694872528315,0.003392315236851573,,,,
241.0,5091,1925218.556776671,1759122678.586593,26809.0,0.0010000000474974513,0.002720209304243326,0.0015366087900474668,0.0039453343488276005,,,,
241.0,5092,1925841.953893925,1759123301.9835956,26819.0,0.0010000000474974513,0.0023250719532370567,0.0012248993152752519,0.0036672421265393496,,,,
241.0,5093,1926467.477229642,1759123927.5071688,26829.0,0.0010000000474974513,0.0037500597536563873,0.002336429199203849,0.004712102003395557,,,,
241.0,5094,1927087.516393615,1759124547.5467262,26839.0,0.0010000000474974513,0.003502130974084139,0.0021912935189902782,0.004369458183646202,,,,
241.0,5095,1927629.272122988,1759125089.30211,26849.0,0.0010000000474974513,0.002978671807795763,0.001768789254128933,0.004032941535115242,,,,
241.0,5096,1928142.933061172,1759125602.9633164,26859.0,0.0010000000474974513,0.0027636701706796885,0.0015830823685973883,0.003935293294489384,,,,
,5097,1929161.421379779,1759126621.451996,,,,,,,,,
,5098,1929162.634779721,1759126622.6654258,,,,,,,,,
,5099,1929162.640050413,1759126622.6706045,,,,,,,,,0.04582721367478371
,5100,1929162.846753428,1759126622.8774045,,,,,,,,,
241.0,5101,1929163.43028966,1759126623.4607286,26861.0,,,,,0.08437557518482208,0.03921638801693916,0.05155721306800842,
,5102,1929164.019232085,1759126624.0497985,,,,,,,,,
,5103,1929165.193737685,1759126625.2243536,,,,,,,,,
,5104,1929165.200209956,1759126625.2307844,,,,,,,,,
,5105,1929165.409428776,1759126625.4400525,,,,,,,,,
241.0,5106,1929173.931463605,1759126633.9574955,26861.0,,,,,,,,
242.0,5107,1930039.822066097,1759127499.8518708,26869.0,0.0010000000474974513,0.002661515958607197,0.0015367800369858742,0.003749120282009244,,,,
242.0,5108,1930663.257247961,1759128123.2869627,26879.0,0.0010000000474974513,0.002638904843479395,0.0014006579294800758,0.004127489402890205,,,,
242.0,5109,1931289.423010437,1759128749.4531698,26889.0,0.0010000000474974513,0.0022266265004873276,0.0011864587431773543,0.003467226168140769,,,,
242.0,5110,1931914.208487683,1759129374.2381492,26899.0,0.0010000000474974513,0.0023931339383125305,0.001159597304649651,0.00411178870126605,,,,
242.0,5111,1932540.421302282,1759130000.4513626,26909.0,0.0010000000474974513,0.0023582575377076864,0.0011488235322758555,0.004031446296721697,,,,
242.0,5112,1933160.940828854,1759130620.9710991,26919.0,0.0010000000474974513,0.0023102888371795416,0.0011454003397375345,0.0038829611148685217,,,,
242.0,5113,1933783.469506597,1759131243.4992976,26929.0,0.0010000000474974513,0.0021455895621329546,0.0010786955244839191,0.003556313458830118,,,,
242.0,5114,1934409.427912594,1759131869.4577913,26939.0,0.0010000000474974513,0.0020162290893495083,0.0010361092863604426,0.0032670656219124794,,,,
242.0,5115,1935034.079756821,1759132494.109474,26949.0,0.0010000000474974513,0.0021352970506995916,0.0009945438941940665,0.003802510676905513,,,,
242.0,5116,1935586.323339529,1759133046.3529751,26959.0,0.0010000000474974513,0.0023022897075861692,0.0010757333366200328,0.0040885210037231445,,,,
242.0,5117,1936099.303211184,1759133559.3330982,26969.0,0.0010000000474974513,0.002314161043614149,0.0011213877005502582,0.003975911997258663,,,,
,5118,1937166.815040746,1759134626.845665,,,,,,,,,
,5119,1937168.04855227,1759134628.0791698,,,,,,,,,
,5120,1937168.054419258,1759134628.0849648,,,,,,,,,0.08739960938692093
,5121,1937168.260273665,1759134628.2909255,,,,,,,,,
242.0,5122,1937168.262913265,1759134628.293466,26972.0,,,,,0.034410592168569565,0.08930444717407227,0.0053424048237502575,
,5123,1937168.863365018,1759134628.893995,,,,,,,,,
,5124,1937170.034864251,1759134630.0655096,,,,,,,,,
,5125,1937170.04114948,1759134630.0717173,,,,,,,,,
,5126,1937170.252901408,1759134630.2835495,,,,,,,,,
242.0,5127,1937178.674126345,1759134638.7006052,26972.0,,,,,,,,
243.0,5128,1937983.594524362,1759135443.6246333,26979.0,0.0010000000474974513,0.002272727433592081,0.00101763429120183,0.004183643031865358,,,,
243.0,5129,1938604.863835747,1759136064.8937893,26989.0,0.0010000000474974513,0.002348740119487047,0.0012085017515346408,0.0038007949478924274,,,,
243.0,5130,1939227.906494541,1759136687.936553,26999.0,0.0010000000474974513,0.0026464059483259916,0.0015470701036974788,0.0036644521169364452,,,,
243.0,5131,1939851.909324468,1759137311.9395635,27009.0,0.0010000000474974513,0.002469591796398163,0.0012948436196893454,0.003915827255696058,,,,
243.0,5132,1940475.248196696,1759137935.2783656,27019.0,0.0010000000474974513,0.0026096757501363754,0.0013960183132439852,0.004045525100082159,,,,
243.0,5133,1941098.135098745,1759138558.165582,27029.0,0.0010000000474974513,0.0023961253464221954,0.0011091271881014109,0.004289994016289711,,,,
243.0,5134,1941726.09927694,1759139186.1297486,27039.0,0.0010000000474974513,0.0021951189264655113,0.0010758786229416728,0.003730801399797201,,,,
243.0,5135,1942347.900320653,1759139807.9305177,27049.0,0.0010000000474974513,0.002293044002726674,0.0011266327928751707,0.0038880377542227507,,,,
243.0,5136,1942968.129011705,1759140428.1584265,27059.0,0.0010000000474974513,0.002326701767742634,0.0011365074897184968,0.003967314027249813,,,,
243.0,5137,1943532.14567507,1759140992.1758475,27069.0,0.0010000000474974513,0.0022368370555341244,0.0010740861762315035,0.003875836730003357,,,,
243.0,5138,1944045.865599888,1759141505.8955448,27079.0,0.0010000000474974513,0.0027854519430547953,0.0015444946475327015,0.0041365246288478374,,,,
,5139,1945163.640071667,1759142623.6706948,,,,,,,,,
,5140,1945164.771449984,1759142624.8020878,,,,,,,,,
,5141,1945164.777218121,1759142624.8077786,,,,,,,,,0.08786111325025558
,5142,1945164.986155749,1759142625.0167994,,,,,,,,,
243.0,5143,1945165.062690198,1759142625.0932186,27083.0,,,,,0.03740696981549263,0.08830976486206055,0.004293608013540506,
,5144,1945165.653639921,1759142625.684257,,,,,,,,,
,5145,1945166.753167094,1759142626.783797,,,,,,,,,
,5146,1945166.759336424,1759142626.7899115,,,,,,,,,
,5147,1945166.971553901,1759142627.0021906,,,,,,,,,
243.0,5148,1945174.898314389,1759142634.9248862,27083.0,,,,,,,,
244.0,5149,1945912.696546719,1759143372.7264104,27089.0,0.0010000000474974513,0.002664270345121622,0.001435991725884378,0.004094261676073074,,,,
244.0,5150,1946536.741838567,1759143996.772119,27099.0,0.0010000000474974513,0.002206592122092843,0.0011743284994736314,0.00344087858684361,,,,
244.0,5151,1947159.118568324,1759144619.1485777,27109.0,0.0010000000474974513,0.002834751969203353,0.0017638345016166568,0.003569724503904581,,,,
244.0,5152,1947780.216196458,1759145240.2457833,27119.0,0.0010000000474974513,0.0033455570228397846,0.00207495572976768,0.004235337022691965,,,,
244.0,5153,1948400.838899033,1759145860.8687353,27129.0,0.0010000000474974513,0.0023795240558683872,0.00120690674521029,0.003908724058419466,,,,
244.0,5154,1949025.913636489,1759146485.9435585,27139.0,0.0010000000474974513,0.0031769697088748217,0.0018436142709106207,0.004444518126547337,,,,
244.0,5155,1949648.364807917,1759147108.3947883,27149.0,0.0010000000474974513,0.0023614373058080673,0.001287901308387518,0.003578453091904521,,,,
244.0,5156,1950270.080239229,1759147730.110525,27159.0,0.0010000000474974513,0.002432449022307992,0.0012829155893996358,0.0038317779544740915,,,,
244.0,5157,1950891.073423224,1759148351.1036882,27169.0,0.0010000000474974513,0.0025946483947336674,0.0012918305583298206,0.004342725500464439,,,,
244.0,5158,1951466.206683769,1759148926.236401,27179.0,0.0010000000474974513,0.002333057811483741,0.0011084945872426033,0.004081877414137125,,,,
244.0,5159,1951984.733736977,1759149444.764004,27189.0,0.0010000000474974513,0.0022719604894518852,0.0011447874130681157,0.003757243975996971,,,,
,5160,1953151.163003085,1759150611.1936014,,,,,,,,,
,5161,1953152.383923084,1759150612.4145083,,,,,,,,,
,5162,1953152.389265541,1759150612.419848,,,,,,,,,0.09679272770881653
,5163,1953152.59811234,1759150612.628746,,,,,,,,,
244.0,5164,1953153.169105392,1759150613.1996558,27194.0,,,,,0.0558294840157032,0.09382680803537369,0.022721879184246063,
,5165,1953153.748469633,1759150613.779105,,,,,,,,,
,5166,1953154.858808249,1759150614.8894424,,,,,,,,,
,5167,1953154.865760875,1759150614.8963282,,,,,,,,,
,5168,1953155.075413203,1759150615.1060622,,,,,,,,,
244.0,5169,1953163.031990838,1759150623.058568,27194.0,,,,,,,,
245.0,5170,1953838.478999567,1759151298.5091305,27199.0,0.0010000000474974513,0.0028564920648932457,0.0015995993744581938,0.004189642611891031,,,,
245.0,5171,1954459.376817041,1759151919.4067662,27209.0,0.0010000000474974513,0.0023147668689489365,0.0011517005041241646,0.003876887261867523,,,,
245.0,5172,1955081.49100044,1759152541.5215073,27219.0,0.0010000000474974513,0.0027466113679111004,0.0015189737314358354,0.004092124756425619,,,,
245.0,5173,1955706.612673824,1759153166.6432261,27229.0,0.0010000000474974513,0.0030517287086695433,0.0019236464286223054,0.003760273801162839,,,,
245.0,5174,1956330.384087046,1759153790.4133801,27239.0,0.0010000000474974513,0.0029486478306353092,0.0016141305677592754,0.004448390565812588,,,,
245.0,5175,1956955.709551676,1759154415.7394474,27249.0,0.0010000000474974513,0.0023949570022523403,0.0012805593432858586,0.0037146590184420347,,,,
245.0,5176,1957577.918558642,1759155037.9487095,27259.0,0.0010000000474974513,0.002329266397282481,0.0011744089424610138,0.0038495247717946768,,,,
245.0,5177,1958203.421801084,1759155663.4517467,27269.0,0.0010000000474974513,0.0025926269590854645,0.0012746837455779314,0.004393143113702536,,,,
245.0,5178,1958825.731266781,1759156285.7610414,27279.0,0.0010000000474974513,0.002238261280581355,0.0010950572323054075,0.003810680005699396,,,,
245.0,5179,1959411.206834941,1759156871.2364779,27289.0,0.0010000000474974513,0.002522032242268324,0.00124921347014606,0.004242728929966688,,,,
245.0,5180,1959924.85639993,1759157384.8863342,27299.0,0.0010000000474974513,0.0022031860426068306,0.0011815240141004324,0.003405539784580469,,,,
,5181,1961142.587805412,1759158602.6184356,,,,,,,,,
,5182,1961143.830172208,1759158603.8607907,,,,,,,,,
,5183,1961143.835483962,1759158603.86608,,,,,,,,,0.0906539112329483
,5184,1961144.043832415,1759158604.0744853,,,,,,,,,
245.0,5185,1961144.046451239,1759158604.0769947,27305.0,,,,,0.0627453476190567,0.10746746510267258,0.02603522315621376,
,5186,1961144.646742501,1759158604.677311,,,,,,,,,
,5187,1961145.834234851,1759158605.8648598,,,,,,,,,
,5188,1961145.840748668,1759158605.8713446,,,,,,,,,
,5189,1961146.052845794,1759158606.0834694,,,,,,,,,
245.0,5190,1961154.065086305,1759158614.0915828,27305.0,,,,,,,,
246.0,5191,1961771.439180176,1759159231.4689636,27309.0,0.0010000000474974513,0.002593441866338253,0.0014948617899790406,0.0036619328893721104,,,,
246.0,5192,1962390.268358825,1759159850.2985537,27319.0,0.0010000000474974513,0.0023263979237526655,0.0012391741620376706,0.0036240790504962206,,,,
246.0,5193,1963014.254583988,1759160474.2844424,27329.0,0.0010000000474974513,0.0027865353040397167,0.001714095240458846,0.0035748002119362354,,,,
246.0,5194,1963638.405601408,1759161098.4354486,27339.0,0.0010000000474974513,0.008369414135813713,0.006881363689899445,0.004960166290402412,,,,
246.0,5195,1964259.739837916,1759161719.7693708,27349.0,0.0010000000474974513,0.00635146489366889,0.004966284614056349,0.004617269150912762,,,,
246.0,5196,1964880.341380137,1759162340.3718264,27359.0,0.0010000000474974513,0.004300215281546116,0.0027234621811658144,0.005255844444036484,,,,
246.0,5197,1965501.990970076,1759162962.021417,27369.0,0.0010000000474974513,0.0030477894470095634,0.0018979159649461508,0.0038329120725393295,,,,
246.0,5198,1966125.933003994,1759163585.9632525,27379.0,0.0010000000474974513,0.0027761368546634912,0.0015470919897779822,0.004096816293895245,,,,
246.0,5199,1966748.580962593,1759164208.611239,27389.0,0.0010000000474974513,0.00231858529150486,0.0012527990620583296,0.0035526214633136988,,,,
246.0,5200,1967346.973421803,1759164807.00378,27399.0,0.0010000000474974513,0.002611694158986211,0.0014833263121545315,0.003761226311326027,,,,
246.0,5201,1967859.605491121,1759165319.6353114,27409.0,0.0010000000474974513,0.002483041025698185,0.0013127572601661086,0.0039009451866149902,,,,
,5202,1969133.125600821,1759166593.1561706,,,,,,,,,
,5203,1969134.300403974,1759166594.3310583,,,,,,,,,
,5204,1969134.305808967,1759166594.3363829,,,,,,,,,0.12548217177391052
,5205,1969134.51650119,1759166594.5471327,,,,,,,,,
246.0,5206,1969134.519281351,1759166594.549825,27416.0,,,,,0.03593393415212631,0.1284385472536087,0.004295278340578079,
,5207,1969135.136976817,1759166595.166645,,,,,,,,,
,5208,1969136.315714679,1759166596.346342,,,,,,,,,
,5209,1969136.32185321,1759166596.3524282,,,,,,,,,
,5210,1969136.531124245,1759166596.5617397,,,,,,,,,
246.0,5211,1969144.416912813,1759166604.4433858,27416.0,,,,,,,,
247.0,5212,1969701.84260717,1759167161.872699,27419.0,0.0010000000474974513,0.0028051878325641155,0.0015067068161442876,0.004328269511461258,,,,
247.0,5213,1970323.858552055,1759167783.888527,27429.0,0.0010000000474974513,0.002383127808570862,0.0011924926657229662,0.003968783188611269,,,,
247.0,5214,1970950.176867674,1759168410.206476,27439.0,0.0010000000474974513,0.0025027981027960777,0.001286545186303556,0.004054176155477762,,,,
247.0,5215,1971573.878877665,1759169033.908776,27449.0,0.0010000000474974513,0.00277113588526845,0.001259389566257596,0.0050391536206007,,,,
247.0,5216,1972197.138833713,1759169657.1689901,27459.0,0.0010000000474974513,0.002140054479241371,0.0010978777427226305,0.003473922610282898,,,,
247.0,5217,1972818.21020157,1759170278.2398224,27469.0,0.0010000000474974513,0.002386201173067093,0.0012141141341999173,0.003906956408172846,,,,
247.0,5218,1973441.638159861,1759170901.6677358,27479.0,0.0010000000474974513,0.0024132677353918552,0.0012082813773304224,0.00401662103831768,,,,
247.0,5219,1974066.179206299,1759171526.2089715,27489.0,0.0010000000474974513,0.002452205866575241,0.0011757833417505026,0.004254741594195366,,,,
247.0,5220,1974688.13061678,1759172148.1606197,27499.0,0.0010000000474974513,0.0023281925823539495,0.0011435365304350853,0.003948853351175785,,,,
247.0,5221,1975296.559942338,1759172756.59035,27509.0,0.0010000000474974513,0.0026189240161329508,0.0011951392516493797,0.00474594859406352,,,,
247.0,5222,1975808.842618075,1759173268.8725204,27519.0,0.0010000000474974513,0.0020954725332558155,0.0010517127811908722,0.003479199018329382,,,,
,5223,1977132.191668313,1759174592.2222688,,,,,,,,,
,5224,1977133.350572343,1759174593.3811584,,,,,,,,,
,5225,1977133.355964404,1759174593.3865483,,,,,,,,,0.08557407557964325
,5226,1977133.564069282,1759174593.5947115,,,,,,,,,
247.0,5227,1977134.161317349,1759174594.1918006,27527.0,,,,,0.04727175831794739,0.06962641328573227,0.013406474143266678,
,5228,1977134.735340086,1759174594.765948,,,,,,,,,
,5229,1977135.882654252,1759174595.913285,,,,,,,,,
,5230,1977135.889016991,1759174595.9195783,,,,,,,,,
,5231,1977136.100758329,1759174596.131383,,,,,,,,,
247.0,5232,1977144.079143851,1759174604.1055794,27527.0,,,,,,,,
248.0,5233,1977643.443736721,1759175103.4739192,27529.0,0.0010000000474974513,0.0025561368092894554,0.0011391002917662263,0.00472345482558012,,,,
248.0,5234,1978267.903498984,1759175727.9337096,27539.0,0.0010000000474974513,0.0022496874444186687,0.0010206506121903658,0.004096789285540581,,,,
248.0,5235,1978891.548160897,1759176351.578262,27549.0,0.0010000000474974513,0.001914191641844809,0.000910717761144042,0.0033449125476181507,,,,
248.0,5236,1979513.279631605,1759176973.3093207,27559.0,0.0010000000474974513,0.0021344220731407404,0.0009430224308744073,0.003971331752836704,,,,
248.0,5237,1980134.349295993,1759177594.379283,27569.0,0.0010000000474974513,0.0021580769680440426,0.0011204751208424568,0.0034586722031235695,,,,
248.0,5238,1980756.168734148,1759178216.198799,27579.0,0.0010000000474974513,0.0024350681342184544,0.0011966980528086424,0.0041278996504843235,,,,
248.0,5239,1981378.953652217,1759178838.9836082,27589.0,0.0010000000474974513,0.0023022484965622425,0.0011193797690793872,0.0039428952150046825,,,,
248.0,5240,1982001.012250739,1759179461.0425208,27599.0,0.0010000000474974513,0.0022404349874705076,0.0011536034289747477,0.003622771706432104,,,,
248.0,5241,1982624.212298834,1759180084.242662,27609.0,0.0010000000474974513,0.0024778898805379868,0.0012033128878101707,0.004248590208590031,,,,
248.0,5242,1983242.337210314,1759180702.3670602,27619.0,0.0010000000474974513,0.0023827175609767437,0.0011584190651774406,0.0040809945203363895,,,,
248.0,5243,1983756.616090975,1759181216.6461573,27629.0,0.0010000000474974513,0.0021481807343661785,0.001020775642246008,0.003758016275241971,,,,
,5244,1985122.993831883,1759182583.0244424,,,,,,,,,
,5245,1985124.339937314,1759182584.3705015,,,,,,,,,
,5246,1985124.34502218,1759182584.3756073,,,,,,,,,0.1082243099808693
,5247,1985124.55049422,1759182584.5811229,,,,,,,,,
248.0,5248,1985124.553128107,1759182584.5836532,27638.0,,,,,0.03890310600399971,0.10607221722602844,0.010042369365692139,
,5249,1985125.143182871,1759182585.1737864,,,,,,,,,
,5250,1985126.357397466,1759182586.3879685,,,,,,,,,
,5251,1985126.363542158,1759182586.3941107,,,,,,,,,
,5252,1985126.570512036,1759182586.6011193,,,,,,,,,
248.0,5253,1985135.093530087,1759182595.119456,27638.0,,,,,,,,
249.0,5254,1985570.986960013,1759183031.0168757,27639.0,0.0010000000474974513,0.0020747450180351734,0.0009121907060034573,0.0038751803804188967,,,,
249.0,5255,1986182.791312587,1759183642.8214257,27649.0,0.0010000000474974513,0.001856082584708929,0.000836127670481801,0.003399849636480212,,,,
249.0,5256,1986802.401621606,1759184262.4318702,27659.0,0.0010000000474974513,0.002066885819658637,0.0009110296377912164,0.003852853551506996,,,,
249.0,5257,1987422.535620157,1759184882.564768,27669.0,0.0010000000474974513,0.0022177689243108034,0.00101741892285645,0.004001166205853224,,,,
249.0,5258,1988046.297268848,1759185506.3273933,27679.0,0.0010000000474974513,0.0023824293166399,0.0010967935668304563,0.004285451490432024,,,,
249.0,5259,1988667.762115407,1759186127.7922416,27689.0,0.0010000000474974513,0.002652070950716734,0.0014025906566530466,0.00416493508964777,,,,
249.0,5260,1989290.28425311,1759186750.3141463,27699.0,0.0010000000474974513,0.0023243462201207876,0.0011143105803057551,0.004033452365547419,,,,
249.0,5261,1989914.446879828,1759187374.4770668,27709.0,0.0010000000474974513,0.0022317806724458933,0.0011313081486150622,0.003668241435661912,,,,
249.0,5262,1990540.772231343,1759188000.802264,27719.0,0.0010000000474974513,0.0024430411867797375,0.0012559875613078475,0.0039568450301885605,,,,
249.0,5263,1991163.851407617,1759188623.8816583,27729.0,0.0010000000474974513,0.003375931177288294,0.002322074957191944,0.003512853290885687,,,,
249.0,5264,1991681.700673584,1759189141.7309039,27739.0,0.0010000000474974513,0.00280638225376606,0.0016468303510919213,0.003865172853693366,,,,
249.0,5265,1992183.452885529,1759189643.4830587,27749.0,0.0010000000474974513,0.0029151421040296555,0.0015527332434430718,0.004541362635791302,,,,
,5266,1993107.363949378,1759190567.3945336,,,,,,,,,
,5267,1993108.557965265,1759190568.5885735,,,,,,,,,
,5268,1993108.563354857,1759190568.593947,,,,,,,,,0.11203931272029877
,5269,1993108.775162922,1759190568.8057802,,,,,,,,,
249.0,5270,1993109.307871805,1759190569.338361,27749.0,,,,,0.03927124664187431,0.11320582032203674,0.004803866147994995,
,5271,1993109.943727997,1759190569.9742992,,,,,,,,,
,5272,1993111.109160593,1759190571.139767,,,,,,,,,
,5273,1993111.115249966,1759190571.1458228,,,,,,,,,
,5274,1993111.322700899,1759190571.353326,,,,,,,,,
249.0,5275,1993119.228111981,1759190579.2545543,27749.0,,,,,,,,
250.0,5276,1994110.577641921,1759191570.607271,27759.0,0.0010000000474974513,0.0027713822200894356,0.001344878925010562,0.004755010828375816,,,,
250.0,5277,1994732.560697855,1759192192.5907362,27769.0,0.0010000000474974513,0.002550399862229824,0.0012649407144635916,0.004284864291548729,,,,
250.0,5278,1995354.749040871,1759192814.7790623,27779.0,0.0010000000474974513,0.0022415295243263245,0.0011222329922020435,0.0037309876643121243,,,,
250.0,5279,1995980.267542264,1759193440.297414,27789.0,0.0010000000474974513,0.0025432142429053783,0.0014076561201363802,0.0037851936649531126,,,,
250.0,5280,1996600.065445031,1759194060.0956295,27799.0,0.0010000000474974513,0.0023143424186855555,0.0011809165589511395,0.003778086043894291,,,,
250.0,5281,1997223.178284826,1759194683.208483,27809.0,0.0010000000474974513,0.002736862748861313,0.0013145357370376587,0.004741090815514326,,,,
250.0,5282,1997844.109592066,1759195304.140009,27819.0,0.0010000000474974513,0.0023152893409132957,0.0012425417080521584,0.0035758260637521744,,,,
250.0,5283,1998469.35958417,1759195929.3897195,27829.0,0.0010000000474974513,0.002155596623197198,0.0010632731718942523,0.0036410780157893896,,,,
250.0,5284,1999092.28871146,1759196552.3174946,27839.0,0.0010000000474974513,0.00237102247774601,0.0011556681711226702,0.0040511805564165115,,,,
250.0,5285,1999624.196147221,1759197084.226543,27849.0,0.0010000000474974513,0.002356381621211767,0.0011777899926528335,0.0039286380633711815,,,,
250.0,5286,2000137.327337982,1759197597.3571053,27859.0,0.0010000000474974513,0.0024033179506659508,0.0012081228196620941,0.003983983304351568,,,,
,5287,2001103.31190447,1759198563.3424337,,,,,,,,,
,5288,2001104.498447985,1759198564.5290906,,,,,,,,,
,5289,2001104.504055703,1759198564.5346227,,,,,,,,,0.10429107397794724
,5290,2001104.711302777,1759198564.74195,,,,,,,,,
250.0,5291,2001104.713998006,1759198564.7444825,27860.0,,,,,0.052917078137397766,0.08590906113386154,0.018994834274053574,
,5292,2001105.311921141,1759198565.3425155,,,,,,,,,
,5293,2001106.45103142,1759198566.4816844,,,,,,,,,
,5294,2001106.457270502,1759198566.487839,,,,,,,,,
,5295,2001106.662800528,1759198566.6934252,,,,,,,,,
250.0,5296,2001115.845808261,1759198575.8718731,27860.0,,,,,,,,
251.0,5297,2002047.974396158,1759199508.0040708,27869.0,0.0010000000474974513,0.002204656833782792,0.0009571702685207129,0.0041582887060940266,,,,
251.0,5298,2002671.216746513,1759200131.2466831,27879.0,0.0010000000474974513,0.0027139736339449883,0.0016760490834712982,0.0034597478806972504,,,,
251.0,5299,2003290.69820993,1759200750.7282238,27889.0,0.0010000000474974513,0.0022402412723749876,0.0011160725262016058,0.0037472283001989126,,,,
251.0,5300,2003909.275765901,1759201369.3057203,27899.0,0.0010000000474974513,0.002128780819475651,0.0009372486383654177,0.003971774131059647,,,,
251.0,5301,2004527.163444168,1759201987.1936083,27909.0,0.0010000000474974513,0.0021913957316428423,0.0010888874530792236,0.003675027983263135,,,,
251.0,5302,2005144.615872146,1759202604.646422,27919.0,0.0010000000474974513,0.002321912907063961,0.0011639702133834362,0.003859808901324868,,,,
251.0,5303,2005766.456391426,1759203226.4864533,27929.0,0.0010000000474974513,0.002884588437154889,0.0017304958309978247,0.003846975276246667,,,,
251.0,5304,2006385.971901086,1759203846.0020058,27939.0,0.0010000000474974513,0.0025267659220844507,0.0013136034831404686,0.00404387479647994,,,,
251.0,5305,2007001.245849597,1759204461.275937,27949.0,0.0010000000474974513,0.0025663261767476797,0.0013361545279622078,0.004100572783499956,,,,
251.0,5306,2007538.915569962,1759204998.9455206,27959.0,0.0010000000474974513,0.002361270133405924,0.0011558604892343283,0.004018031992018223,,,,
251.0,5307,2008050.901845556,1759205510.932243,27969.0,0.0010000000474974513,0.002503317315131426,0.001197490724734962,0.004352755844593048,,,,
,5308,2009061.029536594,1759206521.060136,,,,,,,,,
,5309,2009062.786667087,1759206522.8173182,,,,,,,,,
,5310,2009062.791914631,1759206522.8224883,,,,,,,,,0.12420008331537247
,5311,2009062.997224654,1759206523.027857,,,,,,,,,
251.0,5312,2009062.999797654,1759206523.0303617,27971.0,,,,,0.05121548846364021,0.11755120009183884,0.01683155447244644,
,5313,2009063.626412308,1759206523.6569958,,,,,,,,,
,5314,2009064.803891825,1759206524.834475,,,,,,,,,
,5315,2009064.809920478,1759206524.8404753,,,,,,,,,
,5316,2009065.019153206,1759206525.04981,,,,,,,,,
251.0,5317,2009072.799294185,1759206532.826434,27971.0,,,,,,,,
252.0,5318,2009940.325776642,1759207400.3558085,27979.0,0.0010000000474974513,0.0027735193725675344,0.0015949612716212869,0.003928526770323515,,,,
252.0,5319,2010557.686795674,1759208017.716796,27989.0,0.0010000000474974513,0.002265672665089369,0.0011734978761523962,0.003640582086518407,,,,
252.0,5320,2011176.165589486,1759208636.195855,27999.0,0.0010000000474974513,0.0028233621269464493,0.0012254988541826606,0.005326211918145418,,,,
252.0,5321,2011792.21070266,1759209252.2406192,28009.0,0.0010000000474974513,0.0021209251135587692,0.0009422387229278684,0.003928954713046551,,,,
252.0,5322,2012409.274266139,1759209869.3041902,28019.0,0.0010000000474974513,0.002703479491174221,0.0015241369837895036,0.003931141458451748,,,,
252.0,5323,2013026.175296894,1759210486.2054656,28029.0,0.0010000000474974513,0.0022391551174223423,0.0010328171774744987,0.004021125845611095,,,,
252.0,5324,2013643.684826164,1759211103.7149992,28039.0,0.0010000000474974513,0.002291650976985693,0.0010797689901664853,0.00403960607945919,,,,
252.0,5325,2014262.020980767,1759211722.050946,28049.0,0.0010000000474974513,0.0019190078601241112,0.0008732945425435901,0.0034857108257710934,,,,
252.0,5326,2014880.27374458,1759212340.3038974,28059.0,0.0010000000474974513,0.002206734847277403,0.0009862221777439117,0.00406837509945035,,,,
252.0,5327,2015432.787670596,1759212892.8176029,28069.0,0.0010000000474974513,0.0024023617152124643,0.0012204255908727646,0.003939787391573191,,,,
252.0,5328,2015944.216647415,1759213404.2470045,28079.0,0.0010000000474974513,0.0021593505516648293,0.000998575473204255,0.003869249951094389,,,,
,5329,2017002.024592105,1759214462.0551565,,,,,,,,,
,5330,2017003.263473756,1759214463.2940845,,,,,,,,,
,5331,2017003.268710591,1759214463.2992687,,,,,,,,,0.040219999849796295
,5332,2017003.476078416,1759214463.5066986,,,,,,,,,
252.0,5333,2017003.600557853,1759214463.6310508,28082.0,,,,,0.06382031738758087,0.04424923658370972,0.03851243108510971,
,5334,2017004.178543485,1759214464.2091608,,,,,,,,,
,5335,2017005.365034941,1759214465.3956773,,,,,,,,,
,5336,2017005.371551007,1759214465.4021196,,,,,,,,,
,5337,2017005.580108513,1759214465.6107514,,,,,,,,,
252.0,5338,2017013.429717858,1759214473.4567823,28082.0,,,,,,,,
253.0,5339,2017810.521336906,1759215270.5518067,28089.0,0.0010000000474974513,0.001990277087315917,0.0008952728821896017,0.003650013357400894,,,,
253.0,5340,2018429.454571735,1759215889.4846346,28099.0,0.0010000000474974513,0.0020001756493002176,0.0008587050251662731,0.0038049023132771254,,,,
253.0,5341,2019046.838679154,1759216506.8685412,28109.0,0.0010000000474974513,0.002085384912788868,0.0008548550540581346,0.004101766273379326,,,,
253.0,5342,2019664.28812969,1759217124.3181655,28119.0,0.0010000000474974513,0.0019503196235746145,0.000894446624442935,0.003519576508551836,,,,
253.0,5343,2020282.285510744,1759217742.315316,28129.0,0.0010000000474974513,0.0021017841063439846,0.0010049906559288502,0.0036559775471687317,,,,
253.0,5344,2020898.920694994,1759218358.9502127,28139.0,0.0010000000474974513,0.0020145559683442116,0.0009156945161521435,0.0036628711968660355,,,,
253.0,5345,2021519.592870298,1759218979.623204,28149.0,0.0010000000474974513,0.002629932016134262,0.001485622487962246,0.0038143645506352186,,,,
253.0,5346,2022142.456910308,1759219602.4865606,28159.0,0.0010000000474974513,0.0023222886957228184,0.0010958118364214897,0.004088256508111954,,,,
253.0,5347,2022765.868985423,1759220225.8993325,28169.0,0.0010000000474974513,0.0027943230234086514,0.0016083456575870514,0.003953258506953716,,,,
253.0,5348,2023330.587392198,1759220790.6175976,28179.0,0.0010000000474974513,0.002567305928096175,0.0014654689002782106,0.0036727897822856903,,,,
253.0,5349,2023845.287202473,1759221305.3172002,28189.0,0.0010000000474974513,0.0025489707477390766,0.0012623105430975556,0.004288867115974426,,,,
,5350,2024960.656428656,1759222420.6870282,,,,,,,,,
,5351,2024961.810607089,1759222421.8412507,,,,,,,,,
,5352,2024961.815850257,1759222421.8464103,,,,,,,,,0.11698613315820694
,5353,2024962.02419266,1759222422.054822,,,,,,,,,
253.0,5354,2024962.026779495,1759222422.0573015,28193.0,,,,,0.036501359194517136,0.12202882021665573,0.007454773876816034,
,5355,2024962.617686945,1759222422.6483312,,,,,,,,,
,5356,2024963.782870179,1759222423.8135002,,,,,,,,,
,5357,2024963.789702207,1759222423.8202696,,,,,,,,,
,5358,2024964.001588143,1759222424.032207,,,,,,,,,
253.0,5359,2024973.072439876,1759222433.098519,28193.0,,,,,,,,
254.0,5360,2025714.165767052,1759223174.1959126,28199.0,0.0010000000474974513,0.00254837516695261,0.001095338724553585,0.004843454342335463,,,,
254.0,5361,2026335.697483139,1759223795.7276006,28209.0,0.0010000000474974513,0.0022310272324830294,0.001039581373333931,0.00397148635238409,,,,
254.0,5362,2026957.983085891,1759224418.0130394,28219.0,0.0010000000474974513,0.0022702577989548445,0.0009877318516373634,0.004275085870176554,,,,
254.0,5363,2027577.132484501,1759225037.1623259,28229.0,0.0010000000474974513,0.0022775656543672085,0.0008714793366380036,0.004686953965574503,,,,
254.0,5364,2028196.383574056,1759225656.4133015,28239.0,0.0010000000474974513,0.002139052376151085,0.00090384716168046,0.004117351025342941,,,,
254.0,5365,2028818.012382465,1759226278.0426893,28249.0,0.0010000000474974513,0.001864484278485179,0.00082439708057791,0.003466957248747349,,,,
254.0,5366,2029440.84528328,1759226900.875215,28259.0,0.0010000000474974513,0.002102666301652789,0.000877371639944613,0.004084315150976181,,,,
254.0,5367,2030064.129651691,1759227524.1596024,28269.0,0.0010000000474974513,0.002372907241806388,0.0010083484230563045,0.004548529163002968,,,,
254.0,5368,2030685.578133137,1759228145.6077862,28279.0,0.0010000000474974513,0.0020174796227365732,0.0008985776221379638,0.003729672869667411,,,,
254.0,5369,2031261.585774267,1759228721.6154227,28289.0,0.0010000000474974513,0.002175648231059313,0.0009735703933984041,0.004006925970315933,,,,
254.0,5370,2031776.260566242,1759229236.2903714,28299.0,0.0010000000474974513,0.002219413174316287,0.0009898148709908128,0.004098661243915558,,,,
,5371,2032947.172390722,1759230407.2029662,,,,,,,,,
,5372,2032949.015764436,1759230409.0464053,,,,,,,,,
,5373,2032949.021285115,1759230409.0518572,,,,,,,,,0.05091320723295212
,5374,2032949.226559444,1759230409.257156,,,,,,,,,
254.0,5375,2032949.229080991,1759230409.2596247,28304.0,,,,,0.034866102039813995,0.06255626678466797,0.006223978940397501,
,5376,2032949.812667052,1759230409.843279,,,,,,,,,
,5377,2032950.991181619,1759230411.0218086,,,,,,,,,
,5378,2032950.997514432,1759230411.0281012,,,,,,,,,
,5379,2032951.208742881,1759230411.2393823,,,,,,,,,
254.0,5380,2032959.094766252,1759230419.1213584,28304.0,,,,,,,,
255.0,5381,2033629.482753617,1759231089.5126915,28309.0,0.0010000000474974513,0.0019239152316004038,0.0008473248453810811,0.0035886347759515047,,,,
255.0,5382,2034250.143798335,1759231710.1737106,28319.0,0.0010000000474974513,0.002074871677905321,0.000847474904730916,0.004091322887688875,,,,
255.0,5383,2034873.574349009,1759232333.604514,28329.0,0.0010000000474974513,0.002308101858943701,0.001146338996477425,0.0038725428748875856,,,,
255.0,5384,2035493.151321077,1759232953.181209,28339.0,0.0010000000474974513,0.0024824910797178745,0.0011222284520044923,0.00453420914709568,,,,
255.0,5385,2036113.972353047,1759233574.0024202,28349.0,0.0010000000474974513,0.0019217859953641891,0.0008647887734696269,0.0035233243834227324,,,,
255.0,5386,2036735.962303191,1759234195.992191,28359.0,0.0010000000474974513,0.002253863960504532,0.0010669087059795856,0.003956517204642296,,,,
255.0,5387,2037355.866812245,1759234815.8968992,28369.0,0.0010000000474974513,0.0021709611173719168,0.0009312801412306726,0.004132269881665707,,,,
255.0,5388,2037977.565213731,1759235437.595394,28379.0,0.0010000000474974513,0.0019850239623337984,0.0009746438590809703,0.003367933677509427,,,,
255.0,5389,2038599.357268558,1759236059.3876498,28389.0,0.0010000000474974513,0.0022975397296249866,0.0010582045651972294,0.00413111736997962,,,,
255.0,5390,2039185.854088405,1759236645.883205,28399.0,0.0010000000474974513,0.0022995832841843367,0.0011865112464874983,0.003710240125656128,,,,
255.0,5391,2039698.95939059,1759237158.9894218,28409.0,0.0010000000474974513,0.0023956685326993465,0.00117244734428823,0.004077402874827385,,,,
,5392,2040918.604528834,1759238378.6350946,,,,,,,,,
,5393,2040919.760750448,1759238379.791389,,,,,,,,,
,5394,2040919.766372352,1759238379.7969248,,,,,,,,,0.11074299365282059
,5395,2040919.976076976,1759238380.0067298,,,,,,,,,
255.0,5396,2040920.109537724,1759238380.1399863,28415.0,,,,,0.03617441654205322,0.10312121361494064,0.005153047852218151,
,5397,2040920.714354097,1759238380.744985,,,,,,,,,
,5398,2040921.910624693,1759238381.9412456,,,,,,,,,
,5399,2040921.917240334,1759238381.9478133,,,,,,,,,
,5400,2040922.125078393,1759238382.1557262,,,,,,,,,
255.0,5401,2040930.081211224,1759238390.1078076,28415.0,,,,,,,,
256.0,5402,2041551.244512896,1759239011.2739937,28419.0,0.0010000000474974513,0.0022747539915144444,0.0010799362789839506,0.00398272555321455,,,,
256.0,5403,2042173.001447566,1759239633.0308928,28429.0,0.0010000000474974513,0.002102009952068329,0.0009527997463010252,0.0038307001814246178,,,,
256.0,5404,2042793.650103153,1759240253.680357,28439.0,0.0010000000474974513,0.001959884539246559,0.0008837461355142295,0.003587127896025777,,,,
256.0,5405,2043415.754096523,1759240875.7845306,28449.0,0.0010000000474974513,0.002369942143559456,0.0011753265280276537,0.003982052206993103,,,,
256.0,5406,2044038.253475216,1759241498.2829776,28459.0,0.0010000000474974513,0.0023172367364168167,0.0010091617004945874,0.0043602497316896915,,,,
256.0,5407,2044662.619418613,1759242122.6493711,28469.0,0.0010000000474974513,0.0025938707403838634,0.0013111862353980541,0.004275615327060223,,,,
256.0,5408,2045285.003079477,1759242745.0332077,28479.0,0.0010000000474974513,0.0021594115532934666,0.0009866307955235243,0.003909268416464329,,,,
256.0,5409,2045908.704597694,1759243368.734905,28489.0,0.0010000000474974513,0.002283289795741439,0.0010282286675646901,0.004183536395430565,,,,
256.0,5410,2046532.5694485,1759243992.5989907,28499.0,0.0010000000474974513,0.002576238475739956,0.0012740171514451504,0.004340737592428923,,,,
256.0,5411,2047128.444478763,1759244588.4744625,28509.0,0.0010000000474974513,0.0022402252070605755,0.0009759581880643964,0.00421422254294157,,,,
256.0,5412,2047641.983544176,1759245102.0135486,28519.0,0.0010000000474974513,0.0024000718258321285,0.0012294253101572394,0.0039021545089781284,,,,
,5413,2048911.952045445,1759246371.9826357,,,,,,,,,
,5414,2048913.121900572,1759246373.1525185,,,,,,,,,
,5415,2048913.12733738,1759246373.1578825,,,,,,,,,0.05746179819107056
,5416,2048913.335310639,1759246373.3659515,,,,,,,,,
256.0,5417,2048913.337973321,1759246373.368475,28526.0,,,,,0.028447583317756653,0.07390261441469193,0.0059265512973070145,
,5418,2048913.926563718,1759246373.9572155,,,,,,,,,
,5419,2048915.08347505,1759246375.1140947,,,,,,,,,
,5420,2048915.08994929,1759246375.1205397,,,,,,,,,
,5421,2048915.299794256,1759246375.3304284,,,,,,,,,
256.0,5422,2048923.889555352,1759246383.9154146,28526.0,,,,,,,,
257.0,5423,2049473.760684091,1759246933.7906916,28529.0,0.0010000000474974513,0.0022041001357138157,0.0009519356535747647,0.004173880908638239,,,,
257.0,5424,2050096.46741863,1759247556.4971943,28539.0,0.0010000000474974513,0.0023369211703538895,0.000938237295486033,0.004662278573960066,,,,
257.0,5425,2050719.552304096,1759248179.581974,28549.0,0.0010000000474974513,0.0023115735966712236,0.000991126406006515,0.0044014910236001015,,,,
257.0,5426,2051340.693823129,1759248800.7238343,28559.0,0.0010000000474974513,0.001889075618237257,0.0008304986404255033,0.0035285893827676773,,,,
257.0,5427,2051961.751034906,1759249421.780525,28569.0,0.0010000000474974513,0.0017468673177063465,0.0007792097167111933,0.0032255249097943306,,,,
257.0,5428,2052584.546346722,1759250044.5762413,28579.0,0.0010000000474974513,0.0019034583820030093,0.0008232387481257319,0.003600731957703829,,,,
257.0,5429,2053208.80500192,1759250668.8349886,28589.0,0.0010000000474974513,0.001846379367634654,0.0008230830426327884,0.0034109873231500387,,,,
257.0,5430,2053830.308662358,1759251290.3387563,28599.0,0.0010000000474974513,0.0021353980991989374,0.000946846092119813,0.003961840644478798,,,,
257.0,5431,2054453.560233901,1759251913.5899613,28609.0,0.0010000000474974513,0.002395604271441698,0.0012138054007664323,0.003939329646527767,,,,
257.0,5432,2055058.263865211,1759252518.293971,28619.0,0.0010000000474974513,0.002910161390900612,0.0017202291637659073,0.003966440446674824,,,,
257.0,5433,2055573.894062427,1759253033.9238987,28629.0,0.0010000000474974513,0.002431098837405443,0.0010643207933753729,0.004555926658213139,,,,
,5434,2056897.34634768,1759254357.3769615,,,,,,,,,
,5435,2056898.466148509,1759254358.4968019,,,,,,,,,
,5436,2056898.471644591,1759254358.5022242,,,,,,,,,0.10269100964069366
,5437,2056898.677248842,1759254358.7078907,,,,,,,,,
257.0,5438,2056898.719583857,1759254358.7500224,28637.0,,,,,0.03460303321480751,0.10551755130290985,0.003806488122791052,
,5439,2056899.306034783,1759254359.3366406,,,,,,,,,
,5440,2056900.502106827,1759254360.5327528,,,,,,,,,
,5441,2056900.508525215,1759254360.539104,,,,,,,,,
,5442,2056900.717964425,1759254360.7485888,,,,,,,,,
257.0,5443,2056908.599622283,1759254368.626229,28637.0,,,,,,,,
258.0,5444,2057404.985550022,1759254865.015203,28639.0,0.0010000000474974513,0.0021756920032203197,0.0010417124722152948,0.003779931925237179,,,,
258.0,5445,2058025.148475867,1759255485.1777475,28649.0,0.0010000000474974513,0.0024504116736352444,0.0010967021808028221,0.004512364976108074,,,,
258.0,5446,2058646.265784115,1759256106.2957373,28659.0,0.0010000000474974513,0.0024776901118457317,0.0012827061582356691,0.0039832801558077335,,,,
258.0,5447,2059265.854645449,1759256725.8846629,28669.0,0.0010000000474974513,0.0022155814804136753,0.0011252987897023559,0.003634275170043111,,,,
258.0,5448,2059886.738661521,1759257346.7685928,28679.0,0.0010000000474974513,0.0022755383979529142,0.0009596891468390822,0.0043861642479896545,,,,
258.0,5449,2060510.692790645,1759257970.7222583,28689.0,0.0010000000474974513,0.002228694036602974,0.0009262130479328334,0.004341603256762028,,,,
258.0,5450,2061133.559421703,1759258593.5893059,28699.0,0.0010000000474974513,0.0019812481477856636,0.0008942373679019511,0.0036233686842024326,,,,
258.0,5451,2061758.37362246,1759259218.4034867,28709.0,0.0010000000474974513,0.0020073731429874897,0.000869800103828311,0.0037919096648693085,,,,
258.0,5452,2062380.276748556,1759259840.3069437,28719.0,0.0010000000474974513,0.0023234705440700054,0.0011284858919680119,0.00398328248411417,,,,
258.0,5453,2062996.023720088,1759260456.0533707,28729.0,0.0010000000474974513,0.0022927839308977127,0.0009949100203812122,0.0043262457475066185,,,,
258.0,5454,2063509.866820093,1759260969.8967972,28739.0,0.0010000000474974513,0.0019404805498197675,0.0008440118981525302,0.0036548953503370285,,,,
,5455,2064883.728149838,1759262343.7587717,,,,,,,,,
,5456,2064884.919783222,1759262344.9503176,,,,,,,,,
,5457,2064884.925218181,1759262344.9557946,,,,,,,,,0.03261766955256462
,5458,2064885.135475666,1759262345.166085,,,,,,,,,
258.0,5459,2064885.213805328,1759262345.244285,28748.0,,,,,0.04165457561612129,0.031405579298734665,0.015539552085101604,
,5460,2064885.800588886,1759262345.8312268,,,,,,,,,
,5461,2064887.049524019,1759262347.080153,,,,,,,,,
,5462,2064887.055899787,1759262347.0864937,,,,,,,,,
,5463,2064887.265584217,1759262347.2962356,,,,,,,,,
258.0,5464,2064895.179050417,1759262355.2055447,28748.0,,,,,,,,
259.0,5465,2065338.92638286,1759262798.956465,28749.0,0.0010000000474974513,0.001847726758569479,0.000763814605306834,0.0036130407825112343,,,,
259.0,5466,2065957.524160018,1759263417.5545566,28759.0,0.0010000000474974513,0.0020994064398109913,0.0008668050868436694,0.00410867016762495,,,,
259.0,5467,2066582.280444055,1759264042.3104641,28769.0,0.0010000000474974513,0.0019350297516211867,0.0008481841068714857,0.003622818272560835,,,,
259.0,5468,2067206.362508306,1759264666.3930688,28779.0,0.0010000000474974513,0.0019581052474677563,0.0008576816180720925,0.0036680789198726416,,,,
259.0,5469,2067830.16480887,1759265290.1946867,28789.0,0.0010000000474974513,0.0019868474919348955,0.000820672488771379,0.003887249156832695,,,,
259.0,5470,2068452.691500133,1759265912.721493,28799.0,0.0010000000474974513,0.0022721067070961,0.0010357811115682125,0.004121085163205862,,,,
259.0,5471,2069073.459034877,1759266533.4887915,28809.0,0.0010000000474974513,0.0022333774250000715,0.001035760622471571,0.003992056008428335,,,,
259.0,5472,2069696.486887023,1759267156.516803,28819.0,0.0010000000474974513,0.001863304991275072,0.0008013824699446559,0.0035397419705986977,,,,
259.0,5473,2070321.702822481,1759267781.7326577,28829.0,0.0010000000474974513,0.001860693795606494,0.000786325428634882,0.003581227269023657,,,,
259.0,5474,2070945.367775429,1759268405.3980858,28839.0,0.0010000000474974513,0.0020232819952070713,0.0008694842108525336,0.0038459929637610912,,,,
259.0,5475,2071463.714413426,1759268923.7441528,28849.0,0.0010000000474974513,0.0022384014446288347,0.0009796880185604095,0.004195711109787226,,,,
259.0,5476,2071963.977251717,1759269424.0074666,28859.0,0.0010000000474974513,0.002254137769341469,0.0009140145848505199,0.004467076621949673,,,,
,5477,2072885.061193997,1759270345.091793,,,,,,,,,
,5478,2072886.281774402,1759270346.3124077,,,,,,,,,
,5479,2072886.287144154,1759270346.3177216,,,,,,,,,0.06296610087156296
,5480,2072886.497115825,1759270346.5277617,,,,,,,,,
259.0,5481,2072886.499833931,1759270346.5303614,28859.0,,,,,0.04336072504520416,0.07573854178190231,0.015344198793172836,
,5482,2072887.117144279,1759270347.147712,,,,,,,,,
,5483,2072888.322427179,1759270348.353072,,,,,,,,,
,5484,2072888.328575543,1759270348.3591344,,,,,,,,,
,5485,2072888.533868525,1759270348.5645056,,,,,,,,,
259.0,5486,2072897.550912954,1759270357.5768805,28859.0,,,,,,,,
260.0,5487,2073880.546049215,1759271340.5764601,28869.0,0.0010000000474974513,0.0034076180309057236,0.0022647848818451166,0.003809443674981594,,,,
260.0,5488,2074502.466683463,1759271962.4965324,28879.0,0.0010000000474974513,0.0023699053563177586,0.0011665190104395151,0.0040112873539328575,,,,
260.0,5489,2075127.289729573,1759272587.3194017,28889.0,0.0010000000474974513,0.002395687624812126,0.0012001172872260213,0.003985234536230564,,,,
260.0,5490,2075746.500731306,1759273206.5309436,28899.0,0.0010000000474974513,0.0024796482175588608,0.0011974148219451308,0.004274111241102219,,,,
260.0,5491,2076368.175254618,1759273828.2051914,28909.0,0.0010000000474974513,0.0024672080762684345,0.0012627830728888512,0.004014750011265278,,,,
260.0,5492,2076997.617460574,1759274457.647464,28919.0,0.0010000000474974513,0.01638990081846714,0.015247155912220478,0.003809151239693165,,,,
260.0,5493,2077621.8233812,1759275081.8529255,28929.0,0.0010000000474974513,0.023604121059179306,0.022369537502527237,0.0041152844205498695,,,,
260.0,5494,2078245.138671183,1759275705.1687195,28939.0,0.0010000000474974513,0.011396687477827072,0.01012417208403349,0.0042417156510055065,,,,
260.0,5495,2078867.815007087,1759276327.8447678,28949.0,0.0010000000474974513,0.004120273515582085,0.003032190725207329,0.003626941703259945,,,,
260.0,5496,2079398.009534071,1759276858.0398996,28959.0,0.0010000000474974513,0.003236605552956462,0.002143405145034194,0.003644000506028533,,,,
260.0,5497,2079911.336727585,1759277371.366954,28969.0,0.0010000000474974513,0.0028634921181946993,0.0018681150395423174,0.0033179232850670815,,,,
,5498,2080879.960482065,1759278339.9911222,,,,,,,,,
,5499,2080881.175319458,1759278341.2059543,,,,,,,,,
,5500,2080881.181255098,1759278341.2118247,,,,,,,,,0.111947201192379
,5501,2080881.39120329,1759278341.4218569,,,,,,,,,
260.0,5502,2080881.420953759,1759278341.4514432,28970.0,,,,,0.04240924119949341,0.1185588538646698,0.016096346080303192,
,5503,2080882.041851011,1759278342.0724785,,,,,,,,,
,5504,2080883.202500689,1759278343.233145,,,,,,,,,
,5505,2080883.208952867,1759278343.2395155,,,,,,,,,
,5506,2080883.415521902,1759278343.446144,,,,,,,,,
260.0,5507,2080891.271836776,1759278351.2983153,28970.0,,,,,,,,
261.0,5508,2081814.23310326,1759279274.2625396,28979.0,0.0010000000474974513,0.0027942336164414883,0.0017058784142136574,0.003627851139754057,,,,
261.0,5509,2082433.641737904,1759279893.6717353,28989.0,0.0010000000474974513,0.0027680424973368645,0.001680782763287425,0.0036241987254470587,,,,
261.0,5510,2083055.608091876,1759280515.637826,28999.0,0.0010000000474974513,0.0029355352744460106,0.0016910959966480732,0.004148129839450121,,,,
261.0,5511,2083678.766399401,1759281138.7965808,29009.0,0.0010000000474974513,0.0026008468121290207,0.001486634835600853,0.003714039921760559,,,,
261.0,5512,2084303.59023199,1759281763.6201985,29019.0,0.0010000000474974513,0.002466165227815509,0.001441314583644271,0.0034161692019551992,,,,
261.0,5513,2084927.158415233,1759282387.1883628,29029.0,0.0010000000474974513,0.0025021694600582123,0.0013281912542879581,0.003913260996341705,,,,
261.0,5514,2085553.177193027,1759283013.207084,29039.0,0.0010000000474974513,0.002424560720100999,0.00127633404918015,0.0038274223916232586,,,,
261.0,5515,2086174.939122427,1759283634.9687057,29049.0,0.0010000000474974513,0.002371363341808319,0.0012167412787675858,0.0038487398996949196,,,,
261.0,5516,2086798.007092275,1759284258.0367386,29059.0,0.0010000000474974513,0.002188886282965541,0.0010966912377625704,0.0036406496074050665,,,,
261.0,5517,2087340.50610506,1759284800.5362427,29069.0,0.0010000000474974513,0.0022281643468886614,0.001161056337878108,0.0035570268519222736,,,,
261.0,5518,2087855.336715402,1759285315.3668144,29079.0,0.0010000000474974513,0.0023517755325883627,0.0011470371391624212,0.004015794489532709,,,,
,5519,2088868.53904299,1759286328.569634,,,,,,,,,
,5520,2088869.718458221,1759286329.7490633,,,,,,,,,
,5521,2088869.72383378,1759286329.754375,,,,,,,,,0.04892333224415779
,5522,2088869.933160582,1759286329.963777,,,,,,,,,
261.0,5523,2088870.003989058,1759286330.0344331,29081.0,,,,,0.03773703798651695,0.07980179041624069,0.013910801149904728,
,5524,2088870.595138414,1759286330.6257598,,,,,,,,,
,5525,2088871.776665772,1759286331.807284,,,,,,,,,
,5526,2088871.782944123,1759286331.8135345,,,,,,,,,
,5527,2088871.99018567,1759286332.020809,,,,,,,,,
261.0,5528,2088880.614164761,1759286340.6397717,29081.0,,,,,,,,
262.0,5529,2089745.839948495,1759287205.869903,29089.0,0.0010000000474974513,0.0021329300943762064,0.0009509881492704153,0.00393980648368597,,,,
262.0,5530,2090372.028145805,1759287832.0585263,29099.0,0.0010000000474974513,0.002655389253050089,0.0015738665824756026,0.003605074714869261,,,,
262.0,5531,2090994.049699492,1759288454.0797045,29109.0,0.0010000000474974513,0.0031450209207832813,0.001722184126265347,0.00474278861656785,,,,
262.0,5532,2091616.706185974,1759289076.736107,29119.0,0.0010000000474974513,0.0025751858483999968,0.001295561552979052,0.004265414550900459,,,,
262.0,5533,2092237.790074657,1759289697.820105,29129.0,0.0010000000474974513,0.0027744548860937357,0.001498956698924303,0.004251660779118538,,,,
262.0,5534,2092860.07128011,1759290320.1013827,29139.0,0.0010000000474974513,0.002431225962936878,0.001232063164934516,0.00399720948189497,,,,
262.0,5535,2093486.125357037,1759290946.1553571,29149.0,0.0010000000474974513,0.002230503596365452,0.0012244622921571136,0.003353471402078867,,,,
262.0,5536,2094113.165024069,1759291573.1951642,29159.0,0.0010000000474974513,0.002642915118485689,0.0014979704283177853,0.003816482611000538,,,,
262.0,5537,2094739.686220945,1759292199.7162454,29169.0,0.0010000000474974513,0.0024957978166639805,0.0013254598015919328,0.0039011267945170403,,,,
262.0,5538,2095291.966126531,1759292751.996082,29179.0,0.0010000000474974513,0.002187540754675865,0.0010901845525950193,0.0036578532308340073,,,,
262.0,5539,2095804.401399029,1759293264.4317787,29189.0,0.0010000000474974513,0.0023082848638296127,0.0011559872655197978,0.0038409922271966934,,,,
,5540,2096875.875170315,1759294335.9057758,,,,,,,,,
,5541,2096876.997185874,1759294337.0277932,,,,,,,,,
,5542,2096877.002219495,1759294337.0327923,,,,,,,,,0.0628499984741211
,5543,2096877.208440213,1759294337.2390792,,,,,,,,,
262.0,5544,2096877.305139284,1759294337.3356578,29192.0,,,,,0.09087079763412476,0.05429869145154953,0.0635993629693985,
,5545,2096877.934099836,1759294337.9646728,,,,,,,,,
,5546,2096879.095740055,1759294339.1263766,,,,,,,,,
,5547,2096879.102028273,1759294339.1325934,,,,,,,,,
,5548,2096879.311072569,1759294339.341699,,,,,,,,,
262.0,5549,2096887.88335959,1759294347.9094121,29192.0,,,,,,,,
263.0,5550,2097687.81822707,1759295147.8484654,29199.0,0.0010000000474974513,0.0021669440902769566,0.0009685829281806946,0.0039945365861058235,,,,
263.0,5551,2098310.864285733,1759295770.894593,29209.0,0.0010000000474974513,0.0027085039764642715,0.001248288550414145,0.004867385141551495,,,,
263.0,5552,2098935.823831771,1759296395.8537934,29219.0,0.0010000000474974513,0.0022688210010528564,0.0010104648536071181,0.00419452041387558,,,,
263.0,5553,2099560.785065697,1759297020.8149786,29229.0,0.0010000000474974513,0.0020199217833578587,0.000889454735442996,0.0037682228721678257,,,,
263.0,5554,2100188.015021026,1759297648.0447197,29239.0,0.0010000000474974513,0.0021634409204125404,0.0010315814288333058,0.003772864816710353,,,,
263.0,5555,2100812.06630648,1759298272.0955095,29249.0,0.0010000000474974513,0.0021264972165226936,0.0009700690279714763,0.003854759968817234,,,,
263.0,5556,2101434.477468743,1759298894.5070276,29259.0,0.0010000000474974513,0.002353136660531163,0.0010321196168661118,0.004403389990329742,,,,
263.0,5557,2102056.651878117,1759299516.681341,29269.0,0.0010000000474974513,0.0021196126472204924,0.0009823042200878263,0.0037910277023911476,,,,
263.0,5558,2102682.589872883,1759300142.6193495,29279.0,0.0010000000474974513,0.0030384748242795467,0.0017248577205464244,0.0043787239119410515,,,,
263.0,5559,2103247.357928481,1759300707.3868697,29289.0,0.0010000000474974513,0.0030186185613274574,0.0018111678073182702,0.004024835303425789,,,,
263.0,5560,2103761.097434456,1759301221.1271496,29299.0,0.0010000000474974513,0.0037834933027625084,0.002636625897139311,0.003822889644652605,,,,
,5561,2104878.189292144,1759302338.219903,,,,,,,,,
,5562,2104879.335648457,1759302339.3662946,,,,,,,,,
,5563,2104879.341040416,1759302339.3715997,,,,,,,,,0.10969935357570648
,5564,2104879.549213162,1759302339.5798633,,,,,,,,,
263.0,5565,2104879.555472852,1759302339.5859833,29303.0,,,,,0.06621606647968292,0.11218813806772232,0.04004950821399689,
,5566,2104880.152192031,1759302340.1828327,,,,,,,,,
,5567,2104881.295775061,1759302341.3263764,,,,,,,,,
,5568,2104881.302038422,1759302341.3326035,,,,,,,,,
,5569,2104881.510744709,1759302341.541348,,,,,,,,,
263.0,5570,2104890.022962658,1759302350.0496962,29303.0,,,,,,,,
264.0,5571,2105631.473244995,1759303091.5030274,29309.0,0.0010000000474974513,0.002644721418619156,0.0016571921296417713,0.0032917638309299946,,,,
264.0,5572,2106256.009756865,1759303716.0401099,29319.0,0.0010000000474974513,0.002915114862844348,0.0016628943849354982,0.004174067173153162,,,,
264.0,5573,2106877.601656022,1759304337.631841,29329.0,0.0010000000474974513,0.0027871886268258095,0.0014525034930557013,0.004448949359357357,,,,
264.0,5574,2107500.916455807,1759304960.946528,29339.0,0.0010000000474974513,0.002328739035874605,0.001173713244497776,0.00385008635930717,,,,
264.0,5575,2108119.142284358,1759305579.1723,29349.0,0.0010000000474974513,0.00222416827455163,0.001125181675888598,0.003663289127871394,,,,
264.0,5576,2108739.966645616,1759306199.9967022,29359.0,0.0010000000474974513,0.0023214221000671387,0.001157109159976244,0.0038810428231954575,,,,
264.0,5577,2109359.43314302,1759306819.4627411,29369.0,0.0010000000474974513,0.0020332986023277044,0.000953076290898025,0.0036007408052682877,,,,
264.0,5578,2109978.892142067,1759307438.9217885,29379.0,0.0010000000474974513,0.0021912027150392532,0.0009905063780024648,0.004002321977168322,,,,
264.0,5579,2110597.222492787,1759308057.2525978,29389.0,0.0010000000474974513,0.0026598768308758736,0.0012728797737509012,0.00462332321330905,,,,
264.0,5580,2111171.529043795,1759308631.5593457,29399.0,0.0010000000474974513,0.002141030738130212,0.001051457365974784,0.0036319110076874495,,,,
264.0,5581,2111684.458250236,1759309144.488557,29409.0,0.0010000000474974513,0.002538872417062521,0.001278842450119555,0.0042000990360975266,,,,
,5582,2112853.021469064,1759310313.0520747,,,,,,,,,
,5583,2112854.198189617,1759310314.2286744,,,,,,,,,
,5584,2112854.203977363,1759310314.2345295,,,,,,,,,0.03847188875079155
,5585,2112854.411789772,1759310314.44241,,,,,,,,,
264.0,5586,2112854.414406,1759310314.4449544,29414.0,,,,,0.039437320083379745,0.04923233762383461,0.006932142190635204,
,5587,2112855.006682911,1759310315.037293,,,,,,,,,
,5588,2112856.244530091,1759310316.275137,,,,,,,,,
,5589,2112856.251580267,1759310316.2821362,,,,,,,,,
,5590,2112856.460131664,1759310316.490739,,,,,,,,,
264.0,5591,2112865.032271447,1759310325.0580761,29414.0,,,,,,,,
265.0,5592,2113539.431337171,1759310999.4613507,29419.0,0.0010000000474974513,0.0029127774760127068,0.0016630786703899503,0.004165663383901119,,,,
265.0,5593,2114163.479701013,1759311623.5092642,29429.0,0.0010000000474974513,0.003936466760933399,0.002706984058022499,0.004098276142030954,,,,
265.0,5594,2114786.72242547,1759312246.7523718,29439.0,0.0010000000474974513,0.002976339776068926,0.001773602794855833,0.004009122960269451,,,,
265.0,5595,2115412.584098183,1759312872.6140056,29449.0,0.0010000000474974513,0.002878613770008087,0.0016851394902914762,0.0039782472886145115,,,,
265.0,5596,2116035.758207966,1759313495.7880223,29459.0,0.0010000000474974513,0.002449645195156336,0.001367900986224413,0.0036058141849935055,,,,
265.0,5597,2116658.493315324,1759314118.523741,29469.0,0.0010000000474974513,0.0025081888306885958,0.0013473901199176908,0.0038693288806825876,,,,
265.0,5598,2117283.00233675,1759314743.032418,29479.0,0.0010000000474974513,0.0022225347347557545,0.0011442538816481829,0.0035942690446972847,,,,
265.0,5599,2117902.075736086,1759315362.1056747,29489.0,0.0010000000474974513,0.0023293374106287956,0.0011073696659877896,0.004073225427418947,,,,
265.0,5600,2118524.893182175,1759315984.9228966,29499.0,0.0010000000474974513,0.002303873188793659,0.0010522748343646526,0.004171994514763355,,,,
265.0,5601,2119113.368654023,1759316573.3988907,29509.0,0.0010000000474974513,0.0020160514395684004,0.0009453181992284954,0.003569110296666622,,,,
265.0,5602,2119630.044608028,1759317090.0748584,29519.0,0.0010000000474974513,0.0019913758151233196,0.000997084192931652,0.0033143055625259876,,,,
,5603,2120847.86274029,1759318307.8933363,,,,,,,,,
,5604,2120849.005912343,1759318309.036549,,,,,,,,,
,5605,2120849.011159592,1759318309.0417264,,,,,,,,,0.07690790295600891
,5606,2120849.21783225,1759318309.248454,,,,,,,,,
265.0,5607,2120849.220494662,1759318309.2510605,29525.0,,,,,0.08933400362730026,0.0977325588464737,0.05870916321873665,
,5608,2120849.851450179,1759318309.8820271,,,,,,,,,
,5609,2120851.00434422,1759318311.0349488,,,,,,,,,
,5610,2120851.010754277,1759318311.0413115,,,,,,,,,
,5611,2120851.217518551,1759318311.2480085,,,,,,,,,
265.0,5612,2120859.103002721,1759318319.129646,29525.0,,,,,,,,
266.0,5613,2121476.690437154,1759318936.7200773,29529.0,0.0010000000474974513,0.0024766360875219107,0.0012058101128786802,0.004236086271703243,,,,
266.0,5614,2122099.082108766,1759319559.112099,29539.0,0.0010000000474974513,0.0019848288502544165,0.0009308576700277627,0.0035132369957864285,,,,
266.0,5615,2122721.936784574,1759320181.9670963,29549.0,0.0010000000474974513,0.0021192023996263742,0.0009574685245752335,0.003872445784509182,,,,
266.0,5616,2123344.841231546,1759320804.8711295,29559.0,0.0010000000474974513,0.0024154239799827337,0.001283926423639059,0.0037716582883149385,,,,
266.0,5617,2123967.531993788,1759321427.5619552,29569.0,0.0010000000474974513,0.00322602572850883,0.0017600618302822113,0.004886545706540346,,,,
266.0,5618,2124593.209086893,1759322053.237897,29579.0,0.0010000000474974513,0.004239804111421108,0.003098711371421814,0.0038036415353417397,,,,
266.0,5619,2125214.547400169,1759322674.5772867,29589.0,0.0010000000474974513,0.0024062239099293947,0.001377628417685628,0.003428651485592127,,,,
266.0,5620,2125835.051892669,1759323295.0816317,29599.0,0.0010000000474974513,0.0026023825630545616,0.0014602737501263618,0.0038070285227149725,,,,
266.0,5621,2126457.414193749,1759323917.444314,29609.0,0.0010000000474974513,0.0022407700307667255,0.0010541263036429882,0.003955479711294174,,,,
266.0,5622,2127055.857011383,1759324515.8871536,29619.0,0.0010000000474974513,0.0024026259779930115,0.0011264568893238902,0.004253896418958902,,,,
266.0,5623,2127569.665075982,1759325029.6953938,29629.0,0.0010000000474974513,0.002282516099512577,0.0011180333094671369,0.0038816090673208237,,,,
,5624,2128839.113084174,1759326299.143655,,,,,,,,,
,5625,2128840.382755081,1759326300.4133983,,,,,,,,,
,5626,2128840.388166811,1759326300.418705,,,,,,,,,0.11235105246305466
,5627,2128840.595433429,1759326300.6260488,,,,,,,,,
266.0,5628,2128840.598255487,1759326300.628714,29636.0,,,,,0.06707462668418884,0.11762899905443192,0.035814326256513596,
,5629,2128841.22464438,1759326301.2552018,,,,,,,,,
,5630,2128842.339598253,1759326302.3701987,,,,,,,,,
,5631,2128842.346282594,1759326302.3768065,,,,,,,,,
,5632,2128842.557040701,1759326302.5876894,,,,,,,,,
266.0,5633,2128850.603923663,1759326310.630533,29636.0,,,,,,,,
267.0,5634,2129409.488930336,1759326869.518925,29639.0,0.0010000000474974513,0.0024480274878442287,0.0010202419944107533,0.004759285133332014,,,,
267.0,5635,2130030.036884876,1759327490.0669448,29649.0,0.0010000000474974513,0.0020319512113928795,0.000930015230551362,0.0036731199361383915,,,,
267.0,5636,2130651.322314569,1759328111.3519711,29659.0,0.0010000000474974513,0.002358013764023781,0.0011360361240804195,0.004073258955031633,,,,
267.0,5637,2131274.985275414,1759328735.0151885,29669.0,0.0010000000474974513,0.004391357768326998,0.00336877116933465,0.003408621996641159,,,,
267.0,5638,2131899.073430318,1759329359.1030333,29679.0,0.0010000000474974513,0.0029661101289093494,0.0016670019831508398,0.00433036033064127,,,,
267.0,5639,2132521.275841164,1759329981.3058727,29689.0,0.0010000000474974513,0.002996540628373623,0.001818954711779952,0.00392528623342514,,,,
267.0,5640,2133145.300041304,1759330605.3298347,29699.0,0.0010000000474974513,0.002360396785661578,0.001287537394091487,0.003576197661459446,,,,
267.0,5641,2133773.573679108,1759331233.6035235,29709.0,0.0010000000474974513,0.0023918652441352606,0.0012731641763821244,0.003729003481566906,,,,
267.0,5642,2134396.666712549,1759331856.6970887,29719.0,0.0010000000474974513,0.0023841524962335825,0.0013087355764582753,0.003584722988307476,,,,
267.0,5643,2135004.547267905,1759332464.5776215,29729.0,0.0010000000474974513,0.0027001029811799526,0.0015534438425675035,0.0038221972063183784,,,,
267.0,5644,2135519.279315841,1759332979.3096507,29739.0,0.0010000000474974513,0.002371502574533224,0.0012002303265035152,0.003904240671545267,,,,
,5645,2136846.35825624,1759334306.388865,,,,,,,,,
,5646,2136847.552445987,1759334307.583085,,,,,,,,,
,5647,2136847.558400438,1759334307.588951,,,,,,,,,0.12773728370666504
,5648,2136848.389294488,1759334308.4199402,,,,,,,,,
267.0,5649,2136848.392041382,1759334308.4225235,29747.0,,,,,0.03962467983365059,0.13258153200149536,0.005640767049044371,
,5650,2136848.986307905,1759334309.016942,,,,,,,,,
,5651,2136850.157315131,1759334310.187915,,,,,,,,,
,5652,2136850.163986049,1759334310.1945524,,,,,,,,,
,5653,2136850.374615028,1759334310.4052517,,,,,,,,,
267.0,5654,2136858.350355126,1759334318.3763967,29747.0,,,,,,,,
268.0,5655,2137353.846972869,1759334813.8771367,29749.0,0.0010000000474974513,0.0068840691819787025,0.005645673256367445,0.004127985332161188,,,,
268.0,5656,2137982.209604195,1759335442.2400734,29759.0,0.0010000000474974513,0.0033580604940652847,0.002160628791898489,0.003991438541561365,,,,
268.0,5657,2138609.555404048,1759336069.5851274,29769.0,0.0010000000474974513,0.0027308533899486065,0.0015906429616734385,0.0038007015828043222,,,,
268.0,5658,2139235.268023524,1759336695.2979593,29779.0,0.0010000000474974513,0.003223755629733205,0.0020802663639187813,0.0038116308860480785,,,,
268.0,5659,2139861.039816191,1759337321.0697773,29789.0,0.0010000000474974513,0.0023864363320171833,0.001273019122891128,0.0037113907746970654,,,,
268.0,5660,2140486.433810664,1759337946.4637687,29799.0,0.0010000000474974513,0.002735059941187501,0.0014212473761290312,0.004379374906420708,,,,
268.0,5661,2141113.622231371,1759338573.6518474,29809.0,0.0010000000474974513,0.0024664578959345818,0.0012797131203114986,0.00395581591874361,,,,
268.0,5662,2141739.617424599,1759339199.647319,29819.0,0.0010000000474974513,0.0021250774152576923,0.0011219287989661098,0.003343828022480011,,,,
268.0,5663,2142365.820535465,1759339825.8505301,29829.0,0.0010000000474974513,0.0023835282772779465,0.0010893447324633598,0.004313944838941097,,,,
268.0,5664,2142990.08422393,1759340450.1142895,29839.0,0.0010000000474974513,0.0021704162936657667,0.001066272729076445,0.0036804783158004284,,,,
268.0,5665,2143505.613120055,1759340965.6434188,29849.0,0.0010000000474974513,0.0021501395385712385,0.0009806137531995773,0.0038984189741313457,,,,
,5666,2144885.243634811,1759342345.2742064,,,,,,,,,
,5667,2144886.396091518,1759342346.426741,,,,,,,,,
,5668,2144886.40156456,1759342346.4320977,,,,,,,,,0.1254900097846985
,5669,2144886.6132935,1759342346.6439545,,,,,,,,,
268.0,5670,2144886.650189047,1759342346.6806383,29858.0,,,,,0.055545058101415634,0.1336776614189148,0.0259802658110857,
,5671,2144887.246938951,1759342347.277487,,,,,,,,,
,5672,2144888.402637612,1759342348.4332664,,,,,,,,,
,5673,2144888.409088031,1759342348.4396634,,,,,,,,,
,5674,2144888.619433448,1759342348.6500854,,,,,,,,,
268.0,5675,2144896.55401921,1759342356.5806174,29858.0,,,,,,,,
269.0,5676,2145337.089627059,1759342797.1197186,29859.0,0.0010000000474974513,0.0022840166930109262,0.0011409764410927892,0.0038101347163319588,,,,
269.0,5677,2145955.457101985,1759343415.4873362,29869.0,0.0010000000474974513,0.0022018500603735447,0.0010753910755738616,0.003754863515496254,,,,
269.0,5678,2146581.479336777,1759344041.5093122,29879.0,0.0010000000474974513,0.0025783716700971127,0.001455405610613525,0.0037432201206684113,,,,
269.0,5679,2147207.951102331,1759344667.981124,29889.0,0.0010000000474974513,0.0027228649705648422,0.0012642487417906523,0.004862054251134396,,,,
269.0,5680,2147837.700669383,1759345297.7302752,29899.0,0.0010000000474974513,0.0019930596463382244,0.0008690806571394205,0.0037465968634933233,,,,
269.0,5681,2148463.642747663,1759345923.6730833,29909.0,0.0010000000474974513,0.002321789739653468,0.0012850044295191765,0.003455950878560543,,,,
269.0,5682,2149089.411808896,1759346549.4423413,29919.0,0.0010000000474974513,0.0020056513603776693,0.0010344863403588533,0.003237216267734766,,,,
269.0,5683,2149717.975181524,1759347178.0052671,29929.0,0.0010000000474974513,0.00224784342572093,0.0011210578959435225,0.0037559508346021175,,,,
269.0,5684,2150345.204476697,1759347805.2344372,29939.0,0.0010000000474974513,0.009149138815701008,0.00796507764607668,0.003946868237107992,,,,
269.0,5685,2150972.935293482,1759348432.9654417,29949.0,0.0010000000474974513,0.004770228639245033,0.0035066355485469103,0.004211976658552885,,,,
269.0,5686,2151498.472471481,1759348958.50233,29959.0,0.0010000000474974513,0.004913237877190113,0.0036598793230950832,0.0041778599843382835,,,,
269.0,5687,2152005.280938731,1759349465.3112092,29969.0,0.0010000000474974513,0.004109496250748634,0.0029121681582182646,0.0039910925552248955,,,,
,5688,2152930.109476005,1759350390.1400146,,,,,,,,,
,5689,2152931.247737228,1759350391.2783234,,,,,,,,,
,5690,2152931.253276381,1759350391.283842,,,,,,,,,0.08958432078361511
,5691,2152931.464781699,1759350391.495391,,,,,,,,,
269.0,5692,2152931.514267904,1759350391.5446837,29969.0,,,,,0.035017143934965134,0.09290643036365509,0.005006946157664061,
,5693,2152932.099163837,1759350392.1297708,,,,,,,,,
,5694,2152933.281831686,1759350393.312456,,,,,,,,,
,5695,2152933.288400398,1759350393.3189886,,,,,,,,,
,5696,2152933.498072566,1759350393.5286736,,,,,,,,,
269.0,5697,2152941.990643301,1759350402.0166333,29969.0,,,,,,,,
270.0,5698,2153936.626518324,1759351396.6566029,29979.0,0.0010000000474974513,0.0027456420939415693,0.0016102211084216833,0.00378473661839962,,,,
270.0,5699,2154562.143603601,1759352022.1737952,29989.0,0.0010000000474974513,0.002335204742848873,0.0013044942170381546,0.0034357011318206787,,,,
270.0,5700,2155190.929640321,1759352650.9595492,29999.0,0.0010000000474974513,0.0026675506960600615,0.001411373377777636,0.004187257494777441,,,,
270.0,5701,2155816.917151413,1759353276.9470446,30009.0,0.0010000000474974513,0.0026653739623725414,0.0013640514807775617,0.004337741062045097,,,,
270.0,5702,2156443.471073416,1759353903.5015202,30019.0,0.0010000000474974513,0.0024000017438083887,0.0012499832082539797,0.0038333949632942677,,,,
270.0,5703,2157071.455903663,1759354531.4859715,30029.0,0.0010000000474974513,0.0024441431742161512,0.0011645273771137,0.004265385679900646,,,,
270.0,5704,2157703.16623639,1759355163.1967695,30039.0,0.0010000000474974513,0.0026212739758193493,0.0013443429488688707,0.0042564356699585915,,,,
270.0,5705,2158329.847254619,1759355789.8769817,30049.0,0.0010000000474974513,0.0022422850597649813,0.0010749890934675932,0.0038909863214939833,,,,
270.0,5706,2158957.105678148,1759356417.1354573,30059.0,0.0010000000474974513,0.0024089240469038486,0.0013382958713918924,0.0035687610507011414,,,,
270.0,5707,2159491.518340235,1759356951.5486844,30069.0,0.0010000000474974513,0.0022883708588778973,0.0011252479162067175,0.003877076553180814,,,,
270.0,5708,2160007.698551131,1759357467.7290413,30079.0,0.0010000000474974513,0.0022195158526301384,0.001023449469357729,0.003986887633800507,,,,
,5709,2160975.952627612,1759358435.9832683,,,,,,,,,
,5710,2160977.163489757,1759358437.1941311,,,,,,,,,
,5711,2160977.169177687,1759358437.199721,,,,,,,,,0.13176144659519196
,5712,2160977.378957879,1759358437.4095967,,,,,,,,,
270.0,5713,2160977.929738981,1759358437.9602294,30080.0,,,,,0.03469940647482872,0.13308553397655487,0.006302983965724707,
,5714,2160978.563126476,1759358438.5937045,,,,,,,,,
,5715,2160979.708642551,1759358439.7392502,,,,,,,,,
,5716,2160979.714905672,1759358439.7454681,,,,,,,,,
,5717,2160979.923438676,1759358439.9540558,,,,,,,,,
270.0,5718,2160987.962711242,1759358447.9893305,30080.0,,,,,,,,
271.0,5719,2161925.200787548,1759359385.2309644,30089.0,0.0010000000474974513,0.002338121645152569,0.00108879164326936,0.0041644335724413395,,,,
271.0,5720,2162552.213557019,1759360012.2434843,30099.0,0.0010000000474974513,0.0022000279277563095,0.0011089736362919211,0.0036368481814861298,,,,
271.0,5721,2163178.858326934,1759360638.887597,30109.0,0.0010000000474974513,0.002206880133599043,0.0010622042464092374,0.0038155862130224705,,,,
271.0,5722,2163805.217241204,1759361265.2472172,30119.0,0.0010000000474974513,0.002186826430261135,0.0010412954725325108,0.0038184369914233685,,,,
271.0,5723,2164431.782034576,1759361891.811809,30129.0,0.0010000000474974513,0.0021732919849455357,0.0009783345740288496,0.003983191214501858,,,,
271.0,5724,2165060.553273473,1759362520.5835092,30139.0,0.0010000000474974513,0.002174046356230974,0.0010336583945900202,0.0038012934383004904,,,,
271.0,5725,2165686.44730669,1759363146.4764283,30149.0,0.0010000000474974513,0.002510103164240718,0.0011376847978681326,0.004574728664010763,,,,
271.0,5726,2166313.295931699,1759363773.3258398,30159.0,0.0010000000474974513,0.002451919484883547,0.001147138886153698,0.004349268041551113,,,,
271.0,5727,2166939.451755792,1759364399.4817083,30169.0,0.0010000000474974513,0.0021235623862594366,0.0010786354541778564,0.0034830900840461254,,,,
271.0,5728,2167487.316477322,1759364947.3468077,30179.0,0.0010000000474974513,0.002238977001979947,0.00106110202614218,0.003926250152289867,,,,
271.0,5729,2168003.893381264,1759365463.9236567,30189.0,0.0010000000474974513,0.0023591644130647182,0.001177281723357737,0.003939609508961439,,,,
,5730,2169021.64934361,1759366481.6799495,,,,,,,,,
,5731,2169022.784189724,1759366482.8147976,,,,,,,,,
,5732,2169022.789765138,1759366482.8203468,,,,,,,,,0.09451416879892349
,5733,2169022.998213089,1759366483.028829,,,,,,,,,
271.0,5734,2169023.045083057,1759366483.0755868,30191.0,,,,,0.041788872331380844,0.11103685200214386,0.0053972117602825165,
,5735,2169023.649987279,1759366483.6762345,,,,,,,,,
,5736,2169024.881106995,1759366484.911746,,,,,,,,,
,5737,2169024.887496021,1759366484.9180617,,,,,,,,,
,5738,2169025.094833038,1759366485.1254673,,,,,,,,,
271.0,5739,2169033.045213832,1759366493.0715792,30191.0,,,,,,,,
272.0,5740,2169899.463082745,1759367359.4934223,30199.0,0.0010000000474974513,0.002822787966579199,0.0016765919281169772,0.003820653771981597,,,,
272.0,5741,2170526.535079674,1759367986.5655758,30209.0,0.0010000000474974513,0.002334466204047203,0.0011375368339940906,0.0039897640235722065,,,,
272.0,5742,2171155.020598793,1759368615.0507727,30219.0,0.0010000000474974513,0.0026033432222902775,0.0014781473437324166,0.0037506527733057737,,,,
272.0,5743,2171784.256111163,1759369244.2866402,30229.0,0.0010000000474974513,0.002536488464102149,0.0012889557983726263,0.004158442374318838,,,,
272.0,5744,2172411.959741144,1759369871.989724,30239.0,0.0010000000474974513,0.0022411770187318325,0.001096453401260078,0.0038157450035214424,,,,
272.0,5745,2173038.490466533,1759370498.520392,30249.0,0.0010000000474974513,0.0022459954489022493,0.0011417306959629059,0.003680882276967168,,,,
272.0,5746,2173662.43787777,1759371122.4680545,30259.0,0.0010000000474974513,0.00233184895478189,0.0012545572826638818,0.003590972628444433,,,,
272.0,5747,2174289.717004276,1759371749.7467113,30269.0,0.0010000000474974513,0.002293083816766739,0.001109487027861178,0.003945323172956705,,,,
272.0,5748,2174916.423252717,1759372376.452775,30279.0,0.0010000000474974513,0.002550013829022646,0.0011274523567408323,0.0047418721951544285,,,,
272.0,5749,2175475.102895171,1759372935.133364,30289.0,0.0010000000474974513,0.002114384202286601,0.00105347263161093,0.0035363715142011642,,,,
272.0,5750,2175991.633876209,1759373451.6638725,30299.0,0.0010000000474974513,0.0023010815493762493,0.001081274589523673,0.004066023509949446,,,,
,5751,2177063.239801211,1759374523.2704263,,,,,,,,,
,5752,2177064.440233975,1759374524.470867,,,,,,,,,
,5753,2177064.446193012,1759374524.4767473,,,,,,,,,0.11761267483234406
,5754,2177064.654855173,1759374524.6854987,,,,,,,,,
272.0,5755,2177064.734463762,1759374524.7649376,30302.0,,,,,0.04486813396215439,0.12108621746301651,0.008985471911728382,
,5756,2177065.368142633,1759374525.3987124,,,,,,,,,
,5757,2177066.594666685,1759374526.6253064,,,,,,,,,
,5758,2177066.601068101,1759374526.631623,,,,,,,,,
,5759,2177066.810515244,1759374526.8411646,,,,,,,,,
272.0,5760,2177075.849999344,1759374535.875606,30302.0,,,,,,,,
273.0,5761,2177880.027946593,1759375340.058186,30309.0,0.0010000000474974513,0.0025302383583039045,0.0015326507855206728,0.0033252923749387264,,,,
273.0,5762,2178506.230111452,1759375966.2605417,30319.0,0.0010000000474974513,0.0020999503321945667,0.001074041472747922,0.0034196963533759117,,,,
273.0,5763,2179132.155129231,1759376592.1850119,30329.0,0.0010000000474974513,0.002275132341310382,0.0009856794495135546,0.004298176150768995,,,,
273.0,5764,2179756.486564306,1759377216.516617,30339.0,0.0010000000474974513,0.002326785121113062,0.0011729876277968287,0.0038459920324385166,,,,
273.0,5765,2180383.603869238,1759377843.6338813,30349.0,0.0010000000474974513,0.0020987512543797493,0.0009364221477881074,0.0038744299672544003,,,,
273.0,5766,2181009.618460441,1759378469.6483402,30359.0,0.0010000000474974513,0.0022092056460678577,0.0010008737444877625,0.004027773160487413,,,,
273.0,5767,2181638.242781432,1759379098.2732937,30369.0,0.0010000000474974513,0.0021005787421017885,0.0009278005454689264,0.003909260965883732,,,,
273.0,5768,2182265.401344528,1759379725.431793,30379.0,0.0010000000474974513,0.0019280032720416784,0.0009467256022617221,0.0032709252554923296,,,,
273.0,5769,2182890.252308456,1759380350.2823396,30389.0,0.0010000000474974513,0.00201084790751338,0.0009022244485095143,0.003695411141961813,,,,
273.0,5770,2183452.668361124,1759380912.6986957,30399.0,0.0010000000474974513,0.0019680634140968323,0.000876609527040273,0.0036381790414452553,,,,
273.0,5771,2183968.614428958,1759381428.6445396,30409.0,0.0010000000474974513,0.00231985654681921,0.0010598147055134177,0.004200139548629522,,,,
,5772,2185088.577000556,1759382548.6033864,,,,,,,,,
,5773,2185089.76069772,1759382549.7913237,,,,,,,,,
,5774,2185089.76598973,1759382549.79659,,,,,,,,,0.0812755897641182
,5775,2185089.974720523,1759382550.0053403,,,,,,,,,
273.0,5776,2185089.977336264,1759382550.0078897,30413.0,,,,,0.03774132952094078,0.06954871118068695,0.005331128370016813,
,5777,2185090.570125021,1759382550.6007638,,,,,,,,,
,5778,2185091.757910777,1759382551.7885497,,,,,,,,,
,5779,2185091.764299158,1759382551.794886,,,,,,,,,
,5780,2185091.976736588,1759382552.007386,,,,,,,,,
273.0,5781,2185100.489865669,1759382560.5163817,30413.0,,,,,,,,
274.0,5782,2185841.909209677,1759383301.9389544,30419.0,0.0010000000474974513,0.001979903317987919,0.0008563506416976452,0.0037451754324138165,,,,
274.0,5783,2186470.723600368,1759383930.7532384,30429.0,0.0010000000474974513,0.001819412223994732,0.0008033420308493078,0.0033869005274027586,,,,
274.0,5784,2187099.01604558,1759384559.0458653,30439.0,0.0010000000474974513,0.0018887692131102085,0.0008198880823329091,0.0035629370249807835,,,,
274.0,5785,2187725.257380866,1759385185.2873824,30449.0,0.0010000000474974513,0.0026417535264045,0.001281646196730435,0.004533690400421619,,,,
274.0,5786,2188350.889080365,1759385810.9189618,30459.0,0.0010000000474974513,0.002110428176820278,0.0009395278175361454,0.003903001081198454,,,,
274.0,5787,2188977.542276088,1759386437.5724344,30469.0,0.0010000000474974513,0.0022623927798122168,0.0010042745852842927,0.004193727392703295,,,,
274.0,5788,2189601.631262101,1759387061.6614492,30479.0,0.0010000000474974513,0.002399643650278449,0.0010835620341822505,0.00438693817704916,,,,
274.0,5789,2190225.239081754,1759387685.2692406,30489.0,0.0010000000474974513,0.002134371316060424,0.0009068307699635625,0.0040918015874922276,,,,
274.0,5790,2190854.14255241,1759388314.1724448,30499.0,0.0010000000474974513,0.001872248132713139,0.0008540002163499594,0.0033941594883799553,,,,
274.0,5791,2191435.475723747,1759388895.506068,30509.0,0.0010000000474974513,0.0021238792687654495,0.0010601396206766367,0.003545798361301422,,,,
274.0,5792,2191952.161353116,1759389412.1914604,30519.0,0.0010000000474974513,0.002276030369102955,0.001212961389683187,0.003543563187122345,,,,
,5793,2193125.076380693,1759390585.106956,,,,,,,,,
,5794,2193126.291431154,1759390586.322032,,,,,,,,,
,5795,2193126.29697542,1759390586.3275416,,,,,,,,,0.08194107562303543
,5796,2193126.507034692,1759390586.5376806,,,,,,,,,
274.0,5797,2193126.518144136,1759390586.548633,30524.0,,,,,0.04680831357836723,0.08989302068948746,0.013015856966376305,
,5798,2193127.132996407,1759390587.1635208,,,,,,,,,
,5799,2193128.475033197,1759390588.5056722,,,,,,,,,
,5800,2193128.481532335,1759390588.512104,,,,,,,,,
,5801,2193128.692629756,1759390588.72323,,,,,,,,,
274.0,5802,2193136.689218184,1759390596.7157097,30524.0,,,,,,,,
275.0,5803,2193816.387081923,1759391276.4169145,30529.0,0.0010000000474974513,0.0018285522237420082,0.0009095162386074662,0.0030634531285613775,,,,
275.0,5804,2194439.319737323,1759391899.3496058,30539.0,0.0010000000474974513,0.00277660321444273,0.0013906939420849085,0.004619696643203497,,,,
275.0,5805,2195064.453122713,1759392524.4831574,30549.0,0.0010000000474974513,0.0020210761576890945,0.000952645146753639,0.0035614364314824343,,,,
275.0,5806,2195691.775640385,1759393151.8060782,30559.0,0.0010000000474974513,0.002131180139258504,0.0010659991530701518,0.003550602588802576,,,,
275.0,5807,2196322.793090818,1759393782.8230612,30569.0,0.0010000000474974513,0.0021056351251900196,0.0010162824764847755,0.0036311750300228596,,,,
275.0,5808,2196949.662450317,1759394409.6924605,30579.0,0.0010000000474974513,0.0020007037092000246,0.0008341404027305543,0.003888544160872698,,,,
275.0,5809,2197576.937431054,1759395036.9674041,30589.0,0.0010000000474974513,0.001902592135593295,0.0008558130939491093,0.003489262890070677,,,,
275.0,5810,2198200.047239997,1759395660.077663,30599.0,0.0010000000474974513,0.0024440863635390997,0.0010680623818188906,0.004586746916174889,,,,
275.0,5811,2198826.886099345,1759396286.9163704,30609.0,0.0010000000474974513,0.0020268973894417286,0.0009064915357157588,0.0037346850149333477,,,,
275.0,5812,2199416.201029129,1759396876.2310252,30619.0,0.0010000000474974513,0.0020683372858911753,0.0008947608293965459,0.003911921288818121,,,,
275.0,5813,2199934.06926041,1759397394.0992043,30629.0,0.0010000000474974513,0.0023268305230885744,0.0009472413221374154,0.004598630126565695,,,,
,5814,2201165.046561535,1759398625.077149,,,,,,,,,
,5815,2201166.296253096,1759398626.3268943,,,,,,,,,
,5816,2201166.301731956,1759398626.3322709,,,,,,,,,0.06981291621923447
,5817,2201166.510111441,1759398626.5407605,,,,,,,,,
275.0,5818,2201166.551089143,1759398626.5815504,30635.0,,,,,0.039867497980594635,0.056049246340990067,0.010678146034479141,
,5819,2201167.137514101,1759398627.1681514,,,,,,,,,
,5820,2201168.382677805,1759398628.413308,,,,,,,,,
,5821,2201168.389359326,1759398628.4198956,,,,,,,,,
,5822,2201168.597645703,1759398628.6282802,,,,,,,,,
275.0,5823,2201176.596969017,1759398636.623474,30635.0,,,,,,,,
276.0,5824,2201798.837107915,1759399258.8673143,30639.0,0.0010000000474974513,0.0020008322317153215,0.000793798768427223,0.004023444838821888,,,,
276.0,5825,2202421.403436568,1759399881.4333472,30649.0,0.0010000000474974513,0.001909970073029399,0.0008705195505172014,0.0034648347645998,,,,
276.0,5826,2203044.867500017,1759400504.8975472,30659.0,0.0010000000474974513,0.0022205605637282133,0.0008381945081055164,0.004607886075973511,,,,
276.0,5827,2203670.806610695,1759401130.8366408,30669.0,0.0010000000474974513,0.0018955497071146965,0.0009649089770391583,0.0031021360773593187,,,,
276.0,5828,2204294.405193692,1759401754.4351,30679.0,0.0010000000474974513,0.0020700262393802404,0.0009326970321126282,0.003791096853092313,,,,
276.0,5829,2204920.93305159,1759402380.9633582,30689.0,0.0010000000474974513,0.0020160642452538013,0.000850564450956881,0.003884999081492424,,,,
276.0,5830,2205546.315311777,1759403006.3458428,30699.0,0.0010000000474974513,0.0021242215298116207,0.0009306294377893209,0.003978639841079712,,,,
276.0,5831,2206173.605259732,1759403633.6356628,30709.0,0.0010000000474974513,0.0020212759263813496,0.0009730840101838112,0.0034939730539917946,,,,
276.0,5832,2206802.044085196,1759404262.0739632,30719.0,0.0010000000474974513,0.0019244425930082798,0.000875330762937665,0.0034970389679074287,,,,
276.0,5833,2207399.902594715,1759404859.9326365,30729.0,0.0010000000474974513,0.001913151005282998,0.0008356317412108183,0.00359173072502017,,,,
276.0,5834,2207912.728618776,1759405372.7588186,30739.0,0.0010000000474974513,0.0020116311497986317,0.0009202290093526244,0.0036380072124302387,,,,
,5835,2209189.523991681,1759406649.553802,,,,,,,,,
,5836,2209190.729171946,1759406650.7597845,,,,,,,,,
,5837,2209190.734323504,1759406650.7649205,,,,,,,,,0.040695883333683014
,5838,2209190.943567211,1759406650.974189,,,,,,,,,
276.0,5839,2209190.946137371,1759406650.976686,30746.0,,,,,0.12595759332180023,0.04463695362210274,0.08937543630599976,
,5840,2209191.528164977,1759406651.5587673,,,,,,,,,
,5841,2209192.692530424,1759406652.7231696,,,,,,,,,
,5842,2209192.699059466,1759406652.7296283,,,,,,,,,
,5843,2209192.910900279,1759406652.9415436,,,,,,,,,
276.0,5844,2209201.510783418,1759406661.537301,30746.0,,,,,,,,
277.0,5845,2209750.832038459,1759407210.8619173,30749.0,0.0010000000474974513,0.002554197097197175,0.0013280733255669475,0.004087078385055065,,,,
277.0,5846,2210375.930084093,1759407835.9600263,30759.0,0.0010000000474974513,0.0027435533702373505,0.0014438130892813206,0.004332466516643763,,,,
277.0,5847,2211002.041303373,1759408462.0712402,30769.0,0.0010000000474974513,0.002302065957337618,0.001127680647186935,0.00391461793333292,,,,
277.0,5848,2211625.402439459,1759409085.4324827,30779.0,0.0010000000474974513,0.0021411608904600143,0.0011266747023910284,0.00338162062689662,,,,
277.0,5849,2212249.941030053,1759409709.9712596,30789.0,0.0010000000474974513,0.002007726114243269,0.0008281624177470803,0.003931878134608269,,,,
277.0,5850,2212868.708341387,1759410328.7385306,30799.0,0.0010000000474974513,0.0019451903644949198,0.000987742911092937,0.00319149112328887,,,,
277.0,5851,2213487.978944411,1759410948.009444,30809.0,0.0010000000474974513,0.0022595711052417755,0.0009706483688205481,0.004296408966183662,,,,
277.0,5852,2214103.322064656,1759411563.3525064,30819.0,0.0010000000474974513,0.0024611796252429485,0.0012693770695477724,0.003972675185650587,,,,
277.0,5853,2214720.78918309,1759412180.8193333,30829.0,0.0010000000474974513,0.002680968027561903,0.001666899537667632,0.003380227368324995,,,,
277.0,5854,2215325.564817322,1759412785.5950456,30839.0,0.0010000000474974513,0.0026820115745067596,0.0012240847572684288,0.004859755747020245,,,,
277.0,5855,2215837.24293186,1759413297.272661,30849.0,0.0010000000474974513,0.00258832611143589,0.001256645773537457,0.004438934847712517,,,,
,5856,2217158.125500911,1759414618.1561186,,,,,,,,,
,5857,2217159.265364837,1759414619.2960062,,,,,,,,,
,5858,2217159.270649031,1759414619.3012083,,,,,,,,,0.031206801533699036
,5859,2217159.474129469,1759414619.5047653,,,,,,,,,
277.0,5860,2217159.492533345,1759414619.5230343,30857.0,,,,,0.045028891414403915,0.038041289895772934,0.01594904251396656,
,5861,2217160.072565132,1759414620.103214,,,,,,,,,
,5862,2217161.307354807,1759414621.3380075,,,,,,,,,
,5863,2217161.3136201,1759414621.3441896,,,,,,,,,
,5864,2217161.519752383,1759414621.5504045,,,,,,,,,
277.0,5865,2217169.946704549,1759414629.9733126,30857.0,,,,,,,,
278.0,5866,2217663.06045137,1759415123.0891979,30859.0,0.0010000000474974513,0.0019153566099703312,0.0009536574361845851,0.003205664223060012,,,,
278.0,5867,2218279.108609666,1759415739.1386845,30869.0,0.0010000000474974513,0.0019648526795208454,0.0008594861719757318,0.0036845547147095203,,,,
278.0,5868,2218897.244843078,1759416357.274557,30879.0,0.0010000000474974513,0.0020132281351834536,0.0008175249095074832,0.0039856769144535065,,,,
278.0,5869,2219517.499005422,1759416977.5291114,30889.0,0.0010000000474974513,0.002710058819502592,0.0015426449244841933,0.0038913784082978964,,,,
278.0,5870,2220137.021872436,1759417597.0519526,30899.0,0.0010000000474974513,0.003415873274207115,0.002240621717646718,0.003917505033314228,,,,
278.0,5871,2220755.705486308,1759418215.736003,30909.0,0.0010000000474974513,0.003074066713452339,0.0015710124280303717,0.0050101811066269875,,,,
278.0,5872,2221376.119362581,1759418836.1494277,30919.0,0.0010000000474974513,0.0023138425312936306,0.0011856856290251017,0.0037605231627821922,,,,
278.0,5873,2221996.971864654,1759419457.00161,30929.0,0.0010000000474974513,0.0026369215920567513,0.0011226010974496603,0.005047733895480633,,,,
278.0,5874,2222615.496209241,1759420075.5259926,30939.0,0.0010000000474974513,0.002206700388342142,0.0009369438048452139,0.004232521168887615,,,,
278.0,5875,2223229.578873389,1759420689.6088164,30949.0,0.0010000000474974513,0.0019981435034424067,0.0009203195222653449,0.0035927467979490757,,,,
278.0,5876,2223742.288044309,1759421202.3179216,30959.0,0.0010000000474974513,0.00227924482896924,0.0010381381725892425,0.004137021489441395,,,,
,5877,2225113.384219363,1759422573.4148495,,,,,,,,,
,5878,2225114.575329835,1759422574.6059716,,,,,,,,,
,5879,2225114.580465189,1759422574.6110294,,,,,,,,,0.08202408999204636
,5880,2225114.786404463,1759422574.8170493,,,,,,,,,
278.0,5881,2225114.864186041,1759422574.8947225,30968.0,,,,,0.038978829979896545,0.073467917740345,0.014889192767441273,
,5882,2225115.439703997,1759422575.470353,,,,,,,,,
,5883,2225117.248678163,1759422577.2793314,,,,,,,,,
,5884,2225117.254757601,1759422577.2853196,,,,,,,,,
,5885,2225117.460039114,1759422577.4906936,,,,,,,,,
278.0,5886,2225125.23874282,1759422585.265745,30968.0,,,,,,,,
279.0,5887,2225565.868964221,1759423025.8993485,30969.0,0.0010000000474974513,0.0019145417027175426,0.0008047763840295374,0.00369921769015491,,,,
279.0,5888,2226178.063295231,1759423638.0934312,30979.0,0.0010000000474974513,0.0026937536895275116,0.0016861401963979006,0.0033587112557142973,,,,
279.0,5889,2226797.786552354,1759424257.8165379,30989.0,0.0010000000474974513,0.002572682686150074,0.0012709018774330616,0.004339269362390041,,,,
279.0,5890,2227419.646926537,1759424879.6769176,30999.0,0.0010000000474974513,0.0023597190156579018,0.001273315167054534,0.003621346317231655,,,,
279.0,5891,2228038.92857125,1759425498.957885,31009.0,0.0010000000474974513,0.00205172854475677,0.0010032313875854015,0.0034949909895658493,,,,
279.0,5892,2228654.781470838,1759426114.8110662,31019.0,0.0010000000474974513,0.004943256266415119,0.0037068414967507124,0.00412138132378459,,,,
279.0,5893,2229276.597598647,1759426736.6275773,31029.0,0.0010000000474974513,0.002354889875277877,0.0012163291685283184,0.003795202123001218,,,,
279.0,5894,2229897.840668056,1759427357.8704798,31039.0,0.0010000000474974513,0.0030925674363970757,0.0019236637745052576,0.003896346315741539,,,,
279.0,5895,2230517.277684014,1759427977.3071432,31049.0,0.0010000000474974513,0.003572711953893304,0.0022574379108846188,0.004384247120469809,,,,
279.0,5896,2231142.466287334,1759428602.4958205,31059.0,0.0010000000474974513,0.004356762859970331,0.0031821043230593204,0.003915528766810894,,,,
279.0,5897,2231664.914340098,1759429124.944666,31069.0,0.0010000000474974513,0.003445839509367943,0.002073520328849554,0.0045743971131742,,,,
279.0,5898,2232166.829312115,1759429626.8593988,31079.0,0.0010000000474974513,0.0027494884561747313,0.0014862626558169723,0.004210752435028553,,,,
,5899,2233090.978328189,1759430551.0089562,,,,,,,,,
,5900,2233092.122210848,1759430552.1528177,,,,,,,,,
,5901,2233092.127773419,1759430552.158355,,,,,,,,,0.11347699910402298
,5902,2233092.336749965,1759430552.3673487,,,,,,,,,
279.0,5903,2233092.379026933,1759430552.4095342,31079.0,,,,,0.034330956637859344,0.11411183327436447,0.004064094740897417,
,5904,2233093.030305214,1759430553.0608692,,,,,,,,,
,5905,2233094.278336437,1759430554.3089464,,,,,,,,,
,5906,2233094.284662881,1759430554.3152518,,,,,,,,,
,5907,2233094.4967249,1759430554.5273476,,,,,,,,,
279.0,5908,2233102.831436394,1759430562.8580787,31079.0,,,,,,,,
280.0,5909,2234091.243477848,1759431551.273807,31089.0,0.0010000000474974513,0.00199579237960279,0.0010180252138525248,0.003259223885834217,,,,
280.0,5910,2234711.258304567,1759432171.2882876,31099.0,0.0010000000474974513,0.002395553747192025,0.0012164113577455282,0.003930474631488323,,,,
280.0,5911,2235330.895094724,1759432790.9250197,31109.0,0.0010000000474974513,0.0025660553947091103,0.0015584637876600027,0.003358638845384121,,,,
280.0,5912,2235953.977572701,1759433414.0074706,31119.0,0.0010000000474974513,0.0023575855884701014,0.0011914290953427553,0.003887187922373414,,,,
280.0,5913,2236579.062886453,1759434039.0933716,31129.0,0.0010000000474974513,0.00203380617313087,0.0009722152608446777,0.0035386360250413418,,,,
280.0,5914,2237202.751543366,1759434662.7814636,31139.0,0.0010000000474974513,0.0022151991724967957,0.0009889209177345037,0.004087594337761402,,,,
280.0,5915,2237825.869483978,1759435285.8994846,31149.0,0.0010000000474974513,0.0021826117299497128,0.0009487461065873504,0.004112884867936373,,,,
280.0,5916,2238449.896159896,1759435909.9259908,31159.0,0.0010000000474974513,0.002191837877035141,0.0009889804059639573,0.004009524825960398,,,,
280.0,5917,2239070.508830255,1759436530.5392523,31169.0,0.0010000000474974513,0.0023443782702088356,0.0012690057046711445,0.003584575606510043,,,,
280.0,5918,2239603.51884214,1759437063.5486467,31179.0,0.0010000000474974513,0.0020704271737486124,0.0009233926539309323,0.0038234482053667307,,,,
280.0,5919,2240118.266717936,1759437578.2965868,31189.0,0.0010000000474974513,0.0023092145565897226,0.0010750878136605024,0.004113755188882351,,,,
,5920,2241081.868246926,1759438541.8988633,,,,,,,,,
,5921,2241083.087241086,1759438543.1178463,,,,,,,,,
,5922,2241083.092886475,1759438543.1234598,,,,,,,,,0.07794669270515442
,5923,2241083.297755589,1759438543.3283908,,,,,,,,,
280.0,5924,2241083.300364629,1759438543.3309162,31190.0,,,,,0.034510981291532516,0.08624415844678879,0.005602382589131594,
,5925,2241083.910902244,1759438543.9415026,,,,,,,,,
,5926,2241085.126723968,1759438545.1572924,,,,,,,,,
,5927,2241085.133000064,1759438545.1635542,,,,,,,,,
,5928,2241085.341433101,1759438545.372007,,,,,,,,,
280.0,5929,2241094.443981264,1759438554.4702177,31190.0,,,,,,,,
281.0,5930,2242021.457313896,1759439481.487133,31199.0,0.0010000000474974513,0.0024735936895012856,0.0012298598885536194,0.004145779646933079,,,,
281.0,5931,2242646.669975187,1759440106.6999931,31209.0,0.0010000000474974513,0.002401744481176138,0.0011709503596648574,0.004102647304534912,,,,
281.0,5932,2243269.213808823,1759440729.2435575,31219.0,0.0010000000474974513,0.0021047443151474,0.0008706241496838629,0.004113734234124422,,,,
281.0,5933,2243892.45145038,1759441352.4816227,31229.0,0.0010000000474974513,0.0022107516415417194,0.0010857810266315937,0.00374990189447999,,,,
281.0,5934,2244516.100107401,1759441976.1300004,31239.0,0.0010000000474974513,0.002613771939650178,0.001523798331618309,0.0036332448944449425,,,,
281.0,5935,2245139.160533073,1759442599.1904867,31249.0,0.0010000000474974513,0.002281651133671403,0.0011290451511740685,0.0038420199416577816,,,,
281.0,5936,2245762.555946684,1759443222.5856547,31259.0,0.0010000000474974513,0.002362313214689493,0.0011554586235433817,0.004022848326712847,,,,
281.0,5937,2246387.109184728,1759443847.139699,31269.0,0.0010000000474974513,0.002213326282799244,0.0010152007453143597,0.003993751481175423,,,,
281.0,5938,2247010.682915703,1759444470.7128808,31279.0,0.0010000000474974513,0.0020791413262486458,0.0009673837339505553,0.003705858252942562,,,,
281.0,5939,2247553.239462223,1759445013.269179,31289.0,0.0010000000474974513,0.003800060134381056,0.0025524995289742947,0.0041585355065763,,,,
281.0,5940,2248066.346500665,1759445526.3766294,31299.0,0.0010000000474974513,0.003431839868426323,0.0023638480342924595,0.003559972159564495,,,,
,5941,2249078.405463753,1759446538.436115,,,,,,,,,
,5942,2249079.590848535,1759446539.6214406,,,,,,,,,
,5943,2249079.596064638,1759446539.6266325,,,,,,,,,0.09633928537368774
,5944,2249079.803150252,1759446539.8337286,,,,,,,,,
281.0,5945,2249079.864063384,1759446539.8945162,31301.0,,,,,0.0495552197098732,0.09262266010046005,0.01614278182387352,
,5946,2249080.499004394,1759446540.5295732,,,,,,,,,
,5947,2249081.787684293,1759446541.818322,,,,,,,,,
,5948,2249081.79430717,1759446541.8248534,,,,,,,,,
,5949,2249082.002670845,1759446542.0332818,,,,,,,,,
281.0,5950,2249089.810446175,1759446549.8371263,31301.0,,,,,,,,
282.0,5951,2249955.864642482,1759447415.8947413,31309.0,0.0010000000474974513,0.002955813892185688,0.0016581965610384941,0.004325391259044409,,,,
282.0,5952,2250581.431929672,1759448041.4618816,31319.0,0.0010000000474974513,0.0021686365362256765,0.0011542860884219408,0.003381167771294713,,,,
282.0,5953,2251203.853074015,1759448663.8832786,31329.0,0.0010000000474974513,0.0021479676943272352,0.0010796526912599802,0.003561049699783325,,,,
282.0,5954,2251825.742499583,1759449285.7722046,31339.0,0.0010000000474974513,0.0023684403859078884,0.0010836225701496005,0.004282725974917412,,,,
282.0,5955,2252453.566119982,1759449913.5959506,31349.0,0.0010000000474974513,0.002103077247738838,0.0010904665105044842,0.0033753691241145134,,,,
282.0,5956,2253078.786076973,1759450538.8159328,31359.0,0.0010000000474974513,0.0022785740438848734,0.001013458939269185,0.00421705050393939,,,,
282.0,5957,2253702.983695246,1759451163.0134223,31369.0,0.0010000000474974513,0.0021067417692393064,0.0009542678017169237,0.003841579891741276,,,,
282.0,5958,2254326.399464421,1759451786.429014,31379.0,0.0010000000474974513,0.0021099671721458435,0.0008722395286895335,0.00412575900554657,,,,
282.0,5959,2254953.731351316,1759452413.7613118,31389.0,0.0010000000474974513,0.0020758816972374916,0.00093559839297086,0.003800944657996297,,,,
282.0,5960,2255509.015568402,1759452969.0459867,31399.0,0.0010000000474974513,0.002045560395345092,0.0009140382753685117,0.0037717404775321484,,,,
282.0,5961,2256027.691507412,1759453487.7212455,31409.0,0.0010000000474974513,0.002323515247553587,0.0009320962708443403,0.004638062324374914,,,,
,5962,2257094.497944648,1759454554.528564,,,,,,,,,
,5963,2257095.637574922,1759454555.6682208,,,,,,,,,
,5964,2257095.643032185,1759454555.673595,,,,,,,,,0.09754682332277298
,5965,2257095.848868932,1759454555.8795123,,,,,,,,,
282.0,5966,2257096.44823238,1759454556.4786763,31412.0,,,,,0.03508738800883293,0.10199584066867828,0.009978964924812317,
,5967,2257097.058507813,1759454557.0890868,,,,,,,,,
,5968,2257098.26236053,1759454558.293005,,,,,,,,,
,5969,2257098.268747589,1759454558.299313,,,,,,,,,
,5970,2257098.472770539,1759454558.503428,,,,,,,,,
282.0,5971,2257106.296110193,1759454566.3221023,31412.0,,,,,,,,
283.0,5972,2257909.024425088,1759455369.05411,31419.0,0.0010000000474974513,0.002064140746369958,0.0007752363453619182,0.004296347498893738,,,,
283.0,5973,2258532.151616881,1759455992.1811955,31429.0,0.0010000000474974513,0.0018451889045536518,0.0006990012479946017,0.0038206251338124275,,,,
283.0,5974,2259154.288060585,1759456614.317827,31439.0,0.0010000000474974513,0.0022809740621596575,0.0009293293696828187,0.004505482502281666,,,,
283.0,5975,2259774.752766048,1759457234.782641,31449.0,0.0010000000474974513,0.0019445698708295822,0.0007464359514415264,0.003993779420852661,,,,
283.0,5976,2260397.749521544,1759457857.7791653,31459.0,0.0010000000474974513,0.0020756605081260204,0.0008913161582313478,0.0039478144608438015,,,,
283.0,5977,2261019.521740618,1759458479.551941,31469.0,0.0010000000474974513,0.002083819592371583,0.0008447974105365574,0.004130073357373476,,,,
283.0,5978,2261644.485198053,1759459104.5153487,31479.0,0.0010000000474974513,0.0018359551904723048,0.0007814622367732227,0.003514976939186454,,,,
283.0,5979,2262268.844165432,1759459728.8740287,31489.0,0.0010000000474974513,0.002156388945877552,0.0009476121631450951,0.004029255826026201,,,,
283.0,5980,2262891.813185158,1759460351.8432124,31499.0,0.0010000000474974513,0.002079576952382922,0.001057911547832191,0.003405551426112652,,,,
283.0,5981,2263459.286405816,1759460919.3167377,31509.0,0.0010000000474974513,0.002052357653155923,0.0009593907743692398,0.0036432223860174417,,,,
283.0,5982,2263975.040555511,1759461435.0704007,31519.0,0.0010000000474974513,0.0019989055581390858,0.0008347013499587774,0.003880680538713932,,,,
,5983,2265091.25211503,1759462551.2826617,,,,,,,,,
,5984,2265092.407903448,1759462552.4385414,,,,,,,,,
,5985,2265092.413295711,1759462552.4438567,,,,,,,,,0.09284175932407379
,5986,2265092.622821962,1759462552.6534667,,,,,,,,,
283.0,5987,2265092.648224536,1759462552.6786869,31523.0,,,,,0.04236762970685959,0.11102543771266937,0.016827337443828583,
,5988,2265093.268060757,1759462553.298642,,,,,,,,,
,5989,2265094.427231943,1759462554.457877,,,,,,,,,
,5990,2265094.433769936,1759462554.4643402,,,,,,,,,
,5991,2265094.64374521,1759462554.6743987,,,,,,,,,
283.0,5992,2265103.225811375,1759462563.2518628,31523.0,,,,,,,,
284.0,5993,2265834.251747436,1759463294.2822137,31529.0,0.0010000000474974513,0.0018740484956651926,0.0007435755105689168,0.0037682433612644672,,,,
284.0,5994,2266456.93536698,1759463916.965763,31539.0,0.0010000000474974513,0.0019683069549500942,0.0008306009112857282,0.0037923529744148254,,,,
284.0,5995,2267079.182952226,1759464539.2130024,31549.0,0.0010000000474974513,0.0019761212170124054,0.0009098966838791966,0.0035540820099413395,,,,
284.0,5996,2267702.702799986,1759465162.7326686,31559.0,0.0010000000474974513,0.0019760895520448685,0.0008431863388977945,0.0037763442378491163,,,,
284.0,5997,2268326.617218081,1759465786.647476,31569.0,0.0010000000474974513,0.002078121993690729,0.0008289850666187704,0.00416379002854228,,,,
284.0,5998,2268952.396743546,1759466412.4267573,31579.0,0.0010000000474974513,0.0019217411754652858,0.0008249874226748943,0.0036558457650244236,,,,
284.0,5999,2269578.112166294,1759467038.1421118,31589.0,0.0010000000474974513,0.002001279965043068,0.0008300204644910991,0.003904198296368122,,,,
284.0,6000,2270202.43515292,1759467662.4647574,31599.0,0.0010000000474974513,0.0019047614187002182,0.0007392588304355741,0.003885008627548814,,,,
284.0,6001,2270824.732354491,1759468284.7623038,31609.0,0.0010000000474974513,0.0024206642992794514,0.0013399962335824966,0.0036022267304360867,,,,
284.0,6002,2271399.050750246,1759468859.0809774,31619.0,0.0010000000474974513,0.0020807699766010046,0.0009108640952035785,0.0038996858056634665,,,,
284.0,6003,2271914.639626062,1759469374.6697361,31629.0,0.0010000000474974513,0.002386246807873249,0.0010226299054920673,0.004545389208942652,,,,
,6004,2273084.327566047,1759470544.3581898,,,,,,,,,
,6005,2273085.549477511,1759470545.58011,,,,,,,,,
,6006,2273085.555039683,1759470545.5856032,,,,,,,,,0.09316807985305786
,6007,2273085.762059763,1759470545.7927065,,,,,,,,,
284.0,6008,2273085.944156954,1759470545.974586,31634.0,,,,,0.034439604729413986,0.11119720339775085,0.005525932647287846,
,6009,2273086.536381879,1759470546.5669785,,,,,,,,,
,6010,2273087.840999917,1759470547.8716416,,,,,,,,,
,6011,2273087.847565772,1759470547.878131,,,,,,,,,
,6012,2273088.060418024,1759470548.091069,,,,,,,,,
284.0,6013,2273096.008889212,1759470556.0352666,31634.0,,,,,,,,
285.0,6014,2273780.809891212,1759471240.839753,31639.0,0.0010000000474974513,0.002034943550825119,0.0009421660215593874,0.0036425916478037834,,,,
285.0,6015,2274402.569258242,1759471862.5993743,31649.0,0.0010000000474974513,0.0017595509998500347,0.0007325304904952645,0.003423401853069663,,,,
285.0,6016,2275025.809273527,1759472485.8390644,31659.0,0.0010000000474974513,0.001996386796236038,0.0008288784883916378,0.003891694825142622,,,,
285.0,6017,2275648.608818471,1759473108.6387837,31669.0,0.0010000000474974513,0.002113582566380501,0.00099999422673136,0.003711961442604661,,,,
285.0,6018,2276271.351162176,1759473731.3814938,31679.0,0.0010000000474974513,0.0022615573834627867,0.0010771539527922869,0.003948010504245758,,,,
285.0,6019,2276892.511733776,1759474352.541739,31689.0,0.0010000000474974513,0.002122269244864583,0.0009687526035122573,0.0038450551219284534,,,,
285.0,6020,2277515.811362634,1759474975.8410206,31699.0,0.0010000000474974513,0.0019107135012745857,0.0008350940770469606,0.0035853979643434286,,,,
285.0,6021,2278140.182463493,1759475600.2125812,31709.0,0.0010000000474974513,0.00224380218423903,0.0009240180952474475,0.004399280529469252,,,,
285.0,6022,2278765.105552433,1759476225.1354039,31719.0,0.0010000000474974513,0.0018727154238149524,0.0008409398724325001,0.003439251333475113,,,,
285.0,6023,2279351.343686861,1759476811.3737566,31729.0,0.0010000000474974513,0.0018880973802879453,0.0008061235421337187,0.003606579266488552,,,,
285.0,6024,2279867.647855297,1759477327.6781206,31739.0,0.0010000000474974513,0.0018809380708262324,0.0009018114651553333,0.0032637552358210087,,,,
,6025,2281089.974607323,1759478550.0052323,,,,,,,,,
,6026,2281091.261009274,1759478551.2916505,,,,,,,,,
,6027,2281091.266222942,1759478551.2967825,,,,,,,,,0.09014300256967545
,6028,2281091.474867567,1759478551.505508,,,,,,,,,
285.0,6029,2281092.033993485,1759478552.0644128,31745.0,,,,,0.0514608658850193,0.10279378294944763,0.025179114192724228,
,6030,2281092.626929165,1759478552.6575396,,,,,,,,,
,6031,2281093.770971411,1759478553.8016176,,,,,,,,,
,6032,2281093.777270621,1759478553.8078375,,,,,,,,,
,6033,2281093.987927228,1759478554.018561,,,,,,,,,
285.0,6034,2281102.5722456,1759478562.5982065,31745.0,,,,,,,,
286.0,6035,2281714.609585231,1759479174.639217,31749.0,0.0010000000474974513,0.0020383563823997974,0.0007966463454067707,0.004139033146202564,,,,
286.0,6036,2282335.674176369,1759479795.7043915,31759.0,0.0010000000474974513,0.002096407115459442,0.0008921872358769178,0.00401406642049551,,,,
286.0,6037,2282958.887058041,1759480418.9170654,31769.0,0.0010000000474974513,0.0019970382563769817,0.0008190117659978569,0.003926754929125309,,,,
286.0,6038,2283582.043060757,1759481042.0732365,31779.0,0.0010000000474974513,0.0018984787166118622,0.0007499941857531667,0.0038282815366983414,,,,
286.0,6039,2284207.891875655,1759481667.9221003,31789.0,0.0010000000474974513,0.0022305978927761316,0.0009177747997455299,0.004376076627522707,,,,
286.0,6040,2284831.880505229,1759482291.9103315,31799.0,0.0010000000474974513,0.0019663621205836535,0.0007686432800255716,0.003992396406829357,,,,
286.0,6041,2285454.491051817,1759482914.5206711,31809.0,0.0010000000474974513,0.0020898028742522,0.000898166501428932,0.003972121514379978,,,,
286.0,6042,2286076.871831652,1759483536.9018939,31819.0,0.0010000000474974513,0.0019667912274599075,0.0008511787746101618,0.003718707710504532,,,,
286.0,6043,2286698.229790085,1759484158.260055,31829.0,0.0010000000474974513,0.0022006998769938946,0.0008744734223000705,0.004420754499733448,,,,
286.0,6044,2287296.100257787,1759484756.1299381,31839.0,0.0010000000474974513,0.0018105984199792147,0.0006869340431876481,0.0037455472629517317,,,,
286.0,6045,2287814.573632124,1759485274.603606,31849.0,0.0010000000474974513,0.0019526282558217645,0.0008139536948874593,0.0037955816369503736,,,,
,6046,2289083.930325094,1759486543.9609325,,,,,,,,,
,6047,2289085.147867644,1759486545.1785119,,,,,,,,,
,6048,2289085.153631056,1759486545.1841996,,,,,,,,,0.04837141931056976
,6049,2289085.36413643,1759486545.394793,,,,,,,,,
286.0,6050,2289085.366775619,1759486545.3973486,31856.0,,,,,0.03950033336877823,0.06458386778831482,0.010938110761344433,
,6051,2289085.956090737,1759486545.9866707,,,,,,,,,
,6052,2289087.131048232,1759486547.1615803,,,,,,,,,
,6053,2289087.137140137,1759486547.1677268,,,,,,,,,
,6054,2289087.344780991,1759486547.3754268,,,,,,,,,
286.0,6055,2289095.827557381,1759486555.8534029,31856.0,,,,,,,,
287.0,6056,2289650.034358378,1759487110.064439,31859.0,0.0010000000474974513,0.0021383585408329964,0.000841670436784625,0.00432229321449995,,,,
287.0,6057,2290272.398204277,1759487732.42837,31869.0,0.0010000000474974513,0.0019287546165287495,0.0008288582321256399,0.003666320815682411,,,,
287.0,6058,2290895.045726933,1759488355.0760834,31879.0,0.0010000000474974513,0.0017945356667041779,0.0007832820992916822,0.003370845690369606,,,,
287.0,6059,2291516.75516883,1759488976.7850912,31889.0,0.0010000000474974513,0.0018588079838082194,0.0007561418460682034,0.0036755534820258617,,,,
287.0,6060,2292139.624793565,1759489599.6543398,31899.0,0.0010000000474974513,0.0017603319138288498,0.000717383692972362,0.0034764939919114113,,,,
287.0,6061,2292762.581646236,1759490222.6119678,31909.0,0.0010000000474974513,0.0019240101100876927,0.0007345562917180359,0.003964845556765795,,,,
287.0,6062,2293385.036187673,1759490845.066505,31919.0,0.0010000000474974513,0.0018672110745683312,0.0007199752144515514,0.003824119456112385,,,,
287.0,6063,2294012.580201134,1759491472.6107082,31929.0,0.0010000000474974513,0.0019348632777109742,0.0006964549538679421,0.004128027707338333,,,,
287.0,6064,2294637.817079735,1759492097.8469663,31939.0,0.0010000000474974513,0.0020429398864507675,0.0008077067323029041,0.004117444157600403,,,,
287.0,6065,2295246.093652277,1759492706.1238935,31949.0,0.0010000000474974513,0.0017501534894108772,0.0007177215302363038,0.0034414399415254593,,,,
287.0,6066,2295762.609415013,1759493222.6395714,31959.0,0.0010000000474974513,0.0019455468282103539,0.0007076739566400647,0.0041262428276240826,,,,
,6067,2297085.431375429,1759494545.4619856,,,,,,,,,
,6068,2297086.568116916,1759494546.5987222,,,,,,,,,
,6069,2297086.573297457,1759494546.603862,,,,,,,,,0.03886890411376953
,6070,2297086.779962035,1759494546.8105876,,,,,,,,,
287.0,6071,2297086.833657661,1759494546.864112,31967.0,,,,,0.046277135610580444,0.04507811740040779,0.012683806009590626,
,6072,2297087.41280457,1759494547.4434507,,,,,,,,,
,6073,2297088.704423036,1759494548.735037,,,,,,,,,
,6074,2297088.71076308,1759494548.7413616,,,,,,,,,
,6075,2297088.923314811,1759494548.9539495,,,,,,,,,
287.0,6076,2297097.474932277,1759494557.5014884,31967.0,,,,,,,,
288.0,6077,2297587.109261943,1759495047.1392498,31969.0,0.0010000000474974513,0.0021780577953904867,0.001156486221589148,0.0034052382688969374,,,,
288.0,6078,2298210.472377788,1759495670.5022357,31979.0,0.0010000000474974513,0.0020241523161530495,0.0009427291806787252,0.0036047431640326977,,,,
288.0,6079,2298831.954950773,1759496291.984825,31989.0,0.0010000000474974513,0.0018727181013673544,0.0007783940527588129,0.0036477462854236364,,,,
288.0,6080,2299456.905771811,1759496916.9357483,31999.0,0.0010000000474974513,0.0019848207011818886,0.0008399607613682747,0.0038161994889378548,,,,
288.0,6081,2300079.658188165,1759497539.688226,32009.0,0.0010000000474974513,0.002068175468593836,0.0008607951458543539,0.004024600610136986,,,,
288.0,6082,2300702.926031811,1759498162.955876,32019.0,0.0010000000474974513,0.0018253626767545938,0.0007487890543416142,0.003588578663766384,,,,
288.0,6083,2301325.230321138,1759498785.2605033,32029.0,0.0010000000474974513,0.002063996158540249,0.0008772578439675272,0.0039557949639856815,,,,
288.0,6084,2301945.983042467,1759499406.013045,32039.0,0.0010000000474974513,0.0018638562178239226,0.0008132619550451636,0.0035019805654883385,,,,
288.0,6085,2302572.123040406,1759500032.1532896,32049.0,0.0010000000474974513,0.0022473656572401524,0.000929898873437196,0.0043915556743741035,,,,
288.0,6086,2303192.336885441,1759500652.3672338,32059.0,0.0010000000474974513,0.0019940626807510853,0.000832828227430582,0.0038707812782377005,,,,
288.0,6087,2303710.610294152,1759501170.6402144,32069.0,0.0010000000474974513,0.0018348826561123133,0.0007528661517426372,0.0036067215260118246,,,,
,6088,2305089.719025304,1759502549.749652,,,,,,,,,
,6089,2305090.877586765,1759502550.9081948,,,,,,,,,
,6090,2305090.883185335,1759502550.913739,,,,,,,,,0.08415345847606659
,6091,2305091.091133544,1759502551.1217442,,,,,,,,,
288.0,6092,2305091.093712129,1759502551.124243,32078.0,,,,,0.03407550975680351,0.0829009860754013,0.01181632187217474,
,6093,2305091.713983115,1759502551.740609,,,,,,,,,
,6094,2305092.925488333,1759502552.9560506,,,,,,,,,
,6095,2305092.931741398,1759502552.9623275,,,,,,,,,
,6096,2305093.142659161,1759502553.1732826,,,,,,,,,
288.0,6097,2305101.49029316,1759502561.5167649,32078.0,,,,,,,,
289.0,6098,2305535.315442339,1759502995.3455894,32079.0,0.0010000000474974513,0.0017440140945836902,0.0006546414224430919,0.003631242085248232,,,,
289.0,6099,2306149.467577985,1759503609.4967735,32089.0,0.0010000000474974513,0.0020025938283652067,0.0007331320666708052,0.004231538623571396,,,,
289.0,6100,2306772.335179784,1759504232.36534,32099.0,0.0010000000474974513,0.002189145889133215,0.0007205328438431025,0.004895376041531563,,,,
289.0,6101,2307396.34037524,1759504856.3699784,32109.0,0.0010000000474974513,0.0020336073357611895,0.000785769138019532,0.004159460309892893,,,,
289.0,6102,2308020.993252431,1759505481.0227225,32119.0,0.0010000000474974513,0.001971410820260644,0.0007777555729262531,0.003978850319981575,,,,
289.0,6103,2308642.020548275,1759506102.0504694,32129.0,0.0010000000474974513,0.002329897368326783,0.001144121284596622,0.0039525870233774185,,,,
289.0,6104,2309266.064232239,1759506726.0940242,32139.0,0.0010000000474974513,0.002553242724388838,0.0015478360000997782,0.0033513549715280533,,,,
289.0,6105,2309891.354852764,1759507351.385149,32149.0,0.0010000000474974513,0.0024691042490303516,0.0014280627947300673,0.0034701386466622353,,,,
289.0,6106,2310515.290013161,1759507975.3201723,32159.0,0.0010000000474974513,0.001990874297916889,0.000769641890656203,0.004070774186402559,,,,
289.0,6107,2311139.068697781,1759508599.0990052,32169.0,0.0010000000474974513,0.002111308043822646,0.0008579096756875515,0.004177994094789028,,,,
289.0,6108,2311660.719647396,1759509120.7494564,32179.0,0.0010000000474974513,0.0018211090937256813,0.0007762532331980765,0.003482852363958955,,,,
289.0,6109,2312165.965079552,1759509625.9949543,32189.0,0.0010000000474974513,0.0022583685349673033,0.000787017575930804,0.0049045030027627945,,,,
,6110,2313090.363268096,1759510550.3938935,,,,,,,,,
,6111,2313091.54882413,1759510551.5794592,,,,,,,,,
,6112,2313091.554578814,1759510551.5851445,,,,,,,,,0.10248712450265884
,6113,2313091.763465216,1759510551.7940629,,,,,,,,,
289.0,6114,2313091.788992137,1759510551.8195145,32189.0,,,,,0.0339009165763855,0.11937262862920761,0.011073814705014229,
,6115,2313092.377395961,1759510552.4080353,,,,,,,,,
,6116,2313093.598980381,1759510553.62958,,,,,,,,,
,6117,2313093.605431182,1759510553.6360266,,,,,,,,,
,6118,2313093.811104914,1759510553.8417637,,,,,,,,,
289.0,6119,2313102.489438016,1759510562.5153525,32189.0,,,,,,,,
290.0,6120,2314092.896712419,1759511552.9268012,32199.0,0.0010000000474974513,0.0017076116055250168,0.0006168980617076159,0.003635711967945099,,,,
290.0,6121,2314720.066905719,1759512180.0968032,32209.0,0.0010000000474974513,0.0017600678838789463,0.000662102596834302,0.0036598839797079563,,,,
290.0,6122,2315344.417045735,1759512804.4469821,32219.0,0.0010000000474974513,0.0017778421752154827,0.0006615945603698492,0.0037208255380392075,,,,
290.0,6123,2315967.775985239,1759513427.8055017,32229.0,0.0010000000474974513,0.001895548077300191,0.0007007368840277195,0.003982704132795334,,,,
290.0,6124,2316591.021751611,1759514051.051553,32239.0,0.0010000000474974513,0.0018575764261186123,0.0006940127350389957,0.003878545481711626,,,,
290.0,6125,2317214.236739801,1759514674.2666028,32249.0,0.0010000000474974513,0.001728890696540475,0.0006670595612376928,0.003539436962455511,,,,
290.0,6126,2317836.630061965,1759515296.66039,32259.0,0.0010000000474974513,0.0018293438479304314,0.0006666558911092579,0.0038756264839321375,,,,
290.0,6127,2318455.156213813,1759515915.186665,32269.0,0.0010000000474974513,0.0018802010454237461,0.0007134574116207659,0.003889145329594612,,,,
290.0,6128,2319074.45646203,1759516534.486405,32279.0,0.0010000000474974513,0.0020158453844487667,0.000667231623083353,0.0044953785836696625,,,,
290.0,6129,2319605.503286951,1759517065.533811,32289.0,0.0010000000474974513,0.0019504292868077755,0.0007662259740754962,0.003947344608604908,,,,
290.0,6130,2320120.731327795,1759517580.7614923,32299.0,0.0010000000474974513,0.0018336649518460035,0.0006365839508362114,0.003990269731730223,,,,
,6131,2321078.978800056,1759518539.0093727,,,,,,,,,
,6132,2321080.086107383,1759518540.1167052,,,,,,,,,
,6133,2321080.091839774,1759518540.1223757,,,,,,,,,0.048608239740133286
,6134,2321080.310563455,1759518540.3411624,,,,,,,,,
290.0,6135,2321080.388091449,1759518540.4185977,32300.0,,,,,0.03211190551519394,0.0499664768576622,0.006361732725054026,
,6136,2321080.95733063,1759518540.9879713,,,,,,,,,
,6137,2321082.160109549,1759518542.190714,,,,,,,,,
,6138,2321082.166340608,1759518542.1969237,,,,,,,,,
,6139,2321082.376139585,1759518542.4067342,,,,,,,,,
290.0,6140,2321090.927544695,1759518550.9541698,32300.0,,,,,,,,
291.0,6141,2322024.003197455,1759519484.0333064,32309.0,0.0010000000474974513,0.0017253068508580327,0.0006201869691722095,0.003683733055368066,,,,
291.0,6142,2322645.699492604,1759520105.7297099,32319.0,0.0010000000474974513,0.001956318970769644,0.000667889486066997,0.004294765181839466,,,,
291.0,6143,2323267.884079907,1759520727.914221,32329.0,0.0010000000474974513,0.0017056951764971018,0.0005943309515714645,0.003704547416418791,,,,
291.0,6144,2323895.180900991,1759521355.2105362,32339.0,0.0010000000474974513,0.0016971032600849867,0.0006401888676919043,0.003523047547787428,,,,
291.0,6145,2324520.309061154,1759521980.3389308,32349.0,0.0010000000474974513,0.0017457945505157113,0.000636699958704412,0.0036969813518226147,,,,
291.0,6146,2325144.197459748,1759522604.2277057,32359.0,0.0010000000474974513,0.0018113385885953903,0.0006036557606421411,0.004025609232485294,,,,
291.0,6147,2325767.626162641,1759523227.6563418,32369.0,0.0010000000474974513,0.0017113103531301022,0.0006524379132315516,0.003529574954882264,,,,
291.0,6148,2326391.982415755,1759523852.0120199,32379.0,0.0010000000474974513,0.0016272941138595343,0.0005925858276896179,0.003449027193710208,,,,
291.0,6149,2327018.023460738,1759524478.0537672,32389.0,0.0010000000474974513,0.0019244393333792686,0.0006672007730230689,0.004190794657915831,,,,
291.0,6150,2327562.352270863,1759525022.3821192,32399.0,0.0010000000474974513,0.0016855563735589385,0.0006548320525325835,0.0034357476979494095,,,,
291.0,6151,2328076.2152777,1759525536.2454329,32409.0,0.0010000000474974513,0.0018786388682201505,0.0007369443774223328,0.0038056483026593924,,,,
,6152,2329092.399184823,1759526552.4298165,,,,,,,,,
,6153,2329093.573186701,1759526553.6038322,,,,,,,,,
,6154,2329093.578726463,1759526553.6092925,,,,,,,,,0.08707352727651596
,6155,2329093.790996192,1759526553.8215928,,,,,,,,,
291.0,6156,2329093.885459359,1759526553.9159296,32411.0,,,,,0.03570175543427467,0.08684507012367249,0.005609292071312666,
,6157,2329094.470096987,1759526554.5006824,,,,,,,,,
,6158,2329095.702190654,1759526555.7328339,,,,,,,,,
,6159,2329095.708824606,1759526555.739379,,,,,,,,,
,6160,2329095.920035204,1759526555.9506724,,,,,,,,,
291.0,6161,2329103.933813996,1759526563.9598591,32411.0,,,,,,,,
292.0,6162,2329971.098539511,1759527431.1285682,32419.0,0.0010000000474974513,0.0019626114517450333,0.0006908499635756016,0.004239205736666918,,,,
292.0,6163,2330593.748853947,1759528053.7791767,32429.0,0.0010000000474974513,0.0018834526417776942,0.0005885639111511409,0.004316295031458139,,,,
292.0,6164,2331218.406357676,1759528678.4363935,32439.0,0.0010000000474974513,0.0028942753560841084,0.001806796994060278,0.0036249281838536263,,,,
292.0,6165,2331843.190091486,1759529303.2202895,32449.0,0.0010000000474974513,0.0018760226666927338,0.0008339122869074345,0.003473701188340783,,,,
292.0,6166,2332466.749757108,1759529926.779578,32459.0,0.0010000000474974513,0.0020573739893734455,0.0008422874961979687,0.004050287883728743,,,,
292.0,6167,2333087.869742408,1759530547.9000528,32469.0,0.0010000000474974513,0.0019231680780649185,0.0007921962533146143,0.0037699060048907995,,,,
292.0,6168,2333712.722200199,1759531172.7521846,32479.0,0.0010000000474974513,0.0019186865538358688,0.0007522535743191838,0.0038881096988916397,,,,
292.0,6169,2334338.121997449,1759531798.1518576,32489.0,0.0010000000474974513,0.0018574048299342394,0.00067010463681072,0.003957667388021946,,,,
292.0,6170,2334961.576631758,1759532421.606797,32499.0,0.0010000000474974513,0.001827723579481244,0.0006672379677183926,0.0038682851009070873,,,,
292.0,6171,2335516.201569789,1759532976.230999,32509.0,0.0010000000474974513,0.00179757340811193,0.0006867429474368691,0.0037027685903012753,,,,
292.0,6172,2336030.949492461,1759533490.9795392,32519.0,0.0010000000474974513,0.0018421211279928684,0.0007186225848272443,0.003744994755834341,,,,
,6173,2337097.416132071,1759534557.4467258,,,,,,,,,
,6174,2337098.542310592,1759534558.572948,,,,,,,,,
,6175,2337098.547844504,1759534558.5783963,,,,,,,,,0.039276205003261566
,6176,2337098.757293078,1759534558.787904,,,,,,,,,
292.0,6177,2337098.811191964,1759534558.8416824,32522.0,,,,,0.0385531410574913,0.03912054002285004,0.00940933357924223,
,6178,2337099.388070783,1759534559.4186661,,,,,,,,,
,6179,2337100.639558221,1759534560.6701705,,,,,,,,,
,6180,2337100.645928469,1759534560.676488,,,,,,,,,
,6181,2337101.452442499,1759534561.4830904,,,,,,,,,
292.0,6182,2337109.34141087,1759534569.3675067,32522.0,,,,,,,,
293.0,6183,2337913.856814986,1759535373.8869338,32529.0,0.0010000000474974513,0.0021875151433050632,0.0008966426248662174,0.004302908666431904,,,,
293.0,6184,2338537.715426454,1759535997.7453277,32539.0,0.0010000000474974513,0.0018504067556932569,0.000775556021835655,0.0035828356631100178,,,,
293.0,6185,2339158.234144487,1759536618.2643678,32549.0,0.0010000000474974513,0.0020676576532423496,0.0008205019403249025,0.004157186020165682,,,,
293.0,6186,2339781.893683166,1759537241.9233143,32559.0,0.0010000000474974513,0.0019723044242709875,0.0008207344217225909,0.0038385665975511074,,,,
293.0,6187,2340404.639802878,1759537864.6685803,32569.0,0.0010000000474974513,0.0019570195581763983,0.0007351722451858222,0.004072824493050575,,,,
293.0,6188,2341028.159952283,1759538488.1891901,32579.0,0.0010000000474974513,0.0017420134972780943,0.0006796804955229163,0.003541109850630164,,,,
293.0,6189,2341654.698183249,1759539114.7281494,32589.0,0.0010000000474974513,0.0018996188882738352,0.0006622510263696313,0.004124559462070465,,,,
293.0,6190,2342274.710023362,1759539734.7400987,32599.0,0.0010000000474974513,0.0016826987266540527,0.0006426076870411634,0.0034669695887714624,,,,
293.0,6191,2342895.846671937,1759540355.8771553,32609.0,0.0010000000474974513,0.001992043573409319,0.0006989260436967015,0.004310391843318939,,,,
293.0,6192,2343463.536417436,1759540923.566389,32619.0,0.0010000000474974513,0.001721083652228117,0.0006167226238176227,0.00368120358325541,,,,
293.0,6193,2343978.324495122,1759541438.3542902,32629.0,0.0010000000474974513,0.0019104992970824242,0.0006567670498043299,0.004179107025265694,,,,
,6194,2345097.335221793,1759542557.365855,,,,,,,,,
,6195,2345098.5223876,1759542558.553007,,,,,,,,,
,6196,2345098.527727083,1759542558.5583086,,,,,,,,,0.09087452292442322
,6197,2345098.738748538,1759542558.7693672,,,,,,,,,
293.0,6198,2345099.19262663,1759542559.2231302,32633.0,,,,,0.026905357837677002,0.09884102642536163,0.007147303782403469,
,6199,2345099.821818541,1759542559.8524032,,,,,,,,,
,6200,2345100.960381537,1759542560.9909754,,,,,,,,,
,6201,2345100.966874408,1759542560.997451,,,,,,,,,
,6202,2345101.17556804,1759542561.2062128,,,,,,,,,
293.0,6203,2345109.144811673,1759542569.1713085,32633.0,,,,,,,,
294.0,6204,2345849.265415854,1759543309.2955372,32639.0,0.0010000000474974513,0.001745480578392744,0.0006518831942230463,0.003645324381068349,,,,
294.0,6205,2346471.967464173,1759543931.9976332,32649.0,0.0010000000474974513,0.00175407191272825,0.0006127817905507982,0.0038043002132326365,,,,
294.0,6206,2347094.165743218,1759544554.1959913,32659.0,0.0010000000474974513,0.0016339044086635113,0.0006260491209104657,0.0033595177810639143,,,,
294.0,6207,2347719.10792588,1759545179.1382685,32669.0,0.0010000000474974513,0.001803442370146513,0.0006734603666700423,0.003766606329008937,,,,
294.0,6208,2348346.422460231,1759545806.4522302,32679.0,0.0010000000474974513,0.0018603664357215166,0.0007244510343298316,0.003786384826526046,,,,
294.0,6209,2348971.327459702,1759546431.3579006,32689.0,0.0010000000474974513,0.0023437868803739548,0.0012826151214540005,0.0035372383426874876,,,,
294.0,6210,2349595.013207582,1759547055.043384,32699.0,0.0010000000474974513,0.002131281653419137,0.0009134322172030807,0.004059497267007828,,,,
294.0,6211,2350216.761899591,1759547676.7916117,32709.0,0.0010000000474974513,0.002359494799748063,0.0010827947407960892,0.004255666397511959,,,,
294.0,6212,2350839.141141822,1759548299.1713073,32719.0,0.0010000000474974513,0.0019480816554278135,0.0007736880797892809,0.003914644941687584,,,,
294.0,6213,2351412.956842221,1759548872.987202,32729.0,0.0010000000474974513,0.0021600155159831047,0.0008509104955010116,0.0043636830523610115,,,,
294.0,6214,2351929.583770751,1759549389.6140163,32739.0,0.0010000000474974513,0.0020616846159100533,0.0007271645590662956,0.004448400344699621,,,,
,6215,2353099.477002788,1759550559.50759,,,,,,,,,
,6216,2353100.666703682,1759550560.6973026,,,,,,,,,
,6217,2353100.672238451,1759550560.7027962,,,,,,,,,0.08254268020391464
,6218,2353100.880343976,1759550560.9109888,,,,,,,,,
294.0,6219,2353100.965160859,1759550560.9957125,32744.0,,,,,0.03423205390572548,0.08197419345378876,0.01012413203716278,
,6220,2353101.582666809,1759550561.6132312,,,,,,,,,
,6221,2353102.801899661,1759550562.8325086,,,,,,,,,
,6222,2353102.808349527,1759550562.838897,,,,,,,,,
,6223,2353103.019611209,1759550563.0502079,,,,,,,,,
294.0,6224,2353111.762660465,1759550571.7885869,32744.0,,,,,,,,
295.0,6225,2353794.473267668,1759551254.5025997,32749.0,0.0010000000474974513,0.0018500140868127346,0.0007203325512818992,0.0037656049244105816,,,,
295.0,6226,2354416.583190139,1759551876.6135764,32759.0,0.0010000000474974513,0.0017751258565112948,0.0007236255332827568,0.0035050008445978165,,,,
295.0,6227,2355037.625208611,1759552497.6555278,32769.0,0.0010000000474974513,0.0019848502706736326,0.0007579243392683566,0.004089753143489361,,,,
295.0,6228,2355660.527909696,1759553120.5575907,32779.0,0.0010000000474974513,0.0023896759375929832,0.0011216080747544765,0.004226893652230501,,,,
295.0,6229,2356283.201590006,1759553743.231746,32789.0,0.0010000000474974513,0.0018939953297376633,0.0007159130764193833,0.003926940727978945,,,,
295.0,6230,2356905.236378944,1759554365.2665026,32799.0,0.0010000000474974513,0.0018351117614656687,0.0007744681788608432,0.0035354786086827517,,,,
295.0,6231,2357527.756315668,1759554987.7865336,32809.0,0.0010000000474974513,0.002063227817416191,0.0007165834540501237,0.004488813690841198,,,,
295.0,6232,2358152.387592242,1759555612.417547,32819.0,0.0010000000474974513,0.001987488940358162,0.0007642221171408892,0.004077555611729622,,,,
295.0,6233,2358780.08890158,1759556240.1192415,32829.0,0.0010000000474974513,0.0020033614709973335,0.0007882663048803806,0.00405031768605113,,,,
295.0,6234,2359364.587102213,1759556824.6173413,32839.0,0.0010000000474974513,0.0019133506575599313,0.0006654943572357297,0.004159520845860243,,,,
295.0,6235,2359879.316010139,1759557339.346265,32849.0,0.0010000000474974513,0.0018628815887495875,0.0006702463142573833,0.003975450526922941,,,,
,6236,2361098.364336895,1759558558.394936,,,,,,,,,
,6237,2361099.578817977,1759558559.6094253,,,,,,,,,
,6238,2361099.584459639,1759558559.6150386,,,,,,,,,0.08387371152639389
,6239,2361099.793637046,1759558559.8242512,,,,,,,,,
295.0,6240,2361099.808199214,1759558559.8386507,32855.0,,,,,0.028365060687065125,0.1079869419336319,0.005070316139608622,
,6241,2361100.439053114,1759558560.469596,,,,,,,,,
,6242,2361101.605816537,1759558561.6364603,,,,,,,,,
,6243,2361101.612080743,1759558561.6426585,,,,,,,,,
,6244,2361101.823379225,1759558561.8540075,,,,,,,,,
295.0,6245,2361110.261637629,1759558570.2877474,32855.0,,,,,,,,
296.0,6246,2361721.909041382,1759559181.9390645,32859.0,0.0010000000474974513,0.0017918201629072428,0.0006798714166507125,0.0037064955104142427,,,,
296.0,6247,2362344.339730114,1759559804.369756,32869.0,0.0010000000474974513,0.0016188572626560926,0.0005594776012003422,0.0035312650725245476,,,,
296.0,6248,2362968.169277472,1759560428.19928,32879.0,0.0010000000474974513,0.0018192081479355693,0.0005625318153761327,0.004188921302556992,,,,
296.0,6249,2363596.884180632,1759561056.9139502,32889.0,0.0010000000474974513,0.0015360520919784904,0.0006149651017040014,0.0030702899675816298,,,,
296.0,6250,2364222.921965977,1759561682.952187,32899.0,0.0010000000474974513,0.001842820318415761,0.0006056495476514101,0.0041239019483327866,,,,
296.0,6251,2364847.024916009,1759562307.0552142,32909.0,0.0010000000474974513,0.002103607403114438,0.0007141914684325457,0.00463138660416007,,,,
296.0,6252,2365471.719788048,1759562931.7501132,32919.0,0.0010000000474974513,0.0019131849985569715,0.0007233984651975334,0.003965955227613449,,,,
296.0,6253,2366094.558067858,1759563554.5877454,32929.0,0.0010000000474974513,0.0017389804124832153,0.0005995817482471466,0.0037979951594024897,,,,
296.0,6254,2366718.723490359,1759564178.7525475,32939.0,0.0010000000474974513,0.0017946838634088635,0.0006378332618623972,0.0038561690598726273,,,,
296.0,6255,2367317.639100055,1759564777.6694887,32949.0,0.0010000000474974513,0.0017542475834488869,0.0006321773980744183,0.0037402338348329067,,,,
296.0,6256,2367833.377758717,1759565293.4075246,32959.0,0.0010000000474974513,0.0016796397976577282,0.0006022279267199337,0.003591372864320874,,,,
,6257,2369106.510368366,1759566566.5410037,,,,,,,,,
,6258,2369107.67921017,1759566567.7098198,,,,,,,,,
,6259,2369107.684390649,1759566567.7149723,,,,,,,,,0.07737410068511963
,6260,2369107.892922542,1759566567.9235725,,,,,,,,,
296.0,6261,2369107.926881804,1759566567.9572797,32966.0,,,,,0.02855328656733036,0.0710987001657486,0.004433807916939259,
,6262,2369108.506208132,1759566568.5368533,,,,,,,,,
,6263,2369109.790378255,1759566569.821029,,,,,,,,,
,6264,2369109.796716082,1759566569.8272858,,,,,,,,,
,6265,2369110.006827735,1759566570.0374777,,,,,,,,,
296.0,6266,2369118.620884156,1759566578.647041,32966.0,,,,,,,,
297.0,6267,2369667.712697015,1759567127.7428956,32969.0,0.0010000000474974513,0.0017928092274814844,0.0005897186929360032,0.00401030108332634,,,,
297.0,6268,2370290.454002878,1759567750.4840338,32979.0,0.0010000000474974513,0.0016719275154173374,0.0006234715110622346,0.00349485338665545,,,,
297.0,6269,2370914.767208933,1759568374.7970102,32989.0,0.0010000000474974513,0.0017103657592087984,0.0006686050328426063,0.003472535638138652,,,,
297.0,6270,2371537.791726705,1759568997.8214319,32999.0,0.0010000000474974513,0.001972956582903862,0.0006854308303445578,0.004291752353310585,,,,
297.0,6271,2372162.421130058,1759569622.4510245,33009.0,0.0010000000474974513,0.0020267360378056765,0.0009583618957549334,0.0035612471401691437,,,,
297.0,6272,2372786.955193331,1759570246.9852226,33019.0,0.0010000000474974513,0.002167969010770321,0.000806908356025815,0.004536868073046207,,,,
297.0,6273,2373409.629199014,1759570869.6589944,33029.0,0.0010000000474974513,0.001807734020985663,0.0007220706902444363,0.003618877846747637,,,,
297.0,6274,2374034.724894593,1759571494.7548711,33039.0,0.0010000000474974513,0.002259545959532261,0.0011565627064555883,0.0036766105331480503,,,,
297.0,6275,2374656.228321268,1759572116.25882,33049.0,0.0010000000474974513,0.001985788345336914,0.0008923421846702695,0.0036448203027248383,,,,
297.0,6276,2375264.987060739,1759572725.0169747,33059.0,0.0010000000474974513,0.0019892877899110317,0.0007260729908011854,0.004210715182125568,,,,
297.0,6277,2375779.935409273,1759573239.9654486,33069.0,0.0010000000474974513,0.0019439752213656902,0.000696311704814434,0.0041588786989450455,,,,
,6278,2377100.728066366,1759574560.7586823,,,,,,,,,
,6279,2377101.894532001,1759574561.9251812,,,,,,,,,
,6280,2377101.899776287,1759574561.9303162,,,,,,,,,0.08146338909864426
,6281,2377102.118553133,1759574562.149201,,,,,,,,,
297.0,6282,2377102.621984943,1759574562.652484,33077.0,,,,,0.03649480268359184,0.08285707235336304,0.01463074330240488,
,6283,2377103.227577209,1759574563.258202,,,,,,,,,
,6284,2377105.1381111,1759574565.168731,,,,,,,,,
,6285,2377105.144834026,1759574565.175423,,,,,,,,,
,6286,2377105.355555257,1759574565.3862188,,,,,,,,,
297.0,6287,2377113.373918295,1759574573.4000509,33077.0,,,,,,,,
298.0,6288,2377602.791681275,1759575062.8216906,33079.0,0.0010000000474974513,0.0017650864319875836,0.0006463241297751665,0.0037292074412107468,,,,
298.0,6289,2378226.426229524,1759575686.4566336,33089.0,0.0010000000474974513,0.001727844006381929,0.0005954662337899208,0.003774592187255621,,,,
298.0,6290,2378849.102175327,1759576309.1325166,33099.0,0.0010000000474974513,0.002225398551672697,0.001027539954520762,0.00399286113679409,,,,
298.0,6291,2379471.010250178,1759576931.0407262,33109.0,0.0010000000474974513,0.002693919464945793,0.0015422499272972345,0.003838898381218314,,,,
298.0,6292,2380093.869793144,1759577553.9001172,33119.0,0.0010000000474974513,0.0025242003612220287,0.001233851769939065,0.004301161039620638,,,,
298.0,6293,2380717.344080256,1759578177.3739526,33129.0,0.0010000000474974513,0.0022936994209885597,0.0012561645125970244,0.00345844984985888,,,,
298.0,6294,2381340.337747514,1759578800.3674064,33139.0,0.0010000000474974513,0.00247655576094985,0.0013774761464446783,0.003663598792627454,,,,
298.0,6295,2381964.805592212,1759579424.835765,33149.0,0.0010000000474974513,0.0021317454520612955,0.000987647334113717,0.0038136602379381657,,,,
298.0,6296,2382590.667062183,1759580050.696778,33159.0,0.0010000000474974513,0.002152761910110712,0.0010629603639245033,0.0036326716654002666,,,,
298.0,6297,2383207.968077748,1759580667.9981377,33169.0,0.0010000000474974513,0.002042489591985941,0.0007213292410597205,0.0044038668274879456,,,,
298.0,6298,2383723.294628907,1759581183.3249002,33179.0,0.0010000000474974513,0.0019616978242993355,0.0007056963513605297,0.004186671692878008,,,,
,6299,2385097.531916464,1759582557.5624979,,,,,,,,,
,6300,2385098.674334548,1759582558.7049532,,,,,,,,,
,6301,2385098.679851989,1759582558.7104475,,,,,,,,,0.060299746692180634
,6302,2385098.898527691,1759582558.9291432,,,,,,,,,
298.0,6303,2385098.901192903,1759582558.931744,33188.0,,,,,0.03126482293009758,0.07092294842004776,0.007315962575376034,
,6304,2385099.486762435,1759582559.5174005,,,,,,,,,
,6305,2385100.730239567,1759582560.7608228,,,,,,,,,
,6306,2385100.736712009,1759582560.767294,,,,,,,,,
,6307,2385100.944851354,1759582560.975471,,,,,,,,,
298.0,6308,2385109.334584669,1759582569.3612144,33188.0,,,,,,,,
299.0,6309,2385548.378522438,1759583008.4087532,33189.0,0.0010000000474974513,0.0019200998358428478,0.0006640144856646657,0.0041869510896503925,,,,
299.0,6310,2386160.785571091,1759583620.815731,33199.0,0.0010000000474974513,0.001825074665248394,0.0007012218702584505,0.0037461756728589535,,,,
299.0,6311,2386783.544837285,1759584243.5748038,33209.0,0.0010000000474974513,0.001854524714872241,0.0008467402076348662,0.0033592816907912493,,,,
299.0,6312,2387408.517468145,1759584868.5475671,33219.0,0.0010000000474974513,0.0022891906555742025,0.00100086466409266,0.0042944191955029964,,,,
299.0,6313,2388032.983878736,1759585493.013984,33229.0,0.0010000000474974513,0.002064676024019718,0.0008414916228502989,0.00407728087157011,,,,
299.0,6314,2388658.332341873,1759586118.3620265,33239.0,0.0010000000474974513,0.0020569111220538616,0.0007787836948409677,0.004260424990206957,,,,
299.0,6315,2389280.572114146,1759586740.6022596,33249.0,0.0010000000474974513,0.0019138074712827802,0.0007075470639392734,0.004020867869257927,,,,
299.0,6316,2389904.050491629,1759587364.0804417,33259.0,0.0010000000474974513,0.002210351638495922,0.0007688018959015608,0.004805165342986584,,,,
299.0,6317,2390527.769827412,1759587987.7998374,33269.0,0.0010000000474974513,0.0020202118903398514,0.000838518375530839,0.003938978537917137,,,,
299.0,6318,2391151.086529734,1759588611.1162026,33279.0,0.0010000000474974513,0.00195357296615839,0.0007047755643725395,0.004162658005952835,,,,
299.0,6319,2391672.383878278,1759589132.4132302,33289.0,0.0010000000474974513,0.0017678611911833286,0.0006162048666737974,0.0038388546090573072,,,,
299.0,6320,2392174.796983586,1759589634.8270438,33299.0,0.0010000000474974513,0.0019126877887174487,0.0006289795273914933,0.004279027227312326,,,,
,6321,2393103.206008362,1759590563.236633,,,,,,,,,
,6322,2393104.386977097,1759590564.41763,,,,,,,,,
,6323,2393104.392340035,1759590564.422914,,,,,,,,,0.0936557874083519
,6324,2393104.601356897,1759590564.631974,,,,,,,,,
299.0,6325,2393104.635137012,1759590564.665622,33299.0,,,,,0.030126020312309265,0.11214837431907654,0.007471751421689987,
,6326,2393105.226693139,1759590565.257312,,,,,,,,,
,6327,2393106.502692786,1759590566.5333166,,,,,,,,,
,6328,2393106.50964503,1759590566.540213,,,,,,,,,
,6329,2393106.716176748,1759590566.746811,,,,,,,,,
299.0,6330,2393115.26810857,1759590575.2942314,33299.0,,,,,,,,
300.0,6331,2394114.67679106,1759591574.7062683,33309.0,0.0010000000474974513,0.001760226208716631,0.0005843585822731256,0.003919558599591255,,,,
300.0,6332,2394738.42945968,1759592198.4594598,33319.0,0.0010000000474974513,0.0016050427220761776,0.0005981319700367749,0.003356369212269783,,,,
300.0,6333,2395360.94805395,1759592820.978347,33329.0,0.0010000000474974513,0.0017546485178172588,0.0006278824293985963,0.003755886573344469,,,,
300.0,6334,2395983.618715649,1759593443.6486814,33339.0,0.0010000000474974513,0.0018904514145106077,0.0006430026842281222,0.004158162511885166,,,,
300.0,6335,2396607.583870487,1759594067.6141868,33349.0,0.0010000000474974513,0.0026043893303722143,0.0015166208613663912,0.00362589443102479,,,,
300.0,6336,2397231.451543892,1759594691.481409,33359.0,0.0010000000474974513,0.0018928362987935543,0.0009204671951010823,0.0032412298023700714,,,,
300.0,6337,2397859.007218512,1759595319.0372264,33369.0,0.0010000000474974513,0.00200079008936882,0.0008285759249702096,0.003907379694283009,,,,
300.0,6338,2398480.601064081,1759595940.6313334,33379.0,0.0010000000474974513,0.0018523720791563392,0.0007486282265745103,0.0036791462916880846,,,,
300.0,6339,2399103.050089941,1759596563.0802822,33389.0,0.0010000000474974513,0.0021174680441617966,0.0008134886156767607,0.004346597474068403,,,,
300.0,6340,2399635.93560538,1759597095.9660194,33399.0,0.0010000000474974513,0.0020935030188411474,0.0007391761755570769,0.004514422733336687,,,,
300.0,6341,2400151.178437295,1759597611.2081892,33409.0,0.0010000000474974513,0.0016607865691184998,0.0005881709512323141,0.0035753855481743813,,,,
,6342,2401113.835077577,1759598573.8656802,,,,,,,,,
,6343,2401114.978059417,1759598575.008701,,,,,,,,,
,6344,2401114.983477059,1759598575.014032,,,,,,,,,0.06437026709318161
,6345,2401115.189824292,1759598575.2204547,,,,,,,,,
300.0,6346,2401115.247322246,1759598575.2778764,33410.0,,,,,0.028462199494242668,0.06856478750705719,0.008503478020429611,
,6347,2401115.842679647,1759598575.8732994,,,,,,,,,
,6348,2401117.004974573,1759598577.0355773,,,,,,,,,
,6349,2401117.011327567,1759598577.0419009,,,,,,,,,
,6350,2401117.815156015,1759598577.8457751,,,,,,,,,
300.0,6351,2401125.699400162,1759598585.7253997,33410.0,,,,,,,,
301.0,6352,2402056.347473083,1759599516.3767529,33419.0,0.0010000000474974513,0.0017941509140655398,0.000649598310701549,0.0038151750341057777,,,,
301.0,6353,2402679.531766142,1759600139.5615716,33429.0,0.0010000000474974513,0.0016501359641551971,0.0005709304241463542,0.0035973521880805492,,,,
301.0,6354,2403304.476061326,1759600764.5061436,33439.0,0.0010000000474974513,0.0018972454126924276,0.0006830491474829614,0.00404732022434473,,,,
301.0,6355,2403929.337768888,1759601389.3677647,33449.0,0.0010000000474974513,0.0022302167490124702,0.0010569614823907614,0.0039108507335186005,,,,
301.0,6356,2404551.619552138,1759602011.6488075,33459.0,0.0010000000474974513,0.002128009218722582,0.00088670285185799,0.0041376883164048195,,,,
301.0,6357,2405175.011084513,1759602635.0413504,33469.0,0.0010000000474974513,0.001792208873666823,0.0006985152140259743,0.0036456454545259476,,,,
301.0,6358,2405797.680652225,1759603257.7109675,33479.0,0.0010000000474974513,0.0017791555728763342,0.0006395837990567088,0.0037985723465681076,,,,
301.0,6359,2406422.022784514,1759603882.0525744,33489.0,0.0010000000474974513,0.0019039919134229422,0.0006748712621629238,0.004097068682312965,,,,
301.0,6360,2407045.861382788,1759604505.891718,33499.0,0.0010000000474974513,0.0019006456714123487,0.0007363009499385953,0.00388114876113832,,,,
301.0,6361,2407590.777844941,1759605050.808308,33509.0,0.0010000000474974513,0.0019128969870507717,0.0007215550285764039,0.003971139434725046,,,,
301.0,6362,2408104.228053159,1759605564.2583573,33519.0,0.0010000000474974513,0.00172778673004359,0.0006057773134671152,0.003740031272172928,,,,
,6363,2409119.947170636,1759606579.9778078,,,,,,,,,
,6364,2409121.20565995,1759606581.236274,,,,,,,,,
,6365,2409121.210942631,1759606581.2415404,,,,,,,,,0.07980132102966309
,6366,2409121.418753567,1759606581.449404,,,,,,,,,
301.0,6367,2409121.45095042,1759606581.4814372,33521.0,,,,,0.05402461439371109,0.07219578325748444,0.032699961215257645,
,6368,2409122.075900243,1759606582.1064694,,,,,,,,,
,6369,2409123.238104825,1759606583.2687073,,,,,,,,,
,6370,2409123.244472943,1759606583.2750611,,,,,,,,,
,6371,2409123.45136047,1759606583.4820175,,,,,,,,,
301.0,6372,2409131.351344732,1759606591.3779557,33521.0,,,,,,,,
302.0,6373,2409994.762241489,1759607454.7925577,33529.0,0.0010000000474974513,0.0017021337989717722,0.0005416358471848071,0.0038683265447616577,,,,
302.0,6374,2410618.583665498,1759608078.6141415,33539.0,0.0010000000474974513,0.00181720987893641,0.0005976196844130754,0.004065300803631544,,,,
302.0,6375,2411241.197734472,1759608701.227743,33549.0,0.0010000000474974513,0.0016384925693273544,0.0005541936261579394,0.003614329732954502,,,,
302.0,6376,2411863.576560733,1759609323.6067019,33559.0,0.0010000000474974513,0.0020070227328687906,0.0006268120487220585,0.00460070138797164,,,,
302.0,6377,2412487.847933959,1759609947.8779747,33569.0,0.0010000000474974513,0.0017444799887016416,0.0005360398208722472,0.004028134047985077,,,,
302.0,6378,2413115.245171197,1759610575.2749887,33579.0,0.0010000000474974513,0.0016323468880727887,0.0005719488253816962,0.0035346602089703083,,,,
302.0,6379,2413742.864243185,1759611202.893865,33589.0,0.0010000000474974513,0.0020782998763024807,0.0008644830668345094,0.004046055022627115,,,,
302.0,6380,2414366.305854442,1759611826.3359122,33599.0,0.0010000000474974513,0.0018454205710440874,0.0007484881789423525,0.003656440880149603,,,,
302.0,6381,2414989.89528143,1759612449.9253578,33609.0,0.0010000000474974513,0.0018593071727082133,0.0006342955748550594,0.004083372186869383,,,,
302.0,6382,2415544.020518656,1759613004.0507193,33619.0,0.0010000000474974513,0.0019774886313825846,0.0007562102982774377,0.004070927854627371,,,,
302.0,6383,2416059.385144685,1759613519.415085,33629.0,0.0010000000474974513,0.0017794780433177948,0.0006304485723376274,0.0038300976157188416,,,,
,6384,2417125.737679761,1759614585.7682827,,,,,,,,,
,6385,2417126.969129435,1759614586.9997337,,,,,,,,,
,6386,2417126.974667059,1759614587.005247,,,,,,,,,0.06386877596378326
,6387,2417127.185099351,1759614587.2157483,,,,,,,,,
302.0,6388,2417127.746628042,1759614587.777122,33632.0,,,,,0.03242241218686104,0.06747972220182419,0.011193091981112957,
,6389,2417128.342554242,1759614588.373146,,,,,,,,,
,6390,2417129.577326719,1759614589.6079783,,,,,,,,,
,6391,2417129.583939449,1759614589.614476,,,,,,,,,
,6392,2417129.794043513,1759614589.8246958,,,,,,,,,
302.0,6393,2417138.498695383,1759614598.523818,33632.0,,,,,,,,
303.0,6394,2417945.82434498,1759615405.854635,33639.0,0.0010000000474974513,0.001714662415906787,0.0005670812679454684,0.0038252701051533222,,,,
303.0,6395,2418571.374066422,1759616031.4043622,33649.0,0.0010000000474974513,0.0015288374852389097,0.0005614563124254346,0.0032246040645986795,,,,
303.0,6396,2419195.437676738,1759616655.4672124,33659.0,0.0010000000474974513,0.0019168180879205465,0.0006878067506477237,0.004096704535186291,,,,
303.0,6397,2419817.074893562,1759617277.1042907,33669.0,0.0010000000474974513,0.0020971670746803284,0.0007195109501481056,0.004592186771333218,,,,
303.0,6398,2420439.067886779,1759617899.0981214,33679.0,0.0010000000474974513,0.0018639616901054978,0.0005326071986928582,0.0044378479942679405,,,,
303.0,6399,2421062.605392705,1759618522.6353886,33689.0,0.0010000000474974513,0.0016140422085300088,0.0005411002784967422,0.003576472634449601,,,,
303.0,6400,2421685.8848481,1759619145.9149876,33699.0,0.0010000000474974513,0.0017254222184419632,0.0005621267482638359,0.003877651412039995,,,,
303.0,6401,2422310.366710581,1759619770.3967311,33709.0,0.0010000000474974513,0.001766325207427144,0.0005488439928740263,0.004058270249515772,,,,
303.0,6402,2422933.749070617,1759620393.7790809,33719.0,0.0010000000474974513,0.0017763483338057995,0.0005663895863108337,0.004033195320516825,,,,
303.0,6403,2423497.193365413,1759620957.2235522,33729.0,0.0010000000474974513,0.0018182406201958656,0.0005469936295412481,0.004237490240484476,,,,
303.0,6404,2424011.55611191,1759621471.5863774,33739.0,0.0010000000474974513,0.001973841106519103,0.0006193021545186639,0.00451512960717082,,,,
,6405,2425128.996079195,1759622589.0266724,,,,,,,,,
,6406,2425130.261133869,1759622590.2917407,,,,,,,,,
,6407,2425130.266523256,1759622590.2970846,,,,,,,,,0.08795950561761856
,6408,2425130.470350426,1759622590.5009813,,,,,,,,,
303.0,6409,2425130.472847144,1759622590.5034075,33743.0,,,,,0.03102836199104786,0.0911598801612854,0.0062396773137152195,
,6410,2425131.048669816,1759622591.0792706,,,,,,,,,
,6411,2425132.312663921,1759622592.3433135,,,,,,,,,
,6412,2425132.318904192,1759622592.349462,,,,,,,,,
,6413,2425132.525547571,1759622592.5561976,,,,,,,,,
303.0,6414,2425140.724078407,1759622600.7512293,33743.0,,,,,,,,
304.0,6415,2425876.442469077,1759623336.4725697,33749.0,0.0010000000474974513,0.001587203238159418,0.0005362880183383822,0.0035030501894652843,,,,
304.0,6416,2426494.873747597,1759623954.9039445,33759.0,0.0010000000474974513,0.0016120006330311298,0.000570796662941575,0.0034706792794167995,,,,
304.0,6417,2427113.749390061,1759624573.7795022,33769.0,0.0010000000474974513,0.0019198982045054436,0.0006362699205055833,0.004278760403394699,,,,
304.0,6418,2427734.284956369,1759625194.315241,33779.0,0.0010000000474974513,0.0017210079822689295,0.0005157209816388786,0.004017623141407967,,,,
304.0,6419,2428358.161297102,1759625818.191344,33789.0,0.0010000000474974513,0.0016656182706356049,0.000576946884393692,0.003628904465585947,,,,
304.0,6420,2428978.169365699,1759626438.1995106,33799.0,0.0010000000474974513,0.0017565428279340267,0.0005797531921416521,0.003922631032764912,,,,
304.0,6421,2429597.335237929,1759627057.3653502,33809.0,0.0010000000474974513,0.0016343058086931705,0.0005773028824478388,0.0035233432427048683,,,,
304.0,6422,2430215.29610615,1759627675.3263338,33819.0,0.0010000000474974513,0.001862168312072754,0.0006344914436340332,0.00409225607290864,,,,
304.0,6423,2430835.172303207,1759628295.2024283,33829.0,0.0010000000474974513,0.001725781592540443,0.0005832765600644052,0.0038083503022789955,,,,
304.0,6424,2431407.902289589,1759628867.9324288,33839.0,0.0010000000474974513,0.001555608818307519,0.0005987615440972149,0.0031894908752292395,,,,
304.0,6425,2431922.508022726,1759629382.5382936,33849.0,0.0010000000474974513,0.0018660830100998282,0.0006332481279969215,0.004109449218958616,,,,
,6426,2433087.078212391,1759630547.10884,,,,,,,,,
,6427,2433088.214848557,1759630548.2454593,,,,,,,,,
,6428,2433088.220010597,1759630548.250592,,,,,,,,,0.0809231773018837
,6429,2433088.425260363,1759630548.4559054,,,,,,,,,
304.0,6430,2433088.446212941,1759630548.476702,33854.0,,,,,0.041505683213472366,0.08497480303049088,0.017197974026203156,
,6431,2433089.027632456,1759630549.0582542,,,,,,,,,
,6432,2433090.242632755,1759630550.2732563,,,,,,,,,
,6433,2433090.248697189,1759630550.2792623,,,,,,,,,
,6434,2433090.454616507,1759630550.4852238,,,,,,,,,
304.0,6435,2433098.930384454,1759630558.9568512,33854.0,,,,,,,,
305.0,6436,2433782.736789554,1759631242.7670858,33859.0,0.0010000000474974513,0.001966543961316347,0.0009761364199221134,0.003301357850432396,,,,
305.0,6437,2434402.628071819,1759631862.6579442,33869.0,0.0010000000474974513,0.0018623550422489643,0.0007447270327247679,0.003725426271557808,,,,
305.0,6438,2435023.46129176,1759632483.491602,33879.0,0.0010000000474974513,0.001835176139138639,0.0006743859266862273,0.0038693007081747055,,,,
305.0,6439,2435644.656999728,1759633104.687383,33889.0,0.0010000000474974513,0.0017403708770871162,0.0005805092514492571,0.0038662052247673273,,,,
305.0,6440,2436263.072584156,1759633723.1013083,33899.0,0.0010000000474974513,0.0016466181259602308,0.0005395308835431933,0.0036902909632772207,,,,
305.0,6441,2436886.583889593,1759634346.6141014,33909.0,0.0010000000474974513,0.001603991026058793,0.0005095384549349546,0.0036481753922998905,,,,
305.0,6442,2437511.093990386,1759634971.1233597,33919.0,0.0010000000474974513,0.0018843766301870346,0.0006496390560641885,0.004115791525691748,,,,
305.0,6443,2438135.389687733,1759635595.4195812,33929.0,0.0010000000474974513,0.0018336965003982186,0.0006873949314467609,0.0038210053462535143,,,,
305.0,6444,2438758.632630597,1759636218.6622226,33939.0,0.0010000000474974513,0.0017884736880660057,0.0006778072565793991,0.0037022209726274014,,,,
305.0,6445,2439344.574746182,1759636804.6050453,33949.0,0.0010000000474974513,0.0020368199329823256,0.000677321688272059,0.004531660117208958,,,,
305.0,6446,2439859.424705241,1759637319.4548235,33959.0,0.0010000000474974513,0.0017952934140339494,0.0005540514830499887,0.004137473180890083,,,,
,6447,2441081.44493027,1759638541.475533,,,,,,,,,
,6448,2441082.611998259,1759638542.642624,,,,,,,,,
,6449,2441082.617503871,1759638542.648073,,,,,,,,,0.09146098047494888
,6450,2441082.827864867,1759638542.8585153,,,,,,,,,
305.0,6451,2441082.838174227,1759638542.8687105,33965.0,,,,,0.028866734355688095,0.10120639204978943,0.009615951217710972,
,6452,2441083.414538421,1759638543.4451492,,,,,,,,,
,6453,2441084.609864298,1759638544.6404696,,,,,,,,,
,6454,2441084.61603311,1759638544.646637,,,,,,,,,
,6455,2441084.824745053,1759638544.8553884,,,,,,,,,
305.0,6456,2441094.324403537,1759638554.3505383,33965.0,,,,,,,,
306.0,6457,2441712.170364512,1759639172.1999447,33969.0,0.0010000000474974513,0.0019185335841029882,0.0006238330388441682,0.004315667785704136,,,,
306.0,6458,2442335.605645431,1759639795.6360016,33979.0,0.0010000000474974513,0.001734427991323173,0.0005399473011493683,0.003981602378189564,,,,
306.0,6459,2442957.760103268,1759640417.7901478,33989.0,0.0010000000474974513,0.0016393134137615561,0.0004648513568099588,0.003914873115718365,,,,
306.0,6460,2443582.221846891,1759641042.251685,33999.0,0.0010000000474974513,0.001600411138497293,0.0005334921297617257,0.003556396346539259,,,,
306.0,6461,2444206.384554085,1759641666.414375,34009.0,0.0010000000474974513,0.0020712856203317642,0.0006351030897349119,0.004787274170666933,,,,
306.0,6462,2444829.82695182,1759642289.8571663,34019.0,0.0010000000474974513,0.0018096435815095901,0.0005330105777829885,0.004255442880094051,,,,
306.0,6463,2445453.302546403,1759642913.3323927,34029.0,0.0010000000474974513,0.0017015088815242052,0.0005263889324851334,0.003917066380381584,,,,
306.0,6464,2446077.479326227,1759643537.5090961,34039.0,0.0010000000474974513,0.0015970683889463544,0.0005103096482343972,0.0036225290969014168,,,,
306.0,6465,2446700.366940965,1759644160.3970265,34049.0,0.0010000000474974513,0.0017262892797589302,0.0005928552709519863,0.0037781130522489548,,,,
306.0,6466,2447300.215091504,1759644760.2453675,34059.0,0.0010000000474974513,0.0031894720159471035,0.002139835152775049,0.003498789621517062,,,,
306.0,6467,2447819.79500713,1759645279.8251786,34069.0,0.0010000000474974513,0.002615089528262615,0.0015400521224364638,0.00358345708809793,,,,
,6468,2449092.263800518,1759646552.2943952,,,,,,,,,
,6469,2449093.417056313,1759646553.4476664,,,,,,,,,
,6470,2449093.422403812,1759646553.4529335,,,,,,,,,0.09261452406644821
,6471,2449093.630688003,1759646553.6613002,,,,,,,,,
306.0,6472,2449093.718635115,1759646553.7491474,34076.0,,,,,0.03765105828642845,0.09980317205190659,0.010734748095273972,
,6473,2449094.304516824,1759646554.3351736,,,,,,,,,
,6474,2449095.470627408,1759646555.5012677,,,,,,,,,
,6475,2449095.477000282,1759646555.5075583,,,,,,,,,
,6476,2449095.685050062,1759646555.7156944,,,,,,,,,
306.0,6477,2449103.652173579,1759646563.6788461,34076.0,,,,,,,,
307.0,6478,2449663.229011061,1759647123.2591248,34079.0,0.0010000000474974513,0.002264863345772028,0.0009467808995395899,0.0043936073780059814,,,,
307.0,6479,2450284.230413209,1759647744.2600968,34089.0,0.0010000000474974513,0.0019905210938304663,0.0007754926336929202,0.00405009463429451,,,,
307.0,6480,2450906.568778074,1759648366.5986376,34099.0,0.0010000000474974513,0.001963650109246373,0.0006731573957949877,0.004301642533391714,,,,
307.0,6481,2451531.373861792,1759648991.4041173,34109.0,0.0010000000474974513,0.0016694660298526287,0.0006698416545987129,0.0033320807851850986,,,,
307.0,6482,2452154.68694047,1759649614.7162976,34119.0,0.0010000000474974513,0.0018298339564353228,0.0006372975185513496,0.003975122235715389,,,,
307.0,6483,2452776.204409312,1759650236.2343748,34129.0,0.0010000000474974513,0.0018609656253829598,0.0006162539357319474,0.004149038810282946,,,,
307.0,6484,2453399.645900331,1759650859.6755736,34139.0,0.0010000000474974513,0.0019237197702750564,0.0006165970116853714,0.004357075784355402,,,,
307.0,6485,2454025.572185383,1759651485.6023107,34149.0,0.0010000000474974513,0.0018057834822684526,0.0006332676275633276,0.003908385988324881,,,,
307.0,6486,2454647.182772269,1759652107.2128804,34159.0,0.0010000000474974513,0.0016684315633028746,0.0005621822783723474,0.0036874976940453053,,,,
307.0,6487,2455253.997855446,1759652714.0280886,34169.0,0.0010000000474974513,0.0017661663005128503,0.0005971314385533333,0.0038967826403677464,,,,
307.0,6488,2455769.679257622,1759653229.7095149,34179.0,0.0010000000474974513,0.0024523288011550903,0.001368865603581071,0.0036115434486418962,,,,
,6489,2457090.589476052,1759654550.6200798,,,,,,,,,
,6490,2457091.731589839,1759654551.7622194,,,,,,,,,
,6491,2457091.737174539,1759654551.7677486,,,,,,,,,0.1087031215429306
,6492,2457091.946786691,1759654551.9774413,,,,,,,,,
307.0,6493,2457091.95669431,1759654551.9872398,34187.0,,,,,0.03484923765063286,0.11576972901821136,0.006090834736824036,
,6494,2457092.577892347,1759654552.6084635,,,,,,,,,
,6495,2457093.747027566,1759654553.7776797,,,,,,,,,
,6496,2457093.753251895,1759654553.78383,,,,,,,,,
,6497,2457093.958041264,1759654553.9886959,,,,,,,,,
307.0,6498,2457102.494676477,1759654562.5207815,34187.0,,,,,,,,
308.0,6499,2457589.812360627,1759655049.8420324,34189.0,0.0010000000474974513,0.0019839645829051733,0.0007211047341115773,0.004209533333778381,,,,
308.0,6500,2458213.208838767,1759655673.2391005,34199.0,0.0010000000474974513,0.001859996234998107,0.0007127540884539485,0.0038241404108703136,,,,
308.0,6501,2458837.627464973,1759656297.657326,34209.0,0.0010000000474974513,0.0022063986398279667,0.0007620603428222239,0.0048144604079425335,,,,
308.0,6502,2459462.063193134,1759656922.0930848,34219.0,0.0010000000474974513,0.0018358556553721428,0.000703153433278203,0.003775674384087324,,,,
308.0,6503,2460086.110359486,1759657546.1401722,34229.0,0.0010000000474974513,0.0017766272649168968,0.0006367887835949659,0.0037994610611349344,,,,
308.0,6504,2460708.952593558,1759658168.9830287,34239.0,0.0010000000474974513,0.0018681793007999659,0.0006544075440615416,0.004045906011015177,,,,
308.0,6505,2461332.658676782,1759658792.6889114,34249.0,0.0010000000474974513,0.0015813398640602827,0.0005593682290054858,0.0034065721556544304,,,,
308.0,6506,2461957.823065512,1759659417.85315,34259.0,0.0010000000474974513,0.0018332060426473618,0.0006110362010076642,0.004073899704962969,,,,
308.0,6507,2462579.889003933,1759660039.9189782,34269.0,0.0010000000474974513,0.0023129787296056747,0.0011321387719362974,0.0039361328817903996,,,,
308.0,6508,2463201.207431999,1759660661.2371645,34279.0,0.0010000000474974513,0.0020982881542295218,0.0008398941718041897,0.0041946470737457275,,,,
308.0,6509,2463717.152769306,1759661177.1829672,34289.0,0.0010000000474974513,0.0017366912215948105,0.0007136417552828789,0.003410165198147297,,,,
,6510,2465093.760368399,1759662553.7909796,,,,,,,,,
,6511,2465095.060731088,1759662555.0913303,,,,,,,,,
,6512,2465095.066249542,1759662555.0968192,,,,,,,,,0.07621269673109055
,6513,2465095.274784684,1759662555.305418,,,,,,,,,
308.0,6514,2465095.27739676,1759662555.307919,34298.0,,,,,0.0331183522939682,0.08787690848112106,0.009469444863498211,
,6515,2465095.859583229,1759662555.890224,,,,,,,,,
,6516,2465097.057674076,1759662557.0883126,,,,,,,,,
,6517,2465097.064127407,1759662557.0946777,,,,,,,,,
,6518,2465097.270879463,1759662557.3015172,,,,,,,,,
308.0,6519,2465106.262922705,1759662566.288913,34298.0,,,,,,,,
309.0,6520,2465544.502842794,1759663004.5329697,34299.0,0.0010000000474974513,0.0018262004014104605,0.0006486293859779835,0.003925236873328686,,,,
309.0,6521,2466167.633231624,1759663627.663438,34309.0,0.0010000000474974513,0.0016628080047667027,0.0006358269019983709,0.0034232703037559986,,,,
309.0,6522,2466790.555513435,1759664250.5853324,34319.0,0.0010000000474974513,0.002447049133479595,0.0013261990388855338,0.003736167447641492,,,,
309.0,6523,2467411.823288277,1759664871.853459,34329.0,0.0010000000474974513,0.0018993024714291096,0.0006308893207460642,0.004228043835610151,,,,
309.0,6524,2468038.708674207,1759665498.7383072,34339.0,0.0010000000474974513,0.0019414538983255625,0.0007076565525494516,0.004112657625228167,,,,
309.0,6525,2468663.050024751,1759666123.080214,34349.0,0.0010000000474974513,0.0017222199821844697,0.0006960803875699639,0.003420465160161257,,,,
309.0,6526,2469286.337184464,1759666746.3671288,34359.0,0.0010000000474974513,0.0027110581286251545,0.0015410715714097023,0.003899955190718174,,,,
309.0,6527,2469909.080109624,1759667369.1103861,34369.0,0.0010000000474974513,0.0026779603213071823,0.0012682382948696613,0.0046990737318992615,,,,
309.0,6528,2470531.33366939,1759667991.3633668,34379.0,0.0010000000474974513,0.0017398683121427894,0.0007208269671536982,0.003396804677322507,,,,
309.0,6529,2471155.366590833,1759668615.3966362,34389.0,0.0010000000474974513,0.0016761224251240492,0.0006062763277441263,0.0035661535803228617,,,,
309.0,6530,2471677.799783858,1759669137.8296168,34399.0,0.0010000000474974513,0.0019402450416237116,0.0006317120278254151,0.004361776635050774,,,,
309.0,6531,2472181.752236483,1759669641.7823858,34409.0,0.0010000000474974513,0.0022445819340646267,0.0006976290023885667,0.005156510043889284,,,,
,6532,2473112.108992419,1759670572.1393967,,,,,,,,,
,6533,2473113.246265154,1759670573.2769043,,,,,,,,,
,6534,2473113.251792951,1759670573.2823503,,,,,,,,,0.11486110836267471
,6535,2473113.459123859,1759670573.4897695,,,,,,,,,
309.0,6536,2473113.467050808,1759670573.4975622,34409.0,,,,,0.03332090750336647,0.12318027764558792,0.00778781296685338,
,6537,2473114.080255747,1759670574.1108959,,,,,,,,,
,6538,2473115.312022621,1759670575.3426654,,,,,,,,,
,6539,2473115.318358143,1759670575.3489194,,,,,,,,,
,6540,2473115.526919202,1759670575.557565,,,,,,,,,
309.0,6541,2473123.380426807,1759670583.4071248,34409.0,,,,,,,,
310.0,6542,2474118.215924643,1759671578.2464004,34419.0,0.0010000000474974513,0.0017515714280307293,0.0007686743047088385,0.003276323201134801,,,,
310.0,6543,2474743.473423742,1759672203.5033455,34429.0,0.0010000000474974513,0.0019018991151824594,0.0006565788062289357,0.0041510676965117455,,,,
310.0,6544,2475365.277064274,1759672825.3072188,34439.0,0.0010000000474974513,0.0019251209450885653,0.0007854759460315108,0.003798816818743944,,,,
310.0,6545,2475988.644407024,1759673448.6745195,34449.0,0.0010000000474974513,0.0019064494408667088,0.0005847099237143993,0.004405798390507698,,,,
310.0,6546,2476612.297467332,1759674072.3276553,34459.0,0.0010000000474974513,0.0018137316219508648,0.0005455284845083952,0.004227343946695328,,,,
310.0,6547,2477235.170279337,1759674695.1999419,34469.0,0.0010000000474974513,0.0018596311565488577,0.0005450688186101615,0.004381874110549688,,,,
310.0,6548,2477858.790106204,1759675318.8200917,34479.0,0.0010000000474974513,0.0018763297703117132,0.000658551580272615,0.004059260245412588,,,,
310.0,6549,2478481.332894466,1759675941.3627331,34489.0,0.0010000000474974513,0.0016371321398764849,0.0005871449830010533,0.003499956801533699,,,,
310.0,6550,2479106.075712699,1759676566.1054733,34499.0,0.0010000000474974513,0.0017366067040711641,0.0006745338323526084,0.003540243022143841,,,,
310.0,6551,2479637.360815538,1759677097.3908865,34509.0,0.0010000000474974513,0.0020825802348554134,0.0007013333961367607,0.0046041556634008884,,,,
310.0,6552,2480148.180112243,1759677608.2103198,34519.0,0.0010000000474974513,0.0019744345918297768,0.0006433194503188133,0.00443705078214407,,,,
,6553,2481115.884102874,1759678575.914696,,,,,,,,,
,6554,2481117.05012257,1759678577.0807636,,,,,,,,,
,6555,2481117.055679382,1759678577.0862348,,,,,,,,,0.10923764109611511
,6556,2481117.262835568,1759678577.2934802,,,,,,,,,
310.0,6557,2481117.728137998,1759678577.7586505,34520.0,,,,,0.027041804045438766,0.10646601021289825,0.004424701910465956,
,6558,2481118.301825251,1759678578.332462,,,,,,,,,
,6559,2481119.521818379,1759678579.5524318,,,,,,,,,
,6560,2481119.528475673,1759678579.559005,,,,,,,,,
,6561,2481119.769408839,1759678579.8000326,,,,,,,,,
310.0,6562,2481128.436488761,1759678588.4626043,34520.0,,,,,,,,
311.0,6563,2482062.497478537,1759679522.5276058,34529.0,0.0010000000474974513,0.0019036070443689823,0.000731398758944124,0.003907360136508942,,,,
311.0,6564,2482685.766886455,1759680145.7969975,34539.0,0.0010000000474974513,0.0020373789593577385,0.0007887164829298854,0.004162208177149296,,,,
311.0,6565,2483307.448278194,1759680767.4787054,34549.0,0.0010000000474974513,0.002085532061755657,0.000774995016399771,0.0043684570118784904,,,,
311.0,6566,2483927.269039975,1759681387.2995746,34559.0,0.0010000000474974513,0.001790566137060523,0.0005720176268368959,0.004061827901750803,,,,
311.0,6567,2484552.817580509,1759682012.8481297,34569.0,0.0010000000474974513,0.0021146724466234446,0.0006152314599603415,0.0049981363117694855,,,,
311.0,6568,2485175.427968141,1759682635.4578838,34579.0,0.0010000000474974513,0.003954618237912655,0.0027546051423996687,0.00400004256516695,,,,
311.0,6569,2485797.702046205,1759683257.7316988,34589.0,0.0010000000474974513,0.002139346208423376,0.0011028728913515806,0.0034549112897366285,,,,
311.0,6570,2486423.33429513,1759683883.364103,34599.0,0.0010000000474974513,0.002077810699120164,0.0008548852056264877,0.004076418466866016,,,,
311.0,6571,2487050.402238458,1759684510.4322526,34609.0,0.0010000000474974513,0.001816519652493298,0.0007970074657350779,0.0033983737230300903,,,,
311.0,6572,2487591.208315022,1759685051.2387292,34619.0,0.0010000000474974513,0.002142831450328231,0.0009598543983884156,0.003943256568163633,,,,
311.0,6573,2488105.537929934,1759685565.5681932,34629.0,0.0010000000474974513,0.0018402631394565105,0.0007416302105411887,0.003662110073491931,,,,
,6574,2489119.616970625,1759686579.647594,,,,,,,,,
,6575,2489120.683322608,1759686580.713965,,,,,,,,,
,6576,2489120.688816096,1759686580.7193804,,,,,,,,,0.08249092102050781
,6577,2489120.895942797,1759686580.926595,,,,,,,,,
311.0,6578,2489120.898541044,1759686580.9290829,34631.0,,,,,0.03295847028493881,0.08259566128253937,0.007324477657675743,
,6579,2489121.487466896,1759686581.5180402,,,,,,,,,
,6580,2489122.770733693,1759686582.8013752,,,,,,,,,
,6581,2489122.777254037,1759686582.8078187,,,,,,,,,
,6582,2489122.986268164,1759686583.0169158,,,,,,,,,
311.0,6583,2489130.840695248,1759686590.867081,34631.0,,,,,,,,
312.0,6584,2489997.794604085,1759687457.8246865,34639.0,0.0010000000474974513,0.001966118346899748,0.0007813870906829834,0.003949103876948357,,,,
312.0,6585,2490620.973185812,1759688081.003586,34649.0,0.0010000000474974513,0.0016804890474304557,0.0006233182502910495,0.0035239029675722122,,,,
312.0,6586,2491243.354532883,1759688703.3847501,34659.0,0.0010000000474974513,0.001926729455590248,0.0006383381551131606,0.0042946371249854565,,,,
312.0,6587,2491864.919127439,1759689324.949036,34669.0,0.0010000000474974513,0.00190210051368922,0.0006622275686822832,0.0041329097002744675,,,,
312.0,6588,2492491.960408948,1759689951.9901388,34679.0,0.0010000000474974513,0.0016489268746227026,0.0005803392268717289,0.00356195867061615,,,,
312.0,6589,2493117.201565423,1759690577.2315352,34689.0,0.0010000000474974513,0.0032469257712364197,0.002074279822409153,0.003908819984644651,,,,
312.0,6590,2493739.313091156,1759691199.3429415,34699.0,0.0010000000474974513,0.0021984868217259645,0.0011008076835423708,0.00365893030539155,,,,
312.0,6591,2494361.543504697,1759691821.573044,34709.0,0.0010000000474974513,0.002136028604581952,0.0008498382521793246,0.004287301562726498,,,,
312.0,6592,2494984.54219005,1759692444.572514,34719.0,0.0010000000474974513,0.001935756765305996,0.0006899990839883685,0.004152525216341019,,,,
312.0,6593,2495538.186928157,1759692998.2163706,34729.0,0.0010000000474974513,0.0018962364410981536,0.0006367626483552158,0.004198245704174042,,,,
312.0,6594,2496053.867306292,1759693513.8971336,34739.0,0.0010000000474974513,0.00188797852024436,0.0006358218379318714,0.004173855297267437,,,,
,6595,2497120.955273594,1759694580.9858713,,,,,,,,,
,6596,2497122.169674241,1759694582.2002904,,,,,,,,,
,6597,2497122.174817477,1759694582.205395,,,,,,,,,0.04682821035385132
,6598,2497122.386308075,1759694582.4169557,,,,,,,,,
312.0,6599,2497122.407307901,1759694582.4378054,34742.0,,,,,0.040809061378240585,0.05438585206866264,0.013973955996334553,
,6600,2497123.005420822,1759694583.0360558,,,,,,,,,
,6601,2497124.174069248,1759694584.2046852,,,,,,,,,
,6602,2497124.180471191,1759694584.2110553,,,,,,,,,
,6603,2497124.392890945,1759694584.423514,,,,,,,,,
312.0,6604,2497132.495775589,1759694592.5222332,34742.0,,,,,,,,
313.0,6605,2497935.697169673,1759695395.7264087,34749.0,0.0010000000474974513,0.001892124768346548,0.0007560396334156394,0.003786950372159481,,,,
313.0,6606,2498559.316323074,1759696019.3464253,34759.0,0.0010000000474974513,0.0017447513528168201,0.000674377370160073,0.0035679133143275976,,,,
313.0,6607,2499179.736207569,1759696639.766177,34769.0,0.0010000000474974513,0.0017947981832548976,0.0006935191340744495,0.003670929931104183,,,,
313.0,6608,2499804.186064941,1759697264.2157187,34779.0,0.0010000000474974513,0.0015756994253024459,0.000578181934542954,0.003325058612972498,,,,
313.0,6609,2500426.446955209,1759697886.4772398,34789.0,0.0010000000474974513,0.002007730072364211,0.0007637419039383531,0.004146627150475979,,,,
313.0,6610,2501048.433388318,1759698508.4629471,34799.0,0.0010000000474974513,0.0018609327962622046,0.0005554175586439669,0.004351717419922352,,,,
313.0,6611,2501670.272789713,1759699130.3024204,34809.0,0.0010000000474974513,0.0016782511956989765,0.0005371446604840457,0.003803688334301114,,,,
313.0,6612,2502294.117924572,1759699754.14783,34819.0,0.0010000000474974513,0.0017657966818660498,0.0006128144450485706,0.003843273501843214,,,,
313.0,6613,2502917.963543022,1759700377.9934242,34829.0,0.0010000000474974513,0.0016548532294109464,0.0007095962064340711,0.0031508570536971092,,,,
313.0,6614,2503480.501870654,1759700940.5319338,34839.0,0.0010000000474974513,0.001742095686495304,0.0006064455374144018,0.0037855005357414484,,,,
313.0,6615,2503993.623017761,1759701453.6531632,34849.0,0.0010000000474974513,0.0017202591989189386,0.0006043564644642174,0.0037196758203208447,,,,
,6616,2505109.171432451,1759702569.2020247,,,,,,,,,
,6617,2505110.393722483,1759702570.4243624,,,,,,,,,
,6618,2505110.39923434,1759702570.4298112,,,,,,,,,0.07314416021108627
,6619,2505111.221521803,1759702571.252179,,,,,,,,,
313.0,6620,2505111.224247103,1759702571.254773,34853.0,,,,,0.05894727259874344,0.07822414487600327,0.03294890746474266,
,6621,2505111.916909081,1759702571.8420336,,,,,,,,,
,6622,2505113.116872674,1759702573.1475112,,,,,,,,,
,6623,2505113.12329081,1759702573.1538587,,,,,,,,,
,6624,2505113.334039246,1759702573.364695,,,,,,,,,
313.0,6625,2505121.239875695,1759702581.265158,34853.0,,,,,,,,
314.0,6626,2505864.299296703,1759703324.3296409,34859.0,0.0010000000474974513,0.001792043331079185,0.0006422101287171245,0.0038327770307660103,,,,
314.0,6627,2506490.258946366,1759703950.2885365,34869.0,0.0010000000474974513,0.001888255006633699,0.0005740898777730763,0.0043805502355098724,,,,
314.0,6628,2507120.20293402,1759704580.2334144,34879.0,0.0010000000474974513,0.0017706064973026514,0.0005641185562126338,0.004021625965833664,,,,
314.0,6629,2507748.212542924,1759705208.2422197,34889.0,0.0010000000474974513,0.0018324351403862238,0.0007537390338256955,0.0035956534557044506,,,,
314.0,6630,2508373.823354558,1759705833.8536294,34899.0,0.0010000000474974513,0.0016880901530385017,0.000615121447481215,0.0035765618085861206,,,,
314.0,6631,2508997.786309995,1759706457.8163817,34909.0,0.0010000000474974513,0.00185736536514014,0.0007981740636751056,0.0035306373611092567,,,,
314.0,6632,2509624.493863386,1759707084.523637,34919.0,0.0010000000474974513,0.0020884578116238117,0.0007817056030035019,0.0043558403849601746,,,,
314.0,6633,2510253.16760403,1759707713.1974194,34929.0,0.0010000000474974513,0.002954703290015459,0.0018968242220580578,0.0035262638702988625,,,,
314.0,6634,2510878.716522626,1759708338.7465508,34939.0,0.0010000000474974513,0.00210902513936162,0.0008522557327523828,0.0041892314329743385,,,,
314.0,6635,2511456.75795478,1759708916.7880118,34949.0,0.0010000000474974513,0.002070407383143902,0.0008927120943553746,0.003925650380551815,,,,
314.0,6636,2511971.857580799,1759709431.887563,34959.0,0.0010000000474974513,0.0016858134185895324,0.0007076000911183655,0.0032607109751552343,,,,
,6637,2513145.714140882,1759710605.7447321,,,,,,,,,
,6638,2513146.983964269,1759710607.014625,,,,,,,,,
,6639,2513146.989261595,1759710607.019863,,,,,,,,,0.05888717994093895
,6640,2513147.194018789,1759710607.2246695,,,,,,,,,
314.0,6641,2513147.76817822,1759710607.79866,34964.0,,,,,0.026033513247966766,0.07461589574813843,0.004868237767368555,
,6642,2513148.352566946,1759710608.3832107,,,,,,,,,
,6643,2513149.576012066,1759710609.6066642,,,,,,,,,
,6644,2513149.582309796,1759710609.6128886,,,,,,,,,
,6645,2513149.788093483,1759710609.818746,,,,,,,,,
314.0,6646,2513157.657671695,1759710617.6843867,34964.0,,,,,,,,
315.0,6647,2513839.506968688,1759711299.537202,34969.0,0.0010000000474974513,0.0018336852081120014,0.0005717590684071183,0.004206419922411442,,,,
315.0,6648,2514463.543255598,1759711923.5731382,34979.0,0.0010000000474974513,0.003227904671803117,0.002144444268196821,0.0036115343682467937,,,,
315.0,6649,2515083.283532689,1759712543.3139737,34989.0,0.0010000000474974513,0.001935866428539157,0.0009442013688385487,0.003305549267679453,,,,
315.0,6650,2515707.285547772,1759713167.3155153,34999.0,0.0010000000474974513,0.0019906647503376007,0.0007064687088131905,0.004280653316527605,,,,
315.0,6651,2516330.515384188,1759713790.5454957,35009.0,0.0010000000474974513,0.00215204618871212,0.00105799431912601,0.0036468394100666046,,,,
315.0,6652,2516958.805101677,1759714418.8351831,35019.0,0.0010000000474974513,0.002214146312326193,0.0012114548590034246,0.003342305077239871,,,,
315.0,6653,2517586.339043767,1759715046.3692617,35029.0,0.0010000000474974513,0.002583233406767249,0.0013540134532377124,0.0040974002331495285,,,,
315.0,6654,2518209.531683621,1759715669.5617433,35039.0,0.0010000000474974513,0.002436487004160881,0.0012958708684891462,0.0038020540960133076,,,,
315.0,6655,2518831.545225983,1759716291.5753736,35049.0,0.0010000000474974513,0.0017978023970499635,0.0007078433409333229,0.0036331964656710625,,,,
315.0,6656,2519419.019470164,1759716879.0494268,35059.0,0.0010000000474974513,0.0017847293056547642,0.0007834759308025241,0.0033375113271176815,,,,
315.0,6657,2519935.109489115,1759717395.1396592,35069.0,0.0010000000474974513,0.0016807429492473602,0.0006080290186218917,0.0035757129080593586,,,,
,6658,2521161.367269297,1759718621.397903,,,,,,,,,
,6659,2521162.514737171,1759718622.545383,,,,,,,,,
,6660,2521162.520141963,1759718622.5507004,,,,,,,,,0.10896208137273788
,6661,2521162.732447127,1759718622.763042,,,,,,,,,
315.0,6662,2521162.851629711,1759718622.8820822,35075.0,,,,,0.037989307194948196,0.11252471804618835,0.017251107841730118,
,6663,2521163.441742289,1759718623.47239,,,,,,,,,
,6664,2521164.589281104,1759718624.6199193,,,,,,,,,
,6665,2521164.596035962,1759718624.6265984,,,,,,,,,
,6666,2521164.807112564,1759718624.8377566,,,,,,,,,
315.0,6667,2521173.427648161,1759718633.4536457,35075.0,,,,,,,,
316.0,6668,2521789.768721588,1759719249.7989469,35079.0,0.0010000000474974513,0.001851115608587861,0.0005704125505872071,0.004269009456038475,,,,
316.0,6669,2522414.245247691,1759719874.2757158,35089.0,0.0010000000474974513,0.001712602679617703,0.0005938961403444409,0.003729021642357111,,,,
316.0,6670,2523034.076290672,1759720494.1062696,35099.0,0.0010000000474974513,0.0017564732115715742,0.000670520996209234,0.003619840368628502,,,,
316.0,6671,2523657.142468093,1759721117.172704,35109.0,0.0010000000474974513,0.0019242645939812064,0.000783280935138464,0.003803278785198927,,,,
316.0,6672,2524282.286627416,1759721742.317099,35119.0,0.0010000000474974513,0.002055254764854908,0.0008236108114942908,0.0041054789908230305,,,,
316.0,6673,2524904.563928971,1759722364.594423,35129.0,0.0010000000474974513,0.0018369792960584164,0.0006463653407990932,0.0039687128737568855,,,,
316.0,6674,2525528.07297397,1759722988.1028705,35139.0,0.0010000000474974513,0.0016322932206094265,0.0005638891598209739,0.003561346558853984,,,,
316.0,6675,2526151.123201374,1759723611.1528296,35149.0,0.0010000000474974513,0.0016849532257765532,0.0005552461370825768,0.003765690606087446,,,,
316.0,6676,2526774.814452759,1759724234.8447776,35159.0,0.0010000000474974513,0.0016746607143431902,0.0005399874062277377,0.003782244399189949,,,,
316.0,6677,2527372.030792887,1759724832.0611618,35169.0,0.0010000000474974513,0.0016814636765047908,0.00047691629151813686,0.004015157464891672,,,,
316.0,6678,2527886.020172575,1759725346.050591,35179.0,0.0010000000474974513,0.0016917005414143205,0.000561297289095819,0.0037680105306208134,,,,
,6679,2529154.866957979,1759726614.897551,,,,,,,,,
,6680,2529156.593342544,1759726616.6239922,,,,,,,,,
,6681,2529156.599054818,1759726616.6296275,,,,,,,,,0.09638930857181549
,6682,2529156.806201733,1759726616.8368711,,,,,,,,,
316.0,6683,2529156.808870841,1759726616.8394275,35186.0,,,,,0.03669220581650734,0.09205745905637741,0.014642108231782913,
,6684,2529157.387617596,1759726617.418243,,,,,,,,,
,6685,2529158.584358286,1759726618.6149418,,,,,,,,,
,6686,2529158.590666751,1759726618.6212404,,,,,,,,,
,6687,2529158.803066623,1759726618.8336704,,,,,,,,,
316.0,6688,2529166.640331192,1759726626.6670923,35186.0,,,,,,,,
317.0,6689,2529723.273170373,1759727183.3031778,35189.0,0.0010000000474974513,0.0020292599219828844,0.0006636313628405333,0.0045520951971411705,,,,
317.0,6690,2530345.497267383,1759727805.5272288,35199.0,0.0010000000474974513,0.0016095266910269856,0.0005275266012176871,0.0036066670436412096,,,,
317.0,6691,2530967.562372981,1759728427.592284,35209.0,0.0010000000474974513,0.001677476684562862,0.0005321213393472135,0.003817850723862648,,,,
317.0,6692,2531593.534449479,1759729053.5643027,35219.0,0.0010000000474974513,0.0016244754660874605,0.000475715147331357,0.003829200752079487,,,,
317.0,6693,2532214.750164726,1759729674.7801113,35229.0,0.0010000000474974513,0.001716270693577826,0.0005340082570910454,0.003940875176340342,,,,
317.0,6694,2532835.250367789,1759730295.2802436,35239.0,0.0010000000474974513,0.0017462442629039288,0.0005173311219550669,0.004096377175301313,,,,
317.0,6695,2533458.864459527,1759730918.8940363,35249.0,0.0010000000474974513,0.001807685475796461,0.0005499565741047263,0.004192429594695568,,,,
317.0,6696,2534082.682204968,1759731542.712697,35259.0,0.0010000000474974513,0.0016858007293194532,0.00054772017756477,0.003793601645156741,,,,
317.0,6697,2534704.417244771,1759732164.4471755,35269.0,0.0010000000474974513,0.0017378379125148058,0.0005643854383379221,0.003911508247256279,,,,
317.0,6698,2535315.60926119,1759732775.63945,35279.0,0.0010000000474974513,0.0016401686007156968,0.0004999061347916722,0.003800874575972557,,,,
317.0,6699,2535828.411616473,1759733288.441946,35289.0,0.0010000000474974513,0.0017378677148371935,0.0005268896347843111,0.004036593250930309,,,,
,6700,2537148.428083043,1759734608.4586432,,,,,,,,,
,6701,2537149.814979251,1759734609.8456063,,,,,,,,,
,6702,2537149.820840344,1759734609.8514063,,,,,,,,,0.07751574367284775
,6703,2537150.028492303,1759734610.0591447,,,,,,,,,
317.0,6704,2537150.228249387,1759734610.2586384,35297.0,,,,,0.02500750683248043,0.07683273404836655,0.0066704582422971725,
,6705,2537150.799374673,1759734610.8300114,,,,,,,,,
,6706,2537151.981154112,1759734612.0117834,,,,,,,,,
,6707,2537151.987705319,1759734612.018263,,,,,,,,,
,6708,2537152.198206825,1759734612.2288368,,,,,,,,,
317.0,6709,2537160.123543841,1759734620.15009,35297.0,,,,,,,,
318.0,6710,2537650.172986957,1759735110.2030733,35299.0,0.0010000000474974513,0.0015431572683155537,0.00045846065040677786,0.0036156554706394672,,,,
318.0,6711,2538273.690856178,1759735733.7210474,35309.0,0.0010000000474974513,0.001715542282909155,0.0004537968197837472,0.004205817822366953,,,,
318.0,6712,2538896.434353415,1759736356.4643068,35319.0,0.0010000000474974513,0.0015900966245681047,0.0004772170213982463,0.0037095986772328615,,,,
318.0,6713,2539519.416420602,1759736979.4463558,35329.0,0.0010000000474974513,0.002060950268059969,0.0006725332350470126,0.004628056660294533,,,,
318.0,6714,2540142.3181265,1759737602.3480558,35339.0,0.0010000000474974513,0.001858890289440751,0.0007031970890238881,0.0038523105904459953,,,,
318.0,6715,2540765.563775888,1759738225.593707,35349.0,0.0010000000474974513,0.0017768064280971885,0.0005506734596565366,0.004087109584361315,,,,
318.0,6716,2541390.566158275,1759738850.5960941,35359.0,0.0010000000474974513,0.001558608142659068,0.0005080878036096692,0.0035017344634979963,,,,
318.0,6717,2542012.0564403,1759739472.0866377,35369.0,0.0010000000474974513,0.0016336869448423386,0.00048379984218627214,0.0038329570088535547,,,,
318.0,6718,2542631.437423778,1759740091.467288,35379.0,0.0010000000474974513,0.0015082004247233272,0.0005042859120294452,0.0033463817089796066,,,,
318.0,6719,2543252.171171923,1759740712.2012565,35389.0,0.0010000000474974513,0.0017270694952458143,0.0004948291461914778,0.0041074673645198345,,,,
318.0,6720,2543768.74834504,1759741228.7782712,35399.0,0.0010000000474974513,0.0017963633872568607,0.000545825227163732,0.004168460611253977,,,,
,6721,2545143.183663258,1759742603.2142894,,,,,,,,,
,6722,2545144.329230949,1759742604.3598776,,,,,,,,,
,6723,2545144.334616511,1759742604.3651836,,,,,,,,,0.0631856620311737
,6724,2545144.543851276,1759742604.574504,,,,,,,,,
318.0,6725,2545144.546397952,1759742604.576949,35408.0,,,,,0.02846137434244156,0.07240913808345795,0.004514241591095924,
,6726,2545145.16923304,1759742605.1998055,,,,,,,,,
,6727,2545146.370686464,1759742606.4012604,,,,,,,,,
,6728,2545146.37733113,1759742606.4078927,,,,,,,,,
,6729,2545146.585018161,1759742606.6156662,,,,,,,,,
318.0,6730,2545155.144385935,1759742615.170549,35408.0,,,,,,,,
319.0,6731,2545583.968952098,1759743043.998864,35409.0,0.0010000000474974513,0.0017959699034690857,0.0004895341699011624,0.0043547856621444225,,,,
319.0,6732,2546204.519437182,1759743664.5495906,35419.0,0.0010000000474974513,0.0017100018449127674,0.0005206849309615791,0.0039643896743655205,,,,
319.0,6733,2546824.183475154,1759744284.2130837,35429.0,0.0010000000474974513,0.0015394241781905293,0.0005490697803907096,0.0033011813648045063,,,,
319.0,6734,2547450.620376349,1759744910.650254,35439.0,0.0010000000474974513,0.0015707067213952541,0.0005015466012991965,0.0035638671834021807,,,,
319.0,6735,2548074.389519695,1759745534.4194086,35449.0,0.0010000000474974513,0.0014698286540806293,0.0004937945632264018,0.0032534468919038773,,,,
319.0,6736,2548697.194841527,1759746157.224822,35459.0,0.0010000000474974513,0.0018593566492199898,0.0006909836083650589,0.003894576570019126,,,,
319.0,6737,2549319.253965526,1759746779.283832,35469.0,0.0010000000474974513,0.001746162655763328,0.000521901878528297,0.004080869257450104,,,,
319.0,6738,2549939.517968542,1759747399.5479686,35479.0,0.0010000000474974513,0.001869891071692109,0.0006888500647619367,0.003936802968382835,,,,
319.0,6739,2550560.797754517,1759748020.827653,35489.0,0.0010000000474974513,0.0018490743823349476,0.000706183142028749,0.003809636924415827,,,,
319.0,6740,2551183.705755173,1759748643.7357454,35499.0,0.0010000000474974513,0.0017049734015017748,0.0005921440897509456,0.003709430806338787,,,,
319.0,6741,2551706.600279107,1759749166.6306064,35509.0,0.0010000000474974513,0.0016567804850637913,0.0006332285702228546,0.003411839483305812,,,,
319.0,6742,2552212.068200988,1759749672.0982943,35519.0,0.0010000000474974513,0.0020212612580507994,0.0006886881310492754,0.004441910423338413,,,,
,6743,2553132.684720066,1759750592.7152712,,,,,,,,,
,6744,2553133.824380188,1759750593.8550222,,,,,,,,,
,6745,2553133.829855642,1759750593.8604257,,,,,,,,,0.10779951512813568
,6746,2553134.040319552,1759750594.0709598,,,,,,,,,
319.0,6747,2553134.06063119,1759750594.0911121,35519.0,,,,,0.029991259798407555,0.10411570966243744,0.005580398719757795,
,6748,2553134.638792657,1759750594.6694322,,,,,,,,,
,6749,2553135.841605942,1759750595.8722546,,,,,,,,,
,6750,2553135.848098724,1759750595.8786752,,,,,,,,,
,6751,2553136.058800632,1759750596.0894506,,,,,,,,,
319.0,6752,2553143.971675233,1759750603.997885,35519.0,,,,,,,,
320.0,6753,2554127.616413209,1759751587.646011,35529.0,0.0010000000474974513,0.0015904209576547146,0.00049539131578058,0.003650099039077759,,,,
320.0,6754,2554750.572416262,1759752210.602394,35539.0,0.0010000000474974513,0.001572576118633151,0.0005068948958069086,0.0035522703547030687,,,,
320.0,6755,2555373.965356781,1759752833.9953818,35549.0,0.0010000000474974513,0.0020611784420907497,0.0005580884753726423,0.005010299850255251,,,,
320.0,6756,2555997.646122243,1759753457.675563,35559.0,0.0010000000474974513,0.0017654496477916837,0.0005461941473186016,0.004064185079187155,,,,
320.0,6757,2556619.441616661,1759754079.471956,35569.0,0.0010000000474974513,0.001690418692305684,0.000519781606271863,0.0039021235425025225,,,,
320.0,6758,2557243.309546106,1759754703.339847,35579.0,0.0010000000474974513,0.0018911762163043022,0.0007047991966828704,0.003954590298235416,,,,
320.0,6759,2557866.478674257,1759755326.5086715,35589.0,0.0010000000474974513,0.0018733821343630552,0.0006072622491046786,0.00422039907425642,,,,
320.0,6760,2558488.049118888,1759755948.0785832,35599.0,0.0010000000474974513,0.0018110873643308878,0.0006766362930648029,0.0037815032992511988,,,,
320.0,6761,2559113.561538035,1759756573.591624,35609.0,0.0010000000474974513,0.0020977631211280823,0.0006256745546124876,0.004906960763037205,,,,
320.0,6762,2559646.420248306,1759757106.4506078,35619.0,0.0010000000474974513,0.0017346593085676432,0.0005185609334148467,0.004053661134094,,,,
320.0,6763,2560158.764335462,1759757618.7940898,35629.0,0.0010000000474974513,0.001675313338637352,0.0005619659787043929,0.003711157478392124,,,,
,6764,2561128.228102606,1759758588.258701,,,,,,,,,
,6765,2561129.419535051,1759758589.4501622,,,,,,,,,
,6766,2561129.425006481,1759758589.4555888,,,,,,,,,0.07032307982444763
,6767,2561129.634383118,1759758589.6650164,,,,,,,,,
320.0,6768,2561129.641599843,1759758589.6721518,35630.0,,,,,0.02667130157351494,0.06071567162871361,0.005501816514879465,
,6769,2561130.217616747,1759758590.248245,,,,,,,,,
,6770,2561131.378370962,1759758591.4089804,,,,,,,,,
,6771,2561131.384607483,1759758591.4151816,,,,,,,,,
,6772,2561131.593693945,1759758591.6243513,,,,,,,,,
320.0,6773,2561140.156681504,1759758600.1825604,35630.0,,,,,,,,
321.0,6774,2562069.52313575,1759759529.5532916,35639.0,0.0010000000474974513,0.0015163709176704288,0.00048140750732272863,0.003449878189712763,,,,
321.0,6775,2562692.332747671,1759760152.3625891,35649.0,0.0010000000474974513,0.0015494171530008316,0.0005218777223490179,0.0034251310862600803,,,,
321.0,6776,2563316.664342291,1759760776.6942177,35659.0,0.0010000000474974513,0.0017203959869220853,0.0005197429563850164,0.004002176225185394,,,,
321.0,6777,2563940.256601443,1759761400.2865186,35669.0,0.0010000000474974513,0.0019309672061353922,0.0007129983860068023,0.004059895873069763,,,,
321.0,6778,2564562.06982674,1759762022.098951,35679.0,0.0010000000474974513,0.0016559110954403877,0.000643386971205473,0.0033750806469470263,,,,
321.0,6779,2565181.539240119,1759762641.569743,35689.0,0.0010000000474974513,0.0016427428927272558,0.0004789597005583346,0.0038792770355939865,,,,
321.0,6780,2565805.3670923,1759763265.39721,35699.0,0.0010000000474974513,0.0016922339564189315,0.0005631347885355353,0.0037636638153344393,,,,
321.0,6781,2566426.74762365,1759763886.7777739,35709.0,0.0010000000474974513,0.0018035341054201126,0.00046230695443227887,0.004470757208764553,,,,
321.0,6782,2567046.14672134,1759764506.176496,35719.0,0.0010000000474974513,0.0018346344586461782,0.0006234133616089821,0.004037403501570225,,,,
321.0,6783,2567591.607350921,1759765051.6373315,35729.0,0.0010000000474974513,0.0018040384165942669,0.000578562612645328,0.004084919113665819,,,,
321.0,6784,2568105.140368737,1759765565.1706905,35739.0,0.0010000000474974513,0.001923420000821352,0.0007408151868730783,0.003942015580832958,,,,
,6785,2569119.943261566,1759766579.9738905,,,,,,,,,
,6786,2569121.24561003,1759766581.276217,,,,,,,,,
,6787,2569121.25088453,1759766581.2814744,,,,,,,,,0.062452320009469986
,6788,2569122.085023506,1759766582.1156359,,,,,,,,,
321.0,6789,2569122.087801008,1759766582.1182985,35741.0,,,,,0.03958224505186081,0.06541389971971512,0.01184419821947813,
,6790,2569122.736902175,1759766582.7674556,,,,,,,,,
,6791,2569123.934376991,1759766583.9650037,,,,,,,,,
,6792,2569123.940683661,1759766583.971273,,,,,,,,,
,6793,2569124.148561822,1759766584.1792173,,,,,,,,,
321.0,6794,2569132.008709173,1759766592.0349042,35741.0,,,,,,,,
322.0,6795,2569995.006019427,1759767455.0364177,35749.0,0.0010000000474974513,0.002232962055131793,0.0009342937264591455,0.004328894894570112,,,,
322.0,6796,2570619.6023359,1759768079.6323617,35759.0,0.0010000000474974513,0.002246591029688716,0.0007464915397576988,0.0050003319047391415,,,,
322.0,6797,2571239.337618864,1759768699.3671358,35769.0,0.0010000000474974513,0.0017011893214657903,0.000624412321485579,0.003589256666600704,,,,
322.0,6798,2571859.396030021,1759769319.4259388,35779.0,0.0010000000474974513,0.0018470908980816603,0.0006020317086949944,0.004150197375565767,,,,
322.0,6799,2572481.851992774,1759769941.8817303,35789.0,0.0010000000474974513,0.0018641420174390078,0.000568482035305351,0.00431886687874794,,,,
322.0,6800,2573106.067225009,1759770566.096364,35799.0,0.0010000000474974513,0.0017481314716860652,0.000588364782743156,0.0038658890407532454,,,,
322.0,6801,2573732.032791092,1759771192.0628426,35809.0,0.0010000000474974513,0.0016410322859883308,0.0005178151186555624,0.0037440573796629906,,,,
322.0,6802,2574355.200940439,1759771815.230716,35819.0,0.0010000000474974513,0.0016282742144539952,0.000530333025380969,0.0036598036531358957,,,,
322.0,6803,2574977.773871596,1759772437.8035107,35829.0,0.0010000000474974513,0.0019965507090091705,0.0008972013019956648,0.0036644977517426014,,,,
322.0,6804,2575530.361400091,1759772990.3915608,35839.0,0.0010000000474974513,0.0018647890537977219,0.0007170386961661279,0.003825834020972252,,,,
322.0,6805,2576045.469542732,1759773505.4996066,35849.0,0.0010000000474974513,0.0017986223101615906,0.000549241725821048,0.004164602141827345,,,,
,6806,2577109.960846461,1759774569.9914436,,,,,,,,,
,6807,2577111.117027304,1759774571.1476567,,,,,,,,,
,6808,2577111.122452782,1759774571.1530137,,,,,,,,,0.09411722421646118
,6809,2577111.327031762,1759774571.3576825,,,,,,,,,
322.0,6810,2577111.446584838,1759774571.4770885,35852.0,,,,,0.031413231045007706,0.0980406105518341,0.004995306953787804,
,6811,2577112.034088956,1759774572.064734,,,,,,,,,
,6812,2577113.237452057,1759774573.2680888,,,,,,,,,
,6813,2577113.243739754,1759774573.2742999,,,,,,,,,
,6814,2577113.450726255,1759774573.4813485,,,,,,,,,
322.0,6815,2577121.390334794,1759774581.4168487,35852.0,,,,,,,,
323.0,6816,2577927.844895291,1759775387.8748147,35859.0,0.0010000000474974513,0.0018018623813986778,0.0006164648220874369,0.0039513250812888145,,,,
323.0,6817,2578554.334106996,1759776014.3645544,35869.0,0.0010000000474974513,0.0017418689094483852,0.0006273193866945803,0.0037151649594306946,,,,
323.0,6818,2579180.538105416,1759776640.567776,35879.0,0.0010000000474974513,0.0018892637453973293,0.000854237237945199,0.003450087970122695,,,,
323.0,6819,2579805.753747525,1759777265.7842653,35889.0,0.0010000000474974513,0.0017041678074747324,0.0005689648678526282,0.0037840097211301327,,,,
323.0,6820,2580428.173044287,1759777888.2030993,35899.0,0.0010000000474974513,0.0017750471597537398,0.0006950600654818118,0.003599956864491105,,,,
323.0,6821,2581049.668647024,1759778509.69851,35909.0,0.0010000000474974513,0.0017968518659472466,0.0005834027542732656,0.004044830333441496,,,,
323.0,6822,2581673.016385921,1759779133.0459206,35919.0,0.0010000000474974513,0.001746233319863677,0.0006156862364150584,0.003768490394577384,,,,
323.0,6823,2582296.48493345,1759779756.515494,35929.0,0.0010000000474974513,0.0017670246306806803,0.0006917149294167757,0.0035843655932694674,,,,
323.0,6824,2582919.842059682,1759780379.8719985,35939.0,0.0010000000474974513,0.003922194242477417,0.0025086808018386364,0.004711711313575506,,,,
323.0,6825,2583487.874763351,1759780947.9048488,35949.0,0.0010000000474974513,0.0026995576918125153,0.001488068257458508,0.004038297105580568,,,,
323.0,6826,2584004.493912341,1759781464.5237741,35959.0,0.0010000000474974513,0.001732060918584466,0.000680029857903719,0.0035067701246589422,,,,
,6827,2585119.122293184,1759782579.1529012,,,,,,,,,
,6828,2585120.307023718,1759782580.337636,,,,,,,,,
,6829,2585120.312219837,1759782580.3427715,,,,,,,,,0.12201640009880066
,6830,2585120.521470111,1759782580.5520933,,,,,,,,,
323.0,6831,2585120.583533714,1759782580.6139638,35963.0,,,,,0.033267319202423096,0.10884907841682434,0.009025097824633121,
,6832,2585121.168428363,1759782581.1990266,,,,,,,,,
,6833,2585122.359802725,1759782582.390445,,,,,,,,,
,6834,2585122.366229878,1759782582.3967667,,,,,,,,,
,6835,2585122.57675333,1759782582.607395,,,,,,,,,
323.0,6836,2585131.38473351,1759782591.4105787,35963.0,,,,,,,,
324.0,6837,2585882.26140397,1759783342.2915637,35969.0,0.0010000000474974513,0.0018845595186576247,0.000663107552099973,0.004071506671607494,,,,
324.0,6838,2586504.164073162,1759783964.1934378,35979.0,0.0010000000474974513,0.0019095055758953094,0.0007771751843392849,0.0037744343280792236,,,,
324.0,6839,2587127.252723126,1759784587.2825594,35989.0,0.0010000000474974513,0.0019393912516534328,0.0007875935407355428,0.003839325625449419,,,,
324.0,6840,2587746.04250645,1759785206.072144,35999.0,0.0010000000474974513,0.0016351502854377031,0.0005621834425255656,0.003576556220650673,,,,
324.0,6841,2588365.435515886,1759785825.465176,36009.0,0.0010000000474974513,0.0016233932692557573,0.0005417893407866359,0.0036053466610610485,,,,
324.0,6842,2588991.229652222,1759786451.2595835,36019.0,0.0010000000474974513,0.0016933054430410266,0.0005546384491026402,0.0037955562584102154,,,,
324.0,6843,2589617.41932906,1759787077.4495254,36029.0,0.0010000000474974513,0.0019854209385812283,0.0008289054385386407,0.0038550510071218014,,,,
324.0,6844,2590239.91746471,1759787699.9477532,36039.0,0.0010000000474974513,0.001795334741473198,0.0005943255382589996,0.004003363661468029,,,,
324.0,6845,2590860.256317818,1759788320.2863688,36049.0,0.0010000000474974513,0.0017386551480740309,0.0005566171603277326,0.003940126392990351,,,,
324.0,6846,2591431.568367576,1759788891.5983436,36059.0,0.0010000000474974513,0.0016641708789393306,0.0005301492055878043,0.0037800720892846584,,,,
324.0,6847,2591947.217422144,1759789407.2474701,36069.0,0.0010000000474974513,0.0021636495366692543,0.0009787604212760925,0.003949631005525589,,,,
,6848,2593121.214500825,1759790581.2451024,,,,,,,,,
,6849,2593122.388574174,1759790582.4191785,,,,,,,,,
,6850,2593122.394139264,1759790582.4247057,,,,,,,,,0.09482672810554504
,6851,2593122.600476251,1759790582.6310985,,,,,,,,,
324.0,6852,2593122.708044542,1759790582.738443,36074.0,,,,,0.03550355136394501,0.08851586282253265,0.004724903963506222,
,6853,2593123.294838821,1759790583.3254542,,,,,,,,,
,6854,2593124.509498792,1759790584.5401068,,,,,,,,,
,6855,2593124.5157332,1759790584.5463269,,,,,,,,,
,6856,2593124.723021891,1759790584.753677,,,,,,,,,
324.0,6857,2593132.590943444,1759790592.6176527,36074.0,,,,,,,,
325.0,6858,2593813.129937917,1759791273.1598551,36079.0,0.0010000000474974513,0.0016024716896936297,0.0005993486847728491,0.003343743272125721,,,,
325.0,6859,2594436.359814029,1759791896.3898077,36089.0,0.0010000000474974513,0.0017623351886868477,0.0006026949849911034,0.003865467617288232,,,,
325.0,6860,2595063.069210973,1759792523.099189,36099.0,0.0010000000474974513,0.0017030935268849134,0.0005796244367957115,0.0037448969669640064,,,,
325.0,6861,2595683.090246183,1759793143.1203876,36109.0,0.0010000000474974513,0.0016469750553369522,0.0005253846175037324,0.0037386345211416483,,,,
325.0,6862,2596303.320227772,1759793763.3502705,36119.0,0.0010000000474974513,0.0017635793192312121,0.000533618382178247,0.004099869169294834,,,,
325.0,6863,2596925.342974171,1759794385.3723123,36129.0,0.0010000000474974513,0.001484889187850058,0.000443565018940717,0.003471080446615815,,,,
325.0,6864,2597549.243268287,1759795009.2732291,36139.0,0.0010000000474974513,0.0017104174476116896,0.0004791732062585652,0.00410414719954133,,,,
325.0,6865,2598171.268797405,1759795631.298673,36149.0,0.0010000000474974513,0.0017571249045431614,0.0005226453067734838,0.00411493144929409,,,,
325.0,6866,2598796.15515918,1759796256.1846666,36159.0,0.0010000000474974513,0.0019660014659166336,0.0006252573803067207,0.004469146952033043,,,,
325.0,6867,2599380.117638457,1759796840.147611,36169.0,0.0010000000474974513,0.0017530560726299882,0.0005994653911329806,0.0038453019224107265,,,,
325.0,6868,2599895.423735667,1759797355.4536715,36179.0,0.0010000000474974513,0.0017885735724121332,0.0006161249475553632,0.003908162005245686,,,,
,6869,2601113.425315433,1759798573.4559417,,,,,,,,,
,6870,2601114.606097307,1759798574.63671,,,,,,,,,
,6871,2601114.611444204,1759798574.6420124,,,,,,,,,0.05909353494644165
,6872,2601114.81649829,1759798574.8471546,,,,,,,,,
325.0,6873,2601114.866825586,1759798574.897278,36185.0,,,,,0.032836977392435074,0.08313316851854324,0.007261237595230341,
,6874,2601115.458484734,1759798575.4891305,,,,,,,,,
,6875,2601116.692087508,1759798576.7227328,,,,,,,,,
,6876,2601116.698327738,1759798576.7289157,,,,,,,,,
,6877,2601116.904378901,1759798576.9350257,,,,,,,,,
325.0,6878,2601125.28206348,1759798585.308561,36185.0,,,,,,,,
326.0,6879,2601748.532548027,1759799208.562816,36189.0,0.0010000000474974513,0.0017099555116146803,0.0005479029496200383,0.0038735084235668182,,,,
326.0,6880,2602367.676293836,1759799827.7065668,36199.0,0.0010000000474974513,0.0016959656495600939,0.0005199525039643049,0.00392004381865263,,,,
326.0,6881,2602987.93398282,1759800447.9644408,36209.0,0.0010000000474974513,0.0015706747071817517,0.0004816895234398544,0.0036299503408372402,,,,
326.0,6882,2603613.23279071,1759801073.2625482,36219.0,0.0010000000474974513,0.001675274921581149,0.0005449894815683365,0.0037676182109862566,,,,
326.0,6883,2604237.659469064,1759801697.6896782,36229.0,0.0010000000474974513,0.0017276039579883218,0.0005262959748506546,0.004004360176622868,,,,
326.0,6884,2604861.009580072,1759802321.039499,36239.0,0.0010000000474974513,0.0019678696990013123,0.0005268158856779337,0.004803512245416641,,,,
326.0,6885,2605482.844446461,1759802942.8742554,36249.0,0.0010000000474974513,0.0018835740629583597,0.0005441406392492354,0.004464778117835522,,,,
326.0,6886,2606102.290637852,1759803562.3211167,36259.0,0.0010000000474974513,0.0018919920548796654,0.0005508613539859653,0.004470435902476311,,,,
326.0,6887,2606722.617556788,1759804182.6474936,36269.0,0.0010000000474974513,0.0018804444698616862,0.0005754847661592066,0.004349865484982729,,,,
326.0,6888,2607320.07592283,1759804780.1060014,36279.0,0.0010000000474974513,0.0017218927387148142,0.0005044888821430504,0.004058012738823891,,,,
326.0,6889,2607837.147610398,1759805297.1778336,36289.0,0.0010000000474974513,0.0017314767464995384,0.0005005522398278117,0.00410308176651597,,,,
,6890,2609110.237689874,1759806570.2682517,,,,,,,,,
,6891,2609111.473681396,1759806571.5043075,,,,,,,,,
,6892,2609111.479144636,1759806571.5096872,,,,,,,,,0.10981195420026779
,6893,2609112.289309061,1759806572.319926,,,,,,,,,
326.0,6894,2609112.291904306,1759806572.322407,36296.0,,,,,0.03744952753186226,0.08690290153026581,0.016280030831694603,
,6895,2609112.917728141,1759806572.94828,,,,,,,,,
,6896,2609114.169255748,1759806574.1999006,,,,,,,,,
,6897,2609114.175907727,1759806574.2064683,,,,,,,,,
,6898,2609114.3864767,1759806574.4170983,,,,,,,,,
326.0,6899,2609122.289310789,1759806582.315532,36296.0,,,,,,,,
327.0,6900,2609674.964419769,1759807134.9946115,36299.0,0.0010000000474974513,0.0016060343477874994,0.0004243133298587054,0.0039390698075294495,,,,
327.0,6901,2610293.534854285,1759807753.564775,36309.0,0.0010000000474974513,0.001597210648469627,0.0005244484636932611,0.0035758737940341234,,,,
327.0,6902,2610915.746779124,1759808375.7772331,36319.0,0.0010000000474974513,0.0015803148271515965,0.0005009787273593247,0.0035977866500616074,,,,
327.0,6903,2611538.441839926,1759808998.471831,36329.0,0.0010000000474974513,0.001526311389170587,0.000449677201686427,0.0035887802951037884,,,,
327.0,6904,2612158.966643713,1759809618.9968889,36339.0,0.0010000000474974513,0.0016724534798413515,0.0005062752170488238,0.0038872610311955214,,,,
327.0,6905,2612778.165590793,1759810238.1955168,36349.0,0.0010000000474974513,0.001683861599303782,0.0004758252762258053,0.00402678782120347,,,,
327.0,6906,2613401.134757643,1759810861.1640773,36359.0,0.0010000000474974513,0.0016161081148311496,0.0005198742728680372,0.0036541130393743515,,,,
327.0,6907,2614023.022174736,1759811483.0524983,36369.0,0.0010000000474974513,0.002313920995220542,0.0011017897631973028,0.004040436819195747,,,,
327.0,6908,2614646.712740131,1759812106.7423782,36379.0,0.0010000000474974513,0.0020006808917969465,0.000953017151914537,0.0034922126214951277,,,,
327.0,6909,2615254.396594036,1759812714.4260013,36389.0,0.0010000000474974513,0.0019025627989321947,0.0007167626172304153,0.0039526671171188354,,,,
327.0,6910,2615766.479577034,1759813226.5095181,36399.0,0.0010000000474974513,0.0017805546522140503,0.0006114854477345943,0.0038968969602137804,,,,
,6911,2617090.958970038,1759814550.9895504,,,,,,,,,
,6912,2617092.138193363,1759814552.1688325,,,,,,,,,
,6913,2617092.143775839,1759814552.174337,,,,,,,,,0.10104124993085861
,6914,2617092.352808525,1759814552.3834045,,,,,,,,,
327.0,6915,2617092.44494115,1759814552.4753976,36407.0,,,,,0.033906321972608566,0.1149277463555336,0.007114829029887915,
,6916,2617093.030279474,1759814553.0609212,,,,,,,,,
,6917,2617094.289633,1759814554.3202777,,,,,,,,,
,6918,2617094.296216233,1759814554.326764,,,,,,,,,
,6919,2617094.503449071,1759814554.5341074,,,,,,,,,
327.0,6920,2617102.418966632,1759814562.4456482,36407.0,,,,,,,,
328.0,6921,2617596.641648229,1759815056.6716342,36409.0,0.0010000000474974513,0.0019214717904105783,0.0006470987573266029,0.004247910343110561,,,,
328.0,6922,2618220.471996667,1759815680.5018477,36419.0,0.0010000000474974513,0.0020386690739542246,0.0008247458608821034,0.004046410322189331,,,,
328.0,6923,2618844.17027129,1759816304.200651,36429.0,0.0010000000474974513,0.0017886222340166569,0.000607490714173764,0.003937104716897011,,,,
328.0,6924,2619468.376279055,1759816928.4063325,36439.0,0.0010000000474974513,0.0016907928511500359,0.0005172450910322368,0.0039118253625929356,,,,
328.0,6925,2620087.333364156,1759817547.3636358,36449.0,0.0010000000474974513,0.0016256909584626555,0.0005242078332230449,0.0036716097965836525,,,,
328.0,6926,2620709.675630689,1759818169.7060401,36459.0,0.0010000000474974513,0.0017492079641669989,0.0004932988667860627,0.0041863638907670975,,,,
328.0,6927,2621334.886199433,1759818794.9161987,36469.0,0.0010000000474974513,0.0016356294509023428,0.0005486283916980028,0.003623336786404252,,,,
328.0,6928,2621955.438928576,1759819415.4691775,36479.0,0.0010000000474974513,0.0019636754877865314,0.0005819140933454037,0.004605870693922043,,,,
328.0,6929,2622575.807779465,1759820035.838135,36489.0,0.0010000000474974513,0.001662918832153082,0.000614743388723582,0.0034939178731292486,,,,
328.0,6930,2623191.467837697,1759820651.4980934,36499.0,0.0010000000474974513,0.0016675489023327827,0.0004797442816197872,0.003959348890930414,,,,
328.0,6931,2623705.58209091,1759821165.6120915,36509.0,0.0010000000474974513,0.0015796627849340439,0.0005506136803887784,0.0034301639534533024,,,,
,6932,2625080.792080729,1759822540.822711,,,,,,,,,
,6933,2625082.013369952,1759822542.0439775,,,,,,,,,
,6934,2625082.019085257,1759822542.0496593,,,,,,,,,0.05102812498807907
,6935,2625082.231098487,1759822542.2617397,,,,,,,,,
328.0,6936,2625082.233712641,1759822542.2642782,36518.0,,,,,0.03020131215453148,0.05330393463373184,0.007290678098797798,
,6937,2625082.882726051,1759822542.9133098,,,,,,,,,
,6938,2625084.11941346,1759822544.1500635,,,,,,,,,
,6939,2625084.12577308,1759822544.1563365,,,,,,,,,
,6940,2625084.33655861,1759822544.3672166,,,,,,,,,
328.0,6941,2625092.866834189,1759822552.8928585,36518.0,,,,,,,,
329.0,6942,2625528.960387368,1759822988.9906988,36519.0,0.0010000000474974513,0.0016756926197558641,0.0006427417392842472,0.0034431698732078075,,,,
329.0,6943,2626143.418492635,1759823603.4486845,36529.0,0.0010000000474974513,0.001828836277127266,0.0006700723897665739,0.003862546058371663,,,,
329.0,6944,2626764.72936542,1759824224.7595007,36539.0,0.0010000000474974513,0.0020600941497832537,0.0008147139451466501,0.0041512674652040005,,,,
329.0,6945,2627386.574152135,1759824846.6042273,36549.0,0.0010000000474974513,0.002009010873734951,0.0007742320303805172,0.004115929827094078,,,,
329.0,6946,2628006.886668447,1759825466.9158108,36559.0,0.0010000000474974513,0.002885437337681651,0.0015578456223011017,0.004425305873155594,,,,
329.0,6947,2628629.679411792,1759826089.7095294,36569.0,0.0010000000474974513,0.0018098861910402775,0.0006487549981102347,0.00387043715454638,,,,
329.0,6948,2629254.667421809,1759826714.697299,36579.0,0.0010000000474974513,0.001440037740394473,0.0005061824922449887,0.003112850710749626,,,,
329.0,6949,2629872.830243576,1759827332.860398,36589.0,0.0010000000474974513,0.0017343482468277216,0.0006500621093437076,0.003614287357777357,,,,
329.0,6950,2630494.960168381,1759827954.9903753,36599.0,0.0010000000474974513,0.0017446490237489343,0.0005422670510597527,0.0040079401805996895,,,,
329.0,6951,2631118.320716485,1759828578.3505654,36609.0,0.0010000000474974513,0.001720886561088264,0.00042941392166540027,0.004304909147322178,,,,
329.0,6952,2631641.949733331,1759829101.9801598,36619.0,0.0010000000474974513,0.002053110860288143,0.0005979972775094211,0.004850378260016441,,,,
329.0,6953,2632145.867733014,1759829605.897742,36629.0,0.0010000000474974513,0.0016488099936395884,0.000612839765381068,0.0034532337449491024,,,,
,6954,2633066.362689284,1759830526.3933227,,,,,,,,,
,6955,2633068.159523401,1759830528.190155,,,,,,,,,
,6956,2633068.164671821,1759830528.1952403,,,,,,,,,0.0955173447728157
,6957,2633068.368285531,1759830528.3989348,,,,,,,,,
329.0,6958,2633068.370943537,1759830528.4015083,36629.0,,,,,0.04705118015408516,0.09206203371286392,0.022039223462343216,
,6959,2633068.960111757,1759830528.9907243,,,,,,,,,
,6960,2633070.232656759,1759830530.2632914,,,,,,,,,
,6961,2633070.238900219,1759830530.2694476,,,,,,,,,
,6962,2633070.445110916,1759830530.4757323,,,,,,,,,
329.0,6963,2633078.233846086,1759830538.2609463,36629.0,,,,,,,,
330.0,6964,2634059.662520933,1759831519.6923745,36639.0,0.0010000000474974513,0.0015462534502148628,0.0005306715611368418,0.0033852725755423307,,,,
330.0,6965,2634678.172328312,1759832138.2025092,36649.0,0.0010000000474974513,0.001928715268149972,0.000607491412665695,0.004404079634696245,,,,
330.0,6966,2635297.126091076,1759832757.156281,36659.0,0.0010000000474974513,0.0022011215332895517,0.0010294208768755198,0.0039056683890521526,,,,
330.0,6967,2635916.342703319,1759833376.3726184,36669.0,0.0010000000474974513,0.0016263476572930813,0.000646577391307801,0.0032659005373716354,,,,
330.0,6968,2636533.00748835,1759833993.0374203,36679.0,0.0010000000474974513,0.001956633757799864,0.0007266821339726448,0.0040998379699885845,,,,
330.0,6969,2637151.056333773,1759834611.0863442,36689.0,0.0010000000474974513,0.001812811242416501,0.0005840595695190132,0.004095838405191898,,,,
330.0,6970,2637770.081654548,1759835230.111546,36699.0,0.0010000000474974513,0.001436181366443634,0.0004695418174378574,0.003222131635993719,,,,
330.0,6971,2638389.688929952,1759835849.7191668,36709.0,0.0010000000474974513,0.005854135379195213,0.004632500000298023,0.004072117619216442,,,,
330.0,6972,2639008.861564895,1759836468.891486,36719.0,0.0010000000474974513,0.002366588218137622,0.0013234466314315796,0.003477138001471758,,,,
330.0,6973,2639536.94219095,1759836996.9721763,36729.0,0.0010000000474974513,0.002314581535756588,0.00108330009970814,0.0041042715311050415,,,,
330.0,6974,2640048.205984177,1759837508.2362022,36739.0,0.0010000000474974513,0.002301078522577882,0.0010371734388172626,0.0042130169458687305,,,,
,6975,2641005.787170858,1759838465.8178008,,,,,,,,,
,6976,2641006.934962251,1759838466.9656029,,,,,,,,,
,6977,2641006.940174584,1759838466.9707432,,,,,,,,,0.028376761823892593
,6978,2641007.143211438,1759838467.1738248,,,,,,,,,
330.0,6979,2641007.223268926,1759838467.2537844,36740.0,,,,,0.043289829045534134,0.049140941351652145,0.016355546191334724,
,6980,2641007.801468522,1759838467.8320396,,,,,,,,,
,6981,2641008.965023399,1759838468.9956458,,,,,,,,,
,6982,2641008.970913814,1759838469.001503,,,,,,,,,
,6983,2641009.178631151,1759838469.2092867,,,,,,,,,
330.0,6984,2641017.021568085,1759838477.0487525,36740.0,,,,,,,,
331.0,6985,2641946.458315392,1759839406.488768,36749.0,0.0010000000474974513,0.0021971839014440775,0.0008419444784522057,0.004517464432865381,,,,
331.0,6986,2642566.370312308,1759840026.400601,36759.0,0.0010000000474974513,0.0017151120118796825,0.0005062940181232989,0.004029393196105957,,,,
331.0,6987,2643186.290564141,1759840646.3208442,36769.0,0.0010000000474974513,0.0015262800734490156,0.0005179074942134321,0.003361241426318884,,,,
331.0,6988,2643801.607403011,1759841261.637668,36779.0,0.0010000000474974513,0.001724391826428473,0.0005279030883684754,0.003988294862210751,,,,
331.0,6989,2644423.056560414,1759841883.0864158,36789.0,0.0010000000474974513,0.0024557923898100853,0.0010705230524763465,0.004617564380168915,,,,
331.0,6990,2645047.087545935,1759842507.117552,36799.0,0.0010000000474974513,0.0022632183972746134,0.0008897747029550374,0.004578145686537027,,,,
331.0,6991,2645668.087141745,1759843128.11692,36809.0,0.0010000000474974513,0.001792832394130528,0.0005935365334153175,0.0039976523257792,,,,
331.0,6992,2646290.487715173,1759843750.5174425,36819.0,0.0010000000474974513,0.0017330482369288802,0.0005969431949779391,0.003787016961723566,,,,
331.0,6993,2646912.528253289,1759844372.558492,36829.0,0.0010000000474974513,0.0018517929129302502,0.0005583787569776177,0.004311379976570606,,,,
331.0,6994,2647454.045405191,1759844914.0755923,36839.0,0.0010000000474974513,0.0017912050243467093,0.0005644558113999665,0.0040891640819609165,,,,
331.0,6995,2647968.755000807,1759845428.7852933,36849.0,0.0010000000474974513,0.0018342363182455301,0.0005316099850460887,0.004342087544500828,,,,
,6996,2648987.689437601,1759846447.7200706,,,,,,,,,
,6997,2648988.907107164,1759846448.9377482,,,,,,,,,
,6998,2648988.912503935,1759846448.9430642,,,,,,,,,0.07808876782655716
,6999,2648989.121107202,1759846449.1517277,,,,,,,,,
331.0,7000,2648989.191662841,1759846449.2221284,36851.0,,,,,0.03541010245680809,0.08320607990026474,0.01326256338506937,
,7001,2648989.766433676,1759846449.797046,,,,,,,,,
,7002,2648990.964448519,1759846450.9950876,,,,,,,,,
,7003,2648990.971177572,1759846451.001733,,,,,,,,,
,7004,2648991.179495423,1759846451.2101347,,,,,,,,,
331.0,7005,2648999.724062472,1759846459.750138,36851.0,,,,,,,,
332.0,7006,2649868.577281722,1759847328.6075466,36859.0,0.0010000000474974513,0.0016493314178660512,0.00042705974192358553,0.004074239172041416,,,,
332.0,7007,2650491.126208453,1759847951.1562254,36869.0,0.0010000000474974513,0.0017567768227308989,0.0005836476339027286,0.003910430707037449,,,,
332.0,7008,2651111.500242684,1759848571.5301626,36879.0,0.0010000000474974513,0.0014758824836462736,0.0004906983231194317,0.0032839474733918905,,,,
332.0,7009,2651733.583196985,1759849193.6122859,36889.0,0.0010000000474974513,0.0018935708794742823,0.0005968579207547009,0.004322376102209091,,,,
332.0,7010,2652357.106979949,1759849817.1356,36899.0,0.0010000000474974513,0.0021201716735959053,0.0009946596110239625,0.003751706797629595,,,,
332.0,7011,2652979.643149539,1759850439.6731818,36909.0,0.0010000000474974513,0.0028630769811570644,0.0016763064777478576,0.003955901600420475,,,,
332.0,7012,2653600.3981641,1759851060.428258,36919.0,0.0010000000474974513,0.0017171332146972418,0.000582133128773421,0.003783333580940962,,,,
332.0,7013,2654220.878823153,1759851680.9089878,36929.0,0.0010000000474974513,0.0019053155556321144,0.0005716574378311634,0.0044455272145569324,,,,
332.0,7014,2654840.603583727,1759852300.6337972,36939.0,0.0010000000474974513,0.0029202469158917665,0.001705232891254127,0.0040500471368432045,,,,
332.0,7015,2655394.711815775,1759852854.7415478,36949.0,0.0010000000474974513,0.002568984404206276,0.0015151880215853453,0.0035126549191772938,,,,
332.0,7016,2655910.262201005,1759853370.2922304,36959.0,0.0010000000474974513,0.0023965612053871155,0.0011241560569033027,0.00424135010689497,,,,
,7017,2656976.844582647,1759854436.8751695,,,,,,,,,
,7018,2656978.04669902,1759854438.0773087,,,,,,,,,
,7019,2656978.05213295,1759854438.0827193,,,,,,,,,0.0406353734433651
,7020,2656978.26232118,1759854438.2928965,,,,,,,,,
332.0,7021,2656978.303479524,1759854438.3339486,36962.0,,,,,0.03527595475316048,0.03812548518180847,0.012983275577425957,
,7022,2656978.917213961,1759854438.9477677,,,,,,,,,
,7023,2656980.21184906,1759854440.2424662,,,,,,,,,
,7024,2656980.218240613,1759854440.248826,,,,,,,,,
,7025,2656980.428976877,1759854440.4596221,,,,,,,,,
332.0,7026,2656988.535605058,1759854448.5622723,36962.0,,,,,,,,
333.0,7027,2657791.279723601,1759855251.3084867,36969.0,0.0010000000474974513,0.0017706298967823386,0.0006823156727477908,0.003627713769674301,,,,
333.0,7028,2658411.285303866,1759855871.3152952,36979.0,0.0010000000474974513,0.0018290540901944041,0.0005629835068248212,0.004220235161483288,,,,
333.0,7029,2659032.273274869,1759856492.3035364,36989.0,0.0010000000474974513,0.0017867495771497488,0.0005361133953556418,0.0041687870398163795,,,,
333.0,7030,2659655.952819565,1759857115.9832046,36999.0,0.0010000000474974513,0.0015656386967748404,0.0005045383586548269,0.003537000622600317,,,,
333.0,7031,2660278.625474792,1759857738.6556768,37009.0,0.0010000000474974513,0.0017370671266689897,0.0005979348788969219,0.0037971073761582375,,,,
333.0,7032,2660897.923478854,1759858357.9538147,37019.0,0.0010000000474974513,0.0017487944569438696,0.000516789557877928,0.004106682725250721,,,,
333.0,7033,2661521.390087081,1759858981.4202542,37029.0,0.0010000000474974513,0.0014900669921189547,0.0004389124515000731,0.003503848100081086,,,,
333.0,7034,2662144.541516545,1759859604.5713158,37039.0,0.0010000000474974513,0.001980637898668647,0.0007634125067852437,0.004057417623698711,,,,
333.0,7035,2662765.201363931,1759860225.2315612,37049.0,0.0010000000474974513,0.002322887536138296,0.0008553870720788836,0.004891667980700731,,,,
333.0,7036,2663329.198814214,1759860789.2289143,37059.0,0.0010000000474974513,0.0023351178970187902,0.001355102052912116,0.0032667196355760098,,,,
