triple,array_gene,array_allele,array_perturbation_type,f_triple,se_triple,tau,tau_p_value,n_paths,n_monotone,n_monotone_within_se,n_monotone_after_first,max_valley_depth,min_valley_depth,best_min_rung,endpoint_gain,positive_call
YER059W+YIL050W+YGL014W,YGL014W,puf4_delta,KanMX_deletion,1.0834,0.02555,0.08615,0.02224,6,0,2,3,0.10441999999999996,0.039000000000000035,0.961,0.08339999999999992,True
YER059W+YIL050W+YKR030W,YKR030W,gmh1_delta,KanMX_deletion,1.0734,0.0396,0.221771,0.1316,6,0,2,5,0.10441999999999996,0.02980000000000005,0.9702,0.07339999999999991,False
YER059W+YIL050W+YMR292W,YMR292W,got1_delta,KanMX_deletion,1.0646,0.0429,0.025598,0.1825,6,0,2,1,0.10441999999999996,-0.020499999999999963,1.0,0.06459999999999999,False
YER059W+YIL050W+YPL269W,YPL269W,kar9_delta,KanMX_deletion,1.0587,0.0192,0.073203,0.05015,6,1,1,3,0.10441999999999996,-0.03049999999999997,1.0,0.058699999999999974,False
YER059W+YIL050W+YPL181W,YPL181W,cti6_delta,KanMX_deletion,1.054,0.01095,0.799241,0.2169,6,0,0,1,0.6784,-0.035700000000000065,1.0,0.05400000000000005,False
YER059W+YIL050W+YOR040W,YOR040W,glo4_delta,KanMX_deletion,1.0486,0.0296,0.101659,0.1135,6,0,2,2,0.10441999999999996,-0.0043999999999999595,1.0,0.04859999999999998,False
YER059W+YIL050W+YDR440W,YDR440W,dot1_delta,KanMX_deletion,1.0433,0.0309,0.037102,0.2548,6,0,1,1,0.10441999999999996,0.058699999999999974,0.9413,0.043299999999999894,False
YER059W+YIL050W+YDR399W,YDR399W,hpt1_delta,KanMX_deletion,1.0391,0.08765,0.010765,0.2764,6,0,2,1,0.10441999999999996,0.0,1.0,0.03909999999999991,False
YER059W+YIL050W+YOL030W,YOL030W,gas5_delta,KanMX_deletion,1.0353,0.03665,0.184486,0.06863,6,0,1,3,0.10441999999999996,0.008499999999999952,0.9915,0.03530000000000011,False
YER059W+YIL050W+YKL168C,YKL168C,kkq8_delta,KanMX_deletion,1.0351,0.02125,0.035551,0.1558,6,0,1,1,0.10441999999999996,-0.019400000000000084,1.0,0.03509999999999991,False
YER059W+YIL050W+YPL171C,YPL171C,oye3_delta,KanMX_deletion,1.0325,0.03115,0.051371,0.1314,6,0,1,1,0.10441999999999996,0.00019999999999997797,0.9998,0.03249999999999997,False
YER059W+YIL050W+YMR273C,YMR273C,zds1_delta,KanMX_deletion,1.0282,0.0343,0.028942,0.4743,6,0,0,1,0.10441999999999996,-0.020299999999999985,1.0,0.028200000000000003,False
YER059W+YIL050W+YKR026C,YKR026C,gcn3_delta,KanMX_deletion,1.0273,0.0265,0.004615,0.2756,6,0,0,1,0.10441999999999996,-0.03649999999999998,1.0,0.027300000000000102,False
YER059W+YIL050W+YNL030W,YNL030W,hhf2_delta,KanMX_deletion,1.0266,0.0384,-0.02092,0.2019,6,0,1,1,0.10441999999999996,-0.026699999999999946,1.0,0.026599999999999957,False
YER059W+YIL050W+YHR142W,YHR142W,chs7_delta,KanMX_deletion,1.026,0.0252,0.194365,0.1622,6,1,2,4,0.10441999999999996,-0.01629999999999998,1.0,0.026000000000000023,False
YER059W+YIL050W+YJL208C,YJL208C,nuc1_delta,KanMX_deletion,1.0258,0.0225,0.088965,0.0901,6,1,1,3,0.10441999999999996,-0.0027999999999999137,1.0,0.025800000000000045,False
YER059W+YIL050W+YJL062W,YJL062W,las21_delta,KanMX_deletion,1.0254,0.01405,-0.047138,0.1371,6,0,0,1,0.10441999999999996,-0.05119999999999991,1.0,0.02540000000000009,False
YER059W+YIL050W+YCL014W,YCL014W,bud3_delta,KanMX_deletion,1.0245,0.0296,0.051411,0.4096,6,0,0,1,0.10441999999999996,-0.02200000000000002,1.0,0.024499999999999966,False
YER059W+YIL050W+YDR092W,YDR092W,ubc13_delta,KanMX_deletion,1.0238,0.0465,-0.046055,0.1669,6,0,1,1,0.10441999999999996,0.04200000000000004,0.958,0.023800000000000043,False
YER059W+YIL050W+YKL039W,YKL039W,ptm1_delta,KanMX_deletion,1.0213,0.02425,0.054207,0.07759,6,0,1,1,0.10441999999999996,-0.0022999999999999687,1.0,0.021300000000000097,False
YER059W+YIL050W+YGR072W,YGR072W,upf3_delta,KanMX_deletion,1.021,0.0269,0.063223,0.0517,6,0,2,3,0.10441999999999996,0.014800000000000035,0.9852,0.020999999999999908,False
YER059W+YIL050W+YPL265W,YPL265W,dip5_delta,KanMX_deletion,1.0202,0.04125,0.170057,0.3354,6,0,2,3,0.10441999999999996,-0.020100000000000007,1.0,0.020199999999999996,False
YER059W+YIL050W+YDR077W,YDR077W,sed1_delta,KanMX_deletion,1.0201,0.0357,-0.005557,0.3666,6,0,0,1,0.10441999999999996,0.07225000000000004,0.92775,0.020100000000000007,False
YER059W+YIL050W+YDR075W,YDR075W,pph3_delta,KanMX_deletion,1.0188,0.0296,0.085585,0.2221,6,0,1,3,0.10441999999999996,0.0014999999999999458,0.9985,0.018799999999999928,False
YER059W+YIL050W+YPL017C,YPL017C,irc15_delta,KanMX_deletion,1.0185,0.01755,0.037788,0.1428,6,0,1,1,0.10441999999999996,-0.005700000000000038,1.0,0.01849999999999996,False
YER059W+YIL050W+YOR109W,YOR109W,inp53_delta,KanMX_deletion,1.016,0.0451,-0.039298,0.1616,6,0,0,1,0.10441999999999996,0.051000000000000045,0.949,0.016000000000000014,False
YER059W+YIL050W+YJL159W,YJL159W,hsp150_delta,KanMX_deletion,1.0159,0.03545,0.043753,0.4999,6,0,0,1,0.10441999999999996,-0.040999999999999925,1.0,0.015900000000000025,False
YER059W+YIL050W+YKL132C,YKL132C,rma1_delta,KanMX_deletion,1.0115,0.0164,0.072937,0.234,6,0,1,2,0.10441999999999996,-0.02299999999999991,1.0,0.011500000000000066,False
YER059W+YIL050W+YOR213C,YOR213C,sas5_delta,KanMX_deletion,1.0107,0.0329,-0.007674,0.3759,6,0,0,1,0.10441999999999996,-0.06099999999999994,1.0,0.010699999999999932,False
YER059W+YIL050W+YLR216C,YLR216C,cpr6_delta,KanMX_deletion,1.0098,0.03805,0.036117,0.4395,6,0,1,1,0.10441999999999996,-0.02719999999999989,1.0,0.009800000000000031,False
YER059W+YIL050W+YPL194W,YPL194W,ddc1_delta,KanMX_deletion,1.0083,0.0252,0.008123,0.2145,6,0,0,1,0.10441999999999996,-0.0013000000000000789,1.0,0.008299999999999974,False
YER059W+YIL050W+YBR227C,YBR227C,mcx1_delta,KanMX_deletion,1.0078,0.0685,-0.061228,0.2809,6,0,1,1,0.10441999999999996,-0.03400000000000003,1.0,0.007800000000000029,False
YER059W+YIL050W+YOR195W,YOR195W,slk19_delta,KanMX_deletion,1.0077,0.0287,0.003902,0.3489,6,0,0,1,0.10441999999999996,-0.03649999999999998,1.0,0.00770000000000004,False
YER059W+YIL050W+YHR006W,YHR006W,stp2_delta,KanMX_deletion,1.0063,0.03765,0.037923,0.1647,6,0,2,1,0.10441999999999996,-0.035700000000000065,1.0,0.006299999999999972,False
YER059W+YIL050W+YMR127C,YMR127C,sas2_delta,KanMX_deletion,1.006,0.04915,-0.078611,0.4196,6,0,1,1,0.10441999999999996,-0.02079999999999993,1.0,0.006000000000000005,False
YER059W+YIL050W+YDR216W,YDR216W,adr1_delta,KanMX_deletion,1.0056,0.01355,0.043493,0.012,6,0,1,1,0.10441999999999996,-0.024499999999999966,1.0,0.005600000000000049,False
YER059W+YIL050W+YJR137C,YJR137C,met5_delta,KanMX_deletion,1.0045,0.02265,0.062037,0.1251,6,0,1,1,0.10441999999999996,-0.0020000000000000018,1.0,0.0044999999999999485,False
YER059W+YIL050W+YDL088C,YDL088C,asm4_delta,KanMX_deletion,1.0041,0.02455,-0.014679,0.2408,6,0,0,1,0.10441999999999996,-0.03390000000000004,1.0,0.0040999999999999925,False
YER059W+YIL050W+YMR219W,YMR219W,esc1_delta,KanMX_deletion,1.004,0.0473,0.377761,0.292,6,0,0,1,0.3286,-0.04200000000000004,1.0,0.0040000000000000036,False
YER059W+YIL050W+YPL154C,YPL154C,pep4_delta,KanMX_deletion,1.0031,0.03175,0.088983,0.3411,6,0,2,1,0.10441999999999996,0.021199999999999997,0.9788,0.0031000000000001027,False
YER059W+YIL050W+YDR186C,YDR186C,ydr186c_delta,KanMX_deletion,1.0027,0.0141,0.077035,0.09046,6,0,1,1,0.10441999999999996,0.06169999999999998,0.9383,0.0026999999999999247,False
YER059W+YIL050W+YPL145C,YPL145C,kes1_delta,KanMX_deletion,1.0022,0.03205,0.302377,0.2166,6,0,0,3,0.1663,0.018650000000000055,0.98135,0.0021999999999999797,False
YER059W+YIL050W+YLR210W,YLR210W,clb4_delta,KanMX_deletion,1.0002,0.0795,0.072872,0.2658,6,0,2,1,0.10441999999999996,-0.023800000000000043,1.0,0.00019999999999997797,False
YER059W+YIL050W+YKR028W,YKR028W,sap190_delta,KanMX_deletion,0.9985,0.03805,0.206218,0.1489,6,0,0,3,0.10441999999999996,0.02959999999999996,0.9704,-0.0014999999999999458,False
YER059W+YIL050W+YLR014C,YLR014C,ppr1_delta,KanMX_deletion,0.9978,0.0388,0.080769,0.1026,6,0,2,2,0.10441999999999996,0.01200000000000001,0.988,-0.0021999999999999797,False
YER059W+YIL050W+YNR009W,YNR009W,nrm1_delta,KanMX_deletion,0.9971,0.01905,4.2e-05,0.1258,6,0,0,1,0.10441999999999996,-0.0047999999999999154,0.9971,-0.0029000000000000137,False
YER059W+YIL050W+YMR129W,YMR129W,pom152_delta,KanMX_deletion,0.9964,0.03415,0.070348,0.2429,6,0,2,1,0.10441999999999996,-0.014499999999999957,0.9964,-0.0036000000000000476,False
YER059W+YIL050W+YJL172W,YJL172W,cps1_delta,KanMX_deletion,0.996,0.02905,-0.010277,0.1639,6,0,0,1,0.10441999999999996,-0.016999999999999904,0.996,-0.0040000000000000036,False
YER059W+YIL050W+YGR276C,YGR276C,rnh70_delta,KanMX_deletion,0.9959,0.03225,0.072455,0.2137,6,0,1,2,0.10441999999999996,-0.014999999999999902,0.9959,-0.0040999999999999925,False
YER059W+YIL050W+YLR367W,YLR367W,rps22b_delta,KanMX_deletion,0.9951,0.0237,0.026411,0.2412,6,0,0,1,0.10441999999999996,0.03080000000000005,0.9692,-0.0049000000000000155,False
YER059W+YIL050W+YLR102C,YLR102C,apc9_delta,KanMX_deletion,0.995,0.0784,0.033348,0.2525,6,0,2,1,0.10441999999999996,-0.0041999999999999815,0.995,-0.0050000000000000044,False
YER059W+YIL050W+YBR188C,YBR188C,ntc20_delta,KanMX_deletion,0.9946,0.04475,-0.102209,0.4942,6,0,0,1,0.10441999999999996,-0.02519999999999989,0.9946,-0.00539999999999996,False
YER059W+YIL050W+YGL086W,YGL086W,mad1_delta,KanMX_deletion,0.9938,0.039,-0.01116,0.462,6,0,0,1,0.10441999999999996,0.019499999999999962,0.9805,-0.006199999999999983,False
YER059W+YIL050W+YGR096W,YGR096W,tpc1_delta,KanMX_deletion,0.9911,0.0159,0.065878,0.1604,6,0,1,1,0.10441999999999996,-0.019500000000000073,0.9911,-0.008900000000000019,False
YER059W+YIL050W+YNR032C-A,YNR032C-A,hub1_delta,KanMX_deletion,0.9904,0.0646,0.047222,0.3873,6,0,1,1,0.10441999999999996,-0.01849999999999996,0.9904,-0.009600000000000053,False
YER059W+YIL050W+YBR009C,YBR009C,hhf1_delta,KanMX_deletion,0.9901,0.0169,0.01444,0.02217,6,0,1,1,0.10441999999999996,0.04469999999999996,0.9553,-0.00990000000000002,False
YER059W+YIL050W+YCR017C,YCR017C,cwh43_delta,KanMX_deletion,0.9897,0.0289,-0.012554,0.3554,6,0,0,1,0.10441999999999996,-0.04150000000000009,0.9897,-0.010299999999999976,False
YER059W+YIL050W+YBR086C,YBR086C,ist2_delta,KanMX_deletion,0.9887,0.01605,0.070697,0.1138,6,0,2,1,0.10441999999999996,0.016000000000000014,0.984,-0.011299999999999977,False
YER059W+YIL050W+YPR120C,YPR120C,clb5_delta,KanMX_deletion,0.9878,0.01985,0.287262,0.1878,6,0,0,1,0.3062,0.04379999999999995,0.9562,-0.012199999999999989,False
YER059W+YIL050W+YJL139C,YJL139C,yur1_delta,KanMX_deletion,0.9877,0.01865,0.035287,0.0436,6,0,0,1,0.10441999999999996,0.07784999999999997,0.92215,-0.012299999999999978,False
YER059W+YIL050W+YGR287C,YGR287C,ima1_delta,KanMX_deletion,0.9871,0.02495,0.03854,0.4066,6,0,1,1,0.10441999999999996,-0.018799999999999928,0.9871,-0.012900000000000023,False
YER059W+YIL050W+YDL099W,YDL099W,bug1_delta,KanMX_deletion,0.986,0.0325,0.109797,0.2692,6,0,2,1,0.10441999999999996,-0.017900000000000027,0.986,-0.014000000000000012,False
YER059W+YIL050W+YBR240C,YBR240C,thi2_delta,KanMX_deletion,0.9846,0.0331,-0.003511,0.174,6,0,0,1,0.10441999999999996,-0.01079999999999992,0.9846,-0.01539999999999997,False
YER059W+YIL050W+YKL127W,YKL127W,pgm1_delta,KanMX_deletion,0.9845,0.0188,0.050614,0.2537,6,0,0,1,0.10441999999999996,0.024800000000000044,0.9752,-0.015499999999999958,False
YER059W+YIL050W+YDR479C,YDR479C,pex29_delta,KanMX_deletion,0.9839,0.0332,0.056285,0.3129,6,0,1,1,0.10441999999999996,-0.021700000000000053,0.9839,-0.016100000000000003,False
YER059W+YIL050W+YGL077C,YGL077C,hnm1_delta,KanMX_deletion,0.9835,0.0724,0.060976,0.4914,6,0,1,1,0.10441999999999996,-0.013500000000000068,0.9835,-0.01649999999999996,False
YER059W+YIL050W+YOR368W,YOR368W,rad17_delta,KanMX_deletion,0.9823,0.0654,-0.066307,0.4637,6,0,0,1,0.10441999999999996,0.006800000000000028,0.9823,-0.01770000000000005,False
YER059W+YIL050W+YOL020W,YOL020W,tat2_delta,KanMX_deletion,0.9822,0.016,0.137177,0.0287,6,0,1,2,0.10441999999999996,0.008499999999999952,0.9822,-0.017800000000000038,True
YER059W+YIL050W+YLL048C,YLL048C,ybt1_delta,KanMX_deletion,0.9815,0.03085,-0.03755,0.3031,6,0,1,1,0.10441999999999996,0.014800000000000035,0.9815,-0.01849999999999996,False
YER059W+YIL050W+YMR055C,YMR055C,bub2_delta,KanMX_deletion,0.9809,0.0327,-0.014306,0.4547,6,0,0,1,0.10441999999999996,-0.01750000000000007,0.9809,-0.019100000000000006,False
YER059W+YIL050W+YJL030W,YJL030W,mad2_delta,KanMX_deletion,0.9808,0.0311,-0.029348,0.1009,6,0,1,1,0.10441999999999996,0.009700000000000042,0.9808,-0.019199999999999995,False
YER059W+YIL050W+YDR205W,YDR205W,msc2_delta,KanMX_deletion,0.9802,0.02955,0.125156,0.09618,6,0,1,2,0.10441999999999996,-0.0042999999999999705,0.9802,-0.01980000000000004,False
YER059W+YIL050W+YGR129W,YGR129W,syf2_delta,KanMX_deletion,0.9794,0.0187,-0.020319,0.2168,6,0,0,1,0.10441999999999996,-0.020199999999999996,0.9794,-0.02059999999999995,False
YER059W+YIL050W+YLR335W,YLR335W,nup2_delta,KanMX_deletion,0.9789,0.02855,-0.059027,0.2919,6,0,0,1,0.10441999999999996,-0.009500000000000064,0.9789,-0.021100000000000008,False
YER059W+YIL050W+YPL018W,YPL018W,ctf19_delta,KanMX_deletion,0.9787,0.0099,-0.076835,0.01048,6,0,0,1,0.10441999999999996,0.0,0.9787,-0.021299999999999986,False
YER059W+YIL050W+YGL060W,YGL060W,ybp2_delta,KanMX_deletion,0.978,0.02385,0.584672,0.1609,6,0,0,1,0.5232,0.05276000000000003,0.94724,-0.02200000000000002,False
YER059W+YIL050W+YJL134W,YJL134W,lcb3_delta,KanMX_deletion,0.978,0.00945,0.153473,0.02273,6,0,1,2,0.10441999999999996,-0.022499999999999964,0.978,-0.02200000000000002,True
YER059W+YIL050W+YLR131C,YLR131C,ace2_delta,KanMX_deletion,0.9779,0.07365,0.055453,0.4603,6,0,0,1,0.10441999999999996,0.06733,0.93267,-0.02210000000000001,False
YER059W+YIL050W+YLR254C,YLR254C,ndl1_delta,KanMX_deletion,0.9776,0.03695,0.100362,0.3242,6,0,1,2,0.10441999999999996,-0.006999999999999895,0.9776,-0.022399999999999975,False
YER059W+YIL050W+YNL044W,YNL044W,yip3_delta,KanMX_deletion,0.9775,0.05615,0.084819,0.3315,6,0,2,1,0.10441999999999996,-0.012199999999999989,0.9775,-0.022499999999999964,False
YER059W+YIL050W+YGL232W,YGL232W,tan1_delta,KanMX_deletion,0.977,0.03905,-0.03576,0.3723,6,0,1,1,0.10441999999999996,-0.006000000000000005,0.977,-0.02300000000000002,False
YER059W+YIL050W+YCR073C,YCR073C,ssk22_delta,KanMX_deletion,0.977,0.0234,0.03314,0.1237,6,0,1,1,0.10441999999999996,-0.01200000000000001,0.977,-0.02300000000000002,False
YER059W+YIL050W+YHR077C,YHR077C,nmd2_delta,KanMX_deletion,0.9768,0.0464,-0.008706,0.2717,6,0,1,1,0.10441999999999996,0.009700000000000042,0.9768,-0.0232,False
YER059W+YIL050W+YCR032W,YCR032W,bph1_delta,KanMX_deletion,0.9763,0.0157,-0.078852,0.08622,6,0,0,1,0.10441999999999996,-0.05499999999999994,0.9763,-0.023700000000000054,False
YER059W+YIL050W+YBR275C,YBR275C,rif1_delta,KanMX_deletion,0.9763,0.0224,-0.124245,0.492,6,0,0,1,0.10441999999999996,0.0042999999999999705,0.9763,-0.023700000000000054,False
YER059W+YIL050W+YKR029C,YKR029C,set3_delta,KanMX_deletion,0.9762,0.02385,0.124547,0.03427,6,0,0,4,0.10441999999999996,0.049819999999999975,0.95018,-0.023800000000000043,True
YER059W+YIL050W+YJL187C,YJL187C,swe1_delta,KanMX_deletion,0.9757,0.02415,0.113629,0.1081,6,0,0,2,0.10441999999999996,0.04479999999999995,0.9552,-0.02429999999999999,False
YER059W+YIL050W+YCR065W,YCR065W,hcm1_delta,KanMX_deletion,0.9755,0.03445,-0.10591,0.4834,6,0,0,1,0.10441999999999996,0.0010000000000000009,0.9755,-0.024499999999999966,False
YER059W+YIL050W+YLR050C,YLR050C,ylr050c_delta,KanMX_deletion,0.9752,0.04565,0.066108,0.4563,6,0,1,1,0.10441999999999996,-0.0012000000000000899,0.9752,-0.024800000000000044,False
YER059W+YIL050W+YNR039C,YNR039C,zrg17_delta,KanMX_deletion,0.9748,0.0384,-0.024806,0.1777,6,0,0,1,0.10441999999999996,-0.01970000000000005,0.9748,-0.0252,False
YER059W+YIL050W+YGR134W,YGR134W,caf130_delta,KanMX_deletion,0.9746,0.0167,0.028611,0.1429,6,0,0,1,0.10441999999999996,-0.025700000000000056,0.9746,-0.025399999999999978,False
YER059W+YIL050W+YCR095C,YCR095C,oca4_delta,KanMX_deletion,0.9742,0.01935,0.066807,0.1012,6,0,1,1,0.10441999999999996,-0.010999999999999899,0.9742,-0.025800000000000045,False
YER059W+YIL050W+YAR031W,YAR031W,prm9_delta,KanMX_deletion,0.9736,0.02155,0.044627,0.1595,6,0,1,1,0.10441999999999996,-0.011700000000000044,0.9736,-0.02639999999999998,False
YER059W+YIL050W+YJL099W,YJL099W,chs6_delta,KanMX_deletion,0.9735,0.0375,0.012387,0.4539,6,0,0,1,0.10441999999999996,-0.02639999999999998,0.9735,-0.026499999999999968,False
YER059W+YIL050W+YHR004C,YHR004C,nem1_delta,KanMX_deletion,0.9735,0.02765,0.124064,0.08227,6,0,0,2,0.10441999999999996,0.0655,0.9345,-0.026499999999999968,False
YER059W+YIL050W+YLR080W,YLR080W,emp46_delta,KanMX_deletion,0.9725,0.02995,0.007665,0.2685,6,0,0,1,0.10441999999999996,0.05278000000000005,0.94722,-0.02749999999999997,False
YER059W+YIL050W+YMR162C,YMR162C,dnf3_delta,KanMX_deletion,0.9722,0.04365,0.086723,0.3005,6,0,1,1,0.10441999999999996,-0.02289999999999992,0.9722,-0.027800000000000047,False
YER059W+YIL050W+YHR167W,YHR167W,thp2_delta,KanMX_deletion,0.9711,0.03735,-0.028512,0.2653,6,0,1,1,0.10441999999999996,0.005700000000000038,0.9711,-0.028900000000000037,False
YER059W+YIL050W+YGL087C,YGL087C,mms2_delta,KanMX_deletion,0.971,0.0233,0.099321,0.3119,6,0,1,2,0.10441999999999996,0.0040000000000000036,0.971,-0.029000000000000026,False
YER059W+YIL050W+YBR062C,YBR062C,ybr062c_delta,KanMX_deletion,0.9707,0.02765,0.063998,0.1473,6,0,0,2,0.10441999999999996,-0.02629999999999999,0.9707,-0.029299999999999993,False
YER059W+YIL050W+YBR092C,YBR092C,pho3_delta,KanMX_deletion,0.9707,0.028,-0.041898,0.2273,6,0,0,1,0.10441999999999996,0.013700000000000045,0.9707,-0.029299999999999993,False
YER059W+YIL050W+YDR229W,YDR229W,ivy1_delta,KanMX_deletion,0.9702,0.02735,0.071114,0.4974,6,0,1,1,0.10441999999999996,0.007000000000000006,0.9702,-0.02980000000000005,False
YER059W+YIL050W+YDR139C,YDR139C,rub1_delta,KanMX_deletion,0.97,0.05385,0.052886,0.4545,6,0,1,1,0.10441999999999996,0.013499999999999956,0.97,-0.030000000000000027,False
YER059W+YIL050W+YNL068C,YNL068C,fkh2_delta,KanMX_deletion,0.9698,0.0149,-0.013599,0.1201,6,0,0,1,0.10441999999999996,-0.0242,0.9698,-0.030200000000000005,False
YER059W+YIL050W+YML047C,YML047C,prm6_delta,KanMX_deletion,0.9674,0.02415,0.059316,0.2688,6,0,1,1,0.10441999999999996,-0.018899999999999917,0.9674,-0.03259999999999996,False
YER059W+YIL050W+YAR002W,YAR002W,nup60_delta,KanMX_deletion,0.967,0.02095,-0.013352,0.2438,6,0,0,1,0.10441999999999996,0.01100000000000001,0.967,-0.03300000000000003,False
YER059W+YIL050W+YAL051W,YAL051W,oaf1_delta,KanMX_deletion,0.9663,0.0222,-0.054594,0.3428,6,0,0,1,0.10441999999999996,0.02019000000000004,0.9663,-0.03369999999999995,False
YER059W+YIL050W+YBR107C,YBR107C,iml3_delta,KanMX_deletion,0.9662,0.0231,-0.109662,0.244,6,0,1,1,0.10441999999999996,0.0014999999999999458,0.9662,-0.03380000000000005,False
YER059W+YIL050W+YDR073W,YDR073W,snf11_delta,KanMX_deletion,0.9657,0.0221,0.129445,0.1952,6,0,2,2,0.10441999999999996,0.006800000000000028,0.9657,-0.0343,False
YER059W+YIL050W+YOL117W,YOL117W,rri2_delta,KanMX_deletion,0.9653,0.03345,0.069143,0.3084,6,0,1,1,0.10441999999999996,-0.009500000000000064,0.9653,-0.03469999999999995,False
YER059W+YIL050W+YLR324W,YLR324W,pex30_delta,KanMX_deletion,0.9652,0.01455,0.060096,0.2053,6,0,0,1,0.10441999999999996,0.022220000000000018,0.9652,-0.03480000000000005,False
YER059W+YIL050W+YOL093W,YOL093W,trm10_delta,KanMX_deletion,0.9651,0.0417,0.024956,0.1825,6,0,1,1,0.10441999999999996,0.05900000000000005,0.941,-0.03490000000000004,False
YER059W+YIL050W+YFL049W,YFL049W,swp82_delta,KanMX_deletion,0.9649,0.02105,-0.025503,0.1739,6,0,0,1,0.10441999999999996,-0.03400000000000003,0.9649,-0.03510000000000002,False
YER059W+YIL050W+YLR135W,YLR135W,slx4_delta,KanMX_deletion,0.9647,0.0106,0.026738,0.1771,6,0,0,1,0.10441999999999996,-0.02079999999999993,0.9647,-0.0353,False
YER059W+YIL050W+YDR513W,YDR513W,grx2_delta,KanMX_deletion,0.9639,0.05115,-0.007354,0.3252,6,0,0,1,0.10441999999999996,0.025739999999999985,0.9639,-0.03610000000000002,False
YER059W+YIL050W+YPR029C,YPR029C,apl4_delta,KanMX_deletion,0.9634,0.02915,-0.07248,0.4259,6,0,0,1,0.10441999999999996,-0.0015000000000000568,0.9634,-0.036599999999999966,False
YER059W+YIL050W+YOR011W,YOR011W,aus1_delta,KanMX_deletion,0.9634,0.0396,-0.048472,0.2714,6,0,0,1,0.10441999999999996,-0.044499999999999984,0.9634,-0.036599999999999966,False
YER059W+YIL050W+YLR315W,YLR315W,nkp2_delta,KanMX_deletion,0.9627,0.01875,0.041308,0.471,6,0,1,3,0.10441999999999996,0.0847,0.9153,-0.0373,False
YER059W+YIL050W+YOR264W,YOR264W,dse3_delta,KanMX_deletion,0.9625,0.0291,-0.072169,0.3005,6,0,0,1,0.10441999999999996,0.0010000000000000009,0.9625,-0.03749999999999998,False
YER059W+YIL050W+YMR080C,YMR080C,nam7_delta,KanMX_deletion,0.9625,0.0299,0.100786,0.2061,6,0,1,2,0.10441999999999996,0.007499999999999951,0.9625,-0.03749999999999998,False
YER059W+YIL050W+YOR138C,YOR138C,rup1_delta,KanMX_deletion,0.9624,0.02705,-0.001441,0.1547,6,0,0,1,0.10441999999999996,-0.0044999999999999485,0.9624,-0.03759999999999997,False
YER059W+YIL050W+YHR086W,YHR086W,nam8_delta,KanMX_deletion,0.9623,0.0527,0.065081,0.4937,6,0,1,1,0.10441999999999996,-0.010199999999999987,0.9623,-0.037699999999999956,False
YER059W+YIL050W+YOL152W,YOL152W,fre7_delta,KanMX_deletion,0.9622,0.017,0.013478,0.06382,6,0,0,1,0.10441999999999996,-0.009500000000000064,0.9622,-0.037799999999999945,False
YER059W+YIL050W+YPL089C,YPL089C,rlm1_delta,KanMX_deletion,0.9621,0.01985,0.429727,0.2161,6,0,1,1,0.3681,-0.009500000000000064,0.9621,-0.037900000000000045,False
YER059W+YIL050W+YOL003C,YOL003C,pfa4_delta,KanMX_deletion,0.9621,0.02165,0.354317,0.2859,6,0,1,1,0.275,0.0024999999999999467,0.9621,-0.037900000000000045,False
YER059W+YIL050W+YDR482C,YDR482C,cwc21_delta,KanMX_deletion,0.962,0.01535,-0.025894,0.03545,6,0,1,1,0.10441999999999996,-0.02200000000000002,0.962,-0.038000000000000034,False
YER059W+YIL050W+YLR092W,YLR092W,sul2_delta,KanMX_deletion,0.9619,0.01395,0.03382,0.0483,6,0,0,1,0.10441999999999996,-0.016199999999999992,0.9619,-0.03810000000000002,False
YER059W+YIL050W+YKR003W,YKR003W,osh6_delta,KanMX_deletion,0.9616,0.0334,0.028341,0.2457,6,0,0,1,0.10441999999999996,0.016669999999999963,0.9616,-0.03839999999999999,False
YER059W+YIL050W+YLR173W,YLR173W,ylr173w_delta,KanMX_deletion,0.9616,0.0243,0.239795,0.4363,6,0,0,1,0.21450000000000002,-0.012799999999999923,0.9616,-0.03839999999999999,False
YER059W+YIL050W+YBL089W,YBL089W,avt5_delta,KanMX_deletion,0.9616,0.0228,0.085252,0.182,6,0,0,1,0.10441999999999996,-0.0036000000000000476,0.9616,-0.03839999999999999,False
YER059W+YIL050W+YFR024C-A,YFR024C-A,lsb3_delta,KanMX_deletion,0.9612,0.02765,0.042996,0.3447,6,0,0,1,0.10441999999999996,-0.030299999999999994,0.9612,-0.038799999999999946,False
YER059W+YIL050W+YOR025W,YOR025W,hst3_delta,KanMX_deletion,0.9611,0.05285,0.213471,0.4876,6,0,2,1,0.12860000000000005,0.04249999999999998,0.9575,-0.038900000000000046,False
YER059W+YIL050W+YOR023C,YOR023C,ahc1_delta,KanMX_deletion,0.961,0.04355,0.040758,0.1762,6,0,2,1,0.10441999999999996,-0.006399999999999961,0.961,-0.039000000000000035,False
YER059W+YIL050W+YLR032W,YLR032W,rad5_delta,KanMX_deletion,0.9607,0.0216,-0.074652,0.1094,6,0,1,1,0.10441999999999996,0.060699999999999976,0.9393,-0.0393,False
YER059W+YIL050W+YOL092W,YOL092W,ypq1_delta,KanMX_deletion,0.9607,0.0306,0.059986,0.1861,6,0,0,1,0.10441999999999996,0.029220000000000024,0.9607,-0.0393,False
YER059W+YIL050W+YOR059C,YOR059C,lpl1_delta,KanMX_deletion,0.9606,0.0215,0.032883,0.4615,6,0,0,1,0.10441999999999996,-0.0242,0.9606,-0.03939999999999999,False
YER059W+YIL050W+YKL068W,YKL068W,nup100_delta,KanMX_deletion,0.9606,0.02895,0.014989,0.3335,6,0,0,1,0.10441999999999996,-0.010000000000000009,0.9606,-0.03939999999999999,False
YER059W+YIL050W+YJL013C,YJL013C,mad3_delta,KanMX_deletion,0.9606,0.0158,-0.002775,0.4544,6,0,0,1,0.10441999999999996,-0.00550000000000006,0.9606,-0.03939999999999999,False
YER059W+YIL050W+YHL032C,YHL032C,gut1_delta,KanMX_deletion,0.9602,0.02775,-0.021583,0.2021,6,0,0,1,0.10441999999999996,0.01649999999999996,0.9602,-0.03979999999999995,False
YER059W+YIL050W+YOR010C,YOR010C,tir2_delta,KanMX_deletion,0.9601,0.0253,0.098299,0.2111,6,0,1,1,0.10441999999999996,0.01200000000000001,0.9601,-0.03990000000000005,False
YER059W+YIL050W+YMR086W,YMR086W,seg1_delta,KanMX_deletion,0.9599,0.0164,-0.025012,0.1553,6,0,0,1,0.10441999999999996,0.0847,0.9153,-0.040100000000000025,False
YER059W+YIL050W+YOR346W,YOR346W,rev1_delta,KanMX_deletion,0.9594,0.03675,0.046179,0.1756,6,0,1,2,0.10441999999999996,0.02400000000000002,0.9594,-0.04059999999999997,False
YER059W+YIL050W+YMR138W,YMR138W,cin4_delta,KanMX_deletion,0.9591,0.03035,0.041829,0.3267,6,0,0,1,0.10441999999999996,-0.026999999999999913,0.9591,-0.04090000000000005,False
YER059W+YIL050W+YBR125C,YBR125C,ptc4_delta,KanMX_deletion,0.9591,0.03315,0.025707,0.1805,6,0,1,1,0.10441999999999996,-0.006799999999999917,0.9591,-0.04090000000000005,False
YER059W+YIL050W+YFL021W,YFL021W,gat1_delta,KanMX_deletion,0.9587,0.02455,-0.003817,0.252,6,0,0,1,0.10441999999999996,0.018299999999999983,0.9587,-0.0413,False
YER059W+YIL050W+YNL041C,YNL041C,cog6_delta,KanMX_deletion,0.9586,0.0504,0.070243,0.2879,6,0,2,1,0.10441999999999996,0.054300000000000015,0.9457,-0.04139999999999999,False
YER059W+YIL050W+YLR181C,YLR181C,vta1_delta,KanMX_deletion,0.958,0.04175,0.087642,0.3255,6,0,0,2,0.10441999999999996,-0.024599999999999955,0.958,-0.04200000000000004,False
YER059W+YIL050W+YKL205W,YKL205W,los1_delta,KanMX_deletion,0.9576,0.0257,0.050222,0.2459,6,0,1,1,0.10441999999999996,0.039000000000000035,0.9576,-0.04239999999999999,False
YER059W+YIL050W+YLR401C,YLR401C,dus3_delta,KanMX_deletion,0.9571,0.0461,-0.025338,0.4507,6,0,0,1,0.10441999999999996,-0.030999999999999917,0.9571,-0.04290000000000005,False
YER059W+YIL050W+YGR100W,YGR100W,mdr1_delta,KanMX_deletion,0.9564,0.0176,0.014745,0.2075,6,0,0,1,0.10441999999999996,0.0020000000000000018,0.9564,-0.04359999999999997,False
YER059W+YIL050W+YPL098C,YPL098C,mgr2_delta,KanMX_deletion,0.9564,0.02745,0.109157,0.1451,6,0,0,3,0.14949999999999997,0.0847,0.9153,-0.04359999999999997,False
YER059W+YIL050W+YGR181W,YGR181W,tim13_delta,KanMX_deletion,0.9558,0.015,0.026822,0.3596,6,0,0,1,0.10441999999999996,0.007800000000000029,0.9558,-0.04420000000000002,False
YER059W+YIL050W+YCL033C,YCL033C,mxr2_delta,KanMX_deletion,0.9554,0.0255,-0.060473,0.3978,6,0,0,1,0.10441999999999996,-0.055500000000000105,0.9554,-0.04459999999999997,False
YER059W+YIL050W+YOR007C,YOR007C,sgt2_delta,KanMX_deletion,0.9551,0.0271,-0.040637,0.2207,6,0,0,1,0.10441999999999996,0.009499999999999953,0.9551,-0.04490000000000005,False
YER059W+YIL050W+YGR248W,YGR248W,sol4_delta,KanMX_deletion,0.955,0.02355,0.041354,0.2759,6,0,1,1,0.10441999999999996,-0.006399999999999961,0.955,-0.04500000000000004,False
YER059W+YIL050W+YHR121W,YHR121W,lsm12_delta,KanMX_deletion,0.9549,0.0256,0.075377,0.1529,6,0,1,1,0.10441999999999996,0.005700000000000038,0.9549,-0.04510000000000003,False
YER059W+YIL050W+YPR065W,YPR065W,rox1_delta,KanMX_deletion,0.9548,0.04725,-0.052154,0.4015,6,0,0,1,0.10441999999999996,-0.00019999999999997797,0.9548,-0.04520000000000002,False
YER059W+YIL050W+YGR028W,YGR028W,msp1_delta,KanMX_deletion,0.9547,0.014,0.021255,0.01831,6,0,0,1,0.10441999999999996,0.0847,0.9153,-0.04530000000000001,False
YER059W+YIL050W+YDR517W,YDR517W,grh1_delta,KanMX_deletion,0.9545,0.0277,0.031583,0.1381,6,0,1,1,0.10441999999999996,0.009499999999999953,0.9545,-0.045499999999999985,False
YER059W+YIL050W+YHR156C,YHR156C,lin1_delta,KanMX_deletion,0.9544,0.0393,0.054531,0.2652,6,0,2,1,0.10441999999999996,0.0252,0.9544,-0.045599999999999974,False
YER059W+YIL050W+YAL059W,YAL059W,ecm1_delta,KanMX_deletion,0.9543,0.0156,0.346815,0.1509,6,0,0,1,0.33399999999999996,-0.03550000000000009,0.9543,-0.04569999999999996,False
YER059W+YIL050W+YBR216C,YBR216C,ybp1_delta,KanMX_deletion,0.9541,0.0262,0.13236,0.1631,6,0,0,2,0.10441999999999996,0.03225,0.9541,-0.04590000000000005,False
YER059W+YIL050W+YBR095C,YBR095C,rxt2_delta,KanMX_deletion,0.9536,0.03135,-0.035282,0.3142,6,0,0,1,0.14070000000000005,0.0847,0.9153,-0.0464,False
YER059W+YIL050W+YDR217C,YDR217C,rad9_delta,KanMX_deletion,0.9536,0.042,0.069055,0.3524,6,0,2,1,0.10441999999999996,0.018000000000000016,0.9536,-0.0464,False
YER059W+YIL050W+YHR078W,YHR078W,yhr078w_delta,KanMX_deletion,0.9531,0.0211,-0.037262,0.4605,6,0,0,1,0.10441999999999996,-0.030299999999999994,0.9531,-0.04690000000000005,False
YER059W+YIL050W+YJL004C,YJL004C,sys1_delta,KanMX_deletion,0.953,0.03385,0.037737,0.2639,6,0,2,1,0.10441999999999996,0.025499999999999967,0.953,-0.04700000000000004,False
YER059W+YIL050W+YPL156C,YPL156C,prm4_delta,KanMX_deletion,0.9528,0.00985,0.03166,0.1961,6,0,1,1,0.10441999999999996,-0.009700000000000042,0.9528,-0.04720000000000002,False
YER059W+YIL050W+YCR033W,YCR033W,snt1_delta,KanMX_deletion,0.9528,0.02,0.074161,0.1185,6,0,2,1,0.10441999999999996,0.021499999999999964,0.9528,-0.04720000000000002,False
YER059W+YIL050W+YDR505C,YDR505C,psp1_delta,KanMX_deletion,0.9527,0.01765,0.046672,0.3002,6,0,0,1,0.10441999999999996,0.08299999999999996,0.917,-0.04730000000000001,False
YER059W+YIL050W+YMR109W,YMR109W,myo5_delta,KanMX_deletion,0.9526,0.0314,0.062643,0.214,6,0,0,1,0.10441999999999996,-0.005800000000000027,0.9526,-0.0474,False
YER059W+YIL050W+YFR013W,YFR013W,ioc3_delta,KanMX_deletion,0.9525,0.0197,-0.012778,0.1782,6,0,1,1,0.10441999999999996,-0.020399999999999974,0.9525,-0.04749999999999999,False
YER059W+YIL050W+YBR171W,YBR171W,sec66_delta,KanMX_deletion,0.9524,0.02855,-0.035922,0.2865,6,0,0,1,0.10441999999999996,0.013800000000000034,0.9524,-0.047599999999999976,False
YER059W+YIL050W+YDL104C,YDL104C,qri7_delta,KanMX_deletion,0.9524,0.0171,0.068468,0.0449,6,0,2,1,0.1048,0.0847,0.9153,-0.047599999999999976,False
YER059W+YIL050W+YDR108W,YDR108W,trs85_delta,KanMX_deletion,0.9524,0.03335,0.022342,0.3677,6,0,0,1,0.12419999999999998,0.0847,0.9153,-0.047599999999999976,False
YER059W+YIL050W+YLR036C,YLR036C,ylr036c_delta,KanMX_deletion,0.9521,0.0197,-0.006001,0.145,6,0,0,1,0.10441999999999996,-0.03049999999999997,0.9521,-0.047900000000000054,False
YER059W+YIL050W+YOR115C,YOR115C,trs33_delta,KanMX_deletion,0.9517,0.0432,0.194451,0.3179,6,0,1,1,0.12880000000000003,0.021299999999999986,0.9517,-0.04830000000000001,False
YER059W+YIL050W+YDR389W,YDR389W,sac7_delta,KanMX_deletion,0.9517,0.04095,-0.086929,0.2434,6,0,0,1,0.10441999999999996,0.0807,0.9193,-0.04830000000000001,False
YER059W+YIL050W+YBL008W,YBL008W,hir1_delta,KanMX_deletion,0.9512,0.02745,0.022715,0.3523,6,0,0,1,0.10441999999999996,0.05230000000000001,0.9477,-0.048799999999999955,False
YER059W+YIL050W+YKL069W,YKL069W,ykl069w_delta,KanMX_deletion,0.9509,0.0661,0.126353,0.05793,6,0,2,3,0.239,0.0847,0.9153,-0.04910000000000003,False
YER059W+YIL050W+YDR310C,YDR310C,sum1_delta,KanMX_deletion,0.9507,0.0207,0.020941,0.03945,6,0,1,1,0.10441999999999996,0.0635,0.9365,-0.04930000000000001,False
YER059W+YIL050W+YDR014W,YDR014W,rad61_delta,KanMX_deletion,0.9505,0.01315,-0.006296,0.2802,6,0,1,1,0.10441999999999996,0.007499999999999951,0.9505,-0.04949999999999999,False
YER059W+YIL050W+YGL160W,YGL160W,aim14_delta,KanMX_deletion,0.9498,0.05205,-0.039817,0.4577,6,0,0,1,0.10441999999999996,0.026499999999999968,0.9498,-0.05020000000000002,False
YER059W+YIL050W+YAL053W,YAL053W,flc2_delta,KanMX_deletion,0.9496,0.042,-0.0402,0.4039,6,0,0,1,0.10441999999999996,0.02180000000000004,0.9496,-0.0504,False
YER059W+YIL050W+YKL114C,YKL114C,apn1_delta,KanMX_deletion,0.9494,0.02915,0.165804,0.4834,6,0,0,1,0.12,-0.020999999999999908,0.9494,-0.05059999999999998,False
YER059W+YIL050W+YDR414C,YDR414C,erd1_delta,KanMX_deletion,0.9489,0.0309,0.017128,0.2442,6,0,1,1,0.10441999999999996,-0.017300000000000093,0.9489,-0.051100000000000034,False
YER059W+YIL050W+YCR031C,YCR031C,rps14a_delta,KanMX_deletion,0.9485,0.0145,-0.045508,0.1562,6,0,0,1,0.10441999999999996,0.02200000000000002,0.9485,-0.05149999999999999,False
YER059W+YIL050W+YLR133W,YLR133W,cki1_delta,KanMX_deletion,0.9483,0.0339,0.001891,0.413,6,0,0,1,0.10441999999999996,0.07135999999999998,0.92864,-0.05169999999999997,False
YER059W+YIL050W+YDR260C,YDR260C,swm1_delta,KanMX_deletion,0.9482,0.0102,-0.048745,0.267,6,0,0,1,0.10441999999999996,-0.020499999999999963,0.9482,-0.05179999999999996,False
YER059W+YIL050W+YPR046W,YPR046W,mcm16_delta,KanMX_deletion,0.9482,0.0379,0.022898,0.42,6,0,1,1,0.10441999999999996,-0.02400000000000002,0.9482,-0.05179999999999996,False
YER059W+YIL050W+YGL005C,YGL005C,cog7_delta,KanMX_deletion,0.9481,0.025,0.07035,0.1023,6,0,0,1,0.10441999999999996,0.05130000000000001,0.9481,-0.051899999999999946,False
YER059W+YIL050W+YLL024C,YLL024C,ssa2_delta,KanMX_deletion,0.9481,0.0291,0.274702,0.297,6,0,1,1,0.24929999999999997,0.007000000000000006,0.9481,-0.051899999999999946,False
YER059W+YIL050W+YOR154W,YOR154W,slp1_delta,KanMX_deletion,0.948,0.0342,0.010073,0.4282,6,0,0,1,0.10441999999999996,0.0050000000000000044,0.948,-0.052000000000000046,False
YER059W+YIL050W+YGR014W,YGR014W,msb2_delta,KanMX_deletion,0.9457,0.04415,0.005229,0.3869,6,0,0,1,0.10441999999999996,0.0020000000000000018,0.9457,-0.054300000000000015,False
YER059W+YIL050W+YOR349W,YOR349W,cin1_delta,KanMX_deletion,0.9456,0.0589,-0.033233,0.3563,6,0,1,1,0.10441999999999996,0.0014999999999999458,0.9456,-0.054400000000000004,False
YER059W+YIL050W+YPR152C,YPR152C,urn1_delta,KanMX_deletion,0.945,0.03755,-0.066614,0.3311,6,0,0,1,0.10441999999999996,0.007800000000000029,0.945,-0.05500000000000005,False
YER059W+YIL050W+YLR059C,YLR059C,rex2_delta,KanMX_deletion,0.945,0.0415,0.191275,0.2909,6,0,2,1,0.12970000000000004,0.03700000000000003,0.945,-0.05500000000000005,False
YER059W+YIL050W+YLR325C,YLR325C,rpl38_delta,KanMX_deletion,0.9443,0.0424,0.821087,0.3698,6,0,0,1,0.7646999999999999,0.04949999999999999,0.9443,-0.05569999999999997,False
YER059W+YIL050W+YJR092W,YJR092W,bud4_delta,KanMX_deletion,0.9441,0.02085,-0.040149,0.2934,6,0,0,1,0.10441999999999996,-0.052000000000000046,0.9441,-0.05589999999999995,False
YER059W+YIL050W+YDR348C,YDR348C,pal1_delta,KanMX_deletion,0.944,0.0261,0.0464,0.3296,6,0,1,1,0.10441999999999996,-0.0047999999999999154,0.944,-0.05600000000000005,False
YER059W+YIL050W+YBR273C,YBR273C,ubx7_delta,KanMX_deletion,0.9439,0.03355,-0.006658,0.3819,6,0,0,1,0.10441999999999996,0.02742,0.9439,-0.05610000000000004,False
YER059W+YIL050W+YHR108W,YHR108W,gga2_delta,KanMX_deletion,0.9438,0.0295,0.027004,0.2328,6,0,0,1,0.10441999999999996,0.0847,0.9153,-0.05620000000000003,False
YER059W+YIL050W+YBR010W,YBR010W,hht1_delta,KanMX_deletion,0.9438,0.0508,0.052837,0.3599,6,0,1,2,0.10441999999999996,0.006000000000000005,0.9438,-0.05620000000000003,False
YER059W+YIL050W+YBR260C,YBR260C,rgd1_delta,KanMX_deletion,0.9437,0.0361,-0.066984,0.4201,6,0,0,1,0.10441999999999996,-0.028000000000000025,0.9437,-0.05630000000000002,False
YER059W+YIL050W+YNL097C,YNL097C,pho23_delta,KanMX_deletion,0.9436,0.0199,0.04393,0.1053,6,0,0,1,0.12280000000000002,0.0847,0.9153,-0.056400000000000006,False
YER059W+YIL050W+YKR093W,YKR093W,ptr2_delta,KanMX_deletion,0.9436,0.02715,0.029659,0.2237,6,0,1,1,0.10441999999999996,0.009000000000000008,0.9436,-0.056400000000000006,False
YER059W+YIL050W+YAL040C,YAL040C,cln3_delta,KanMX_deletion,0.9436,0.0358,0.02464,0.2289,6,0,1,1,0.10441999999999996,0.04249999999999998,0.9436,-0.056400000000000006,False
YER059W+YIL050W+YNL031C,YNL031C,hht2_delta,KanMX_deletion,0.9435,0.0116,0.021285,0.3043,6,0,0,1,0.10441999999999996,-0.0132000000000001,0.9435,-0.056499999999999995,False
YER059W+YIL050W+YPL195W,YPL195W,apl5_delta,KanMX_deletion,0.9434,0.02975,-0.03495,0.1815,6,0,0,1,0.10441999999999996,0.07050000000000001,0.9295,-0.056599999999999984,False
YER059W+YIL050W+YJR124C,YJR124C,yjr124c_delta,KanMX_deletion,0.9427,0.00805,-0.036384,0.1804,6,0,1,1,0.10441999999999996,0.0,0.9427,-0.05730000000000002,False
YER059W+YIL050W+YJR095W,YJR095W,sfc1_delta,KanMX_deletion,0.9427,0.02915,-0.00815,0.2765,6,0,0,1,0.10441999999999996,0.0012999999999999678,0.9427,-0.05730000000000002,False
YER059W+YIL050W+YOL141W,YOL141W,ppm2_delta,KanMX_deletion,0.9426,0.03825,-0.075341,0.4747,6,0,0,1,0.10441999999999996,-0.026799999999999935,0.9426,-0.05740000000000001,False
YER059W+YIL050W+YBR162W-A,YBR162W-A,ysy6_delta,KanMX_deletion,0.9419,0.0252,-0.038817,0.3801,6,0,0,1,0.10441999999999996,-0.009700000000000042,0.9419,-0.05810000000000004,False
YER059W+YIL050W+YDR098C,YDR098C,grx3_delta,KanMX_deletion,0.9416,0.03295,0.030777,0.1844,6,0,1,1,0.10441999999999996,-0.008799999999999919,0.9416,-0.05840000000000001,False
YER059W+YIL050W+YPL158C,YPL158C,aim44_delta,KanMX_deletion,0.9415,0.0294,0.147041,0.1053,6,0,0,1,0.124,0.0847,0.9153,-0.058499999999999996,False
YER059W+YIL050W+YDL095W,YDL095W,pmt1_delta,KanMX_deletion,0.9415,0.0472,-0.063477,0.4033,6,0,0,1,0.10441999999999996,-0.020199999999999996,0.9415,-0.058499999999999996,False
YER059W+YIL050W+YBR164C,YBR164C,arl1_delta,KanMX_deletion,0.9409,0.02905,0.021476,0.1741,6,0,0,1,0.10441999999999996,0.07750000000000001,0.9225,-0.05910000000000004,False
YER059W+YIL050W+YLR363C,YLR363C,nmd4_delta,KanMX_deletion,0.9404,0.04995,0.042286,0.3207,6,0,1,1,0.10441999999999996,-0.014799999999999924,0.9404,-0.059599999999999986,False
YER059W+YIL050W+YOR327C,YOR327C,snc2_delta,KanMX_deletion,0.9401,0.02135,0.088268,0.01753,6,0,2,2,0.18330000000000002,0.0937,0.9063,-0.05989999999999995,True
YER059W+YIL050W+YLR154C,YLR154C,rnh203_delta,KanMX_deletion,0.9398,0.03315,0.038947,0.2669,6,0,1,2,0.10441999999999996,0.050000000000000044,0.9398,-0.06020000000000003,False
YER059W+YIL050W+YLR018C,YLR018C,pom34_delta,KanMX_deletion,0.9394,0.02515,0.282511,0.1087,6,0,0,1,0.3184,-0.0047999999999999154,0.9394,-0.06059999999999999,False
YER059W+YIL050W+YLL001W,YLL001W,dnm1_delta,KanMX_deletion,0.9393,0.02715,0.010051,0.1613,6,0,1,1,0.10441999999999996,0.025800000000000045,0.9393,-0.060699999999999976,False
YER059W+YIL050W+YHR206W,YHR206W,skn7_delta,KanMX_deletion,0.9391,0.0149,0.051793,0.08412,6,0,0,1,0.22572000000000003,0.0847,0.9153,-0.060899999999999954,False
YER059W+YIL050W+YDL048C,YDL048C,stp4_delta,KanMX_deletion,0.9391,0.02035,0.116598,0.1501,6,0,0,2,0.10441999999999996,0.009499999999999953,0.9391,-0.060899999999999954,False
YER059W+YIL050W+YHR017W,YHR017W,ysc83_delta,KanMX_deletion,0.939,0.04655,0.018208,0.4312,6,0,1,1,0.10441999999999996,0.0034999999999999476,0.939,-0.061000000000000054,False
YER059W+YIL050W+YDR279W,YDR279W,rnh202_delta,KanMX_deletion,0.9384,0.0276,-0.048584,0.3915,6,0,0,1,0.10441999999999996,0.02429999999999999,0.9384,-0.06159999999999999,False
YER059W+YIL050W+YGL082W,YGL082W,ygl082w_delta,KanMX_deletion,0.9382,0.0342,0.049949,0.4739,6,0,1,1,0.10441999999999996,-0.00770000000000004,0.9382,-0.061799999999999966,False
YER059W+YIL050W+YJL214W,YJL214W,hxt8_delta,KanMX_deletion,0.938,0.02385,0.022087,0.3437,6,0,1,1,0.10441999999999996,-0.0015000000000000568,0.938,-0.062000000000000055,False
YER059W+YIL050W+YLL021W,YLL021W,spa2_delta,KanMX_deletion,0.9377,0.03435,0.004612,0.3817,6,0,0,1,0.10441999999999996,-0.02750000000000008,0.9377,-0.06230000000000002,False
YER059W+YIL050W+YPL241C,YPL241C,cin2_delta,KanMX_deletion,0.9376,0.0207,0.051786,0.3319,6,0,1,2,0.10441999999999996,-0.0035000000000000586,0.9376,-0.06240000000000001,False
YER059W+YIL050W+YNL051W,YNL051W,cog5_delta,KanMX_deletion,0.9374,0.04125,0.067731,0.3422,6,0,2,1,0.10441999999999996,0.05300000000000005,0.9374,-0.06259999999999999,False
YER059W+YIL050W+YAL058W,YAL058W,cne1_delta,KanMX_deletion,0.9371,0.0199,-0.019197,0.2485,6,0,0,1,0.10441999999999996,0.03169999999999995,0.9371,-0.06289999999999996,False
YER059W+YIL050W+YKL185W,YKL185W,ash1_delta,KanMX_deletion,0.937,0.0291,-0.009668,0.3665,6,0,0,1,0.10441999999999996,-0.05049999999999999,0.937,-0.06299999999999994,False
YER059W+YIL050W+YHR124W,YHR124W,ndt80_delta,KanMX_deletion,0.9369,0.0293,0.039279,0.3287,6,0,0,1,0.10441999999999996,-0.0121,0.9369,-0.06310000000000004,False
YER059W+YIL050W+YGL263W,YGL263W,cos12_delta,KanMX_deletion,0.936,0.0267,-0.054359,0.4648,6,0,0,1,0.10441999999999996,-0.028000000000000025,0.936,-0.06399999999999995,False
YER059W+YIL050W+YFR038W,YFR038W,irc5_delta,KanMX_deletion,0.9353,0.03135,-0.039936,0.4607,6,0,0,1,0.10441999999999996,-0.019500000000000073,0.9353,-0.06469999999999998,False
YER059W+YIL050W+YDR530C,YDR530C,apa2_delta,KanMX_deletion,0.935,0.0379,0.508765,0.4802,6,0,0,1,0.41769999999999996,0.02300000000000002,0.935,-0.06499999999999995,False
YER059W+YIL050W+YGR068C,YGR068C,art5_delta,KanMX_deletion,0.9348,0.02765,-0.093916,0.4566,6,0,0,1,0.10441999999999996,0.01970000000000005,0.9348,-0.06520000000000004,False
YER059W+YIL050W+YNL116W,YNL116W,dma2_delta,KanMX_deletion,0.9345,0.04385,0.013082,0.3314,6,0,1,1,0.10441999999999996,-0.014399999999999968,0.9345,-0.0655,False
YER059W+YIL050W+YKL116C,YKL116C,prr1_delta,KanMX_deletion,0.9345,0.038,0.009407,0.4298,6,0,1,1,0.10441999999999996,0.01200000000000001,0.9345,-0.0655,False
YER059W+YIL050W+YMR096W,YMR096W,snz1_delta,KanMX_deletion,0.9333,0.022,0.237266,0.3987,6,0,0,1,0.18079999999999996,0.006800000000000028,0.9333,-0.06669999999999998,False
YER059W+YIL050W+YPL208W,YPL208W,rkm1_delta,KanMX_deletion,0.9329,0.0397,0.04074,0.4838,6,0,0,1,0.10441999999999996,-0.014999999999999902,0.9329,-0.06710000000000005,False
YER059W+YIL050W+YHR152W,YHR152W,spo12_delta,KanMX_deletion,0.9327,0.0257,0.008942,0.3192,6,0,0,1,0.10441999999999996,0.030730000000000035,0.9327,-0.06730000000000003,False
YER059W+YIL050W+YLR098C,YLR098C,cha4_delta,KanMX_deletion,0.9324,0.0134,0.040646,0.1393,6,0,0,1,0.10441999999999996,0.0131,0.9324,-0.0676,False
YER059W+YIL050W+YJL094C,YJL094C,kha1_delta,KanMX_deletion,0.9323,0.0195,-0.019451,0.4466,6,0,0,1,0.10441999999999996,0.020299999999999985,0.9323,-0.06769999999999998,False
YER059W+YIL050W+YBR288C,YBR288C,apm3_delta,KanMX_deletion,0.9319,0.0222,0.022342,0.2907,6,0,1,1,0.10441999999999996,0.016000000000000014,0.9319,-0.06810000000000005,False
YER059W+YIL050W+YKR082W,YKR082W,nup133_delta,KanMX_deletion,0.9312,0.0394,-0.034931,0.2373,6,0,0,1,0.11750000000000005,0.0847,0.9153,-0.06879999999999997,False
YER059W+YIL050W+YMR238W,YMR238W,dfg5_delta,KanMX_deletion,0.9312,0.0461,-0.050477,0.3924,6,0,0,1,0.10441999999999996,-0.03279999999999994,0.9312,-0.06879999999999997,False
YER059W+YIL050W+YKL207W,YKL207W,emc3_delta,KanMX_deletion,0.931,0.04065,0.038127,0.3263,6,0,0,1,0.10441999999999996,0.012800000000000034,0.931,-0.06899999999999995,False
YER059W+YIL050W+YBL007C,YBL007C,sla1_delta,KanMX_deletion,0.9308,0.02955,0.146105,0.2161,6,0,0,5,0.16779999999999995,0.0847,0.9153,-0.06920000000000004,False
YER059W+YIL050W+YNL123W,YNL123W,nma111_delta,KanMX_deletion,0.9308,0.0249,-0.038845,0.3432,6,0,0,1,0.10441999999999996,-0.02400000000000002,0.9308,-0.06920000000000004,False
YER059W+YIL050W+YKR084C,YKR084C,hbs1_delta,KanMX_deletion,0.9302,0.03265,0.496305,0.4923,6,0,0,1,0.48329999999999995,0.03244999999999998,0.9302,-0.06979999999999997,False
YER059W+YIL050W+YBR015C,YBR015C,mnn2_delta,KanMX_deletion,0.9302,0.0236,-0.06503,0.3571,6,0,0,1,0.10441999999999996,-0.007200000000000095,0.9302,-0.06979999999999997,False
YER059W+YIL050W+YPR119W,YPR119W,clb2_delta,KanMX_deletion,0.9299,0.04105,-0.049141,0.4474,6,0,0,1,0.10441999999999996,-0.03330000000000011,0.9299,-0.07010000000000005,False
YER059W+YIL050W+YFL007W,YFL007W,blm10_delta,KanMX_deletion,0.9299,0.062,0.543073,0.4659,6,0,0,1,0.5262,0.03149999999999997,0.9299,-0.07010000000000005,False
YER059W+YIL050W+YLR077W,YLR077W,fmp25_delta,KanMX_deletion,0.9294,0.04965,1.013352,0.3859,6,0,0,1,1.0163,0.014000000000000012,0.9294,-0.0706,False
YER059W+YIL050W+YJR060W,YJR060W,cbf1_delta,KanMX_deletion,0.929,0.0466,-0.081884,0.4407,6,0,0,1,0.24350000000000005,0.0847,0.9153,-0.07099999999999995,False
YER059W+YIL050W+YNL058C,YNL058C,ynl058c_delta,KanMX_deletion,0.9285,0.03685,-0.040815,0.4003,6,0,0,1,0.10441999999999996,-0.005900000000000016,0.9285,-0.07150000000000001,False
YER059W+YIL050W+YGL257C,YGL257C,mnt2_delta,KanMX_deletion,0.9285,0.04375,-0.056208,0.4979,6,0,0,1,0.10441999999999996,0.026499999999999968,0.9285,-0.07150000000000001,False
YER059W+YIL050W+YDR071C,YDR071C,paa1_delta,KanMX_deletion,0.9274,0.03565,0.057873,0.2175,6,0,1,2,0.10441999999999996,0.021199999999999997,0.9274,-0.0726,False
YER059W+YIL050W+YJR094W-A,YJR094W-A,rpl43b_delta,KanMX_deletion,0.9269,0.03295,0.021815,0.1302,6,0,0,1,0.10441999999999996,0.0847,0.9153,-0.07310000000000005,False
YER059W+YIL050W+YGL121C,YGL121C,gpg1_delta,KanMX_deletion,0.9266,0.04825,0.088238,0.3518,6,0,0,1,0.10441999999999996,0.022800000000000042,0.9266,-0.07340000000000002,False
YER059W+YIL050W+YGL216W,YGL216W,kip3_delta,KanMX_deletion,0.9262,0.02575,-0.023983,0.4671,6,0,0,1,0.10441999999999996,0.0242,0.9262,-0.07379999999999998,False
YER059W+YIL050W+YML035C,YML035C,amd1_delta,KanMX_deletion,0.9258,0.0193,0.038064,0.2476,6,0,0,1,0.10441999999999996,0.010299999999999976,0.9258,-0.07420000000000004,False
YER059W+YIL050W+YHR082C,YHR082C,ksp1_delta,KanMX_deletion,0.9258,0.01625,0.057656,0.2521,6,0,1,2,0.10441999999999996,0.019299999999999984,0.9258,-0.07420000000000004,False
YER059W+YIL050W+YDR486C,YDR486C,vps60_delta,KanMX_deletion,0.9255,0.0259,-0.00395,0.2316,6,0,0,1,0.10441999999999996,0.03249999999999997,0.9255,-0.07450000000000001,False
YER059W+YIL050W+YGR279C,YGR279C,scw4_delta,KanMX_deletion,0.9255,0.01725,0.302899,0.1763,6,0,0,1,0.3074,-0.038000000000000034,0.9255,-0.07450000000000001,False
YER059W+YIL050W+YNR067C,YNR067C,dse4_delta,KanMX_deletion,0.9255,0.0179,0.047658,0.3965,6,0,0,1,0.10441999999999996,0.0,0.9255,-0.07450000000000001,False
YER059W+YIL050W+YNL154C,YNL154C,yck2_delta,KanMX_deletion,0.9254,0.02875,0.047463,0.1443,6,0,1,1,0.10441999999999996,0.040200000000000014,0.9254,-0.0746,False
YER059W+YIL050W+YMR029C,YMR029C,far8_delta,KanMX_deletion,0.9252,0.0095,-0.004546,0.4896,6,0,0,1,0.10441999999999996,-0.00770000000000004,0.9252,-0.07479999999999998,False
YER059W+YIL050W+YDR191W,YDR191W,hst4_delta,KanMX_deletion,0.9251,0.02895,0.027749,0.2492,6,0,0,1,0.10441999999999996,0.020199999999999996,0.9251,-0.07489999999999997,False
YER059W+YIL050W+YNL107W,YNL107W,yaf9_delta,KanMX_deletion,0.9246,0.05455,-0.011361,0.2897,6,0,0,1,0.10441999999999996,0.0595,0.9246,-0.07540000000000002,False
YER059W+YIL050W+YPL066W,YPL066W,rgl1_delta,KanMX_deletion,0.9245,0.0279,-0.001682,0.3877,6,0,0,1,0.10441999999999996,0.05149999999999999,0.9245,-0.07550000000000001,False
YER059W+YIL050W+YFL010W-A,YFL010W-A,aua1_delta,KanMX_deletion,0.924,0.03555,-0.02326,0.4401,6,0,0,1,0.10441999999999996,0.02300000000000002,0.924,-0.07599999999999996,False
YER059W+YIL050W+YCR009C,YCR009C,rvs161_delta,KanMX_deletion,0.9236,0.0371,0.236688,0.3194,6,0,0,2,0.19599999999999995,0.0937,0.9063,-0.07640000000000002,False
YER059W+YIL050W+YDR435C,YDR435C,ppm1_delta,KanMX_deletion,0.9235,0.0286,-0.029653,0.4103,6,0,0,1,0.10441999999999996,0.010499999999999954,0.9235,-0.07650000000000001,False
YER059W+YIL050W+YLR142W,YLR142W,put1_delta,KanMX_deletion,0.9234,0.03955,-0.006972,0.3494,6,0,0,1,0.10441999999999996,-0.04079999999999995,0.9234,-0.0766,False
YER059W+YIL050W+YJR096W,YJR096W,yjr096w_delta,KanMX_deletion,0.9234,0.03365,-0.093714,0.3014,6,0,0,1,0.10441999999999996,-0.006000000000000005,0.9234,-0.0766,False
YER059W+YIL050W+YGR144W,YGR144W,thi4_delta,KanMX_deletion,0.9227,0.02475,0.053851,0.2185,6,0,0,1,0.10441999999999996,0.03600000000000003,0.9227,-0.07730000000000004,False
YER059W+YIL050W+YMR074C,YMR074C,ymr074c_delta,KanMX_deletion,0.9226,0.0242,0.044685,0.3421,6,0,1,1,0.10441999999999996,0.0040999999999999925,0.9226,-0.07740000000000002,False
YER059W+YIL050W+YGR089W,YGR089W,nnf2_delta,KanMX_deletion,0.9223,0.0382,0.109181,0.2103,6,0,2,1,0.10441999999999996,0.07540000000000002,0.9223,-0.07769999999999999,False
YER059W+YIL050W+YGR178C,YGR178C,pbp1_delta,KanMX_deletion,0.9222,0.00965,-0.037925,0.3011,6,0,0,1,0.10441999999999996,-0.023800000000000043,0.9222,-0.07779999999999998,False
YER059W+YIL050W+YMR166C,YMR166C,ymr166c_delta,KanMX_deletion,0.9222,0.04275,0.068062,0.2426,6,0,0,1,0.14700000000000002,0.0847,0.9153,-0.07779999999999998,False
YER059W+YIL050W+YKL034W,YKL034W,tul1_delta,KanMX_deletion,0.9214,0.0624,-0.042795,0.4815,6,0,0,1,0.10441999999999996,-0.0383,0.9214,-0.0786,False
YER059W+YIL050W+YDR031W,YDR031W,mix14_delta,KanMX_deletion,0.9211,0.02675,0.244644,0.3808,6,0,0,1,0.1735,0.06389999999999996,0.9211,-0.07889999999999997,False
YER059W+YIL050W+YBR276C,YBR276C,pps1_delta,KanMX_deletion,0.921,0.022,0.020311,0.394,6,0,0,1,0.10441999999999996,-0.01079999999999992,0.921,-0.07899999999999996,False
YER059W+YIL050W+YMR263W,YMR263W,sap30_delta,KanMX_deletion,0.9204,0.0161,-0.033005,0.2345,6,0,0,1,0.11019999999999996,0.0847,0.9153,-0.0796,False
YER059W+YIL050W+YDR153C,YDR153C,ent5_delta,KanMX_deletion,0.9204,0.0094,-0.072989,0.4607,6,0,0,1,0.10441999999999996,0.040000000000000036,0.9204,-0.0796,False
YER059W+YIL050W+YDR099W,YDR099W,bmh2_delta,KanMX_deletion,0.9203,0.0451,0.499089,0.2681,6,0,1,2,0.44420000000000004,0.09009999999999996,0.9099,-0.0797,False
YER059W+YIL050W+YDR181C,YDR181C,sas4_delta,KanMX_deletion,0.92,0.066,0.136045,0.3357,6,0,1,1,0.10441999999999996,-0.02719999999999989,0.92,-0.07999999999999996,False
YER059W+YIL050W+YOR344C,YOR344C,tye7_delta,KanMX_deletion,0.9197,0.02215,-0.024078,0.4808,6,0,0,1,0.10441999999999996,0.006199999999999983,0.9197,-0.08030000000000004,False
YER059W+YIL050W+YPR167C,YPR167C,met16_delta,KanMX_deletion,0.9195,0.03295,0.027852,0.3951,6,0,1,1,0.10441999999999996,0.05700000000000005,0.9195,-0.08050000000000002,False
YER059W+YIL050W+YKL008C,YKL008C,lac1_delta,KanMX_deletion,0.9195,0.01645,0.679014,0.4351,6,0,0,1,0.656,-0.01540000000000008,0.9195,-0.08050000000000002,False
YER059W+YIL050W+YPL100W,YPL100W,atg21_delta,KanMX_deletion,0.9195,0.02525,-0.024127,0.464,6,0,0,1,0.10441999999999996,0.04849999999999999,0.9195,-0.08050000000000002,False
YER059W+YIL050W+YGR206W,YGR206W,mvb12_delta,KanMX_deletion,0.9193,0.0305,0.231383,0.3323,6,0,0,1,0.20750000000000002,-0.009500000000000064,0.9193,-0.0807,False
YER059W+YIL050W+YDR430C,YDR430C,cym1_delta,KanMX_deletion,0.9192,0.02585,0.084765,0.1448,6,0,2,1,0.10441999999999996,0.06569999999999998,0.9192,-0.08079999999999998,False
YER059W+YIL050W+YPL003W,YPL003W,ula1_delta,KanMX_deletion,0.9192,0.03125,-0.027008,0.4112,6,0,0,1,0.10441999999999996,0.0020000000000000018,0.9192,-0.08079999999999998,False
YER059W+YIL050W+YBR176W,YBR176W,ecm31_delta,KanMX_deletion,0.9189,0.03705,-0.068178,0.4616,6,0,0,1,0.10441999999999996,-0.009200000000000097,0.9189,-0.08109999999999995,False
YER059W+YIL050W+YBL024W,YBL024W,ncl1_delta,KanMX_deletion,0.9188,0.0314,-0.001733,0.2676,6,0,0,1,0.10441999999999996,-0.008199999999999985,0.9188,-0.08120000000000005,False
YER059W+YIL050W+YJR082C,YJR082C,eaf6_delta,KanMX_deletion,0.9187,0.04465,-0.007831,0.4309,6,0,0,1,0.10441999999999996,0.02429999999999999,0.9187,-0.08130000000000004,False
YER059W+YIL050W+YFL048C,YFL048C,emp47_delta,KanMX_deletion,0.9184,0.0261,-0.158159,0.2742,6,0,0,1,0.10441999999999996,0.044789999999999996,0.9184,-0.0816,False
YER059W+YIL050W+YGL157W,YGL157W,ari1_delta,KanMX_deletion,0.9178,0.0167,0.034047,0.4106,6,0,0,1,0.10441999999999996,-0.01550000000000007,0.9178,-0.08220000000000005,False
YER059W+YIL050W+YOR245C,YOR245C,dga1_delta,KanMX_deletion,0.9165,0.023,-0.011902,0.4794,6,0,0,1,0.10441999999999996,-0.010999999999999899,0.9165,-0.08350000000000002,False
YER059W+YIL050W+YJR059W,YJR059W,ptk2_delta,KanMX_deletion,0.9163,0.057,0.052242,0.482,6,0,1,1,0.10441999999999996,0.05500000000000005,0.9163,-0.0837,False
YER059W+YIL050W+YJL171C,YJL171C,yjl171c_delta,KanMX_deletion,0.9163,0.0144,0.019098,0.4175,6,0,0,1,0.10441999999999996,-0.0008999999999999009,0.9163,-0.0837,False
YER059W+YIL050W+YMR164C,YMR164C,mss11_delta,KanMX_deletion,0.9162,0.0148,0.007784,0.1068,6,0,0,1,0.10441999999999996,-0.007500000000000062,0.9162,-0.08379999999999999,False
YER059W+YIL050W+YOR251C,YOR251C,tum1_delta,KanMX_deletion,0.9159,0.02055,0.075825,0.1945,6,0,0,1,0.13439999999999996,0.020000000000000018,0.9159,-0.08409999999999995,False
YER059W+YIL050W+YPR189W,YPR189W,ski3_delta,KanMX_deletion,0.9153,0.0393,-0.078129,0.4415,6,0,0,1,0.10441999999999996,0.02400000000000002,0.9153,-0.0847,False
YER059W+YIL050W+YDR497C,YDR497C,itr1_delta,KanMX_deletion,0.9152,0.02685,-0.011267,0.376,6,0,0,1,0.10441999999999996,-0.021700000000000053,0.9152,-0.08479999999999999,False
YER059W+YIL050W+YLR016C,YLR016C,pml1_delta,KanMX_deletion,0.9152,0.02335,0.063705,0.4267,6,0,0,1,0.10441999999999996,-0.0012000000000000899,0.9152,-0.08479999999999999,False
YER059W+YIL050W+YBR019C,YBR019C,gal10_delta,KanMX_deletion,0.9151,0.02535,0.004937,0.4428,6,0,0,1,0.10441999999999996,0.01649999999999996,0.9151,-0.08489999999999998,False
YER059W+YIL050W+YOR230W,YOR230W,wtm1_delta,KanMX_deletion,0.9151,0.0326,0.100501,0.4175,6,0,1,1,0.10441999999999996,0.027900000000000036,0.9151,-0.08489999999999998,False
YER059W+YIL050W+YGL094C,YGL094C,pan2_delta,KanMX_deletion,0.915,0.02135,-0.064163,0.4911,6,0,0,1,0.10441999999999996,-0.03699999999999992,0.915,-0.08499999999999996,False
YER059W+YIL050W+YKL025C,YKL025C,pan3_delta,KanMX_deletion,0.9149,0.0242,-0.058787,0.3309,6,0,0,1,0.10441999999999996,-0.05689999999999995,0.9149,-0.08509999999999995,False
YER059W+YIL050W+YCR092C,YCR092C,msh3_delta,KanMX_deletion,0.9148,0.01655,-0.050361,0.319,6,0,0,1,0.10441999999999996,-0.0009999999999998899,0.9148,-0.08520000000000005,False
YER059W+YIL050W+YOR066W,YOR066W,msa1_delta,KanMX_deletion,0.9147,0.01635,-0.04067,0.3412,6,0,0,1,0.10441999999999996,0.04125000000000001,0.9147,-0.08530000000000004,False
YER059W+YIL050W+YML071C,YML071C,cog8_delta,KanMX_deletion,0.9146,0.02445,0.133841,0.4226,6,0,0,1,0.15390000000000004,0.0605,0.9146,-0.08540000000000003,False
YER059W+YIL050W+YLR381W,YLR381W,ctf3_delta,KanMX_deletion,0.9145,0.01895,-0.049027,0.3107,6,0,0,1,0.10441999999999996,0.009700000000000042,0.9145,-0.08550000000000002,False
YER059W+YIL050W+YPL015C,YPL015C,hst2_delta,KanMX_deletion,0.9143,0.01365,0.021944,0.1671,6,0,1,1,0.10441999999999996,-0.007500000000000062,0.9143,-0.0857,False
YER059W+YIL050W+YDR383C,YDR383C,nkp1_delta,KanMX_deletion,0.9141,0.0209,0.053457,0.2417,6,0,0,1,0.10441999999999996,0.02639999999999998,0.9141,-0.08589999999999998,False
YER059W+YIL050W+YBR042C,YBR042C,cst26_delta,KanMX_deletion,0.9139,0.06095,-0.002306,0.4987,6,0,1,1,0.10441999999999996,0.015000000000000013,0.9139,-0.08609999999999995,False
YER059W+YIL050W+YKL092C,YKL092C,bud2_delta,KanMX_deletion,0.9125,0.03595,0.245951,0.3763,6,0,0,1,0.17410000000000003,0.035699999999999954,0.9125,-0.08750000000000002,False
YER059W+YIL050W+YPL053C,YPL053C,ktr6_delta,KanMX_deletion,0.9125,0.0358,-0.065199,0.4264,6,0,0,1,0.10441999999999996,0.005669999999999953,0.9125,-0.08750000000000002,False
YER059W+YIL050W+YGR261C,YGR261C,apl6_delta,KanMX_deletion,0.9124,0.01365,-0.041724,0.3095,6,0,0,1,0.10441999999999996,0.01849999999999996,0.9124,-0.08760000000000001,False
YER059W+YIL050W+YBL088C,YBL088C,tel1_delta,KanMX_deletion,0.9124,0.02105,-0.081835,0.3936,6,0,0,1,0.10441999999999996,-0.0038000000000000256,0.9124,-0.08760000000000001,False
YER059W+YIL050W+YBL085W,YBL085W,boi1_delta,KanMX_deletion,0.9123,0.07495,0.048537,0.4104,6,0,0,1,0.10441999999999996,-0.01869999999999994,0.9123,-0.0877,False
YER059W+YIL050W+YMR153W,YMR153W,nup53_delta,KanMX_deletion,0.9123,0.0531,0.061131,0.4405,6,0,0,1,0.10441999999999996,0.0847,0.9123,-0.0877,False
YER059W+YIL050W+YMR303C,YMR303C,adh2_delta,KanMX_deletion,0.912,0.03335,-0.018177,0.4241,6,0,0,1,0.10441999999999996,-0.027099999999999902,0.912,-0.08799999999999997,False
YER059W+YIL050W+YNL056W,YNL056W,oca2_delta,KanMX_deletion,0.9118,0.01535,0.031501,0.2329,6,0,1,1,0.10441999999999996,0.0847,0.9118,-0.08819999999999995,False
YER059W+YIL050W+YNR007C,YNR007C,atg3_delta,KanMX_deletion,0.9117,0.01355,0.076431,0.4221,6,0,1,1,0.10441999999999996,0.049699999999999966,0.9117,-0.08830000000000005,False
YER059W+YIL050W+YCR050C,YCR050C,ycr050c_delta,KanMX_deletion,0.9116,0.03265,-0.036799,0.4914,6,0,0,1,0.10441999999999996,-0.0129999999999999,0.9116,-0.08840000000000003,False
YER059W+YIL050W+YKL051W,YKL051W,sfk1_delta,KanMX_deletion,0.9108,0.0202,-0.006945,0.4558,6,0,0,1,0.10441999999999996,0.017199999999999993,0.9108,-0.08919999999999995,False
YER059W+YIL050W+YNR032W,YNR032W,ppg1_delta,KanMX_deletion,0.9104,0.0512,-0.032395,0.4209,6,0,0,1,0.10441999999999996,0.06399999999999995,0.9104,-0.08960000000000001,False
YER059W+YIL050W+YMR048W,YMR048W,csm3_delta,KanMX_deletion,0.9103,0.0301,-0.03051,0.4451,6,0,0,1,0.10441999999999996,0.007800000000000029,0.9103,-0.0897,False
YER059W+YIL050W+YNL071W,YNL071W,lat1_delta,KanMX_deletion,0.91,0.06105,0.566684,0.3652,6,0,0,1,0.5675,0.08550000000000002,0.91,-0.08999999999999997,False
YER059W+YIL050W+YJL016W,YJL016W,yjl016w_delta,KanMX_deletion,0.9098,0.0316,-0.057491,0.378,6,0,0,1,0.10441999999999996,-0.0472999999999999,0.9098,-0.09019999999999995,False
YER059W+YIL050W+YJL036W,YJL036W,snx4_delta,KanMX_deletion,0.9097,0.07765,-0.015676,0.2111,6,0,0,1,0.13949999999999996,0.0847,0.9097,-0.09030000000000005,False
YER059W+YIL050W+YGL226C-A,YGL226C-A,ost5_delta,KanMX_deletion,0.9095,0.0736,-0.090506,0.4404,6,0,0,1,0.10441999999999996,0.0034999999999999476,0.9095,-0.09050000000000002,False
YER059W+YIL050W+YMR156C,YMR156C,tpp1_delta,KanMX_deletion,0.9094,0.0197,0.033254,0.3431,6,0,0,1,0.10441999999999996,-0.020499999999999963,0.9094,-0.09060000000000001,False
YER059W+YIL050W+YHL029C,YHL029C,oca5_delta,KanMX_deletion,0.9089,0.0299,-0.010021,0.1098,6,0,2,1,0.10441999999999996,0.05500000000000005,0.9089,-0.09109999999999996,False
YER059W+YIL050W+YJL183W,YJL183W,mnn11_delta,KanMX_deletion,0.9082,0.0439,-0.125996,0.3695,6,0,0,1,0.10441999999999996,0.00029999999999996696,0.9082,-0.09179999999999999,False
YER059W+YIL050W+YBL061C,YBL061C,skt5_delta,KanMX_deletion,0.9077,0.0383,0.068624,0.3768,6,0,0,1,0.15002000000000004,0.0847,0.9077,-0.09230000000000005,False
YER059W+YIL050W+YBR041W,YBR041W,fat1_delta,KanMX_deletion,0.9072,0.02995,0.019084,0.453,6,0,1,1,0.10441999999999996,0.009000000000000008,0.9072,-0.0928,False
YER059W+YIL050W+YJL168C,YJL168C,set2_delta,KanMX_deletion,0.907,0.0189,0.085386,0.1885,6,0,0,1,0.10441999999999996,0.0847,0.907,-0.09299999999999997,False
YER059W+YIL050W+YJR050W,YJR050W,isy1_delta,KanMX_deletion,0.9068,0.0409,-0.087445,0.2941,6,0,0,1,0.10441999999999996,-0.0038000000000000256,0.9068,-0.09319999999999995,False
YER059W+YIL050W+YHR031C,YHR031C,rrm3_delta,KanMX_deletion,0.9064,0.0116,-0.04998,0.08485,6,0,0,1,0.10441999999999996,0.04849999999999999,0.9064,-0.09360000000000002,False
YER059W+YIL050W+YPL071C,YPL071C,ypl071c_delta,KanMX_deletion,0.9061,0.0455,-0.108996,0.3862,6,0,0,0,0.10441999999999996,-0.0242,0.9061,-0.09389999999999998,False
YER059W+YIL050W+YCR088W,YCR088W,abp1_delta,KanMX_deletion,0.9061,0.0355,-0.01954,0.2905,6,0,0,0,0.10441999999999996,-0.008999999999999897,0.9061,-0.09389999999999998,False
YER059W+YIL050W+YBR228W,YBR228W,slx1_delta,KanMX_deletion,0.906,0.053,-0.020091,0.4785,6,0,1,0,0.10441999999999996,-0.023700000000000054,0.906,-0.09399999999999997,False
YER059W+YIL050W+YMR305C,YMR305C,scw10_delta,KanMX_deletion,0.9052,0.017,0.025699,0.419,6,0,0,0,0.10441999999999996,-0.019300000000000095,0.9052,-0.0948,False
YER059W+YIL050W+YPL052W,YPL052W,oaz1_delta,KanMX_deletion,0.9051,0.01715,-0.002396,0.3627,6,0,0,0,0.10441999999999996,0.007000000000000006,0.9051,-0.09489999999999998,False
YER059W+YIL050W+YGL023C,YGL023C,pib2_delta,KanMX_deletion,0.905,0.02875,0.688459,0.2411,6,0,0,0,0.7452,0.0937,0.905,-0.09499999999999997,False
YER059W+YIL050W+YJL128C,YJL128C,pbs2_delta,KanMX_deletion,0.9049,0.02725,-0.038006,0.3683,6,0,0,0,0.10441999999999996,0.0645,0.9049,-0.09509999999999996,False
YER059W+YIL050W+YMR274C,YMR274C,rce1_delta,KanMX_deletion,0.9044,0.0473,-0.043051,0.4996,6,0,0,0,0.10441999999999996,0.011299999999999977,0.9044,-0.09560000000000002,False
YER059W+YIL050W+YDR349C,YDR349C,yps7_delta,KanMX_deletion,0.9039,0.01515,-0.084286,0.4204,6,0,0,0,0.10441999999999996,0.015000000000000013,0.9039,-0.09609999999999996,False
YER059W+YIL050W+YJL059W,YJL059W,yhc3_delta,KanMX_deletion,0.9038,0.0438,0.308734,0.3818,6,0,1,0,0.2519,0.02749999999999997,0.9038,-0.09619999999999995,False
YER059W+YIL050W+YGR217W,YGR217W,cch1_delta,KanMX_deletion,0.9038,0.04525,0.008614,0.3826,6,0,1,0,0.10441999999999996,0.05169999999999997,0.9038,-0.09619999999999995,False
YER059W+YIL050W+YJR135C,YJR135C,mcm22_delta,KanMX_deletion,0.9034,0.05385,0.047349,0.3461,6,0,1,0,0.10441999999999996,0.03300000000000003,0.9034,-0.09660000000000002,False
YER059W+YIL050W+YLR085C,YLR085C,arp6_delta,KanMX_deletion,0.9034,0.0133,0.011046,0.4484,6,0,0,0,0.14470000000000005,0.0847,0.9034,-0.09660000000000002,False
YER059W+YIL050W+YDR100W,YDR100W,tvp15_delta,KanMX_deletion,0.903,0.04045,0.064557,0.462,6,0,0,0,0.10441999999999996,0.03200000000000003,0.903,-0.09699999999999998,False
YER059W+YIL050W+YJL098W,YJL098W,sap185_delta,KanMX_deletion,0.9028,0.0289,0.92653,0.4299,6,0,0,0,0.9405,0.0937,0.9028,-0.09719999999999995,False
YER059W+YIL050W+YML111W,YML111W,bul2_delta,KanMX_deletion,0.9026,0.03115,-0.040824,0.3829,6,0,0,0,0.10441999999999996,0.01317999999999997,0.9026,-0.09740000000000004,False
YER059W+YIL050W+YKR048C,YKR048C,nap1_delta,KanMX_deletion,0.9021,0.01625,0.002493,0.4956,6,0,0,0,0.10441999999999996,0.014499999999999957,0.9021,-0.09789999999999999,False
YER059W+YIL050W+YMR036C,YMR036C,mih1_delta,KanMX_deletion,0.9021,0.0258,-0.07286,0.2996,6,0,0,0,0.10441999999999996,-0.02279999999999993,0.9021,-0.09789999999999999,False
YER059W+YIL050W+YKL027W,YKL027W,tcd2_delta,KanMX_deletion,0.9019,0.0217,-0.007282,0.4342,6,0,0,0,0.10741999999999996,0.0847,0.9019,-0.09809999999999997,False
YER059W+YIL050W+YBR162C,YBR162C,tos1_delta,KanMX_deletion,0.9016,0.02265,-0.013326,0.3516,6,0,0,0,0.10441999999999996,0.011900000000000022,0.9016,-0.09840000000000004,False
YER059W+YIL050W+YNL099C,YNL099C,oca1_delta,KanMX_deletion,0.9014,0.02825,-0.049157,0.2606,6,0,0,0,0.10441999999999996,0.08399999999999996,0.9014,-0.09860000000000002,False
YER059W+YIL050W+YOR064C,YOR064C,yng1_delta,KanMX_deletion,0.9011,0.0293,0.12117,0.3457,6,0,1,0,0.10441999999999996,0.02200000000000002,0.9011,-0.09889999999999999,False
YER059W+YIL050W+YDR466W,YDR466W,pkh3_delta,KanMX_deletion,0.9007,0.03315,-0.024166,0.3826,6,0,0,0,0.10441999999999996,-0.033500000000000085,0.9007,-0.09930000000000005,False
YER059W+YIL050W+YDR156W,YDR156W,rpa14_delta,KanMX_deletion,0.9006,0.02895,-0.02027,0.4295,6,0,0,0,0.13380000000000003,0.0847,0.9006,-0.09940000000000004,False
YER059W+YIL050W+YHR003C,YHR003C,tcd1_delta,KanMX_deletion,0.9005,0.0055,0.47175,0.05955,6,0,0,0,0.5527,0.08736999999999995,0.9005,-0.09950000000000003,False
YER059W+YIL050W+YDR386W,YDR386W,mus81_delta,KanMX_deletion,0.9004,0.0307,0.039673,0.4929,6,0,1,0,0.10441999999999996,0.026499999999999968,0.9004,-0.09960000000000002,False
YER059W+YIL050W+YGL210W,YGL210W,ypt32_delta,KanMX_deletion,0.9004,0.033,-0.014641,0.2821,6,0,0,0,0.10441999999999996,0.03369999999999995,0.9004,-0.09960000000000002,False
YER059W+YIL050W+YKR072C,YKR072C,sis2_delta,KanMX_deletion,0.8999,0.0315,0.007052,0.4582,6,0,1,0,0.10441999999999996,0.06299999999999994,0.8999,-0.10009999999999997,False
YER059W+YIL050W+YBR057C,YBR057C,mum2_delta,KanMX_deletion,0.8998,0.02095,0.006157,0.3463,6,0,0,0,0.10441999999999996,0.05230000000000001,0.8998,-0.10019999999999996,False
YER059W+YIL050W+YPL001W,YPL001W,hat1_delta,KanMX_deletion,0.8998,0.0209,-0.040915,0.4549,6,0,0,0,0.10441999999999996,0.010499999999999954,0.8998,-0.10019999999999996,False
YER059W+YIL050W+YGL194C,YGL194C,hos2_delta,KanMX_deletion,0.8986,0.02125,-0.057247,0.4352,6,0,0,0,0.10441999999999996,0.0847,0.8986,-0.10140000000000005,False
YER059W+YIL050W+YKL175W,YKL175W,zrt3_delta,KanMX_deletion,0.8983,0.0538,-0.090643,0.4206,6,0,0,0,0.10441999999999996,-0.01550000000000007,0.8983,-0.10170000000000001,False
YER059W+YIL050W+YBR031W,YBR031W,rpl4a_delta,KanMX_deletion,0.8982,0.01475,0.045317,0.01964,6,0,0,0,0.11360000000000003,0.0847,0.8982,-0.1018,False
YER059W+YIL050W+YGL195W,YGL195W,gcn1_delta,KanMX_deletion,0.8982,0.02775,-0.116039,0.3886,6,0,0,0,0.10441999999999996,0.07950000000000002,0.8982,-0.1018,False
YER059W+YIL050W+YDL059C,YDL059C,rad59_delta,KanMX_deletion,0.8979,0.03755,-0.139023,0.4693,6,0,0,0,0.10441999999999996,-0.014999999999999902,0.8979,-0.10209999999999997,False
YER059W+YIL050W+YKR010C,YKR010C,tof2_delta,KanMX_deletion,0.8978,0.03015,0.030306,0.4063,6,0,0,0,0.10441999999999996,-0.013600000000000056,0.8978,-0.10219999999999996,False
YER059W+YIL050W+YGR015C,YGR015C,ygr015c_delta,KanMX_deletion,0.8978,0.0407,-0.0397,0.2556,6,0,0,0,0.10441999999999996,-0.04800000000000004,0.8978,-0.10219999999999996,False
YER059W+YIL050W+YJL012C,YJL012C,vtc4_delta,KanMX_deletion,0.8976,0.07745,-0.017529,0.4113,6,0,1,0,0.10441999999999996,0.02629999999999999,0.8976,-0.10240000000000005,False
YER059W+YIL050W+YKR095W,YKR095W,mlp1_delta,KanMX_deletion,0.8974,0.08235,0.055083,0.4535,6,0,1,0,0.10441999999999996,0.01100000000000001,0.8974,-0.10260000000000002,False
YER059W+YIL050W+YBR083W,YBR083W,tec1_delta,KanMX_deletion,0.8971,0.04365,-0.015076,0.4251,6,0,0,0,0.10441999999999996,-0.015800000000000036,0.8971,-0.10289999999999999,False
YER059W+YIL050W+YMR106C,YMR106C,yku80_delta,KanMX_deletion,0.8967,0.0113,-0.01074,0.1864,6,0,0,0,0.10441999999999996,-0.0132000000000001,0.8967,-0.10329999999999995,False
YER059W+YIL050W+YBR229C,YBR229C,rot2_delta,KanMX_deletion,0.8964,0.03635,0.025417,0.4335,6,0,1,0,0.10441999999999996,0.02300000000000002,0.8964,-0.10360000000000003,False
YER059W+YIL050W+YBL052C,YBL052C,sas3_delta,KanMX_deletion,0.8962,0.00875,0.002074,0.0998,6,0,0,0,0.10441999999999996,-0.0040000000000000036,0.8962,-0.1038,False
YER059W+YIL050W+YOR237W,YOR237W,hes1_delta,KanMX_deletion,0.8958,0.0154,-0.081261,0.3886,6,0,0,0,0.10441999999999996,-0.030000000000000027,0.8958,-0.10419999999999996,False
YER059W+YIL050W+YLR044C,YLR044C,pdc1_delta,KanMX_deletion,0.8956,0.0461,0.188125,0.3928,6,0,2,0,0.10929999999999995,0.0676,0.8956,-0.10440000000000005,False
YER059W+YIL050W+YDL100C,YDL100C,get3_delta,KanMX_deletion,0.8953,0.039,0.057653,0.3011,6,0,1,0,0.10441999999999996,0.032200000000000006,0.8953,-0.10470000000000002,False
YER059W+YIL050W+YLR375W,YLR375W,stp3_delta,KanMX_deletion,0.8952,0.0503,0.034634,0.271,6,0,2,0,0.10441999999999996,0.05579999999999996,0.8952,-0.1048,False
YER059W+YIL050W+YJR005W,YJR005W,apl1_delta,KanMX_deletion,0.8947,0.0341,0.004529,0.4356,6,0,1,0,0.10441999999999996,0.014499999999999957,0.8947,-0.10529999999999995,False
YER059W+YIL050W+YKR053C,YKR053C,ysr3_delta,KanMX_deletion,0.8943,0.0346,0.223958,0.3977,6,0,0,0,0.22340000000000004,0.02971999999999997,0.8943,-0.10570000000000002,False
YER059W+YIL050W+YBR111C,YBR111C,ysa1_delta,KanMX_deletion,0.8942,0.0284,-0.090806,0.3469,6,0,0,0,0.10441999999999996,0.0050000000000000044,0.8942,-0.1058,False
YER059W+YIL050W+YBR024W,YBR024W,sco2_delta,KanMX_deletion,0.8942,0.0259,0.024283,0.36,6,0,0,0,0.10441999999999996,0.0847,0.8942,-0.1058,False
YER059W+YIL050W+YMR284W,YMR284W,yku70_delta,KanMX_deletion,0.8941,0.01485,-0.071603,0.423,6,0,0,0,0.10441999999999996,0.012499999999999956,0.8941,-0.1059,False
YER059W+YIL050W+YDR011W,YDR011W,snq2_delta,KanMX_deletion,0.894,0.0299,-0.053625,0.4328,6,0,0,0,0.10441999999999996,0.0028000000000000247,0.894,-0.10599999999999998,False
YER059W+YIL050W+YHR179W,YHR179W,oye2_delta,KanMX_deletion,0.8935,0.009,-0.028625,0.3091,6,0,0,0,0.10441999999999996,-0.038000000000000034,0.8935,-0.10650000000000004,False
YER059W+YIL050W+YDR007W,YDR007W,trp1_delta,KanMX_deletion,0.8933,0.03025,0.046035,0.2144,6,0,1,0,0.10441999999999996,0.06389999999999996,0.8933,-0.10670000000000002,False
YER059W+YIL050W+YLL043W,YLL043W,fps1_delta,KanMX_deletion,0.893,0.02575,-0.000422,0.2984,6,0,0,0,0.10441999999999996,0.0847,0.893,-0.10699999999999998,False
YER059W+YIL050W+YGR203W,YGR203W,ych1_delta,KanMX_deletion,0.893,0.0524,-0.015143,0.4238,6,0,0,0,0.10441999999999996,0.008399999999999963,0.893,-0.10699999999999998,False
YER059W+YIL050W+YLR410W,YLR410W,vip1_delta,KanMX_deletion,0.8924,0.02705,0.041513,0.04605,6,0,0,1,0.16069999999999995,0.0847,0.8924,-0.10760000000000003,False
YER059W+YIL050W+YLR308W,YLR308W,cda2_delta,KanMX_deletion,0.8924,0.02825,-0.026065,0.4987,6,0,0,0,0.10441999999999996,-0.014499999999999957,0.8924,-0.10760000000000003,False
YER059W+YIL050W+YOR228C,YOR228C,mcp1_delta,KanMX_deletion,0.8924,0.00815,-0.097276,0.1777,6,0,0,0,0.10441999999999996,0.014000000000000012,0.8924,-0.10760000000000003,False
YER059W+YIL050W+YAL011W,YAL011W,swc3_delta,KanMX_deletion,0.8922,0.02445,0.067059,0.424,6,0,1,0,0.10441999999999996,0.0847,0.8922,-0.1078,False
YER059W+YIL050W+YGL141W,YGL141W,hul5_delta,KanMX_deletion,0.8922,0.0524,-0.067021,0.3922,6,0,0,0,0.10441999999999996,-0.020499999999999963,0.8922,-0.1078,False
YER059W+YIL050W+YLR266C,YLR266C,pdr8_delta,KanMX_deletion,0.8918,0.0293,-0.036302,0.4946,6,0,0,0,0.10441999999999996,0.06981000000000004,0.8918,-0.10819999999999996,False
YER059W+YIL050W+YOR216C,YOR216C,rud3_delta,KanMX_deletion,0.8918,0.036,-0.038187,0.4487,6,0,0,0,0.10441999999999996,0.021499999999999964,0.8918,-0.10819999999999996,False
YER059W+YIL050W+YPL057C,YPL057C,sur1_delta,KanMX_deletion,0.8908,0.0378,0.013365,0.45,6,0,1,0,0.13849999999999996,0.0847,0.8908,-0.10919999999999996,False
YER059W+YIL050W+YJR125C,YJR125C,ent3_delta,KanMX_deletion,0.8907,0.04305,-0.065222,0.4916,6,0,0,0,0.10441999999999996,0.034499999999999975,0.8907,-0.10929999999999995,False
YER059W+YIL050W+YCL011C,YCL011C,gbp2_delta,KanMX_deletion,0.8905,0.0085,-0.006719,0.1516,6,0,0,0,0.18205000000000005,0.0847,0.8905,-0.10950000000000004,False
YER059W+YIL050W+YLR386W,YLR386W,vac14_delta,KanMX_deletion,0.8903,0.06345,-0.105441,0.271,6,0,0,0,0.10441999999999996,-0.03849999999999998,0.8903,-0.10970000000000002,False
YER059W+YIL050W+YBL047C,YBL047C,ede1_delta,KanMX_deletion,0.8903,0.02385,0.04794,0.3668,6,0,0,0,0.10441999999999996,0.018000000000000016,0.8903,-0.10970000000000002,False
YER059W+YIL050W+YHR204W,YHR204W,mnl1_delta,KanMX_deletion,0.89,0.0352,0.053204,0.4021,6,0,0,0,0.10441999999999996,0.026499999999999968,0.89,-0.10999999999999999,False
YER059W+YIL050W+YHR200W,YHR200W,rpn10_delta,KanMX_deletion,0.8899,0.02915,0.034939,0.3175,6,0,0,0,0.16449999999999998,0.0847,0.8899,-0.11009999999999998,False
YER059W+YIL050W+YBR255W,YBR255W,mtc4_delta,KanMX_deletion,0.8898,0.03235,-0.011294,0.4961,6,0,0,0,0.10441999999999996,0.04569999999999996,0.8898,-0.11019999999999996,False
YER059W+YIL050W+YOL007C,YOL007C,csi2_delta,KanMX_deletion,0.8898,0.04585,-0.060955,0.4193,6,0,0,0,0.10441999999999996,-0.03849999999999998,0.8898,-0.11019999999999996,False
YER059W+YIL050W+YCL061C,YCL061C,mrc1_delta,KanMX_deletion,0.8896,0.01645,-0.032051,0.3335,6,0,0,0,0.12150000000000005,0.0847,0.8896,-0.11040000000000005,False
YER059W+YIL050W+YCR027C,YCR027C,rhb1_delta,KanMX_deletion,0.8894,0.0217,-0.052502,0.3418,6,0,0,0,0.10441999999999996,-0.033500000000000085,0.8894,-0.11060000000000003,False
YER059W+YIL050W+YGR281W,YGR281W,yor1_delta,KanMX_deletion,0.8893,0.0121,0.081171,0.2079,6,0,1,0,0.10441999999999996,0.07189999999999996,0.8893,-0.11070000000000002,False
YER059W+YIL050W+YFR015C,YFR015C,gsy1_delta,KanMX_deletion,0.8893,0.0347,-0.027842,0.4832,6,0,0,0,0.10441999999999996,0.03425,0.8893,-0.11070000000000002,False
YER059W+YIL050W+YOR144C,YOR144C,elg1_delta,KanMX_deletion,0.8891,0.0412,-0.165844,0.4496,6,0,0,0,0.10441999999999996,0.02749999999999997,0.8891,-0.1109,False
YER059W+YIL050W+YPL051W,YPL051W,arl3_delta,KanMX_deletion,0.8889,0.0351,0.551468,0.3348,6,0,1,0,0.5826,0.049699999999999966,0.8889,-0.11109999999999998,False
YER059W+YIL050W+YOR163W,YOR163W,ddp1_delta,KanMX_deletion,0.8888,0.0349,0.015742,0.349,6,0,0,0,0.10441999999999996,-0.005600000000000049,0.8888,-0.11119999999999997,False
YER059W+YIL050W+YOR315W,YOR315W,sfg1_delta,KanMX_deletion,0.8884,0.04895,-0.003925,0.4301,6,0,0,0,0.10441999999999996,0.013499999999999956,0.8884,-0.11160000000000003,False
YER059W+YIL050W+YLR194C,YLR194C,ylr194c_delta,KanMX_deletion,0.8875,0.02785,-0.011217,0.3477,6,0,0,0,0.10441999999999996,-0.011600000000000055,0.8875,-0.11250000000000004,False
YER059W+YIL050W+YML124C,YML124C,tub3_delta,KanMX_deletion,0.8869,0.0251,-0.106309,0.4389,6,0,0,0,0.10441999999999996,0.025800000000000045,0.8869,-0.11309999999999998,False
YER059W+YIL050W+YGL213C,YGL213C,ski8_delta,KanMX_deletion,0.8869,0.0273,0.561641,0.3236,6,0,1,0,0.5646,0.07769999999999999,0.8869,-0.11309999999999998,False
YER059W+YIL050W+YDR107C,YDR107C,tmn2_delta,KanMX_deletion,0.8866,0.02545,0.011708,0.2923,6,0,0,0,0.10441999999999996,0.045499999999999985,0.8866,-0.11339999999999995,False
YER059W+YIL050W+YJL122W,YJL122W,alb1_delta,KanMX_deletion,0.8865,0.0368,-0.015923,0.4295,6,0,0,0,0.10441999999999996,-0.01760000000000006,0.8865,-0.11350000000000005,False
YER059W+YIL050W+YCL069W,YCL069W,vba3_delta,KanMX_deletion,0.8863,0.00835,-0.00583,0.4346,6,0,0,0,0.10441999999999996,-0.012599999999999945,0.8863,-0.11370000000000002,False
YER059W+YIL050W+YHL002W,YHL002W,hse1_delta,KanMX_deletion,0.8863,0.02285,-0.027874,0.4418,6,0,0,0,0.10441999999999996,0.005499999999999949,0.8863,-0.11370000000000002,False
YER059W+YIL050W+YOR127W,YOR127W,rga1_delta,KanMX_deletion,0.8861,0.01665,0.035573,0.4177,6,0,0,0,0.10441999999999996,0.03300000000000003,0.8861,-0.1139,False
YER059W+YIL050W+YGR202C,YGR202C,pct1_delta,KanMX_deletion,0.8858,0.02335,0.070588,0.4626,6,0,0,0,0.10441999999999996,0.04259999999999997,0.8858,-0.11419999999999997,False
YER059W+YIL050W+YJL123C,YJL123C,mtc1_delta,KanMX_deletion,0.8853,0.01395,0.027352,0.259,6,0,0,0,0.10441999999999996,0.014800000000000035,0.8853,-0.11470000000000002,False
YER059W+YIL050W+YOR337W,YOR337W,tea1_delta,KanMX_deletion,0.8853,0.0388,-0.019648,0.4171,6,0,1,0,0.10441999999999996,0.010499999999999954,0.8853,-0.11470000000000002,False
YER059W+YIL050W+YGR004W,YGR004W,pex31_delta,KanMX_deletion,0.8848,0.0317,-0.062016,0.426,6,0,0,0,0.10441999999999996,0.03469999999999995,0.8848,-0.11519999999999997,False
YER059W+YIL050W+YOL101C,YOL101C,izh4_delta,KanMX_deletion,0.8844,0.02055,0.000463,0.4547,6,0,0,0,0.10441999999999996,0.022599999999999953,0.8844,-0.11560000000000004,False
YER059W+YIL050W+YNL049C,YNL049C,sfb2_delta,KanMX_deletion,0.8841,0.03115,0.032056,0.4926,6,0,0,0,0.10441999999999996,0.04730000000000001,0.8841,-0.1159,False
YER059W+YIL050W+YBR068C,YBR068C,bap2_delta,KanMX_deletion,0.884,0.0356,-0.12,0.294,6,0,0,0,0.10441999999999996,0.02080000000000004,0.884,-0.11599999999999999,False
YER059W+YIL050W+YKL087C,YKL087C,cyt2_delta,KanMX_deletion,0.884,0.04135,0.013766,0.3505,6,0,0,0,0.10919999999999996,0.0847,0.884,-0.11599999999999999,False
YER059W+YIL050W+YLR360W,YLR360W,vps38_delta,KanMX_deletion,0.8839,0.0189,-0.016908,0.2561,6,0,0,0,0.10441999999999996,0.0847,0.8839,-0.11609999999999998,False
YER059W+YIL050W+YJL112W,YJL112W,mdv1_delta,KanMX_deletion,0.8838,0.02,0.013591,0.3116,6,0,0,0,0.10441999999999996,0.03222999999999998,0.8838,-0.11619999999999997,False
YER059W+YIL050W+YDR424C,YDR424C,dyn2_delta,KanMX_deletion,0.8838,0.0189,-0.133677,0.4848,6,0,0,0,0.10441999999999996,0.0020000000000000018,0.8838,-0.11619999999999997,False
YER059W+YIL050W+YOR359W,YOR359W,vts1_delta,KanMX_deletion,0.8832,0.03155,-0.004432,0.3139,6,0,0,0,0.10441999999999996,0.05830000000000002,0.8832,-0.11680000000000001,False
YER059W+YIL050W+YDR393W,YDR393W,she9_delta,KanMX_deletion,0.8832,0.02665,0.207037,0.06705,6,0,0,2,0.2237,0.0937,0.8832,-0.11680000000000001,False
YER059W+YIL050W+YLR099C,YLR099C,ict1_delta,KanMX_deletion,0.8825,0.01715,-0.011393,0.4153,6,0,0,0,0.10441999999999996,0.016900000000000026,0.8825,-0.11750000000000005,False
YER059W+YIL050W+YDR198C,YDR198C,rkm2_delta,KanMX_deletion,0.8823,0.0309,-0.073631,0.3704,6,0,0,0,0.10441999999999996,-0.014799999999999924,0.8823,-0.11770000000000003,False
YER059W+YIL050W+YBR043C,YBR043C,qdr3_delta,KanMX_deletion,0.8823,0.0263,0.070174,0.4144,6,0,0,0,0.10441999999999996,0.05020000000000002,0.8823,-0.11770000000000003,False
YER059W+YIL050W+YKR011C,YKR011C,ykr011c_delta,KanMX_deletion,0.8819,0.0321,0.092454,0.4591,6,0,1,0,0.10441999999999996,0.05059999999999998,0.8819,-0.11809999999999998,False
YER059W+YIL050W+YML020W,YML020W,yml020w_delta,KanMX_deletion,0.8818,0.02665,0.059907,0.3531,6,0,1,0,0.10441999999999996,-0.0009999999999998899,0.8818,-0.11819999999999997,False
YER059W+YIL050W+YPL092W,YPL092W,ssu1_delta,KanMX_deletion,0.8816,0.02065,-0.108116,0.2324,6,0,0,0,0.10441999999999996,-0.010199999999999987,0.8816,-0.11839999999999995,False
YER059W+YIL050W+YJL020C,YJL020C,bbc1_delta,KanMX_deletion,0.8815,0.04995,0.039875,0.2469,6,0,0,0,0.10441999999999996,0.009499999999999953,0.8815,-0.11850000000000005,False
YER059W+YIL050W+YJR021C,YJR021C,rec107_delta,KanMX_deletion,0.8814,0.02875,-0.0457,0.1484,6,0,0,0,0.10441999999999996,-0.02320000000000011,0.8814,-0.11860000000000004,False
YER059W+YIL050W+YDR254W,YDR254W,chl4_delta,KanMX_deletion,0.8814,0.03795,-0.028139,0.3897,6,0,0,0,0.10441999999999996,-0.00550000000000006,0.8814,-0.11860000000000004,False
YER059W+YIL050W+YPR079W,YPR079W,mrl1_delta,KanMX_deletion,0.8813,0.0568,-0.076272,0.4531,6,0,0,0,0.10441999999999996,-0.0027999999999999137,0.8813,-0.11870000000000003,False
YER059W+YIL050W+YDR146C,YDR146C,swi5_delta,KanMX_deletion,0.8812,0.04365,0.006841,0.2751,6,0,0,0,0.10840000000000005,0.0847,0.8812,-0.11880000000000002,False
YER059W+YIL050W+YOR171C,YOR171C,lcb4_delta,KanMX_deletion,0.8807,0.0316,0.094752,0.2727,6,0,0,0,0.17390000000000005,0.03610000000000002,0.8807,-0.11929999999999996,False
YER059W+YIL050W+YPR140W,YPR140W,taz1_delta,KanMX_deletion,0.8806,0.03975,0.025916,0.4713,6,0,0,0,0.10441999999999996,0.023299999999999987,0.8806,-0.11939999999999995,False
YER059W+YIL050W+YLR119W,YLR119W,srn2_delta,KanMX_deletion,0.8804,0.05175,-0.007011,0.451,6,0,1,0,0.10441999999999996,0.0847,0.8804,-0.11960000000000004,False
YER059W+YIL050W+YGL027C,YGL027C,cwh41_delta,KanMX_deletion,0.8801,0.02045,-0.03731,0.3883,6,0,0,0,0.10441999999999996,0.018299999999999983,0.8801,-0.1199,False
YER059W+YIL050W+YDR247W,YDR247W,vhs1_delta,KanMX_deletion,0.88,0.04145,0.098528,0.4404,6,0,2,0,0.10441999999999996,0.06999999999999995,0.88,-0.12,False
YER059W+YIL050W+YDR391C,YDR391C,ydr391c_delta,KanMX_deletion,0.8789,0.04945,-0.0111,0.4532,6,0,1,0,0.10441999999999996,0.01629999999999998,0.8789,-0.12109999999999999,False
YER059W+YIL050W+YMR275C,YMR275C,bul1_delta,KanMX_deletion,0.8789,0.0103,-0.081188,0.0337,6,0,0,0,0.20806999999999998,0.0847,0.8789,-0.12109999999999999,False
YER059W+YIL050W+YPL115C,YPL115C,bem3_delta,KanMX_deletion,0.8787,0.07185,-0.129878,0.4272,6,0,0,0,0.10441999999999996,0.013499999999999956,0.8787,-0.12129999999999996,False
YER059W+YIL050W+YGR121C,YGR121C,mep1_delta,KanMX_deletion,0.8783,0.03275,0.796183,0.298,6,0,0,0,0.8681,0.06179000000000001,0.8783,-0.12170000000000003,False
YER059W+YIL050W+YLR183C,YLR183C,tos4_delta,KanMX_deletion,0.8778,0.0354,-0.021628,0.4718,6,0,1,0,0.10441999999999996,-0.023700000000000054,0.8778,-0.12219999999999998,False
YER059W+YIL050W+YOR017W,YOR017W,pet127_delta,KanMX_deletion,0.8776,0.0304,0.029323,0.3882,6,0,1,0,0.12670000000000003,0.0847,0.8776,-0.12239999999999995,False
YER059W+YIL050W+YBR246W,YBR246W,rrt2_delta,KanMX_deletion,0.8771,0.0192,0.231786,0.4455,6,0,2,0,0.22609999999999997,0.0786,0.8771,-0.12290000000000001,False
YER059W+YIL050W+YKL062W,YKL062W,msn4_delta,KanMX_deletion,0.8744,0.01795,-0.03412,0.4943,6,0,0,0,0.125,0.0847,0.8744,-0.12560000000000004,False
YER059W+YIL050W+YDR192C,YDR192C,nup42_delta,KanMX_deletion,0.8744,0.01515,-0.066604,0.3513,6,0,0,0,0.10441999999999996,0.006299999999999972,0.8744,-0.12560000000000004,False
YER059W+YIL050W+YML019W,YML019W,ost6_delta,KanMX_deletion,0.8741,0.02885,-0.029069,0.4156,6,0,0,0,0.10441999999999996,0.04269999999999996,0.8741,-0.1259,False
YER059W+YIL050W+YPR153W,YPR153W,ypr153w_delta,KanMX_deletion,0.874,0.0552,-0.089206,0.4405,6,0,0,0,0.10441999999999996,0.0393,0.874,-0.126,False
YER059W+YIL050W+YAL054C,YAL054C,acs1_delta,KanMX_deletion,0.8738,0.0588,-0.00734,0.4552,6,0,0,0,0.10441999999999996,0.0037000000000000366,0.8738,-0.12619999999999998,False
YER059W+YIL050W+YDR318W,YDR318W,mcm21_delta,KanMX_deletion,0.8733,0.042,-0.0076,0.3448,6,0,0,0,0.10441999999999996,0.02100000000000002,0.8733,-0.12670000000000003,False
YER059W+YIL050W+YKR090W,YKR090W,pxl1_delta,KanMX_deletion,0.8732,0.02175,-0.028023,0.3183,6,0,0,0,0.10441999999999996,-0.038799999999999946,0.8732,-0.12680000000000002,False
YER059W+YIL050W+YOR279C,YOR279C,rfm1_delta,KanMX_deletion,0.8726,0.0708,-0.02213,0.3577,6,0,0,0,0.10441999999999996,0.01849999999999996,0.8726,-0.12739999999999996,False
YER059W+YIL050W+YLR170C,YLR170C,aps1_delta,KanMX_deletion,0.8726,0.0481,-0.021725,0.4668,6,0,0,0,0.10441999999999996,0.0018000000000000238,0.8726,-0.12739999999999996,False
YER059W+YIL050W+YDR538W,YDR538W,pad1_delta,KanMX_deletion,0.8726,0.01935,0.018808,0.2384,6,0,0,0,0.10441999999999996,-0.02519999999999989,0.8726,-0.12739999999999996,False
YER059W+YIL050W+YLR057W,YLR057W,mnl2_delta,KanMX_deletion,0.8723,0.0316,0.01554,0.3681,6,0,1,0,0.10441999999999996,0.008499999999999952,0.8723,-0.12770000000000004,False
YER059W+YIL050W+YMR015C,YMR015C,erg5_delta,KanMX_deletion,0.8723,0.0537,-0.118339,0.4587,6,0,0,0,0.10441999999999996,0.08079999999999998,0.8723,-0.12770000000000004,False
YER059W+YIL050W+YPL196W,YPL196W,oxr1_delta,KanMX_deletion,0.8721,0.0514,-0.020512,0.2912,6,0,0,0,0.10441999999999996,-0.01110000000000011,0.8721,-0.1279,False
YER059W+YIL050W+YML034W,YML034W,src1_delta,KanMX_deletion,0.8721,0.03265,-0.018196,0.365,6,0,0,0,0.10441999999999996,0.05528999999999995,0.8721,-0.1279,False
YER059W+YIL050W+YKL020C,YKL020C,spt23_delta,KanMX_deletion,0.872,0.05885,-0.169527,0.2175,6,0,0,0,0.10441999999999996,-0.02970000000000006,0.872,-0.128,False
YER059W+YIL050W+YBR103W,YBR103W,sif2_delta,KanMX_deletion,0.8718,0.0447,-0.168836,0.413,6,0,0,0,0.15749999999999997,0.0847,0.8718,-0.12819999999999998,False
YER059W+YIL050W+YBR278W,YBR278W,dpb3_delta,KanMX_deletion,0.8714,0.01605,-0.093135,0.3087,6,0,0,0,0.10441999999999996,-0.029900000000000038,0.8714,-0.12860000000000005,False
YER059W+YIL050W+YOR367W,YOR367W,scp1_delta,KanMX_deletion,0.8714,0.04185,0.060624,0.3254,6,0,1,0,0.10441999999999996,0.011600000000000055,0.8714,-0.12860000000000005,False
YER059W+YIL050W+YBR195C,YBR195C,msi1_delta,KanMX_deletion,0.871,0.0286,0.028669,0.4393,6,0,0,0,0.10441999999999996,0.058499999999999996,0.871,-0.129,False
YER059W+YIL050W+YPR075C,YPR075C,opy2_delta,KanMX_deletion,0.8709,0.0276,0.003055,0.4899,6,0,0,0,0.10441999999999996,0.03249999999999997,0.8709,-0.1291,False
YER059W+YIL050W+YGL241W,YGL241W,kap114_delta,KanMX_deletion,0.8706,0.029,-0.117877,0.4594,6,0,0,0,0.10441999999999996,0.01200000000000001,0.8706,-0.12939999999999996,False
YER059W+YIL050W+YCR098C,YCR098C,git1_delta,KanMX_deletion,0.8705,0.01385,0.050659,0.4445,6,0,0,0,0.12819999999999998,-0.005700000000000038,0.8705,-0.12949999999999995,False
YER059W+YIL050W+YHL034C,YHL034C,sbp1_delta,KanMX_deletion,0.8704,0.02145,-0.040277,0.4643,6,0,0,0,0.10441999999999996,0.0847,0.8704,-0.12960000000000005,False
YER059W+YIL050W+YGR126W,YGR126W,ygr126w_delta,KanMX_deletion,0.8704,0.0291,-0.076794,0.3001,6,0,0,0,0.10441999999999996,0.0010000000000000009,0.8704,-0.12960000000000005,False
YER059W+YIL050W+YPR003C,YPR003C,ypr003c_delta,KanMX_deletion,0.8699,0.0078,0.02891,0.1177,6,0,0,0,0.10441999999999996,0.014900000000000024,0.8699,-0.1301,False
YER059W+YIL050W+YPL055C,YPL055C,lge1_delta,KanMX_deletion,0.8694,0.04015,0.009444,0.187,6,0,0,0,0.3185,0.0847,0.8694,-0.13060000000000005,False
YER059W+YIL050W+YNL001W,YNL001W,dom34_delta,KanMX_deletion,0.8692,0.02165,0.013268,0.3606,6,0,0,0,0.10441999999999996,0.0847,0.8692,-0.13080000000000003,False
YER059W+YIL050W+YFR009W,YFR009W,gcn20_delta,KanMX_deletion,0.869,0.02245,0.084436,0.361,6,0,0,0,0.14780000000000004,0.05500000000000005,0.869,-0.131,False
YER059W+YIL050W+YOL070C,YOL070C,nba1_delta,KanMX_deletion,0.8687,0.0324,-0.030671,0.3936,6,0,0,0,0.10441999999999996,0.0047000000000000375,0.8687,-0.13129999999999997,False
YER059W+YIL050W+YMR073C,YMR073C,irc21_delta,KanMX_deletion,0.8686,0.03445,-0.05134,0.4525,6,0,0,0,0.10441999999999996,0.025499999999999967,0.8686,-0.13139999999999996,False
YER059W+YIL050W+YCR083W,YCR083W,trx3_delta,KanMX_deletion,0.8681,0.01725,0.011794,0.3634,6,0,0,0,0.10441999999999996,0.01759999999999995,0.8681,-0.13190000000000002,False
YER059W+YIL050W+YHR049W,YHR049W,fsh1_delta,KanMX_deletion,0.8679,0.03835,-0.007019,0.4845,6,0,0,0,0.10441999999999996,0.046699999999999964,0.8679,-0.1321,False
YER059W+YIL050W+YPL149W,YPL149W,atg5_delta,KanMX_deletion,0.8678,0.0309,0.301321,0.2962,6,0,0,0,0.35429999999999995,0.04730000000000001,0.8678,-0.13219999999999998,False
YER059W+YIL050W+YAL019W,YAL019W,fun30_delta,KanMX_deletion,0.8675,0.03865,0.023588,0.339,6,0,1,0,0.10441999999999996,0.05349999999999999,0.8675,-0.13249999999999995,False
YER059W+YIL050W+YGL198W,YGL198W,yip4_delta,KanMX_deletion,0.8673,0.02415,-0.031764,0.3213,6,0,0,0,0.10441999999999996,0.0039000000000000146,0.8673,-0.13270000000000004,False
YER059W+YIL050W+YGL054C,YGL054C,erv14_delta,KanMX_deletion,0.8669,0.0364,-0.069388,0.2517,6,0,0,0,0.10441999999999996,0.02100000000000002,0.8669,-0.1331,False
YER059W+YIL050W+YDR004W,YDR004W,rad57_delta,KanMX_deletion,0.8662,0.01325,0.200752,0.008335,6,0,0,0,0.2881,0.0937,0.8662,-0.13380000000000003,True
YER059W+YIL050W+YGR166W,YGR166W,trs65_delta,KanMX_deletion,0.8661,0.02145,-0.015688,0.3204,6,0,0,0,0.10441999999999996,0.046499999999999986,0.8661,-0.13390000000000002,False
YER059W+YIL050W+YMR318C,YMR318C,adh6_delta,KanMX_deletion,0.8658,0.05465,-0.040796,0.4987,6,0,0,0,0.10441999999999996,0.010099999999999998,0.8658,-0.13419999999999999,False
YER059W+YIL050W+YDR219C,YDR219C,mfb1_delta,KanMX_deletion,0.8657,0.0264,0.018833,0.4956,6,0,0,0,0.10441999999999996,0.047900000000000054,0.8657,-0.13429999999999997,False
YER059W+YIL050W+YLR114C,YLR114C,avl9_delta,KanMX_deletion,0.8656,0.0313,0.051578,0.3894,6,0,1,0,0.10441999999999996,0.06730000000000003,0.8656,-0.13439999999999996,False
YER059W+YIL050W+YJL024C,YJL024C,aps3_delta,KanMX_deletion,0.8652,0.0295,-0.041057,0.4751,6,0,0,0,0.10441999999999996,0.04600000000000004,0.8652,-0.13480000000000003,False
YER059W+YIL050W+YCR034W,YCR034W,elo2_delta,KanMX_deletion,0.8652,0.03665,-0.069605,0.3719,6,0,0,0,0.10441999999999996,-0.0040999999999999925,0.8652,-0.13480000000000003,False
YER059W+YIL050W+YGL175C,YGL175C,sae2_delta,KanMX_deletion,0.8644,0.0388,-0.088131,0.3886,6,0,1,0,0.10441999999999996,0.01849999999999996,0.8644,-0.13560000000000005,False
YER059W+YIL050W+YJR153W,YJR153W,pgu1_delta,KanMX_deletion,0.864,0.03135,-0.168337,0.1767,6,0,0,0,0.10441999999999996,-0.015800000000000036,0.864,-0.136,False
YER059W+YIL050W+YJR053W,YJR053W,bfa1_delta,KanMX_deletion,0.8634,0.02295,-0.085035,0.2111,6,0,0,0,0.10441999999999996,0.05600000000000005,0.8634,-0.13660000000000005,False
YER059W+YIL050W+YMR004W,YMR004W,mvp1_delta,KanMX_deletion,0.8632,0.038,-0.082944,0.3296,6,0,0,0,0.10441999999999996,0.04679999999999995,0.8632,-0.13680000000000003,False
YER059W+YIL050W+YBR023C,YBR023C,chs3_delta,KanMX_deletion,0.8626,0.0374,-0.10251,0.4826,6,0,0,0,0.10441999999999996,0.007000000000000006,0.8626,-0.13739999999999997,False
YER059W+YIL050W+YDR225W,YDR225W,hta1_delta,KanMX_deletion,0.8624,0.0303,-0.036778,0.2964,6,0,1,0,0.12250000000000005,0.05679999999999996,0.8624,-0.13759999999999994,False
YER059W+YIL050W+YHR158C,YHR158C,kel1_delta,KanMX_deletion,0.8623,0.0557,0.018911,0.3008,6,0,0,0,0.10441999999999996,0.008499999999999952,0.8623,-0.13770000000000004,False
YER059W+YIL050W+YBR098W,YBR098W,mms4_delta,KanMX_deletion,0.861,0.01415,-0.04014,0.4819,6,0,0,0,0.10441999999999996,0.00880000000000003,0.861,-0.139,False
YER059W+YIL050W+YLR309C,YLR309C,imh1_delta,KanMX_deletion,0.861,0.01285,-0.015217,0.1988,6,0,0,0,0.10441999999999996,0.02200000000000002,0.861,-0.139,False
YER059W+YIL050W+YDR369C,YDR369C,xrs2_delta,KanMX_deletion,0.861,0.0216,0.010877,0.2614,6,0,0,0,0.26349999999999996,0.0847,0.861,-0.139,False
YER059W+YIL050W+YOR033C,YOR033C,exo1_delta,KanMX_deletion,0.861,0.0335,-0.025673,0.3417,6,0,0,0,0.10441999999999996,0.05227999999999999,0.861,-0.139,False
YER059W+YIL050W+YLR418C,YLR418C,cdc73_delta,KanMX_deletion,0.8608,0.02415,0.115947,0.3913,6,0,0,0,0.32330000000000003,0.0937,0.8608,-0.1392,False
YER059W+YIL050W+YML012W,YML012W,erv25_delta,KanMX_deletion,0.8607,0.0389,-0.030233,0.3183,6,0,0,0,0.10441999999999996,-0.0007999999999999119,0.8607,-0.13929999999999998,False
YER059W+YIL050W+YBL067C,YBL067C,ubp13_delta,KanMX_deletion,0.8604,0.0358,-0.017387,0.476,6,0,0,0,0.10441999999999996,0.06469999999999998,0.8604,-0.13959999999999995,False
YER059W+YIL050W+YHR079C,YHR079C,ire1_delta,KanMX_deletion,0.8601,0.0385,-0.040242,0.4423,6,0,0,0,0.10441999999999996,0.021700000000000053,0.8601,-0.13990000000000002,False
YER059W+YIL050W+YBL051C,YBL051C,pin4_delta,KanMX_deletion,0.8599,0.0356,0.029883,0.2199,6,0,2,0,0.11909999999999998,0.08730000000000004,0.8599,-0.1401,False
YER059W+YIL050W+YJR140C,YJR140C,hir3_delta,KanMX_deletion,0.8594,0.0307,-0.047183,0.4179,6,0,0,0,0.10441999999999996,0.00649999999999995,0.8594,-0.14059999999999995,False
YER059W+YIL050W+YOL126C,YOL126C,mdh2_delta,KanMX_deletion,0.8591,0.0397,0.019646,0.4085,6,0,0,0,0.10441999999999996,0.04579999999999995,0.8591,-0.14090000000000003,False
YER059W+YIL050W+YBR072W,YBR072W,hsp26_delta,KanMX_deletion,0.8589,0.0334,-0.089305,0.4593,6,0,0,0,0.10441999999999996,-0.001100000000000101,0.8589,-0.1411,False
YER059W+YIL050W+YLR398C,YLR398C,ski2_delta,KanMX_deletion,0.8589,0.0576,0.123466,0.3165,6,0,0,0,0.1825,0.0937,0.8589,-0.1411,False
YER059W+YIL050W+YLR143W,YLR143W,dph6_delta,KanMX_deletion,0.8586,0.0274,-0.05611,0.4608,6,0,0,0,0.10441999999999996,0.04200000000000004,0.8586,-0.14139999999999997,False
YER059W+YIL050W+YKR092C,YKR092C,srp40_delta,KanMX_deletion,0.8581,0.0293,0.957771,0.402,6,0,0,0,1.0253,0.0797,0.8581,-0.14190000000000003,False
YER059W+YIL050W+YMR247C,YMR247C,rkr1_delta,KanMX_deletion,0.8576,0.03765,-0.071652,0.2525,6,0,0,0,0.10441999999999996,-0.0052000000000000934,0.8576,-0.14239999999999997,False
YER059W+YIL050W+YKL101W,YKL101W,hsl1_delta,KanMX_deletion,0.8572,0.02875,0.135108,0.4376,6,0,1,0,0.1522,0.07789999999999997,0.8572,-0.14280000000000004,False
YER059W+YIL050W+YBR028C,YBR028C,ypk3_delta,KanMX_deletion,0.8567,0.03715,0.522806,0.3929,6,0,0,0,0.5322,0.07189999999999996,0.8567,-0.14329999999999998,False
YER059W+YIL050W+YML041C,YML041C,vps71_delta,KanMX_deletion,0.8567,0.02285,-0.029334,0.4705,6,0,0,0,0.119,0.0847,0.8567,-0.14329999999999998,False
YER059W+YIL050W+YKL190W,YKL190W,cnb1_delta,KanMX_deletion,0.8565,0.0509,-0.11909,0.1807,6,0,0,0,0.10441999999999996,0.035699999999999954,0.8565,-0.14349999999999996,False
YER059W+YIL050W+YML108W,YML108W,yml108w_delta,KanMX_deletion,0.8565,0.01485,-0.047962,0.2467,6,0,0,0,0.10441999999999996,0.009199999999999986,0.8565,-0.14349999999999996,False
YER059W+YIL050W+YJR070C,YJR070C,lia1_delta,KanMX_deletion,0.8562,0.00765,0.04768,0.2142,6,0,0,0,0.10441999999999996,0.09030000000000005,0.8562,-0.14380000000000004,False
YER059W+YIL050W+YDL070W,YDL070W,bdf2_delta,KanMX_deletion,0.856,0.0312,0.088976,0.3923,6,0,1,0,0.11980000000000002,0.05669999999999997,0.856,-0.14400000000000002,False
YER059W+YIL050W+YOR123C,YOR123C,leo1_delta,KanMX_deletion,0.8559,0.05005,0.078782,0.3967,6,0,0,0,0.12290000000000001,0.0937,0.8559,-0.1441,False
YER059W+YIL050W+YDR076W,YDR076W,rad55_delta,KanMX_deletion,0.8553,0.01745,0.159227,0.1592,6,0,0,0,0.2571,0.0937,0.8553,-0.14470000000000005,False
YER059W+YIL050W+YLR137W,YLR137W,rkm5_delta,KanMX_deletion,0.8553,0.02485,-0.103785,0.4093,6,0,0,0,0.10441999999999996,-0.030200000000000005,0.8553,-0.14470000000000005,False
YER059W+YIL050W+YJR032W,YJR032W,cpr7_delta,KanMX_deletion,0.8551,0.02945,0.124814,0.4971,6,0,0,1,0.21630000000000005,0.0937,0.8551,-0.14490000000000003,False
YER059W+YIL050W+YKR027W,YKR027W,bch2_delta,KanMX_deletion,0.855,0.02865,0.466197,0.4578,6,0,0,0,0.5406,0.032220000000000026,0.855,-0.14500000000000002,False
YER059W+YIL050W+YMR148W,YMR148W,osw5_delta,KanMX_deletion,0.8547,0.025,-0.020321,0.3328,6,0,0,0,0.10441999999999996,-0.005300000000000082,0.8547,-0.14529999999999998,False
YER059W+YIL050W+YBR018C,YBR018C,gal7_delta,KanMX_deletion,0.8541,0.07215,-0.089186,0.2795,6,0,0,0,0.10441999999999996,-0.014499999999999957,0.8541,-0.14590000000000003,False
YER059W+YIL050W+YOR167C,YOR167C,rps28a_delta,KanMX_deletion,0.8537,0.0123,0.074827,0.03281,6,0,0,0,0.14349999999999996,0.0937,0.8537,-0.14629999999999999,False
YER059W+YIL050W+YGL104C,YGL104C,vps73_delta,KanMX_deletion,0.8537,0.05385,-0.079591,0.4862,6,0,0,0,0.10441999999999996,0.0847,0.8537,-0.14629999999999999,False
YER059W+YIL050W+YLR377C,YLR377C,fbp1_delta,KanMX_deletion,0.8536,0.01825,-0.069069,0.1472,6,0,0,0,0.10441999999999996,-0.019500000000000073,0.8536,-0.14639999999999997,False
YER059W+YIL050W+YGL019W,YGL019W,ckb1_delta,KanMX_deletion,0.8534,0.0182,-0.126156,0.2333,6,0,0,0,0.13180000000000003,0.0847,0.8534,-0.14659999999999995,False
YER059W+YIL050W+YDR005C,YDR005C,maf1_delta,KanMX_deletion,0.8531,0.0176,-0.035542,0.4832,6,0,0,0,0.12050000000000005,0.0847,0.8531,-0.14690000000000003,False
YER059W+YIL050W+YDR307W,YDR307W,pmt7_delta,KanMX_deletion,0.853,0.01825,-0.101276,0.05627,6,0,0,0,0.10441999999999996,0.0021999999999999797,0.853,-0.14700000000000002,False
YER059W+YIL050W+YHR030C,YHR030C,slt2_delta,KanMX_deletion,0.8528,0.01665,0.119257,0.2688,6,0,0,0,0.16210000000000002,0.0937,0.8528,-0.1472,False
YER059W+YIL050W+YOL054W,YOL054W,psh1_delta,KanMX_deletion,0.8527,0.01215,-0.054384,0.3328,6,0,0,0,0.10441999999999996,0.016000000000000014,0.8527,-0.1473,False
YER059W+YIL050W+YPL212C,YPL212C,pus1_delta,KanMX_deletion,0.8521,0.036,-0.013353,0.4932,6,0,0,0,0.10441999999999996,0.07350000000000001,0.8521,-0.14790000000000003,False
YER059W+YIL050W+YFR031C-A,YFR031C-A,rpl2a_delta,KanMX_deletion,0.8517,0.0266,-0.068775,0.4888,6,0,0,0,0.10441999999999996,0.05469999999999997,0.8517,-0.1483,False
YER059W+YIL050W+YDR508C,YDR508C,gnp1_delta,KanMX_deletion,0.8512,0.02815,-0.085777,0.2575,6,0,0,0,0.10441999999999996,0.07599999999999996,0.8512,-0.14880000000000004,False
YER059W+YIL050W+YPL120W,YPL120W,vps30_delta,KanMX_deletion,0.8511,0.03195,0.019443,0.3595,6,0,0,0,0.129,0.0847,0.8511,-0.14890000000000003,False
YER059W+YIL050W+YBL104C,YBL104C,sea4_delta,KanMX_deletion,0.8507,0.02265,0.055161,0.2754,6,0,0,0,0.10599999999999998,0.06599999999999995,0.8507,-0.1493,False
YER059W+YIL050W+YDR233C,YDR233C,rtn1_delta,KanMX_deletion,0.8499,0.0214,-0.058125,0.4006,6,0,0,0,0.10441999999999996,0.08269000000000004,0.8499,-0.1501,False
YER059W+YIL050W+YPL179W,YPL179W,ppq1_delta,KanMX_deletion,0.8499,0.02335,0.013979,0.432,6,0,0,0,0.10441999999999996,0.056499999999999995,0.8499,-0.1501,False
YER059W+YIL050W+YML128C,YML128C,msc1_delta,KanMX_deletion,0.8498,0.01675,0.110291,0.4976,6,0,0,1,0.3380000000000001,0.0937,0.8498,-0.1502,False
YER059W+YIL050W+YKL191W,YKL191W,dph2_delta,KanMX_deletion,0.8494,0.01425,0.093424,0.3042,6,0,1,0,0.1352,0.05779999999999996,0.8494,-0.15059999999999996,False
YER059W+YIL050W+YGR055W,YGR055W,mup1_delta,KanMX_deletion,0.8493,0.03885,-0.110913,0.3591,6,0,0,0,0.10441999999999996,-0.0004999999999999449,0.8493,-0.15069999999999995,False
YER059W+YIL050W+YFL031W,YFL031W,hac1_delta,KanMX_deletion,0.849,0.02285,0.010972,0.4137,6,0,0,0,0.1572,0.06020000000000003,0.849,-0.15100000000000002,False
YER059W+YIL050W+YLL055W,YLL055W,yct1_delta,KanMX_deletion,0.8481,0.03545,0.395471,0.1864,6,0,0,0,0.3739,0.06879999999999997,0.8481,-0.15190000000000003,False
YER059W+YIL050W+YBR118W,YBR118W,tef2_delta,KanMX_deletion,0.8477,0.0324,-0.019135,0.4732,6,0,0,0,0.10441999999999996,0.06930000000000003,0.8477,-0.1523,False
YER059W+YIL050W+YDR121W,YDR121W,dpb4_delta,KanMX_deletion,0.8464,0.0184,-0.072593,0.3371,6,0,0,0,0.10441999999999996,0.014100000000000001,0.8464,-0.15359999999999996,False
YER059W+YIL050W+YLL038C,YLL038C,ent4_delta,KanMX_deletion,0.8461,0.0332,-0.157784,0.1988,6,0,0,0,0.10441999999999996,0.038799999999999946,0.8461,-0.15390000000000004,False
YER059W+YIL050W+YMR183C,YMR183C,sso2_delta,KanMX_deletion,0.846,0.0255,0.136586,0.3402,6,0,0,0,0.2097,0.0937,0.846,-0.15400000000000003,False
YER059W+YIL050W+YMR190C,YMR190C,sgs1_delta,KanMX_deletion,0.8457,0.0135,0.025351,0.4201,6,0,0,0,0.1362,0.08589999999999998,0.8457,-0.1543,False
YER059W+YIL050W+YKR057W,YKR057W,rps21a_delta,KanMX_deletion,0.8455,0.02245,-0.012123,0.433,6,0,0,0,0.15769999999999995,0.0847,0.8455,-0.15449999999999997,False
YER059W+YIL050W+YOR156C,YOR156C,nfi1_delta,KanMX_deletion,0.8449,0.0235,-0.175904,0.3868,6,0,0,0,0.10441999999999996,0.009000000000000008,0.8449,-0.15510000000000002,False
YER059W+YIL050W+YDR315C,YDR315C,ipk1_delta,KanMX_deletion,0.8449,0.0233,0.012807,0.03882,6,0,0,1,0.16300000000000003,0.0937,0.8449,-0.15510000000000002,False
YER059W+YIL050W+YBR295W,YBR295W,pca1_delta,KanMX_deletion,0.8446,0.0376,-0.022173,0.4364,6,0,0,0,0.10441999999999996,0.025599999999999956,0.8446,-0.15539999999999998,False
YER059W+YIL050W+YGL016W,YGL016W,kap122_delta,KanMX_deletion,0.8445,0.06585,-0.032479,0.3206,6,0,0,0,0.10441999999999996,0.0847,0.8445,-0.15549999999999997,False
YER059W+YIL050W+YGL163C,YGL163C,rad54_delta,KanMX_deletion,0.8438,0.016,-0.044592,0.2728,6,0,0,0,0.15469999999999995,0.0847,0.8438,-0.1562,False
YER059W+YIL050W+YJL136C,YJL136C,rps21b_delta,KanMX_deletion,0.8437,0.02355,0.022038,0.2438,6,0,0,0,0.13949999999999996,0.0937,0.8437,-0.1563,False
YER059W+YIL050W+YLR333C,YLR333C,rps25b_delta,KanMX_deletion,0.8429,0.0405,0.01216,0.3856,6,0,0,0,0.10441999999999996,0.04622999999999999,0.8429,-0.15710000000000002,False
YER059W+YIL050W+YDL076C,YDL076C,rxt3_delta,KanMX_deletion,0.8427,0.03565,-0.023871,0.4439,6,0,0,0,0.10441999999999996,0.06289999999999996,0.8427,-0.1573,False
YER059W+YIL050W+YHR034C,YHR034C,pih1_delta,KanMX_deletion,0.8426,0.0303,-0.013444,0.2412,6,0,0,0,0.11499999999999999,0.0847,0.8426,-0.15739999999999998,False
YER059W+YIL050W+YJR043C,YJR043C,pol32_delta,KanMX_deletion,0.8419,0.0129,-0.10232,0.05456,6,0,0,0,0.1553,0.0847,0.8419,-0.15810000000000002,False
YER059W+YIL050W+YNL136W,YNL136W,eaf7_delta,KanMX_deletion,0.8418,0.0189,-0.036461,0.3225,6,0,0,0,0.138,0.0847,0.8418,-0.1582,False
YER059W+YIL050W+YPL167C,YPL167C,rev3_delta,KanMX_deletion,0.841,0.01675,-0.031875,0.1586,6,0,0,0,0.10441999999999996,0.0014999999999999458,0.841,-0.15900000000000003,False
YER059W+YIL050W+YDR363W-A,YDR363W-A,sem1_delta,KanMX_deletion,0.8407,0.0353,0.032162,0.4454,6,0,1,0,0.10441999999999996,0.07509999999999994,0.8407,-0.1593,False
YER059W+YIL050W+YBR217W,YBR217W,atg12_delta,KanMX_deletion,0.8405,0.01785,-0.058704,0.3215,6,0,0,0,0.10441999999999996,0.030200000000000005,0.8405,-0.15949999999999998,False
YER059W+YIL050W+YOR070C,YOR070C,gyp1_delta,KanMX_deletion,0.8404,0.0513,-0.048053,0.3823,6,0,0,0,0.16669999999999996,0.0847,0.8404,-0.15959999999999996,False
YER059W+YIL050W+YGL231C,YGL231C,emc4_delta,KanMX_deletion,0.8402,0.0272,-0.041149,0.3094,6,0,0,0,0.10441999999999996,0.03200000000000003,0.8402,-0.15980000000000005,False
YER059W+YIL050W+YBR231C,YBR231C,swc5_delta,KanMX_deletion,0.8392,0.04205,0.044954,0.3397,6,0,0,0,0.19299999999999995,0.0937,0.8392,-0.16080000000000005,False
YER059W+YIL050W+YOR038C,YOR038C,hir2_delta,KanMX_deletion,0.8391,0.01875,-0.181894,0.1321,6,0,0,0,0.10441999999999996,0.028200000000000003,0.8391,-0.16090000000000004,False
YER059W+YIL050W+YML095C,YML095C,rad10_delta,KanMX_deletion,0.8383,0.049,0.017021,0.4284,6,0,0,0,0.11240000000000006,0.07650000000000001,0.8383,-0.16169999999999995,False
YER059W+YIL050W+YJL177W,YJL177W,rpl17b_delta,KanMX_deletion,0.8373,0.02385,-0.038236,0.2118,6,0,1,0,0.14129999999999998,0.0847,0.8373,-0.16269999999999996,False
YER059W+YIL050W+YDR520C,YDR520C,urc2_delta,KanMX_deletion,0.8372,0.0365,-0.106376,0.1309,6,0,0,0,0.11850000000000005,0.0847,0.8372,-0.16279999999999994,False
YER059W+YIL050W+YGR196C,YGR196C,fyv8_delta,KanMX_deletion,0.8366,0.02945,0.029825,0.3261,6,0,0,0,0.10441999999999996,0.06420000000000003,0.8366,-0.1634,False
YER059W+YIL050W+YOR027W,YOR027W,sti1_delta,KanMX_deletion,0.8363,0.06235,-0.135935,0.3325,6,0,0,0,0.10441999999999996,-0.014999999999999902,0.8363,-0.16369999999999996,False
YER059W+YIL050W+YKL113C,YKL113C,rad27_delta,KanMX_deletion,0.8361,0.0163,-0.055702,0.3871,6,0,0,0,0.1835,0.0847,0.8361,-0.16390000000000005,False
YER059W+YIL050W+YMR250W,YMR250W,gad1_delta,KanMX_deletion,0.8359,0.01145,-0.065734,0.04996,6,0,0,0,0.10441999999999996,-0.0029999999999998916,0.8359,-0.16410000000000002,False
YER059W+YIL050W+YKL007W,YKL007W,cap1_delta,KanMX_deletion,0.8354,0.02065,-0.053121,0.1151,6,0,0,0,0.10441999999999996,0.02100000000000002,0.8354,-0.16459999999999997,False
YER059W+YIL050W+YOL090W,YOL090W,msh2_delta,KanMX_deletion,0.8348,0.0346,0.096642,0.2627,6,0,1,0,0.2097,0.0937,0.8348,-0.1652,False
YER059W+YIL050W+YJL095W,YJL095W,bck1_delta,KanMX_deletion,0.8346,0.0391,0.042132,0.371,6,0,0,0,0.10650000000000004,0.06299999999999994,0.8346,-0.1654,False
YER059W+YIL050W+YHR154W,YHR154W,rtt107_delta,KanMX_deletion,0.8345,0.03425,-0.065681,0.4506,6,0,0,0,0.10441999999999996,0.05269999999999997,0.8345,-0.16549999999999998,False
YER059W+YIL050W+YOR334W,YOR334W,mrs2_delta,KanMX_deletion,0.8341,0.0434,-0.049167,0.4381,6,0,0,0,0.10441999999999996,0.022199999999999998,0.8341,-0.16590000000000005,False
YER059W+YIL050W+YBL102W,YBL102W,sft2_delta,KanMX_deletion,0.8338,0.04095,0.046425,0.4821,6,0,0,0,0.11029999999999995,0.0937,0.8338,-0.16620000000000001,False
YER059W+YIL050W+YLR330W,YLR330W,chs5_delta,KanMX_deletion,0.8327,0.03155,-0.054022,0.358,6,0,0,0,0.15300000000000002,0.0847,0.8327,-0.1673,False
YER059W+YIL050W+YFL044C,YFL044C,otu1_delta,KanMX_deletion,0.8323,0.04645,-0.0889,0.1337,6,0,0,0,0.10441999999999996,-0.009200000000000097,0.8323,-0.16769999999999996,False
YER059W+YIL050W+YGL156W,YGL156W,ams1_delta,KanMX_deletion,0.8322,0.0517,-0.078626,0.3562,6,0,0,0,0.10441999999999996,-0.016599999999999948,0.8322,-0.16779999999999995,False
YER059W+YIL050W+YNL096C,YNL096C,rps7b_delta,KanMX_deletion,0.8319,0.0226,-0.060819,0.2829,6,0,0,0,0.1099,0.0847,0.8319,-0.16810000000000003,False
YER059W+YIL050W+YJL155C,YJL155C,fbp26_delta,KanMX_deletion,0.8317,0.05145,-0.065817,0.1995,6,0,0,0,0.10441999999999996,0.0010999999999999899,0.8317,-0.1683,False
YER059W+YIL050W+YMR070W,YMR070W,mot3_delta,KanMX_deletion,0.8315,0.0254,-0.007439,0.4206,6,0,0,0,0.10441999999999996,0.08509999999999995,0.8315,-0.16849999999999998,False
YER059W+YIL050W+YCL016C,YCL016C,dcc1_delta,KanMX_deletion,0.8313,0.0152,-0.001963,0.486,6,0,0,0,0.10970000000000002,0.08399999999999996,0.8313,-0.16869999999999996,False
YER059W+YIL050W+YKR059W,YKR059W,tif1_delta,KanMX_deletion,0.8312,0.04615,-0.077508,0.4599,6,0,0,0,0.10719999999999996,0.0847,0.8312,-0.16879999999999995,False
YER059W+YIL050W+YBR283C,YBR283C,ssh1_delta,KanMX_deletion,0.8311,0.0349,-0.04645,0.3563,6,0,0,0,0.10441999999999996,0.06920000000000004,0.8311,-0.16890000000000005,False
YER059W+YIL050W+YLR176C,YLR176C,rfx1_delta,KanMX_deletion,0.8311,0.01435,-0.064495,0.4493,6,0,0,0,0.10441999999999996,0.036599999999999966,0.8311,-0.16890000000000005,False
YER059W+YIL050W+YLL041C,YLL041C,sdh2_delta,KanMX_deletion,0.8306,0.01635,-0.05761,0.4584,6,0,0,0,0.10441999999999996,0.054400000000000004,0.8306,-0.1694,False
YER059W+YIL050W+YKR019C,YKR019C,irs4_delta,KanMX_deletion,0.8306,0.03605,0.055898,0.3622,6,0,2,0,0.13149999999999995,0.0937,0.8306,-0.1694,False
YER059W+YIL050W+YDR330W,YDR330W,ubx5_delta,KanMX_deletion,0.8305,0.04415,0.049782,0.2372,6,0,0,0,0.10441999999999996,0.057599999999999985,0.8305,-0.16949999999999998,False
YER059W+YIL050W+YNL072W,YNL072W,rnh201_delta,KanMX_deletion,0.8302,0.02065,-0.068578,0.0953,6,0,0,0,0.10441999999999996,0.005199999999999982,0.8302,-0.16979999999999995,False
YER059W+YIL050W+YLL040C,YLL040C,vps13_delta,KanMX_deletion,0.8301,0.05495,-0.027462,0.3906,6,0,0,0,0.10441999999999996,0.0847,0.8301,-0.16990000000000005,False
YER059W+YIL050W+YKR094C,YKR094C,rpl40b_delta,KanMX_deletion,0.83,0.0229,0.080663,0.2468,6,0,0,0,0.15859999999999996,0.0937,0.83,-0.17000000000000004,False
YER059W+YIL050W+YOL080C,YOL080C,rex4_delta,KanMX_deletion,0.8299,0.0275,-0.047113,0.2063,6,0,0,0,0.10441999999999996,0.022499999999999964,0.8299,-0.17010000000000003,False
YER059W+YIL050W+YBR215W,YBR215W,hpc2_delta,KanMX_deletion,0.8297,0.0321,0.013549,0.2321,6,0,0,0,0.10441999999999996,0.04200000000000004,0.8297,-0.1703,False
YER059W+YIL050W+YML028W,YML028W,tsa1_delta,KanMX_deletion,0.8297,0.04245,-0.020929,0.2057,6,0,0,0,0.14839999999999998,0.08109999999999995,0.8297,-0.1703,False
YER059W+YIL050W+YHL020C,YHL020C,opi1_delta,KanMX_deletion,0.8294,0.04205,0.0156,0.2771,6,0,0,0,0.14639999999999997,0.0937,0.8294,-0.17059999999999997,False
YER059W+YIL050W+YDR354W,YDR354W,trp4_delta,KanMX_deletion,0.8294,0.0559,-0.058749,0.3124,6,0,0,0,0.10441999999999996,0.02980000000000005,0.8294,-0.17059999999999997,False
YER059W+YIL050W+YDR501W,YDR501W,plm2_delta,KanMX_deletion,0.8293,0.04515,-0.117863,0.2807,6,0,0,0,0.10441999999999996,-0.0132000000000001,0.8293,-0.17069999999999996,False
YER059W+YIL050W+YKL074C,YKL074C,mud2_delta,KanMX_deletion,0.829,0.024,-0.104012,0.2924,6,0,0,0,0.10441999999999996,0.06930000000000003,0.829,-0.17100000000000004,False
YER059W+YIL050W+YOR266W,YOR266W,pnt1_delta,KanMX_deletion,0.829,0.0546,0.086904,0.4655,6,0,0,0,0.14629999999999999,0.0937,0.829,-0.17100000000000004,False
YER059W+YIL050W+YJL170C,YJL170C,asg7_delta,KanMX_deletion,0.8285,0.01845,-0.071426,0.2396,6,0,0,0,0.10441999999999996,0.016900000000000026,0.8285,-0.17149999999999999,False
YER059W+YIL050W+YLR436C,YLR436C,ecm30_delta,KanMX_deletion,0.8282,0.06085,-0.07208,0.3101,6,0,0,0,0.10441999999999996,0.04630000000000001,0.8282,-0.17179999999999995,False
YER059W+YIL050W+YMR052W,YMR052W,far3_delta,KanMX_deletion,0.8277,0.01175,-0.074757,0.1354,6,0,0,0,0.10441999999999996,0.020299999999999985,0.8277,-0.1723,False
YER059W+YIL050W+YNL067W,YNL067W,rpl9b_delta,KanMX_deletion,0.8264,0.0279,0.087423,0.4052,6,0,0,0,0.1886,0.0937,0.8264,-0.17359999999999998,False
YER059W+YIL050W+YBR082C,YBR082C,ubc4_delta,KanMX_deletion,0.8262,0.0203,-0.04655,0.4469,6,0,0,0,0.10441999999999996,0.0847,0.8262,-0.17379999999999995,False
YER059W+YIL050W+YGR081C,YGR081C,slx9_delta,KanMX_deletion,0.826,0.02035,-0.074444,0.1079,6,0,1,0,0.2017,0.0847,0.826,-0.17400000000000004,False
YER059W+YIL050W+YDR158W,YDR158W,hom2_delta,KanMX_deletion,0.8248,0.0215,-0.182074,0.4144,6,0,0,0,0.129,0.0847,0.8248,-0.17520000000000002,False
YER059W+YIL050W+YDR334W,YDR334W,swr1_delta,KanMX_deletion,0.8234,0.0162,0.019759,0.4044,6,0,0,0,0.13849999999999996,0.0937,0.8234,-0.17659999999999998,False
YER059W+YIL050W+YLR342W,YLR342W,fks1_delta,KanMX_deletion,0.8234,0.048,0.123347,0.356,6,0,0,1,0.3153,0.0937,0.8234,-0.17659999999999998,False
YER059W+YIL050W+YHR111W,YHR111W,uba4_delta,KanMX_deletion,0.8225,0.0369,0.025731,0.1838,6,0,0,0,0.15359999999999996,0.0937,0.8225,-0.1775,False
YER059W+YIL050W+YKL176C,YKL176C,lst4_delta,KanMX_deletion,0.8222,0.02655,-0.029404,0.3853,6,0,0,0,0.11350000000000005,0.08879999999999999,0.8222,-0.17779999999999996,False
YER059W+YIL050W+YLR319C,YLR319C,bud6_delta,KanMX_deletion,0.8221,0.1021,-0.220647,0.2471,6,0,0,0,0.10441999999999996,0.022800000000000042,0.8221,-0.17789999999999995,False
YER059W+YIL050W+YML008C,YML008C,erg6_delta,KanMX_deletion,0.8219,0.0247,-0.054408,0.4497,6,0,0,0,0.10441999999999996,0.0655,0.8219,-0.17810000000000004,False
YER059W+YIL050W+YMR163C,YMR163C,inp2_delta,KanMX_deletion,0.8219,0.0196,0.025402,0.3893,6,0,1,0,0.15249999999999997,0.0847,0.8219,-0.17810000000000004,False
YER059W+YIL050W+YOR304W,YOR304W,isw2_delta,KanMX_deletion,0.8218,0.02035,0.348547,0.09943,6,0,0,0,0.42100000000000004,0.02949999999999997,0.8218,-0.17820000000000003,False
YER059W+YIL050W+YDR452W,YDR452W,ppn1_delta,KanMX_deletion,0.8216,0.0454,-0.077371,0.1495,6,0,0,0,0.10441999999999996,-0.005700000000000038,0.8216,-0.1784,False
YER059W+YIL050W+YGR043C,YGR043C,nqm1_delta,KanMX_deletion,0.8208,0.02645,-0.079223,0.07629,6,0,0,0,0.10441999999999996,0.02300000000000002,0.8208,-0.17920000000000003,False
YER059W+YIL050W+YDR382W,YDR382W,rpp2b_delta,KanMX_deletion,0.82,0.0356,-0.09872,0.2547,6,0,0,0,0.4507,0.0847,0.82,-0.18000000000000005,False
YER059W+YIL050W+YOL086C,YOL086C,adh1_delta,KanMX_deletion,0.8196,0.02535,0.030384,0.3123,6,0,0,0,0.10441999999999996,0.09040000000000004,0.8196,-0.1804,False
YER059W+YIL050W+YDL106C,YDL106C,pho2_delta,KanMX_deletion,0.8196,0.03035,-0.057973,0.258,6,0,0,0,0.10441999999999996,0.024700000000000055,0.8196,-0.1804,False
YER059W+YIL050W+YGL084C,YGL084C,gup1_delta,KanMX_deletion,0.8195,0.0361,-0.084498,0.4603,6,0,0,0,0.14349999999999996,0.0847,0.8195,-0.1805,False
YER059W+YIL050W+YDR363W,YDR363W,esc2_delta,KanMX_deletion,0.8185,0.0202,-0.044613,0.4421,6,0,0,0,0.10441999999999996,0.0847,0.8185,-0.1815,False
YER059W+YIL050W+YML102W,YML102W,cac2_delta,KanMX_deletion,0.8184,0.02635,-0.158355,0.2293,6,0,0,0,0.10441999999999996,0.0847,0.8184,-0.18159999999999998,False
YER059W+YIL050W+YKR099W,YKR099W,bas1_delta,KanMX_deletion,0.8183,0.02415,-0.037545,0.4945,6,0,0,0,0.13019999999999998,0.0847,0.8183,-0.18169999999999997,False
YER059W+YIL050W+YCR008W,YCR008W,sat4_delta,KanMX_deletion,0.8175,0.02935,0.002587,0.3517,6,0,0,0,0.11599999999999999,0.07650000000000001,0.8175,-0.1825,False
YER059W+YIL050W+YPL161C,YPL161C,bem4_delta,KanMX_deletion,0.8162,0.0176,-0.003795,0.2406,6,0,0,0,0.1753,0.0937,0.8162,-0.18379999999999996,False
YER059W+YIL050W+YDR147W,YDR147W,eki1_delta,KanMX_deletion,0.8161,0.01945,-0.085253,0.1651,6,0,0,0,0.10441999999999996,0.021399999999999975,0.8161,-0.18389999999999995,False
YER059W+YIL050W+YKR007W,YKR007W,meh1_delta,KanMX_deletion,0.8161,0.01905,0.278462,0.08556,6,0,0,0,0.378,0.0937,0.8161,-0.18389999999999995,False
YER059W+YIL050W+YML117W,YML117W,nab6_delta,KanMX_deletion,0.816,0.065,-0.001276,0.2964,6,0,0,0,0.10441999999999996,0.04930000000000001,0.816,-0.18400000000000005,False
YER059W+YIL050W+YCL025C,YCL025C,agp1_delta,KanMX_deletion,0.8158,0.02055,0.103846,0.4181,6,0,0,0,0.2086,0.0937,0.8158,-0.18420000000000003,False
YER059W+YIL050W+YOR265W,YOR265W,rbl2_delta,KanMX_deletion,0.8147,0.0227,-0.038258,0.05215,6,0,0,0,0.10441999999999996,0.01649999999999996,0.8147,-0.18530000000000002,False
YER059W+YIL050W+YMR126C,YMR126C,dlt1_delta,KanMX_deletion,0.8146,0.0261,-0.053883,0.1604,6,0,0,0,0.10441999999999996,0.07279999999999998,0.8146,-0.1854,False
YER059W+YIL050W+YGR092W,YGR092W,dbf2_delta,KanMX_deletion,0.8142,0.03155,0.034956,0.156,6,0,0,1,0.35,0.0937,0.8142,-0.18579999999999997,False
YER059W+YIL050W+YDR120C,YDR120C,trm1_delta,KanMX_deletion,0.8136,0.0194,0.087238,0.162,6,0,0,0,0.16169999999999995,0.06740000000000002,0.8136,-0.1864,False
YER059W+YIL050W+YPR030W,YPR030W,csr2_delta,KanMX_deletion,0.813,0.02185,-0.077371,0.1072,6,0,0,0,0.10441999999999996,0.011199999999999988,0.813,-0.18700000000000006,False
YER059W+YIL050W+YGR148C,YGR148C,rpl24b_delta,KanMX_deletion,0.8129,0.0346,0.008553,0.2837,6,0,1,0,0.17600000000000005,0.0937,0.8129,-0.18710000000000004,False
YER059W+YIL050W+YDL080C,YDL080C,thi3_delta,KanMX_deletion,0.8125,0.02705,-0.081849,0.2596,6,0,0,0,0.10441999999999996,0.0847,0.8125,-0.1875,False
YER059W+YIL050W+YKL160W,YKL160W,elf1_delta,KanMX_deletion,0.8123,0.0257,-0.026243,0.2402,6,0,0,0,0.10441999999999996,0.059799999999999964,0.8123,-0.18769999999999998,False
YER059W+YIL050W+YBR094W,YBR094W,pby1_delta,KanMX_deletion,0.8119,0.0326,-0.087418,0.09613,6,0,0,0,0.10441999999999996,0.01980000000000004,0.8119,-0.18810000000000004,False
YER059W+YIL050W+YOR061W,YOR061W,cka2_delta,KanMX_deletion,0.8119,0.02735,0.042635,0.4495,6,0,0,0,0.12670000000000003,0.0937,0.8119,-0.18810000000000004,False
YER059W+YIL050W+YDR485C,YDR485C,vps72_delta,KanMX_deletion,0.8117,0.05035,-0.007266,0.2026,6,0,0,0,0.13749999999999996,0.0847,0.8117,-0.18830000000000002,False
YER059W+YIL050W+YLL029W,YLL029W,fra1_delta,KanMX_deletion,0.8107,0.0557,-0.025686,0.4624,6,0,1,0,0.12829999999999997,0.0847,0.8107,-0.18930000000000002,False
YER059W+YIL050W+YKL208W,YKL208W,cbt1_delta,KanMX_deletion,0.8107,0.0299,-0.006909,0.4717,6,0,0,0,0.11970000000000003,0.09030000000000005,0.8107,-0.18930000000000002,False
YER059W+YIL050W+YCL063W,YCL063W,vac17_delta,KanMX_deletion,0.8079,0.0225,-0.049598,0.4546,6,0,0,0,0.10441999999999996,0.0847,0.8079,-0.19210000000000005,False
YER059W+YIL050W+YOR002W,YOR002W,alg6_delta,KanMX_deletion,0.8078,0.03615,-0.033436,0.2558,6,0,1,0,0.10599999999999998,0.012599999999999945,0.8078,-0.19220000000000004,False
YER059W+YIL050W+YOL136C,YOL136C,pfk27_delta,KanMX_deletion,0.8072,0.0447,0.084452,0.2641,6,0,0,0,0.20850000000000002,0.02639999999999998,0.8072,-0.19279999999999997,False
YER059W+YIL050W+YPL232W,YPL232W,sso1_delta,KanMX_deletion,0.807,0.01655,0.078432,0.203,6,0,0,0,0.1552,0.0937,0.807,-0.19299999999999995,False
YER059W+YIL050W+YGL211W,YGL211W,ncs6_delta,KanMX_deletion,0.8069,0.01775,-0.012503,0.469,6,0,0,0,0.17279999999999995,0.0847,0.8069,-0.19310000000000005,False
YER059W+YIL050W+YCR068W,YCR068W,atg15_delta,KanMX_deletion,0.8064,0.01595,-0.124114,0.1827,6,0,0,0,0.11299999999999999,0.0847,0.8064,-0.1936,False
YER059W+YIL050W+YOL111C,YOL111C,mdy2_delta,KanMX_deletion,0.8061,0.0408,-0.162352,0.1199,6,0,0,0,0.10441999999999996,-0.0029999999999998916,0.8061,-0.19389999999999996,False
YER059W+YIL050W+YMR039C,YMR039C,sub1_delta,KanMX_deletion,0.806,0.04445,0.014358,0.2388,6,0,0,0,0.1644,0.0937,0.806,-0.19399999999999995,False
YER059W+YIL050W+YGR270W,YGR270W,yta7_delta,KanMX_deletion,0.8049,0.0331,-0.029879,0.1953,6,0,0,0,0.2328,0.0937,0.8049,-0.19510000000000005,False
YER059W+YIL050W+YML048W,YML048W,gsf2_delta,KanMX_deletion,0.8044,0.0511,-0.22287,0.1988,6,0,0,0,0.10441999999999996,0.05569999999999997,0.8044,-0.1956,False
YER059W+YIL050W+YGL020C,YGL020C,get1_delta,KanMX_deletion,0.8036,0.01855,-0.07295,0.1522,6,0,0,0,0.10441999999999996,0.0675,0.8036,-0.19640000000000002,False
YER059W+YIL050W+YGR224W,YGR224W,azr1_delta,KanMX_deletion,0.8031,0.03005,-0.000884,0.3178,6,0,0,0,0.15149999999999997,0.0937,0.8031,-0.19689999999999996,False
YER059W+YIL050W+YLR172C,YLR172C,dph5_delta,KanMX_deletion,0.8012,0.0189,-0.024843,0.4181,6,0,0,0,0.10441999999999996,0.09030000000000005,0.8012,-0.19879999999999998,False
YER059W+YIL050W+YLR039C,YLR039C,ric1_delta,KanMX_deletion,0.8009,0.0228,0.082221,0.0191,6,0,0,2,0.257,0.0937,0.8009,-0.19910000000000005,True
YER059W+YIL050W+YDR385W,YDR385W,eft2_delta,KanMX_deletion,0.8008,0.0302,-0.036652,0.4195,6,0,0,0,0.10540000000000005,0.07479999999999998,0.8008,-0.19920000000000004,False
YER059W+YIL050W+YNL119W,YNL119W,ncs2_delta,KanMX_deletion,0.8002,0.0308,0.074579,0.1943,6,0,0,0,0.23119999999999996,0.0937,0.8002,-0.19979999999999998,False
YER059W+YIL050W+YPR031W,YPR031W,nto1_delta,KanMX_deletion,0.7999,0.06395,0.836744,0.3575,6,0,0,0,0.9381,0.08709999999999996,0.7999,-0.20009999999999994,False
YER059W+YIL050W+YMR230W,YMR230W,rps10b_delta,KanMX_deletion,0.7979,0.0142,0.009427,0.2129,6,0,0,0,0.19930000000000003,0.0937,0.7979,-0.20209999999999995,False
YER059W+YIL050W+YJL121C,YJL121C,rpe1_delta,KanMX_deletion,0.7979,0.0439,-0.060596,0.3931,6,0,0,0,0.10441999999999996,0.08430000000000004,0.7979,-0.20209999999999995,False
YER059W+YIL050W+YBL021C,YBL021C,hap3_delta,KanMX_deletion,0.7976,0.0452,0.10754,0.3971,6,0,0,0,0.25670000000000004,0.0937,0.7976,-0.20240000000000002,False
YER059W+YIL050W+YJR066W,YJR066W,tor1_delta,KanMX_deletion,0.7975,0.02715,-0.023888,0.173,6,0,0,0,0.10441999999999996,0.06710000000000005,0.7975,-0.2025,False
YER059W+YIL050W+YLR262C,YLR262C,ypt6_delta,KanMX_deletion,0.7974,0.0448,-0.002686,0.2509,6,0,0,1,0.33730000000000004,0.0937,0.7974,-0.2026,False
YER059W+YIL050W+YFR010W,YFR010W,ubp6_delta,KanMX_deletion,0.7972,0.0297,-0.106559,0.4352,6,0,0,0,0.23619999999999997,0.0847,0.7972,-0.20279999999999998,False
YER059W+YIL050W+YKL048C,YKL048C,elm1_delta,KanMX_deletion,0.7965,0.01595,0.148632,0.4229,6,0,0,0,0.2471,0.0937,0.7965,-0.20350000000000001,False
YER059W+YIL050W+YDR178W,YDR178W,sdh4_delta,KanMX_deletion,0.7965,0.0304,0.02037,0.2864,6,0,0,0,0.11250000000000004,0.0937,0.7965,-0.20350000000000001,False
YER059W+YIL050W+YOR085W,YOR085W,ost3_delta,KanMX_deletion,0.7962,0.02095,-0.02366,0.3622,6,0,0,0,0.11399999999999999,0.0937,0.7962,-0.20379999999999998,False
YER059W+YIL050W+YKL079W,YKL079W,smy1_delta,KanMX_deletion,0.7959,0.0528,0.004675,0.3221,6,0,0,0,0.14849999999999997,0.041000000000000036,0.7959,-0.20409999999999995,False
YER059W+YIL050W+YML007W,YML007W,yap1_delta,KanMX_deletion,0.7958,0.05475,-0.0727,0.1933,6,0,0,0,0.10441999999999996,0.03400000000000003,0.7958,-0.20420000000000005,False
YER059W+YIL050W+YOR269W,YOR269W,pac1_delta,KanMX_deletion,0.7953,0.03835,-0.049892,0.3066,6,0,0,0,0.12480000000000002,0.06299999999999994,0.7953,-0.2047,False
YER059W+YIL050W+YGL151W,YGL151W,nut1_delta,KanMX_deletion,0.7949,0.0129,0.030085,0.2294,6,0,0,0,0.18820000000000003,0.0937,0.7949,-0.20509999999999995,False
YER059W+YIL050W+YJL198W,YJL198W,pho90_delta,KanMX_deletion,0.7947,0.04035,-0.111888,0.05068,6,0,0,0,0.10441999999999996,0.07499999999999996,0.7947,-0.20530000000000004,False
YER059W+YIL050W+YKR042W,YKR042W,uth1_delta,KanMX_deletion,0.7934,0.03685,-0.043067,0.3743,6,0,0,0,0.10441999999999996,0.07350000000000001,0.7934,-0.2066,False
YER059W+YIL050W+YDR006C,YDR006C,sok1_delta,KanMX_deletion,0.7923,0.01575,0.018066,0.3618,6,0,0,0,0.1824,0.0937,0.7923,-0.2077,False
YER059W+YIL050W+YDR116C,YDR116C,mrpl1_delta,KanMX_deletion,0.7915,0.0301,0.027662,0.2107,6,0,0,0,0.23150000000000004,0.0937,0.7915,-0.20850000000000002,False
YER059W+YIL050W+YBR147W,YBR147W,rtc2_delta,KanMX_deletion,0.7915,0.1032,0.036139,0.2187,6,0,0,0,0.10441999999999996,0.06989999999999996,0.7915,-0.20850000000000002,False
YER059W+YIL050W+YLR200W,YLR200W,yke2_delta,KanMX_deletion,0.791,0.0278,-0.073782,0.2806,6,0,0,0,0.357,0.0847,0.791,-0.20899999999999996,False
YER059W+YIL050W+YBR291C,YBR291C,ctp1_delta,KanMX_deletion,0.7906,0.0167,-0.003981,0.1329,6,0,0,0,0.10660000000000003,0.08489999999999998,0.7906,-0.20940000000000003,False
YER059W+YIL050W+YDR503C,YDR503C,lpp1_delta,KanMX_deletion,0.7895,0.0282,0.118502,0.2806,6,0,0,0,0.22050000000000003,0.0937,0.7895,-0.21050000000000002,False
YER059W+YIL050W+YGR231C,YGR231C,phb2_delta,KanMX_deletion,0.7889,0.021,0.559602,0.3793,6,0,1,0,0.6523,0.0937,0.7889,-0.21109999999999995,False
YER059W+YIL050W+YDL091C,YDL091C,ubx3_delta,KanMX_deletion,0.7886,0.0632,-0.035711,0.2629,6,0,0,0,0.10441999999999996,0.0615,0.7886,-0.21140000000000003,False
YER059W+YIL050W+YJR033C,YJR033C,rav1_delta,KanMX_deletion,0.788,0.023,-0.042905,0.2534,6,0,0,0,0.12209999999999999,0.07230000000000003,0.788,-0.21199999999999997,False
YER059W+YIL050W+YAR014C,YAR014C,bud14_delta,KanMX_deletion,0.7863,0.0198,-0.006696,0.397,6,0,0,0,0.12309999999999999,0.0937,0.7863,-0.2137,False
YER059W+YIL050W+YJR014W,YJR014W,tma22_delta,KanMX_deletion,0.7862,0.0447,0.70465,0.2551,6,0,0,0,0.7874,0.0937,0.7862,-0.2138,False
YER059W+YIL050W+YDR127W,YDR127W,aro1_delta,KanMX_deletion,0.7858,0.0519,0.066015,0.4625,6,0,0,0,0.24680000000000002,0.0937,0.7858,-0.21419999999999995,False
YER059W+YIL050W+YBL059W,YBL059W,ybl059w_delta,KanMX_deletion,0.7853,0.02645,0.027251,0.3064,6,0,0,0,0.18457999999999997,0.0937,0.7853,-0.2147,False
YER059W+YIL050W+YMR223W,YMR223W,ubp8_delta,KanMX_deletion,0.7842,0.0114,0.039231,0.3118,6,0,0,0,0.19440000000000002,0.0937,0.7842,-0.2158,False
YER059W+YIL050W+YGR027C,YGR027C,rps25a_delta,KanMX_deletion,0.7834,0.03805,-0.085057,0.4889,6,0,0,0,0.26376999999999995,0.0847,0.7834,-0.21660000000000001,False
YER059W+YIL050W+YKL213C,YKL213C,doa1_delta,KanMX_deletion,0.7827,0.0377,-0.052901,0.4298,6,0,0,0,0.10450000000000004,0.0937,0.7827,-0.21730000000000005,False
YER059W+YIL050W+YKL148C,YKL148C,sdh1_delta,KanMX_deletion,0.7824,0.0261,-0.139307,0.16,6,0,0,0,0.10441999999999996,0.05678000000000005,0.7824,-0.21760000000000002,False
YER059W+YIL050W+YDR488C,YDR488C,pac11_delta,KanMX_deletion,0.7824,0.0393,-0.071553,0.1238,6,0,0,0,0.10441999999999996,0.04749999999999999,0.7824,-0.21760000000000002,False
YER059W+YIL050W+YBR084W,YBR084W,mis1_delta,KanMX_deletion,0.7809,0.0071,-0.080068,0.000211,6,0,0,0,0.10441999999999996,0.027800000000000047,0.7809,-0.21909999999999996,False
YER059W+YIL050W+YFR048W,YFR048W,rmd8_delta,KanMX_deletion,0.7795,0.0501,-0.022365,0.3909,6,0,0,0,0.11329999999999996,0.0937,0.7795,-0.22050000000000003,False
YER059W+YIL050W+YAR015W,YAR015W,ade1_delta,KanMX_deletion,0.779,0.036,-0.107998,0.06063,6,0,0,0,0.10441999999999996,-0.004999999999999893,0.779,-0.22099999999999997,False
YER059W+YIL050W+YMR216C,YMR216C,sky1_delta,KanMX_deletion,0.779,0.0419,-0.021683,0.4472,6,0,0,0,0.14770000000000005,0.0937,0.779,-0.22099999999999997,False
YER059W+YIL050W+YGL059W,YGL059W,pkp2_delta,KanMX_deletion,0.777,0.033,0.069709,0.0624,6,0,1,0,0.20289999999999997,0.019000000000000017,0.777,-0.22299999999999998,False
YER059W+YIL050W+YMR207C,YMR207C,hfa1_delta,KanMX_deletion,0.775,0.0185,-0.028542,0.3714,6,0,0,0,0.1582,0.0937,0.775,-0.22499999999999998,False
YER059W+YIL050W+YOR308C,YOR308C,snu66_delta,KanMX_deletion,0.7749,0.02615,-0.010333,0.4654,6,0,0,0,0.1866,0.0937,0.7749,-0.22509999999999997,False
YER059W+YIL050W+YKL056C,YKL056C,tma19_delta,KanMX_deletion,0.7743,0.0361,0.061084,0.3438,6,0,0,0,0.20920000000000005,0.0937,0.7743,-0.2257,False
YER059W+YIL050W+YPL008W,YPL008W,chl1_delta,KanMX_deletion,0.7742,0.03535,-0.072038,0.346,6,0,0,0,0.10441999999999996,0.08420000000000005,0.7742,-0.2258,False
YER059W+YIL050W+YPL069C,YPL069C,bts1_delta,KanMX_deletion,0.7727,0.02045,-0.027532,0.2009,6,0,0,0,0.37,0.0937,0.7727,-0.22729999999999995,False
YER059W+YIL050W+YBR048W,YBR048W,rps11b_delta,KanMX_deletion,0.7727,0.0219,-0.000702,0.1486,6,0,0,0,0.2713,0.0937,0.7727,-0.22729999999999995,False
YER059W+YIL050W+YJR075W,YJR075W,hoc1_delta,KanMX_deletion,0.7723,0.04725,-0.159141,0.1217,6,0,0,0,0.10441999999999996,0.026800000000000046,0.7723,-0.2277,False
YER059W+YIL050W+YOR026W,YOR026W,bub3_delta,KanMX_deletion,0.7713,0.04885,0.325122,0.2225,6,0,0,1,0.4414,0.0937,0.7713,-0.22870000000000001,False
YER059W+YIL050W+YGR214W,YGR214W,rps0a_delta,KanMX_deletion,0.7712,0.0214,-0.016023,0.263,6,0,0,0,0.22699999999999998,0.0937,0.7712,-0.2288,False
YER059W+YIL050W+YGR200C,YGR200C,elp2_delta,KanMX_deletion,0.7705,0.0144,0.153881,0.04427,6,0,0,0,0.3074,0.0937,0.7705,-0.22950000000000004,True
YER059W+YIL050W+YPL152W,YPL152W,rrd2_delta,KanMX_deletion,0.7705,0.04515,-0.108134,0.1771,6,0,0,0,0.10441999999999996,0.005900000000000016,0.7705,-0.22950000000000004,False
YER059W+YIL050W+YBL087C,YBL087C,rpl23a_delta,KanMX_deletion,0.7705,0.0318,-0.015277,0.3462,6,0,0,0,0.14249999999999996,0.0937,0.7705,-0.22950000000000004,False
YER059W+YIL050W+YGR118W,YGR118W,rps23a_delta,KanMX_deletion,0.7703,0.05455,0.088145,0.3816,6,0,0,0,0.24529999999999996,0.0937,0.7703,-0.22970000000000002,False
YER059W+YIL050W+YHL023C,YHL023C,npr3_delta,KanMX_deletion,0.7701,0.02495,0.057098,0.4873,6,0,0,0,0.19189999999999996,0.0937,0.7701,-0.2299,False
YER059W+YIL050W+YOR058C,YOR058C,ase1_delta,KanMX_deletion,0.7682,0.03535,-0.059377,0.2694,6,0,0,0,0.10441999999999996,0.08250000000000002,0.7682,-0.2318,False
YER059W+YIL050W+YOL006C,YOL006C,top1_delta,KanMX_deletion,0.7663,0.03485,0.088894,0.4152,6,0,0,0,0.21809999999999996,0.0937,0.7663,-0.23370000000000002,False
YER059W+YIL050W+YLR021W,YLR021W,irc25_delta,KanMX_deletion,0.7661,0.04595,-0.105775,0.3976,6,0,0,0,0.10441999999999996,0.08120000000000005,0.7661,-0.2339,False
YER059W+YIL050W+YML009C,YML009C,mrpl39_delta,KanMX_deletion,0.7649,0.0551,-0.028807,0.3327,6,0,0,0,0.12570000000000003,0.0937,0.7649,-0.23509999999999998,False
YER059W+YIL050W+YDR162C,YDR162C,nbp2_delta,KanMX_deletion,0.7648,0.02245,0.040755,0.3244,6,0,0,0,0.25229999999999997,0.0937,0.7648,-0.23519999999999996,False
YER059W+YIL050W+YDR043C,YDR043C,nrg1_delta,KanMX_deletion,0.7644,0.03105,-0.120581,0.1677,6,0,0,0,0.10441999999999996,0.03271000000000002,0.7644,-0.23560000000000003,False
YER059W+YIL050W+YPR018W,YPR018W,rlf2_delta,KanMX_deletion,0.7629,0.0245,-0.054657,0.2181,6,0,0,0,0.139,0.0847,0.7629,-0.23709999999999998,False
YER059W+YIL050W+YFL013C,YFL013C,ies1_delta,KanMX_deletion,0.7627,0.0372,0.075937,0.4361,6,0,0,0,0.242,0.0937,0.7627,-0.23729999999999996,False
YER059W+YIL050W+YGL043W,YGL043W,dst1_delta,KanMX_deletion,0.7612,0.01325,0.021429,0.4816,6,0,0,0,0.26449999999999996,0.0937,0.7612,-0.2388,False
YER059W+YIL050W+YAR003W,YAR003W,swd1_delta,KanMX_deletion,0.7596,0.02665,-0.030401,0.4375,6,0,0,0,0.1674,0.0937,0.7596,-0.24039999999999995,False
YER059W+YIL050W+YHR012W,YHR012W,vps29_delta,KanMX_deletion,0.7595,0.0106,-0.001618,0.08829,6,0,0,0,0.22950000000000004,0.0937,0.7595,-0.24050000000000005,False
YER059W+YIL050W+YMR312W,YMR312W,elp6_delta,KanMX_deletion,0.7585,0.01085,0.092003,0.02634,6,0,0,0,0.2693,0.0937,0.7585,-0.24150000000000005,True
YER059W+YIL050W+YHR134W,YHR134W,wss1_delta,KanMX_deletion,0.7578,0.0259,0.035974,0.4364,6,0,1,0,0.22829999999999995,0.0937,0.7578,-0.24219999999999997,False
YER059W+YIL050W+YGL168W,YGL168W,hur1_delta,KanMX_deletion,0.7578,0.02365,-0.085799,0.00254,6,0,0,1,0.35819999999999996,0.0937,0.7578,-0.24219999999999997,False
YER059W+YIL050W+YML017W,YML017W,psp2_delta,KanMX_deletion,0.7574,0.0425,-0.064357,0.1531,6,0,0,0,0.10441999999999996,0.07750000000000001,0.7574,-0.24260000000000004,False
YER059W+YIL050W+YKL081W,YKL081W,tef4_delta,KanMX_deletion,0.7558,0.02045,-0.042072,0.4677,6,0,0,0,0.14870000000000005,0.0937,0.7558,-0.24419999999999997,False
YER059W+YIL050W+YGL066W,YGL066W,sgf73_delta,KanMX_deletion,0.7551,0.02925,0.02999,0.2884,6,0,0,1,0.26449999999999996,0.0937,0.7551,-0.2449,False
YER059W+YIL050W+YAL055W,YAL055W,pex22_delta,KanMX_deletion,0.7542,0.0217,-0.098404,0.1329,6,0,0,0,0.11850000000000005,0.0937,0.7542,-0.24580000000000002,False
YER059W+YIL050W+YDR126W,YDR126W,swf1_delta,KanMX_deletion,0.7539,0.02365,0.718821,0.2393,6,0,0,0,0.8452999999999999,0.0937,0.7539,-0.24609999999999999,False
YER059W+YIL050W+YGL174W,YGL174W,bud13_delta,KanMX_deletion,0.7539,0.06105,0.144665,0.3114,6,0,0,0,0.2126,0.0937,0.7539,-0.24609999999999999,False
YER059W+YIL050W+YML032C,YML032C,rad52_delta,KanMX_deletion,0.7482,0.0226,-0.039181,0.4367,6,0,0,0,0.255,0.0937,0.7482,-0.2518,False
YER059W+YIL050W+YPL144W,YPL144W,poc4_delta,KanMX_deletion,0.7464,0.03705,0.06716,0.3006,6,0,0,0,0.18579999999999997,0.0937,0.7464,-0.25360000000000005,False
YER059W+YIL050W+YLL002W,YLL002W,rtt109_delta,KanMX_deletion,0.7461,0.0249,8.2e-05,0.1298,6,0,0,0,0.23750000000000004,0.0937,0.7461,-0.2539,False
YER059W+YIL050W+YPR135W,YPR135W,ctf4_delta,KanMX_deletion,0.7456,0.03485,-0.041703,0.4153,6,0,0,0,0.2508,0.0937,0.7456,-0.25439999999999996,False
YER059W+YIL050W+YDR101C,YDR101C,arx1_delta,KanMX_deletion,0.7454,0.0515,-0.030596,0.4883,6,0,1,0,0.21630000000000005,0.0937,0.7454,-0.25460000000000005,False
YER059W+YIL050W+YML121W,YML121W,gtr1_delta,KanMX_deletion,0.7449,0.01295,0.003819,0.0214,6,0,0,0,0.2469,0.0937,0.7449,-0.2551,False
YER059W+YIL050W+YKL206C,YKL206C,add66_delta,KanMX_deletion,0.7426,0.02725,-0.25236,0.006469,6,0,0,0,0.10441999999999996,-0.038799999999999946,0.7426,-0.25739999999999996,False
YER059W+YIL050W+YKL065C,YKL065C,yet1_delta,KanMX_deletion,0.7426,0.0541,-0.051123,0.09758,6,0,0,0,0.15754999999999997,0.0937,0.7426,-0.25739999999999996,False
YER059W+YIL050W+YMR272C,YMR272C,scs7_delta,KanMX_deletion,0.7411,0.0275,-0.101711,0.4299,6,0,0,0,0.20430000000000004,0.08889999999999998,0.7411,-0.2589,False
YER059W+YIL050W+YJL124C,YJL124C,lsm1_delta,KanMX_deletion,0.7399,0.02225,-0.247505,0.06335,6,0,0,0,0.13419999999999999,0.0847,0.7399,-0.2601,False
YER059W+YIL050W+YML103C,YML103C,nup188_delta,KanMX_deletion,0.7395,0.04155,-0.109415,0.3378,6,0,0,0,0.16720000000000002,0.0937,0.7395,-0.26049999999999995,False
YER059W+YIL050W+YNR041C,YNR041C,coq2_delta,KanMX_deletion,0.7389,0.08395,0.149231,0.4385,6,0,0,0,0.2548,0.0937,0.7389,-0.2611,False
YER059W+YIL050W+YDR074W,YDR074W,tps2_delta,KanMX_deletion,0.7364,0.03865,0.082404,0.3558,6,0,0,1,0.33699999999999997,0.0937,0.7364,-0.26359999999999995,False
YER059W+YIL050W+YGR085C,YGR085C,rpl11b_delta,KanMX_deletion,0.734,0.0139,0.014683,0.4515,6,0,0,0,0.20750000000000002,0.0937,0.734,-0.266,False
YER059W+YIL050W+YHR203C,YHR203C,rps4b_delta,KanMX_deletion,0.7334,0.0168,0.017418,0.1574,6,0,0,0,0.27180000000000004,0.0937,0.7334,-0.26659999999999995,False
YER059W+YIL050W+YPL183W-A,YPL183W-A,rtc6_delta,KanMX_deletion,0.7321,0.01445,-0.044958,0.2494,6,0,0,0,0.258,0.0937,0.7321,-0.2679,False
YER059W+YIL050W+YDR463W,YDR463W,stp1_delta,KanMX_deletion,0.7313,0.0261,0.003945,0.4234,6,0,0,0,0.2198,0.0937,0.7313,-0.26870000000000005,False
YER059W+YIL050W+YNL091W,YNL091W,nst1_delta,KanMX_deletion,0.729,0.04535,0.092331,0.4909,6,0,0,0,0.3236,0.0937,0.729,-0.271,False
YER059W+YIL050W+YLR264W,YLR264W,rps28b_delta,KanMX_deletion,0.7288,0.01175,-0.057379,0.3114,6,0,0,0,0.18999999999999995,0.0937,0.7288,-0.2712,False
YER059W+YIL050W+YDL117W,YDL117W,cyk3_delta,KanMX_deletion,0.7284,0.02835,0.047461,0.4515,6,0,1,0,0.22560000000000002,0.0937,0.7284,-0.27159999999999995,False
YER059W+YIL050W+YNR051C,YNR051C,bre5_delta,KanMX_deletion,0.7281,0.047,-0.073539,0.202,6,0,0,0,0.1825,0.0937,0.7281,-0.27190000000000003,False
YER059W+YIL050W+YGL203C,YGL203C,kex1_delta,KanMX_deletion,0.7275,0.06895,-0.210695,0.07462,6,0,0,0,0.10441999999999996,0.006000000000000005,0.7275,-0.27249999999999996,False
YER059W+YIL050W+YPL079W,YPL079W,rpl21b_delta,KanMX_deletion,0.7264,0.01445,0.04586,0.2329,6,0,0,0,0.24570000000000003,0.0937,0.7264,-0.27359999999999995,False
YER059W+YIL050W+YPL101W,YPL101W,elp4_delta,KanMX_deletion,0.7255,0.026,0.139113,0.3962,6,0,0,0,0.31520000000000004,0.0937,0.7255,-0.27449999999999997,False
YER059W+YIL050W+YOL004W,YOL004W,sin3_delta,KanMX_deletion,0.7247,0.0098,-0.002863,0.4456,6,0,0,0,0.41400000000000003,0.0937,0.7247,-0.2753,False
YER059W+YIL050W+YGL148W,YGL148W,aro2_delta,KanMX_deletion,0.7243,0.04255,-0.063593,0.1139,6,0,0,0,0.19110000000000005,0.07099999999999995,0.7243,-0.27569999999999995,False
YER059W+YIL050W+YJR011C,YJR011C,yjr011c_delta,KanMX_deletion,0.7235,0.0574,0.029771,0.4364,6,0,0,0,0.21440000000000003,0.0937,0.7235,-0.27649999999999997,False
YER059W+YIL050W+YGL124C,YGL124C,mon1_delta,KanMX_deletion,0.7221,0.0215,0.018609,0.4398,6,0,0,0,0.263,0.0937,0.7221,-0.27790000000000004,False
YER059W+YIL050W+YMR204C,YMR204C,inp1_delta,KanMX_deletion,0.722,0.02365,-0.098453,0.253,6,0,0,0,0.14739999999999998,0.0937,0.722,-0.278,False
YER059W+YIL050W+YPR179C,YPR179C,hda3_delta,KanMX_deletion,0.7212,0.03155,-0.02244,0.2821,6,0,0,0,0.24480000000000002,0.0937,0.7212,-0.27880000000000005,False
YER059W+YIL050W+YGR229C,YGR229C,smi1_delta,KanMX_deletion,0.7204,0.0134,-0.015205,0.1343,6,0,0,0,0.22699999999999998,0.0937,0.7204,-0.27959999999999996,False
YER059W+YIL050W+YKR054C,YKR054C,dyn1_delta,KanMX_deletion,0.719,0.06235,-0.250146,0.03452,6,0,0,0,0.10441999999999996,0.033299999999999996,0.719,-0.281,False
YER059W+YIL050W+YPL086C,YPL086C,elp3_delta,KanMX_deletion,0.7187,0.02235,0.046319,0.1604,6,0,0,0,0.29100000000000004,0.0937,0.7187,-0.2813,False
YER059W+YIL050W+YLR441C,YLR441C,rps1a_delta,KanMX_deletion,0.7182,0.0384,-0.070509,0.4111,6,0,0,0,0.21140000000000003,0.0937,0.7182,-0.28180000000000005,False
YER059W+YIL050W+YMR307W,YMR307W,gas1_delta,KanMX_deletion,0.7177,0.0333,0.004886,0.4573,6,0,0,0,0.249,0.0937,0.7177,-0.2823,False
YER059W+YIL050W+YLR384C,YLR384C,iki3_delta,KanMX_deletion,0.7177,0.0221,0.037962,0.4339,6,0,0,0,0.25049999999999994,0.0937,0.7177,-0.2823,False
YER059W+YIL050W+YDR469W,YDR469W,sdc1_delta,KanMX_deletion,0.7158,0.0568,-0.018954,0.2476,6,0,0,0,0.18930000000000002,0.0937,0.7158,-0.2842,False
YER059W+YIL050W+YKL110C,YKL110C,kti12_delta,KanMX_deletion,0.7156,0.0343,-0.074885,0.4349,6,0,0,0,0.23160000000000003,0.0937,0.7156,-0.2844,False
YER059W+YIL050W+YOR140W,YOR140W,sfl1_delta,KanMX_deletion,0.7114,0.0103,-0.138273,0.3482,6,0,0,0,0.21750000000000003,0.0847,0.7114,-0.28859999999999997,False
YER059W+YIL050W+YNL037C,YNL037C,idh1_delta,KanMX_deletion,0.7086,0.03635,0.019932,0.3509,6,0,0,0,0.25660000000000005,0.0937,0.7086,-0.2914,False
YER059W+YIL050W+YHR066W,YHR066W,ssf1_delta,KanMX_deletion,0.7077,0.03065,-0.128489,0.423,6,0,0,0,0.25049999999999994,0.0937,0.7077,-0.2923,False
YER059W+YIL050W+YLR190W,YLR190W,mmr1_delta,KanMX_deletion,0.7075,0.03825,-0.018388,0.4145,6,0,0,0,0.27249999999999996,0.0937,0.7075,-0.2925,False
YER059W+YIL050W+YMR294W,YMR294W,jnm1_delta,KanMX_deletion,0.7067,0.04835,-0.221342,0.05271,6,0,0,0,0.10441999999999996,0.0847,0.7067,-0.2933,False
YER059W+YIL050W+YBR194W,YBR194W,aim4_delta,KanMX_deletion,0.7051,0.0273,0.031304,0.4503,6,0,0,0,0.28959999999999997,0.0937,0.7051,-0.29490000000000005,False
YER059W+YIL050W+YBR131W,YBR131W,ccz1_delta,KanMX_deletion,0.7047,0.02925,0.260507,0.3331,6,0,0,0,0.41269999999999996,0.0937,0.7047,-0.2953,False
YER059W+YIL050W+YOR039W,YOR039W,ckb2_delta,KanMX_deletion,0.7032,0.0365,-0.158264,0.2627,6,0,0,0,0.17579999999999996,0.0937,0.7032,-0.29679999999999995,False
YER059W+YIL050W+YNL064C,YNL064C,ydj1_delta,KanMX_deletion,0.7029,0.02045,0.075931,0.3017,6,0,0,0,0.35119999999999996,0.0937,0.7029,-0.29710000000000003,False
YER059W+YIL050W+YML107C,YML107C,pml39_delta,KanMX_deletion,0.7025,0.0158,-0.098829,0.2399,6,0,0,0,0.1875,0.0937,0.7025,-0.2975,False
YER059W+YIL050W+YJL053W,YJL053W,pep8_delta,KanMX_deletion,0.7021,0.03845,-0.059849,0.1141,6,0,0,0,0.18969999999999998,0.0937,0.7021,-0.29790000000000005,False
YER059W+YIL050W+YBR181C,YBR181C,rps6b_delta,KanMX_deletion,0.7013,0.03405,0.652229,0.2308,6,0,0,0,0.8386,0.0937,0.7013,-0.29869999999999997,False
YER059W+YIL050W+YDL082W,YDL082W,rpl13a_delta,KanMX_deletion,0.6972,0.02885,0.008972,0.227,6,0,0,0,0.2752,0.0937,0.6972,-0.30279999999999996,False
YER059W+YIL050W+YCL010C,YCL010C,sgf29_delta,KanMX_deletion,0.6966,0.03495,-0.017024,0.4165,6,0,0,0,0.263,0.0937,0.6966,-0.3034,False
YER059W+YIL050W+YGL215W,YGL215W,clg1_delta,KanMX_deletion,0.6928,0.16675,0.044376,0.4131,6,0,1,0,0.24880000000000002,0.0937,0.6928,-0.30720000000000003,False
YER059W+YIL050W+YDR335W,YDR335W,msn5_delta,KanMX_deletion,0.6925,0.02225,-0.130735,0.008091,6,0,0,0,0.11199999999999999,0.06620000000000004,0.6925,-0.3075,False
YER059W+YIL050W+YJR074W,YJR074W,mog1_delta,KanMX_deletion,0.6919,0.05205,-0.178954,0.4491,6,0,0,0,0.19530000000000003,0.0847,0.6919,-0.30810000000000004,False
YER059W+YIL050W+YGL078C,YGL078C,dbp3_delta,KanMX_deletion,0.6902,0.01845,0.3898,0.3731,6,0,0,0,0.6381,0.0937,0.6902,-0.30979999999999996,False
YER059W+YIL050W+YMR304W,YMR304W,ubp15_delta,KanMX_deletion,0.6862,0.02,0.356542,0.0007271,6,0,0,0,0.6014999999999999,0.0937,0.6862,-0.31379999999999997,True
YER059W+YIL050W+YLR448W,YLR448W,rpl6b_delta,KanMX_deletion,0.685,0.0617,-0.105224,0.4515,6,0,0,0,0.22940000000000005,0.0937,0.685,-0.31499999999999995,False
YER059W+YIL050W+YGL110C,YGL110C,cue3_delta,KanMX_deletion,0.6841,0.06355,-0.038649,0.04763,6,0,0,0,0.17789999999999995,0.07679999999999998,0.6841,-0.31589999999999996,False
YER059W+YIL050W+YOR014W,YOR014W,rts1_delta,KanMX_deletion,0.684,0.0202,0.17516,0.4294,6,0,0,0,0.33340000000000003,0.0937,0.684,-0.31599999999999995,False
YER059W+YIL050W+YPR070W,YPR070W,med1_delta,KanMX_deletion,0.6839,0.0209,0.055258,0.1518,6,0,0,0,0.29469999999999996,0.0937,0.6839,-0.31610000000000005,False
YER059W+YIL050W+YGR135W,YGR135W,pre9_delta,KanMX_deletion,0.6833,0.0303,-0.102641,0.1158,6,0,0,0,0.14859999999999995,0.0937,0.6833,-0.3167,False
YER059W+YIL050W+YPR164W,YPR164W,mms1_delta,KanMX_deletion,0.6832,0.0542,-0.025488,0.2704,6,0,0,0,0.25249999999999995,0.0937,0.6832,-0.31679999999999997,False
YER059W+YIL050W+YJL154C,YJL154C,vps35_delta,KanMX_deletion,0.6831,0.039,-0.017283,0.1381,6,0,0,0,0.21230000000000004,0.0937,0.6831,-0.31689999999999996,False
YER059W+YIL050W+YJL148W,YJL148W,rpa34_delta,KanMX_deletion,0.6788,0.023,0.192521,0.4103,6,0,0,0,0.4937,0.0937,0.6788,-0.32120000000000004,False
YER059W+YIL050W+YHL025W,YHL025W,snf6_delta,KanMX_deletion,0.6775,0.065,-0.183951,0.3122,6,0,0,0,0.46099999999999997,0.08779999999999999,0.6775,-0.3225,False
YER059W+YIL050W+YGL031C,YGL031C,rpl24a_delta,KanMX_deletion,0.6722,0.0358,0.119067,0.2959,6,0,0,0,0.37939999999999996,0.0937,0.6722,-0.3278,False
YER059W+YIL050W+YCR077C,YCR077C,pat1_delta,KanMX_deletion,0.6697,0.03705,-0.132794,0.1104,6,0,0,0,0.1362,0.0937,0.6697,-0.33030000000000004,False
YER059W+YIL050W+YBL031W,YBL031W,she1_delta,KanMX_deletion,0.6694,0.12895,-0.001906,0.3164,6,0,2,0,0.2046,0.0937,0.6694,-0.3306,False
YER059W+YIL050W+YGR133W,YGR133W,pex4_delta,KanMX_deletion,0.6689,0.05345,-0.079726,0.1982,6,0,0,0,0.18589999999999995,0.0937,0.6689,-0.33109999999999995,False
YER059W+YIL050W+YLR287C-A,YLR287C-A,rps30a_delta,KanMX_deletion,0.6669,0.05005,0.01543,0.2136,6,0,0,0,0.3319,0.0937,0.6669,-0.33309999999999995,False
YER059W+YIL050W+YDR150W,YDR150W,num1_delta,KanMX_deletion,0.6668,0.0481,-0.094526,0.1238,6,0,0,0,0.1743,0.0937,0.6668,-0.33320000000000005,False
YER059W+YIL050W+YNL153C,YNL153C,gim3_delta,KanMX_deletion,0.6665,0.05,0.03167,0.3381,6,0,0,0,0.2944,0.0937,0.6665,-0.3335,False
YER059W+YIL050W+YOL018C,YOL018C,tlg2_delta,KanMX_deletion,0.6636,0.0309,-0.032605,0.1779,6,0,0,0,0.25070000000000003,0.0937,0.6636,-0.33640000000000003,False
YER059W+YIL050W+YJL101C,YJL101C,gsh1_delta,KanMX_deletion,0.6632,0.02275,-0.02366,0.1344,6,0,0,0,0.24729999999999996,0.0937,0.6632,-0.3368,False
YER059W+YIL050W+YML081C-A,YML081C-A,atp18_delta,KanMX_deletion,0.663,0.02935,-0.05202,0.3514,6,0,0,0,0.2589,0.0937,0.663,-0.33699999999999997,False
YER059W+YIL050W+YNR018W,YNR018W,rcf2_delta,KanMX_deletion,0.6625,0.0755,0.081705,0.1491,6,0,0,0,0.27880000000000005,0.0937,0.6625,-0.3375,False
YER059W+YIL050W+YJL046W,YJL046W,aim22_delta,KanMX_deletion,0.6579,0.0333,0.076175,0.4068,6,0,0,0,0.30779999999999996,0.0937,0.6579,-0.34209999999999996,False
YER059W+YIL050W+YMR123W,YMR123W,pkr1_delta,KanMX_deletion,0.6563,0.03655,-0.157301,0.2586,6,0,0,0,0.19899999999999995,0.0937,0.6563,-0.3437,False
YER059W+YIL050W+YBR036C,YBR036C,csg2_delta,KanMX_deletion,0.652,0.0496,-0.04352,0.4077,6,0,0,0,0.36250000000000004,0.0937,0.652,-0.348,False
YER059W+YIL050W+YLR191W,YLR191W,pex13_delta,KanMX_deletion,0.6503,0.0363,-0.079213,0.08053,6,0,0,0,0.1785,0.0937,0.6503,-0.3497,False
YER059W+YIL050W+YML001W,YML001W,ypt7_delta,KanMX_deletion,0.6482,0.02895,-0.027985,0.3673,6,0,0,0,0.27780000000000005,0.0937,0.6482,-0.3518,False
YER059W+YIL050W+YMR143W,YMR143W,rps16a_delta,KanMX_deletion,0.6456,0.0384,0.132627,0.4125,6,0,0,0,0.3911,0.0937,0.6456,-0.35440000000000005,False
YER059W+YIL050W+YML026C,YML026C,rps18b_delta,KanMX_deletion,0.6413,0.01685,0.031931,0.3223,6,0,0,0,0.3026,0.0937,0.6413,-0.3587,False
YER059W+YIL050W+YJL115W,YJL115W,asf1_delta,KanMX_deletion,0.6412,0.0196,0.185747,0.4546,6,0,0,0,0.49119999999999997,0.0937,0.6412,-0.3588,False
YER059W+YIL050W+YDL002C,YDL002C,nhp10_delta,KanMX_deletion,0.6397,0.0143,0.020534,0.1582,6,0,0,0,0.2881,0.0937,0.6397,-0.36029999999999995,False
YER059W+YIL050W+YGL167C,YGL167C,pmr1_delta,KanMX_deletion,0.6377,0.03185,-0.002389,0.02841,6,0,0,1,0.4092,0.0937,0.6377,-0.36229999999999996,False
YER059W+YIL050W+YPR043W,YPR043W,rpl43a_delta,KanMX_deletion,0.6344,0.0394,0.03211,0.2003,6,0,0,1,0.5017499999999999,0.0937,0.6344,-0.36560000000000004,False
YER059W+YIL050W+YOR196C,YOR196C,lip5_delta,KanMX_deletion,0.6339,0.0289,0.043084,0.1971,6,0,0,0,0.4155,0.0937,0.6339,-0.3661,False
YER059W+YIL050W+YDR496C,YDR496C,puf6_delta,KanMX_deletion,0.6335,0.0772,-0.058005,0.3828,6,0,0,0,0.278,0.0937,0.6335,-0.36650000000000005,False
YER059W+YIL050W+YMR026C,YMR026C,pex12_delta,KanMX_deletion,0.633,0.03305,-0.147843,0.03739,6,0,0,0,0.1542,0.0937,0.633,-0.367,False
YER059W+YIL050W+YPR020W,YPR020W,atp20_delta,KanMX_deletion,0.6248,0.04345,-0.199844,0.1895,6,0,0,0,0.17390000000000005,0.0937,0.6248,-0.3752,False
YER059W+YIL050W+YDL074C,YDL074C,bre1_delta,KanMX_deletion,0.623,0.0442,-0.003416,0.2354,6,0,0,0,0.3882,0.0937,0.623,-0.377,False
YER059W+YIL050W+YMR078C,YMR078C,ctf18_delta,KanMX_deletion,0.6184,0.0306,0.13792,0.1766,6,0,0,0,0.40269999999999995,0.0937,0.6184,-0.38160000000000005,False
YER059W+YIL050W+YPL174C,YPL174C,nip100_delta,KanMX_deletion,0.6174,0.034,-0.024405,0.0811,6,0,0,0,0.28049999999999997,0.0937,0.6174,-0.38260000000000005,False
YER059W+YIL050W+YCR053W,YCR053W,thr4_delta,KanMX_deletion,0.616,0.0391,0.063819,0.01078,6,0,0,0,0.5618000000000001,0.0937,0.616,-0.384,False
YER059W+YIL050W+YOR311C,YOR311C,dgk1_delta,KanMX_deletion,0.6151,0.0402,-0.277826,0.0003231,6,0,0,0,0.18799999999999994,0.0847,0.6151,-0.3849,False
YER059W+YIL050W+YMR299C,YMR299C,dyn3_delta,KanMX_deletion,0.6136,0.05505,-0.156221,0.01808,6,0,0,0,0.14349999999999996,0.0937,0.6136,-0.38639999999999997,False
YER059W+YIL050W+YHR178W,YHR178W,stb5_delta,KanMX_deletion,0.6128,0.0458,0.067483,0.03133,6,0,0,0,0.46199999999999997,0.0937,0.6128,-0.3872,False
YER059W+YIL050W+YDL006W,YDL006W,ptc1_delta,KanMX_deletion,0.6118,0.091,0.031525,0.3925,6,0,0,0,0.393,0.0937,0.6118,-0.3882,False
YER059W+YIL050W+YPL262W,YPL262W,fum1_delta,KanMX_deletion,0.6019,0.01995,-0.095377,0.165,6,0,0,0,0.26580000000000004,0.0937,0.6019,-0.3981,False
YER059W+YIL050W+YDR128W,YDR128W,mtc5_delta,KanMX_deletion,0.6006,0.021,-0.171232,0.3681,6,0,0,0,0.27490000000000003,0.0937,0.6006,-0.3994,False
YER059W+YIL050W+YNL021W,YNL021W,hda1_delta,KanMX_deletion,0.6003,0.03565,-0.048314,0.4212,6,0,0,0,0.3218,0.0937,0.6003,-0.39970000000000006,False
YER059W+YIL050W+YHR041C,YHR041C,srb2_delta,KanMX_deletion,0.5995,0.04415,0.164905,0.1517,6,0,0,1,0.5237,0.0937,0.5995,-0.40049999999999997,False
YER059W+YIL050W+YKR020W,YKR020W,vps51_delta,KanMX_deletion,0.5979,0.0256,-0.050217,0.4959,6,0,0,0,0.32899999999999996,0.0937,0.5979,-0.4021,False
YER059W+YIL050W+YMR224C,YMR224C,mre11_delta,KanMX_deletion,0.5979,0.03015,-0.129513,0.1095,6,0,0,0,0.32599999999999996,0.0937,0.5979,-0.4021,False
YER059W+YIL050W+YHR129C,YHR129C,arp1_delta,KanMX_deletion,0.5933,0.0487,-0.103629,0.003974,6,0,0,0,0.2067,0.0937,0.5933,-0.40669999999999995,False
YER059W+YIL050W+YOL041C,YOL041C,nop12_delta,KanMX_deletion,0.5911,0.0169,-0.055185,0.2636,6,0,0,0,0.385,0.0937,0.5911,-0.40890000000000004,False
YER059W+YIL050W+YPL239W,YPL239W,yar1_delta,KanMX_deletion,0.5885,0.02535,0.061809,0.1189,6,0,0,0,0.4615,0.0937,0.5885,-0.4115,False
YER059W+YIL050W+YDR083W,YDR083W,rrp8_delta,KanMX_deletion,0.5871,0.02865,0.087968,0.4244,6,0,0,0,0.4465,0.0937,0.5871,-0.41290000000000004,False
YER059W+YIL050W+YMR243C,YMR243C,zrc1_delta,KanMX_deletion,0.5844,0.05755,0.030698,0.4731,6,0,0,0,0.37460000000000004,0.0937,0.5844,-0.41559999999999997,False
YER059W+YIL050W+YAL048C,YAL048C,gem1_delta,KanMX_deletion,0.5812,0.05315,-0.198475,0.002709,6,0,0,0,0.14200000000000002,0.0937,0.5812,-0.41879999999999995,False
YER059W+YIL050W+YGL244W,YGL244W,rtf1_delta,KanMX_deletion,0.5798,0.02855,-0.077638,0.3798,6,0,0,0,0.4535,0.0937,0.5798,-0.4202,False
YER059W+YIL050W+YOR106W,YOR106W,vam3_delta,KanMX_deletion,0.5751,0.0467,-0.212875,0.2851,6,0,0,0,0.30569999999999997,0.0937,0.5751,-0.42490000000000006,False
YER059W+YIL050W+YPR057W,YPR057W,brr1_delta,KanMX_deletion,0.5714,0.0203,-0.066994,0.105,6,0,0,0,0.29800000000000004,0.0937,0.5714,-0.4286,False
YER059W+YIL050W+YPL213W,YPL213W,lea1_delta,KanMX_deletion,0.5709,0.0298,-0.079968,0.1915,6,0,0,0,0.386,0.0937,0.5709,-0.42910000000000004,False
YER059W+YIL050W+YCR086W,YCR086W,csm1_delta,KanMX_deletion,0.5646,0.07035,-0.330755,0.002627,6,0,0,0,0.10441999999999996,0.049000000000000044,0.5646,-0.4354,False
YER059W+YIL050W+YLR048W,YLR048W,rps0b_delta,KanMX_deletion,0.5637,0.0166,0.049424,0.2402,6,0,0,0,0.4607,0.0937,0.5637,-0.4363,False
YER059W+YIL050W+YAL010C,YAL010C,mdm10_delta,KanMX_deletion,0.5611,0.04985,0.047287,0.2273,6,0,0,0,0.4415,0.0937,0.5611,-0.43889999999999996,False
YER059W+YIL050W+YHR067W,YHR067W,htd2_delta,KanMX_deletion,0.5574,0.028,0.108021,0.2805,6,0,0,0,0.5091,0.0937,0.5574,-0.4426,False
YER059W+YIL050W+YOL064C,YOL064C,met22_delta,KanMX_deletion,0.5573,0.0266,0.072891,0.3671,6,0,0,0,0.4091,0.0937,0.5573,-0.4427,False
YER059W+YIL050W+YNL147W,YNL147W,lsm7_delta,KanMX_deletion,0.5567,0.02885,0.075635,0.1616,6,0,1,0,0.41790000000000005,0.0937,0.5567,-0.4433,False
YER059W+YIL050W+YKL055C,YKL055C,oar1_delta,KanMX_deletion,0.5566,0.0293,0.073878,0.3721,6,0,0,0,0.4165,0.0937,0.5566,-0.4434,False
YER059W+YIL050W+YOR069W,YOR069W,vps5_delta,KanMX_deletion,0.5562,0.04015,-0.03118,0.1305,6,0,0,0,0.3449,0.0937,0.5562,-0.4438,False
YER059W+YIL050W+YLL049W,YLL049W,ldb18_delta,KanMX_deletion,0.5276,0.031,-0.228816,2.886e-05,6,0,0,0,0.1763,0.0937,0.5276,-0.47240000000000004,False
YER059W+YIL050W+YGL252C,YGL252C,rtg2_delta,KanMX_deletion,0.5253,0.0417,-0.197491,0.4248,6,0,0,0,0.405,0.0937,0.5253,-0.4747,False
YER059W+YIL050W+YNL003C,YNL003C,pet8_delta,KanMX_deletion,0.5214,0.1519,-0.042914,0.4783,6,0,0,0,0.48050000000000004,0.0937,0.5214,-0.4786,False
YER059W+YIL050W+YGL212W,YGL212W,vam7_delta,KanMX_deletion,0.5182,0.0428,-0.169151,0.301,6,0,0,0,0.3395,0.0937,0.5182,-0.4818,False
YER059W+YIL050W+YHR081W,YHR081W,lrp1_delta,KanMX_deletion,0.5175,0.028,0.05934,0.164,6,0,0,0,0.5195000000000001,0.0937,0.5175,-0.48250000000000004,False
YER059W+YIL050W+YLR320W,YLR320W,mms22_delta,KanMX_deletion,0.5167,0.02725,-0.063464,0.1907,6,0,0,0,0.393,0.0937,0.5167,-0.48329999999999995,False
YER059W+YIL050W+YLR337C,YLR337C,vrp1_delta,KanMX_deletion,0.5129,0.0393,0.022561,0.3523,6,0,0,1,0.5954999999999999,0.0937,0.5129,-0.4871,False
YER059W+YIL050W+YOL052C,YOL052C,spe2_delta,KanMX_deletion,0.5124,0.0483,-0.032138,0.2135,6,0,0,0,0.40869999999999995,0.0937,0.5124,-0.48760000000000003,False
YER059W+YIL050W+YDL077C,YDL077C,vam6_delta,KanMX_deletion,0.5117,0.03195,-0.166719,0.0681,6,0,0,0,0.3277,0.0937,0.5117,-0.48829999999999996,False
YER059W+YIL050W+YPL157W,YPL157W,tgs1_delta,KanMX_deletion,0.5006,0.0351,0.07251,0.4899,6,0,0,0,0.5251,0.0937,0.5006,-0.49939999999999996,False
YER059W+YIL050W+YLR079W,YLR079W,sic1_delta,KanMX_deletion,0.5004,0.0292,-0.054479,0.125,6,0,0,0,0.42400000000000004,0.0937,0.5004,-0.49960000000000004,False
YER059W+YIL050W+YDL083C,YDL083C,rps16b_delta,KanMX_deletion,0.4995,0.03085,0.149202,0.1798,6,0,0,0,0.5736,0.0937,0.4995,-0.5005,False
YER059W+YIL050W+YDR378C,YDR378C,lsm6_delta,KanMX_deletion,0.497,0.03485,0.093045,0.4046,6,0,0,0,0.49829999999999997,0.0937,0.497,-0.503,False
YER059W+YIL050W+YPR141C,YPR141C,kar3_delta,KanMX_deletion,0.4926,0.01365,0.004854,0.0002146,6,0,0,0,0.42179999999999995,0.0937,0.4926,-0.5074000000000001,False
YER059W+YIL050W+YKL212W,YKL212W,sac1_delta,KanMX_deletion,0.4744,0.02085,0.091591,0.01216,6,0,0,0,0.6298,0.0937,0.4744,-0.5256000000000001,True
YER059W+YIL050W+YKL006W,YKL006W,rpl14a_delta,KanMX_deletion,0.4674,0.0654,0.065314,0.107,6,0,0,0,0.5,0.0937,0.4674,-0.5326,False
YER059W+YIL050W+YPL106C,YPL106C,sse1_delta,KanMX_deletion,0.4501,0.02965,0.213525,0.4341,6,0,0,0,0.6138,0.0937,0.4501,-0.5499,False
YER059W+YIL050W+YLR087C,YLR087C,csf1_delta,KanMX_deletion,0.45,0.0229,-0.183666,2.409e-06,6,0,0,0,0.30189999999999995,0.0937,0.45,-0.55,False
YER059W+YIL050W+YPL178W,YPL178W,cbc2_delta,KanMX_deletion,0.4346,0.05385,0.086541,0.452,6,0,0,0,0.6282,0.0937,0.4346,-0.5654,False
YER059W+YIL050W+YLR185W,YLR185W,rpl37a_delta,KanMX_deletion,0.4141,0.0438,-0.072154,0.06891,6,0,0,0,0.4516,0.0937,0.4141,-0.5859,False
YER059W+YIL050W+YOR080W,YOR080W,dia2_delta,KanMX_deletion,0.3794,0.02015,-0.012669,0.2485,6,0,0,0,0.5542,0.0937,0.3794,-0.6206,False
YER059W+YIL050W+YLR089C,YLR089C,alt1_delta,KanMX_deletion,0.3725,0.06325,-0.090612,0.04294,6,0,0,0,0.47419999999999995,0.0937,0.3725,-0.6275,False
YER059W+YIL050W+YNL141W,YNL141W,aah1_delta,KanMX_deletion,0.3437,0.03055,-0.028651,0.1409,6,0,0,0,0.5781000000000001,0.0937,0.3437,-0.6563,False
YER059W+YIL050W+YKL041W,YKL041W,vps24_delta,KanMX_deletion,0.3287,0.0413,-0.027427,0.01124,6,0,0,0,0.5817,0.0937,0.3287,-0.6713,False
YER059W+YIL050W+YDL013W,YDL013W,slx5_delta,KanMX_deletion,0.3212,0.0311,-0.044021,0.2188,6,0,0,0,0.7097,0.0937,0.3212,-0.6788000000000001,False
YER059W+YIL050W+YCR063W,YCR063W,bud31_delta,KanMX_deletion,0.2952,0.0192,-0.047097,0.05091,6,0,0,0,0.6494,0.0937,0.2952,-0.7048,False
YER059W+YIL050W+YPL226W,YPL226W,new1_delta,KanMX_deletion,0.2908,0.05865,0.382239,0.4775,6,0,0,0,1.0156,0.0937,0.2908,-0.7092,False
YER059W+YIL050W+YOL001W,YOL001W,pho80_delta,KanMX_deletion,0.2852,0.0694,0.324116,0.0003912,6,0,0,0,0.9287,0.0937,0.2852,-0.7148,True
YER059W+YIL050W+YDR123C,YDR123C,ino2_delta,KanMX_deletion,0.2516,0.0828,-0.154965,0.0008461,6,0,0,0,0.49250000000000005,0.0937,0.2516,-0.7484,False
YER059W+YIL050W+YGR157W,YGR157W,cho2_delta,KanMX_deletion,0.0873,0.0211,-0.130594,0.001633,6,0,0,0,0.7839,0.0937,0.0873,-0.9127,False
