query,query_b,recipient,recipient_b,version,essentiality,string,s_score,abs_z,log2_qr,in_babu_release,babu_gi_score,in_served_store,served_screen_id,served_gi_score
yacL,b0119,rpsT,b0023,Isolate 2,non-essential,No functional association with STRING,1.62859,5.97963179547146,0.408918555584654,False,,False,,
yacL,b0119,torS,b0993,Isolate 2,non-essential,No functional association with STRING,1.36535,5.02487198558144,0.319911008053469,False,,False,,
yadE,b0130,rpsT,b0023,Isolate 2,non-essential,No functional association with STRING,1.42504,5.90377593578991,0.31481675402679804,False,,False,,
yadE,b0130,yaaY,b0024,Isolate 2,non-essential,No functional association with STRING,1.07517,4.4534163307554,0.24382146555856102,False,,False,,
yadE,b0130,ybbN,b0492,Isolate 2,non-essential,No functional association with STRING,0.997216,4.13026392371604,0.284130455599998,False,,False,,
yadE,b0130,yceG,b1097,Isolate 2,non-essential,No functional association with STRING,1.27808,5.29456437848042,0.5381583660554811,False,,False,,
yadE,b0130,yciB,b1254,Isolate 2,non-essential,No functional association with STRING,1.1354,4.70309523723846,0.540383574591323,False,,False,,
yadE,b0130,marC,b1529,Isolate 1,non-essential,No functional association with STRING,1.51832,4.71823374441871,0.989214989334919,False,,False,,
yadE,b0130,ypfH,b2473,Isolate 1,non-essential,No functional association with STRING,1.8723,5.82220110099988,0.507218962470057,False,,False,,
yadE,b0130,rpsU,b3065,Isolate 2,non-essential,No functional association with STRING,1.09435,4.53292556911411,0.6170860362228311,False,,False,,
yafP,b0234,yidX,b3696,Isolate 2,non-essential,No functional association with STRING,1.57858,4.91803115064023,0.0809298061701144,False,,False,,
ykgE,b0306,csiE,b2535,Isolate 2,non-essential,No functional association with STRING,1.59409,4.51746433938973,0.224786303883543,False,,False,,
ykgE,b0306,rpsU,b3065,Isolate 2,non-essential,No functional association with STRING,1.70391,4.8223631996869,0.78588133130566,False,,False,,
ykgE,b0306,gpp,b3779,Isolate 2,non-essential,No functional association with STRING,2.22804,6.27753201818587,0.886054549868832,False,,False,,
mfd,b1114,fkpB,b0028,Isolate 2,non-essential,No functional association with STRING,12.4401,12.108399006498,0.0876308303253595,True,12.4401,True,Butland et al.,12.4401
sufB,b1683,phr,b0708,Isolate 2,non-essential,No functional association with STRING,12.036,15.4298851604284,0.0339380874813799,True,12.036,True,Butland et al.,12.036
sufB,b1683,dnaT,b4362,Isolate 2,non-essential,No functional association with STRING,11.2955,14.4847156724593,0.0449193201077467,False,,False,,
fdx,b2525,fkpB,b0028,Isolate 2,non-essential,No functional association with STRING,10.9142,16.217457547686,0.11762600665142,True,10.9142,True,Butland et al.,10.9142
iscA,b2528,hchA,b1967,Isolate 1,non-essential,No functional association with STRING,14.6566,22.9263577124984,0.27071671179793805,True,14.6566,True,Butland et al.,14.6566
iscA,b2528,gutM,b2706,Isolate 1,non-essential,No functional association with STRING,11.4498,17.93015532448,0.0690133398909097,True,11.4498,True,Butland et al.,11.4498
iscS,b2530,hchA,b1967,Isolate 1,non-essential,No functional association with STRING,12.9755,16.1852473981832,0.0441658794933015,True,12.9755,True,Butland et al.,12.9755
iscS,b2530,gutM,b2706,Isolate 1,non-essential,No functional association with STRING,11.1917,13.9718624877552,0.0920147180415209,True,11.1917,True,Butland et al.,11.1917
iscR,b2531,gutM,b2706,Isolate 1,non-essential,No functional association with STRING,6.99559,9.85006075476197,0.11586410244464201,True,6.99559,True,Butland et al.,6.99559
recD,b2819,ubiG,b2232,Isolate 1,non-essential,No functional association with STRING,2.16402,4.1071401365727,0.38870989229941505,False,,False,,
mdh,b3236,fkpB,b0028,Isolate 2,non-essential,No functional association with STRING,9.93261,17.5910942546472,0.192047931308328,True,9.93261,True,Butland et al.,9.93261
mdh,b3236,hchA,b1967,Isolate 1,non-essential,No functional association with STRING,12.3808,22.7027431847945,0.13589270367998602,True,12.3808,True,Butland et al.,12.3808
yhdZ,b3271,ytjB,b4387,Isolate 2,non-essential,No functional association with STRING,16.3434,22.8593386749613,0.33015812741071,True,16.3434,True,Butland et al.,16.3434
yiiL,b3901,hchA,b1967,Isolate 2,non-essential,No functional association with STRING,11.8918,26.365314167354,0.00458428531567255,True,11.8918,True,Butland et al.,11.8918
yacL,b0119,lipB,b0630,Isolate 2,non-essential,No functional association with STRING,1.20474,4.4423466358381,-0.400131785888227,False,,False,,
yacL,b0119,yfhM,b2520,Isolate 2,non-essential,No functional association with STRING,1.12142,4.14014868962918,-1.1496326490191,False,,False,,
yacL,b0119,rbfA,b3167,Isolate 1,non-essential,No functional association with STRING,1.40412,4.16260433056532,-3.11786884480589,False,,False,,
yacL,b0119,rbfA,b3167,Isolate 2,non-essential,No functional association with STRING,1.76341,6.4686179585522,-2.70048818815531,False,,False,,
yacL,b0119,atpG,b3733,Isolate 2,non-essential,No functional association with STRING,1.9613,7.18635621557673,-1.93897262400995,False,,False,,
yadE,b0130,lipA,b0628,Isolate 1,non-essential,No functional association with STRING,1.61404,5.01675839375469,-2.82936715357957,False,,False,,
yadE,b0130,lipA,b0628,Isolate 2,non-essential,No functional association with STRING,1.90038,7.87426192960791,-2.482294278032,False,,False,,
yadE,b0130,lipB,b0630,Isolate 2,non-essential,No functional association with STRING,1.08357,4.48823789500009,-0.473775178986849,False,,False,,
yafP,b0234,lipA,b0628,Isolate 1,non-essential,No functional association with STRING,2.03898,5.41127481298991,-2.28068137590604,False,,False,,
yafP,b0234,lipA,b0628,Isolate 2,non-essential,No functional association with STRING,2.11512,6.59227180217107,-2.43459414773387,False,,False,,
yafP,b0234,atpG,b3733,Isolate 2,non-essential,No functional association with STRING,2.9056,9.05891688030523,-2.63968459975523,False,,False,,
ykgE,b0306,atpG,b3733,Isolate 2,non-essential,No functional association with STRING,4.26497,11.9327645396311,-1.71767013092769,False,,False,,
sufE,b1679,fkpB,b0028,Isolate 2,non-essential,No functional association with STRING,12.1287,19.2549696062466,-0.100389172187271,True,12.1287,True,Butland et al.,12.1287
sufE,b1679,hchA,b1967,Isolate 1,non-essential,No functional association with STRING,3.65826,5.77207815697489,-0.7991712703882541,True,4.73321,True,Butland et al.,4.73321
sufE,b1679,hchA,b1967,Isolate 2,non-essential,No functional association with STRING,4.73321,7.56251039494029,-0.654248596482462,True,4.73321,True,Butland et al.,4.73321
sufE,b1679,napB,b2203,Isolate 1,non-essential,No functional association with STRING,5.88933,9.23616562909025,-0.733376119788762,True,5.88933,True,Butland et al.,5.88933
sufE,b1679,gutM,b2706,Isolate 1,non-essential,No functional association with STRING,9.56142,14.9376635495858,-0.20140617011515202,True,9.56142,True,Butland et al.,9.56142
sufE,b1679,rbfA,b3167,Isolate 1,non-essential,No functional association with STRING,2.55743,4.06286624881928,-2.30518755121193,False,,False,,
sufE,b1679,atpG,b3733,Isolate 2,non-essential,No functional association with STRING,3.91673,6.27163459132926,-1.95621824863927,False,,False,,
sufB,b1683,fkpB,b0028,Isolate 2,non-essential,No functional association with STRING,11.1091,14.2467958985803,-0.0678002878733085,True,11.1091,True,Butland et al.,11.1091
sufB,b1683,hchA,b1967,Isolate 1,non-essential,No functional association with STRING,6.83816,9.28615690345496,-0.31112135939705804,True,6.83816,True,Butland et al.,6.83816
sufB,b1683,hchA,b1967,Isolate 2,non-essential,No functional association with STRING,5.19546,6.6986634329042,-0.509988903958255,True,6.83816,True,Butland et al.,6.83816
sufB,b1683,gutM,b2706,Isolate 1,non-essential,No functional association with STRING,5.92404,8.06475902538917,-0.265528080701862,True,5.92404,True,Butland et al.,5.92404
sufB,b1683,rbfA,b3167,Isolate 1,non-essential,No functional association with STRING,2.90067,4.02509497405261,-2.2018288626706,False,,False,,
sufB,b1683,priA,b3935,Isolate 1,non-essential,No functional association with STRING,11.9187,16.0745006388818,-0.0633573634868944,False,,False,,
sufB,b1683,ytjB,b4387,Isolate 2,non-essential,No functional association with STRING,12.4032,15.898576903821,-0.0507591521603427,True,12.4032,True,Butland et al.,12.4032
sufA,b1684,hchA,b1967,Isolate 1,non-essential,No functional association with STRING,3.19929,4.50304413624105,-0.6224824691342771,True,3.19929,True,Butland et al.,3.19929
hscA,b2526,fkpB,b0028,Isolate 2,non-essential,No functional association with STRING,4.0278,4.49560856622871,-0.67005185970136,True,4.0278,True,Butland et al.,4.0278
hscA,b2526,hchA,b1967,Isolate 2,non-essential,No functional association with STRING,7.92161,8.69904861598364,-0.159298371051628,False,,False,,
hscB,b2527,fkpB,b0028,Isolate 2,non-essential,No functional association with STRING,8.5166,13.4809922399668,-0.45037389689634605,True,8.5166,True,Butland et al.,8.5166
iscA,b2528,fkpB,b0028,Isolate 2,non-essential,No functional association with STRING,9.06477,14.8654888691284,-0.0605648571773261,True,9.06477,True,Butland et al.,9.06477
iscA,b2528,hchA,b1967,Isolate 2,non-essential,No functional association with STRING,10.0849,16.5278822930318,-0.0717537067973571,True,14.6566,True,Butland et al.,14.6566
iscA,b2528,napB,b2203,Isolate 1,non-essential,No functional association with STRING,3.2886,5.21498539523707,-0.17311028144614202,True,3.2886,True,Butland et al.,3.2886
iscS,b2530,fkpB,b0028,Isolate 2,non-essential,No functional association with STRING,6.65074,8.78489223102819,-0.0185996571376979,True,6.65074,True,Butland et al.,6.65074
iscS,b2530,lipA,b0628,Isolate 1,non-essential,No functional association with STRING,3.93581,4.96856759049899,-1.47853584042947,True,3.93581,True,Butland et al.,3.93581
iscS,b2530,hchA,b1967,Isolate 2,non-essential,No functional association with STRING,8.44484,11.132594403272,-0.100396175542907,True,12.9755,True,Butland et al.,12.9755
iscS,b2530,napB,b2203,Isolate 1,non-essential,No functional association with STRING,10.5756,13.2073897647399,-0.0350411346150489,True,10.5756,True,Butland et al.,10.5756
iscS,b2530,rbfA,b3167,Isolate 1,non-essential,No functional association with STRING,3.49949,4.42717051452749,-1.89628302463685,True,3.49949,True,Butland et al.,3.49949
iscS,b2530,atpG,b3733,Isolate 2,non-essential,No functional association with STRING,3.39902,4.52979490784183,-2.2751651276176,False,,False,,
iscR,b2531,fkpB,b0028,Isolate 2,non-essential,No functional association with STRING,9.73164,15.5927875770194,-0.0367621086652676,True,9.73164,True,Butland et al.,9.73164
iscR,b2531,hchA,b1967,Isolate 1,non-essential,No functional association with STRING,7.92942,11.1499622392772,-0.34557907564649104,True,7.92942,True,Butland et al.,7.92942
iscR,b2531,hchA,b1967,Isolate 2,non-essential,No functional association with STRING,5.80552,9.31679066481134,-0.497297644751842,True,7.92942,True,Butland et al.,7.92942
dsbC,b2893,fkpB,b0028,Isolate 2,non-essential,No functional association with STRING,7.44252,11.2846191040308,-0.29666645277451104,True,7.44252,True,Butland et al.,7.44252
mdh,b3236,hchA,b1967,Isolate 2,non-essential,No functional association with STRING,7.70095,13.6517833421602,-0.10938735450033601,True,12.3808,True,Butland et al.,12.3808
mdh,b3236,napB,b2203,Isolate 1,non-essential,No functional association with STRING,6.75768,12.4084917575673,-0.65427353432872,True,6.75768,True,Butland et al.,6.75768
mdh,b3236,yfhM,b2520,Isolate 2,non-essential,No functional association with STRING,9.93475,17.5948717679569,-0.311128271881338,True,9.93475,True,Butland et al.,9.93475
mdh,b3236,gutM,b2706,Isolate 1,non-essential,No functional association with STRING,7.90639,14.5114363073849,-0.126463124181388,True,7.90639,True,Butland et al.,7.90639
mdh,b3236,atpG,b3733,Isolate 2,non-essential,No functional association with STRING,3.66304,6.5240923289053,-2.13519050335244,False,,False,,
yiiL,b3901,hchA,b1967,Isolate 1,non-essential,No functional association with STRING,11.488,20.534534928295,-0.0442621488408996,True,11.8918,True,Butland et al.,11.8918
yiiL,b3901,napB,b2203,Isolate 1,non-essential,No functional association with STRING,8.50245,15.2210779180568,-0.48180233984781906,True,8.50245,True,Butland et al.,8.50245
ytfR,b4485,atpD,b3732,Isolate 2,non-essential,No functional association with STRING,2.14977,4.21753168536407,-0.6004674291165321,False,,False,,
yacL,b0119,yagV,b0289,Isolate 1,non-essential,No functional association with STRING,-1.94771,-5.7115114533806,-0.666460629060311,False,,False,,
yacL,b0119,betT,b0314,Isolate 1,non-essential,No functional association with STRING,-1.45583,-4.26248806263365,-1.45812048739072,False,,False,,
yacL,b0119,ybbN,b0492,Isolate 2,non-essential,Functional association with STRING,-1.34688,-4.81226598424844,-0.14262712384700202,False,,False,,
yacL,b0119,ybdK,b0581,Isolate 2,non-essential,No functional association with STRING,-1.43853,-5.14467647116692,-0.581198757406839,False,,False,,
yacL,b0119,ybfA,b0699,Isolate 2,non-essential,No functional association with STRING,-1.32769,-4.74266470499077,-0.146927613535683,False,,False,,
yacL,b0119,ybgC,b0736,Isolate 2,non-essential,No functional association with STRING,-1.58429,-5.67334152924916,-1.20409778938321,False,,False,,
yacL,b0119,ydfU,b1560,Isolate 1,non-essential,No functional association with STRING,-2.7144,-7.97009432613772,-1.40167745715507,False,,False,,
yacL,b0119,lpp,b1677,Isolate 1,non-essential,No functional association with STRING,-2.05871,-6.03850502167553,-1.71717163353582,False,,False,,
yacL,b0119,rfbD,b2040,Isolate 2,non-essential,No functional association with STRING,-8.60193,-31.1260106991193,-10.3432831825597,True,-8.60193,True,Butland et al.,-8.60193
yacL,b0119,ccmC,b2199,Isolate 1,non-essential,No functional association with STRING,-7.29733,-21.4708928301547,-8.09415948138927,True,-7.29733,True,Butland et al.,-7.29733
yacL,b0119,yfcA,b2327,Isolate 2,non-essential,No functional association with STRING,-2.79166,-10.0524189934146,-8.66859052118255,False,,False,,
yacL,b0119,yfjO,b2631,Isolate 1,non-essential,No functional association with STRING,-3.55825,-10.4559819171799,-2.43110929864256,True,-3.55825,True,Butland et al.,-3.55825
yacL,b0119,barA,b2786,Isolate 1,non-essential,No functional association with STRING,-5.88302,-17.3044939691168,-8.09415948138927,True,-5.88302,True,Butland et al.,-5.88302
yacL,b0119,yggJ,b2946,Isolate 1,non-essential,No functional association with STRING,-1.99071,-5.83818463749485,-1.54574706191252,False,,False,,
yacL,b0119,folB,b3058,Isolate 2,non-essential,No functional association with STRING,-3.92676,-14.1693763714961,-10.3432831825597,False,,False,,
yacL,b0119,yihQ,b3878,Isolate 1,non-essential,No functional association with STRING,-4.29332,-12.621415811293,-4.12144621252301,True,-4.29332,True,Butland et al.,-4.29332
yacL,b0119,lysU,b4129,Isolate 2,non-essential,No functional association with STRING,-1.22188,-4.35889652582171,-0.5108606243897871,False,,False,,
yadE,b0130,yaaA,b0006,Isolate 2,non-essential,No functional association with STRING,-1.40294,-5.81940111810295,-1.1210598353938,False,,False,,
yadE,b0130,dkgB,b0207,Isolate 1,non-essential,No functional association with STRING,-1.54955,-4.84961849083381,-0.565688681063721,False,,False,,
yadE,b0130,ybbY,b0513,Isolate 2,non-essential,No functional association with STRING,-2.04254,-8.47081450987724,-0.9355623489461631,False,,False,,
yadE,b0130,ybdR,b0608,Isolate 2,non-essential,No functional association with STRING,-1.04171,-4.32194949285181,-0.76232320986276,False,,False,,
yadE,b0130,tolQ,b0737,Isolate 2,non-essential,No functional association with STRING,-1.62635,-6.74553036428227,-1.06331400914514,False,,False,,
yadE,b0130,tolA,b0739,Isolate 1,non-essential,No functional association with STRING,-2.04753,-6.40268268720166,-0.8636135832574611,False,,False,,
yadE,b0130,ybhN,b0788,Isolate 2,non-essential,No functional association with STRING,-1.25731,-5.2157029751322,-1.0087209317989,False,,False,,
yadE,b0130,torS,b0993,Isolate 2,non-essential,No functional association with STRING,-1.42051,-5.89223622331476,-0.24212198217462103,False,,False,,
yadE,b0130,nagK,b1119,Isolate 1,non-essential,No functional association with STRING,-1.4456,-4.5254267096128,-1.06971188381178,False,,False,,
yadE,b0130,intR,b1345,Isolate 2,non-essential,No functional association with STRING,-0.996357,-4.13394206390068,-0.7530037760660291,False,,False,,
yadE,b0130,sfcA,b1479,Isolate 2,non-essential,No functional association with STRING,-1.04851,-4.35013837819275,-0.580745093152346,True,3.50369,True,This Study,3.50369
yadE,b0130,fliR,b1950,Isolate 1,non-essential,No functional association with STRING,-2.17401,-6.79713941148096,-1.66651717474057,False,,False,,
yadE,b0130,fliR,b1950,Isolate 2,non-essential,No functional association with STRING,-3.33793,-13.8407557130832,-6.43949443930851,False,,False,,
yadE,b0130,yegI,b2070,Isolate 2,non-essential,No functional association with STRING,-2.78251,-11.5383041401324,-2.58734961487843,False,,False,,
yadE,b0130,atoS,b2219,Isolate 2,non-essential,No functional association with STRING,-1.38962,-5.76418406622922,-1.52013589068154,False,,False,,
yadE,b0130,elaC,b2268,Isolate 1,non-essential,No functional association with STRING,-1.71134,-5.35419750270247,-1.99074617927617,False,,False,,
yadE,b0130,dedD,b2314,Isolate 2,non-essential,No functional association with STRING,-1.13778,-4.72020040677888,-1.8226453619029,False,,False,,
yadE,b0130,sdaC,b2796,Isolate 1,non-essential,No functional association with STRING,-1.71585,-5.36826296622634,-1.11113944805622,False,,False,,
yadE,b0130,exbD,b3005,Isolate 1,non-essential,No functional association with STRING,-1.72898,-5.40921186557634,-1.53755589499868,False,,False,,
yadE,b0130,exbB,b3006,Isolate 1,non-essential,No functional association with STRING,-1.8777,-5.87302910177825,-0.9669187988333611,True,4.301,True,This Study,4.301
yadE,b0130,kdsC,b3198,Isolate 2,non-essential,No functional association with STRING,-1.29554,-5.37418254668869,-0.9836694445549021,False,,False,,
yadE,b0130,yidJ,b3678,Isolate 1,non-essential,No functional association with STRING,-1.60146,-5.0115116641208,-0.945608435234723,False,,False,,
yadE,b0130,yidJ,b3678,Isolate 2,non-essential,No functional association with STRING,-1.14102,-4.73363158155897,-0.942927556069804,False,,False,,
yadE,b0130,cbrC,b3717,Isolate 2,non-essential,No functional association with STRING,-1.21152,-5.02588399575548,-1.00893293132363,False,,False,,
yadE,b0130,phnL,b4096,Isolate 2,non-essential,No functional association with STRING,-1.44574,-5.99682527877827,-0.8592199453269641,False,,False,,
yadE,b0130,ytfJ,b4216,Isolate 2,non-essential,No functional association with STRING,-1.45227,-6.0238948995542,-1.00369507735681,False,,False,,
yadE,b0130,ytfL,b4218,Isolate 2,non-essential,No functional association with STRING,-1.28237,-5.31958730846219,-0.8635557789257141,False,,False,,
yadE,b0130,osmY,b4376,Isolate 1,non-essential,No functional association with STRING,-2.28008,-7.12794289617661,-1.59328517026058,False,,False,,
yadE,b0130,sgcB,b4565,Isolate 1,non-essential,No functional association with STRING,-2.56402,-8.01347453985043,-1.23016553070423,False,,False,,
yafP,b0234,tesB,b0452,Isolate 1,non-essential,No functional association with STRING,-3.46124,-9.21299812983529,-2.22836366040191,True,-3.46124,True,Butland et al.,-3.46124
yafP,b0234,ompW,b1256,Isolate 2,non-essential,No functional association with STRING,-1.34507,-4.20504202349061,-1.17830017635687,False,,False,,
yafP,b0234,ydbD,b1407,Isolate 2,non-essential,No functional association with STRING,-1.40305,-4.38596511026095,-0.638683119655024,False,,False,,
yafP,b0234,narZ,b1468,Isolate 2,non-essential,No functional association with STRING,-1.60831,-5.0264665381754,-1.73355364209007,False,,False,,
yafP,b0234,nuoM,b2277,Isolate 1,non-essential,No functional association with STRING,-1.68671,-4.49478484650633,-1.56899482728733,False,,False,,
yafP,b0234,csiE,b2535,Isolate 1,non-essential,No functional association with STRING,-1.57698,-4.20302897673818,-0.45567656306730003,False,,False,,
yafP,b0234,rpsO,b3165,Isolate 2,non-essential,No functional association with STRING,-1.65339,-5.16713595438111,-0.0344267374567131,False,,False,,
yafP,b0234,yibH,b3597,Isolate 2,non-essential,No functional association with STRING,-1.37657,-4.3033358702182,-1.06159439522262,False,,False,,
ykgE,b0306,leuO,b0076,Isolate 2,non-essential,No functional association with STRING,-2.70253,-7.41146063902984,-1.74747493096865,False,,False,,
ykgE,b0306,perR,b0254,Isolate 1,non-essential,No functional association with STRING,-2.882,-6.85116312020729,-1.76429433569323,False,,False,,
ykgE,b0306,phoA,b0383,Isolate 2,non-essential,No functional association with STRING,-1.71253,-4.66287320783151,-1.32721035665657,False,,False,,
ykgE,b0306,ylaC,b0458,Isolate 2,non-essential,No functional association with STRING,-2.43465,-6.66773174906074,-0.5602100138073121,False,,False,,
ykgE,b0306,acrB,b0462,Isolate 1,non-essential,No functional association with STRING,-4.18871,-9.98296109979136,-3.52184807317261,True,-4.18871,True,Butland et al.,-4.18871
ykgE,b0306,lipB,b0630,Isolate 2,non-essential,No functional association with STRING,-2.1181,-5.78887785881243,-1.8107731179649,False,,False,,
ykgE,b0306,ybfN,b0682,Isolate 2,non-essential,No functional association with STRING,-1.59364,-4.33279284450306,-0.27656161994140604,False,,False,,
ykgE,b0306,ybhR,b0792,Isolate 2,non-essential,No functional association with STRING,-1.7432,-4.74802389117985,-0.9172156881708861,False,,False,,
ykgE,b0306,ycbG,b0956,Isolate 2,non-essential,No functional association with STRING,-1.49835,-4.06823436337287,-0.28969384989712,False,,False,,
ykgE,b0306,ycdO,b1018,Isolate 2,non-essential,No functional association with STRING,-1.55213,-4.21754651695857,-1.20953428221976,False,,False,,
ykgE,b0306,grxB,b1064,Isolate 1,non-essential,No functional association with STRING,-2.0629,-4.88802231231778,-1.76303228302769,False,,False,,
ykgE,b0306,ycjS,b1315,Isolate 2,non-essential,No functional association with STRING,-1.7039,-4.6389132992141,-1.14445418430364,False,,False,,
ykgE,b0306,stfR,b1372,Isolate 2,non-essential,No functional association with STRING,-2.20582,-6.03241936332225,-1.53680233911476,False,,False,,
ykgE,b0306,paaD,b1391,Isolate 2,non-essential,No functional association with STRING,-1.61814,-4.40081344254787,-0.8347278891871831,False,,False,,
ykgE,b0306,yncJ,b1436,Isolate 2,non-essential,No functional association with STRING,-1.83435,-5.00108827941594,-1.03406424676259,False,,False,,
ykgE,b0306,ydcS,b1440,Isolate 1,non-essential,No functional association with STRING,-5.20828,-12.4265692959822,-2.55304196001044,True,-5.20828,True,Butland et al.,-5.20828
ykgE,b0306,ydiD,b1701,Isolate 2,non-essential,No functional association with STRING,-1.62913,-4.43132553938511,-1.03701294026904,False,,False,,
ykgE,b0306,yniC,b1727,Isolate 2,non-essential,No functional association with STRING,-1.98468,-5.41845711631699,-1.68378794422799,False,,False,,
ykgE,b0306,chbR,b1735,Isolate 1,non-essential,No functional association with STRING,-2.94462,-7.00124476761303,-1.90778427232198,False,,False,,
ykgE,b0306,menE,b2260,Isolate 2,non-essential,No functional association with STRING,-1.61373,-4.3885697348998,-1.4482948807693,False,,False,,
ykgE,b0306,dedD,b2314,Isolate 2,non-essential,No functional association with STRING,-1.79293,-4.8860918234561,-2.23844893340141,False,,False,,
ykgE,b0306,dsdC,b2364,Isolate 1,non-essential,No functional association with STRING,-2.11315,-5.00845672276394,-1.36591689351176,False,,False,,
ykgE,b0306,cysZ,b2413,Isolate 2,non-essential,No functional association with STRING,-1.80276,-4.91338335320224,-1.41064673469451,False,,False,,
ykgE,b0306,ypjB,b2649,Isolate 2,non-essential,No functional association with STRING,-2.00575,-5.47695483063553,-1.20851938374251,False,,False,,
ykgE,b0306,ygcO,b2767,Isolate 1,non-essential,No functional association with STRING,-4.9576,-11.8257633654221,-2.93754122449058,True,-4.9576,True,Butland et al.,-4.9576
ykgE,b0306,yghQ,b2983,Isolate 2,non-essential,No functional association with STRING,-2.67487,-7.33466677201273,-1.93422814291566,False,,False,,
ykgE,b0306,tolC,b3035,Isolate 2,non-essential,No functional association with STRING,-5.61903,-15.5086881573025,-11.322346097401,True,-5.61903,True,Butland et al.,-5.61903
ykgE,b0306,rpe,b3386,Isolate 1,non-essential,No functional association with STRING,-2.09018,-4.9534044161381,-2.17639041454925,False,,False,,
ykgE,b0306,ubiE,b3833,Isolate 1,non-essential,No functional association with STRING,-1.69342,-4.00248786512084,-11.2281319087264,False,,False,,
ykgE,b0306,osmY,b4376,Isolate 1,non-essential,No functional association with STRING,-1.79778,-4.25260796609916,-1.21219465920173,False,,False,,
ykgE,b0306,araH,b4460,Isolate 1,non-essential,No functional association with STRING,-2.0933,-4.96088213475685,-1.70999807957334,False,,False,,
ykgE,b0306,gapC,b4493,Isolate 1,non-essential,No functional association with STRING,-2.85101,-6.77688924200378,-1.67636518381809,False,,False,,
mfd,b1114,lpd,b0116,Isolate 1,non-essential,No functional association with STRING,-5.96074,-4.97100060422617,-10.9890951386543,True,-12.6573,True,Butland et al.,-12.6573
mfd,b1114,lpd,b0116,Isolate 2,non-essential,No functional association with STRING,-12.6573,-12.0538485213333,-10.2213263914838,True,-12.6573,True,Butland et al.,-12.6573
mfd,b1114,ecpD,b0140,Isolate 2,non-essential,No functional association with STRING,-5.18583,-4.86077244425894,-2.47183643472202,True,-5.18583,True,Butland et al.,-5.18583
mfd,b1114,ybaJ,b0461,Isolate 1,non-essential,No functional association with STRING,-5.59932,-4.66072673213673,-8.00007777633225,True,-5.59932,True,Butland et al.,-5.59932
mfd,b1114,ybhC,b0772,Isolate 2,non-essential,No functional association with STRING,-13.5114,-12.8761239607621,-10.2213263914838,True,-13.5114,True,Butland et al.,-13.5114
mfd,b1114,dinG,b0799,Isolate 2,non-essential,No functional association with STRING,-6.11546,-5.75576356562202,-2.51102156169952,True,-6.11546,True,Butland et al.,-6.11546
mfd,b1114,pin,b1158,Isolate 1,non-essential,No functional association with STRING,-5.95583,-4.96678543984136,-2.47674723862368,True,-5.95583,True,Butland et al.,-5.95583
mfd,b1114,umuC,b1184,Isolate 2,non-essential,No functional association with STRING,-13.3303,-12.7017719152398,-10.2213263914838,True,-13.3303,True,Butland et al.,-13.3303
mfd,b1114,dadA,b1189,Isolate 1,non-essential,No functional association with STRING,-12.8258,-10.8645558815388,-10.9890951386543,True,-12.8258,True,Butland et al.,-12.8258
mfd,b1114,dadX,b1190,Isolate 1,non-essential,Functional association with STRING,-6.06898,-5.06392308752804,-2.77805198134409,True,-6.06898,True,Butland et al.,-6.06898
mfd,b1114,dadX,b1190,Isolate 2,non-essential,Functional association with STRING,-5.49558,-5.1589808710978,-2.36197599463047,True,-6.06898,True,Butland et al.,-6.06898
mfd,b1114,hns,b1237,Isolate 1,non-essential,No functional association with STRING,-5.05844,-4.19638903102518,-10.9890951386543,True,-5.05844,True,Butland et al.,-5.05844
mfd,b1114,trpC,b1262,Isolate 1,non-essential,No functional association with STRING,-5.45633,-4.5379718736063,-2.47478961925838,True,-5.45633,True,Butland et al.,-5.45633
mfd,b1114,trpD,b1263,Isolate 2,non-essential,No functional association with STRING,-12.2056,-11.6189792835508,-5.52974302430319,True,-12.2056,True,Butland et al.,-12.2056
mfd,b1114,ompG,b1319,Isolate 1,non-essential,No functional association with STRING,-5.05044,-4.18952114608048,-2.70289989542283,True,-5.05044,True,Butland et al.,-5.05044
mfd,b1114,ynbC,b1410,Isolate 2,non-essential,No functional association with STRING,-7.66884,-7.25126318170904,-2.85104982877274,True,-7.66884,True,Butland et al.,-7.66884
mfd,b1114,mdoD,b1424,Isolate 2,non-essential,No functional association with STRING,-7.63218,-7.21596916741393,-3.17004588654008,True,-7.63218,True,Butland et al.,-7.63218
mfd,b1114,relE,b1563,Isolate 2,non-essential,No functional association with STRING,-5.31113,-4.98140364969206,-2.37742647668324,True,-5.31113,True,Butland et al.,-5.31113
mfd,b1114,yeaQ,b1795,Isolate 1,non-essential,No functional association with STRING,-7.06981,-5.92312124867925,-3.07832384683881,True,-7.06981,True,Butland et al.,-7.06981
mfd,b1114,ccmC,b2199,Isolate 1,non-essential,No functional association with STRING,-7.29733,-6.11844389650668,-10.9890951386543,True,-7.29733,True,Butland et al.,-7.29733
mfd,b1114,purC,b2476,Isolate 1,non-essential,No functional association with STRING,-9.87792,-8.33384329768892,-10.9890951386543,True,-9.87792,True,Butland et al.,-9.87792
mfd,b1114,pbpC,b2519,Isolate 2,non-essential,No functional association with STRING,-5.8423,-5.49278176134339,-2.85747848025441,True,-5.8423,True,Butland et al.,-5.8423
mfd,b1114,rseA,b2572,Isolate 1,non-essential,No functional association with STRING,-7.46547,-6.26278966833203,-3.70634594801778,False,,False,,
mfd,b1114,recC,b2822,Isolate 1,non-essential,No functional association with STRING,-5.36044,-4.45565168768782,-10.9890951386543,True,-5.36044,True,Butland et al.,-5.36044
mfd,b1114,ygfM,b2880,Isolate 2,non-essential,No functional association with STRING,-7.3166,-6.91214797179872,-3.31879813454921,True,-7.3166,True,Butland et al.,-7.3166
mfd,b1114,ubiH,b2907,Isolate 1,non-essential,No functional association with STRING,-10.0961,-8.5211476898434,-3.82572441566371,True,-10.0961,True,Butland et al.,-10.0961
mfd,b1114,folB,b3058,Isolate 2,non-essential,No functional association with STRING,-7.65636,-7.23924819811922,-10.2213263914838,False,,False,,
mfd,b1114,yhfT,b3377,Isolate 2,non-essential,No functional association with STRING,-13.9629,-13.3108006507306,-5.89560671743404,True,-5.04881,True,This Study,-5.04881
mfd,b1114,nikB,b3477,Isolate 2,non-essential,No functional association with STRING,-12.0346,-11.4543509026325,-8.31526009212967,True,-12.0346,True,Butland et al.,-12.0346
mfd,b1114,atpH,b3735,Isolate 1,non-essential,No functional association with STRING,-11.5145,-9.73882369053971,-6.296337396929,False,,False,,
mfd,b1114,purH,b4006,Isolate 1,non-essential,No functional association with STRING,-5.21486,-4.33067335140654,-2.87353448809333,True,-11.6708,True,Butland et al.,-11.6708
mfd,b1114,purH,b4006,Isolate 2,non-essential,No functional association with STRING,-11.6708,-11.1041064290765,-7.68119953882869,True,-11.6708,True,Butland et al.,-11.6708
mfd,b1114,treC,b4239,Isolate 2,non-essential,No functional association with STRING,-7.25174,-6.84970471573813,-2.98713776736853,True,-7.25174,True,Butland et al.,-7.25174
ycjN,b1310,cmk,b0910,Isolate 2,non-essential,No functional association with STRING,-3.30171,-4.09725536213007,-6.8594880780361,False,,False,,
ycjN,b1310,ssuA,b0936,Isolate 1,non-essential,No functional association with STRING,-3.42335,-4.42790962373463,-3.92557280411439,True,-3.42335,True,Butland et al.,-3.42335
ycjN,b1310,ycgZ,b1164,Isolate 2,non-essential,No functional association with STRING,-4.37984,-5.48489138012945,-3.41349515079362,True,-4.37984,True,Butland et al.,-4.37984
ycjN,b1310,minC,b1176,Isolate 1,non-essential,No functional association with STRING,-3.16563,-4.08108435901621,-2.25857331503635,False,,False,,
ycjN,b1310,btuR,b1270,Isolate 1,non-essential,No functional association with STRING,-13.3183,-17.7439838637063,-9.99539801413522,True,-13.3183,True,Butland et al.,-13.3183
ycjN,b1310,cysB,b1275,Isolate 1,non-essential,No functional association with STRING,-4.77291,-6.24407253019663,-9.99539801413522,True,-4.77291,True,Butland et al.,-4.77291
ycjN,b1310,yciM,b1280,Isolate 1,non-essential,No functional association with STRING,-6.7999,-8.9718831127342,-2.78141855079121,True,-6.7999,True,Butland et al.,-6.7999
ycjN,b1310,paaF,b1393,Isolate 1,non-essential,No functional association with STRING,-3.11235,-4.00938309367321,-1.59272012857129,False,,False,,
ycjN,b1310,yeaE,b1781,Isolate 2,non-essential,No functional association with STRING,-11.8977,-15.1609539275744,-10.2086293596131,True,-11.8977,True,Butland et al.,-11.8977
ycjN,b1310,hisG,b2019,Isolate 1,non-essential,No functional association with STRING,-3.52043,-4.55855449684833,-2.53475123120571,True,-3.52043,True,Butland et al.,-3.52043
ycjN,b1310,csiE,b2535,Isolate 1,non-essential,No functional association with STRING,-4.30417,-5.61326826749249,-1.01043955398465,True,-4.30417,True,Butland et al.,-4.30417
ycjN,b1310,cysN,b2751,Isolate 1,non-essential,No functional association with STRING,-5.44482,-7.14829169679973,-3.40275094437042,True,-5.44482,True,Butland et al.,-5.44482
ycjN,b1310,cysI,b2763,Isolate 1,non-essential,No functional association with STRING,-3.95465,-5.14290366046012,-2.91596972970104,True,-3.95465,True,Butland et al.,-3.95465
ycjN,b1310,cysJ,b2764,Isolate 1,non-essential,No functional association with STRING,-4.13577,-5.38664489880328,-2.80602363494905,True,-5.45595,True,This Study,-5.45595
ycjN,b1310,gudX,b2788,Isolate 1,non-essential,No functional association with STRING,-3.81335,-4.95274996689846,-2.30320365853403,True,-3.81335,True,Butland et al.,-3.81335
ycjN,b1310,ygfY,b2897,Isolate 1,non-essential,No functional association with STRING,-3.59525,-4.65924309806761,-2.91590193069539,True,-3.59525,True,Butland et al.,-3.59525
ycjN,b1310,cysE,b3607,Isolate 2,non-essential,No functional association with STRING,-5.06132,-6.36200841939765,-10.2086293596131,True,-5.06132,True,Butland et al.,-5.06132
ycjN,b1310,glnG,b3868,Isolate 1,non-essential,No functional association with STRING,-6.55416,-8.6411798667622,-9.08362519714695,True,-6.55416,True,Butland et al.,-6.55416
ycjN,b1310,ybgT,b4515,Isolate 2,non-essential,No functional association with STRING,-4.90773,-6.16432630684673,-4.69923853773158,True,-4.90773,True,Butland et al.,-4.90773
ycjR,b1314,ybaT,b0486,Isolate 2,non-essential,No functional association with STRING,-3.11502,-4.34442254582367,-6.37827796631822,False,,False,,
ycjR,b1314,yceO,b1058,Isolate 1,non-essential,No functional association with STRING,-4.12053,-5.6448181505095,-1.9352175857712,True,-4.12053,True,Butland et al.,-4.12053
ycjR,b1314,cysB,b1275,Isolate 1,non-essential,No functional association with STRING,-4.63196,-6.35269485175153,-9.19706271366093,True,-4.63196,True,Butland et al.,-4.63196
ycjR,b1314,ydaC,b1347,Isolate 2,non-essential,No functional association with STRING,-5.80053,-8.15051158664855,-2.6090772444325,True,-5.80053,True,Butland et al.,-5.80053
ycjR,b1314,purL,b2557,Isolate 2,non-essential,No functional association with STRING,-5.91566,-8.31368172240309,-3.57570857025433,True,-5.91566,True,Butland et al.,-5.91566
ycjR,b1314,hybB,b2995,Isolate 1,non-essential,No functional association with STRING,-13.8462,-19.1062404311122,-11.3639762736382,True,-13.8462,True,Butland et al.,-13.8462
ycjR,b1314,yhaC,b3121,Isolate 1,non-essential,No functional association with STRING,-14.7432,-20.3477894231817,-11.3639762736382,True,-14.7432,True,Butland et al.,-14.7432
ycjR,b1314,selA,b3591,Isolate 2,non-essential,No functional association with STRING,-4.27895,-5.99402400598852,-12.2778637613035,True,-4.27895,True,Butland et al.,-4.27895
ycjR,b1314,cysE,b3607,Isolate 2,non-essential,No functional association with STRING,-4.8843,-6.85196756265497,-6.73432413551331,True,-4.8843,True,Butland et al.,-4.8843
ycjR,b1314,trkH,b3849,Isolate 1,non-essential,No functional association with STRING,-4.26828,-5.84932078549085,-2.48355565107366,True,-4.26828,True,Butland et al.,-4.26828
ycjR,b1314,zur,b4046,Isolate 1,non-essential,No functional association with STRING,-12.78,-17.6304995890336,-5.16075621932585,True,-12.78,True,Butland et al.,-12.78
sufE,b1679,lpd,b0116,Isolate 1,non-essential,No functional association with STRING,-5.96074,-9.16293391986608,-10.4300198786309,True,-12.6573,True,Butland et al.,-12.6573
sufE,b1679,lpd,b0116,Isolate 2,non-essential,No functional association with STRING,-12.6573,-19.9323315748026,-10.758621491124,True,-12.6573,True,Butland et al.,-12.6573
sufE,b1679,mdlB,b0449,Isolate 1,non-essential,No functional association with STRING,-3.22926,-4.92188112979959,-10.4300198786309,False,,False,,
sufE,b1679,ybhC,b0772,Isolate 2,non-essential,No functional association with STRING,-13.5114,-21.2826855624866,-10.758621491124,True,-13.5114,True,Butland et al.,-13.5114
sufE,b1679,pepT,b1127,Isolate 1,non-essential,No functional association with STRING,-3.6077,-5.50946881774633,-10.4300198786309,True,-3.6077,True,Butland et al.,-3.6077
sufE,b1679,ydcP,b1435,Isolate 1,non-essential,No functional association with STRING,-3.22139,-4.90966171561467,-1.84660838509106,False,,False,,
sufE,b1679,ihfA,b1712,Isolate 2,non-essential,No functional association with STRING,-3.16329,-4.92205846555172,-2.63824631852771,False,,False,,
sufE,b1679,ccmC,b2199,Isolate 1,non-essential,No functional association with STRING,-7.26485,-11.1877700358375,-8.89482250028224,True,-7.26485,True,Butland et al.,-7.26485
sufE,b1679,fdx,b2525,Isolate 1,non-essential,No functional association with STRING,-9.28735,-14.3280197421906,-10.4300198786309,True,-11.174,True,Butland et al.,-11.174
sufE,b1679,fdx,b2525,Isolate 2,non-essential,No functional association with STRING,-9.93068,-15.621475480787,-6.15149043088495,True,-11.174,True,Butland et al.,-11.174
sufE,b1679,hscB,b2527,Isolate 2,non-essential,No functional association with STRING,-9.54878,-15.0176817939862,-9.3169587362473,True,-13.7606,True,Butland et al.,-13.7606
sufE,b1679,iscU,b2529,Isolate 1,non-essential,No functional association with STRING,-6.1593,-9.47122958448585,-10.4300198786309,True,-5.68773,True,Butland et al.,-5.68773
sufE,b1679,iscS,b2530,Isolate 2,non-essential,Functional association with STRING,-3.79025,-5.91329829240843,-10.758621491124,True,-14.6169,True,Butland et al.,-14.6169
sufE,b1679,rseA,b2572,Isolate 1,non-essential,No functional association with STRING,-3.72467,-5.69108316046679,-2.65492140220827,False,,False,,
sufE,b1679,ubiH,b2907,Isolate 1,non-essential,No functional association with STRING,-9.55865,-14.7492557102171,-3.64661350916611,True,-9.55865,True,Butland et al.,-9.55865
sufE,b1679,folB,b3058,Isolate 2,non-essential,No functional association with STRING,-7.65636,-12.025717277685,-10.758621491124,False,,False,,
sufS,b1680,etp,b0982,Isolate 2,non-essential,No functional association with STRING,-4.47132,-5.15437122580783,-1.07725830205828,True,-4.47132,True,Butland et al.,-4.47132
sufS,b1680,rsxC,b1629,Isolate 1,non-essential,No functional association with STRING,-4.84338,-5.45788762464558,-2.39010178150569,True,-4.84338,True,Butland et al.,-4.84338
sufS,b1680,ydhL,b1648,Isolate 2,non-essential,No functional association with STRING,-6.75305,-7.87190820891251,-2.2181280834473,True,-6.75305,True,Butland et al.,-6.75305
sufS,b1680,ydiV,b1707,Isolate 2,non-essential,No functional association with STRING,-5.70712,-6.62620715894662,-2.72639385912049,True,-5.70712,True,Butland et al.,-5.70712
sufS,b1680,btuD,b1709,Isolate 2,non-essential,No functional association with STRING,-6.72702,-7.84090651823473,-3.63007896455422,True,-6.72702,True,Butland et al.,-6.72702
sufS,b1680,pfkB,b1723,Isolate 2,non-essential,No functional association with STRING,-5.15873,-5.97307549737195,-3.02366555405909,True,-5.15873,True,Butland et al.,-5.15873
sufS,b1680,ydjO,b1730,Isolate 1,non-essential,No functional association with STRING,-5.1474,-5.81160334355573,-9.88848259743183,True,-5.1474,True,Butland et al.,-5.1474
sufS,b1680,ydjQ,b1741,Isolate 1,non-essential,No functional association with STRING,-9.58683,-10.9767114746039,-5.0919644381556,True,-9.58683,True,Butland et al.,-9.58683
sufS,b1680,astC,b1748,Isolate 2,non-essential,No functional association with STRING,-3.71303,-4.25124898131858,-2.51296320944494,True,-3.71303,True,Butland et al.,-3.71303
sufS,b1680,ydjY,b1751,Isolate 2,non-essential,No functional association with STRING,-7.77155,-9.08494017031554,-3.03355005121411,True,-7.77155,True,Butland et al.,-7.77155
sufS,b1680,ynjC,b1755,Isolate 2,non-essential,No functional association with STRING,-4.15896,-4.78235093767445,-2.31580210351192,True,-4.15896,True,Butland et al.,-4.15896
sufS,b1680,ynjI,b1762,Isolate 2,non-essential,No functional association with STRING,-4.2465,-4.88661094543215,-1.83149090905612,True,-4.2465,True,Butland et al.,-4.2465
sufS,b1680,yeaW,b1802,Isolate 2,non-essential,No functional association with STRING,-9.80247,-11.5037628223063,-4.0761125792465,True,-9.80247,True,Butland et al.,-9.80247
sufS,b1680,yebU,b1835,Isolate 2,non-essential,No functional association with STRING,-3.7929,-4.34637403066297,-1.66503024352977,True,-3.7929,True,Butland et al.,-3.7929
sufS,b1680,yebB,b1862,Isolate 2,non-essential,No functional association with STRING,-4.31352,-4.96643166418839,-1.44573189764702,True,-4.31352,True,Butland et al.,-4.31352
sufS,b1680,ccmC,b2199,Isolate 1,non-essential,No functional association with STRING,-7.29733,-8.31296521302644,-9.98934921778485,True,-7.29733,True,Butland et al.,-7.29733
sufS,b1680,dedD,b2314,Isolate 2,non-essential,No functional association with STRING,-4.07585,-4.68336705322457,-4.22314976866285,True,-4.07585,True,Butland et al.,-4.07585
sufS,b1680,yffI,b2438,Isolate 2,non-essential,No functional association with STRING,-3.98274,-4.57247318388118,-2.17930077994634,False,,False,,
sufS,b1680,fdx,b2525,Isolate 1,non-essential,No functional association with STRING,-11.4214,-13.1111639660222,-9.98934921778485,True,-11.0817,True,Butland et al.,-11.0817
sufS,b1680,fdx,b2525,Isolate 2,non-essential,No functional association with STRING,-10.7203,-12.5968969657865,-11.5534204227842,True,-11.0817,True,Butland et al.,-11.0817
sufS,b1680,iscU,b2529,Isolate 1,non-essential,Functional association with STRING,-6.1593,-6.98891054691463,-9.98934921778485,True,-5.52475,True,Butland et al.,-5.52475
sufS,b1680,iscS,b2530,Isolate 2,non-essential,Functional association with STRING,-4.05178,-4.65469971958591,-11.5534204227842,True,-11.0764,True,Butland et al.,-11.0764
sufS,b1680,yfjO,b2631,Isolate 1,non-essential,No functional association with STRING,-3.73785,-4.17164547371232,-2.36883463346687,True,-3.73785,True,Butland et al.,-3.73785
sufS,b1680,purH,b4006,Isolate 1,non-essential,No functional association with STRING,-3.60238,-4.01403127582811,-2.27141370737234,True,-8.67934,True,Butland et al.,-8.67934
sufS,b1680,purH,b4006,Isolate 2,non-essential,No functional association with STRING,-8.67934,-10.1661166889626,-4.18435986655484,True,-8.67934,True,Butland et al.,-8.67934
sufS,b1680,blr,b4409,Isolate 1,non-essential,No functional association with STRING,-4.05127,-4.5362977354741,-1.81377509000892,True,-4.05127,True,Butland et al.,-4.05127
sufD,b1681,aroM,b0390,Isolate 1,non-essential,No functional association with STRING,-5.75644,-5.91102587191635,-3.06719806544136,True,-5.75644,True,Butland et al.,-5.75644
sufD,b1681,cysB,b1275,Isolate 1,non-essential,No functional association with STRING,-4.69887,-4.79314293838311,-8.2354172789749,True,-4.69887,True,Butland et al.,-4.69887
sufD,b1681,ydfG,b1539,Isolate 2,non-essential,No functional association with STRING,-3.90241,-4.07757535211598,-2.02434779655992,True,-3.90241,True,Butland et al.,-3.90241
sufD,b1681,ydfC,b1573,Isolate 1,non-essential,No functional association with STRING,-8.15115,-8.44230554112159,-3.79452408737028,True,-8.15115,True,Butland et al.,-8.15115
sufD,b1681,ydfC,b1573,Isolate 2,non-essential,No functional association with STRING,-3.97869,-4.16121385458298,-2.15347024515837,True,-8.15115,True,Butland et al.,-8.15115
sufD,b1681,ydgT,b1625,Isolate 1,non-essential,No functional association with STRING,-6.43583,-6.62916130145118,-3.04114257346177,True,-6.43583,True,Butland et al.,-6.43583
sufD,b1681,ydhJ,b1644,Isolate 1,non-essential,No functional association with STRING,-4.07785,-4.1367063342975,-2.63274830514886,True,-5.10388,True,Butland et al.,-5.10388
sufD,b1681,ydhJ,b1644,Isolate 2,non-essential,No functional association with STRING,-5.10388,-5.39494755399112,-2.74603012656671,True,-5.10388,True,Butland et al.,-5.10388
sufD,b1681,ydhL,b1648,Isolate 1,non-essential,No functional association with STRING,-3.98055,-4.0338573413866,-1.78899235198174,True,-4.81461,True,Butland et al.,-4.81461
sufD,b1681,ydhL,b1648,Isolate 2,non-essential,No functional association with STRING,-4.81461,-5.07777254601221,-1.78074811480349,True,-4.81461,True,Butland et al.,-4.81461
sufD,b1681,nlpC,b1708,Isolate 1,non-essential,No functional association with STRING,-7.493,-7.74662142309167,-3.60448892430156,True,-7.493,True,Butland et al.,-7.493
sufD,b1681,btuD,b1709,Isolate 1,non-essential,No functional association with STRING,-8.37618,-8.68016894168419,-9.41541803515815,True,-8.37618,True,Butland et al.,-8.37618
sufD,b1681,btuD,b1709,Isolate 2,non-essential,No functional association with STRING,-5.27141,-5.57863866985764,-3.02719784937161,True,-8.37618,True,Butland et al.,-8.37618
sufD,b1681,ydiY,b1722,Isolate 2,non-essential,No functional association with STRING,-5.11198,-5.40382893666001,-2.1006520618222,True,-5.11198,True,Butland et al.,-5.11198
sufD,b1681,pfkB,b1723,Isolate 2,non-essential,No functional association with STRING,-9.47223,-10.1846991566623,-4.12711138961952,True,-9.47223,True,Butland et al.,-9.47223
sufD,b1681,chbG,b1733,Isolate 2,non-essential,No functional association with STRING,-5.71289,-6.06270691932191,-2.67644806030541,True,-5.71289,True,Butland et al.,-5.71289
sufD,b1681,chbF,b1734,Isolate 2,non-essential,No functional association with STRING,-13.7006,-14.8209673092111,-10.4963102074701,True,-13.7006,True,Butland et al.,-13.7006
sufD,b1681,astE,b1744,Isolate 2,non-essential,No functional association with STRING,-4.10949,-4.30463173768058,-2.56542172648928,True,-4.10949,True,Butland et al.,-4.10949
sufD,b1681,ynjE,b1757,Isolate 2,non-essential,No functional association with STRING,-4.12909,-4.3261224908053,-2.20996263364141,True,-4.12909,True,Butland et al.,-4.12909
sufD,b1681,ydjI,b1773,Isolate 1,non-essential,No functional association with STRING,-5.23468,-5.35951003901611,-3.04519096450549,True,-5.23468,True,Butland et al.,-5.23468
sufD,b1681,yeaR,b1797,Isolate 2,non-essential,No functional association with STRING,-5.96227,-6.33614385882404,-2.99315997107317,False,,False,,
sufD,b1681,yebA,b1856,Isolate 2,non-essential,No functional association with STRING,-6.11712,-6.50593177317926,-2.37152809850433,True,-6.11712,True,Butland et al.,-6.11712
sufD,b1681,mdtC,b2076,Isolate 2,non-essential,No functional association with STRING,-4.47644,-4.70698030192112,-2.43859936227563,True,-4.47644,True,Butland et al.,-4.47644
sufD,b1681,fdx,b2525,Isolate 1,non-essential,No functional association with STRING,-11.4214,-11.8990570217679,-10.4516555530533,True,-11.4214,True,Butland et al.,-11.4214
sufD,b1681,fdx,b2525,Isolate 2,non-essential,No functional association with STRING,-10.7203,-11.5531667205584,-10.9164186962964,True,-11.4214,True,Butland et al.,-11.4214
sufD,b1681,hscB,b2527,Isolate 2,non-essential,No functional association with STRING,-9.61311,-10.3391694270811,-10.6936116478437,True,-9.61311,True,Butland et al.,-9.61311
sufD,b1681,iscU,b2529,Isolate 1,non-essential,Functional association with STRING,-6.1593,-6.3368608696973,-10.4516555530533,True,-6.61761,True,Butland et al.,-6.61761
sufD,b1681,iscS,b2530,Isolate 2,non-essential,Functional association with STRING,-4.05178,-4.24135462733225,-10.9164186962964,True,-4.05178,True,Butland et al.,-4.05178
sufD,b1681,purL,b2557,Isolate 2,non-essential,No functional association with STRING,-4.09299,-4.28654003224396,-2.75117803599977,True,-4.09299,True,Butland et al.,-4.09299
sufD,b1681,srlA,b2702,Isolate 2,non-essential,No functional association with STRING,-5.87051,-6.23553204725649,-2.94774610908703,True,-5.87051,True,Butland et al.,-5.87051
sufD,b1681,srlE,b2703,Isolate 1,non-essential,No functional association with STRING,-4.62644,-4.7165822749038,-2.75306191989436,True,-4.62644,True,Butland et al.,-4.62644
sufD,b1681,glnG,b3868,Isolate 1,non-essential,No functional association with STRING,-5.58565,-5.73049576401036,-2.9162445316742,True,-5.58565,True,Butland et al.,-5.58565
sufD,b1681,yjhB,b4279,Isolate 1,non-essential,No functional association with STRING,-4.51992,-4.60398746786506,-2.20748534785298,True,-4.51992,True,Butland et al.,-4.51992
sufD,b1681,yjhC,b4280,Isolate 1,non-essential,No functional association with STRING,-5.29826,-5.42671598936838,-2.44737791714434,True,-5.29826,True,Butland et al.,-5.29826
sufC,b1682,rnt,b1652,Isolate 1,non-essential,No functional association with STRING,-8.19897,-7.31399392561906,-3.94196417281999,True,-8.19897,True,Butland et al.,-8.19897
sufC,b1682,btuD,b1709,Isolate 2,non-essential,No functional association with STRING,-5.07456,-4.06613555690317,-3.73973490492089,True,-5.07456,True,Butland et al.,-5.07456
sufC,b1682,pfkB,b1723,Isolate 2,non-essential,No functional association with STRING,-7.71875,-6.25696316479362,-10.7862169773887,True,-7.71875,True,Butland et al.,-7.71875
sufC,b1682,ydjQ,b1741,Isolate 1,non-essential,No functional association with STRING,-7.05529,-6.27626157666961,-10.7022589281151,True,-7.05529,True,Butland et al.,-7.05529
sufC,b1682,ruvA,b1861,Isolate 1,non-essential,No functional association with STRING,-5.20244,-4.59505496052611,-9.44737359262558,True,-5.20244,True,Butland et al.,-5.20244
sufC,b1682,ruvC,b1863,Isolate 1,non-essential,No functional association with STRING,-4.66759,-4.10975212508647,-6.61774066394752,True,-4.66759,True,Butland et al.,-4.66759
sufC,b1682,fdx,b2525,Isolate 1,non-essential,No functional association with STRING,-24.9893,-22.5489098029068,-10.7022589281151,True,-7.07944,True,Butland et al.,-7.07944
sufC,b1682,fdx,b2525,Isolate 2,non-essential,No functional association with STRING,-23.4758,-19.3123714973681,-10.7862169773887,True,-7.07944,True,Butland et al.,-7.07944
sufC,b1682,iscU,b2529,Isolate 1,non-essential,No functional association with STRING,-13.4114,-12.0435574640517,-10.7022589281151,True,-5.32434,True,Butland et al.,-5.32434
sufC,b1682,iscS,b2530,Isolate 2,non-essential,Functional association with STRING,-8.87625,-7.21600277848749,-10.7862169773887,True,-8.1087,True,Butland et al.,-8.1087
sufB,b1683,lpd,b0116,Isolate 1,non-essential,No functional association with STRING,-5.75071,-7.53441272115242,-7.87750943480112,True,-5.75071,True,Butland et al.,-5.75071
sufB,b1683,lpd,b0116,Isolate 2,non-essential,No functional association with STRING,-5.59218,-7.07061161799949,-2.79199636653447,True,-5.75071,True,Butland et al.,-5.75071
sufB,b1683,mdlB,b0449,Isolate 1,non-essential,No functional association with STRING,-3.22926,-4.1653871231467,-11.2632436659741,False,,False,,
sufB,b1683,ybhC,b0772,Isolate 2,non-essential,No functional association with STRING,-13.5114,-17.1786536335485,-11.2439671393538,True,-13.5114,True,Butland et al.,-13.5114
sufB,b1683,rpmI,b1717,Isolate 1,non-essential,No functional association with STRING,-3.12522,-4.0263744823184,-1.91273842404101,False,,False,,
sufB,b1683,ccmC,b2199,Isolate 1,non-essential,No functional association with STRING,-7.29733,-9.6009230110204,-11.2632436659741,True,-7.29733,True,Butland et al.,-7.29733
sufB,b1683,fdx,b2525,Isolate 1,non-essential,No functional association with STRING,-11.4214,-15.1112830808086,-11.2632436659741,True,-13.2482,True,Butland et al.,-13.2482
sufB,b1683,fdx,b2525,Isolate 2,non-essential,No functional association with STRING,-10.7203,-13.6161113541828,-11.2439671393538,True,-13.2482,True,Butland et al.,-13.2482
sufB,b1683,hscB,b2527,Isolate 2,non-essential,No functional association with STRING,-8.99994,-11.4202547973666,-11.2439671393538,True,-17.3296,True,Butland et al.,-17.3296
sufB,b1683,iscU,b2529,Isolate 1,non-essential,Functional association with STRING,-6.1593,-8.08034865844611,-11.2632436659741,True,-7.33238,True,Butland et al.,-7.33238
sufB,b1683,iscS,b2530,Isolate 2,non-essential,Functional association with STRING,-4.05178,-5.10445486004204,-11.2439671393538,True,-14.2853,True,Butland et al.,-14.2853
sufB,b1683,ubiH,b2907,Isolate 1,non-essential,No functional association with STRING,-8.8252,-11.6423805614081,-3.41986222584201,True,-8.8252,True,Butland et al.,-8.8252
sufB,b1683,folB,b3058,Isolate 2,non-essential,No functional association with STRING,-7.65636,-9.70531783498248,-11.2439671393538,False,,False,,
sufB,b1683,yjbH,b4029,Isolate 1,non-essential,No functional association with STRING,-3.2319,-4.16891454886553,-1.5754181733821,False,,False,,
sufA,b1684,dcuC,b0621,Isolate 2,non-essential,No functional association with STRING,-3.41083,-4.44289563904858,-1.09319750261147,True,-3.41083,True,Butland et al.,-3.41083
sufA,b1684,ydgI,b1605,Isolate 2,non-essential,No functional association with STRING,-3.5088,-4.57413908951477,-3.97801362440358,True,-3.5088,True,Butland et al.,-3.5088
sufA,b1684,slyB,b1641,Isolate 1,non-essential,No functional association with STRING,-9.99246,-13.5950059506556,-4.21672544781584,True,-9.99246,True,Butland et al.,-9.99246
sufA,b1684,rnt,b1652,Isolate 1,non-essential,No functional association with STRING,-5.5415,-7.48863666570302,-4.40952491551074,True,-5.5415,True,Butland et al.,-5.5415
sufA,b1684,ihfA,b1712,Isolate 1,non-essential,No functional association with STRING,-4.01894,-5.39980333120946,-2.28837264240229,True,-6.52129,True,Butland et al.,-6.52129
sufA,b1684,ihfA,b1712,Isolate 2,non-essential,No functional association with STRING,-6.52129,-8.60975797381507,-3.414401305143,True,-6.52129,True,Butland et al.,-6.52129
sufA,b1684,pfkB,b1723,Isolate 1,non-essential,No functional association with STRING,-5.04751,-6.81092099019172,-1.98896343027884,True,-5.04751,True,Butland et al.,-5.04751
sufA,b1684,fliP,b1948,Isolate 2,non-essential,No functional association with STRING,-4.16125,-5.44818001282464,-2.33853409174213,True,-4.16125,True,Butland et al.,-4.16125
sufA,b1684,ccmC,b2199,Isolate 1,non-essential,No functional association with STRING,-7.29559,-9.89511106651599,-10.4668991783671,True,-7.29559,True,Butland et al.,-7.29559
sufA,b1684,nuoM,b2277,Isolate 2,non-essential,No functional association with STRING,-3.12012,-4.053452100363,-2.98349241322128,False,,False,,
sufA,b1684,nuoK,b2279,Isolate 2,non-essential,No functional association with STRING,-7.113,-9.40242983331646,-3.08478260254975,True,-7.113,True,Butland et al.,-7.113
sufA,b1684,nuoI,b2281,Isolate 1,non-essential,No functional association with STRING,-4.03664,-5.42408634798419,-3.48015892561813,False,,False,,
sufA,b1684,nuoH,b2282,Isolate 1,non-essential,No functional association with STRING,-8.21164,-11.1518600787473,-10.4668991783671,True,-8.21164,True,Butland et al.,-8.21164
sufA,b1684,nuoF,b2284,Isolate 1,non-essential,No functional association with STRING,-6.5097,-8.81693140249937,-10.4668991783671,True,-10.7591,True,Butland et al.,-10.7591
sufA,b1684,fdx,b2525,Isolate 1,non-essential,Functional association with STRING,-3.72551,-4.99724030227106,-2.49167132789442,True,-7.55986,True,Butland et al.,-7.55986
sufA,b1684,fdx,b2525,Isolate 2,non-essential,Functional association with STRING,-7.55986,-10.0010564361063,-3.93950241992347,True,-7.55986,True,Butland et al.,-7.55986
sufA,b1684,iscA,b2528,Isolate 1,non-essential,No functional association with STRING,-9.96871,-13.5624228066782,-3.99171092539996,True,-7.01738,True,Butland et al.,-7.01738
sufA,b1684,yhaB,b3120,Isolate 2,non-essential,No functional association with STRING,-9.87103,-13.0971667291955,-10.3917765094963,True,-9.87103,True,Butland et al.,-9.87103
sufA,b1684,ytfL,b4218,Isolate 2,non-essential,No functional association with STRING,-3.36888,-4.3866982036392,-9.03388291732106,False,,False,,
ydjX,b1750,glxR,b0509,Isolate 1,non-essential,No functional association with STRING,-9.43066,-12.9816721925161,-8.75325338101927,True,-9.43066,True,Butland et al.,-9.43066
ydjX,b1750,cydD,b0887,Isolate 2,non-essential,No functional association with STRING,-4.7144,-6.66992441557723,-0.8985100778139841,False,,False,,
ydjX,b1750,cmk,b0910,Isolate 2,non-essential,No functional association with STRING,-3.07231,-4.28939127141281,-10.0521573840832,False,,False,,
ydjX,b1750,intR,b1345,Isolate 2,non-essential,No functional association with STRING,-3.26447,-4.5679650700369,-8.360583692731,False,,False,,
ydjX,b1750,ydhJ,b1644,Isolate 2,non-essential,No functional association with STRING,-3.70027,-5.19974307503471,-3.29274050137403,True,-3.70027,True,Butland et al.,-3.70027
ydjX,b1750,aroD,b1693,Isolate 1,non-essential,No functional association with STRING,-5.66638,-7.72740561935878,-3.53966538406583,False,,False,,
ydjX,b1750,yeaI,b1785,Isolate 2,non-essential,No functional association with STRING,-5.42827,-7.7048196987984,-2.80842520640207,True,-5.42827,True,Butland et al.,-5.42827
ydjX,b1750,yebU,b1835,Isolate 2,non-essential,No functional association with STRING,-3.95592,-5.57035814382244,-1.89621418325112,True,-3.95592,True,Butland et al.,-3.95592
ydjX,b1750,yebB,b1862,Isolate 2,non-essential,No functional association with STRING,-3.06349,-4.27660494281235,-1.130829859277,False,,False,,
ydjX,b1750,yedW,b1969,Isolate 1,non-essential,No functional association with STRING,-3.45006,-4.63381638279296,-0.6706184898144181,True,-3.45006,True,Butland et al.,-3.45006
ydjX,b1750,wcaC,b2057,Isolate 1,non-essential,No functional association with STRING,-3.12198,-4.17587494981735,-0.49650907825866203,True,-4.8149,True,Butland et al.,-4.8149
ydjX,b1750,wcaC,b2057,Isolate 2,non-essential,No functional association with STRING,-4.8149,-6.81561897616071,-1.04740867315939,True,-4.8149,True,Butland et al.,-4.8149
ydjX,b1750,ypfH,b2473,Isolate 2,non-essential,No functional association with STRING,-3.46229,-4.85474415436152,-0.737393695790016,True,-3.46229,True,Butland et al.,-3.46229
ydjX,b1750,uhpB,b3668,Isolate 2,non-essential,No functional association with STRING,-2.9353,-4.0907682689696,-8.25486888120419,False,,False,,
ydjX,b1750,purA,b4177,Isolate 1,non-essential,No functional association with STRING,-3.08691,-4.1269234561132,-8.00162915787864,False,,False,,
ynjB,b1754,lpcA,b0222,Isolate 1,non-essential,No functional association with STRING,-3.451,-4.34997348913989,-10.7244566435768,True,-3.451,True,Butland et al.,-3.451
ynjB,b1754,trmU,b1133,Isolate 2,non-essential,No functional association with STRING,-3.07756,-4.07633860563827,-1.82143733604263,False,,False,,
ynjB,b1754,intQ,b1579,Isolate 1,non-essential,No functional association with STRING,-4.093,-5.18209471083371,-1.87072723803251,True,-4.093,True,Butland et al.,-4.093
ynjB,b1754,uidA,b1617,Isolate 2,non-essential,No functional association with STRING,-3.11408,-4.12649449776781,-2.26151062306237,False,,False,,
ynjB,b1754,rnt,b1652,Isolate 1,non-essential,No functional association with STRING,-6.35063,-8.10829694406209,-5.09311420757335,True,-6.35063,True,Butland et al.,-6.35063
ynjB,b1754,ynhG,b1678,Isolate 2,non-essential,No functional association with STRING,-3.36868,-4.47615742592171,-2.06317440834431,False,,False,,
ynjB,b1754,ydiD,b1701,Isolate 2,non-essential,No functional association with STRING,-3.95227,-5.27764913150431,-1.72594755145944,True,-3.95227,True,Butland et al.,-3.95227
ynjB,b1754,yoaG,b1796,Isolate 2,non-essential,No functional association with STRING,-3.12982,-4.14811152246986,-2.01616603395136,False,,False,,
ynjB,b1754,yfaD,b2244,Isolate 2,non-essential,No functional association with STRING,-13.7375,-18.71650291964,-9.56483976852399,True,-13.7375,True,Butland et al.,-13.7375
ynjB,b1754,nuoM,b2277,Isolate 2,non-essential,No functional association with STRING,-3.42492,-4.553396401096,-3.11369336749662,True,-3.42492,True,Butland et al.,-3.42492
ynjB,b1754,purL,b2557,Isolate 2,non-essential,No functional association with STRING,-3.40774,-4.52980170704382,-3.09530337023257,True,-3.40774,True,Butland et al.,-3.40774
ynjB,b1754,nrdF,b2676,Isolate 2,non-essential,No functional association with STRING,-3.67236,-4.893225917759,-2.04117319108267,True,-3.67236,True,Butland et al.,-3.67236
ynjB,b1754,yghS,b2985,Isolate 2,non-essential,No functional association with STRING,-6.03,-8.13116506124977,-2.93428260327991,True,-6.03,True,Butland et al.,-6.03
ynjB,b1754,aspA,b4139,Isolate 2,non-essential,No functional association with STRING,-3.78146,-5.04306183866077,-2.91652875381012,True,-3.78146,True,Butland et al.,-3.78146
ydjH,b1772,csgE,b1039,Isolate 2,non-essential,No functional association with STRING,-8.64908,-8.72573277051536,-4.836538973779,True,-8.64908,True,Butland et al.,-8.64908
ydjH,b1772,ydhJ,b1644,Isolate 2,non-essential,No functional association with STRING,-4.84222,-4.79228863385207,-4.15030613777369,True,-4.84222,True,Butland et al.,-4.84222
ydjH,b1772,ydhW,b1672,Isolate 1,non-essential,No functional association with STRING,-4.6301,-4.21209811297928,-2.43098255042277,True,-4.6301,True,Butland et al.,-4.6301
ydjH,b1772,ydiN,b1691,Isolate 1,non-essential,No functional association with STRING,-4.43725,-4.02630540365746,-2.71672158229008,True,-4.43725,True,Butland et al.,-4.43725
ydjH,b1772,aroD,b1693,Isolate 1,non-essential,No functional association with STRING,-6.1959,-5.72059810912194,-4.29132858936228,False,,False,,
ydjH,b1772,aroH,b1704,Isolate 2,non-essential,No functional association with STRING,-5.19606,-5.15789437541256,-2.34039400989571,True,-5.19606,True,Butland et al.,-5.19606
ydjH,b1772,ydiE,b1705,Isolate 1,non-essential,No functional association with STRING,-4.76267,-4.33981675168706,-2.48108282912915,True,-4.76267,True,Butland et al.,-4.76267
ydjH,b1772,chbG,b1733,Isolate 2,non-essential,No functional association with STRING,-5.0268,-4.98300621178909,-2.46415878271972,True,-5.0268,True,Butland et al.,-5.0268
ydjH,b1772,pabB,b1812,Isolate 2,non-essential,No functional association with STRING,-10.0992,-10.224071561923,-8.57940683013568,True,-10.0992,True,Butland et al.,-10.0992
ydjH,b1772,yeaB,b1813,Isolate 2,non-essential,No functional association with STRING,-4.93538,-4.88854635170131,-2.8209930059187,True,-4.93538,True,Butland et al.,-4.93538
ydjH,b1772,ruvA,b1861,Isolate 2,non-essential,No functional association with STRING,-4.88176,-4.83314340160389,-4.41848716186801,True,-4.88176,True,Butland et al.,-4.88176
ydjH,b1772,cobT,b1991,Isolate 1,non-essential,No functional association with STRING,-5.68169,-5.22520547722993,-2.89383977073402,True,-5.68169,True,Butland et al.,-5.68169
ydjH,b1772,sbcB,b2011,Isolate 1,non-essential,No functional association with STRING,-9.12102,-8.53867417804314,-6.85884566664673,True,-9.12102,True,Butland et al.,-9.12102
ydjH,b1772,sbcB,b2011,Isolate 2,non-essential,No functional association with STRING,-4.51897,-4.45829005833934,-2.14069203466741,True,-9.12102,True,Butland et al.,-9.12102
ydjH,b1772,hisF,b2025,Isolate 1,non-essential,No functional association with STRING,-4.72991,-4.30825559453184,-2.40110750916065,True,-4.72991,True,Butland et al.,-4.72991
ydjH,b1772,wcaL,b2044,Isolate 2,non-essential,No functional association with STRING,-5.18928,-5.15088892965238,-2.51560980979451,True,-5.18928,True,Butland et al.,-5.18928
ydjH,b1772,wcaB,b2058,Isolate 2,non-essential,No functional association with STRING,-6.14472,-6.13809882597995,-2.9084182651714,True,-6.14472,True,Butland et al.,-6.14472
ydjH,b1772,menE,b2260,Isolate 2,non-essential,No functional association with STRING,-4.47924,-4.41723897278599,-2.50847612956543,True,-4.47924,True,Butland et al.,-4.47924
ydjH,b1772,dedD,b2314,Isolate 1,non-essential,No functional association with STRING,-5.24852,-4.80788720968036,-3.25817265406564,True,-5.24852,True,Butland et al.,-5.24852
ydjH,b1772,dedD,b2314,Isolate 2,non-essential,No functional association with STRING,-4.72703,-4.6732683835402,-3.8742799169657,True,-5.24852,True,Butland et al.,-5.24852
ydjH,b1772,oxc,b2373,Isolate 1,non-essential,No functional association with STRING,-5.69289,-5.23599561642829,-2.73974823658713,True,-5.69289,True,Butland et al.,-5.69289
fliA,b1922,dcuC,b0621,Isolate 2,non-essential,No functional association with STRING,-3.98371,-5.23323152292764,-1.28911219427045,True,-3.98371,True,Butland et al.,-3.98371
fliA,b1922,pgm,b0688,Isolate 1,non-essential,No functional association with STRING,-3.65758,-4.46702865281979,-1.6368694806973,True,-3.65758,True,Butland et al.,-3.65758
fliA,b1922,sucA,b0726,Isolate 2,non-essential,No functional association with STRING,-3.88126,-5.09466211691047,-2.11652395162237,False,,False,,
fliA,b1922,cspG,b0990,Isolate 1,non-essential,No functional association with STRING,-4.38018,-5.38064406716627,-2.74997612066262,True,-4.38018,True,Butland et al.,-4.38018
fliA,b1922,hns,b1237,Isolate 1,non-essential,No functional association with STRING,-4.94216,-6.09118045044117,-10.7520942570792,True,-4.94216,True,Butland et al.,-4.94216
fliA,b1922,ydcP,b1435,Isolate 2,non-essential,No functional association with STRING,-4.93232,-6.51628007580169,-7.67404165539275,True,-4.93232,True,Butland et al.,-4.93232
fliA,b1922,pykF,b1676,Isolate 2,non-essential,No functional association with STRING,-6.02105,-7.98884883532411,-3.47593036923564,True,-6.02105,True,Butland et al.,-6.02105
fliA,b1922,cheY,b1882,Isolate 2,non-essential,Functional association with STRING,-4.80901,-6.34949634270284,-2.74651184837448,True,-4.80901,True,Butland et al.,-4.80901
fliA,b1922,yedV,b1968,Isolate 1,non-essential,No functional association with STRING,-13.6684,-17.1241549498695,-10.7520942570792,True,-13.6684,True,Butland et al.,-13.6684
fliA,b1922,yedV,b1968,Isolate 2,non-essential,No functional association with STRING,-3.73804,-4.90094898533625,-2.38765173569852,True,-13.6684,True,Butland et al.,-13.6684
fliA,b1922,sbmC,b2009,Isolate 2,non-essential,No functional association with STRING,-4.43268,-5.84048878226906,-2.13299469483133,False,,False,,
fliA,b1922,wcaC,b2057,Isolate 1,non-essential,No functional association with STRING,-6.61092,-8.20106815988601,-1.06968059311038,True,-6.61092,True,Butland et al.,-6.61092
fliA,b1922,ccmC,b2199,Isolate 1,non-essential,No functional association with STRING,-7.29733,-9.06892694283865,-10.7520942570792,True,-7.29733,True,Butland et al.,-7.29733
fliA,b1922,nuoN,b2276,Isolate 1,non-essential,No functional association with STRING,-3.90256,-4.77676779509297,-9.72112287001135,True,-8.96678,True,Butland et al.,-8.96678
fliA,b1922,nuoN,b2276,Isolate 2,non-essential,No functional association with STRING,-8.96678,-11.9731148810728,-10.6375157793676,True,-8.96678,True,Butland et al.,-8.96678
fliA,b1922,nuoM,b2277,Isolate 2,non-essential,No functional association with STRING,-7.96972,-10.624534969277,-10.6375157793676,True,-7.96972,True,Butland et al.,-7.96972
fliA,b1922,nuoK,b2279,Isolate 2,non-essential,No functional association with STRING,-13.0856,-17.5440513465841,-10.6375157793676,True,-13.0856,True,Butland et al.,-13.0856
fliA,b1922,nuoJ,b2280,Isolate 1,non-essential,No functional association with STRING,-4.1643,-5.10769735301028,-10.7520942570792,True,-4.1643,True,Butland et al.,-4.1643
fliA,b1922,nuoF,b2284,Isolate 1,non-essential,No functional association with STRING,-5.21476,-6.43584079081046,-10.7520942570792,True,-5.21476,True,Butland et al.,-5.21476
fliA,b1922,yfeS,b2420,Isolate 1,non-essential,No functional association with STRING,-4.52178,-5.55967526377776,-0.972116711040765,True,-4.52178,True,Butland et al.,-4.52178
fliA,b1922,yfjO,b2631,Isolate 2,non-essential,No functional association with STRING,-3.2646,-4.26059467020919,-3.04422426355549,False,,False,,
fliA,b1922,folB,b3058,Isolate 2,non-essential,No functional association with STRING,-7.62,-10.1515189353842,-10.6375157793676,False,,False,,
fliA,b1922,folP,b3177,Isolate 1,non-essential,No functional association with STRING,-4.7711,-5.8749016616533,-2.56047499574792,False,,False,,
fliA,b1922,uhpB,b3668,Isolate 1,non-essential,No functional association with STRING,-9.73352,-12.1491106354442,-9.08433145130552,True,-9.73352,True,Butland et al.,-9.73352
fliA,b1922,ulaD,b4196,Isolate 2,non-essential,No functional association with STRING,-3.2504,-4.24138836893594,-3.21044043544572,False,,False,,
fliA,b1922,holD,b4372,Isolate 2,non-essential,No functional association with STRING,-3.71312,-4.86724327915814,-3.7720918010545,False,,False,,
fliA,b1922,sgcB,b4565,Isolate 1,non-essential,No functional association with STRING,-5.93693,-7.34891253697515,-10.1961183852389,True,-5.93693,True,Butland et al.,-5.93693
fdx,b2525,lpd,b0116,Isolate 1,non-essential,No functional association with STRING,-3.41621,-4.86738579603285,-2.59867169077995,True,-6.15939,True,Butland et al.,-6.15939
fdx,b2525,lpd,b0116,Isolate 2,non-essential,No functional association with STRING,-6.15939,-8.96835713458572,-2.94185512401097,True,-6.15939,True,Butland et al.,-6.15939
fdx,b2525,glnD,b0167,Isolate 2,non-essential,No functional association with STRING,-3.26162,-4.69376121118317,-0.474016764640981,False,,False,,
fdx,b2525,ybhC,b0772,Isolate 2,non-essential,No functional association with STRING,-13.5114,-19.8135491183576,-11.4723427465731,True,-13.5114,True,Butland et al.,-13.5114
fdx,b2525,ydaS,b1357,Isolate 2,non-essential,No functional association with STRING,-7.20552,-10.5115379368402,-7.63343898864068,True,-7.20552,True,Butland et al.,-7.20552
fdx,b2525,ydhD,b1654,Isolate 1,non-essential,No functional association with STRING,-11.5018,-16.6356897455108,-5.15691274736467,True,-11.5018,True,Butland et al.,-11.5018
fdx,b2525,ydhD,b1654,Isolate 2,non-essential,No functional association with STRING,-5.65692,-8.22714709595875,-2.49286651220104,True,-11.5018,True,Butland et al.,-11.5018
fdx,b2525,sufE,b1679,Isolate 1,non-essential,No functional association with STRING,-11.174,-16.1585878847142,-5.08805863919019,True,-11.174,True,Butland et al.,-11.174
fdx,b2525,sufE,b1679,Isolate 2,non-essential,No functional association with STRING,-6.00376,-8.73878219814868,-3.11086888056936,True,-11.174,True,Butland et al.,-11.174
fdx,b2525,sufS,b1680,Isolate 1,non-essential,No functional association with STRING,-11.0817,-16.0242483430682,-9.39113436745278,True,-11.0817,True,Butland et al.,-11.0817
fdx,b2525,sufC,b1682,Isolate 2,non-essential,No functional association with STRING,-7.07944,-10.3255531782077,-3.47432324893545,True,-7.07944,True,Butland et al.,-7.07944
fdx,b2525,sufB,b1683,Isolate 1,non-essential,No functional association with STRING,-13.2482,-19.1775161326228,-3.79472226282674,True,-13.2482,True,Butland et al.,-13.2482
fdx,b2525,sufB,b1683,Isolate 2,non-essential,No functional association with STRING,-7.91116,-11.5524507309508,-4.39546354003214,True,-13.2482,True,Butland et al.,-13.2482
fdx,b2525,ccmC,b2199,Isolate 1,non-essential,No functional association with STRING,-7.29733,-10.516225252943,-9.39113436745278,True,-7.29733,True,Butland et al.,-7.29733
fdx,b2525,hemF,b2436,Isolate 1,non-essential,No functional association with STRING,-3.46095,-4.93250335933987,-1.95235710309774,True,-4.04911,True,Butland et al.,-4.04911
fdx,b2525,hemF,b2436,Isolate 2,non-essential,No functional association with STRING,-4.04911,-5.85541363484698,-2.03661048357191,True,-4.04911,True,Butland et al.,-4.04911
fdx,b2525,rseA,b2572,Isolate 1,non-essential,No functional association with STRING,-9.82222,-14.1911176181257,-9.39113436745278,False,,False,,
fdx,b2525,rseA,b2572,Isolate 2,non-essential,No functional association with STRING,-8.09416,-11.8224000554254,-10.7483162081144,False,,False,,
fdx,b2525,recA,b2699,Isolate 2,non-essential,No functional association with STRING,-3.47484,-5.00828905251906,-11.4723427465731,True,-4.805,True,This Study,-4.805
fdx,b2525,ygfZ,b2898,Isolate 1,non-essential,No functional association with STRING,-6.43522,-9.26145318091305,-9.39113436745278,True,-9.56361,True,This Study,-9.56361
fdx,b2525,ygfZ,b2898,Isolate 2,non-essential,No functional association with STRING,-8.08705,-11.8119118603597,-11.4723427465731,True,-9.56361,True,This Study,-9.56361
fdx,b2525,folB,b3058,Isolate 2,non-essential,No functional association with STRING,-7.65636,-11.1765868627753,-11.4723427465731,False,,False,,
fdx,b2525,rpsU,b3065,Isolate 2,non-essential,No functional association with STRING,-5.05531,-7.33969237958091,-0.477595770996857,False,,False,,
fdx,b2525,gntY,b3414,Isolate 2,non-essential,No functional association with STRING,-5.01093,-7.27422598056352,-2.29417440940198,True,-10.2233,True,This Study,-10.2233
fdx,b2525,prfC,b4375,Isolate 2,non-essential,No functional association with STRING,-2.90305,-4.16482279983429,-0.866320412899484,False,,False,,
hscA,b2526,lpd,b0116,Isolate 1,non-essential,No functional association with STRING,-4.95849,-4.49998375326719,-6.86925106724692,True,-8.39926,True,Butland et al.,-8.39926
hscA,b2526,lpd,b0116,Isolate 2,non-essential,No functional association with STRING,-8.39926,-8.91963298503021,-3.58541805314462,True,-8.39926,True,Butland et al.,-8.39926
hscA,b2526,yadB,b0144,Isolate 1,non-essential,No functional association with STRING,-13.566,-12.564394236126,-7.58500934854717,True,-13.566,True,Butland et al.,-13.566
hscA,b2526,glnD,b0167,Isolate 2,non-essential,No functional association with STRING,-6.10514,-6.44308793353982,-0.973462061196647,True,-6.10514,True,Butland et al.,-6.10514
hscA,b2526,ykgA,b0300,Isolate 2,non-essential,No functional association with STRING,-7.84718,-8.32365239463964,-3.65210248083542,True,-7.84718,True,Butland et al.,-7.84718
hscA,b2526,cof,b0446,Isolate 1,non-essential,No functional association with STRING,-7.45861,-6.84235616252434,-11.066725856379,True,-7.45861,True,Butland et al.,-7.45861
hscA,b2526,ybhC,b0772,Isolate 2,non-essential,No functional association with STRING,-13.5114,-14.4382828462084,-12.2116957497123,True,-13.5114,True,Butland et al.,-13.5114
hscA,b2526,ybhG,b0795,Isolate 2,non-essential,No functional association with STRING,-12.6763,-13.5367769212787,-6.55714967093405,True,-12.6763,True,Butland et al.,-12.6763
hscA,b2526,yciM,b1280,Isolate 2,non-essential,No functional association with STRING,-5.82765,-6.14353233647512,-12.2116957497123,True,-5.82765,True,Butland et al.,-5.82765
hscA,b2526,yddJ,b1470,Isolate 1,non-essential,No functional association with STRING,-14.4191,-13.3636670319667,-9.20579479564917,True,-14.4191,True,Butland et al.,-14.4191
hscA,b2526,ydfE,b1577,Isolate 1,non-essential,No functional association with STRING,-12.6135,-11.6719931834496,-11.066725856379,True,-12.6135,True,Butland et al.,-12.6135
hscA,b2526,ydhD,b1654,Isolate 1,non-essential,No functional association with STRING,-12.0728,-11.1654091948069,-6.04375008082963,True,-13.0338,True,Butland et al.,-13.0338
hscA,b2526,ydhD,b1654,Isolate 2,non-essential,No functional association with STRING,-13.0338,-13.9227047959792,-5.15630429992654,True,-13.0338,True,Butland et al.,-13.0338
hscA,b2526,pykF,b1676,Isolate 2,non-essential,No functional association with STRING,-13.3795,-14.2958943520182,-12.2116957497123,True,-13.3795,True,Butland et al.,-13.3795
hscA,b2526,sufE,b1679,Isolate 1,non-essential,No functional association with STRING,-6.13157,-5.59904708856764,-11.066725856379,True,-6.13157,True,Butland et al.,-6.13157
hscA,b2526,sufS,b1680,Isolate 1,non-essential,No functional association with STRING,-10.8656,-10.0343786952888,-8.70260119783747,True,-10.8656,True,Butland et al.,-10.8656
hscA,b2526,sufC,b1682,Isolate 2,non-essential,No functional association with STRING,-11.6282,-12.4053335493247,-12.2116957497123,True,-11.6282,True,Butland et al.,-11.6282
hscA,b2526,sufB,b1683,Isolate 1,non-essential,Functional association with STRING,-11.38,-10.5163221089337,-11.066725856379,True,-19.1074,True,Butland et al.,-19.1074
hscA,b2526,sufB,b1683,Isolate 2,non-essential,Functional association with STRING,-19.1074,-20.4792685436175,-12.2116957497123,True,-19.1074,True,Butland et al.,-19.1074
hscA,b2526,sufA,b1684,Isolate 2,non-essential,Functional association with STRING,-8.22563,-8.73219618255681,-4.19710046418251,True,-8.22563,True,Butland et al.,-8.22563
hscA,b2526,ynjA,b1753,Isolate 1,non-essential,No functional association with STRING,-9.66629,-8.91074036826999,-9.50500635616996,True,-9.66629,True,Butland et al.,-9.66629
hscA,b2526,yedL,b1932,Isolate 2,non-essential,No functional association with STRING,-11.0101,-11.7380831455419,-12.2116957497123,True,-11.0101,True,Butland et al.,-11.0101
hscA,b2526,dsrB,b1952,Isolate 1,non-essential,No functional association with STRING,-11.0693,-10.2252260385226,-11.066725856379,True,-11.0693,True,Butland et al.,-11.0693
hscA,b2526,wcaK,b2045,Isolate 1,non-essential,No functional association with STRING,-14.6316,-13.5627591303329,-11.066725856379,True,-14.6316,True,Butland et al.,-14.6316
hscA,b2526,yfeN,b2408,Isolate 1,non-essential,No functional association with STRING,-8.10742,-7.45022884177579,-8.14498000190192,True,-8.10742,True,Butland et al.,-8.10742
hscA,b2526,hemF,b2436,Isolate 1,non-essential,No functional association with STRING,-6.949,-6.36490051900261,-2.93486889577025,True,-6.949,True,Butland et al.,-6.949
hscA,b2526,yfgC,b2494,Isolate 2,non-essential,No functional association with STRING,-5.98063,-6.308677081291,-2.81975596613701,True,-5.98063,True,Butland et al.,-5.98063
hscA,b2526,rseA,b2572,Isolate 1,non-essential,No functional association with STRING,-8.92966,-8.22058878041377,-11.066725856379,False,,False,,
hscA,b2526,rseA,b2572,Isolate 2,non-essential,No functional association with STRING,-7.00199,-7.41125412773592,-3.80140953729818,False,,False,,
hscA,b2526,ypjD,b2611,Isolate 2,non-essential,No functional association with STRING,-4.36996,-4.56992896956013,-12.2116957497123,True,-4.36996,True,Butland et al.,-4.36996
hscA,b2526,yqcA,b2790,Isolate 1,non-essential,No functional association with STRING,-7.01524,-6.42696103945331,-11.066725856379,True,-7.01524,True,Butland et al.,-7.01524
hscA,b2526,ygfZ,b2898,Isolate 1,non-essential,No functional association with STRING,-6.43522,-5.88353798583295,-11.066725856379,True,-8.08705,True,Butland et al.,-8.08705
hscA,b2526,ygfZ,b2898,Isolate 2,non-essential,No functional association with STRING,-8.08705,-8.58259650458201,-12.2116957497123,True,-8.08705,True,Butland et al.,-8.08705
hscA,b2526,tolC,b3035,Isolate 2,non-essential,No functional association with STRING,-6.50596,-6.8757805509872,-12.2116957497123,True,-6.50596,True,Butland et al.,-6.50596
hscA,b2526,rpsU,b3065,Isolate 2,non-essential,No functional association with STRING,-6.3911,-6.75178705255896,-0.6590604395888191,False,,False,,
hscA,b2526,bioH,b3412,Isolate 1,non-essential,No functional association with STRING,-9.2294,-8.50141638306914,-4.40932990713128,True,-9.2294,True,Butland et al.,-9.2294
hscA,b2526,yhhW,b3439,Isolate 1,non-essential,No functional association with STRING,-12.8459,-11.8897296712627,-11.066725856379,True,-12.8459,True,Butland et al.,-12.8459
hscA,b2526,trmH,b3651,Isolate 1,non-essential,No functional association with STRING,-14.4657,-13.4073267580084,-11.066725856379,True,-14.4657,True,Butland et al.,-14.4657
hscA,b2526,recF,b3700,Isolate 1,non-essential,No functional association with STRING,-11.9756,-11.0743421267542,-11.066725856379,True,-11.9756,True,Butland et al.,-11.9756
hscA,b2526,recQ,b3822,Isolate 1,non-essential,No functional association with STRING,-10.8954,-10.0622984342597,-7.66596336534402,True,-10.8954,True,Butland et al.,-10.8954
hscA,b2526,recQ,b3822,Isolate 2,non-essential,No functional association with STRING,-4.15538,-4.33828588325741,-1.17148176378176,True,-10.8954,True,Butland et al.,-10.8954
hscA,b2526,sbp,b3917,Isolate 2,non-essential,No functional association with STRING,-4.11784,-4.29776075761753,-2.20816724379382,True,-4.11784,True,Butland et al.,-4.11784
hscA,b2526,rplA,b3984,Isolate 2,non-essential,No functional association with STRING,-6.27992,-6.63176618232345,-3.81276948368996,True,-6.27992,True,Butland et al.,-6.27992
hscB,b2527,rpsT,b0023,Isolate 1,non-essential,No functional association with STRING,-3.44804,-4.78966842476356,-0.5368432854144011,True,-3.44804,True,Butland et al.,-3.44804
hscB,b2527,glnD,b0167,Isolate 2,non-essential,No functional association with STRING,-4.64056,-7.13700810434772,-0.694027550274758,True,-4.64056,True,Butland et al.,-4.64056
hscB,b2527,mdlB,b0449,Isolate 1,non-essential,No functional association with STRING,-3.22926,-4.47759933765477,-11.9573011483476,False,,False,,
hscB,b2527,ycdY,b1035,Isolate 1,non-essential,No functional association with STRING,-3.02268,-4.18293240276615,-2.79229918003807,False,,False,,
hscB,b2527,ydhD,b1654,Isolate 1,non-essential,No functional association with STRING,-11.2406,-15.9050221382676,-4.9068579843163596,True,-11.2406,True,Butland et al.,-11.2406
hscB,b2527,ydhD,b1654,Isolate 2,non-essential,No functional association with STRING,-10.505,-16.3269112399189,-3.74854668827673,True,-11.2406,True,Butland et al.,-11.2406
hscB,b2527,sufE,b1679,Isolate 1,non-essential,No functional association with STRING,-13.7606,-19.4995650558749,-6.02924937577161,True,-13.7606,True,Butland et al.,-13.7606
hscB,b2527,sufS,b1680,Isolate 1,non-essential,No functional association with STRING,-3.6819,-5.1232477131412,-2.51408768629392,True,-3.6819,True,Butland et al.,-3.6819
hscB,b2527,sufD,b1681,Isolate 1,non-essential,No functional association with STRING,-3.38131,-4.69448435774295,-9.41853347050507,True,-9.61311,True,Butland et al.,-9.61311
hscB,b2527,sufC,b1682,Isolate 2,non-essential,No functional association with STRING,-8.12716,-12.6007039171589,-3.80758773352082,True,-8.12716,True,Butland et al.,-8.12716
hscB,b2527,sufB,b1683,Isolate 1,non-essential,No functional association with STRING,-15.4216,-21.8688252884725,-11.4814315048483,True,-17.3296,True,Butland et al.,-17.3296
hscB,b2527,sufB,b1683,Isolate 2,non-essential,No functional association with STRING,-17.3296,-27.0214384137017,-10.1089428538086,True,-17.3296,True,Butland et al.,-17.3296
hscB,b2527,recA,b2699,Isolate 2,non-essential,No functional association with STRING,-3.95066,-6.05589649382215,-7.35113472665521,True,-4.79566,True,This Study,-4.79566
hscB,b2527,ygfZ,b2898,Isolate 1,non-essential,No functional association with STRING,-5.58724,-7.84103596815467,-5.25342664830799,True,-5.58724,True,Butland et al.,-5.58724
hscB,b2527,ygfZ,b2898,Isolate 2,non-essential,No functional association with STRING,-4.48693,-6.89626136318952,-3.52352555876453,True,-5.58724,True,Butland et al.,-5.58724
hscB,b2527,folB,b3058,Isolate 2,non-essential,No functional association with STRING,-7.54248,-11.6844778895577,-10.1089428538086,False,,False,,
hscB,b2527,rpsU,b3065,Isolate 2,non-essential,No functional association with STRING,-6.13933,-9.48566392186823,-0.618300909115308,False,,False,,
hscB,b2527,bioH,b3412,Isolate 1,non-essential,No functional association with STRING,-4.7374,-6.62881916136919,-0.8957200649919511,True,-4.7374,True,Butland et al.,-4.7374
hscB,b2527,gntY,b3414,Isolate 1,non-essential,No functional association with STRING,-3.02029,-4.17952329261811,-1.72085978235834,True,-3.58601,True,Butland et al.,-3.58601
hscB,b2527,gntY,b3414,Isolate 2,non-essential,No functional association with STRING,-3.58601,-5.48446969460756,-1.85013416894987,True,-3.58601,True,Butland et al.,-3.58601
iscA,b2528,lpd,b0116,Isolate 1,non-essential,No functional association with STRING,-5.30403,-8.17235354868179,-4.19732208255789,True,-9.36649,True,Butland et al.,-9.36649
iscA,b2528,lpd,b0116,Isolate 2,non-essential,No functional association with STRING,-9.36649,-15.1699040888808,-5.11420863657785,True,-9.36649,True,Butland et al.,-9.36649
iscA,b2528,glnD,b0167,Isolate 2,non-essential,No functional association with STRING,-2.68752,-4.28592282526914,-0.375871558977284,False,,False,,
iscA,b2528,ybhC,b0772,Isolate 2,non-essential,No functional association with STRING,-13.5114,-21.9244070705316,-11.4410038987175,True,-13.5114,True,Butland et al.,-13.5114
iscA,b2528,sufB,b1683,Isolate 1,non-essential,Functional association with STRING,-2.92061,-4.45897925167201,-1.31419569317111,False,,False,,
iscA,b2528,sufA,b1684,Isolate 1,non-essential,No functional association with STRING,-6.54767,-10.1099477665424,-5.61912939731573,True,-7.01738,True,Butland et al.,-7.01738
iscA,b2528,sufA,b1684,Isolate 2,non-essential,No functional association with STRING,-7.01738,-11.3418184370269,-4.04005001676555,True,-7.01738,True,Butland et al.,-7.01738
iscA,b2528,ccmC,b2199,Isolate 1,non-essential,No functional association with STRING,-7.29733,-11.2779199139173,-10.5295145531879,True,-7.29733,True,Butland et al.,-7.29733
iscA,b2528,nuoK,b2279,Isolate 1,non-essential,No functional association with STRING,-3.09882,-4.73663087558644,-1.32373264985086,False,,False,,
iscA,b2528,ygfZ,b2898,Isolate 1,non-essential,No functional association with STRING,-6.18218,-9.54051343612048,-10.5295145531879,True,-8.08705,True,Butland et al.,-8.08705
iscA,b2528,ygfZ,b2898,Isolate 2,non-essential,No functional association with STRING,-8.08705,-13.0849417387107,-11.4410038987175,True,-8.08705,True,Butland et al.,-8.08705
iscA,b2528,ubiH,b2907,Isolate 1,non-essential,No functional association with STRING,-13.6528,-21.1797580051545,-10.5295145531879,True,-13.6528,True,Butland et al.,-13.6528
iscA,b2528,folB,b3058,Isolate 2,non-essential,No functional association with STRING,-7.6411,-12.3582261756063,-9.91161874589118,False,,False,,
iscA,b2528,rpsU,b3065,Isolate 2,non-essential,No functional association with STRING,-3.12572,-5.00000906756617,-0.18929099787813,False,,False,,
iscA,b2528,aaeX,b3242,Isolate 1,non-essential,No functional association with STRING,-3.1133,-4.75919075165557,-10.5295145531879,True,-3.70321,True,Butland et al.,-3.70321
iscA,b2528,aaeX,b3242,Isolate 2,non-essential,No functional association with STRING,-3.70321,-5.94108087054224,-11.4410038987175,True,-3.70321,True,Butland et al.,-3.70321
iscU,b2529,rpsT,b0023,Isolate 1,non-essential,No functional association with STRING,-3.6725,-4.36555652683726,-0.3098618788141,True,-3.6725,True,Butland et al.,-3.6725
iscU,b2529,glnD,b0167,Isolate 2,non-essential,No functional association with STRING,-5.40761,-7.45387078167758,-0.432344419324505,True,-5.40761,True,Butland et al.,-5.40761
iscU,b2529,ydhD,b1654,Isolate 1,non-essential,No functional association with STRING,-5.22755,-6.23176875400803,-9.57563379464062,True,-5.22755,True,Butland et al.,-5.22755
iscU,b2529,ydhD,b1654,Isolate 2,non-essential,No functional association with STRING,-4.94181,-6.80504077809901,-10.5305252094937,True,-5.22755,True,Butland et al.,-5.22755
iscU,b2529,sufE,b1679,Isolate 1,non-essential,No functional association with STRING,-5.68773,-6.78402980201256,-10.8255506446126,True,-5.68773,True,Butland et al.,-5.68773
iscU,b2529,sufS,b1680,Isolate 1,non-essential,Functional association with STRING,-5.52475,-6.58843784755174,-10.8255506446126,True,-5.52475,True,Butland et al.,-5.52475
iscU,b2529,sufD,b1681,Isolate 2,non-essential,Functional association with STRING,-6.61761,-9.13932441914015,-10.5305252094937,True,-6.61761,True,Butland et al.,-6.61761
iscU,b2529,sufC,b1682,Isolate 2,non-essential,No functional association with STRING,-5.32434,-7.33788092680856,-9.69976206637686,True,-5.32434,True,Butland et al.,-5.32434
iscU,b2529,sufB,b1683,Isolate 1,non-essential,Functional association with STRING,-7.33238,-8.75777080031899,-9.51992436205433,True,-7.33238,True,Butland et al.,-7.33238
iscU,b2529,sufB,b1683,Isolate 2,non-essential,Functional association with STRING,-3.55772,-4.87709075737539,-10.5305252094937,True,-7.33238,True,Butland et al.,-7.33238
iscU,b2529,hemF,b2436,Isolate 1,non-essential,No functional association with STRING,-6.14878,-7.33733493518325,-10.8255506446126,True,-6.14878,True,Butland et al.,-6.14878
iscU,b2529,hemF,b2436,Isolate 2,non-essential,No functional association with STRING,-5.09299,-7.0156249771995,-10.5305252094937,True,-6.14878,True,Butland et al.,-6.14878
iscU,b2529,ypfH,b2473,Isolate 1,non-essential,No functional association with STRING,-4.95055,-5.89934163788552,-0.433605152271801,True,-4.95055,True,Butland et al.,-4.95055
iscU,b2529,rluD,b2594,Isolate 1,non-essential,No functional association with STRING,-3.61216,-4.29314262002559,-1.0640056372417,True,-3.61216,True,Butland et al.,-3.61216
iscU,b2529,ygfZ,b2898,Isolate 1,non-essential,No functional association with STRING,-5.41477,-6.4564510813743,-10.8255506446126,True,-5.73607,True,This Study,-5.73607
iscU,b2529,tolC,b3035,Isolate 2,non-essential,No functional association with STRING,-3.66704,-5.02936661824102,-3.61962048067652,True,-3.66704,True,Butland et al.,-3.66704
iscU,b2529,rpsU,b3065,Isolate 2,non-essential,No functional association with STRING,-9.12486,-12.6317654377584,-1.00166702444322,False,,False,,
iscU,b2529,yrbA,b3190,Isolate 1,non-essential,No functional association with STRING,-4.02079,-4.78353862169035,-1.7891197525148,True,-6.14692,True,Butland et al.,-6.14692
iscU,b2529,bioH,b3412,Isolate 1,non-essential,No functional association with STRING,-5.33685,-6.36293945361882,-1.10773946489876,True,-5.33685,True,Butland et al.,-5.33685
iscU,b2529,gntY,b3414,Isolate 2,non-essential,Functional association with STRING,-3.06288,-4.18780986649772,-1.223851240118,False,,False,,
iscS,b2530,lpd,b0116,Isolate 1,non-essential,No functional association with STRING,-4.37631,-5.34532465171818,-3.49681897786621,True,-11.8215,True,Butland et al.,-11.8215
iscS,b2530,lpd,b0116,Isolate 2,non-essential,No functional association with STRING,-11.8215,-15.3872932515029,-6.39551231255418,True,-11.8215,True,Butland et al.,-11.8215
iscS,b2530,glnD,b0167,Isolate 2,non-essential,No functional association with STRING,-4.11233,-5.29931869311886,-0.639068370236754,True,-4.11233,True,Butland et al.,-4.11233
iscS,b2530,nusB,b0416,Isolate 1,non-essential,No functional association with STRING,-4.46671,-5.45749529635474,-3.4027742562643,True,-4.46671,True,Butland et al.,-4.46671
iscS,b2530,nusB,b0416,Isolate 2,non-essential,No functional association with STRING,-3.87584,-4.98985540416399,-1.94936249990381,True,-4.46671,True,Butland et al.,-4.46671
iscS,b2530,tolQ,b0737,Isolate 2,non-essential,No functional association with STRING,-4.91268,-6.3466312362075,-2.25483029017946,True,-4.91268,True,Butland et al.,-4.91268
iscS,b2530,ybhC,b0772,Isolate 2,non-essential,No functional association with STRING,-13.5114,-17.5986426193614,-9.63689869157967,True,-13.5114,True,Butland et al.,-13.5114
iscS,b2530,ydhD,b1654,Isolate 1,non-essential,Functional association with STRING,-3.50281,-4.26146338966028,-2.21275932049741,True,-5.4007,True,Butland et al.,-5.4007
iscS,b2530,ydhD,b1654,Isolate 2,non-essential,Functional association with STRING,-5.4007,-6.98523867954869,-2.45748305557966,True,-5.4007,True,Butland et al.,-5.4007
iscS,b2530,sufE,b1679,Isolate 1,non-essential,Functional association with STRING,-14.6169,-18.0521120605533,-10.8434849556148,True,-14.6169,True,Butland et al.,-14.6169
iscS,b2530,sufS,b1680,Isolate 1,non-essential,Functional association with STRING,-11.0764,-13.6589686165739,-10.8434849556148,True,-11.0764,True,Butland et al.,-11.0764
iscS,b2530,sufC,b1682,Isolate 2,non-essential,Functional association with STRING,-8.1087,-10.5288413117522,-3.97738923749346,True,-8.1087,True,Butland et al.,-8.1087
iscS,b2530,sufB,b1683,Isolate 1,non-essential,Functional association with STRING,-13.023,-16.074359953405,-4.48154118187957,True,-14.2853,True,Butland et al.,-14.2853
iscS,b2530,sufB,b1683,Isolate 2,non-essential,Functional association with STRING,-14.2853,-18.6113435340815,-5.96798441252606,True,-14.2853,True,Butland et al.,-14.2853
iscS,b2530,ccmC,b2199,Isolate 1,non-essential,No functional association with STRING,-7.29733,-8.96980138176553,-10.8434849556148,True,-7.29733,True,Butland et al.,-7.29733
iscS,b2530,truA,b2318,Isolate 1,non-essential,No functional association with STRING,-10.362,-12.7725227257735,-7.98398573352167,True,-10.362,True,Butland et al.,-10.362
iscS,b2530,truA,b2318,Isolate 2,non-essential,No functional association with STRING,-10.0512,-13.0707350019498,-9.63689869157967,True,-10.362,True,Butland et al.,-10.362
iscS,b2530,rseA,b2572,Isolate 1,non-essential,No functional association with STRING,-4.17275,-5.09274216917152,-2.46467719146471,False,,False,,
iscS,b2530,lysS,b2890,Isolate 1,non-essential,No functional association with STRING,-5.32595,-6.52366238371665,-3.2658831598449,True,-8.66855,True,Butland et al.,-8.66855
iscS,b2530,lysS,b2890,Isolate 2,non-essential,No functional association with STRING,-8.66855,-11.261443207483,-3.45180211224249,True,-8.66855,True,Butland et al.,-8.66855
iscS,b2530,ygfZ,b2898,Isolate 2,non-essential,No functional association with STRING,-4.37035,-5.6369554549952,-6.05143948056237,True,-4.37035,True,Butland et al.,-4.37035
iscS,b2530,ubiH,b2907,Isolate 1,non-essential,No functional association with STRING,-5.78317,-7.09099271713177,-2.66224732965304,True,-5.78317,True,Butland et al.,-5.78317
iscS,b2530,rpsU,b3065,Isolate 2,non-essential,No functional association with STRING,-6.29991,-8.16191627294001,-0.6731857432325661,False,,False,,
iscS,b2530,gidA,b3741,Isolate 1,non-essential,No functional association with STRING,-12.2266,-15.086166353974,-9.90392817108597,True,-12.2266,True,Butland et al.,-12.2266
iscS,b2530,gidA,b3741,Isolate 2,non-essential,No functional association with STRING,-10.0882,-13.1191520246202,-8.38083624635359,True,-12.2266,True,Butland et al.,-12.2266
iscR,b2531,lpd,b0116,Isolate 1,non-essential,No functional association with STRING,-4.09839,-5.59287968534193,-10.1945568241805,True,-12.6508,True,Butland et al.,-12.6508
iscR,b2531,lpd,b0116,Isolate 2,non-essential,No functional association with STRING,-12.6508,-20.1860791737887,-11.694246535284,True,-12.6508,True,Butland et al.,-12.6508
iscR,b2531,sdhC,b0721,Isolate 2,non-essential,No functional association with STRING,-3.00935,-4.77399028470514,-2.10641834829543,False,,False,,
iscR,b2531,tolB,b0740,Isolate 2,non-essential,No functional association with STRING,-3.13454,-4.97410949997094,-1.65561018979245,False,,False,,
iscR,b2531,ybhC,b0772,Isolate 2,non-essential,No functional association with STRING,-13.5114,-21.5617688986688,-11.694246535284,True,-13.5114,True,Butland et al.,-13.5114
iscR,b2531,ycfK,b1154,Isolate 2,non-essential,No functional association with STRING,-2.7891,-4.42191538126006,-1.70710257672199,False,,False,,
iscR,b2531,ccmC,b2199,Isolate 1,non-essential,No functional association with STRING,-7.29733,-10.0458388480109,-10.1945568241805,True,-7.29733,True,Butland et al.,-7.29733
iscR,b2531,atoC,b2220,Isolate 2,non-essential,No functional association with STRING,-3.04519,-4.83128138363578,-1.74334588116954,False,,False,,
iscR,b2531,nuoK,b2279,Isolate 2,non-essential,No functional association with STRING,-2.93133,-4.64927344490135,-1.80401821001548,False,,False,,
iscR,b2531,rseA,b2572,Isolate 1,non-essential,No functional association with STRING,-9.76182,-13.4764356478277,-10.1945568241805,False,,False,,
iscR,b2531,yfjO,b2631,Isolate 1,non-essential,No functional association with STRING,-3.51419,-4.77966695148909,-2.30877583065676,True,-3.51419,True,Butland et al.,-3.51419
iscR,b2531,recA,b2699,Isolate 2,non-essential,No functional association with STRING,-2.54799,-4.0364952678905,-11.694246535284,False,,False,,
iscR,b2531,ubiH,b2907,Isolate 1,non-essential,No functional association with STRING,-13.5104,-18.6944996496525,-8.15719367971122,True,-13.5104,True,Butland et al.,-13.5104
iscR,b2531,folB,b3058,Isolate 2,non-essential,No functional association with STRING,-7.58826,-12.0934876564815,-10.9700092459607,False,,False,,
iscR,b2531,aaeX,b3242,Isolate 2,non-essential,No functional association with STRING,-2.57826,-4.08488258833219,-11.694246535284,False,,False,,
iscR,b2531,pstA,b3726,Isolate 1,non-essential,No functional association with STRING,-4.57224,-6.25248402278829,-2.89568585244653,True,-4.57224,True,Butland et al.,-4.57224
iscR,b2531,pldA,b3821,Isolate 1,non-essential,No functional association with STRING,-3.24998,-4.41188376694397,-7.72017323307202,False,,False,,
rpoS,b2741,ubiF,b0662,Isolate 1,non-essential,No functional association with STRING,-3.1444,-4.15500198123781,-5.56759455190737,False,,False,,
rpoS,b2741,icd,b1136,Isolate 2,non-essential,No functional association with STRING,-4.25084,-6.14106741736082,-3.2507150325169,False,,False,,
rpoS,b2741,cysB,b1275,Isolate 1,non-essential,Functional association with STRING,-4.73361,-6.30342780191398,-10.9285206255922,True,-4.73361,True,Butland et al.,-4.73361
rpoS,b2741,argT,b2310,Isolate 1,non-essential,No functional association with STRING,-3.41063,-4.51491376523024,-1.89798038588553,True,-3.41063,True,Butland et al.,-3.41063
rpoS,b2741,ubiX,b2311,Isolate 2,non-essential,No functional association with STRING,-2.86647,-4.10326437250879,-11.180834284913301,False,,False,,
rpoS,b2741,iscS,b2530,Isolate 2,non-essential,No functional association with STRING,-3.97276,-5.73173156732618,-7.85924891363863,True,-3.97276,True,Butland et al.,-3.97276
rpoS,b2741,chpA,b2782,Isolate 1,non-essential,No functional association with STRING,-3.17958,-4.2025612215971,-2.23922146505635,False,,False,,
rpoS,b2741,recB,b2820,Isolate 1,non-essential,No functional association with STRING,-4.07537,-5.41356440299132,-10.9285206255922,True,-4.07537,True,Butland et al.,-4.07537
rpoS,b2741,kduD,b2842,Isolate 1,non-essential,No functional association with STRING,-5.37178,-7.16615891106942,-2.60552893526485,True,-5.37178,True,Butland et al.,-5.37178
rpoS,b2741,rfaE,b3052,Isolate 2,non-essential,No functional association with STRING,-3.46592,-4.98565927794343,-8.15915200054629,True,-3.46592,True,Butland et al.,-3.46592
rpoS,b2741,livF,b3454,Isolate 1,non-essential,No functional association with STRING,-4.45905,-5.9322548333794,-2.25164676737917,True,-4.45905,True,Butland et al.,-4.45905
ygcB,b2761,ydcS,b1440,Isolate 2,non-essential,No functional association with STRING,-3.17694,-4.02956198553008,-2.11034595171909,False,,False,,
ygcB,b2761,yebG,b1848,Isolate 2,non-essential,No functional association with STRING,-9.20515,-12.0596656188938,-8.01703797943232,True,-9.20515,True,Butland et al.,-9.20515
ygcB,b2761,yecR,b1904,Isolate 2,non-essential,No functional association with STRING,-6.53956,-8.50886630300102,-3.36331963222851,True,-6.53956,True,Butland et al.,-6.53956
ygcB,b2761,yedE,b1929,Isolate 2,non-essential,No functional association with STRING,-4.69345,-6.04968611210039,-2.29472539138948,True,-4.69345,True,Butland et al.,-4.69345
ygcB,b2761,rtn,b2176,Isolate 2,non-essential,No functional association with STRING,-3.67445,-4.69228887438014,-2.50559542998124,True,-3.67445,True,Butland et al.,-3.67445
ygcB,b2761,dedD,b2314,Isolate 1,non-essential,No functional association with STRING,-3.62371,-4.29892541523755,-2.48856918817811,True,-3.62371,True,Butland et al.,-3.62371
ygcB,b2761,yfeY,b2432,Isolate 2,non-essential,No functional association with STRING,-3.48999,-4.44657200051372,-1.8988027325057,True,-3.48999,True,Butland et al.,-3.48999
ygcB,b2761,yfgM,b2513,Isolate 2,non-essential,No functional association with STRING,-3.8302,-4.89976151400225,-2.18403650053181,True,-3.8302,True,Butland et al.,-3.8302
ygcB,b2761,hcaT,b2536,Isolate 1,non-essential,No functional association with STRING,-3.99626,-4.75923623103107,-2.64173687314419,True,-3.99626,True,Butland et al.,-3.99626
ygcB,b2761,yfiE,b2577,Isolate 2,non-essential,No functional association with STRING,-4.59167,-5.91410623883722,-3.15663528700902,True,-4.59167,True,Butland et al.,-4.59167
ygcB,b2761,yfjH,b2623,Isolate 1,non-essential,No functional association with STRING,-6.40481,-7.73516326197854,-2.97711424092383,True,-6.40481,True,Butland et al.,-6.40481
ygcB,b2761,yfjI,b2625,Isolate 1,non-essential,No functional association with STRING,-10.0694,-12.2630129799997,-4.56356791187227,True,-10.0694,True,Butland et al.,-10.0694
ygcB,b2761,yfjI,b2625,Isolate 2,non-essential,No functional association with STRING,-3.36235,-4.27654434259163,-2.12241044028072,True,-10.0694,True,Butland et al.,-10.0694
ygcB,b2761,yfjL,b2628,Isolate 2,non-essential,No functional association with STRING,-3.60145,-4.59504648149144,-2.41020260880941,True,-3.60145,True,Butland et al.,-3.60145
ygcB,b2761,yfjW,b2642,Isolate 1,non-essential,No functional association with STRING,-5.27454,-6.33863794788126,-2.67589924240791,True,-5.35722,True,Butland et al.,-5.35722
ygcB,b2761,yfjW,b2642,Isolate 2,non-essential,No functional association with STRING,-5.35722,-6.93388588097338,-2.38081052201324,True,-5.35722,True,Butland et al.,-5.35722
ygcB,b2761,alaS,b2697,Isolate 2,non-essential,No functional association with STRING,-8.67884,-11.3585746079178,-11.5402028816707,False,,False,,
ygcB,b2761,gutQ,b2708,Isolate 1,non-essential,No functional association with STRING,-4.8568,-5.82249181933587,-2.41102890203141,True,-4.8568,True,Butland et al.,-4.8568
ygcB,b2761,norV,b2710,Isolate 1,non-essential,No functional association with STRING,-5.91837,-7.13413361968999,-2.40080352008451,True,-5.91837,True,Butland et al.,-5.91837
ygcB,b2761,hycH,b2718,Isolate 1,non-essential,No functional association with STRING,-9.30741,-11.3215226068243,-4.33366147705887,True,-9.30741,True,Butland et al.,-9.30741
ygcB,b2761,hycH,b2718,Isolate 2,non-essential,No functional association with STRING,-7.70334,-10.0591231796586,-3.18478208478252,True,-9.30741,True,Butland et al.,-9.30741
ygcB,b2761,yqcB,b2791,Isolate 1,non-essential,No functional association with STRING,-3.56726,-4.22917760809342,-2.18004497210501,True,-3.56726,True,Butland et al.,-3.56726
ygcB,b2761,mltA,b2813,Isolate 2,non-essential,No functional association with STRING,-3.9164,-5.01458746286533,-2.04162504288083,True,-3.9164,True,Butland et al.,-3.9164
ygcB,b2761,ptr,b2821,Isolate 1,non-essential,No functional association with STRING,-3.60977,-4.28170159891179,-2.44816566366539,True,-4.47075,True,Butland et al.,-4.47075
ygcB,b2761,ptr,b2821,Isolate 2,non-essential,No functional association with STRING,-4.47075,-5.75303020941119,-2.81539764368272,True,-4.47075,True,Butland et al.,-4.47075
ygcB,b2761,pppA,b2972,Isolate 1,non-essential,No functional association with STRING,-5.12078,-6.14865702978594,-2.52601639018989,True,-6.98388,True,Butland et al.,-6.98388
ygcB,b2761,pppA,b2972,Isolate 2,non-essential,No functional association with STRING,-6.98388,-9.10073945379972,-3.48358231404208,True,-6.98388,True,Butland et al.,-6.98388
ygcB,b2761,glgS,b3049,Isolate 1,non-essential,No functional association with STRING,-4.89682,-5.87193924611901,-2.52706301642185,True,-4.89682,True,Butland et al.,-4.89682
ygcB,b2761,rfaE,b3052,Isolate 1,non-essential,No functional association with STRING,-4.31309,-5.15070120423697,-11.6022342558381,True,-4.31309,True,Butland et al.,-4.31309
ygcB,b2761,rfaE,b3052,Isolate 2,non-essential,No functional association with STRING,-3.49014,-4.44677181364979,-11.5402028816707,True,-4.31309,True,Butland et al.,-4.31309
ygcB,b2761,rpmJ,b3299,Isolate 1,non-essential,No functional association with STRING,-5.53473,-6.66012035604477,-4.17324054290082,True,-5.53473,True,Butland et al.,-5.53473
ygcB,b2761,rfaD,b3619,Isolate 2,non-essential,No functional association with STRING,-4.67117,-6.02000720095573,-11.5402028816707,True,-4.67117,True,Butland et al.,-4.67117
ygcB,b2761,rfaF,b3620,Isolate 2,non-essential,No functional association with STRING,-3.55641,-4.53504925716669,-4.06636871327648,True,-3.55641,True,Butland et al.,-3.55641
ygcB,b2761,glnG,b3868,Isolate 1,non-essential,No functional association with STRING,-7.69645,-9.33107216578083,-11.6022342558381,True,-7.69645,True,Butland et al.,-7.69645
ygcB,b2761,zraR,b4004,Isolate 1,non-essential,No functional association with STRING,-4.83122,-5.79088599282132,-2.13419977902655,True,-4.83122,True,Butland et al.,-4.83122
recD,b2819,hpt,b0125,Isolate 1,non-essential,No functional association with STRING,-2.76875,-4.96645935867633,-5.54790941283436,False,,False,,
recD,b2819,betT,b0314,Isolate 1,non-essential,No functional association with STRING,-3.51559,-6.34023657655427,-2.65014538449073,False,,False,,
recD,b2819,codB,b0336,Isolate 1,non-essential,No functional association with STRING,-2.27821,-4.06413399252314,-2.65008884110586,False,,False,,
recD,b2819,mhpB,b0348,Isolate 1,non-essential,No functional association with STRING,-5.17086,-9.38502825273233,-7.64290702993646,True,-7.24543,True,Butland et al.,-7.24543
recD,b2819,mhpB,b0348,Isolate 2,non-essential,No functional association with STRING,-7.24543,-15.536202456088,-9.97051529927867,True,-7.24543,True,Butland et al.,-7.24543
recD,b2819,ybhC,b0772,Isolate 2,non-essential,No functional association with STRING,-13.5114,-29.0662667753628,-12.302979555013,True,-13.5114,True,Butland et al.,-13.5114
recD,b2819,gabT,b2662,Isolate 1,non-essential,No functional association with STRING,-8.44143,-15.4010886612202,-8.11632153845042,True,-8.44143,True,Butland et al.,-8.44143
recD,b2819,cysH,b2762,Isolate 1,non-essential,No functional association with STRING,-2.47411,-4.42448287177745,-2.45200594023819,False,,False,,
recD,b2819,cysH,b2762,Isolate 2,non-essential,No functional association with STRING,-2.33107,-4.92465996736375,-3.08335486241891,False,,False,,
recD,b2819,barA,b2786,Isolate 1,non-essential,No functional association with STRING,-5.88302,-10.6950132340991,-12.2302720208729,True,-5.88302,True,Butland et al.,-5.88302
recD,b2819,ygfZ,b2898,Isolate 2,non-essential,No functional association with STRING,-2.08077,-4.38418896301575,-2.46691267187194,False,,False,,
recD,b2819,yggT,b2952,Isolate 2,non-essential,No functional association with STRING,-2.42739,-5.13264305621234,-2.63388116186936,False,,False,,
recD,b2819,yhdV,b3267,Isolate 1,non-essential,No functional association with STRING,-3.90975,-7.06527544458326,-2.73168206410907,True,-3.90975,True,Butland et al.,-3.90975
recD,b2819,yheT,b3353,Isolate 1,non-essential,No functional association with STRING,-14.582,-26.6963797152408,-12.2302720208729,True,-14.582,True,Butland et al.,-14.582
recD,b2819,uhpB,b3668,Isolate 1,non-essential,No functional association with STRING,-3.7434,-6.75928240699288,-8.72883287571405,True,-3.7434,True,Butland et al.,-3.7434
recD,b2819,pyrB,b4245,Isolate 1,non-essential,No functional association with STRING,-3.89948,-7.04638426035691,-2.37055865573716,True,-3.89948,True,Butland et al.,-3.89948
ygfJ,b2877,narV,b1465,Isolate 2,non-essential,No functional association with STRING,-2.60527,-4.37718162469682,-1.6849018753356,False,,False,,
ygfJ,b2877,cysN,b2751,Isolate 1,non-essential,No functional association with STRING,-9.91199,-8.77023562032437,-12.1526139781172,True,-9.91199,True,Butland et al.,-9.91199
ygfJ,b2877,recC,b2822,Isolate 2,non-essential,No functional association with STRING,-2.96145,-4.99831147897442,-4.12721323294563,True,-4.09105,True,Butland et al.,-4.09105
ygfJ,b2877,kduI,b2843,Isolate 2,non-essential,No functional association with STRING,-2.56354,-4.30441013607027,-1.56226331426702,False,,False,,
ygfJ,b2877,argK,b2918,Isolate 2,non-essential,No functional association with STRING,-2.94988,-4.97813496032095,-1.74702094141082,False,,False,,
ygfJ,b2877,yqiB,b3033,Isolate 2,non-essential,No functional association with STRING,-3.33695,-5.65313280605971,-3.41822593993816,False,,False,,
ygfJ,b2877,glgB,b3432,Isolate 1,non-essential,No functional association with STRING,-13.0267,-11.5910599532597,-9.63821590026196,True,-13.0267,True,Butland et al.,-13.0267
ygfJ,b2877,treF,b3519,Isolate 2,non-essential,No functional association with STRING,-4.72005,-8.06507255969931,-12.3553976323603,True,-4.72005,True,Butland et al.,-4.72005
ygfJ,b2877,xylB,b3564,Isolate 1,non-essential,No functional association with STRING,-5.29633,-4.59008207776134,-3.00231212050885,True,-5.29633,True,Butland et al.,-5.29633
ygfJ,b2877,bglB,b3721,Isolate 2,non-essential,No functional association with STRING,-4.12649,-7.02998401934047,-2.63301230534514,True,-4.12649,True,Butland et al.,-4.12649
ygfJ,b2877,rplA,b3984,Isolate 2,non-essential,No functional association with STRING,-6.23942,-10.7146488039965,-2.32765109365643,True,-6.23942,True,Butland et al.,-6.23942
dsbC,b2893,lpcA,b0222,Isolate 2,non-essential,No functional association with STRING,-3.37151,-4.93683687871409,-12.2923397671359,False,,False,,
dsbC,b2893,tolB,b0740,Isolate 2,non-essential,No functional association with STRING,-5.30973,-7.84424053996487,-3.04223877585196,True,-5.30973,True,Butland et al.,-5.30973
dsbC,b2893,ynfH,b1590,Isolate 1,non-essential,No functional association with STRING,-3.12997,-4.76039515636738,-9.29702998286817,False,,False,,
dsbC,b2893,ynfK,b1593,Isolate 1,non-essential,No functional association with STRING,-3.07736,-4.6776733786373,-1.50599753719285,False,,False,,
dsbC,b2893,yeaV,b1801,Isolate 2,non-essential,No functional association with STRING,-3.62165,-5.3120563851815,-7.26696946594592,True,-3.62165,True,Butland et al.,-3.62165
dsbC,b2893,ccmC,b2199,Isolate 1,non-essential,No functional association with STRING,-7.29733,-11.3129788408611,-10.4688507730733,True,-7.29733,True,Butland et al.,-7.29733
dsbC,b2893,rluD,b2594,Isolate 2,non-essential,No functional association with STRING,-7.92276,-11.7638848470911,-10.7073772664147,True,-7.92276,True,Butland et al.,-7.92276
dsbC,b2893,recB,b2820,Isolate 1,non-essential,No functional association with STRING,-3.23602,-4.92714376933591,-7.40620583608428,False,,False,,
dsbC,b2893,recB,b2820,Isolate 2,non-essential,No functional association with STRING,-3.10157,-4.53191661975585,-3.9664019362724,False,,False,,
dsbC,b2893,yghR,b2984,Isolate 1,non-essential,No functional association with STRING,-4.93345,-7.59611216265209,-2.51042675670486,True,-4.93345,True,Butland et al.,-4.93345
dsbC,b2893,folB,b3058,Isolate 2,non-essential,No functional association with STRING,-7.65636,-11.3642747226691,-12.2923397671359,False,,False,,
dsbC,b2893,rpsU,b3065,Isolate 2,non-essential,No functional association with STRING,-3.85398,-5.66056021478722,-0.313350072046475,False,,False,,
dsbC,b2893,rfaC,b3621,Isolate 2,non-essential,No functional association with STRING,-2.76619,-4.02883387377743,-2.97564575901355,False,,False,,
dsbC,b2893,pstA,b3726,Isolate 1,non-essential,No functional association with STRING,-3.40398,-5.19123709356218,-1.89417328106059,True,-3.40398,True,Butland et al.,-3.40398
dsbC,b2893,metJ,b3938,Isolate 1,non-essential,No functional association with STRING,-2.89071,-4.38419267509579,-1.58697206547283,False,,False,,
dsbC,b2893,frwB,b3950,Isolate 2,non-essential,No functional association with STRING,-3.51306,-5.14916725826339,-2.06365884055637,True,-3.51306,True,Butland et al.,-3.51306
dsbC,b2893,fabR,b3963,Isolate 1,non-essential,No functional association with STRING,-3.37791,-5.15024570893144,-2.42054125318766,False,,False,,
dsbC,b2893,eptA,b4114,Isolate 1,non-essential,No functional association with STRING,-10.8277,-16.8639859202173,-6.86638798926935,True,-10.8277,True,Butland et al.,-10.8277
greA,b3181,lpd,b0116,Isolate 1,non-essential,No functional association with STRING,-2.97622,-4.49535380184701,-2.37446457751181,True,-12.6573,True,Butland et al.,-12.6573
greA,b3181,lpd,b0116,Isolate 2,non-essential,No functional association with STRING,-12.6573,-27.1869117035232,-9.67819101725083,True,-12.6573,True,Butland et al.,-12.6573
greA,b3181,sucA,b0726,Isolate 2,non-essential,No functional association with STRING,-3.9856,-8.51222067106248,-2.17506523217605,False,,False,,
greA,b3181,tolA,b0739,Isolate 2,non-essential,No functional association with STRING,-1.94109,-4.10932474952734,-0.985079888515038,False,,False,,
greA,b3181,tolB,b0740,Isolate 2,non-essential,No functional association with STRING,-3.40182,-7.25503798128655,-1.78713674610716,True,-3.40182,True,Butland et al.,-3.40182
greA,b3181,ybhC,b0772,Isolate 2,non-essential,No functional association with STRING,-13.5114,-29.0262342828127,-9.67819101725083,True,-13.5114,True,Butland et al.,-13.5114
greA,b3181,intR,b1345,Isolate 2,non-essential,No functional association with STRING,-2.0916,-4.43345124690337,-1.36656606570759,False,,False,,
greA,b3181,ccmC,b2199,Isolate 1,non-essential,No functional association with STRING,-7.29733,-11.1370543711,-11.9895131583376,True,-7.29733,True,Butland et al.,-7.29733
greA,b3181,rseA,b2572,Isolate 1,non-essential,No functional association with STRING,-8.94333,-13.6670152230548,-7.70798561291383,False,,False,,
greA,b3181,ubiH,b2907,Isolate 1,non-essential,No functional association with STRING,-13.6531,-20.9061001086631,-11.9895131583376,True,-13.6531,True,Butland et al.,-13.6531
greA,b3181,folB,b3058,Isolate 2,non-essential,No functional association with STRING,-6.94604,-14.8875913965417,-9.67819101725083,False,,False,,
greA,b3181,yhaB,b3120,Isolate 1,non-essential,No functional association with STRING,-9.57823,-14.6428792236053,-11.4557517386816,True,-9.57823,True,Butland et al.,-9.57823
greA,b3181,rng,b3247,Isolate 2,non-essential,No functional association with STRING,-2.50187,-5.31697644840799,-8.35699235443811,False,,False,,
greA,b3181,malS,b3571,Isolate 2,non-essential,No functional association with STRING,-1.90905,-4.04032592568888,-1.34560674133252,False,,False,,
greA,b3181,setC,b3659,Isolate 2,non-essential,No functional association with STRING,-1.93043,-4.08636821200805,-1.5024622923636899,False,,False,,
greA,b3181,atpH,b3735,Isolate 1,non-essential,No functional association with STRING,-10.9058,-16.6834017802455,-5.13857442153066,False,,False,,
greA,b3181,holD,b4372,Isolate 2,non-essential,No functional association with STRING,-2.78497,-5.92663834068859,-3.50381637105036,False,,False,,
yrbA,b3190,yahN,b0328,Isolate 1,non-essential,No functional association with STRING,-6.94397,-8.40381316061757,-2.93791898305753,True,-6.94397,True,Butland et al.,-6.94397
yrbA,b3190,yaiT,b0371,Isolate 2,non-essential,No functional association with STRING,-3.03398,-5.15565462057607,-1.85858258279318,False,,False,,
yrbA,b3190,lipB,b0630,Isolate 2,non-essential,No functional association with STRING,-3.02988,-5.14848552891521,-2.58955411932329,False,,False,,
yrbA,b3190,sucD,b0729,Isolate 1,non-essential,No functional association with STRING,-5.13127,-6.17681819562045,-6.39235912694288,True,-5.13127,True,Butland et al.,-5.13127
yrbA,b3190,ompA,b0957,Isolate 2,non-essential,No functional association with STRING,-7.17984,-12.4049351944928,-10.4569769583199,True,-7.17984,True,Butland et al.,-7.17984
yrbA,b3190,narJ,b1226,Isolate 2,non-essential,No functional association with STRING,-2.86564,-4.86130220833514,-2.04063796011327,False,,False,,
yrbA,b3190,cysB,b1275,Isolate 1,non-essential,No functional association with STRING,-4.68478,-5.62828231989828,-8.25070159539585,True,-4.68478,True,Butland et al.,-4.68478
yrbA,b3190,yncJ,b1436,Isolate 2,non-essential,No functional association with STRING,-2.51671,-4.25117753681783,-1.29117266578775,False,,False,,
yrbA,b3190,yebE,b1846,Isolate 1,non-essential,No functional association with STRING,-4.89273,-5.88375956542769,-6.73993961445337,True,-4.89273,True,Butland et al.,-4.89273
yrbA,b3190,otsB,b1897,Isolate 1,non-essential,No functional association with STRING,-15.7713,-19.2486410220222,-8.84389241713428,True,-15.7713,True,Butland et al.,-15.7713
yrbA,b3190,yecH,b1906,Isolate 1,non-essential,No functional association with STRING,-4.67462,-5.61580023855864,-7.10534608842028,True,-4.67462,True,Butland et al.,-4.67462
yrbA,b3190,yehW,b2128,Isolate 2,non-essential,No functional association with STRING,-3.6103,-6.16338410983998,-2.31269032765433,False,,False,,
yrbA,b3190,ubiX,b2311,Isolate 2,non-essential,No functional association with STRING,-2.87296,-4.87410165978818,-10.4569769583199,False,,False,,
yrbA,b3190,yfeD,b2399,Isolate 2,non-essential,No functional association with STRING,-5.28848,-9.09778075457367,-7.97591304768037,True,-5.28848,True,Butland et al.,-5.28848
yrbA,b3190,iscU,b2529,Isolate 1,non-essential,No functional association with STRING,-6.14692,-7.42459633662521,-10.2676665824042,True,-6.14692,True,Butland et al.,-6.14692
yrbA,b3190,iscS,b2530,Isolate 2,non-essential,No functional association with STRING,-4.05178,-6.93533791140896,-10.4569769583199,True,-4.05178,True,Butland et al.,-4.05178
yrbA,b3190,cysH,b2762,Isolate 1,non-essential,No functional association with STRING,-4.5322,-5.4408299605673,-3.36017652582045,True,-5.65385,True,Butland et al.,-5.65385
yrbA,b3190,cysH,b2762,Isolate 2,non-essential,No functional association with STRING,-5.65385,-9.73665173509205,-6.00655921638597,True,-5.65385,True,Butland et al.,-5.65385
yrbA,b3190,tolC,b3035,Isolate 2,non-essential,No functional association with STRING,-3.07234,-5.22272934157857,-3.02339455846543,False,,False,,
yrbA,b3190,yraI,b3143,Isolate 1,non-essential,No functional association with STRING,-10.5537,-12.8385516915378,-5.13007920297457,True,-10.5537,True,Butland et al.,-10.5537
yrbA,b3190,yraN,b3148,Isolate 2,non-essential,No functional association with STRING,-10.8588,-18.8378135985433,-4.72236607640216,True,-10.8588,True,Butland et al.,-10.8588
yrbA,b3190,yhdA,b3252,Isolate 1,non-essential,No functional association with STRING,-3.82038,-4.56632256497826,-1.74952409699127,True,-3.82038,True,Butland et al.,-3.82038
yrbA,b3190,gspC,b3324,Isolate 1,non-essential,No functional association with STRING,-4.25535,-5.10070552957516,-5.72608963569235,True,-4.25535,True,Butland et al.,-4.25535
yrbA,b3190,yiiS,b3922,Isolate 2,non-essential,No functional association with STRING,-5.01189,-8.61414683689684,-9.03355167354832,True,-5.01189,True,Butland et al.,-5.01189
yrbA,b3190,eptA,b4114,Isolate 1,non-essential,No functional association with STRING,-10.9223,-13.2913957054937,-7.73977966156881,True,-10.9223,True,Butland et al.,-10.9223
yrbA,b3190,rsgA,b4161,Isolate 1,non-essential,No functional association with STRING,-4.11816,-4.93216057495059,-2.72846809703376,True,-4.11816,True,Butland et al.,-4.11816
rpoN,b3202,ybaJ,b0461,Isolate 1,non-essential,No functional association with STRING,-6.61401,-10.6205704564682,-7.29998542259094,True,-6.61401,True,Butland et al.,-6.61401
rpoN,b3202,ybbY,b0513,Isolate 1,non-essential,No functional association with STRING,-3.8105,-6.08740155789093,-7.75011182379966,True,-3.8105,True,Butland et al.,-3.8105
rpoN,b3202,hns,b1237,Isolate 2,non-essential,No functional association with STRING,-2.53845,-5.71439025219592,-4.30470957840578,False,,False,,
rpoN,b3202,rfbD,b2040,Isolate 2,non-essential,No functional association with STRING,-12.6823,-28.7388056643047,-11.4870894105443,True,-12.6823,True,Butland et al.,-12.6823
rpoN,b3202,ccmC,b2199,Isolate 1,non-essential,No functional association with STRING,-7.29733,-11.7254728722883,-10.7283455952952,True,-7.29733,True,Butland et al.,-7.29733
rpoN,b3202,ubiX,b2311,Isolate 2,non-essential,Functional association with STRING,-2.38459,-5.36516026995968,-7.48893614487091,False,,False,,
rpoN,b3202,ppx,b2502,Isolate 2,non-essential,No functional association with STRING,-1.82416,-4.09310152210673,-1.04083741358035,False,,False,,
rpoN,b3202,folB,b3058,Isolate 2,non-essential,No functional association with STRING,-7.65636,-17.3309742791468,-11.4870894105443,False,,False,,
rpoN,b3202,rfaD,b3619,Isolate 2,non-essential,No functional association with STRING,-2.17107,-4.88051458032572,-11.4870894105443,False,,False,,
rpoN,b3202,rfaS,b3629,Isolate 2,non-essential,No functional association with STRING,-1.91468,-4.2985629675248,-0.8143487564639921,False,,False,,
rpoN,b3202,dgkA,b4042,Isolate 1,non-essential,No functional association with STRING,-5.70628,-9.1528056172825,-2.4961828626121,True,-5.70628,True,Butland et al.,-5.70628
yhcG,b3220,lpd,b0116,Isolate 1,non-essential,No functional association with STRING,-5.96074,-13.1933343719098,-11.3709698660244,True,-12.6573,True,Butland et al.,-12.6573
yhcG,b3220,lpd,b0116,Isolate 2,non-essential,No functional association with STRING,-12.6573,-26.6486084754329,-9.30895428267072,True,-12.6573,True,Butland et al.,-12.6573
yhcG,b3220,sucA,b0726,Isolate 2,non-essential,No functional association with STRING,-3.01418,-6.25841664869238,-1.82451579264842,False,,False,,
yhcG,b3220,ybhC,b0772,Isolate 2,non-essential,No functional association with STRING,-13.5112,-28.4541636070556,-9.30895428267072,True,-13.5112,True,Butland et al.,-13.5112
yhcG,b3220,narJ,b1226,Isolate 1,non-essential,No functional association with STRING,-2.01417,-4.36089253553644,-1.65357272815959,False,,False,,
yhcG,b3220,ihfA,b1712,Isolate 1,non-essential,No functional association with STRING,-2.11897,-4.59543541820466,-1.4636226885103,False,,False,,
yhcG,b3220,ccmC,b2199,Isolate 1,non-essential,No functional association with STRING,-7.29733,-16.1846289477259,-11.3709698660244,True,-7.29733,True,Butland et al.,-7.29733
yhcG,b3220,rseA,b2572,Isolate 1,non-essential,No functional association with STRING,-2.81639,-6.15626459025116,-2.5128256871025,False,,False,,
yhcG,b3220,rseA,b2572,Isolate 2,non-essential,No functional association with STRING,-3.20868,-6.66968315894021,-2.13635172795371,False,,False,,
yhcG,b3220,folB,b3058,Isolate 2,non-essential,No functional association with STRING,-7.65636,-16.0742170010947,-9.30895428267072,False,,False,,
yhcG,b3220,ebgR,b3075,Isolate 1,non-essential,No functional association with STRING,-2.08183,-4.5123159271522,-1.88117733565431,False,,False,,
yhcG,b3220,rpe,b3386,Isolate 1,non-essential,No functional association with STRING,-2.632,-5.74359892102221,-2.39968038036684,False,,False,,
yhcG,b3220,yihQ,b3878,Isolate 1,non-essential,No functional association with STRING,-3.25033,-7.12742430881079,-11.3709698660244,False,,False,,
mdh,b3236,lpd,b0116,Isolate 2,non-essential,Functional association with STRING,-3.0114,-5.25758334155517,-3.24045259960225,False,,False,,
mdh,b3236,betT,b0314,Isolate 1,non-essential,No functional association with STRING,-2.54046,-4.61362247182105,-2.02454880034448,False,,False,,
mdh,b3236,ybeY,b0659,Isolate 1,non-essential,No functional association with STRING,-2.39588,-4.34893972072406,-3.50426565630738,False,,False,,
mdh,b3236,ybhC,b0772,Isolate 2,non-essential,No functional association with STRING,-13.5114,-23.792111262974,-11.2147406464613,True,-13.5114,True,Butland et al.,-13.5114
mdh,b3236,ycdY,b1035,Isolate 1,non-essential,No functional association with STRING,-2.50487,-4.54846782310379,-1.95345097518683,False,,False,,
mdh,b3236,intE,b1140,Isolate 2,non-essential,No functional association with STRING,-2.69342,-4.69628722836919,-6.00700853183102,False,,False,,
mdh,b3236,ldcA,b1192,Isolate 2,non-essential,No functional association with STRING,-5.29045,-9.28054675672752,-2.33609613564819,False,,False,,
mdh,b3236,intR,b1345,Isolate 2,non-essential,No functional association with STRING,-2.94839,-5.1463585220953,-6.64726916598697,False,,False,,
mdh,b3236,ccmC,b2199,Isolate 1,non-essential,No functional association with STRING,-7.29152,-13.3113927818699,-11.2853899458392,True,-7.29152,True,Butland et al.,-7.29152
mdh,b3236,nuoK,b2279,Isolate 1,non-essential,No functional association with STRING,-3.30575,-6.01463964284758,-1.42333679360967,False,,False,,
mdh,b3236,rseA,b2572,Isolate 1,non-essential,No functional association with STRING,-4.25854,-7.75891325204457,-2.55186178026271,False,,False,,
mdh,b3236,hycB,b2724,Isolate 2,non-essential,Functional association with STRING,-2.93032,-5.11446148213911,-7.5362268068864005,False,,False,,
mdh,b3236,hycA,b2725,Isolate 1,non-essential,No functional association with STRING,-3.0208,-5.49298139187865,-9.49932980214483,False,,False,,
mdh,b3236,ubiH,b2907,Isolate 1,non-essential,No functional association with STRING,-5.39353,-9.83674058409308,-2.55567334823006,True,-5.39353,True,Butland et al.,-5.39353
mdh,b3236,folB,b3058,Isolate 2,non-essential,No functional association with STRING,-7.35713,-12.9286361057407,-6.27521904661286,False,,False,,
mdh,b3236,yraO,b3149,Isolate 1,non-essential,No functional association with STRING,-2.35404,-4.27234319073445,-1.72074210040347,False,,False,,
mdh,b3236,npr,b3206,Isolate 2,non-essential,No functional association with STRING,-2.84013,-4.9552587132598,-1.97507192502883,False,,False,,
mdh,b3236,rsmB,b3289,Isolate 2,non-essential,No functional association with STRING,-2.61153,-4.55173556251348,-1.99449273937961,False,,False,,
mdh,b3236,yieP,b3755,Isolate 1,non-essential,No functional association with STRING,-3.0632,-5.57060311443027,-10.1179331999876,True,-10.8288,True,Butland et al.,-10.8288
mdh,b3236,yieP,b3755,Isolate 2,non-essential,No functional association with STRING,-10.8288,-19.0568041580218,-6.65939964678643,True,-10.8288,True,Butland et al.,-10.8288
mdh,b3236,eptA,b4114,Isolate 1,non-essential,No functional association with STRING,-10.9954,-20.0920896149943,-10.1478864220893,True,-10.9954,True,Butland et al.,-10.9954
yhdZ,b3271,acrB,b0462,Isolate 2,non-essential,No functional association with STRING,-3.15957,-4.24424273063063,-2.94824564824975,False,,False,,
yhdZ,b3271,sbcB,b2011,Isolate 2,non-essential,No functional association with STRING,-4.97004,-6.76028110977915,-3.68675234374132,True,-4.97004,True,Butland et al.,-4.97004
yhdZ,b3271,hscA,b2526,Isolate 1,non-essential,No functional association with STRING,-5.85073,-7.0852163179791,-2.62860753535888,True,-5.85073,True,Butland et al.,-5.85073
yhdZ,b3271,proX,b2679,Isolate 1,non-essential,No functional association with STRING,-6.1087,-7.40542584876611,-3.11516472551786,True,-6.1087,True,Butland et al.,-6.1087
yhdZ,b3271,aaeR,b3243,Isolate 1,non-essential,No functional association with STRING,-4.78736,-5.76529071130783,-6.27812915184182,True,-4.78736,True,Butland et al.,-4.78736
yhdZ,b3271,aaeR,b3243,Isolate 2,non-essential,No functional association with STRING,-3.21956,-4.32761176870645,-1.72385086241278,True,-4.78736,True,Butland et al.,-4.78736
yhdZ,b3271,yrdA,b3279,Isolate 1,non-essential,No functional association with STRING,-7.06901,-8.59742652524041,-2.69706795144081,True,-7.06901,True,Butland et al.,-7.06901
yhdZ,b3271,yrdB,b3280,Isolate 2,non-essential,No functional association with STRING,-4.98343,-6.77888940149169,-5.92979885568284,True,-4.98343,True,Butland et al.,-4.98343
yhdZ,b3271,aroE,b3281,Isolate 1,non-essential,No functional association with STRING,-9.09068,-11.1068578626292,-10.3396686480267,True,-9.09068,True,Butland et al.,-9.09068
yhdZ,b3271,aroE,b3281,Isolate 2,non-essential,No functional association with STRING,-7.79821,-10.6906330420158,-9.46481727455667,True,-9.09068,True,Butland et al.,-9.09068
yhdZ,b3271,yrdD,b3283,Isolate 1,non-essential,No functional association with STRING,-14.793,-18.1849569113457,-10.3396686480267,True,-14.793,True,Butland et al.,-14.793
yhdZ,b3271,yrdD,b3283,Isolate 2,non-essential,No functional association with STRING,-9.07037,-12.4585736234215,-9.46481727455667,True,-14.793,True,Butland et al.,-14.793
yhdZ,b3271,mscL,b3291,Isolate 2,non-essential,No functional association with STRING,-6.97871,-9.55176111830967,-3.15689388251712,True,-6.97871,True,Butland et al.,-6.97871
yhdZ,b3271,gspI,b3330,Isolate 2,non-essential,No functional association with STRING,-4.60431,-6.25202042807441,-2.36210989350735,True,-4.60431,True,Butland et al.,-4.60431
yhdZ,b3271,gspO,b3335,Isolate 2,non-essential,No functional association with STRING,-3.37977,-4.55025810293092,-2.13695710302097,False,,False,,
yhdZ,b3271,bfr,b3336,Isolate 1,non-essential,No functional association with STRING,-11.4075,-13.982649020973,-4.09218326821725,True,-11.4075,True,Butland et al.,-11.4075
yhdZ,b3271,bfr,b3336,Isolate 2,non-essential,No functional association with STRING,-3.15393,-4.23640473471886,-2.68439259248428,True,-11.4075,True,Butland et al.,-11.4075
yhdZ,b3271,yheO,b3346,Isolate 1,non-essential,No functional association with STRING,-6.29784,-7.64019900321451,-4.74735497603751,True,-6.29784,True,Butland et al.,-6.29784
yhdZ,b3271,pabA,b3360,Isolate 1,non-essential,No functional association with STRING,-8.5887,-10.4837668820327,-3.42100142022309,True,-8.5887,True,Butland et al.,-8.5887
yhdZ,b3271,hemX,b3803,Isolate 1,non-essential,No functional association with STRING,-4.79926,-5.78006178320133,-3.62619503280136,True,-4.79926,True,Butland et al.,-4.79926
yhdZ,b3271,glnG,b3868,Isolate 1,non-essential,No functional association with STRING,-7.66817,-9.34114378874527,-8.04084966705291,True,-7.66817,True,Butland et al.,-7.66817
yhdZ,b3271,fdhD,b3895,Isolate 2,non-essential,No functional association with STRING,-7.90783,-10.8429736646841,-3.21122156368031,True,-7.90783,True,Butland et al.,-7.90783
yhdZ,b3271,yiiS,b3922,Isolate 2,non-essential,No functional association with STRING,-5.21336,-7.09842670645538,-9.16948040072666,True,-5.21336,True,Butland et al.,-5.21336
yhdZ,b3271,araH,b4460,Isolate 2,non-essential,No functional association with STRING,-4.01323,-5.43058733879532,-2.30765980058645,True,-4.01323,True,Butland et al.,-4.01323
yhdZ,b3271,smf,b4473,Isolate 2,non-essential,No functional association with STRING,-13.6005,-18.7541658964401,-9.46481727455667,True,-13.6005,True,Butland et al.,-13.6005
greB,b3406,ybeY,b0659,Isolate 2,non-essential,No functional association with STRING,-1.64806,-4.33414059594877,-3.76987024389827,False,,False,,
greB,b3406,cysB,b1275,Isolate 1,non-essential,No functional association with STRING,-2.83328,-5.53171507458252,-4.01802423755607,False,,False,,
greB,b3406,yfjO,b2631,Isolate 2,non-essential,No functional association with STRING,-1.77714,-4.68198825851099,-1.34307508495202,False,,False,,
greB,b3406,cysH,b2762,Isolate 1,non-essential,No functional association with STRING,-5.85733,-11.5494372173489,-3.98517221289936,True,-5.85733,True,Butland et al.,-5.85733
greB,b3406,cysH,b2762,Isolate 2,non-essential,No functional association with STRING,-5.53204,-14.8007765150564,-4.99565215514046,True,-5.85733,True,Butland et al.,-5.85733
greB,b3406,gntR,b3438,Isolate 2,non-essential,No functional association with STRING,-1.86139,-4.90902703733705,-1.51095256318355,False,,False,,
greB,b3406,cysE,b3607,Isolate 1,non-essential,No functional association with STRING,-4.65385,-9.15456668135366,-4.80170846885516,True,-4.65385,True,Butland et al.,-4.65385
greB,b3406,yieP,b3755,Isolate 2,non-essential,No functional association with STRING,-2.30774,-6.11186097121252,-1.35790709998439,False,,False,,
greB,b3406,glnG,b3868,Isolate 1,non-essential,No functional association with STRING,-2.62449,-5.11623245816143,-1.56445087416988,False,,False,,
greB,b3406,rpsF,b4200,Isolate 2,non-essential,No functional association with STRING,-1.86017,-4.90573935413031,-3.18050652758806,False,,False,,
yieG,b3714,betI,b0313,Isolate 1,non-essential,No functional association with STRING,-1.91706,-4.62294504428298,-1.09061420953745,False,,False,,
yieG,b3714,mhpB,b0348,Isolate 2,non-essential,No functional association with STRING,-3.08409,-9.9675170976534,-9.34347735449075,False,,False,,
yieG,b3714,appB,b0979,Isolate 2,non-essential,No functional association with STRING,-1.41379,-4.50790052807744,-1.06886648013858,False,,False,,
yieG,b3714,dhaK,b1200,Isolate 2,non-essential,No functional association with STRING,-1.62311,-5.19209315236268,-0.8025875397529121,False,,False,,
yieG,b3714,gatZ,b2095,Isolate 2,non-essential,No functional association with STRING,-1.4765,-4.71287721195345,-1.02986638301184,False,,False,,
yieG,b3714,napB,b2203,Isolate 2,non-essential,No functional association with STRING,-1.4621,-4.66580873407409,-1.27452046317597,False,,False,,
yieG,b3714,napD,b2207,Isolate 2,non-essential,No functional association with STRING,-1.72685,-5.5311823117519,-1.43947617085845,False,,False,,
yieG,b3714,yfeN,b2408,Isolate 2,non-essential,No functional association with STRING,-1.80513,-5.78705178733497,-1.34047914682767,False,,False,,
yieG,b3714,hybF,b2991,Isolate 2,non-essential,No functional association with STRING,-1.71614,-5.49617513132912,-0.9961199856715581,False,,False,,
yieG,b3714,agaI,b3141,Isolate 2,non-essential,No functional association with STRING,-2.3107,-7.43958028465911,-1.80947438588236,False,,False,,
yieG,b3714,aaeX,b3242,Isolate 2,non-essential,No functional association with STRING,-1.53395,-4.90066082682631,-1.57693843431035,False,,False,,
yieG,b3714,yrhA,b3443,Isolate 2,non-essential,No functional association with STRING,-2.02347,-6.50072758318075,-0.434027495626055,False,,False,,
yieG,b3714,yhjK,b3529,Isolate 2,non-essential,No functional association with STRING,-1.28616,-4.09072345642864,-0.17334210318390902,False,,False,,
yieG,b3714,rpoZ,b3649,Isolate 2,non-essential,No functional association with STRING,-1.45284,-4.63554108788223,-0.9085971223395991,False,,False,,
yieG,b3714,yicL,b3660,Isolate 1,non-essential,No functional association with STRING,-1.81151,-4.36652830348734,-1.04818506671044,False,,False,,
yieG,b3714,uhpB,b3668,Isolate 1,non-essential,No functional association with STRING,-3.77694,-9.14122422828118,-8.71425292855075,True,-3.77694,True,Butland et al.,-3.77694
yieG,b3714,uhpB,b3668,Isolate 2,non-essential,No functional association with STRING,-2.43439,-7.84387889777703,-8.40079743634619,True,-3.77694,True,Butland et al.,-3.77694
yieG,b3714,gldA,b3945,Isolate 2,non-essential,No functional association with STRING,-1.63788,-5.24037102863199,-0.9541475872428181,False,,False,,
yiiL,b3901,mog,b0009,Isolate 2,non-essential,No functional association with STRING,-3.32239,-7.28525221886871,-1.62481258996099,False,,False,,
yiiL,b3901,ybbN,b0492,Isolate 2,non-essential,No functional association with STRING,-1.94048,-4.22875994456525,-0.24138004570933802,False,,False,,
yiiL,b3901,sucA,b0726,Isolate 2,non-essential,No functional association with STRING,-2.34672,-5.12727679552735,-1.5753985758449,False,,False,,
yiiL,b3901,ybhC,b0772,Isolate 2,non-essential,No functional association with STRING,-13.5114,-29.8211846224267,-12.5144997981179,True,-13.5114,True,Butland et al.,-13.5114
yiiL,b3901,macB,b0879,Isolate 1,non-essential,No functional association with STRING,-2.52058,-4.39688059128533,-1.81556357534623,False,,False,,
yiiL,b3901,cydD,b0887,Isolate 2,non-essential,No functional association with STRING,-4.58124,-10.0695618334651,-1.3884523477775499,False,,False,,
yiiL,b3901,fabH,b1091,Isolate 1,non-essential,No functional association with STRING,-2.73926,-4.78607078371181,-1.98249251346219,False,,False,,
yiiL,b3901,pepT,b1127,Isolate 1,non-essential,No functional association with STRING,-4.28936,-7.54482200595571,-9.52912193175102,True,-4.28936,True,Butland et al.,-4.28936
yiiL,b3901,yciM,b1280,Isolate 2,non-essential,No functional association with STRING,-2.87568,-6.29722429819797,-2.941753920697,False,,False,,
yiiL,b3901,yneI,b1525,Isolate 1,non-essential,No functional association with STRING,-3.04751,-5.33467091548182,-8.86210521514738,False,,False,,
yiiL,b3901,flxA,b1566,Isolate 2,non-essential,No functional association with STRING,-2.06217,-4.49791245439584,-0.955494236699529,False,,False,,
yiiL,b3901,yegQ,b2081,Isolate 2,non-essential,No functional association with STRING,-1.83741,-4.00079093159591,-1.48382435316256,False,,False,,
yiiL,b3901,ccmC,b2199,Isolate 1,non-essential,No functional association with STRING,-7.29733,-12.8981804434584,-10.0531657843738,True,-7.29733,True,Butland et al.,-7.29733
yiiL,b3901,nuoK,b2279,Isolate 1,non-essential,No functional association with STRING,-4.20619,-7.39680230454676,-1.69734329995131,True,-4.20619,True,Butland et al.,-4.20619
yiiL,b3901,nuoK,b2279,Isolate 2,non-essential,No functional association with STRING,-1.88827,-4.11328248102465,-1.35373988951546,True,-4.20619,True,Butland et al.,-4.20619
yiiL,b3901,rseA,b2572,Isolate 1,non-essential,No functional association with STRING,-9.6614,-17.1055741612638,-8.54740868949109,False,,False,,
yiiL,b3901,rseA,b2572,Isolate 2,non-essential,No functional association with STRING,-4.30767,-9.46448292711,-2.68078095272129,False,,False,,
yiiL,b3901,ubiH,b2907,Isolate 1,non-essential,No functional association with STRING,-12.9131,-22.8927048943588,-10.0531657843738,True,-12.9131,True,Butland et al.,-12.9131
yiiL,b3901,folB,b3058,Isolate 2,non-essential,No functional association with STRING,-7.65636,-16.8710760583829,-12.5144997981179,False,,False,,
yiiL,b3901,gspG,b3328,Isolate 2,non-essential,No functional association with STRING,-2.24088,-4.89318112915814,-12.5144997981179,False,,False,,
yiiL,b3901,crp,b3357,Isolate 2,non-essential,No functional association with STRING,-1.89692,-4.13241444922282,-5.85990690142066,False,,False,,
yiiL,b3901,yrhA,b3443,Isolate 2,non-essential,No functional association with STRING,-2.0745,-4.52518380328408,-0.43527407878902,False,,False,,
yiiL,b3901,yhjK,b3529,Isolate 2,non-essential,No functional association with STRING,-2.18626,-4.77237325598083,-0.36162129930857,False,,False,,
yiiL,b3901,yibA,b3594,Isolate 1,non-essential,No functional association with STRING,-3.182,-5.57402608732852,-9.09249620727715,False,,False,,
yiiL,b3901,uhpB,b3668,Isolate 2,non-essential,No functional association with STRING,-2.11884,-4.6232544934467,-1.14076656130763,False,,False,,
yiiL,b3901,ivbL,b3672,Isolate 2,non-essential,No functional association with STRING,-2.09757,-4.57620975777329,-0.48930602277843505,False,,False,,
yiiL,b3901,yidK,b3679,Isolate 2,non-essential,No functional association with STRING,-1.86748,-4.06729940370213,-1.07366501950455,False,,False,,
yiiL,b3901,rplA,b3984,Isolate 1,non-essential,No functional association with STRING,-3.00449,-5.25810715986545,-2.65737419829842,False,,False,,
ytfR,b4485,proA,b0243,Isolate 2,non-essential,No functional association with STRING,-2.38088,-4.41331378734546,-1.58044110446766,False,,False,,
ytfR,b4485,mmuM,b0261,Isolate 1,non-essential,No functional association with STRING,-2.92011,-5.27189982037349,-1.31560662945377,False,,False,,
ytfR,b4485,proC,b0386,Isolate 2,non-essential,No functional association with STRING,-2.62461,-4.87761713610635,-1.7139420728058001,False,,False,,
ytfR,b4485,phoR,b0400,Isolate 2,non-essential,No functional association with STRING,-2.66781,-4.9599127282225,-1.82613673564134,False,,False,,
ytfR,b4485,acrB,b0462,Isolate 1,non-essential,No functional association with STRING,-7.31843,-13.2488661600274,-12.0482144409996,True,-7.31843,True,Butland et al.,-7.31843
ytfR,b4485,ybaT,b0486,Isolate 1,non-essential,No functional association with STRING,-2.26139,-4.0772192907038,-1.60840584597446,False,,False,,
ytfR,b4485,ybdK,b0581,Isolate 2,non-essential,No functional association with STRING,-2.60232,-4.83515489656308,-0.944731488199366,False,,False,,
ytfR,b4485,bioD,b0778,Isolate 2,non-essential,No functional association with STRING,-8.2565,-15.6063144111768,-4.25771443878649,True,-8.2565,True,Butland et al.,-8.2565
ytfR,b4485,ompF,b0929,Isolate 2,non-essential,No functional association with STRING,-2.44915,-4.5433674927568,-1.2604719539627,False,,False,,
ytfR,b4485,ompA,b0957,Isolate 1,non-essential,No functional association with STRING,-4.26693,-7.71454560457578,-2.66382439088633,True,-6.46852,True,Butland et al.,-6.46852
ytfR,b4485,ompA,b0957,Isolate 2,non-essential,No functional association with STRING,-6.46852,-12.2002293928472,-4.81061386490514,True,-6.46852,True,Butland et al.,-6.46852
ytfR,b4485,fhuE,b1102,Isolate 2,non-essential,No functional association with STRING,-4.72536,-8.87952605133806,-3.32727859917123,True,-4.72536,True,Butland et al.,-4.72536
ytfR,b4485,ymfT,b1146,Isolate 2,non-essential,No functional association with STRING,-2.87078,-5.34656866182934,-2.23668521530129,False,,False,,
ytfR,b4485,treA,b1197,Isolate 2,non-essential,No functional association with STRING,-2.44528,-4.5359951792964,-1.90714174976434,False,,False,,
ytfR,b4485,cysB,b1275,Isolate 1,non-essential,No functional association with STRING,-3.90931,-7.06595189097899,-5.85415512787296,True,-3.90931,True,Butland et al.,-3.90931
ytfR,b4485,puuE,b1302,Isolate 2,non-essential,No functional association with STRING,-2.58509,-4.80233190924453,-1.29052079605574,False,,False,,
ytfR,b4485,paaA,b1388,Isolate 2,non-essential,No functional association with STRING,-2.38085,-4.41325663762872,-1.31853205101383,False,,False,,
ytfR,b4485,paaF,b1393,Isolate 1,non-essential,No functional association with STRING,-2.24052,-4.0393686369295,-1.29599532933867,False,,False,,
ytfR,b4485,paaF,b1393,Isolate 2,non-essential,No functional association with STRING,-2.98223,-5.55887985954567,-1.71752715844395,False,,False,,
ytfR,b4485,rnt,b1652,Isolate 1,non-essential,No functional association with STRING,-3.18221,-5.74725470078766,-2.9848425069032,False,,False,,
ytfR,b4485,aroD,b1693,Isolate 1,non-essential,No functional association with STRING,-3.87668,-7.00677283814452,-2.93686604746125,False,,False,,
ytfR,b4485,cobS,b1992,Isolate 1,non-essential,No functional association with STRING,-3.09728,-5.59322230859546,-1.80888737375094,False,,False,,
ytfR,b4485,menC,b2261,Isolate 2,non-essential,No functional association with STRING,-2.29123,-4.24253138379886,-1.58343414773524,False,,False,,
ytfR,b4485,nuoI,b2281,Isolate 1,non-essential,No functional association with STRING,-4.44594,-8.03920518924934,-3.69323206519175,False,,False,,
ytfR,b4485,ubiX,b2311,Isolate 1,non-essential,No functional association with STRING,-2.50206,-4.51370787929319,-6.53451225631425,False,,False,,
ytfR,b4485,ubiX,b2311,Isolate 2,non-essential,No functional association with STRING,-2.71853,-5.05653384933665,-7.96834671365787,False,,False,,
ytfR,b4485,pdxB,b2320,Isolate 2,non-essential,No functional association with STRING,-2.9708,-5.53710581746494,-1.83186424652228,False,,False,,
ytfR,b4485,glcB,b2976,Isolate 1,non-essential,No functional association with STRING,-5.66588,-10.2517364094419,-2.5511421451893,True,-5.66588,True,Butland et al.,-5.66588
ytfR,b4485,fis,b3261,Isolate 1,non-essential,No functional association with STRING,-2.44015,-4.4014254655334,-1.18858634704352,False,,False,,
ytfR,b4485,glnG,b3868,Isolate 1,non-essential,No functional association with STRING,-7.69645,-13.9344581168918,-12.0482144409996,True,-7.69645,True,Butland et al.,-7.69645
ytfR,b4485,holC,b4259,Isolate 1,non-essential,No functional association with STRING,-2.22617,-4.01334291188584,-1.9613549734845,False,,False,,
ytfR,b4485,pepA,b4260,Isolate 1,non-essential,No functional association with STRING,-2.25927,-4.07337437522696,-1.6276939440905,False,,False,,
ytfR,b4485,yjhB,b4279,Isolate 2,non-essential,No functional association with STRING,-2.99241,-5.5782726634286,-1.65875915753649,False,,False,,
ytfR,b4485,yjhC,b4280,Isolate 2,non-essential,No functional association with STRING,-2.20898,-4.08584591038327,-1.3833109071243,False,,False,,
ytfR,b4485,yjhU,b4295,Isolate 2,non-essential,No functional association with STRING,-2.21457,-4.09649480760385,-1.11956549960147,False,,False,,
ytfR,b4485,yjiE,b4327,Isolate 2,non-essential,No functional association with STRING,-2.56515,-4.76434639751314,-1.59736055859535,False,,False,,
ytfR,b4485,iadA,b4328,Isolate 1,non-essential,No functional association with STRING,-2.23912,-4.03682954180329,-1.50070755097088,False,,False,,
ytfR,b4485,mdoB,b4359,Isolate 2,non-essential,No functional association with STRING,-2.274,-4.20970839648031,-1.45823386989521,False,,False,,
ytfR,b4485,prfC,b4375,Isolate 1,non-essential,No functional association with STRING,-3.91471,-7.07574554360866,-2.35999415314467,True,-3.91471,True,Butland et al.,-3.91471
ytfR,b4485,yjjZ,b4567,Isolate 2,non-essential,No functional association with STRING,-2.82904,-5.26705435592823,-1.71769253985861,False,,False,,
yacL,b0119,plsC,b3018,SPA-tag essential,SPA-tag essential,No functional association with STRING,1.4055,4.16666965600899,0.57093128168934,False,,False,,
yacL,b0119,coaD,b3634,SPA-tag essential,SPA-tag essential,No functional association with STRING,1.3757,4.07888219352981,0.0466222705857928,False,,False,,
yacL,b0119,dnaN,b3701,SPA-tag essential,SPA-tag essential,No functional association with STRING,2.95131,8.72045278939626,0.0818660989326411,False,,False,,
yacL,b0119,yidC,b3705,SPA-tag essential,SPA-tag essential,No functional association with STRING,1.59401,4.72199900338987,0.29133156248103803,False,,False,,
yacL,b0119,murB,b3972,SPA-tag essential,SPA-tag essential,No functional association with STRING,1.40431,4.16316404928583,0.220976108224393,False,,False,,
yacL,b0119,rpoC,b3988,SPA-tag essential,SPA-tag essential,Functional association with STRING,1.5324,4.54050284354617,0.09555146101811479,False,,False,,
yadE,b0130,mukE,b0923,SPA-tag essential,SPA-tag essential,No functional association with STRING,3.12273,9.72195222165584,0.158266298217054,True,3.12273,False,,
yadE,b0130,pheT,b1713,SPA-tag essential,SPA-tag essential,No functional association with STRING,2.42388,7.54242912106611,0.185270268835716,False,,False,,
yadE,b0130,pgk,b2926,SPA-tag essential,SPA-tag essential,No functional association with STRING,1.50226,4.66814697187028,0.535409010233532,False,,False,,
yadE,b0130,metK,b2942,SPA-tag essential,SPA-tag essential,No functional association with STRING,1.71271,5.32448329085018,0.657133907284224,False,,False,,
yadE,b0130,cca,b3056,SPA-tag essential,SPA-tag essential,No functional association with STRING,1.86362,5.79513054149052,0.37295504824028103,False,,False,,
yadE,b0130,dut,b3640,SPA-tag essential,SPA-tag essential,No functional association with STRING,1.81651,5.64820726286308,0.23486247531339102,False,,False,,
yadE,b0130,dnaB,b4052,SPA-tag essential,SPA-tag essential,No functional association with STRING,6.12876,19.0969423140444,0.167966838786371,True,6.12876,False,,
yadE,b0130,groS,b4142,SPA-tag essential,SPA-tag essential,No functional association with STRING,1.66778,5.18435883938063,0.235136113480429,False,,False,,
yafP,b0234,cca,b3056,SPA-tag essential,SPA-tag essential,No functional association with STRING,1.73133,4.59327888357978,0.331789153060414,False,,False,,
yafP,b0234,groS,b4142,SPA-tag essential,SPA-tag essential,No functional association with STRING,1.5221,4.03696720371474,0.19836914900183203,False,,False,,
ykgE,b0306,acpP,b1094,SPA-tag essential,SPA-tag essential,No functional association with STRING,2.29009,5.54480921659807,0.652058605553534,False,,False,,
ykgE,b0306,ftsE,b3463,SPA-tag essential,SPA-tag essential,No functional association with STRING,1.70626,4.14554112006513,0.0484170558754832,False,,False,,
ykgE,b0306,coaD,b3634,SPA-tag essential,SPA-tag essential,No functional association with STRING,2.09916,5.08720639099638,0.215424230213303,False,,False,,
ykgE,b0306,dnaB,b4052,SPA-tag essential,SPA-tag essential,No functional association with STRING,6.11497,14.7119170340568,0.162737872345737,True,6.11497,False,,
ycjN,b1310,groS,b4142,SPA-tag essential,SPA-tag essential,No functional association with STRING,2.91326,4.09954824009963,0.47019433010681305,False,,False,,
ycjR,b1314,holA,b0640,SPA-tag essential,SPA-tag essential,No functional association with STRING,3.28875,4.6104595707399,0.5972561550059571,True,3.28875,False,,
hscB,b2527,mukE,b0923,SPA-tag essential,SPA-tag essential,No functional association with STRING,3.09181,4.53881232909133,0.209062395799078,True,3.09181,False,,
hscB,b2527,fabD,b1092,SPA-tag essential,SPA-tag essential,No functional association with STRING,2.97064,4.36597472380304,0.47688026308539,False,,False,,
iscA,b2528,fabD,b1092,SPA-tag essential,SPA-tag essential,No functional association with STRING,2.70519,4.30603116198466,0.416515794766177,False,,False,,
iscU,b2529,mukE,b0923,SPA-tag essential,SPA-tag essential,No functional association with STRING,5.27619,6.3737474795682,0.0881484066661218,True,5.27619,False,,
recD,b2819,dnaX,b0470,SPA-tag essential,SPA-tag essential,No functional association with STRING,2.10841,4.00484814486606,0.491532104236009,False,,False,,
recD,b2819,gapA,b1779,SPA-tag essential,SPA-tag essential,No functional association with STRING,3.01441,5.67139273192274,0.5882502427791141,False,,False,,
yrbA,b3190,infC,b1718,SPA-tag essential,SPA-tag essential,No functional association with STRING,3.51708,4.4481235517911,0.31067232399599604,True,3.51708,False,,
rpoN,b3202,gapA,b1779,SPA-tag essential,SPA-tag essential,Functional association with STRING,3.03666,4.98419538864484,0.566253217547622,False,,False,,
yhcG,b3220,ftsA,b0094,SPA-tag essential,SPA-tag essential,No functional association with STRING,1.79155,4.15632635213639,0.41461807493766,False,,False,,
yhcG,b3220,gapA,b1779,SPA-tag essential,SPA-tag essential,No functional association with STRING,1.91804,4.43941155470036,0.46127981625104103,False,,False,,
mdh,b3236,holA,b0640,SPA-tag essential,SPA-tag essential,No functional association with STRING,3.19442,5.88522809956577,0.587590704051953,True,3.19442,False,,
yhdZ,b3271,gapA,b1779,SPA-tag essential,SPA-tag essential,No functional association with STRING,4.10305,5.27007779900022,0.7448303418908641,True,4.10305,False,,
yieG,b3714,dxs,b0420,SPA-tag essential,SPA-tag essential,No functional association with STRING,1.63953,4.01721806463594,0.21200471928841702,False,,False,,
yieG,b3714,holA,b0640,SPA-tag essential,SPA-tag essential,No functional association with STRING,1.63372,4.00310360453151,0.21834366723775703,False,,False,,
yieG,b3714,gltX,b2400,SPA-tag essential,SPA-tag essential,No functional association with STRING,1.80447,4.41791325390012,0.38651134969073103,False,,False,,
ytfR,b4485,holA,b0640,SPA-tag essential,SPA-tag essential,No functional association with STRING,2.2042,4.02175056976449,0.325430223398118,False,,False,,
ytfR,b4485,mukE,b0923,SPA-tag essential,SPA-tag essential,No functional association with STRING,3.23127,5.884485163534,0.183439381351008,True,3.23127,False,,
ytfR,b4485,fabI,b1288,SPA-tag essential,SPA-tag essential,No functional association with STRING,2.90712,5.29659395984741,0.07017806099971689,False,,False,,
ytfR,b4485,infC,b1718,SPA-tag essential,SPA-tag essential,No functional association with STRING,3.27991,5.97270058277606,0.221968074547983,True,3.27991,False,,
ytfR,b4485,ffh,b2610,SPA-tag essential,SPA-tag essential,No functional association with STRING,3.73195,6.79253812624201,0.0517766789709821,True,3.73195,False,,
ytfR,b4485,coaD,b3634,SPA-tag essential,SPA-tag essential,No functional association with STRING,2.43014,4.4315242503474,0.30421503388451504,False,,False,,
ytfR,b4485,dnaN,b3701,SPA-tag essential,SPA-tag essential,No functional association with STRING,2.98288,5.43399527896293,0.0754740440021434,False,,False,,
ytfR,b4485,birA,b3973,SPA-tag essential,SPA-tag essential,No functional association with STRING,2.64187,4.81552611539926,0.20946677529686203,False,,False,,
ytfR,b4485,dnaB,b4052,SPA-tag essential,SPA-tag essential,No functional association with STRING,6.11045,11.1062793817365,0.159933553724412,True,6.11045,False,,
yacL,b0119,pheT,b1713,SPA-tag essential,SPA-tag essential,No functional association with STRING,1.48453,4.39948318485898,-0.324546879631508,False,,False,,
yacL,b0119,ffh,b2610,SPA-tag essential,SPA-tag essential,No functional association with STRING,2.34696,6.94010537499048,-0.296641607608563,False,,False,,
yacL,b0119,birA,b3973,SPA-tag essential,SPA-tag essential,No functional association with STRING,1.76688,5.23125466240919,-0.0261091601995216,False,,False,,
yacL,b0119,dnaB,b4052,SPA-tag essential,SPA-tag essential,No functional association with STRING,5.34338,15.7672231039121,-0.0687978500351412,True,5.34338,False,,
yadE,b0130,ribE,b0415,SPA-tag essential,SPA-tag essential,No functional association with STRING,2.77385,8.63389037815045,-0.695994439766182,False,,False,,
yadE,b0130,ispE,b1208,SPA-tag essential,SPA-tag essential,No functional association with STRING,1.32692,4.12130919486891,-0.9640031941008881,False,,False,,
yadE,b0130,trmD,b2607,SPA-tag essential,SPA-tag essential,No functional association with STRING,1.47035,4.56862835966477,-0.114759902774079,False,,False,,
yadE,b0130,eno,b2779,SPA-tag essential,SPA-tag essential,No functional association with STRING,1.90762,5.93235457586978,-1.08193112563577,False,,False,,
yadE,b0130,trpS,b3384,SPA-tag essential,SPA-tag essential,No functional association with STRING,1.84854,5.74810012243508,-0.9514846793575221,False,,False,,
yadE,b0130,dnaN,b3701,SPA-tag essential,SPA-tag essential,No functional association with STRING,2.55479,7.95070181062496,-0.077174614119993,False,,False,,
yadE,b0130,glmS,b3729,SPA-tag essential,SPA-tag essential,No functional association with STRING,1.40283,4.35805184145368,-0.525309725555371,False,,False,,
yafP,b0234,mukF,b0922,SPA-tag essential,SPA-tag essential,No functional association with STRING,2.20858,5.86221617371788,-1.52700604491951,False,,False,,
yafP,b0234,mukE,b0923,SPA-tag essential,SPA-tag essential,No functional association with STRING,2.45601,6.52009601384122,-0.0177670258886595,False,,False,,
yafP,b0234,ispE,b1208,SPA-tag essential,SPA-tag essential,No functional association with STRING,1.63144,4.32768612106141,-0.822720896161884,False,,False,,
yafP,b0234,pheT,b1713,SPA-tag essential,SPA-tag essential,No functional association with STRING,1.99783,5.3018630382614,-0.08458134550829059,False,,False,,
yafP,b0234,ffh,b2610,SPA-tag essential,SPA-tag essential,No functional association with STRING,2.0131,5.34246371384109,-0.41098803140002105,False,,False,,
yafP,b0234,trpS,b3384,SPA-tag essential,SPA-tag essential,No functional association with STRING,1.52013,4.03172926456006,-1.12939242401895,False,,False,,
yafP,b0234,dnaN,b3701,SPA-tag essential,SPA-tag essential,No functional association with STRING,2.20487,5.85235183145195,-0.21065136465188,False,,False,,
yafP,b0234,dnaB,b4052,SPA-tag essential,SPA-tag essential,No functional association with STRING,5.33948,14.1868170363545,-0.100259145475346,True,5.33948,False,,
ykgE,b0306,mukF,b0922,SPA-tag essential,SPA-tag essential,No functional association with STRING,2.64823,6.40316503266149,-1.10401059689722,False,,False,,
ykgE,b0306,ispE,b1208,SPA-tag essential,SPA-tag essential,No functional association with STRING,2.75582,6.66102648977397,-0.0941006970300151,False,,False,,
ykgE,b0306,ffh,b2610,SPA-tag essential,SPA-tag essential,No functional association with STRING,1.93845,4.70203198099037,-0.41628067151109405,False,,False,,
ykgE,b0306,dnaN,b3701,SPA-tag essential,SPA-tag essential,No functional association with STRING,2.53381,6.12893408254708,-0.0850497783803088,False,,False,,
hscB,b2527,mukF,b0922,SPA-tag essential,SPA-tag essential,No functional association with STRING,3.29127,4.82332325383179,-0.12076673084957201,True,3.29127,False,,
hscB,b2527,ispE,b1208,SPA-tag essential,SPA-tag essential,No functional association with STRING,2.73018,4.02298115635548,-0.0553457297317378,False,,False,,
iscU,b2529,ribE,b0415,SPA-tag essential,SPA-tag essential,No functional association with STRING,6.49362,7.834782656395,-0.442254896935508,True,6.49362,False,,
iscU,b2529,mukF,b0922,SPA-tag essential,SPA-tag essential,No functional association with STRING,5.95149,7.18417358612967,-0.17655523773262502,True,5.95149,False,,
iscU,b2529,mukB,b0924,SPA-tag essential,SPA-tag essential,No functional association with STRING,-4.25107,-5.05989716429213,0.083280475043015,True,-4.25107,False,,
iscU,b2529,ispE,b1208,SPA-tag essential,SPA-tag essential,No functional association with STRING,4.91598,5.94146021784081,-0.121264870263558,True,4.91598,False,,
iscU,b2529,fabI,b1288,SPA-tag essential,SPA-tag essential,No functional association with STRING,3.612,4.37655656844938,-0.110390385037145,True,3.612,False,,
iscU,b2529,ffh,b2610,SPA-tag essential,SPA-tag essential,No functional association with STRING,6.24783,7.53981059548615,-0.0464615108344947,True,6.24783,False,,
iscU,b2529,dnaN,b3701,SPA-tag essential,SPA-tag essential,No functional association with STRING,4.72278,5.70960130507955,-0.0698519296463057,True,4.72278,False,,
iscU,b2529,dnaB,b4052,SPA-tag essential,SPA-tag essential,No functional association with STRING,6.00783,7.25178710137279,-0.33356434679087404,True,6.00783,False,,
rpoS,b2741,dnaB,b4052,SPA-tag essential,SPA-tag essential,No functional association with STRING,4.06748,5.59461525475873,-0.32333189822281,True,4.06748,False,,
ygcB,b2761,dnaB,b4052,SPA-tag essential,SPA-tag essential,No functional association with STRING,5.35917,6.80003263328021,-0.0192241916815476,True,5.35917,False,,
greA,b3181,dnaB,b4052,SPA-tag essential,SPA-tag essential,No functional association with STRING,3.98581,6.20553523225687,-0.400120569150821,True,3.98581,False,,
yrbA,b3190,dnaB,b4052,SPA-tag essential,SPA-tag essential,No functional association with STRING,3.73022,4.70997697863475,-0.525234375036962,True,3.73022,False,,
mdh,b3236,ribE,b0415,SPA-tag essential,SPA-tag essential,No functional association with STRING,3.28265,6.04675084911127,-0.462429023707256,True,3.28265,False,,
mdh,b3236,ffh,b2610,SPA-tag essential,SPA-tag essential,No functional association with STRING,3.2888,6.05800966028326,-0.0492868036767146,True,3.2888,False,,
mdh,b3236,glmS,b3729,SPA-tag essential,SPA-tag essential,No functional association with STRING,2.21376,4.08993285339912,-0.24521967269629602,False,,False,,
greB,b3406,dnaB,b4052,SPA-tag essential,SPA-tag essential,No functional association with STRING,3.20528,6.48474504427253,-0.682755441446086,True,3.20528,False,,
yieG,b3714,mukE,b0923,SPA-tag essential,SPA-tag essential,No functional association with STRING,2.15077,5.25919338026235,-0.0599672161184101,False,,False,,
yieG,b3714,pheT,b1713,SPA-tag essential,SPA-tag essential,No functional association with STRING,1.70915,4.18634865198026,-0.210238763069472,False,,False,,
yieG,b3714,pheS,b1714,SPA-tag essential,SPA-tag essential,No functional association with STRING,-1.96315,-4.7349132828739,0.0498608052478229,False,,False,,
yieG,b3714,trmD,b2607,SPA-tag essential,SPA-tag essential,No functional association with STRING,1.63866,4.01510453962891,-0.0102121666156466,False,,False,,
yieG,b3714,ffh,b2610,SPA-tag essential,SPA-tag essential,No functional association with STRING,1.88455,4.6124547281106,-0.41277841475938204,False,,False,,
yieG,b3714,dnaB,b4052,SPA-tag essential,SPA-tag essential,No functional association with STRING,5.0309,12.2560057693459,-0.16368856441794102,True,5.0309,False,,
ytfR,b4485,ribE,b0415,SPA-tag essential,SPA-tag essential,No functional association with STRING,3.33116,6.06564960078914,-0.48809074978340705,True,3.33116,False,,
ytfR,b4485,mukF,b0922,SPA-tag essential,SPA-tag essential,No functional association with STRING,2.75037,5.01230598768059,-0.9935897457642141,False,,False,,
ytfR,b4485,ispE,b1208,SPA-tag essential,SPA-tag essential,No functional association with STRING,2.63617,4.80518837095683,-0.187690235205369,False,,False,,
ytfR,b4485,glmS,b3729,SPA-tag essential,SPA-tag essential,No functional association with STRING,2.33149,4.25260872591833,-0.22561283930202303,False,,False,,
yacL,b0119,holA,b0640,SPA-tag essential,SPA-tag essential,No functional association with STRING,-2.18969,-6.42435743226355,-0.47114071568383903,False,,False,,
yacL,b0119,mreB,b3251,SPA-tag essential,SPA-tag essential,No functional association with STRING,-2.33353,-6.84809396256573,-0.586580479541926,False,,False,,
yadE,b0130,ftsA,b0094,SPA-tag essential,SPA-tag essential,No functional association with STRING,-1.47433,-4.61502776660635,-0.234548939704071,False,,False,,
yadE,b0130,ispU,b0174,SPA-tag essential,SPA-tag essential,No functional association with STRING,-1.76138,-5.51025865452834,-0.48672951930353503,False,,False,,
yadE,b0130,fabZ,b0180,SPA-tag essential,SPA-tag essential,No functional association with STRING,-2.495,-7.79821992955823,-0.880147722810196,False,,False,,
yadE,b0130,lpxB,b0182,SPA-tag essential,SPA-tag essential,No functional association with STRING,-2.15128,-6.72625072281186,-0.7429114498420281,False,,False,,
yadE,b0130,dxs,b0420,SPA-tag essential,SPA-tag essential,No functional association with STRING,-4.31645,-13.4788271436516,-1.21185824979325,True,-4.31645,False,,
yadE,b0130,holA,b0640,SPA-tag essential,SPA-tag essential,No functional association with STRING,-2.92277,-9.13231822924954,-0.602144004397548,False,,False,,
yadE,b0130,glnS,b0680,SPA-tag essential,SPA-tag essential,No functional association with STRING,-1.29632,-4.05986298570061,-0.263165730769751,False,,False,,
yadE,b0130,cydA,b0733,SPA-tag essential,SPA-tag essential,No functional association with STRING,-1.79202,-5.60581648210517,-0.184792401582265,False,,False,,
yadE,b0130,cydC,b0886,SPA-tag essential,SPA-tag essential,No functional association with STRING,-1.35936,-4.25646760222944,-0.20325943961279103,False,,False,,
yadE,b0130,mukF,b0922,SPA-tag essential,SPA-tag essential,No functional association with STRING,-1.63501,-5.11614499033499,-5.84162351852042,False,,False,,
yadE,b0130,prfA,b1211,SPA-tag essential,SPA-tag essential,No functional association with STRING,-1.49823,-4.68956536709872,-0.553610576635676,False,,False,,
yadE,b0130,topA,b1274,SPA-tag essential,SPA-tag essential,No functional association with STRING,-1.32039,-4.13493076996217,-0.167165154962399,False,,False,,
yadE,b0130,gyrA,b2231,SPA-tag essential,SPA-tag essential,No functional association with STRING,-1.88011,-5.88054523638857,-0.5478981143729971,False,,False,,
yafP,b0234,ribD,b0414,SPA-tag essential,SPA-tag essential,No functional association with STRING,-1.8295,-4.87444237538809,-0.504907130879246,False,,False,,
yafP,b0234,dxs,b0420,SPA-tag essential,SPA-tag essential,No functional association with STRING,-1.68266,-4.48401649443706,-0.530161836687394,False,,False,,
yafP,b0234,infA,b0884,SPA-tag essential,SPA-tag essential,No functional association with STRING,-1.52849,-4.07410122566684,-0.25502220623716504,False,,False,,
yafP,b0234,fabA,b0954,SPA-tag essential,SPA-tag essential,No functional association with STRING,-1.64532,-4.38473494721075,-0.0206716621807119,False,,False,,
yafP,b0234,folC,b2315,SPA-tag essential,SPA-tag essential,No functional association with STRING,-1.53958,-4.1035878983701,-0.266135753220168,False,,False,,
ykgE,b0306,ribD,b0414,SPA-tag essential,SPA-tag essential,No functional association with STRING,-2.8476,-6.76871647902624,-0.68651945586629,False,,False,,
ykgE,b0306,ribE,b0415,SPA-tag essential,SPA-tag essential,No functional association with STRING,-2.51738,-5.97727665778186,-3.17060785029614,False,,False,,
ykgE,b0306,ispA,b0421,SPA-tag essential,SPA-tag essential,No functional association with STRING,-3.55544,-8.46519992360751,-1.46100264190321,True,-3.55544,False,,
mfd,b1114,secA,b0098,SPA-tag essential,SPA-tag essential,Functional association with STRING,-10.2377,-8.64270925336469,-10.9445181102572,True,-10.2377,False,,
mfd,b1114,fabZ,b0180,SPA-tag essential,SPA-tag essential,No functional association with STRING,-5.69969,-4.74689293362424,-3.26215735425563,True,-5.69969,False,,
mfd,b1114,dxs,b0420,SPA-tag essential,SPA-tag essential,No functional association with STRING,-6.83057,-5.71773714940783,-2.23891726483574,True,-6.83057,False,,
mfd,b1114,cydC,b0886,SPA-tag essential,SPA-tag essential,No functional association with STRING,-9.00367,-7.5833122460753,-10.9890951386543,True,-9.00367,False,,
mfd,b1114,kdsB,b0918,SPA-tag essential,SPA-tag essential,No functional association with STRING,-7.11369,-5.96079159760096,-10.9890951386543,True,-7.11369,False,,
mfd,b1114,pth,b1204,SPA-tag essential,SPA-tag essential,Functional association with STRING,-6.48922,-5.42469308367342,-3.67300773104072,True,-6.48922,False,,
mfd,b1114,prsA,b1207,SPA-tag essential,SPA-tag essential,Functional association with STRING,-5.61886,-4.67750154111417,-1.30989111956885,True,-5.61886,False,,
mfd,b1114,prfA,b1211,SPA-tag essential,SPA-tag essential,No functional association with STRING,-8.20904,-6.90113381937388,-3.55698135194709,True,-8.20904,False,,
mfd,b1114,kdsA,b1215,SPA-tag essential,SPA-tag essential,No functional association with STRING,-6.92004,-5.79454585765818,-10.9890951386543,True,-6.92004,False,,
mfd,b1114,topA,b1274,SPA-tag essential,SPA-tag essential,No functional association with STRING,-9.8242,-8.28772545028522,-4.19552243670146,True,-9.8242,False,,
ycjN,b1310,murE,b0085,SPA-tag essential,SPA-tag essential,No functional association with STRING,-3.7809,-4.90908055885829,-1.70457862993098,True,-3.7809,False,,
ycjN,b1310,ftsA,b0094,SPA-tag essential,SPA-tag essential,No functional association with STRING,-3.47811,-4.50160259089271,-0.782824347641019,True,-3.47811,False,,
ycjN,b1310,map,b0168,SPA-tag essential,SPA-tag essential,No functional association with STRING,-4.67334,-6.11007675335349,-1.90943613869681,True,-4.67334,False,,
ycjN,b1310,ribD,b0414,SPA-tag essential,SPA-tag essential,No functional association with STRING,-4.37015,-5.70206048760005,-1.40404999892746,True,-4.37015,False,,
ycjN,b1310,ribE,b0415,SPA-tag essential,SPA-tag essential,No functional association with STRING,-3.55599,-4.60640917018912,-7.96253510126513,True,-3.55599,False,,
ycjN,b1310,ispA,b0421,SPA-tag essential,SPA-tag essential,No functional association with STRING,-5.39488,-7.08108521798536,-2.96439194959066,True,-5.39488,False,,
ycjN,b1310,holA,b0640,SPA-tag essential,SPA-tag essential,No functional association with STRING,-4.56984,-5.97079220074463,-1.31958297984037,True,-4.56984,False,,
ycjN,b1310,glnS,b0680,SPA-tag essential,SPA-tag essential,No functional association with STRING,-3.61407,-4.68457000898644,-0.7723703712853041,True,-3.61407,False,,
ycjN,b1310,mukE,b0923,SPA-tag essential,SPA-tag essential,No functional association with STRING,-3.33615,-4.31056070598107,-2.35880411308737,False,,False,,
ycjN,b1310,rne,b1084,SPA-tag essential,SPA-tag essential,No functional association with STRING,-3.27147,-4.22351795368406,-0.6649463392992131,False,,False,,
ycjN,b1310,holB,b1099,SPA-tag essential,SPA-tag essential,No functional association with STRING,-3.46887,-4.48916791199313,-1.08978473325744,True,-3.46887,False,,
ycjN,b1310,purB,b1131,SPA-tag essential,SPA-tag essential,No functional association with STRING,-5.63793,-7.408168411334,-4.5486301119598,True,-5.63793,False,,
ycjN,b1310,pth,b1204,SPA-tag essential,SPA-tag essential,No functional association with STRING,-3.58907,-4.65092639724517,-1.51477893906158,True,-3.58907,False,,
ycjN,b1310,kdsA,b1215,SPA-tag essential,SPA-tag essential,No functional association with STRING,-5.33714,-7.00338193230772,-6.40674689282979,True,-5.33714,False,,
ycjN,b1310,topA,b1274,SPA-tag essential,SPA-tag essential,No functional association with STRING,-6.50374,-8.5733274306024,-1.87303063242406,True,-6.50374,False,,
ycjN,b1310,gyrA,b2231,SPA-tag essential,SPA-tag essential,No functional association with STRING,-3.37722,-4.36583043134963,-0.9998194780440821,False,,False,,
ycjN,b1310,nusA,b3169,SPA-tag essential,SPA-tag essential,No functional association with STRING,-3.2568,-4.20377588231428,-2.46248908387231,False,,False,,
ycjN,b1310,coaD,b3634,SPA-tag essential,SPA-tag essential,No functional association with STRING,-4.85062,-6.34865033293319,-2.35537525081215,True,-4.85062,False,,
ycjN,b1310,ppa,b4226,SPA-tag essential,SPA-tag essential,No functional association with STRING,-3.88034,-5.04290138892037,-2.46338885680055,True,-3.88034,False,,
ycjR,b1314,kdsA,b1215,SPA-tag essential,SPA-tag essential,No functional association with STRING,-3.93649,-5.390086069684,-0.9044869685706931,True,-3.93649,False,,
ycjR,b1314,topA,b1274,SPA-tag essential,SPA-tag essential,No functional association with STRING,-2.97717,-4.06227918108633,-0.503103569004685,False,,False,,
sufE,b1679,secA,b0098,SPA-tag essential,SPA-tag essential,No functional association with STRING,-5.82492,-8.95205198408518,-2.20954799779939,True,-5.82492,False,,
sufE,b1679,lpxB,b0182,SPA-tag essential,SPA-tag essential,No functional association with STRING,-3.66375,-5.59649526819928,-1.27012324786377,True,-3.66375,False,,
sufE,b1679,cysS,b0526,SPA-tag essential,SPA-tag essential,No functional association with STRING,-3.69594,-5.64647531173328,-0.925462655483509,True,-3.69594,False,,
sufE,b1679,tmk,b1098,SPA-tag essential,SPA-tag essential,No functional association with STRING,-3.78293,-5.78154098389924,-1.1919573816085,True,-3.78293,False,,
sufE,b1679,prfA,b1211,SPA-tag essential,SPA-tag essential,No functional association with STRING,-3.28965,-5.015646113615,-1.16175438494502,False,,False,,
sufE,b1679,tyrS,b1637,SPA-tag essential,SPA-tag essential,No functional association with STRING,-5.20896,-7.99567709700222,-0.9906533402698581,True,-5.20896,False,,
sufE,b1679,pheT,b1713,SPA-tag essential,SPA-tag essential,No functional association with STRING,-3.00895,-4.57981516549469,-10.4300198786309,False,,False,,
sufE,b1679,infC,b1718,SPA-tag essential,SPA-tag essential,No functional association with STRING,-9.10266,-14.0412594364965,-10.4300198786309,True,-9.10266,False,,
sufE,b1679,thrS,b1719,SPA-tag essential,SPA-tag essential,No functional association with STRING,-3.82525,-5.8472494474705,-1.64084127005196,True,-3.82525,False,,
sufE,b1679,nadE,b1740,SPA-tag essential,SPA-tag essential,No functional association with STRING,-6.26472,-9.63491073358041,-4.14070117352223,True,-6.26472,False,,
sufE,b1679,aspS,b1866,SPA-tag essential,SPA-tag essential,No functional association with STRING,-6.33288,-9.74073986583506,-5.67459661342848,True,-6.33288,False,,
sufE,b1679,gyrA,b2231,SPA-tag essential,SPA-tag essential,No functional association with STRING,-3.80238,-5.81174017143376,-1.09489510962303,True,-3.80238,False,,
sufE,b1679,folC,b2315,SPA-tag essential,SPA-tag essential,No functional association with STRING,-2.65934,-4.03699059202714,-0.6814449437860911,False,,False,,
sufE,b1679,der,b2511,SPA-tag essential,SPA-tag essential,No functional association with STRING,-2.67145,-4.05579327382884,-0.748444156255275,False,,False,,
sufE,b1679,ffh,b2610,SPA-tag essential,SPA-tag essential,No functional association with STRING,-4.80485,-7.36823269213974,-6.40720695616961,True,-4.80485,False,,
sufE,b1679,dnaN,b3701,SPA-tag essential,SPA-tag essential,No functional association with STRING,-3.3464,-5.1037594242877,-3.95924156930014,False,,False,,
sufS,b1680,secA,b0098,SPA-tag essential,SPA-tag essential,No functional association with STRING,-6.38259,-7.24869997812128,-2.2541780251486,True,-6.38259,False,,
sufS,b1680,prfA,b1211,SPA-tag essential,SPA-tag essential,No functional association with STRING,-4.11775,-4.61364468959931,-1.13180206062725,True,-4.11775,False,,
sufS,b1680,tyrS,b1637,SPA-tag essential,SPA-tag essential,No functional association with STRING,-6.05717,-6.87008617229358,-1.02877972543217,True,-6.05717,False,,
sufS,b1680,pheT,b1713,SPA-tag essential,SPA-tag essential,No functional association with STRING,-4.82777,-5.43972598273983,-9.98934921778485,True,-4.82777,False,,
sufS,b1680,infC,b1718,SPA-tag essential,SPA-tag essential,No functional association with STRING,-8.33473,-9.51994069752543,-2.59308640957303,True,-8.33473,False,,
sufS,b1680,nadE,b1740,SPA-tag essential,SPA-tag essential,No functional association with STRING,-6.95787,-7.9180164006416,-2.73077691282101,True,-6.95787,False,,
sufS,b1680,gyrA,b2231,SPA-tag essential,SPA-tag essential,No functional association with STRING,-6.2158,-7.05464615022502,-1.3385650866167,True,-6.2158,False,,
sufS,b1680,yihA,b3865,SPA-tag essential,SPA-tag essential,No functional association with STRING,-3.93589,-4.40205748928026,-1.6625464441224,True,-3.93589,False,,
sufD,b1681,tyrS,b1637,SPA-tag essential,SPA-tag essential,No functional association with STRING,-5.15049,-5.27051870589002,-0.708031996411828,True,-5.15049,False,,
sufD,b1681,thrS,b1719,SPA-tag essential,SPA-tag essential,No functional association with STRING,-3.99726,-4.05152030820614,-0.600596579138034,True,-3.99726,False,,
sufD,b1681,gapA,b1779,SPA-tag essential,SPA-tag essential,No functional association with STRING,-4.35746,-4.43226241762554,-0.47841706320084904,True,-4.35746,False,,
sufC,b1682,pheT,b1713,SPA-tag essential,SPA-tag essential,No functional association with STRING,-7.12912,-6.34325215036412,-10.7022589281151,True,-7.12912,False,,
sufC,b1682,thrS,b1719,SPA-tag essential,SPA-tag essential,No functional association with STRING,-5.09906,-4.50125182482872,-1.50676410806653,True,-5.09906,False,,
sufB,b1683,ispH,b0029,SPA-tag essential,SPA-tag essential,No functional association with STRING,-3.53008,-4.56732659463814,-1.28577514110971,True,-3.53008,False,,
sufB,b1683,murF,b0086,SPA-tag essential,SPA-tag essential,No functional association with STRING,-3.63583,-4.70862404530704,-1.56646928453434,True,-3.63583,False,,
sufB,b1683,secA,b0098,SPA-tag essential,SPA-tag essential,No functional association with STRING,-3.82311,-4.95885748796682,-1.50064917225602,True,-3.82311,False,,
sufB,b1683,map,b0168,SPA-tag essential,SPA-tag essential,No functional association with STRING,-4.00482,-5.20164859681833,-3.58234584502021,True,-4.00482,False,,
sufB,b1683,fabZ,b0180,SPA-tag essential,SPA-tag essential,No functional association with STRING,-4.89387,-6.38954929201632,-1.7719084256537,True,-4.89387,False,,
sufB,b1683,lpxB,b0182,SPA-tag essential,SPA-tag essential,No functional association with STRING,-3.3243,-4.29237444902446,-2.39719477730258,False,,False,,
sufB,b1683,dnaE,b0184,SPA-tag essential,SPA-tag essential,No functional association with STRING,-4.37865,-5.70114009548079,-1.08155207305215,True,-4.37865,False,,
sufB,b1683,ribD,b0414,SPA-tag essential,SPA-tag essential,No functional association with STRING,-3.35959,-4.33952704509165,-1.00853239863439,False,,False,,
sufB,b1683,cydC,b0886,SPA-tag essential,SPA-tag essential,No functional association with STRING,-3.88237,-5.03803750618563,-0.7685870195576741,True,-3.88237,False,,
sufB,b1683,prfA,b1211,SPA-tag essential,SPA-tag essential,No functional association with STRING,-3.7113,-4.80946299189789,-2.92257697920931,True,-3.7113,False,,
sufB,b1683,kdsA,b1215,SPA-tag essential,SPA-tag essential,No functional association with STRING,-3.38906,-4.37890327082416,-1.08324138161518,True,-3.38906,False,,
sufB,b1683,fabI,b1288,SPA-tag essential,SPA-tag essential,No functional association with STRING,-4.48042,-5.83711968464934,-3.24134908634977,True,-4.48042,False,,
sufB,b1683,tyrS,b1637,SPA-tag essential,SPA-tag essential,No functional association with STRING,-6.89984,-9.06981829549906,-1.54110687047741,True,-6.89984,False,,
sufB,b1683,pheT,b1713,SPA-tag essential,SPA-tag essential,No functional association with STRING,-3.64496,-4.72082305925132,-11.2632436659741,True,-3.64496,False,,
sufB,b1683,infC,b1718,SPA-tag essential,SPA-tag essential,No functional association with STRING,-7.56797,-9.96253759304434,-11.2632436659741,True,-7.56797,False,,
sufB,b1683,thrS,b1719,SPA-tag essential,SPA-tag essential,No functional association with STRING,-4.86776,-6.35466251719869,-1.12531922694787,True,-4.86776,False,,
sufB,b1683,nadE,b1740,SPA-tag essential,SPA-tag essential,No functional association with STRING,-6.1093,-8.0135413531653,-3.97702918605953,True,-6.1093,False,,
sufB,b1683,gapA,b1779,SPA-tag essential,SPA-tag essential,No functional association with STRING,-6.04501,-7.92764052003524,-1.49282945901111,True,-6.04501,False,,
sufB,b1683,gyrA,b2231,SPA-tag essential,SPA-tag essential,No functional association with STRING,-4.27152,-5.55799876318614,-1.36206493404565,True,-4.27152,False,,
sufB,b1683,fabB,b2323,SPA-tag essential,SPA-tag essential,No functional association with STRING,-6.13739,-8.05107369727206,-1.78328589409596,True,-6.13739,False,,
sufB,b1683,der,b2511,SPA-tag essential,SPA-tag essential,No functional association with STRING,-5.20044,-6.79917160361505,-2.29250978233746,True,-5.20044,False,,
sufB,b1683,hisS,b2514,SPA-tag essential,SPA-tag essential,No functional association with STRING,-3.5387,-4.57884417406855,-1.40544345290264,True,-3.5387,False,,
sufB,b1683,trmD,b2607,SPA-tag essential,SPA-tag essential,No functional association with STRING,-3.61951,-4.68681814086339,-1.95085902158754,True,-3.61951,False,,
sufB,b1683,pgk,b2926,SPA-tag essential,SPA-tag essential,No functional association with STRING,-3.28537,-4.24035828113282,-1.99390553344688,False,,False,,
sufB,b1683,glmS,b3729,SPA-tag essential,SPA-tag essential,No functional association with STRING,-3.40058,-4.39429567396085,-2.85240615522449,True,-3.40058,False,,
sufB,b1683,yihA,b3865,SPA-tag essential,SPA-tag essential,No functional association with STRING,-3.1063,-4.00109459800015,-1.41670046421044,False,,False,,
sufA,b1684,ispE,b1208,SPA-tag essential,SPA-tag essential,No functional association with STRING,-3.47993,-4.66032373393554,-5.51638165035833,True,-3.47993,False,,
sufA,b1684,pheT,b1713,SPA-tag essential,SPA-tag essential,No functional association with STRING,-3.62397,-4.8579353574515,-10.4668991783671,True,-3.62397,False,,
sufA,b1684,infC,b1718,SPA-tag essential,SPA-tag essential,No functional association with STRING,-7.06959,-9.58505672803637,-6.40977830886186,True,-7.06959,False,,
sufA,b1684,thrS,b1719,SPA-tag essential,SPA-tag essential,No functional association with STRING,-5.42247,-7.32533680769757,-1.27214592327235,True,-5.42247,False,,
ydjX,b1750,fabZ,b0180,SPA-tag essential,SPA-tag essential,No functional association with STRING,-3.07903,-4.11592437512123,-0.9603712184159551,False,,False,,
ydjX,b1750,fabI,b1288,SPA-tag essential,SPA-tag essential,No functional association with STRING,-3.03636,-4.05636463071416,-1.64144944309387,False,,False,,
ydjX,b1750,infC,b1718,SPA-tag essential,SPA-tag essential,No functional association with STRING,-5.07916,-6.90775075386274,-1.94642823978288,True,-5.07916,False,,
ydjX,b1750,thrS,b1719,SPA-tag essential,SPA-tag essential,No functional association with STRING,-4.48463,-6.07789242617745,-1.91062894552151,True,-4.48463,False,,
ydjX,b1750,aspS,b1866,SPA-tag essential,SPA-tag essential,No functional association with STRING,-4.53997,-6.15513724116425,-2.07671786671821,True,-4.53997,False,,
ydjX,b1750,gyrA,b2231,SPA-tag essential,SPA-tag essential,No functional association with STRING,-6.62157,-9.06068127579617,-2.65015286309135,True,-6.62157,False,,
ydjX,b1750,folC,b2315,SPA-tag essential,SPA-tag essential,No functional association with STRING,-3.12715,-4.18309135194025,-0.7012121173778271,False,,False,,
ydjX,b1750,gltX,b2400,SPA-tag essential,SPA-tag essential,No functional association with STRING,-4.58981,-6.22470503261604,-1.67329750955257,True,-4.58981,False,,
ydjX,b1750,der,b2511,SPA-tag essential,SPA-tag essential,No functional association with STRING,-3.58877,-4.8274309163459,-1.31657664590291,True,-3.58877,False,,
ydjX,b1750,hisS,b2514,SPA-tag essential,SPA-tag essential,No functional association with STRING,-4.63763,-6.2914532626968,-1.85344803535731,True,-4.63763,False,,
ydjX,b1750,ispG,b2515,SPA-tag essential,SPA-tag essential,No functional association with STRING,-4.09157,-5.52925044969185,-1.84959883991992,True,-4.09157,False,,
ydjX,b1750,ffh,b2610,SPA-tag essential,SPA-tag essential,No functional association with STRING,-4.14169,-5.5992090714327,-7.77790981527975,True,-4.14169,False,,
ydjX,b1750,birA,b3973,SPA-tag essential,SPA-tag essential,No functional association with STRING,-4.62431,-6.27286090751747,-2.05877471496929,True,-4.62431,False,,
ynjB,b1754,pheT,b1713,SPA-tag essential,SPA-tag essential,No functional association with STRING,-3.35355,-4.22366474606503,-10.7244566435768,False,,False,,
ynjB,b1754,der,b2511,SPA-tag essential,SPA-tag essential,No functional association with STRING,-3.26886,-4.11389473630607,-0.8190827887444041,False,,False,,
ydjH,b1772,fabZ,b0180,SPA-tag essential,SPA-tag essential,No functional association with STRING,-6.64834,-6.15648119652441,-2.65736866741203,True,-6.64834,False,,
ydjH,b1772,dxs,b0420,SPA-tag essential,SPA-tag essential,No functional association with STRING,-5.09568,-4.66064034583412,-1.55629222569213,True,-5.09568,False,,
ydjH,b1772,leuS,b0642,SPA-tag essential,SPA-tag essential,No functional association with STRING,-4.64925,-4.23054732419791,-1.10308415263086,True,-4.64925,False,,
ydjH,b1772,prsA,b1207,SPA-tag essential,SPA-tag essential,No functional association with STRING,-4.50866,-4.09510217509988,-1.28096359525472,True,-4.50866,False,,
ydjH,b1772,infC,b1718,SPA-tag essential,SPA-tag essential,No functional association with STRING,-6.69883,-6.20512352939275,-7.54987396152114,True,-6.69883,False,,
ydjH,b1772,nadE,b1740,SPA-tag essential,SPA-tag essential,No functional association with STRING,-9.21814,-8.63224009937752,-10.6400717704927,True,-9.21814,False,,
ydjH,b1772,yeaZ,b1807,SPA-tag essential,SPA-tag essential,No functional association with STRING,-6.18464,-5.70975016560644,-2.67528718623661,True,-6.18464,False,,
ydjH,b1772,gyrA,b2231,SPA-tag essential,SPA-tag essential,No functional association with STRING,-8.05388,-7.51058586160191,-2.35580834268301,True,-8.05388,False,,
ydjH,b1772,gltX,b2400,SPA-tag essential,SPA-tag essential,No functional association with STRING,-6.41453,-5.93122740670571,-2.77032476622656,True,-6.41453,False,,
ydjH,b1772,fbaA,b2925,SPA-tag essential,SPA-tag essential,No functional association with STRING,-5.05116,-4.61774954252062,-1.65448590761405,True,-5.05116,False,,
ydjH,b1772,coaD,b3634,SPA-tag essential,SPA-tag essential,No functional association with STRING,-5.62617,-5.17171721577518,-1.75004238631143,True,-5.62617,False,,
ydjH,b1772,dnaN,b3701,SPA-tag essential,SPA-tag essential,No functional association with STRING,-4.69586,-4.27545164455825,-4.06576256187845,True,-4.69586,False,,
fliA,b1922,infC,b1718,SPA-tag essential,SPA-tag essential,No functional association with STRING,-4.34471,-5.33579776389078,-1.40634214094939,True,-4.34471,False,,
fliA,b1922,aspS,b1866,SPA-tag essential,SPA-tag essential,No functional association with STRING,-6.63681,-8.23380204180883,-4.88747150373447,True,-6.63681,False,,
fliA,b1922,der,b2511,SPA-tag essential,SPA-tag essential,No functional association with STRING,-6.08555,-7.53681943274068,-4.4477522196159,True,-6.08555,False,,
fdx,b2525,accD,b2316,SPA-tag essential,SPA-tag essential,No functional association with STRING,-3.68868,-5.26395670515813,-0.734788542656111,True,-3.68868,False,,
fdx,b2525,tadA,b2559,SPA-tag essential,SPA-tag essential,No functional association with STRING,-3.58504,-5.11311217540533,-1.36588404589121,True,-3.58504,False,,
fdx,b2525,acpS,b2563,SPA-tag essential,SPA-tag essential,No functional association with STRING,-3.66508,-5.22960769992688,-1.11130470381847,True,-3.66508,False,,
fdx,b2525,era,b2566,SPA-tag essential,SPA-tag essential,No functional association with STRING,-3.57178,-5.09381269195761,-0.498575041196041,True,-3.57178,False,,
fdx,b2525,rnc,b2567,SPA-tag essential,SPA-tag essential,No functional association with STRING,-4.69126,-6.72317813163011,-0.8575218417617151,True,-4.69126,False,,
fdx,b2525,yfjB,b2615,SPA-tag essential,SPA-tag essential,No functional association with STRING,-3.28053,-4.66990812527967,-0.668241771752444,False,,False,,
fdx,b2525,groS,b4142,SPA-tag essential,SPA-tag essential,No functional association with STRING,-3.72432,-5.31582952492259,-0.522265253048753,True,-3.72432,False,,
hscA,b2526,rnc,b2567,SPA-tag essential,SPA-tag essential,No functional association with STRING,-5.53065,-5.03604274150798,-1.11478252691038,True,-5.53065,False,,
hscB,b2527,can,b0126,SPA-tag essential,SPA-tag essential,No functional association with STRING,-3.99256,-5.56637497615068,-1.19665107858427,True,-3.99256,False,,
hscB,b2527,yadR,b0156,SPA-tag essential,SPA-tag essential,No functional association with STRING,-3.06206,-4.23910426788337,-0.5537967480757551,False,,False,,
hscB,b2527,acpS,b2563,SPA-tag essential,SPA-tag essential,No functional association with STRING,-4.36719,-6.10074942584244,-0.9855945885815941,True,-4.36719,False,,
hscB,b2527,era,b2566,SPA-tag essential,SPA-tag essential,No functional association with STRING,-7.99185,-11.2709859066895,-2.0856029434764,True,-7.99185,False,,
hscB,b2527,rnc,b2567,SPA-tag essential,SPA-tag essential,No functional association with STRING,-7.13374,-10.0469727229482,-1.39777141760776,True,-7.13374,False,,
hscB,b2527,yfjB,b2615,SPA-tag essential,SPA-tag essential,No functional association with STRING,-4.16171,-5.80765153746547,-1.23368680591461,True,-4.16171,False,,
hscB,b2527,cca,b3056,SPA-tag essential,SPA-tag essential,No functional association with STRING,-3.11279,-4.31146584018901,-0.46205284319549605,False,,False,,
hscB,b2527,dnaB,b4052,SPA-tag essential,SPA-tag essential,No functional association with STRING,-3.1468,-4.35997790551751,-11.9573011483476,False,,False,,
hscB,b2527,ssb,b4059,SPA-tag essential,SPA-tag essential,No functional association with STRING,-4.26595,-5.95634009053348,-3.59528367748114,True,-4.26595,False,,
iscA,b2528,era,b2566,SPA-tag essential,SPA-tag essential,No functional association with STRING,-6.71473,-10.3702276626825,-1.21628751809266,True,-6.71473,False,,
iscA,b2528,rnc,b2567,SPA-tag essential,SPA-tag essential,No functional association with STRING,-4.84819,-7.46215369320145,-1.0107274377374,True,-4.84819,False,,
iscA,b2528,yfjB,b2615,SPA-tag essential,SPA-tag essential,No functional association with STRING,-3.76045,-5.76745206368193,-0.7547325923949221,True,-3.76045,False,,
iscA,b2528,mreB,b3251,SPA-tag essential,SPA-tag essential,No functional association with STRING,-2.96612,-4.52988394503572,-0.8006884321580751,False,,False,,
iscA,b2528,dnaN,b3701,SPA-tag essential,SPA-tag essential,No functional association with STRING,-3.58277,-5.49062618108772,-3.13759598447731,True,-3.58277,False,,
iscS,b2530,pheS,b1714,SPA-tag essential,SPA-tag essential,No functional association with STRING,-5.90577,-7.24311794979153,-0.6075255554976761,True,-5.90577,False,,
iscS,b2530,aspS,b1866,SPA-tag essential,SPA-tag essential,No functional association with STRING,-6.2234,-7.63724142164895,-2.60687731940928,True,-6.2234,False,,
iscS,b2530,folC,b2315,SPA-tag essential,SPA-tag essential,No functional association with STRING,-3.30218,-4.01251652645859,-0.5801216689187431,False,,False,,
iscS,b2530,accD,b2316,SPA-tag essential,SPA-tag essential,No functional association with STRING,-11.1995,-13.8117142620912,-10.8434849556148,True,-11.1995,False,,
iscS,b2530,gltX,b2400,SPA-tag essential,SPA-tag essential,No functional association with STRING,-6.42617,-7.88884365188075,-3.10134911395546,True,-6.42617,False,,
iscS,b2530,era,b2566,SPA-tag essential,SPA-tag essential,No functional association with STRING,-7.30406,-8.97815213882752,-8.95506702007777,True,-7.30406,False,,
iscS,b2530,mreB,b3251,SPA-tag essential,SPA-tag essential,No functional association with STRING,-3.88434,-4.73487562470659,-1.04735243971552,True,-3.88434,False,,
iscS,b2530,ssb,b4059,SPA-tag essential,SPA-tag essential,No functional association with STRING,-3.79821,-4.62800330587311,-2.17350450519754,True,-3.79821,False,,
iscR,b2531,murE,b0085,SPA-tag essential,SPA-tag essential,No functional association with STRING,-4.01912,-5.4825349859025,-10.1945568241805,True,-4.01912,False,,
iscR,b2531,murF,b0086,SPA-tag essential,SPA-tag essential,No functional association with STRING,-3.64286,-4.95877698651964,-2.3513460742926,True,-3.64286,False,,
iscR,b2531,ftsA,b0094,SPA-tag essential,SPA-tag essential,No functional association with STRING,-4.32625,-5.91006327578306,-1.65040568477757,True,-4.32625,False,,
iscR,b2531,secA,b0098,SPA-tag essential,SPA-tag essential,No functional association with STRING,-3.89441,-5.30893731380598,-1.05807273990327,True,-3.89441,False,,
iscR,b2531,lpxA,b0181,SPA-tag essential,SPA-tag essential,No functional association with STRING,-5.23509,-7.17517840935856,-10.1945568241805,True,-5.23509,False,,
iscR,b2531,adk,b0474,SPA-tag essential,SPA-tag essential,No functional association with STRING,-5.15289,-7.06075511815229,-1.84274643144827,True,-5.15289,False,,
iscR,b2531,cydC,b0886,SPA-tag essential,SPA-tag essential,No functional association with STRING,-3.84376,-5.23843196466246,-1.04207319341006,True,-3.84376,False,,
iscR,b2531,lolA,b0891,SPA-tag essential,SPA-tag essential,No functional association with STRING,-4.43444,-6.06066492877097,-3.12374802464175,True,-4.43444,False,,
iscR,b2531,mukE,b0923,SPA-tag essential,SPA-tag essential,No functional association with STRING,-3.91138,-5.33255973779345,-2.87954113609872,True,-3.91138,False,,
iscR,b2531,fabI,b1288,SPA-tag essential,SPA-tag essential,No functional association with STRING,-4.57808,-6.26061336610514,-2.81835417833641,True,-4.57808,False,,
iscR,b2531,infC,b1718,SPA-tag essential,SPA-tag essential,No functional association with STRING,-3.15333,-4.27734591907188,-1.13784557783456,False,,False,,
iscR,b2531,folC,b2315,SPA-tag essential,SPA-tag essential,No functional association with STRING,-5.71339,-7.8409771950515,-3.82331746928356,True,-5.71339,False,,
iscR,b2531,accD,b2316,SPA-tag essential,SPA-tag essential,No functional association with STRING,-6.282,-8.63248847987872,-3.99442284533534,True,-6.282,False,,
iscR,b2531,ligA,b2411,SPA-tag essential,SPA-tag essential,No functional association with STRING,-7.06912,-9.72816805377506,-6.60192847383569,True,-7.06912,False,,
iscR,b2531,tadA,b2559,SPA-tag essential,SPA-tag essential,No functional association with STRING,-5.34397,-7.32674054982741,-10.1945568241805,True,-5.34397,False,,
iscR,b2531,acpS,b2563,SPA-tag essential,SPA-tag essential,No functional association with STRING,-10.5971,-14.6391544638711,-10.1945568241805,True,-10.5971,False,,
iscR,b2531,era,b2566,SPA-tag essential,SPA-tag essential,No functional association with STRING,-8.18815,-11.2858699462149,-5.24575986998183,True,-8.18815,False,,
iscR,b2531,trmD,b2607,SPA-tag essential,SPA-tag essential,No functional association with STRING,-3.17685,-4.31008601407397,-1.96031864102814,False,,False,,
iscR,b2531,ffh,b2610,SPA-tag essential,SPA-tag essential,No functional association with STRING,-4.67003,-6.38860876302018,-5.6748589277338,True,-4.67003,False,,
iscR,b2531,nusA,b3169,SPA-tag essential,SPA-tag essential,No functional association with STRING,-3.5757,-4.86528953837592,-2.00196358178595,True,-3.5757,False,,
iscR,b2531,mreB,b3251,SPA-tag essential,SPA-tag essential,No functional association with STRING,-5.95234,-8.17359818572958,-10.1945568241805,True,-5.95234,False,,
iscR,b2531,rpoA,b3295,SPA-tag essential,SPA-tag essential,No functional association with STRING,-4.97012,-6.80633729657358,-10.1945568241805,True,-4.97012,False,,
iscR,b2531,fusA,b3340,SPA-tag essential,SPA-tag essential,No functional association with STRING,-6.23919,-8.57289649573589,-2.10968754376259,True,-6.23919,False,,
iscR,b2531,dnaN,b3701,SPA-tag essential,SPA-tag essential,No functional association with STRING,-4.37484,-5.97770108259221,-10.1945568241805,True,-4.37484,False,,
iscR,b2531,glmS,b3729,SPA-tag essential,SPA-tag essential,No functional association with STRING,-4.44386,-6.07377767090191,-10.1945568241805,True,-4.44386,False,,
ygcB,b2761,holA,b0640,SPA-tag essential,SPA-tag essential,No functional association with STRING,-5.48818,-6.60260467096844,-0.9265093054927631,True,-5.48818,False,,
ygcB,b2761,tmk,b1098,SPA-tag essential,SPA-tag essential,No functional association with STRING,-5.76915,-6.94976217979546,-1.83268999098687,True,-5.76915,False,,
ygcB,b2761,ygjD,b3064,SPA-tag essential,SPA-tag essential,No functional association with STRING,-3.5769,-4.24108848251095,-4.52075081774444,True,-3.5769,False,,
recD,b2819,can,b0126,SPA-tag essential,SPA-tag essential,No functional association with STRING,-3.64794,-6.58368820580036,-1.26546910254102,True,-3.64794,False,,
recD,b2819,mukE,b0923,SPA-tag essential,SPA-tag essential,No functional association with STRING,-2.75962,-4.9496651510827,-1.66599865882395,False,,False,,
recD,b2819,tmk,b1098,SPA-tag essential,SPA-tag essential,No functional association with STRING,-2.27933,-4.06619418009213,-0.7340099196840391,False,,False,,
recD,b2819,prfA,b1211,SPA-tag essential,SPA-tag essential,No functional association with STRING,-2.77821,-4.98386058582153,-0.826575572106225,False,,False,,
recD,b2819,der,b2511,SPA-tag essential,SPA-tag essential,No functional association with STRING,-3.63769,-6.56483381063774,-0.8499137771740161,True,-3.63769,False,,
recD,b2819,ygiT,b3021,SPA-tag essential,SPA-tag essential,No functional association with STRING,-6.45533,-11.7477506873203,-2.96343864019033,True,-6.45533,False,,
recD,b2819,parE,b3030,SPA-tag essential,SPA-tag essential,No functional association with STRING,-2.48746,-4.44903957181852,-0.6647438628425341,False,,False,,
recD,b2819,nusA,b3169,SPA-tag essential,SPA-tag essential,No functional association with STRING,-4.17613,-7.55526898442891,-1.98164468535425,True,-4.17613,False,,
recD,b2819,rnpA,b3704,SPA-tag essential,SPA-tag essential,No functional association with STRING,-4.13336,-7.47659557163817,-1.13798726815922,True,-4.13336,False,,
recD,b2819,yihA,b3865,SPA-tag essential,SPA-tag essential,No functional association with STRING,-4.56348,-8.26778117625718,-2.25513339707897,True,-4.56348,False,,
recD,b2819,birA,b3973,SPA-tag essential,SPA-tag essential,No functional association with STRING,-3.62081,-6.53378384084799,-1.47700930010472,True,-3.62081,False,,
ygfJ,b2877,ispH,b0029,SPA-tag essential,SPA-tag essential,No functional association with STRING,-5.24607,-4.54456431496053,-3.40298859135913,True,-5.24607,False,,
ygfJ,b2877,murE,b0085,SPA-tag essential,SPA-tag essential,No functional association with STRING,-7.99111,-7.03059852902248,-12.1526139781172,True,-7.99111,False,,
ygfJ,b2877,murF,b0086,SPA-tag essential,SPA-tag essential,No functional association with STRING,-4.6928,-4.04349760933363,-2.41870191078714,True,-4.6928,False,,
ygfJ,b2877,murD,b0088,SPA-tag essential,SPA-tag essential,No functional association with STRING,-4.81477,-4.15395923943342,-1.85217255931714,True,-4.81477,False,,
ygfJ,b2877,murC,b0091,SPA-tag essential,SPA-tag essential,No functional association with STRING,-7.01708,-6.14847225562655,-7.76564235132395,True,-7.01708,False,,
ygfJ,b2877,lpxC,b0096,SPA-tag essential,SPA-tag essential,No functional association with STRING,-9.75476,-8.62784091588401,-12.1526139781172,True,-9.75476,False,,
ygfJ,b2877,yadR,b0156,SPA-tag essential,SPA-tag essential,No functional association with STRING,-7.03527,-6.16494595449935,-9.2607418139396,True,-7.03527,False,,
ygfJ,b2877,map,b0168,SPA-tag essential,SPA-tag essential,No functional association with STRING,-6.50804,-5.68746226803945,-12.1526139781172,True,-6.50804,False,,
ygfJ,b2877,ispU,b0174,SPA-tag essential,SPA-tag essential,No functional association with STRING,-5.75824,-5.00840897420633,-12.1526139781172,True,-5.75824,False,,
ygfJ,b2877,yaeT,b0177,SPA-tag essential,SPA-tag essential,No functional association with STRING,-4.66669,-4.01985119495382,-3.04872782366137,True,-4.66669,False,,
ygfJ,b2877,lpxD,b0179,SPA-tag essential,SPA-tag essential,No functional association with STRING,-7.53323,-6.61592138554381,-12.1526139781172,True,-7.53323,False,,
ygfJ,b2877,fabZ,b0180,SPA-tag essential,SPA-tag essential,No functional association with STRING,-6.51082,-5.68997996363408,-12.1526139781172,True,-6.51082,False,,
ygfJ,b2877,lpxA,b0181,SPA-tag essential,SPA-tag essential,No functional association with STRING,-8.68656,-7.66042996833462,-12.1526139781172,True,-8.68656,False,,
ygfJ,b2877,lpxB,b0182,SPA-tag essential,SPA-tag essential,No functional association with STRING,-7.28299,-6.38929255619092,-12.1526139781172,True,-7.28299,False,,
ygfJ,b2877,proS,b0194,SPA-tag essential,SPA-tag essential,No functional association with STRING,-4.71151,-4.06044224407305,-2.06782493677952,True,-4.71151,False,,
ygfJ,b2877,dxs,b0420,SPA-tag essential,SPA-tag essential,No functional association with STRING,-8.27824,-7.29063663552862,-12.1526139781172,True,-8.27824,False,,
ygfJ,b2877,adk,b0474,SPA-tag essential,SPA-tag essential,No functional association with STRING,-6.56765,-5.74144781998049,-3.06191056905188,True,-6.56765,False,,
ygfJ,b2877,cysS,b0526,SPA-tag essential,SPA-tag essential,No functional association with STRING,-7.42577,-6.51860067741457,-12.1526139781172,True,-7.42577,False,,
ygfJ,b2877,leuS,b0642,SPA-tag essential,SPA-tag essential,No functional association with STRING,-5.52501,-4.79718518156737,-12.1526139781172,True,-5.52501,False,,
ygfJ,b2877,fldA,b0684,SPA-tag essential,SPA-tag essential,No functional association with STRING,-6.29083,-5.49074692267603,-9.17466722075243,True,-6.29083,False,,
ygfJ,b2877,infA,b0884,SPA-tag essential,SPA-tag essential,No functional association with STRING,-5.41971,-4.7018206685764,-1.90691128977017,True,-5.41971,False,,
ygfJ,b2877,kdsB,b0918,SPA-tag essential,SPA-tag essential,No functional association with STRING,-5.97142,-5.20147456660343,-4.88269296957968,True,-5.97142,False,,
ygfJ,b2877,fabI,b1288,SPA-tag essential,SPA-tag essential,No functional association with STRING,-6.00261,-5.22972166214178,-5.42489174586865,True,-6.00261,False,,
ygfJ,b2877,infC,b1718,SPA-tag essential,SPA-tag essential,No functional association with STRING,-6.40848,-5.59729616249927,-12.1526139781172,True,-6.40848,False,,
ygfJ,b2877,nadE,b1740,SPA-tag essential,SPA-tag essential,No functional association with STRING,-4.71258,-4.06141128518321,-2.5932368875905,True,-4.71258,False,,
ygfJ,b2877,der,b2511,SPA-tag essential,SPA-tag essential,No functional association with STRING,-5.91402,-5.14949049209554,-12.1526139781172,True,-5.91402,False,,
ygfJ,b2877,ffh,b2610,SPA-tag essential,SPA-tag essential,No functional association with STRING,-5.05685,-4.37319799826394,-12.1526139781172,True,-5.05685,False,,
ygfJ,b2877,ispF,b2746,SPA-tag essential,SPA-tag essential,No functional association with STRING,-5.67371,-4.93185472650333,-2.7670970767524,True,-5.67371,False,,
ygfJ,b2877,fbaA,b2925,SPA-tag essential,SPA-tag essential,No functional association with STRING,-11.9126,-10.582079859022,-12.1526139781172,True,-11.9126,False,,
ygfJ,b2877,pgk,b2926,SPA-tag essential,SPA-tag essential,No functional association with STRING,-12.6412,-11.2419334598313,-12.1526139781172,True,-12.6412,False,,
ygfJ,b2877,metK,b2942,SPA-tag essential,SPA-tag essential,No functional association with STRING,-6.63292,-5.80055932770053,-12.1526139781172,True,-6.63292,False,,
ygfJ,b2877,parE,b3030,SPA-tag essential,SPA-tag essential,No functional association with STRING,-11.5652,-10.2674584742826,-12.1526139781172,True,-11.5652,False,,
ygfJ,b2877,ribB,b3041,SPA-tag essential,SPA-tag essential,No functional association with STRING,-6.87013,-6.01538759101095,-12.1526139781172,True,-6.87013,False,,
ygfJ,b2877,cca,b3056,SPA-tag essential,SPA-tag essential,No functional association with STRING,-5.59553,-4.8610513302485,-12.1526139781172,True,-5.59553,False,,
ygfJ,b2877,murA,b3189,SPA-tag essential,SPA-tag essential,No functional association with STRING,-4.91082,-4.2409465278739,-12.1526139781172,True,-4.91082,False,,
ygfJ,b2877,def,b3287,SPA-tag essential,SPA-tag essential,No functional association with STRING,-10.094,-8.93507223010107,-12.1526139781172,True,-10.094,False,,
ygfJ,b2877,rpsE,b3303,SPA-tag essential,SPA-tag essential,No functional association with STRING,-8.7449,-7.71326534998603,-12.1526139781172,True,-8.7449,False,,
ygfJ,b2877,rplW,b3318,SPA-tag essential,SPA-tag essential,No functional association with STRING,-8.40633,-7.4066408185202,-9.70340521919601,True,-8.40633,False,,
ygfJ,b2877,rplD,b3319,SPA-tag essential,SPA-tag essential,No functional association with STRING,-7.42436,-6.51732371669931,-2.76974865696295,True,-7.42436,False,,
ygfJ,b2877,fusA,b3340,SPA-tag essential,SPA-tag essential,No functional association with STRING,-13.6706,-12.1742053465635,-4.4927046565662,True,-13.6706,False,,
ygfJ,b2877,ftsX,b3462,SPA-tag essential,SPA-tag essential,No functional association with STRING,-10.2179,-9.04728175678275,-12.1526139781172,True,-10.2179,False,,
ygfJ,b2877,ftsE,b3463,SPA-tag essential,SPA-tag essential,No functional association with STRING,-5.6453,-4.90612532655961,-12.1526139781172,True,-5.6453,False,,
ygfJ,b2877,kdtA,b3633,SPA-tag essential,SPA-tag essential,No functional association with STRING,-12.985,-11.5532945193403,-12.1526139781172,True,-12.985,False,,
ygfJ,b2877,coaD,b3634,SPA-tag essential,SPA-tag essential,No functional association with STRING,-6.0626,-5.28405135952381,-7.52000692947542,True,-6.0626,False,,
ygfJ,b2877,dut,b3640,SPA-tag essential,SPA-tag essential,No functional association with STRING,-7.72439,-6.78904465528126,-12.1526139781172,True,-7.72439,False,,
ygfJ,b2877,gmk,b3648,SPA-tag essential,SPA-tag essential,No functional association with STRING,-5.39714,-4.68138024067321,-9.89220823084401,True,-5.39714,False,,
ygfJ,b2877,dnaN,b3701,SPA-tag essential,SPA-tag essential,No functional association with STRING,-5.4133,-4.69601547837439,-12.1526139781172,True,-5.4133,False,,
ygfJ,b2877,rnpA,b3704,SPA-tag essential,SPA-tag essential,No functional association with STRING,-5.10932,-4.4207172384979,-1.89691502826894,True,-5.10932,False,,
ygfJ,b2877,glmU,b3730,SPA-tag essential,SPA-tag essential,No functional association with STRING,-10.3275,-9.14654054713232,-12.1526139781172,True,-10.3275,False,,
ygfJ,b2877,yihA,b3865,SPA-tag essential,SPA-tag essential,No functional association with STRING,-4.98832,-4.31113408491853,-2.2957427804012,True,-4.98832,False,,
ygfJ,b2877,murI,b3967,SPA-tag essential,SPA-tag essential,No functional association with STRING,-5.2579,-4.55527810592618,-12.1526139781172,True,-5.2579,False,,
ygfJ,b2877,murB,b3972,SPA-tag essential,SPA-tag essential,No functional association with STRING,-8.41028,-7.41021811981473,-12.1526139781172,True,-8.41028,False,,
ygfJ,b2877,lexA,b4043,SPA-tag essential,SPA-tag essential,No functional association with STRING,-4.74321,-4.08915121901905,-1.60369856969788,True,-4.74321,False,,
ygfJ,b2877,ppa,b4226,SPA-tag essential,SPA-tag essential,No functional association with STRING,-4.88371,-4.21639446759674,-5.46618144645847,True,-4.88371,False,,
dsbC,b2893,murE,b0085,SPA-tag essential,SPA-tag essential,No functional association with STRING,-2.65766,-4.01775453976041,-1.39037622466326,False,,False,,
dsbC,b2893,yaeT,b0177,SPA-tag essential,SPA-tag essential,No functional association with STRING,-2.78813,-4.22290014592736,-1.5396711664996001,False,,False,,
dsbC,b2893,fbaA,b2925,SPA-tag essential,SPA-tag essential,No functional association with STRING,-3.95637,-6.05979217435132,-1.44862692489679,True,-3.95637,False,,
dsbC,b2893,pgk,b2926,SPA-tag essential,SPA-tag essential,No functional association with STRING,-6.7069,-10.3846112448685,-2.43036192662818,True,-6.7069,False,,
dsbC,b2893,metK,b2942,SPA-tag essential,SPA-tag essential,No functional association with STRING,-3.40935,-5.19968065840556,-0.674766605513976,True,-3.40935,False,,
dsbC,b2893,plsC,b3018,SPA-tag essential,SPA-tag essential,No functional association with STRING,-2.77675,-4.20500670683653,-0.49835129668361106,False,,False,,
dsbC,b2893,ygiT,b3021,SPA-tag essential,SPA-tag essential,No functional association with STRING,-2.99181,-4.54315811376735,-0.936356515612331,False,,False,,
dsbC,b2893,parE,b3030,SPA-tag essential,SPA-tag essential,No functional association with STRING,-3.70207,-5.65994142208448,-1.24507038371156,True,-3.70207,False,,
dsbC,b2893,ribB,b3041,SPA-tag essential,SPA-tag essential,No functional association with STRING,-3.29547,-5.02062047882181,-1.25919554116472,False,,False,,
dsbC,b2893,cca,b3056,SPA-tag essential,SPA-tag essential,No functional association with STRING,-4.17346,-6.40113546892312,-0.8697522233027231,True,-4.17346,False,,
dsbC,b2893,nusA,b3169,SPA-tag essential,SPA-tag essential,No functional association with STRING,-3.00744,-4.56773407624447,-1.6779673281199001,False,,False,,
dsbC,b2893,obgE,b3183,SPA-tag essential,SPA-tag essential,No functional association with STRING,-3.34293,-5.09524461056615,-0.759195923257541,False,,False,,
dsbC,b2893,murA,b3189,SPA-tag essential,SPA-tag essential,No functional association with STRING,-3.87063,-5.92497816137704,-1.09903728424797,True,-8.2878,False,,
dsbC,b2893,rnpA,b3704,SPA-tag essential,SPA-tag essential,No functional association with STRING,-4.1381,-6.34553687434917,-1.58842950704838,True,-4.1381,False,,
dsbC,b2893,murI,b3967,SPA-tag essential,SPA-tag essential,No functional association with STRING,-3.1564,-4.8019525900379,-0.7963182037941161,False,,False,,
dsbC,b2893,murB,b3972,SPA-tag essential,SPA-tag essential,No functional association with STRING,-2.979,-4.52301620210185,-1.25976877097796,False,,False,,
dsbC,b2893,rpoC,b3988,SPA-tag essential,SPA-tag essential,No functional association with STRING,-4.25859,-6.53499034324666,-1.44810501556697,True,-4.25859,False,,
dsbC,b2893,dnaB,b4052,SPA-tag essential,SPA-tag essential,No functional association with STRING,-3.50869,-5.35587874621597,-10.4688507730733,True,-3.50869,False,,
dsbC,b2893,groS,b4142,SPA-tag essential,SPA-tag essential,No functional association with STRING,-3.45975,-5.27892752397477,-0.6129157021186851,True,-3.45975,False,,
greA,b3181,murE,b0085,SPA-tag essential,SPA-tag essential,No functional association with STRING,-5.49846,-8.37212686335036,-3.1254306462624,True,-5.49846,False,,
greA,b3181,ftsZ,b0095,SPA-tag essential,SPA-tag essential,No functional association with STRING,-5.15871,-7.84991896574911,-1.4733392286923,True,-5.15871,False,,
greA,b3181,yaeT,b0177,SPA-tag essential,SPA-tag essential,No functional association with STRING,-3.44965,-5.2230326391137,-1.41702301161585,True,-3.44965,False,,
greA,b3181,mukE,b0923,SPA-tag essential,SPA-tag essential,No functional association with STRING,-3.71116,-5.62498285928059,-2.20760478725133,True,-3.71116,False,,
greA,b3181,ygjD,b3064,SPA-tag essential,SPA-tag essential,No functional association with STRING,-6.84808,-10.4465410583779,-11.9895131583376,True,-6.84808,False,,
greA,b3181,mreB,b3251,SPA-tag essential,SPA-tag essential,No functional association with STRING,-4.33492,-6.58372428152563,-1.33037186460527,True,-4.33492,False,,
greA,b3181,rpoA,b3295,SPA-tag essential,SPA-tag essential,Functional association with STRING,-4.75214,-7.22500633903024,-2.63934143910482,True,-4.75214,False,,
greA,b3181,rpsE,b3303,SPA-tag essential,SPA-tag essential,No functional association with STRING,-4.78853,-7.28093907013755,-1.75316865504872,True,-4.78853,False,,
greA,b3181,rplD,b3319,SPA-tag essential,SPA-tag essential,No functional association with STRING,-4.48457,-6.8137416821909,-1.46665671274618,True,-4.48457,False,,
greA,b3181,fusA,b3340,SPA-tag essential,SPA-tag essential,No functional association with STRING,-11.2979,-17.2860734995963,-2.55216588932218,True,-11.2979,False,,
greA,b3181,glmS,b3729,SPA-tag essential,SPA-tag essential,No functional association with STRING,-4.40878,-6.69724974235514,-2.56358184692647,True,-4.40878,False,,
greA,b3181,ssb,b4059,SPA-tag essential,SPA-tag essential,Functional association with STRING,-3.93344,-5.9666351667973,-1.96421139916372,True,-3.93344,False,,
yrbA,b3190,ftsZ,b0095,SPA-tag essential,SPA-tag essential,No functional association with STRING,-4.19741,-5.02952326650243,-1.23683366353608,True,-4.19741,False,,
yrbA,b3190,ygjD,b3064,SPA-tag essential,SPA-tag essential,No functional association with STRING,-5.30465,-6.38982442226093,-11.7188200429332,True,-5.30465,False,,
yrbA,b3190,yhbV,b3159,SPA-tag essential,SPA-tag essential,No functional association with STRING,-4.19583,-5.02758215542796,-0.711283034830499,True,-4.19583,False,,
rpoN,b3202,murE,b0085,SPA-tag essential,SPA-tag essential,No functional association with STRING,-3.82417,-6.10950542727023,-3.28961148863092,True,-3.82417,False,,
rpoN,b3202,ftsZ,b0095,SPA-tag essential,SPA-tag essential,No functional association with STRING,-3.50964,-5.6009223961166,-0.8682636039664241,True,-3.50964,False,,
rpoN,b3202,rplD,b3319,SPA-tag essential,SPA-tag essential,No functional association with STRING,-7.05605,-11.3353323014151,-2.20086180150314,True,-7.05605,False,,
rpoN,b3202,fusA,b3340,SPA-tag essential,SPA-tag essential,No functional association with STRING,-5.28061,-8.46451343888564,-1.44513261676238,True,-5.28061,False,,
rpoN,b3202,dnaN,b3701,SPA-tag essential,SPA-tag essential,No functional association with STRING,-4.68336,-7.49878293509743,-10.7283455952952,True,-4.68336,False,,
rpoN,b3202,glmS,b3729,SPA-tag essential,SPA-tag essential,No functional association with STRING,-5.10486,-8.18033238230836,-7.62156457684512,True,-5.10486,False,,
rpoN,b3202,yihA,b3865,SPA-tag essential,SPA-tag essential,No functional association with STRING,-3.55712,-5.67769574784513,-1.5852635942941,True,-3.55712,False,,
rpoN,b3202,rpoC,b3988,SPA-tag essential,SPA-tag essential,Functional association with STRING,-3.54147,-5.65239029387395,-1.11393289292191,True,-3.54147,False,,
rpoN,b3202,dnaB,b4052,SPA-tag essential,SPA-tag essential,No functional association with STRING,-2.60861,-4.14399120176198,-10.7283455952952,False,,False,,
rpoN,b3202,alsK,b4084,SPA-tag essential,SPA-tag essential,No functional association with STRING,-3.59741,-5.74284314340415,-1.03235915032782,True,-3.59741,False,,
rpoN,b3202,groS,b4142,SPA-tag essential,SPA-tag essential,No functional association with STRING,-6.46187,-10.3745658707063,-1.05351273757963,True,-6.46187,False,,
yhcG,b3220,murE,b0085,SPA-tag essential,SPA-tag essential,No functional association with STRING,-3.26462,-7.15940539462499,-1.81342154112654,False,,False,,
yhcG,b3220,ftsZ,b0095,SPA-tag essential,SPA-tag essential,No functional association with STRING,-3.19442,-7.00229747131097,-0.9407974709106031,False,,False,,
yhcG,b3220,secA,b0098,SPA-tag essential,SPA-tag essential,No functional association with STRING,-2.28984,-4.97784326516573,-0.6205659181529051,False,,False,,
yhcG,b3220,yaeT,b0177,SPA-tag essential,SPA-tag essential,No functional association with STRING,-4.9227,-10.8701960710995,-2.01839597150514,True,-4.9227,False,,
yhcG,b3220,mukE,b0923,SPA-tag essential,SPA-tag essential,No functional association with STRING,-2.77139,-6.05555438299858,-1.385383422503,False,,False,,
yhcG,b3220,pheT,b1713,SPA-tag essential,SPA-tag essential,No functional association with STRING,-2.15654,-4.67951725123754,-3.25783210276217,False,,False,,
yhcG,b3220,infC,b1718,SPA-tag essential,SPA-tag essential,No functional association with STRING,-2.46619,-5.37251537736555,-0.8937566831546131,False,,False,,
yhcG,b3220,parE,b3030,SPA-tag essential,SPA-tag essential,No functional association with STRING,-2.43352,-5.29939976690018,-0.7125783634306,False,,False,,
yhcG,b3220,ygjD,b3064,SPA-tag essential,SPA-tag essential,No functional association with STRING,-3.39007,-7.44016307239912,-1.67636186414009,True,-3.39007,False,,
yhcG,b3220,ftsH,b3178,SPA-tag essential,SPA-tag essential,No functional association with STRING,-6.40215,-14.1812119848734,-1.33769898492706,True,-6.40215,False,,
yhcG,b3220,murA,b3189,SPA-tag essential,SPA-tag essential,No functional association with STRING,-3.09515,-6.78013075411179,-1.07313523121875,False,,False,,
yhcG,b3220,def,b3287,SPA-tag essential,SPA-tag essential,No functional association with STRING,-2.0752,-4.49747795661699,-0.47397687405002703,False,,False,,
yhcG,b3220,rpoA,b3295,SPA-tag essential,SPA-tag essential,No functional association with STRING,-1.91049,-4.1288562180265,-0.7971657836997431,False,,False,,
yhcG,b3220,rpsE,b3303,SPA-tag essential,SPA-tag essential,No functional association with STRING,-2.85107,-6.23387858997381,-1.22468249484268,False,,False,,
yhcG,b3220,rplW,b3318,SPA-tag essential,SPA-tag essential,No functional association with STRING,-2.58129,-5.63010970747159,-1.21681963169304,False,,False,,
yhcG,b3220,fusA,b3340,SPA-tag essential,SPA-tag essential,No functional association with STRING,-3.52667,-7.74587450152584,-1.12559772625574,True,-3.52667,False,,
yhcG,b3220,ftsE,b3463,SPA-tag essential,SPA-tag essential,No functional association with STRING,-3.65945,-8.04303675305911,-1.76144927575859,True,-3.65945,False,,
yhcG,b3220,dnaN,b3701,SPA-tag essential,SPA-tag essential,No functional association with STRING,-3.16314,-6.93229268724741,-3.97334841138568,False,,False,,
yhcG,b3220,glmS,b3729,SPA-tag essential,SPA-tag essential,No functional association with STRING,-4.39574,-9.69085716412577,-4.17056570460937,True,-4.39574,False,,
yhcG,b3220,yihA,b3865,SPA-tag essential,SPA-tag essential,No functional association with STRING,-3.0242,-6.62134432734356,-1.54835062197202,False,,False,,
yhcG,b3220,birA,b3973,SPA-tag essential,SPA-tag essential,No functional association with STRING,-1.88842,-4.07946345638063,-0.9612947089841971,False,,False,,
yhcG,b3220,groS,b4142,SPA-tag essential,SPA-tag essential,No functional association with STRING,-5.36034,-11.8496364066999,-2.23344794413521,True,-5.36034,False,,
mdh,b3236,pheS,b1714,SPA-tag essential,SPA-tag essential,No functional association with STRING,-2.32859,-4.22575185019345,-0.0179369792129564,False,,False,,
mdh,b3236,cca,b3056,SPA-tag essential,SPA-tag essential,No functional association with STRING,-3.33268,-6.06394042087388,-0.6228060089851091,False,,False,,
mdh,b3236,yrdC,b3282,SPA-tag essential,SPA-tag essential,No functional association with STRING,-4.68846,-8.54596822750188,-8.64182972386548,True,-4.68846,False,,
mdh,b3236,birA,b3973,SPA-tag essential,SPA-tag essential,No functional association with STRING,-3.05222,-5.55050201741101,-1.45756278036005,False,,False,,
yhdZ,b3271,ftsZ,b0095,SPA-tag essential,SPA-tag essential,No functional association with STRING,-5.15919,-6.22683085098506,-1.57983973206487,True,-5.15919,False,,
yhdZ,b3271,fbaA,b2925,SPA-tag essential,SPA-tag essential,No functional association with STRING,-5.22611,-6.30989640822143,-1.26026058007706,True,-5.22611,False,,
yhdZ,b3271,ftsH,b3178,SPA-tag essential,SPA-tag essential,No functional association with STRING,-4.02251,-4.81590799385058,-0.7783728552541671,True,-4.02251,False,,
yhdZ,b3271,yrdC,b3282,SPA-tag essential,SPA-tag essential,No functional association with STRING,-8.35967,-10.1994796050775,-10.3396686480267,True,-8.35967,False,,
yhdZ,b3271,def,b3287,SPA-tag essential,SPA-tag essential,No functional association with STRING,-12.0593,-14.7917065554421,-10.3396686480267,True,-12.0593,False,,
yhdZ,b3271,rpsE,b3303,SPA-tag essential,SPA-tag essential,No functional association with STRING,-8.22793,-10.0359551503506,-5.55479182750856,True,-8.22793,False,,
yhdZ,b3271,rplW,b3318,SPA-tag essential,SPA-tag essential,No functional association with STRING,-4.63844,-5.58044129732635,-10.3396686480267,True,-4.63844,False,,
yhdZ,b3271,rplD,b3319,SPA-tag essential,SPA-tag essential,No functional association with STRING,-6.93036,-8.42532491868299,-4.45896970602837,True,-6.93036,False,,
yhdZ,b3271,glyQ,b3560,SPA-tag essential,SPA-tag essential,No functional association with STRING,-3.99462,-4.78128906989179,-0.809671257415224,True,-3.99462,False,,
yhdZ,b3271,dut,b3640,SPA-tag essential,SPA-tag essential,No functional association with STRING,-4.62802,-5.56750729992045,-0.813799280912323,True,-4.62802,False,,
yhdZ,b3271,dnaN,b3701,SPA-tag essential,SPA-tag essential,No functional association with STRING,-3.91815,-4.68636941714425,-10.3396686480267,True,-3.91815,False,,
yhdZ,b3271,murB,b3972,SPA-tag essential,SPA-tag essential,No functional association with STRING,-3.99646,-4.78357300033582,-2.05849759080135,True,-3.99646,False,,
yhdZ,b3271,birA,b3973,SPA-tag essential,SPA-tag essential,No functional association with STRING,-4.72972,-5.6937441076153,-1.95651474614238,True,-4.72972,False,,
yhdZ,b3271,groS,b4142,SPA-tag essential,SPA-tag essential,No functional association with STRING,-12.8168,-15.7319659637886,-3.55784188593715,True,-12.8168,False,,
greB,b3406,secA,b0098,SPA-tag essential,SPA-tag essential,No functional association with STRING,-3.00273,-5.86891287788993,-0.9358501745739051,False,,False,,
greB,b3406,yaeT,b0177,SPA-tag essential,SPA-tag essential,No functional association with STRING,-2.07712,-4.0269910205906,-1.03453371816811,False,,False,,
greB,b3406,ribE,b0415,SPA-tag essential,SPA-tag essential,No functional association with STRING,-2.16946,-4.21074342635871,-4.00965086102215,False,,False,,
greB,b3406,ispE,b1208,SPA-tag essential,SPA-tag essential,No functional association with STRING,-2.97167,-5.80710488868527,-3.21710604983868,False,,False,,
greB,b3406,aspS,b1866,SPA-tag essential,SPA-tag essential,No functional association with STRING,-2.0856,-4.04386583541531,-0.68957371581334,False,,False,,
greB,b3406,der,b2511,SPA-tag essential,SPA-tag essential,No functional association with STRING,-2.71272,-5.29180615061237,-0.6966319589744221,False,,False,,
greB,b3406,ygiT,b3021,SPA-tag essential,SPA-tag essential,No functional association with STRING,-2.66826,-5.20333277005736,-0.750537429793522,False,,False,,
greB,b3406,def,b3287,SPA-tag essential,SPA-tag essential,No functional association with STRING,-2.37643,-4.62260432544714,-0.570693564837,False,,False,,
greB,b3406,rpoA,b3295,SPA-tag essential,SPA-tag essential,Functional association with STRING,-2.8047,-5.47484217273226,-1.03521733551771,False,,False,,
greB,b3406,rpsE,b3303,SPA-tag essential,SPA-tag essential,No functional association with STRING,-4.07912,-8.0108800865182,-1.75207689837321,True,-4.07912,False,,
greB,b3406,rplW,b3318,SPA-tag essential,SPA-tag essential,No functional association with STRING,-5.07805,-9.99870541350475,-2.21477403794024,True,-5.07805,False,,
greB,b3406,rplD,b3319,SPA-tag essential,SPA-tag essential,No functional association with STRING,-5.59893,-11.0352329542941,-1.73980690232631,True,-5.59893,False,,
greB,b3406,fusA,b3340,SPA-tag essential,SPA-tag essential,No functional association with STRING,-4.03494,-7.92296389324514,-1.22613394109882,True,-4.03494,False,,
greB,b3406,rpoH,b3461,SPA-tag essential,SPA-tag essential,No functional association with STRING,-2.37092,-4.61163967572023,-0.737207455576647,False,,False,,
greB,b3406,ftsX,b3462,SPA-tag essential,SPA-tag essential,No functional association with STRING,-2.80794,-5.48128962556623,-0.364815181340898,False,,False,,
greB,b3406,birA,b3973,SPA-tag essential,SPA-tag essential,No functional association with STRING,-2.0786,-4.02993615336661,-0.9687980478922,False,,False,,
greB,b3406,groS,b4142,SPA-tag essential,SPA-tag essential,No functional association with STRING,-2.35843,-4.5867851430362,-0.339006239846999,False,,False,,
yieG,b3714,rplW,b3318,SPA-tag essential,SPA-tag essential,No functional association with STRING,-1.98329,-4.78384017211715,-1.06119167565317,False,,False,,
yieG,b3714,rplD,b3319,SPA-tag essential,SPA-tag essential,No functional association with STRING,-1.81992,-4.38695904522198,-0.8213856473390441,False,,False,,
yieG,b3714,fusA,b3340,SPA-tag essential,SPA-tag essential,No functional association with STRING,-2.12728,-5.13364070747636,-0.9138187951478131,False,,False,,
yiiL,b3901,murE,b0085,SPA-tag essential,SPA-tag essential,No functional association with STRING,-2.82266,-4.93449982179655,-1.63855364144444,False,,False,,
yiiL,b3901,secA,b0098,SPA-tag essential,SPA-tag essential,No functional association with STRING,-3.82461,-6.71769496219218,-1.0202989769789,True,-3.82461,False,,
yiiL,b3901,lpxD,b0179,SPA-tag essential,SPA-tag essential,No functional association with STRING,-2.58994,-4.52032229490112,-1.31998857214199,False,,False,,
yiiL,b3901,lpxA,b0181,SPA-tag essential,SPA-tag essential,No functional association with STRING,-6.07019,-10.7142091029873,-3.18423652846348,True,-6.07019,False,,
yiiL,b3901,ribE,b0415,SPA-tag essential,SPA-tag essential,No functional association with STRING,-3.26388,-5.7197499439038,-5.24858489566261,False,,False,,
yiiL,b3901,mukE,b0923,SPA-tag essential,SPA-tag essential,No functional association with STRING,-3.66875,-6.44030707399211,-2.76217077476554,True,-3.66875,False,,
yiiL,b3901,fabI,b1288,SPA-tag essential,SPA-tag essential,No functional association with STRING,-2.76129,-4.82527811835218,-1.54771369809342,False,,False,,
yiiL,b3901,infC,b1718,SPA-tag essential,SPA-tag essential,No functional association with STRING,-4.05196,-7.12231536757064,-1.87049070990552,True,-4.05196,False,,
yiiL,b3901,trmD,b2607,SPA-tag essential,SPA-tag essential,No functional association with STRING,-2.47912,-4.32309320616551,-1.68189479789074,False,,False,,
yiiL,b3901,ffh,b2610,SPA-tag essential,SPA-tag essential,No functional association with STRING,-2.45083,-4.2727447950454,-1.72460169139744,False,,False,,
yiiL,b3901,rpoA,b3295,SPA-tag essential,SPA-tag essential,No functional association with STRING,-4.37686,-7.70054791521727,-2.38458822222874,True,-4.37686,False,,
yiiL,b3901,rpsE,b3303,SPA-tag essential,SPA-tag essential,No functional association with STRING,-4.4546,-7.83890371162863,-1.83332251521379,True,-4.4546,False,,
yiiL,b3901,rplD,b3319,SPA-tag essential,SPA-tag essential,No functional association with STRING,-3.43628,-6.026574478266,-1.20684972355472,True,-3.43628,False,,
yiiL,b3901,fusA,b3340,SPA-tag essential,SPA-tag essential,No functional association with STRING,-11.9539,-21.1855929839167,-3.23707081755434,True,-11.9539,False,,
yiiL,b3901,ftsE,b3463,SPA-tag essential,SPA-tag essential,No functional association with STRING,-2.37519,-4.13812642045632,-0.97060774298128,False,,False,,
yiiL,b3901,dnaN,b3701,SPA-tag essential,SPA-tag essential,No functional association with STRING,-3.186,-5.58114498603762,-2.26010592171381,False,,False,,
yiiL,b3901,glmS,b3729,SPA-tag essential,SPA-tag essential,No functional association with STRING,-3.81098,-6.69343731484092,-2.630754783023,True,-3.81098,False,,
yiiL,b3901,ubiB,b3835,SPA-tag essential,SPA-tag essential,No functional association with STRING,-2.44282,-4.25848920038043,-0.39691950853088803,False,,False,,
yiiL,b3901,yihA,b3865,SPA-tag essential,SPA-tag essential,No functional association with STRING,-3.89988,-6.85165483865067,-1.76763667694889,True,-3.89988,False,,
yiiL,b3901,murB,b3972,SPA-tag essential,SPA-tag essential,No functional association with STRING,-3.43253,-6.01990051072622,-1.93837776674473,True,-3.43253,False,,
yiiL,b3901,ssb,b4059,SPA-tag essential,SPA-tag essential,No functional association with STRING,-3.70817,-6.51046382077029,-1.67037687897548,True,-3.70817,False,,
