met_id,name,compartment,formula,charge,chemical_class,has_placeholder_formula,chemical_annotation_keys,annotations,baseline_tier,baseline_compound_id,baseline_has_structure,baseline_composition_matches,diagnosis,recovered_by,recovered_compound_id,final_blocker,attempt_outcomes
s_0001,(1->3)-beta-D-glucan,ce,C6H10O5,0.0,glycan,False,bigg.metabolite;chebi;kegg.compound;metanetx.chemical,bigg.metabolite=13BDglcn;chebi=CHEBI:37671;kegg.compound=C00965;metanetx.chemical=MNXM6492,metanetx.chemical,5474,False,False,cache_record_without_structure,,,no_usable_structure_available,R2:composition_mismatch;R2:composition_mismatch;R2:remapped_mnx_not_in_cache;R2:remapped_mnx_not_in_cache;R2:remapped_mnx_not_in_cache;R2:remapped_mnx_not_in_cache;R3:structure_not_parseable;R3:structure_not_parseable;R3:structure_not_parseable;R3:structure_not_parseable;R3:structure_not_parseable;R3:structure_not_parseable;R3:composition_mismatch;R3:composition_mismatch;R3:composition_mismatch;R3:composition_mismatch;R3:composition_mismatch;R3:composition_mismatch;R3:composition_mismatch;R3:composition_mismatch;R3:composition_mismatch;R3:composition_mismatch;R3:composition_mismatch;R3:composition_mismatch;R3:composition_mismatch;R3:composition_mismatch;R3:composition_mismatch;R3:composition_mismatch;R3:composition_mismatch;R3:composition_mismatch;R3:composition_mismatch;R3:composition_mismatch;R3:composition_mismatch;R3:composition_mismatch;R3:composition_mismatch;R3:composition_mismatch;R3:composition_mismatch;R3:composition_mismatch;R3:composition_mismatch;R3:composition_mismatch;R3:composition_mismatch;R3:composition_mismatch;R3:composition_mismatch;R3:composition_mismatch;R3:composition_mismatch;R3:composition_mismatch;R3:composition_mismatch;R3:composition_mismatch;R3:composition_mismatch;R3:composition_mismatch;R3:composition_mismatch;R3:composition_mismatch;R3:composition_mismatch;R3:composition_mismatch;R3:composition_mismatch;R3:composition_mismatch;R3:composition_mismatch;R3:composition_mismatch;R3:composition_mismatch;R3:composition_mismatch;R3:composition_mismatch
s_0002,(1->3)-beta-D-glucan,c,C6H10O5,0.0,glycan,False,bigg.metabolite;chebi;kegg.compound;metanetx.chemical,bigg.metabolite=13BDglcn;chebi=CHEBI:37671;kegg.compound=C00965;metanetx.chemical=MNXM6492,metanetx.chemical,5474,False,False,cache_record_without_structure,,,no_usable_structure_available,R2:composition_mismatch;R2:composition_mismatch;R2:remapped_mnx_not_in_cache;R2:remapped_mnx_not_in_cache;R2:remapped_mnx_not_in_cache;R2:remapped_mnx_not_in_cache;R3:structure_not_parseable;R3:structure_not_parseable;R3:structure_not_parseable;R3:structure_not_parseable;R3:structure_not_parseable;R3:structure_not_parseable;R3:composition_mismatch;R3:composition_mismatch;R3:composition_mismatch;R3:composition_mismatch;R3:composition_mismatch;R3:composition_mismatch;R3:composition_mismatch;R3:composition_mismatch;R3:composition_mismatch;R3:composition_mismatch;R3:composition_mismatch;R3:composition_mismatch;R3:composition_mismatch;R3:composition_mismatch;R3:composition_mismatch;R3:composition_mismatch;R3:composition_mismatch;R3:composition_mismatch;R3:composition_mismatch;R3:composition_mismatch;R3:composition_mismatch;R3:composition_mismatch;R3:composition_mismatch;R3:composition_mismatch;R3:composition_mismatch;R3:composition_mismatch;R3:composition_mismatch;R3:composition_mismatch;R3:composition_mismatch;R3:composition_mismatch;R3:composition_mismatch;R3:composition_mismatch;R3:composition_mismatch;R3:composition_mismatch;R3:composition_mismatch;R3:composition_mismatch;R3:composition_mismatch;R3:composition_mismatch;R3:composition_mismatch;R3:composition_mismatch;R3:composition_mismatch;R3:composition_mismatch;R3:composition_mismatch;R3:composition_mismatch;R3:composition_mismatch;R3:composition_mismatch;R3:composition_mismatch;R3:composition_mismatch;R3:composition_mismatch
s_0003,(1->3)-beta-D-glucan,e,C6H10O5,0.0,glycan,False,bigg.metabolite;chebi;kegg.compound;metanetx.chemical,bigg.metabolite=13BDglcn;chebi=CHEBI:37671;kegg.compound=C00965;metanetx.chemical=MNXM6492,metanetx.chemical,5474,False,False,cache_record_without_structure,,,no_usable_structure_available,R2:composition_mismatch;R2:composition_mismatch;R2:remapped_mnx_not_in_cache;R2:remapped_mnx_not_in_cache;R2:remapped_mnx_not_in_cache;R2:remapped_mnx_not_in_cache;R3:structure_not_parseable;R3:structure_not_parseable;R3:structure_not_parseable;R3:structure_not_parseable;R3:structure_not_parseable;R3:structure_not_parseable;R3:composition_mismatch;R3:composition_mismatch;R3:composition_mismatch;R3:composition_mismatch;R3:composition_mismatch;R3:composition_mismatch;R3:composition_mismatch;R3:composition_mismatch;R3:composition_mismatch;R3:composition_mismatch;R3:composition_mismatch;R3:composition_mismatch;R3:composition_mismatch;R3:composition_mismatch;R3:composition_mismatch;R3:composition_mismatch;R3:composition_mismatch;R3:composition_mismatch;R3:composition_mismatch;R3:composition_mismatch;R3:composition_mismatch;R3:composition_mismatch;R3:composition_mismatch;R3:composition_mismatch;R3:composition_mismatch;R3:composition_mismatch;R3:composition_mismatch;R3:composition_mismatch;R3:composition_mismatch;R3:composition_mismatch;R3:composition_mismatch;R3:composition_mismatch;R3:composition_mismatch;R3:composition_mismatch;R3:composition_mismatch;R3:composition_mismatch;R3:composition_mismatch;R3:composition_mismatch;R3:composition_mismatch;R3:composition_mismatch;R3:composition_mismatch;R3:composition_mismatch;R3:composition_mismatch;R3:composition_mismatch;R3:composition_mismatch;R3:composition_mismatch;R3:composition_mismatch;R3:composition_mismatch;R3:composition_mismatch
s_0004,(1->6)-beta-D-glucan,ce,C6H10O5,0.0,glycan,False,bigg.metabolite;chebi;kegg.compound;metanetx.chemical,bigg.metabolite=16BDglcn;chebi=CHEBI:27380;kegg.compound=C02493;metanetx.chemical=MNXM9375,metanetx.chemical,7546,False,False,cache_record_without_structure,,,no_usable_structure_available,R2:composition_mismatch;R2:composition_mismatch;R2:remapped_mnx_not_in_cache;R2:remapped_mnx_not_in_cache;R2:remapped_mnx_not_in_cache;R2:remapped_mnx_not_in_cache;R3:structure_not_parseable;R3:structure_not_parseable;R3:structure_not_parseable;R3:structure_not_parseable;R3:composition_mismatch;R3:composition_mismatch;R3:composition_mismatch;R3:composition_mismatch;R3:composition_mismatch;R3:composition_mismatch;R3:composition_mismatch;R3:composition_mismatch;R3:composition_mismatch;R3:composition_mismatch;R3:composition_mismatch;R3:composition_mismatch;R3:composition_mismatch;R3:composition_mismatch;R3:composition_mismatch;R3:composition_mismatch;R3:composition_mismatch;R3:composition_mismatch;R3:composition_mismatch;R3:composition_mismatch;R3:composition_mismatch;R3:composition_mismatch;R3:composition_mismatch;R3:composition_mismatch;R3:composition_mismatch;R3:composition_mismatch;R3:composition_mismatch;R3:composition_mismatch;R3:composition_mismatch;R3:composition_mismatch;R3:composition_mismatch;R3:composition_mismatch;R3:composition_mismatch;R3:composition_mismatch;R3:composition_mismatch;R3:composition_mismatch;R3:composition_mismatch;R3:composition_mismatch;R3:composition_mismatch;R3:composition_mismatch;R3:composition_mismatch;R3:composition_mismatch;R3:composition_mismatch;R3:composition_mismatch;R3:composition_mismatch;R3:composition_mismatch;R3:composition_mismatch;R3:composition_mismatch;R3:composition_mismatch;R3:composition_mismatch;R3:composition_mismatch;R3:composition_mismatch;R3:composition_mismatch;R3:composition_mismatch;R3:composition_mismatch;R3:composition_mismatch;R3:composition_mismatch;R3:composition_mismatch;R3:composition_mismatch
s_0078,1-(5-phosphoribosyl)-5'-AMP,c,C15H19N5O14P2,-4.0,other,False,bigg.metabolite;chebi;kegg.compound;metanetx.chemical,bigg.metabolite=prbamp;chebi=CHEBI:59457;kegg.compound=C02741;metanetx.chemical=MNXM1515,metanetx.chemical,1368,True,True,cache_structure_without_group_decomposition,,,structure_known_but_no_group_decomposition,R2:remapped_mnx_not_in_cache;R2:remapped_mnx_not_in_cache;R2:remapped_mnx_not_in_cache;R2:remapped_mnx_not_in_cache;R2:remapped_mnx_not_in_cache;R2:remapped_mnx_not_in_cache;R3:inchikey_not_in_cache;R3:inchikey_not_in_cache;R3:matched_but_no_group_decomposition;R3:matched_but_no_group_decomposition;R3:matched_but_no_group_decomposition;R3:matched_but_no_group_decomposition
s_0084,1-acylglycerophosphocholine,e,C9H20NO7PR,1.0,phosphatidylcholine_PC,True,bigg.metabolite;chebi;kegg.compound;metanetx.chemical,bigg.metabolite=pchol_cho;chebi=CHEBI:11230;kegg.compound=C04230;metanetx.chemical=MNXM96952,metanetx.chemical,75398,False,False,cache_record_without_structure,,,placeholder_formula_no_definite_structure,R2:remapped_mnx_not_in_cache;R2:remapped_mnx_not_in_cache;R2:remapped_mnx_not_in_cache;R2:remapped_mnx_not_in_cache;R2:remapped_mnx_not_in_cache;R2:remapped_mnx_not_in_cache;R3:placeholder_formula_not_structurally_identifiable
s_0089,1-phosphatidyl-1D-myo-inositol backbone,c,C9H15O9P,-1.0,phosphatidylinositol_PI,False,bigg.metabolite;chebi;kegg.compound;metanetx.chemical,bigg.metabolite=pail_cho;chebi=CHEBI:57880;kegg.compound=C01194;metanetx.chemical=MNXM62,metanetx.chemical,62,False,False,cache_record_without_structure,,,no_usable_structure_available,R2:remapped_mnx_not_in_cache;R2:remapped_mnx_not_in_cache;R2:remapped_mnx_not_in_cache;R2:remapped_mnx_not_in_cache;R2:remapped_mnx_not_in_cache;R2:remapped_mnx_not_in_cache;R3:structure_not_parseable;R3:structure_not_parseable;R3:structure_not_parseable;R3:structure_not_parseable;R3:structure_not_parseable;R3:structure_not_parseable
s_0154,"2-hexaprenyl-5-hydroxy-6-methoxy-3-methyl-1,4-benzoquinone",m,C38H56O4,0.0,other,False,bigg.metabolite;chebi;kegg.compound;metanetx.chemical,bigg.metabolite=2hpmhmbq;chebi=CHEBI:28753;kegg.compound=C05805;metanetx.chemical=MNXM5466,metanetx.chemical,4699,True,True,cache_structure_without_group_decomposition,,,structure_known_but_no_group_decomposition,R2:composition_mismatch;R2:composition_mismatch;R2:remapped_mnx_not_in_cache;R2:remapped_mnx_not_in_cache;R2:remapped_mnx_not_in_cache;R2:remapped_mnx_not_in_cache;R3:structure_not_parseable;R3:structure_not_parseable;R3:matched_but_no_group_decomposition;R3:matched_but_no_group_decomposition;R3:matched_but_no_group_decomposition;R3:matched_but_no_group_decomposition;R3:matched_but_no_group_decomposition
s_0326,5-phosphoribosyl-ATP,c,C15H19N5O20P4,-6.0,other,False,bigg.metabolite;chebi;kegg.compound;metanetx.chemical,bigg.metabolite=prbatp;chebi=CHEBI:58424;kegg.compound=C02739;metanetx.chemical=MNXM1351,metanetx.chemical,1236,True,True,cache_structure_without_group_decomposition,,,structure_known_but_no_group_decomposition,R2:remapped_mnx_not_in_cache;R2:remapped_mnx_not_in_cache;R2:remapped_mnx_not_in_cache;R2:remapped_mnx_not_in_cache;R2:remapped_mnx_not_in_cache;R2:remapped_mnx_not_in_cache;R3:inchikey_not_in_cache;R3:inchikey_not_in_cache;R3:matched_but_no_group_decomposition;R3:matched_but_no_group_decomposition;R3:matched_but_no_group_decomposition;R3:matched_but_no_group_decomposition;R3:matched_but_no_group_decomposition;R3:matched_but_no_group_decomposition;R3:matched_but_no_group_decomposition;R3:matched_but_no_group_decomposition;R3:matched_but_no_group_decomposition;R3:matched_but_no_group_decomposition
s_0329,6-(alpha-D-glucosaminyl)-1-phosphatidyl-1D-myo-inositol,er,C17H28NO17PR2,0.0,phosphatidylinositol_PI,True,bigg.metabolite;chebi;kegg.compound;metanetx.chemical,bigg.metabolite=gpail_hs;chebi=CHEBI:17049;kegg.compound=C04248;metanetx.chemical=MNXM1411,metanetx.chemical,1281,False,False,cache_record_without_structure,,,placeholder_formula_no_definite_structure,R2:remapped_mnx_not_in_cache;R2:remapped_mnx_not_in_cache;R2:remapped_mnx_not_in_cache;R2:remapped_mnx_not_in_cache;R2:remapped_mnx_not_in_cache;R2:remapped_mnx_not_in_cache;R3:placeholder_formula_not_structurally_identifiable
s_0330,6-(alpha-D-glucosaminyl)-O-acyl-1-phosphatidyl-1D-myo-inositol,er,,0.0,phosphatidylinositol_PI,True,chebi;metanetx.chemical,chebi=CHEBI:53055;metanetx.chemical=MNXM38512,metanetx.chemical,27183,False,False,cache_record_without_structure,,,placeholder_formula_no_definite_structure,R2:composition_mismatch;R2:composition_mismatch;R3:placeholder_formula_not_structurally_identifiable
s_0331,6-(N-acetyl-alpha-D-glucosaminyl)-1-phosphatidyl-1D-myo-inositol,er,C19H30NO18PR2,0.0,phosphatidylinositol_PI,True,bigg.metabolite;chebi;kegg.compound;metanetx.chemical,bigg.metabolite=acgpail_hs;chebi=CHEBI:57265;kegg.compound=C01288;metanetx.chemical=MNXM999,metanetx.chemical,926,False,False,cache_record_without_structure,,,placeholder_formula_no_definite_structure,R2:remapped_mnx_not_in_cache;R2:remapped_mnx_not_in_cache;R2:remapped_mnx_not_in_cache;R2:remapped_mnx_not_in_cache;R2:remapped_mnx_not_in_cache;R2:remapped_mnx_not_in_cache;R3:placeholder_formula_not_structurally_identifiable
s_0332,6-[6-(2-aminoethylphosphoryl)-alpha-mannosyl-(1->6)-2-(2-aminoethylphosphoryl)-alpha-mannosyl-(1->6)-alpha-2-(2-aminoethylphosphoryl)mannosyl-(1->4)-alpha-glucosaminyl]-O-acyl-1-phosphatidyl-1D-myo-inositol,er,C43H44N9O,0.0,phosphatidylinositol_PI,False,chebi;metanetx.chemical,chebi=CHEBI:53060;metanetx.chemical=MNXM38542,metanetx.chemical,27211,False,False,cache_record_without_structure,,,no_usable_structure_available,R2:composition_mismatch;R2:composition_mismatch;R3:structure_not_parseable;R3:structure_not_parseable;R3:structure_not_parseable
s_0334,6-O-[alpha-D-mannosyl-(1->4)-alpha-D-glucosaminyl]-O-acyl-1-phosphatidyl-1D-myo-inositol,er,,0.0,phosphatidylinositol_PI,True,chebi;metanetx.chemical,chebi=CHEBI:53056;metanetx.chemical=MNXM1644,metanetx.chemical,1485,False,False,cache_record_without_structure,,,placeholder_formula_no_definite_structure,R2:composition_mismatch;R2:composition_mismatch;R3:placeholder_formula_not_structurally_identifiable
s_0337,6-O-{2-O-[(2-aminoethyl)phosphoryl]-alpha-D-mannosyl-(1->4)-alpha-D-glucosaminyl}-O-acyl-1-phosphatidyl-1D-myo-inositol,er,,0.0,phosphatidylinositol_PI,True,chebi;metanetx.chemical,chebi=CHEBI:53057;metanetx.chemical=MNXM38904,metanetx.chemical,27548,False,False,cache_record_without_structure,,,placeholder_formula_no_definite_structure,R2:composition_mismatch;R2:composition_mismatch;R3:placeholder_formula_not_structurally_identifiable
s_0338,6-O-{alpha-D-mannosyl-(1->2)-alpha-D-mannosyl-(1->6)-2-O-[(2-aminoethyl)phosphoryl]-alpha-D-mannosyl-(1->4)-alpha-D-glucosaminyl}-O-acyl-1-phosphatidyl-1D-myo-inositol,er,,0.0,phosphatidylinositol_PI,True,chebi;metanetx.chemical,chebi=CHEBI:53059;metanetx.chemical=MNXM1179,metanetx.chemical,1090,False,False,cache_record_without_structure,,,placeholder_formula_no_definite_structure,R2:composition_mismatch;R2:composition_mismatch;R3:placeholder_formula_not_structurally_identifiable
s_0339,6-O-{alpha-D-mannosyl-(1->6)-2-O-[(2-aminoethyl)phosphoryl]-alpha-D-mannosyl-(1->4)-alpha-D-glucosaminyl}-O-acyl-1-phosphatidyl-1D-myo-inositol,er,,0.0,phosphatidylinositol_PI,True,chebi;metanetx.chemical,chebi=CHEBI:53058;metanetx.chemical=MNXM1139,metanetx.chemical,1053,False,False,cache_record_without_structure,,,placeholder_formula_no_definite_structure,R2:composition_mismatch;R2:composition_mismatch;R3:placeholder_formula_not_structurally_identifiable
s_0372,acetyl-ACP,m,C2H3OSR,0.0,protein_linked,True,bigg.metabolite;chebi;kegg.compound;metanetx.chemical,bigg.metabolite=acACP;chebi=CHEBI:17093;kegg.compound=C03939;metanetx.chemical=MNXM1269,metanetx.chemical,1168,False,False,cache_record_without_structure,,,placeholder_formula_no_definite_structure,R2:remapped_mnx_not_in_cache;R2:remapped_mnx_not_in_cache;R2:remapped_mnx_not_in_cache;R2:remapped_mnx_not_in_cache;R2:remapped_mnx_not_in_cache;R2:remapped_mnx_not_in_cache;R3:placeholder_formula_not_structurally_identifiable
s_0404,Ala-tRNA(Ala),c,C3H7NOR,1.0,tRNA_linked,True,bigg.metabolite;chebi;kegg.compound;metanetx.chemical,bigg.metabolite=alatrna;chebi=CHEBI:17732;kegg.compound=C00886;metanetx.chemical=MNXM89815,metanetx.chemical,74415,False,False,cache_record_without_structure,,,placeholder_formula_no_definite_structure,R2:remapped_mnx_not_in_cache;R2:remapped_mnx_not_in_cache;R2:remapped_mnx_not_in_cache;R2:remapped_mnx_not_in_cache;R2:remapped_mnx_not_in_cache;R2:remapped_mnx_not_in_cache;R3:placeholder_formula_not_structurally_identifiable
s_0428,Arg-tRNA(Arg),c,C6H15N4OR,2.0,tRNA_linked,True,bigg.metabolite;chebi;kegg.compound;metanetx.chemical,bigg.metabolite=argtrna;chebi=CHEBI:18366;kegg.compound=C02163;metanetx.chemical=MNXM89870,metanetx.chemical,74421,False,False,cache_record_without_structure,,,placeholder_formula_no_definite_structure,R2:remapped_mnx_not_in_cache;R2:remapped_mnx_not_in_cache;R2:remapped_mnx_not_in_cache;R2:remapped_mnx_not_in_cache;R2:remapped_mnx_not_in_cache;R2:remapped_mnx_not_in_cache;R3:placeholder_formula_not_structurally_identifiable
s_0429,Arg-tRNA(Arg),m,C6H15N4OR,2.0,tRNA_linked,True,bigg.metabolite;chebi;kegg.compound;metanetx.chemical,bigg.metabolite=argtrna;chebi=CHEBI:18366;kegg.compound=C02163;metanetx.chemical=MNXM89870,metanetx.chemical,74421,False,False,cache_record_without_structure,,,placeholder_formula_no_definite_structure,R2:remapped_mnx_not_in_cache;R2:remapped_mnx_not_in_cache;R2:remapped_mnx_not_in_cache;R2:remapped_mnx_not_in_cache;R2:remapped_mnx_not_in_cache;R2:remapped_mnx_not_in_cache;R3:placeholder_formula_not_structurally_identifiable
s_0430,Asn-tRNA(Asn),c,C4H8N2O2R,1.0,tRNA_linked,True,bigg.metabolite;chebi;kegg.compound;metanetx.chemical,bigg.metabolite=asntrna;chebi=CHEBI:29265;kegg.compound=C03402;metanetx.chemical=MNXM89761,metanetx.chemical,74403,False,False,cache_record_without_structure,,,placeholder_formula_no_definite_structure,R2:remapped_mnx_not_in_cache;R2:remapped_mnx_not_in_cache;R2:remapped_mnx_not_in_cache;R2:remapped_mnx_not_in_cache;R2:remapped_mnx_not_in_cache;R2:remapped_mnx_not_in_cache;R3:placeholder_formula_not_structurally_identifiable
s_0431,Asn-tRNA(Asn),m,C4H8N2O2R,1.0,tRNA_linked,True,bigg.metabolite;chebi;kegg.compound;metanetx.chemical,bigg.metabolite=asntrna;chebi=CHEBI:29265;kegg.compound=C03402;metanetx.chemical=MNXM89761,metanetx.chemical,74403,False,False,cache_record_without_structure,,,placeholder_formula_no_definite_structure,R2:remapped_mnx_not_in_cache;R2:remapped_mnx_not_in_cache;R2:remapped_mnx_not_in_cache;R2:remapped_mnx_not_in_cache;R2:remapped_mnx_not_in_cache;R2:remapped_mnx_not_in_cache;R3:placeholder_formula_not_structurally_identifiable
s_0432,Asp-tRNA(Asp),c,C4H6NO3R,0.0,tRNA_linked,True,bigg.metabolite;chebi;kegg.compound;metanetx.chemical,bigg.metabolite=asptrna;chebi=CHEBI:29158;kegg.compound=C02984;metanetx.chemical=MNXM164570,metanetx.chemical,134070,False,False,cache_record_without_structure,,,placeholder_formula_no_definite_structure,R2:remapped_mnx_not_in_cache;R2:remapped_mnx_not_in_cache;R2:composition_mismatch;R2:composition_mismatch;R2:remapped_mnx_not_in_cache;R2:remapped_mnx_not_in_cache;R3:placeholder_formula_not_structurally_identifiable
s_0433,Asp-tRNA(Asp),m,C4H6NO3R,0.0,tRNA_linked,True,bigg.metabolite;chebi;kegg.compound;metanetx.chemical,bigg.metabolite=asptrna;chebi=CHEBI:29158;kegg.compound=C02984;metanetx.chemical=MNXM164570,metanetx.chemical,134070,False,False,cache_record_without_structure,,,placeholder_formula_no_definite_structure,R2:remapped_mnx_not_in_cache;R2:remapped_mnx_not_in_cache;R2:composition_mismatch;R2:composition_mismatch;R2:remapped_mnx_not_in_cache;R2:remapped_mnx_not_in_cache;R3:placeholder_formula_not_structurally_identifiable
s_0450,biomass,c,,0.0,generic_pseudo_metabolite,True,bigg.metabolite,bigg.metabolite=biomass,,,False,False,annotated_but_unmatched,,,placeholder_formula_no_definite_structure,R2:remapped_mnx_not_in_cache;R2:remapped_mnx_not_in_cache;R3:placeholder_formula_not_structurally_identifiable
s_0465,carboxyacetyl-ACP,m,C3H3O3SR,0.0,protein_linked,True,bigg.metabolite;chebi;kegg.compound;metanetx.chemical,bigg.metabolite=malACP;chebi=CHEBI:17330;kegg.compound=C01209;metanetx.chemical=MNXM184,metanetx.chemical,174,False,False,cache_record_without_structure,,,placeholder_formula_no_definite_structure,R2:remapped_mnx_not_in_cache;R2:remapped_mnx_not_in_cache;R2:remapped_mnx_not_in_cache;R2:remapped_mnx_not_in_cache;R2:remapped_mnx_not_in_cache;R2:remapped_mnx_not_in_cache;R3:placeholder_formula_not_structurally_identifiable
s_0509,chitin,c,C8H13NO5,0.0,other,False,bigg.metabolite;chebi;kegg.compound;metanetx.chemical,bigg.metabolite=chtn;chebi=CHEBI:17029;kegg.compound=C00461;metanetx.chemical=MNXM1271,metanetx.chemical,1170,False,False,cache_record_without_structure,,,no_usable_structure_available,R2:remapped_mnx_not_in_cache;R2:remapped_mnx_not_in_cache;R2:remapped_mnx_not_in_cache;R2:remapped_mnx_not_in_cache;R2:remapped_mnx_not_in_cache;R2:remapped_mnx_not_in_cache;R3:composition_mismatch;R3:composition_mismatch;R3:composition_mismatch;R3:composition_mismatch;R3:composition_mismatch;R3:composition_mismatch;R3:composition_mismatch;R3:composition_mismatch;R3:composition_mismatch;R3:composition_mismatch;R3:composition_mismatch;R3:composition_mismatch;R3:composition_mismatch;R3:composition_mismatch;R3:composition_mismatch;R3:composition_mismatch;R3:composition_mismatch;R3:composition_mismatch;R3:composition_mismatch;R3:composition_mismatch;R3:composition_mismatch;R3:composition_mismatch;R3:composition_mismatch;R3:composition_mismatch;R3:composition_mismatch;R3:composition_mismatch;R3:composition_mismatch;R3:composition_mismatch;R3:composition_mismatch;R3:composition_mismatch;R3:composition_mismatch;R3:composition_mismatch;R3:composition_mismatch;R3:composition_mismatch;R3:composition_mismatch;R3:composition_mismatch;R3:composition_mismatch;R3:composition_mismatch;R3:structure_not_parseable;R3:structure_not_parseable
s_0510,chitosan,ce,C6H11NO4,0.0,other,False,bigg.metabolite;chebi;kegg.compound;metanetx.chemical,bigg.metabolite=chitos;chebi=CHEBI:16261;kegg.compound=C00734;metanetx.chemical=MNXM2106,metanetx.chemical,1876,False,False,cache_record_without_structure,,,no_usable_structure_available,R2:remapped_mnx_not_in_cache;R2:remapped_mnx_not_in_cache;R2:remapped_mnx_not_in_cache;R2:remapped_mnx_not_in_cache;R2:remapped_mnx_not_in_cache;R2:remapped_mnx_not_in_cache;R3:structure_not_parseable;R3:structure_not_parseable;R3:composition_mismatch;R3:composition_mismatch;R3:composition_mismatch;R3:composition_mismatch;R3:composition_mismatch;R3:composition_mismatch;R3:composition_mismatch;R3:composition_mismatch;R3:composition_mismatch;R3:composition_mismatch;R3:composition_mismatch;R3:composition_mismatch;R3:composition_mismatch;R3:composition_mismatch;R3:composition_mismatch;R3:composition_mismatch;R3:composition_mismatch;R3:composition_mismatch;R3:composition_mismatch;R3:composition_mismatch;R3:composition_mismatch;R3:composition_mismatch;R3:composition_mismatch;R3:composition_mismatch;R3:composition_mismatch;R3:composition_mismatch;R3:composition_mismatch;R3:composition_mismatch;R3:composition_mismatch;R3:composition_mismatch;R3:composition_mismatch;R3:composition_mismatch;R3:composition_mismatch;R3:composition_mismatch;R3:composition_mismatch;R3:composition_mismatch;R3:composition_mismatch;R3:composition_mismatch;R3:composition_mismatch;R3:composition_mismatch;R3:composition_mismatch;R3:composition_mismatch;R3:composition_mismatch;R3:composition_mismatch;R3:composition_mismatch;R3:composition_mismatch;R3:composition_mismatch;R3:composition_mismatch;R3:composition_mismatch;R3:composition_mismatch;R3:composition_mismatch;R3:composition_mismatch;R3:composition_mismatch;R3:composition_mismatch;R3:composition_mismatch;R3:composition_mismatch;R3:composition_mismatch;R3:composition_mismatch;R3:composition_mismatch;R3:composition_mismatch;R3:inchikey_not_in_cache
s_0542,Cys-tRNA(Cys),c,C3H7NOSR,1.0,tRNA_linked,True,bigg.metabolite;chebi;kegg.compound;metanetx.chemical,bigg.metabolite=cystrna;chebi=CHEBI:29152;kegg.compound=C03125;metanetx.chemical=MNXM155005,metanetx.chemical,125150,False,False,cache_record_without_structure,,,placeholder_formula_no_definite_structure,R2:remapped_mnx_not_in_cache;R2:remapped_mnx_not_in_cache;R2:remapped_mnx_not_in_cache;R2:remapped_mnx_not_in_cache;R2:remapped_mnx_not_in_cache;R2:remapped_mnx_not_in_cache;R3:placeholder_formula_not_structurally_identifiable
s_0620,diglyceride backbone,er,C3H4O,0.0,triacylglycerol_TAG,False,bigg.metabolite;chebi;kegg.compound;metanetx.chemical,bigg.metabolite=dag_hs;chebi=CHEBI:18035;kegg.compound=C00165;metanetx.chemical=MNXM59,metanetx.chemical,59,False,False,cache_record_without_structure,,,no_usable_structure_available,R2:remapped_mnx_not_in_cache;R2:remapped_mnx_not_in_cache;R2:remapped_mnx_not_in_cache;R2:remapped_mnx_not_in_cache;R2:remapped_mnx_not_in_cache;R2:remapped_mnx_not_in_cache;R3:composition_mismatch;R3:composition_mismatch;R3:composition_mismatch;R3:composition_mismatch;R3:structure_not_parseable;R3:structure_not_parseable;R3:structure_not_parseable;R3:structure_not_parseable
s_0628,dihydrolipoylprotein,m,C8H16NOS2R,0.0,other,True,bigg.metabolite;chebi;kegg.compound;metanetx.chemical,bigg.metabolite=dhlpro;chebi=CHEBI:16194;kegg.compound=C02972;metanetx.chemical=MNXM1663,metanetx.chemical,1501,False,False,cache_record_without_structure,,,placeholder_formula_no_definite_structure,R2:remapped_mnx_not_in_cache;R2:remapped_mnx_not_in_cache;R2:remapped_mnx_not_in_cache;R2:remapped_mnx_not_in_cache;R2:remapped_mnx_not_in_cache;R2:remapped_mnx_not_in_cache;R3:placeholder_formula_not_structurally_identifiable
s_0672,ergosterol ester backbone,c,C28H42,0.0,sterol_ester,False,chebi;metanetx.chemical,chebi=CHEBI:52320;metanetx.chemical=MNXM5739,metanetx.chemical,4905,False,False,cache_record_without_structure,,,no_usable_structure_available,R2:composition_mismatch;R2:composition_mismatch;R3:structure_not_parseable;R3:structure_not_parseable;R3:structure_not_parseable
s_0694,fatty acid backbone,c,,0.0,fatty_acid_acyl_chain,True,chebi;kegg.compound;metanetx.chemical,chebi=CHEBI:35366;kegg.compound=C00162;metanetx.chemical=MNXM72,metanetx.chemical,69,False,False,cache_record_without_structure,,,placeholder_formula_no_definite_structure,R2:remapped_mnx_not_in_cache;R2:remapped_mnx_not_in_cache;R2:remapped_mnx_not_in_cache;R2:remapped_mnx_not_in_cache;R3:placeholder_formula_not_structurally_identifiable
s_0709,ferricytochrome c,m,C42H44FeN8O8S2R4,0.0,other,True,bigg.metabolite;chebi;kegg.compound;metanetx.chemical,bigg.metabolite=ficytc;chebi=CHEBI:15991;kegg.compound=C00125;metanetx.chemical=MNXM5749,metanetx.chemical,4914,False,False,cache_record_without_structure,,,placeholder_formula_no_definite_structure,R2:remapped_mnx_not_in_cache;R2:remapped_mnx_not_in_cache;R2:remapped_mnx_not_in_cache;R2:remapped_mnx_not_in_cache;R2:remapped_mnx_not_in_cache;R2:remapped_mnx_not_in_cache;R3:placeholder_formula_not_structurally_identifiable
s_0710,ferrocytochrome c,m,C42H45FeN8O8S2R4,0.0,other,True,bigg.metabolite;chebi;kegg.compound;metanetx.chemical,bigg.metabolite=focytc;chebi=CHEBI:16928;kegg.compound=C00126;metanetx.chemical=MNXM746,metanetx.chemical,704,False,False,cache_record_without_structure,,,placeholder_formula_no_definite_structure,R2:composition_mismatch;R2:composition_mismatch;R2:remapped_mnx_not_in_cache;R2:remapped_mnx_not_in_cache;R2:remapped_mnx_not_in_cache;R2:remapped_mnx_not_in_cache;R3:placeholder_formula_not_structurally_identifiable
s_0712,ferroheme b,m,C34H30FeN4O4,-2.0,other,False,bigg.metabolite;chebi;kegg.compound;metanetx.chemical,bigg.metabolite=pheme;chebi=CHEBI:60344;kegg.compound=C00032;metanetx.chemical=MNXM249,metanetx.chemical,236,True,False,cache_structure_without_group_decomposition,,,structure_absent_from_cache,R2:composition_mismatch;R2:composition_mismatch;R2:composition_mismatch;R2:composition_mismatch;R2:composition_mismatch;R2:composition_mismatch;R3:composition_mismatch;R3:composition_mismatch;R3:composition_mismatch;R3:composition_mismatch;R3:composition_mismatch;R3:composition_mismatch;R3:composition_mismatch;R3:composition_mismatch;R3:composition_mismatch;R3:composition_mismatch;R3:composition_mismatch;R3:composition_mismatch;R3:composition_mismatch;R3:composition_mismatch;R3:inchikey_not_in_cache
s_0713,fMet-tRNA(fMet),m,C6H10NO2SR,0.0,tRNA_linked,True,bigg.metabolite;chebi;kegg.compound;metanetx.chemical,bigg.metabolite=fmettrna;chebi=CHEBI:17119;kegg.compound=C03294;metanetx.chemical=MNXM95381,metanetx.chemical,75187,False,False,cache_record_without_structure,,,placeholder_formula_no_definite_structure,R2:remapped_mnx_not_in_cache;R2:remapped_mnx_not_in_cache;R2:remapped_mnx_not_in_cache;R2:remapped_mnx_not_in_cache;R2:remapped_mnx_not_in_cache;R2:remapped_mnx_not_in_cache;R3:placeholder_formula_not_structurally_identifiable
s_0747,Gln-tRNA(Gln),c,C5H10N2O2R,1.0,tRNA_linked,True,bigg.metabolite;chebi;kegg.compound;metanetx.chemical,bigg.metabolite=glntrna;chebi=CHEBI:29166;kegg.compound=C02282;metanetx.chemical=MNXM89810,metanetx.chemical,74412,False,False,cache_record_without_structure,,,placeholder_formula_no_definite_structure,R2:remapped_mnx_not_in_cache;R2:remapped_mnx_not_in_cache;R2:remapped_mnx_not_in_cache;R2:remapped_mnx_not_in_cache;R2:remapped_mnx_not_in_cache;R2:remapped_mnx_not_in_cache;R3:placeholder_formula_not_structurally_identifiable
s_0748,Glu-tRNA(Glu),c,C5H8NO3R,0.0,tRNA_linked,True,bigg.metabolite;chebi;kegg.compound;metanetx.chemical,bigg.metabolite=glutrna;chebi=CHEBI:29157;kegg.compound=C02987;metanetx.chemical=MNXM89752,metanetx.chemical,74402,False,False,cache_record_without_structure,,,placeholder_formula_no_definite_structure,R2:remapped_mnx_not_in_cache;R2:remapped_mnx_not_in_cache;R2:remapped_mnx_not_in_cache;R2:remapped_mnx_not_in_cache;R2:remapped_mnx_not_in_cache;R2:remapped_mnx_not_in_cache;R3:placeholder_formula_not_structurally_identifiable
s_0749,Glu-tRNA(Glu),m,C5H8NO3R,0.0,tRNA_linked,True,bigg.metabolite;chebi;kegg.compound;metanetx.chemical,bigg.metabolite=glutrna;chebi=CHEBI:29157;kegg.compound=C02987;metanetx.chemical=MNXM89752,metanetx.chemical,74402,False,False,cache_record_without_structure,,,placeholder_formula_no_definite_structure,R2:remapped_mnx_not_in_cache;R2:remapped_mnx_not_in_cache;R2:remapped_mnx_not_in_cache;R2:remapped_mnx_not_in_cache;R2:remapped_mnx_not_in_cache;R2:remapped_mnx_not_in_cache;R3:placeholder_formula_not_structurally_identifiable
s_0757,Gly-tRNA(Gly),c,C2H5NOR,1.0,tRNA_linked,True,bigg.metabolite;chebi;kegg.compound;metanetx.chemical,bigg.metabolite=glytrna;chebi=CHEBI:29156;kegg.compound=C02412;metanetx.chemical=MNXM89763,metanetx.chemical,74404,False,False,cache_record_without_structure,,,placeholder_formula_no_definite_structure,R2:remapped_mnx_not_in_cache;R2:remapped_mnx_not_in_cache;R2:remapped_mnx_not_in_cache;R2:remapped_mnx_not_in_cache;R2:remapped_mnx_not_in_cache;R2:remapped_mnx_not_in_cache;R3:placeholder_formula_not_structurally_identifiable
s_0793,H+,ce,H,1.0,other,False,bigg.metabolite;chebi;kegg.compound;metanetx.chemical,bigg.metabolite=h;chebi=CHEBI:24636;kegg.compound=C00080;metanetx.chemical=MNXM1,metanetx.chemical,4,True,True,cache_structure_without_group_decomposition,,,structure_known_but_no_group_decomposition,R2:matched_but_no_group_decomposition;R2:matched_but_no_group_decomposition;R2:matched_but_no_group_decomposition;R2:matched_but_no_group_decomposition;R2:matched_but_no_group_decomposition;R2:matched_but_no_group_decomposition;R3:matched_but_no_group_decomposition;R3:matched_but_no_group_decomposition;R3:composition_mismatch;R3:composition_mismatch;R3:composition_mismatch;R3:matched_but_no_group_decomposition;R3:matched_but_no_group_decomposition;R3:composition_mismatch;R3:composition_mismatch;R3:composition_mismatch;R3:matched_but_no_group_decomposition;R3:matched_but_no_group_decomposition;R3:composition_mismatch;R3:composition_mismatch;R3:composition_mismatch;R3:matched_but_no_group_decomposition;R3:matched_but_no_group_decomposition;R3:composition_mismatch;R3:composition_mismatch;R3:composition_mismatch;R3:matched_but_no_group_decomposition;R3:matched_but_no_group_decomposition;R3:composition_mismatch;R3:composition_mismatch;R3:composition_mismatch;R3:matched_but_no_group_decomposition;R3:matched_but_no_group_decomposition;R3:composition_mismatch;R3:composition_mismatch;R3:composition_mismatch;R3:matched_but_no_group_decomposition;R3:matched_but_no_group_decomposition;R3:composition_mismatch;R3:composition_mismatch;R3:composition_mismatch;R3:matched_but_no_group_decomposition;R3:matched_but_no_group_decomposition;R3:composition_mismatch;R3:composition_mismatch;R3:composition_mismatch
s_0794,H+,c,H,1.0,other,False,bigg.metabolite;chebi;kegg.compound;metanetx.chemical,bigg.metabolite=h;chebi=CHEBI:24636;kegg.compound=C00080;metanetx.chemical=MNXM1,metanetx.chemical,4,True,True,cache_structure_without_group_decomposition,,,structure_known_but_no_group_decomposition,R2:matched_but_no_group_decomposition;R2:matched_but_no_group_decomposition;R2:matched_but_no_group_decomposition;R2:matched_but_no_group_decomposition;R2:matched_but_no_group_decomposition;R2:matched_but_no_group_decomposition;R3:matched_but_no_group_decomposition;R3:matched_but_no_group_decomposition;R3:composition_mismatch;R3:composition_mismatch;R3:composition_mismatch;R3:matched_but_no_group_decomposition;R3:matched_but_no_group_decomposition;R3:composition_mismatch;R3:composition_mismatch;R3:composition_mismatch;R3:matched_but_no_group_decomposition;R3:matched_but_no_group_decomposition;R3:composition_mismatch;R3:composition_mismatch;R3:composition_mismatch;R3:matched_but_no_group_decomposition;R3:matched_but_no_group_decomposition;R3:composition_mismatch;R3:composition_mismatch;R3:composition_mismatch;R3:matched_but_no_group_decomposition;R3:matched_but_no_group_decomposition;R3:composition_mismatch;R3:composition_mismatch;R3:composition_mismatch;R3:matched_but_no_group_decomposition;R3:matched_but_no_group_decomposition;R3:composition_mismatch;R3:composition_mismatch;R3:composition_mismatch;R3:matched_but_no_group_decomposition;R3:matched_but_no_group_decomposition;R3:composition_mismatch;R3:composition_mismatch;R3:composition_mismatch;R3:matched_but_no_group_decomposition;R3:matched_but_no_group_decomposition;R3:composition_mismatch;R3:composition_mismatch;R3:composition_mismatch
s_0795,H+,er,H,1.0,other,False,bigg.metabolite;chebi;kegg.compound;metanetx.chemical,bigg.metabolite=h;chebi=CHEBI:24636;kegg.compound=C00080;metanetx.chemical=MNXM1,metanetx.chemical,4,True,True,cache_structure_without_group_decomposition,,,structure_known_but_no_group_decomposition,R2:matched_but_no_group_decomposition;R2:matched_but_no_group_decomposition;R2:matched_but_no_group_decomposition;R2:matched_but_no_group_decomposition;R2:matched_but_no_group_decomposition;R2:matched_but_no_group_decomposition;R3:matched_but_no_group_decomposition;R3:matched_but_no_group_decomposition;R3:composition_mismatch;R3:composition_mismatch;R3:composition_mismatch;R3:matched_but_no_group_decomposition;R3:matched_but_no_group_decomposition;R3:composition_mismatch;R3:composition_mismatch;R3:composition_mismatch;R3:matched_but_no_group_decomposition;R3:matched_but_no_group_decomposition;R3:composition_mismatch;R3:composition_mismatch;R3:composition_mismatch;R3:matched_but_no_group_decomposition;R3:matched_but_no_group_decomposition;R3:composition_mismatch;R3:composition_mismatch;R3:composition_mismatch;R3:matched_but_no_group_decomposition;R3:matched_but_no_group_decomposition;R3:composition_mismatch;R3:composition_mismatch;R3:composition_mismatch;R3:matched_but_no_group_decomposition;R3:matched_but_no_group_decomposition;R3:composition_mismatch;R3:composition_mismatch;R3:composition_mismatch;R3:matched_but_no_group_decomposition;R3:matched_but_no_group_decomposition;R3:composition_mismatch;R3:composition_mismatch;R3:composition_mismatch;R3:matched_but_no_group_decomposition;R3:matched_but_no_group_decomposition;R3:composition_mismatch;R3:composition_mismatch;R3:composition_mismatch
s_0796,H+,e,H,1.0,other,False,bigg.metabolite;chebi;kegg.compound;metanetx.chemical,bigg.metabolite=h;chebi=CHEBI:24636;kegg.compound=C00080;metanetx.chemical=MNXM1,metanetx.chemical,4,True,True,cache_structure_without_group_decomposition,,,structure_known_but_no_group_decomposition,R2:matched_but_no_group_decomposition;R2:matched_but_no_group_decomposition;R2:matched_but_no_group_decomposition;R2:matched_but_no_group_decomposition;R2:matched_but_no_group_decomposition;R2:matched_but_no_group_decomposition;R3:matched_but_no_group_decomposition;R3:matched_but_no_group_decomposition;R3:composition_mismatch;R3:composition_mismatch;R3:composition_mismatch;R3:matched_but_no_group_decomposition;R3:matched_but_no_group_decomposition;R3:composition_mismatch;R3:composition_mismatch;R3:composition_mismatch;R3:matched_but_no_group_decomposition;R3:matched_but_no_group_decomposition;R3:composition_mismatch;R3:composition_mismatch;R3:composition_mismatch;R3:matched_but_no_group_decomposition;R3:matched_but_no_group_decomposition;R3:composition_mismatch;R3:composition_mismatch;R3:composition_mismatch;R3:matched_but_no_group_decomposition;R3:matched_but_no_group_decomposition;R3:composition_mismatch;R3:composition_mismatch;R3:composition_mismatch;R3:matched_but_no_group_decomposition;R3:matched_but_no_group_decomposition;R3:composition_mismatch;R3:composition_mismatch;R3:composition_mismatch;R3:matched_but_no_group_decomposition;R3:matched_but_no_group_decomposition;R3:composition_mismatch;R3:composition_mismatch;R3:composition_mismatch;R3:matched_but_no_group_decomposition;R3:matched_but_no_group_decomposition;R3:composition_mismatch;R3:composition_mismatch;R3:composition_mismatch
s_0797,H+,g,H,1.0,other,False,bigg.metabolite;chebi;kegg.compound;metanetx.chemical,bigg.metabolite=h;chebi=CHEBI:24636;kegg.compound=C00080;metanetx.chemical=MNXM1,metanetx.chemical,4,True,True,cache_structure_without_group_decomposition,,,structure_known_but_no_group_decomposition,R2:matched_but_no_group_decomposition;R2:matched_but_no_group_decomposition;R2:matched_but_no_group_decomposition;R2:matched_but_no_group_decomposition;R2:matched_but_no_group_decomposition;R2:matched_but_no_group_decomposition;R3:matched_but_no_group_decomposition;R3:matched_but_no_group_decomposition;R3:composition_mismatch;R3:composition_mismatch;R3:composition_mismatch;R3:matched_but_no_group_decomposition;R3:matched_but_no_group_decomposition;R3:composition_mismatch;R3:composition_mismatch;R3:composition_mismatch;R3:matched_but_no_group_decomposition;R3:matched_but_no_group_decomposition;R3:composition_mismatch;R3:composition_mismatch;R3:composition_mismatch;R3:matched_but_no_group_decomposition;R3:matched_but_no_group_decomposition;R3:composition_mismatch;R3:composition_mismatch;R3:composition_mismatch;R3:matched_but_no_group_decomposition;R3:matched_but_no_group_decomposition;R3:composition_mismatch;R3:composition_mismatch;R3:composition_mismatch;R3:matched_but_no_group_decomposition;R3:matched_but_no_group_decomposition;R3:composition_mismatch;R3:composition_mismatch;R3:composition_mismatch;R3:matched_but_no_group_decomposition;R3:matched_but_no_group_decomposition;R3:composition_mismatch;R3:composition_mismatch;R3:composition_mismatch;R3:matched_but_no_group_decomposition;R3:matched_but_no_group_decomposition;R3:composition_mismatch;R3:composition_mismatch;R3:composition_mismatch
s_0798,H+,lp,H,1.0,other,False,bigg.metabolite;chebi;kegg.compound;metanetx.chemical,bigg.metabolite=h;chebi=CHEBI:24636;kegg.compound=C00080;metanetx.chemical=MNXM1,metanetx.chemical,4,True,True,cache_structure_without_group_decomposition,,,structure_known_but_no_group_decomposition,R2:matched_but_no_group_decomposition;R2:matched_but_no_group_decomposition;R2:matched_but_no_group_decomposition;R2:matched_but_no_group_decomposition;R2:matched_but_no_group_decomposition;R2:matched_but_no_group_decomposition;R3:matched_but_no_group_decomposition;R3:matched_but_no_group_decomposition;R3:composition_mismatch;R3:composition_mismatch;R3:composition_mismatch;R3:matched_but_no_group_decomposition;R3:matched_but_no_group_decomposition;R3:composition_mismatch;R3:composition_mismatch;R3:composition_mismatch;R3:matched_but_no_group_decomposition;R3:matched_but_no_group_decomposition;R3:composition_mismatch;R3:composition_mismatch;R3:composition_mismatch;R3:matched_but_no_group_decomposition;R3:matched_but_no_group_decomposition;R3:composition_mismatch;R3:composition_mismatch;R3:composition_mismatch;R3:matched_but_no_group_decomposition;R3:matched_but_no_group_decomposition;R3:composition_mismatch;R3:composition_mismatch;R3:composition_mismatch;R3:matched_but_no_group_decomposition;R3:matched_but_no_group_decomposition;R3:composition_mismatch;R3:composition_mismatch;R3:composition_mismatch;R3:matched_but_no_group_decomposition;R3:matched_but_no_group_decomposition;R3:composition_mismatch;R3:composition_mismatch;R3:composition_mismatch;R3:matched_but_no_group_decomposition;R3:matched_but_no_group_decomposition;R3:composition_mismatch;R3:composition_mismatch;R3:composition_mismatch
s_0799,H+,m,H,1.0,other,False,bigg.metabolite;chebi;kegg.compound;metanetx.chemical,bigg.metabolite=h;chebi=CHEBI:24636;kegg.compound=C00080;metanetx.chemical=MNXM1,metanetx.chemical,4,True,True,cache_structure_without_group_decomposition,,,structure_known_but_no_group_decomposition,R2:matched_but_no_group_decomposition;R2:matched_but_no_group_decomposition;R2:matched_but_no_group_decomposition;R2:matched_but_no_group_decomposition;R2:matched_but_no_group_decomposition;R2:matched_but_no_group_decomposition;R3:matched_but_no_group_decomposition;R3:matched_but_no_group_decomposition;R3:composition_mismatch;R3:composition_mismatch;R3:composition_mismatch;R3:matched_but_no_group_decomposition;R3:matched_but_no_group_decomposition;R3:composition_mismatch;R3:composition_mismatch;R3:composition_mismatch;R3:matched_but_no_group_decomposition;R3:matched_but_no_group_decomposition;R3:composition_mismatch;R3:composition_mismatch;R3:composition_mismatch;R3:matched_but_no_group_decomposition;R3:matched_but_no_group_decomposition;R3:composition_mismatch;R3:composition_mismatch;R3:composition_mismatch;R3:matched_but_no_group_decomposition;R3:matched_but_no_group_decomposition;R3:composition_mismatch;R3:composition_mismatch;R3:composition_mismatch;R3:matched_but_no_group_decomposition;R3:matched_but_no_group_decomposition;R3:composition_mismatch;R3:composition_mismatch;R3:composition_mismatch;R3:matched_but_no_group_decomposition;R3:matched_but_no_group_decomposition;R3:composition_mismatch;R3:composition_mismatch;R3:composition_mismatch;R3:matched_but_no_group_decomposition;R3:matched_but_no_group_decomposition;R3:composition_mismatch;R3:composition_mismatch;R3:composition_mismatch
s_0800,H+,n,H,1.0,other,False,bigg.metabolite;chebi;kegg.compound;metanetx.chemical,bigg.metabolite=h;chebi=CHEBI:24636;kegg.compound=C00080;metanetx.chemical=MNXM1,metanetx.chemical,4,True,True,cache_structure_without_group_decomposition,,,structure_known_but_no_group_decomposition,R2:matched_but_no_group_decomposition;R2:matched_but_no_group_decomposition;R2:matched_but_no_group_decomposition;R2:matched_but_no_group_decomposition;R2:matched_but_no_group_decomposition;R2:matched_but_no_group_decomposition;R3:matched_but_no_group_decomposition;R3:matched_but_no_group_decomposition;R3:composition_mismatch;R3:composition_mismatch;R3:composition_mismatch;R3:matched_but_no_group_decomposition;R3:matched_but_no_group_decomposition;R3:composition_mismatch;R3:composition_mismatch;R3:composition_mismatch;R3:matched_but_no_group_decomposition;R3:matched_but_no_group_decomposition;R3:composition_mismatch;R3:composition_mismatch;R3:composition_mismatch;R3:matched_but_no_group_decomposition;R3:matched_but_no_group_decomposition;R3:composition_mismatch;R3:composition_mismatch;R3:composition_mismatch;R3:matched_but_no_group_decomposition;R3:matched_but_no_group_decomposition;R3:composition_mismatch;R3:composition_mismatch;R3:composition_mismatch;R3:matched_but_no_group_decomposition;R3:matched_but_no_group_decomposition;R3:composition_mismatch;R3:composition_mismatch;R3:composition_mismatch;R3:matched_but_no_group_decomposition;R3:matched_but_no_group_decomposition;R3:composition_mismatch;R3:composition_mismatch;R3:composition_mismatch;R3:matched_but_no_group_decomposition;R3:matched_but_no_group_decomposition;R3:composition_mismatch;R3:composition_mismatch;R3:composition_mismatch
s_0801,H+,p,H,1.0,other,False,bigg.metabolite;chebi;kegg.compound;metanetx.chemical,bigg.metabolite=h;chebi=CHEBI:24636;kegg.compound=C00080;metanetx.chemical=MNXM1,metanetx.chemical,4,True,True,cache_structure_without_group_decomposition,,,structure_known_but_no_group_decomposition,R2:matched_but_no_group_decomposition;R2:matched_but_no_group_decomposition;R2:matched_but_no_group_decomposition;R2:matched_but_no_group_decomposition;R2:matched_but_no_group_decomposition;R2:matched_but_no_group_decomposition;R3:matched_but_no_group_decomposition;R3:matched_but_no_group_decomposition;R3:composition_mismatch;R3:composition_mismatch;R3:composition_mismatch;R3:matched_but_no_group_decomposition;R3:matched_but_no_group_decomposition;R3:composition_mismatch;R3:composition_mismatch;R3:composition_mismatch;R3:matched_but_no_group_decomposition;R3:matched_but_no_group_decomposition;R3:composition_mismatch;R3:composition_mismatch;R3:composition_mismatch;R3:matched_but_no_group_decomposition;R3:matched_but_no_group_decomposition;R3:composition_mismatch;R3:composition_mismatch;R3:composition_mismatch;R3:matched_but_no_group_decomposition;R3:matched_but_no_group_decomposition;R3:composition_mismatch;R3:composition_mismatch;R3:composition_mismatch;R3:matched_but_no_group_decomposition;R3:matched_but_no_group_decomposition;R3:composition_mismatch;R3:composition_mismatch;R3:composition_mismatch;R3:matched_but_no_group_decomposition;R3:matched_but_no_group_decomposition;R3:composition_mismatch;R3:composition_mismatch;R3:composition_mismatch;R3:matched_but_no_group_decomposition;R3:matched_but_no_group_decomposition;R3:composition_mismatch;R3:composition_mismatch;R3:composition_mismatch
s_0802,H+,v,H,1.0,other,False,bigg.metabolite;chebi;kegg.compound;metanetx.chemical,bigg.metabolite=h;chebi=CHEBI:24636;kegg.compound=C00080;metanetx.chemical=MNXM1,metanetx.chemical,4,True,True,cache_structure_without_group_decomposition,,,structure_known_but_no_group_decomposition,R2:matched_but_no_group_decomposition;R2:matched_but_no_group_decomposition;R2:matched_but_no_group_decomposition;R2:matched_but_no_group_decomposition;R2:matched_but_no_group_decomposition;R2:matched_but_no_group_decomposition;R3:matched_but_no_group_decomposition;R3:matched_but_no_group_decomposition;R3:composition_mismatch;R3:composition_mismatch;R3:composition_mismatch;R3:matched_but_no_group_decomposition;R3:matched_but_no_group_decomposition;R3:composition_mismatch;R3:composition_mismatch;R3:composition_mismatch;R3:matched_but_no_group_decomposition;R3:matched_but_no_group_decomposition;R3:composition_mismatch;R3:composition_mismatch;R3:composition_mismatch;R3:matched_but_no_group_decomposition;R3:matched_but_no_group_decomposition;R3:composition_mismatch;R3:composition_mismatch;R3:composition_mismatch;R3:matched_but_no_group_decomposition;R3:matched_but_no_group_decomposition;R3:composition_mismatch;R3:composition_mismatch;R3:composition_mismatch;R3:matched_but_no_group_decomposition;R3:matched_but_no_group_decomposition;R3:composition_mismatch;R3:composition_mismatch;R3:composition_mismatch;R3:matched_but_no_group_decomposition;R3:matched_but_no_group_decomposition;R3:composition_mismatch;R3:composition_mismatch;R3:composition_mismatch;R3:matched_but_no_group_decomposition;R3:matched_but_no_group_decomposition;R3:composition_mismatch;R3:composition_mismatch;R3:composition_mismatch
s_0811,heme a,m,C49H55FeN4O6,-3.0,other,False,bigg.metabolite;chebi;kegg.compound;metanetx.chemical,bigg.metabolite=hemeA;chebi=CHEBI:24479;kegg.compound=C15670;metanetx.chemical=MNXM53309,metanetx.chemical,40602,True,False,cache_structure_without_group_decomposition,,,no_usable_structure_available,R2:remapped_mnx_not_in_cache;R2:remapped_mnx_not_in_cache;R2:remapped_mnx_not_in_cache;R2:remapped_mnx_not_in_cache;R2:remapped_mnx_not_in_cache;R2:remapped_mnx_not_in_cache;R3:composition_mismatch;R3:composition_mismatch;R3:structure_not_parseable;R3:structure_not_parseable;R3:composition_mismatch;R3:composition_mismatch;R3:inchikey_not_in_cache
s_0812,heme o,m,C49H56FeN4O5,-2.0,other,False,bigg.metabolite;chebi;kegg.compound;metanetx.chemical,bigg.metabolite=hemeO;chebi=CHEBI:24480;kegg.compound=C15672;metanetx.chemical=MNXM1278,metanetx.chemical,1175,True,False,cache_structure_without_group_decomposition,,,no_usable_structure_available,R2:remapped_mnx_not_in_cache;R2:remapped_mnx_not_in_cache;R2:remapped_mnx_not_in_cache;R2:remapped_mnx_not_in_cache;R2:remapped_mnx_not_in_cache;R2:remapped_mnx_not_in_cache;R3:composition_mismatch;R3:composition_mismatch;R3:structure_not_parseable;R3:structure_not_parseable;R3:composition_mismatch;R3:composition_mismatch;R3:composition_mismatch
s_0832,His-tRNA(His),c,C6H9N3OR,1.0,tRNA_linked,True,bigg.metabolite;chebi;kegg.compound;metanetx.chemical,bigg.metabolite=histrna;chebi=CHEBI:29155;kegg.compound=C02988;metanetx.chemical=MNXM89831,metanetx.chemical,74417,False,False,cache_record_without_structure,,,placeholder_formula_no_definite_structure,R2:remapped_mnx_not_in_cache;R2:remapped_mnx_not_in_cache;R2:remapped_mnx_not_in_cache;R2:remapped_mnx_not_in_cache;R2:remapped_mnx_not_in_cache;R2:remapped_mnx_not_in_cache;R3:placeholder_formula_not_structurally_identifiable
s_0833,His-tRNA(His),m,C6H9N3OR,1.0,tRNA_linked,True,bigg.metabolite;chebi;kegg.compound;metanetx.chemical,bigg.metabolite=histrna;chebi=CHEBI:29155;kegg.compound=C02988;metanetx.chemical=MNXM89831,metanetx.chemical,74417,False,False,cache_record_without_structure,,,placeholder_formula_no_definite_structure,R2:remapped_mnx_not_in_cache;R2:remapped_mnx_not_in_cache;R2:remapped_mnx_not_in_cache;R2:remapped_mnx_not_in_cache;R2:remapped_mnx_not_in_cache;R2:remapped_mnx_not_in_cache;R3:placeholder_formula_not_structurally_identifiable
s_0841,hydrogen sulfide,c,HS,0.0,other,False,bigg.metabolite;biocyc;chebi;kegg.compound;metanetx.chemical,bigg.metabolite=h2s;biocyc=HS;chebi=CHEBI:16136;kegg.compound=C00283;metanetx.chemical=MNXM124865,metanetx.chemical,97968,True,True,cache_structure_without_group_decomposition,R1_extra_namespace,74380,,R1:priceable
s_0847,Ile-tRNA(Ile),c,C6H13NOR,1.0,tRNA_linked,True,bigg.metabolite;chebi;kegg.compound;metanetx.chemical,bigg.metabolite=iletrna;chebi=CHEBI:29160;kegg.compound=C03127;metanetx.chemical=MNXM89832,metanetx.chemical,74418,False,False,cache_record_without_structure,,,placeholder_formula_no_definite_structure,R2:remapped_mnx_not_in_cache;R2:remapped_mnx_not_in_cache;R2:remapped_mnx_not_in_cache;R2:remapped_mnx_not_in_cache;R2:remapped_mnx_not_in_cache;R2:remapped_mnx_not_in_cache;R3:placeholder_formula_not_structurally_identifiable
s_0848,Ile-tRNA(Ile),m,C6H13NOR,1.0,tRNA_linked,True,bigg.metabolite;chebi;kegg.compound;metanetx.chemical,bigg.metabolite=iletrna;chebi=CHEBI:29160;kegg.compound=C03127;metanetx.chemical=MNXM89832,metanetx.chemical,74418,False,False,cache_record_without_structure,,,placeholder_formula_no_definite_structure,R2:remapped_mnx_not_in_cache;R2:remapped_mnx_not_in_cache;R2:remapped_mnx_not_in_cache;R2:remapped_mnx_not_in_cache;R2:remapped_mnx_not_in_cache;R2:remapped_mnx_not_in_cache;R3:placeholder_formula_not_structurally_identifiable
s_0859,inositol phosphomannosylinositol phosphoceramide backbone,g,C18H33NO23P2,0.0,sphingolipid,False,chebi;metanetx.chemical,chebi=CHEBI:62682;metanetx.chemical=MNXM57447,metanetx.chemical,44331,False,False,cache_record_without_structure,,,no_usable_structure_available,R2:remapped_mnx_not_in_cache;R2:remapped_mnx_not_in_cache;R3:structure_not_parseable;R3:structure_not_parseable
s_0892,inositol-P-ceramide backbone,g,C6H12NO10P,0.0,sphingolipid,False,chebi;metanetx.chemical,chebi=CHEBI:60245;metanetx.chemical=MNXM57446,metanetx.chemical,44330,False,False,cache_record_without_structure,,,no_usable_structure_available,R2:remapped_mnx_not_in_cache;R2:remapped_mnx_not_in_cache;R3:structure_not_parseable;R3:structure_not_parseable
s_1077,Leu-tRNA(Leu),c,C6H13NOR,1.0,tRNA_linked,True,bigg.metabolite;chebi;kegg.compound;metanetx.chemical,bigg.metabolite=leutrna;chebi=CHEBI:16624;kegg.compound=C02047;metanetx.chemical=MNXM697,metanetx.chemical,661,False,False,cache_record_without_structure,,,placeholder_formula_no_definite_structure,R2:remapped_mnx_not_in_cache;R2:remapped_mnx_not_in_cache;R2:remapped_mnx_not_in_cache;R2:remapped_mnx_not_in_cache;R2:remapped_mnx_not_in_cache;R2:remapped_mnx_not_in_cache;R3:placeholder_formula_not_structurally_identifiable
s_1078,Leu-tRNA(Leu),m,C6H13NOR,1.0,tRNA_linked,True,bigg.metabolite;chebi;kegg.compound;metanetx.chemical,bigg.metabolite=leutrna;chebi=CHEBI:16624;kegg.compound=C02047;metanetx.chemical=MNXM697,metanetx.chemical,661,False,False,cache_record_without_structure,,,placeholder_formula_no_definite_structure,R2:remapped_mnx_not_in_cache;R2:remapped_mnx_not_in_cache;R2:remapped_mnx_not_in_cache;R2:remapped_mnx_not_in_cache;R2:remapped_mnx_not_in_cache;R2:remapped_mnx_not_in_cache;R3:placeholder_formula_not_structurally_identifiable
s_1096,lipid,c,,0.0,generic_pseudo_metabolite,True,chebi;kegg.compound;metanetx.chemical,chebi=CHEBI:18059;kegg.compound=C01356;metanetx.chemical=MNXM12117,metanetx.chemical,9437,False,False,cache_record_without_structure,,,placeholder_formula_no_definite_structure,R2:composition_mismatch;R2:composition_mismatch;R2:composition_mismatch;R2:composition_mismatch;R3:placeholder_formula_not_structurally_identifiable
s_1098,lipoylprotein,m,C8H14NOS2R,0.0,other,True,bigg.metabolite;chebi;kegg.compound;metanetx.chemical,bigg.metabolite=lpro;chebi=CHEBI:15804;kegg.compound=C02051;metanetx.chemical=MNXM998,metanetx.chemical,925,False,False,cache_record_without_structure,,,placeholder_formula_no_definite_structure,R2:remapped_mnx_not_in_cache;R2:remapped_mnx_not_in_cache;R2:remapped_mnx_not_in_cache;R2:remapped_mnx_not_in_cache;R2:remapped_mnx_not_in_cache;R2:remapped_mnx_not_in_cache;R3:placeholder_formula_not_structurally_identifiable
s_1099,Lys-tRNA(Lys),c,C6H15N2OR,2.0,tRNA_linked,True,bigg.metabolite;chebi;kegg.compound;metanetx.chemical,bigg.metabolite=lystrna;chebi=CHEBI:16047;kegg.compound=C01931;metanetx.chemical=MNXM89922,metanetx.chemical,74428,False,False,cache_record_without_structure,,,placeholder_formula_no_definite_structure,R2:remapped_mnx_not_in_cache;R2:remapped_mnx_not_in_cache;R2:remapped_mnx_not_in_cache;R2:remapped_mnx_not_in_cache;R2:remapped_mnx_not_in_cache;R2:remapped_mnx_not_in_cache;R3:placeholder_formula_not_structurally_identifiable
s_1100,Lys-tRNA(Lys),m,C6H15N2OR,2.0,tRNA_linked,True,bigg.metabolite;chebi;kegg.compound;metanetx.chemical,bigg.metabolite=lystrna;chebi=CHEBI:16047;kegg.compound=C01931;metanetx.chemical=MNXM89922,metanetx.chemical,74428,False,False,cache_record_without_structure,,,placeholder_formula_no_definite_structure,R2:remapped_mnx_not_in_cache;R2:remapped_mnx_not_in_cache;R2:remapped_mnx_not_in_cache;R2:remapped_mnx_not_in_cache;R2:remapped_mnx_not_in_cache;R2:remapped_mnx_not_in_cache;R3:placeholder_formula_not_structurally_identifiable
s_1107,mannan,c,C6H10O5,0.0,other,False,bigg.metabolite;chebi;kegg.compound;metanetx.chemical,bigg.metabolite=mannan;chebi=CHEBI:28808;kegg.compound=C00464;metanetx.chemical=MNXM2020,metanetx.chemical,1798,False,False,cache_record_without_structure,,,no_usable_structure_available,R2:remapped_mnx_not_in_cache;R2:remapped_mnx_not_in_cache;R2:remapped_mnx_not_in_cache;R2:remapped_mnx_not_in_cache;R2:remapped_mnx_not_in_cache;R2:remapped_mnx_not_in_cache;R3:structure_not_parseable;R3:structure_not_parseable;R3:structure_not_parseable;R3:structure_not_parseable;R3:structure_not_parseable;R3:structure_not_parseable;R3:composition_mismatch;R3:composition_mismatch;R3:composition_mismatch;R3:composition_mismatch;R3:composition_mismatch;R3:composition_mismatch;R3:composition_mismatch
s_1108,mannan,er,C6H10O5,0.0,other,False,bigg.metabolite;chebi;kegg.compound;metanetx.chemical,bigg.metabolite=mannan;chebi=CHEBI:28808;kegg.compound=C00464;metanetx.chemical=MNXM2020,metanetx.chemical,1798,False,False,cache_record_without_structure,,,no_usable_structure_available,R2:remapped_mnx_not_in_cache;R2:remapped_mnx_not_in_cache;R2:remapped_mnx_not_in_cache;R2:remapped_mnx_not_in_cache;R2:remapped_mnx_not_in_cache;R2:remapped_mnx_not_in_cache;R3:structure_not_parseable;R3:structure_not_parseable;R3:structure_not_parseable;R3:structure_not_parseable;R3:structure_not_parseable;R3:structure_not_parseable;R3:composition_mismatch;R3:composition_mismatch;R3:composition_mismatch;R3:composition_mismatch;R3:composition_mismatch;R3:composition_mismatch;R3:composition_mismatch
s_1114,mannosylinositol phosphorylceramide backbone,g,C12H22NO15P,0.0,sphingolipid,False,chebi;metanetx.chemical,chebi=CHEBI:25168;metanetx.chemical=MNXM12216,metanetx.chemical,9514,False,False,cache_record_without_structure,,,no_usable_structure_available,R2:remapped_mnx_not_in_cache;R2:remapped_mnx_not_in_cache;R3:structure_not_parseable;R3:structure_not_parseable
s_1148,Met-tRNA(Met),c,C5H11NOSR,1.0,tRNA_linked,True,bigg.metabolite;chebi;kegg.compound;metanetx.chemical,bigg.metabolite=mettrna;chebi=CHEBI:16635;kegg.compound=C02430;metanetx.chemical=MNXM90636,metanetx.chemical,74541,False,False,cache_record_without_structure,,,placeholder_formula_no_definite_structure,R2:remapped_mnx_not_in_cache;R2:remapped_mnx_not_in_cache;R2:composition_mismatch;R2:composition_mismatch;R2:remapped_mnx_not_in_cache;R2:remapped_mnx_not_in_cache;R3:placeholder_formula_not_structurally_identifiable
s_1149,Met-tRNA(Met),m,C5H11NOSR,1.0,tRNA_linked,True,bigg.metabolite;chebi;kegg.compound;metanetx.chemical,bigg.metabolite=mettrna;chebi=CHEBI:16635;kegg.compound=C02430;metanetx.chemical=MNXM90636,metanetx.chemical,74541,False,False,cache_record_without_structure,,,placeholder_formula_no_definite_structure,R2:remapped_mnx_not_in_cache;R2:remapped_mnx_not_in_cache;R2:composition_mismatch;R2:composition_mismatch;R2:remapped_mnx_not_in_cache;R2:remapped_mnx_not_in_cache;R3:placeholder_formula_not_structurally_identifiable
s_1185,"N,N'-diformyldityrosine",c,C20H22N2O8,-2.0,other,False,chebi;metanetx.chemical,chebi=CHEBI:50611;metanetx.chemical=MNXM147516,metanetx.chemical,118174,False,False,cache_record_without_structure,R2_metanetx_xref,49405,,R2:priceable
s_1186,"N,N'-diformyldityrosine",e,C20H22N2O8,-2.0,other,False,chebi;metanetx.chemical,chebi=CHEBI:50611;metanetx.chemical=MNXM147516,metanetx.chemical,118174,False,False,cache_record_without_structure,R2_metanetx_xref,49405,,R2:priceable
s_1254,octanoyl-ACP,m,C8H15OSR,0.0,protein_linked,True,chebi;kegg.compound;metanetx.chemical,chebi=CHEBI:7725;kegg.compound=C05752;metanetx.chemical=MNXM979,metanetx.chemical,907,False,False,cache_record_without_structure,,,placeholder_formula_no_definite_structure,R2:remapped_mnx_not_in_cache;R2:remapped_mnx_not_in_cache;R2:remapped_mnx_not_in_cache;R2:remapped_mnx_not_in_cache;R3:placeholder_formula_not_structurally_identifiable
s_1309,pectin,e,C6H7O6,0.0,other,False,bigg.metabolite;chebi;kegg.compound;metanetx.chemical,bigg.metabolite=pectin;chebi=CHEBI:17309;kegg.compound=C00714;metanetx.chemical=MNXM107600,metanetx.chemical,82801,False,False,cache_record_without_structure,,,no_usable_structure_available,R2:composition_mismatch;R2:composition_mismatch;R2:remapped_mnx_not_in_cache;R2:remapped_mnx_not_in_cache;R2:composition_mismatch;R2:composition_mismatch;R3:structure_not_parseable;R3:structure_not_parseable;R3:composition_mismatch;R3:composition_mismatch;R3:composition_mismatch;R3:composition_mismatch;R3:composition_mismatch;R3:composition_mismatch;R3:composition_mismatch;R3:composition_mismatch;R3:composition_mismatch;R3:composition_mismatch;R3:composition_mismatch;R3:composition_mismatch;R3:composition_mismatch;R3:composition_mismatch;R3:composition_mismatch;R3:composition_mismatch;R3:composition_mismatch;R3:composition_mismatch;R3:composition_mismatch;R3:composition_mismatch;R3:composition_mismatch;R3:composition_mismatch;R3:composition_mismatch;R3:composition_mismatch;R3:composition_mismatch;R3:composition_mismatch;R3:composition_mismatch;R3:composition_mismatch;R3:composition_mismatch;R3:composition_mismatch;R3:composition_mismatch;R3:composition_mismatch;R3:composition_mismatch;R3:composition_mismatch;R3:structure_not_parseable;R3:structure_not_parseable;R3:composition_mismatch;R3:composition_mismatch;R3:composition_mismatch;R3:composition_mismatch;R3:composition_mismatch;R3:composition_mismatch;R3:composition_mismatch;R3:composition_mismatch;R3:composition_mismatch;R3:composition_mismatch;R3:composition_mismatch;R3:composition_mismatch;R3:composition_mismatch;R3:composition_mismatch;R3:composition_mismatch;R3:composition_mismatch;R3:composition_mismatch
s_1314,Phe-tRNA(Phe),c,C9H11NOR,1.0,tRNA_linked,True,bigg.metabolite;chebi;kegg.compound;metanetx.chemical,bigg.metabolite=phetrna;chebi=CHEBI:29153;kegg.compound=C03511;metanetx.chemical=MNXM89802,metanetx.chemical,74409,False,False,cache_record_without_structure,,,placeholder_formula_no_definite_structure,R2:remapped_mnx_not_in_cache;R2:remapped_mnx_not_in_cache;R2:remapped_mnx_not_in_cache;R2:remapped_mnx_not_in_cache;R2:remapped_mnx_not_in_cache;R2:remapped_mnx_not_in_cache;R3:placeholder_formula_not_structurally_identifiable
s_1315,Phe-tRNA(Phe),m,C9H11NOR,1.0,tRNA_linked,True,bigg.metabolite;chebi;kegg.compound;metanetx.chemical,bigg.metabolite=phetrna;chebi=CHEBI:29153;kegg.compound=C03511;metanetx.chemical=MNXM89802,metanetx.chemical,74409,False,False,cache_record_without_structure,,,placeholder_formula_no_definite_structure,R2:remapped_mnx_not_in_cache;R2:remapped_mnx_not_in_cache;R2:remapped_mnx_not_in_cache;R2:remapped_mnx_not_in_cache;R2:remapped_mnx_not_in_cache;R2:remapped_mnx_not_in_cache;R3:placeholder_formula_not_structurally_identifiable
s_1337,phosphatidyl-L-serine backbone,c,C6H10NO6P,0.0,generic_pseudo_metabolite,False,bigg.metabolite;chebi;kegg.compound;metanetx.chemical,bigg.metabolite=ps_cho;chebi=CHEBI:18303;kegg.compound=C02737;metanetx.chemical=MNXM221,metanetx.chemical,209,False,False,cache_record_without_structure,,,no_usable_structure_available,R2:remapped_mnx_not_in_cache;R2:remapped_mnx_not_in_cache;R2:remapped_mnx_not_in_cache;R2:remapped_mnx_not_in_cache;R2:remapped_mnx_not_in_cache;R2:remapped_mnx_not_in_cache;R3:structure_not_parseable;R3:structure_not_parseable;R3:structure_not_parseable;R3:structure_not_parseable;R3:structure_not_parseable;R3:structure_not_parseable
s_1346,phosphatidylcholine backbone,c,C8H16NO3P,1.0,phosphatidylcholine_PC,False,bigg.metabolite;chebi;kegg.compound;metanetx.chemical,bigg.metabolite=pchol_cho;chebi=CHEBI:49183;kegg.compound=C00157;metanetx.chemical=MNXM96952,metanetx.chemical,75398,False,False,cache_record_without_structure,,,no_usable_structure_available,R2:remapped_mnx_not_in_cache;R2:remapped_mnx_not_in_cache;R2:remapped_mnx_not_in_cache;R2:remapped_mnx_not_in_cache;R2:remapped_mnx_not_in_cache;R2:remapped_mnx_not_in_cache;R3:structure_not_parseable;R3:structure_not_parseable;R3:structure_not_parseable;R3:structure_not_parseable;R3:structure_not_parseable;R3:structure_not_parseable
s_1351,phosphatidylethanolamine backbone,c,C5H10NO4P,0.0,phosphatidylethanolamine_PE,False,bigg.metabolite;chebi;kegg.compound;metanetx.chemical,bigg.metabolite=pe_hs;chebi=CHEBI:16038;kegg.compound=C00350;metanetx.chemical=MNXM115,metanetx.chemical,108,False,False,cache_record_without_structure,,,no_usable_structure_available,R2:composition_mismatch;R2:composition_mismatch;R2:composition_mismatch;R2:composition_mismatch;R2:composition_mismatch;R2:composition_mismatch;R3:structure_not_parseable;R3:structure_not_parseable;R3:structure_not_parseable;R3:structure_not_parseable;R3:structure_not_parseable;R3:structure_not_parseable;R3:structure_not_parseable
s_1352,phosphatidylethanolamine backbone,er,C5H10NO4P,0.0,phosphatidylethanolamine_PE,False,bigg.metabolite;chebi;kegg.compound;metanetx.chemical,bigg.metabolite=pe_hs;chebi=CHEBI:16038;kegg.compound=C00350;metanetx.chemical=MNXM115,metanetx.chemical,108,False,False,cache_record_without_structure,,,no_usable_structure_available,R2:composition_mismatch;R2:composition_mismatch;R2:composition_mismatch;R2:composition_mismatch;R2:composition_mismatch;R2:composition_mismatch;R3:structure_not_parseable;R3:structure_not_parseable;R3:structure_not_parseable;R3:structure_not_parseable;R3:structure_not_parseable;R3:structure_not_parseable;R3:structure_not_parseable
s_1371,polysulphur,c,S,0.0,other,False,chebi;kegg.compound;metanetx.chemical,chebi=CHEBI:17909;kegg.compound=C00087;metanetx.chemical=MNXM77783,metanetx.chemical,63487,False,False,cache_record_without_structure,R3_inchikey_structure,84,,R2:composition_mismatch;R2:composition_mismatch;R2:remapped_mnx_not_in_cache;R2:remapped_mnx_not_in_cache;R3:composition_mismatch;R3:composition_mismatch;R3:composition_mismatch;R3:priceable
s_1373,potassium,c,K,0.0,other,False,bigg.metabolite;chebi;kegg.compound;metanetx.chemical,bigg.metabolite=k;chebi=CHEBI:26216;kegg.compound=C00238;metanetx.chemical=MNXM77881,metanetx.chemical,63567,True,True,cache_structure_without_group_decomposition,,,structure_known_but_no_group_decomposition,R2:matched_but_no_group_decomposition;R2:matched_but_no_group_decomposition;R2:matched_but_no_group_decomposition;R2:matched_but_no_group_decomposition;R2:matched_but_no_group_decomposition;R2:matched_but_no_group_decomposition;R3:matched_but_no_group_decomposition;R3:matched_but_no_group_decomposition;R3:matched_but_no_group_decomposition;R3:matched_but_no_group_decomposition;R3:matched_but_no_group_decomposition;R3:matched_but_no_group_decomposition;R3:matched_but_no_group_decomposition;R3:matched_but_no_group_decomposition
s_1374,potassium,e,K,0.0,other,False,bigg.metabolite;chebi;kegg.compound;metanetx.chemical,bigg.metabolite=k;chebi=CHEBI:26216;kegg.compound=C00238;metanetx.chemical=MNXM77881,metanetx.chemical,63567,True,True,cache_structure_without_group_decomposition,,,structure_known_but_no_group_decomposition,R2:matched_but_no_group_decomposition;R2:matched_but_no_group_decomposition;R2:matched_but_no_group_decomposition;R2:matched_but_no_group_decomposition;R2:matched_but_no_group_decomposition;R2:matched_but_no_group_decomposition;R3:matched_but_no_group_decomposition;R3:matched_but_no_group_decomposition;R3:matched_but_no_group_decomposition;R3:matched_but_no_group_decomposition;R3:matched_but_no_group_decomposition;R3:matched_but_no_group_decomposition;R3:matched_but_no_group_decomposition;R3:matched_but_no_group_decomposition
s_1379,Pro-tRNA(Pro),c,C5H9NOR,1.0,tRNA_linked,True,bigg.metabolite;chebi;kegg.compound;metanetx.chemical,bigg.metabolite=protrna;chebi=CHEBI:29154;kegg.compound=C02702;metanetx.chemical=MNXM247,metanetx.chemical,234,False,False,cache_record_without_structure,,,placeholder_formula_no_definite_structure,R2:remapped_mnx_not_in_cache;R2:remapped_mnx_not_in_cache;R2:remapped_mnx_not_in_cache;R2:remapped_mnx_not_in_cache;R2:remapped_mnx_not_in_cache;R2:remapped_mnx_not_in_cache;R3:placeholder_formula_not_structurally_identifiable
s_1383,protoporphyrin,m,C34H32N4O4,-2.0,other,False,bigg.metabolite;chebi;kegg.compound;metanetx.chemical,bigg.metabolite=ppp9;chebi=CHEBI:36159;kegg.compound=C02191;metanetx.chemical=MNXM346,metanetx.chemical,327,True,True,cache_structure_without_group_decomposition,,,structure_known_but_no_group_decomposition,R2:remapped_mnx_not_in_cache;R2:remapped_mnx_not_in_cache;R2:remapped_mnx_not_in_cache;R2:remapped_mnx_not_in_cache;R2:remapped_mnx_not_in_cache;R2:remapped_mnx_not_in_cache;R3:matched_but_no_group_decomposition;R3:matched_but_no_group_decomposition;R3:inchikey_not_in_cache;R3:inchikey_not_in_cache;R3:matched_but_no_group_decomposition;R3:matched_but_no_group_decomposition;R3:inchikey_not_in_cache
s_1410,S(8)-aminomethyldihydrolipoylprotein,m,C9H19N2OS2R,0.0,other,True,bigg.metabolite;chebi;kegg.compound;metanetx.chemical,bigg.metabolite=alpro;chebi=CHEBI:16882;kegg.compound=C01242;metanetx.chemical=MNXM81221,metanetx.chemical,66674,False,False,cache_record_without_structure,,,placeholder_formula_no_definite_structure,R2:remapped_mnx_not_in_cache;R2:remapped_mnx_not_in_cache;R2:remapped_mnx_not_in_cache;R2:remapped_mnx_not_in_cache;R2:remapped_mnx_not_in_cache;R2:remapped_mnx_not_in_cache;R3:placeholder_formula_not_structurally_identifiable
s_1428,Ser-tRNA(Ser),c,C3H7NO2R,1.0,tRNA_linked,True,bigg.metabolite;chebi;kegg.compound;metanetx.chemical,bigg.metabolite=sertrna;chebi=CHEBI:29162;kegg.compound=C02553;metanetx.chemical=MNXM165150,metanetx.chemical,134639,False,False,cache_record_without_structure,,,placeholder_formula_no_definite_structure,R2:remapped_mnx_not_in_cache;R2:remapped_mnx_not_in_cache;R2:composition_mismatch;R2:composition_mismatch;R2:remapped_mnx_not_in_cache;R2:remapped_mnx_not_in_cache;R3:placeholder_formula_not_structurally_identifiable
s_1430,siroheme,c,C42H36FeN4O16,-8.0,other,False,bigg.metabolite;chebi;kegg.compound;metanetx.chemical,bigg.metabolite=sheme;chebi=CHEBI:60052;kegg.compound=C00748;metanetx.chemical=MNXM82173,metanetx.chemical,67540,True,False,cache_structure_without_group_decomposition,,,only_composition_mismatched_candidates,R2:remapped_mnx_not_in_cache;R2:remapped_mnx_not_in_cache;R2:remapped_mnx_not_in_cache;R2:remapped_mnx_not_in_cache;R2:remapped_mnx_not_in_cache;R2:remapped_mnx_not_in_cache;R3:composition_mismatch;R3:composition_mismatch;R3:composition_mismatch;R3:composition_mismatch;R3:composition_mismatch;R3:composition_mismatch;R3:composition_mismatch
s_1431,sirohydrochlorin,c,C42H38N4O16,-8.0,other,False,bigg.metabolite;chebi;kegg.compound;metanetx.chemical,bigg.metabolite=scl;chebi=CHEBI:58351;kegg.compound=C05778;metanetx.chemical=MNXM863,metanetx.chemical,805,True,True,cache_structure_without_group_decomposition,,,structure_known_but_no_group_decomposition,R2:remapped_mnx_not_in_cache;R2:remapped_mnx_not_in_cache;R2:remapped_mnx_not_in_cache;R2:remapped_mnx_not_in_cache;R2:remapped_mnx_not_in_cache;R2:remapped_mnx_not_in_cache;R3:matched_but_no_group_decomposition;R3:matched_but_no_group_decomposition;R3:matched_but_no_group_decomposition;R3:matched_but_no_group_decomposition;R3:matched_but_no_group_decomposition;R3:matched_but_no_group_decomposition;R3:inchikey_not_in_cache
s_1437,sodium,c,Na,0.0,other,False,bigg.metabolite;chebi;kegg.compound;metanetx.chemical,bigg.metabolite=na1;chebi=CHEBI:26708;kegg.compound=C01330;metanetx.chemical=MNXM82334,metanetx.chemical,67687,True,True,cache_structure_without_group_decomposition,,,structure_known_but_no_group_decomposition,R2:matched_but_no_group_decomposition;R2:matched_but_no_group_decomposition;R2:matched_but_no_group_decomposition;R2:matched_but_no_group_decomposition;R2:matched_but_no_group_decomposition;R2:matched_but_no_group_decomposition;R3:matched_but_no_group_decomposition;R3:matched_but_no_group_decomposition;R3:matched_but_no_group_decomposition;R3:matched_but_no_group_decomposition;R3:matched_but_no_group_decomposition;R3:matched_but_no_group_decomposition;R3:matched_but_no_group_decomposition;R3:matched_but_no_group_decomposition
s_1438,sodium,e,Na,0.0,other,False,bigg.metabolite;chebi;kegg.compound;metanetx.chemical,bigg.metabolite=na1;chebi=CHEBI:26708;kegg.compound=C01330;metanetx.chemical=MNXM82334,metanetx.chemical,67687,True,True,cache_structure_without_group_decomposition,,,structure_known_but_no_group_decomposition,R2:matched_but_no_group_decomposition;R2:matched_but_no_group_decomposition;R2:matched_but_no_group_decomposition;R2:matched_but_no_group_decomposition;R2:matched_but_no_group_decomposition;R2:matched_but_no_group_decomposition;R3:matched_but_no_group_decomposition;R3:matched_but_no_group_decomposition;R3:matched_but_no_group_decomposition;R3:matched_but_no_group_decomposition;R3:matched_but_no_group_decomposition;R3:matched_but_no_group_decomposition;R3:matched_but_no_group_decomposition;R3:matched_but_no_group_decomposition
s_1491,Thr-tRNA(Thr),c,C4H9NO2R,1.0,tRNA_linked,True,bigg.metabolite;chebi;kegg.compound;metanetx.chemical,bigg.metabolite=thrtrna;chebi=CHEBI:29163;kegg.compound=C02992;metanetx.chemical=MNXM89895,metanetx.chemical,74424,False,False,cache_record_without_structure,,,placeholder_formula_no_definite_structure,R2:remapped_mnx_not_in_cache;R2:remapped_mnx_not_in_cache;R2:remapped_mnx_not_in_cache;R2:remapped_mnx_not_in_cache;R2:remapped_mnx_not_in_cache;R2:remapped_mnx_not_in_cache;R3:placeholder_formula_not_structurally_identifiable
s_1492,Thr-tRNA(Thr),m,C4H9NO2R,1.0,tRNA_linked,True,bigg.metabolite;chebi;kegg.compound;metanetx.chemical,bigg.metabolite=thrtrna;chebi=CHEBI:29163;kegg.compound=C02992;metanetx.chemical=MNXM89895,metanetx.chemical,74424,False,False,cache_record_without_structure,,,placeholder_formula_no_definite_structure,R2:remapped_mnx_not_in_cache;R2:remapped_mnx_not_in_cache;R2:remapped_mnx_not_in_cache;R2:remapped_mnx_not_in_cache;R2:remapped_mnx_not_in_cache;R2:remapped_mnx_not_in_cache;R3:placeholder_formula_not_structurally_identifiable
s_1524,triglyceride backbone,c,C3H2,0.0,triacylglycerol_TAG,False,bigg.metabolite;chebi;kegg.compound;metanetx.chemical,bigg.metabolite=tag_cho;chebi=CHEBI:17855;kegg.compound=C00422;metanetx.chemical=MNXM248,metanetx.chemical,235,False,False,cache_record_without_structure,,,no_usable_structure_available,R2:remapped_mnx_not_in_cache;R2:remapped_mnx_not_in_cache;R2:remapped_mnx_not_in_cache;R2:remapped_mnx_not_in_cache;R2:remapped_mnx_not_in_cache;R2:remapped_mnx_not_in_cache;R3:structure_not_parseable;R3:structure_not_parseable;R3:structure_not_parseable;R3:structure_not_parseable;R3:structure_not_parseable;R3:structure_not_parseable
s_1527,Trp-tRNA(Trp),c,C11H12N2OR,1.0,tRNA_linked,True,bigg.metabolite;chebi;kegg.compound;metanetx.chemical,bigg.metabolite=trptrna;chebi=CHEBI:29159;kegg.compound=C03512;metanetx.chemical=MNXM89804,metanetx.chemical,74411,False,False,cache_record_without_structure,,,placeholder_formula_no_definite_structure,R2:remapped_mnx_not_in_cache;R2:remapped_mnx_not_in_cache;R2:remapped_mnx_not_in_cache;R2:remapped_mnx_not_in_cache;R2:remapped_mnx_not_in_cache;R2:remapped_mnx_not_in_cache;R3:placeholder_formula_not_structurally_identifiable
s_1528,Trp-tRNA(Trp),m,C11H12N2OR,1.0,tRNA_linked,True,bigg.metabolite;chebi;kegg.compound;metanetx.chemical,bigg.metabolite=trptrna;chebi=CHEBI:29159;kegg.compound=C03512;metanetx.chemical=MNXM89804,metanetx.chemical,74411,False,False,cache_record_without_structure,,,placeholder_formula_no_definite_structure,R2:remapped_mnx_not_in_cache;R2:remapped_mnx_not_in_cache;R2:remapped_mnx_not_in_cache;R2:remapped_mnx_not_in_cache;R2:remapped_mnx_not_in_cache;R2:remapped_mnx_not_in_cache;R3:placeholder_formula_not_structurally_identifiable
s_1533,Tyr-tRNA(Tyr),c,C9H11NO2R,1.0,tRNA_linked,True,bigg.metabolite;chebi;kegg.compound;metanetx.chemical,bigg.metabolite=tyrtrna;chebi=CHEBI:29161;kegg.compound=C02839;metanetx.chemical=MNXM89822,metanetx.chemical,74416,False,False,cache_record_without_structure,,,placeholder_formula_no_definite_structure,R2:remapped_mnx_not_in_cache;R2:remapped_mnx_not_in_cache;R2:remapped_mnx_not_in_cache;R2:remapped_mnx_not_in_cache;R2:remapped_mnx_not_in_cache;R2:remapped_mnx_not_in_cache;R3:placeholder_formula_not_structurally_identifiable
s_1534,Tyr-tRNA(Tyr),m,C9H11NO2R,1.0,tRNA_linked,True,bigg.metabolite;chebi;kegg.compound;metanetx.chemical,bigg.metabolite=tyrtrna;chebi=CHEBI:29161;kegg.compound=C02839;metanetx.chemical=MNXM89822,metanetx.chemical,74416,False,False,cache_record_without_structure,,,placeholder_formula_no_definite_structure,R2:remapped_mnx_not_in_cache;R2:remapped_mnx_not_in_cache;R2:remapped_mnx_not_in_cache;R2:remapped_mnx_not_in_cache;R2:remapped_mnx_not_in_cache;R2:remapped_mnx_not_in_cache;R3:placeholder_formula_not_structurally_identifiable
s_1561,Val-tRNA(Val),c,C5H11NOR,1.0,tRNA_linked,True,bigg.metabolite;chebi;kegg.compound;metanetx.chemical,bigg.metabolite=valtrna;chebi=CHEBI:29164;kegg.compound=C02554;metanetx.chemical=MNXM90110,metanetx.chemical,74452,False,False,cache_record_without_structure,,,placeholder_formula_no_definite_structure,R2:remapped_mnx_not_in_cache;R2:remapped_mnx_not_in_cache;R2:remapped_mnx_not_in_cache;R2:remapped_mnx_not_in_cache;R2:remapped_mnx_not_in_cache;R2:remapped_mnx_not_in_cache;R3:placeholder_formula_not_structurally_identifiable
s_1562,Val-tRNA(Val),m,C5H11NOR,1.0,tRNA_linked,True,bigg.metabolite;chebi;kegg.compound;metanetx.chemical,bigg.metabolite=valtrna;chebi=CHEBI:29164;kegg.compound=C02554;metanetx.chemical=MNXM90110,metanetx.chemical,74452,False,False,cache_record_without_structure,,,placeholder_formula_no_definite_structure,R2:remapped_mnx_not_in_cache;R2:remapped_mnx_not_in_cache;R2:remapped_mnx_not_in_cache;R2:remapped_mnx_not_in_cache;R2:remapped_mnx_not_in_cache;R2:remapped_mnx_not_in_cache;R3:placeholder_formula_not_structurally_identifiable
s_1582,tRNA(Ala),c,RH,0.0,tRNA_linked,True,bigg.metabolite;chebi;kegg.compound;metanetx.chemical,bigg.metabolite=trnaala;chebi=CHEBI:29170;kegg.compound=C01635;metanetx.chemical=MNXM89576,metanetx.chemical,74379,False,False,cache_record_without_structure,,,placeholder_formula_no_definite_structure,R2:composition_mismatch;R2:composition_mismatch;R2:composition_mismatch;R2:composition_mismatch;R2:composition_mismatch;R2:composition_mismatch;R3:placeholder_formula_not_structurally_identifiable
s_1583,tRNA(Arg),c,RH,0.0,tRNA_linked,True,bigg.metabolite;chebi;kegg.compound;metanetx.chemical,bigg.metabolite=trnaarg;chebi=CHEBI:29171;kegg.compound=C01636;metanetx.chemical=MNXM90751,metanetx.chemical,74561,False,False,cache_record_without_structure,,,placeholder_formula_no_definite_structure,R2:composition_mismatch;R2:composition_mismatch;R2:composition_mismatch;R2:composition_mismatch;R2:composition_mismatch;R2:composition_mismatch;R3:placeholder_formula_not_structurally_identifiable
s_1584,tRNA(Arg),m,RH,0.0,tRNA_linked,True,bigg.metabolite;chebi;kegg.compound;metanetx.chemical,bigg.metabolite=trnaarg;chebi=CHEBI:29171;kegg.compound=C01636;metanetx.chemical=MNXM90751,metanetx.chemical,74561,False,False,cache_record_without_structure,,,placeholder_formula_no_definite_structure,R2:composition_mismatch;R2:composition_mismatch;R2:composition_mismatch;R2:composition_mismatch;R2:composition_mismatch;R2:composition_mismatch;R3:placeholder_formula_not_structurally_identifiable
s_1585,tRNA(Asn),c,RH,0.0,tRNA_linked,True,bigg.metabolite;chebi;kegg.compound;metanetx.chemical,bigg.metabolite=trnaasn;chebi=CHEBI:29172;kegg.compound=C01637;metanetx.chemical=MNXM90665,metanetx.chemical,74546,False,False,cache_record_without_structure,,,placeholder_formula_no_definite_structure,R2:composition_mismatch;R2:composition_mismatch;R2:composition_mismatch;R2:composition_mismatch;R2:composition_mismatch;R2:composition_mismatch;R3:placeholder_formula_not_structurally_identifiable
s_1586,tRNA(Asn),m,RH,0.0,tRNA_linked,True,bigg.metabolite;chebi;kegg.compound;metanetx.chemical,bigg.metabolite=trnaasn;chebi=CHEBI:29172;kegg.compound=C01637;metanetx.chemical=MNXM90665,metanetx.chemical,74546,False,False,cache_record_without_structure,,,placeholder_formula_no_definite_structure,R2:composition_mismatch;R2:composition_mismatch;R2:composition_mismatch;R2:composition_mismatch;R2:composition_mismatch;R2:composition_mismatch;R3:placeholder_formula_not_structurally_identifiable
s_1587,tRNA(Asp),c,RH,0.0,tRNA_linked,True,bigg.metabolite;chebi;kegg.compound;metanetx.chemical,bigg.metabolite=trnaasp;chebi=CHEBI:29186;kegg.compound=C01638;metanetx.chemical=MNXM90752,metanetx.chemical,74562,False,False,cache_record_without_structure,,,placeholder_formula_no_definite_structure,R2:composition_mismatch;R2:composition_mismatch;R2:composition_mismatch;R2:composition_mismatch;R2:composition_mismatch;R2:composition_mismatch;R3:placeholder_formula_not_structurally_identifiable
s_1588,tRNA(Asp),m,RH,0.0,tRNA_linked,True,bigg.metabolite;chebi;kegg.compound;metanetx.chemical,bigg.metabolite=trnaasp;chebi=CHEBI:29186;kegg.compound=C01638;metanetx.chemical=MNXM90752,metanetx.chemical,74562,False,False,cache_record_without_structure,,,placeholder_formula_no_definite_structure,R2:composition_mismatch;R2:composition_mismatch;R2:composition_mismatch;R2:composition_mismatch;R2:composition_mismatch;R2:composition_mismatch;R3:placeholder_formula_not_structurally_identifiable
s_1589,tRNA(Cys),c,RH,0.0,tRNA_linked,True,bigg.metabolite;chebi;kegg.compound;metanetx.chemical,bigg.metabolite=trnacys;chebi=CHEBI:29167;kegg.compound=C01639;metanetx.chemical=MNXM162355,metanetx.chemical,131896,False,False,cache_record_without_structure,,,placeholder_formula_no_definite_structure,R2:composition_mismatch;R2:composition_mismatch;R2:composition_mismatch;R2:composition_mismatch;R2:composition_mismatch;R2:composition_mismatch;R3:placeholder_formula_not_structurally_identifiable
s_1590,tRNA(Gln),c,RH,0.0,tRNA_linked,True,bigg.metabolite;chebi;kegg.compound;metanetx.chemical,bigg.metabolite=trnagln;chebi=CHEBI:29168;kegg.compound=C01640;metanetx.chemical=MNXM71,metanetx.chemical,68,False,False,cache_record_without_structure,,,placeholder_formula_no_definite_structure,R2:composition_mismatch;R2:composition_mismatch;R2:composition_mismatch;R2:composition_mismatch;R2:composition_mismatch;R2:composition_mismatch;R3:placeholder_formula_not_structurally_identifiable
s_1591,tRNA(Glu),c,RH,0.0,tRNA_linked,True,bigg.metabolite;chebi;kegg.compound;metanetx.chemical,bigg.metabolite=trnaglu;chebi=CHEBI:29175;kegg.compound=C01641;metanetx.chemical=MNXM90886,metanetx.chemical,74593,False,False,cache_record_without_structure,,,placeholder_formula_no_definite_structure,R2:composition_mismatch;R2:composition_mismatch;R2:composition_mismatch;R2:composition_mismatch;R2:composition_mismatch;R2:composition_mismatch;R3:placeholder_formula_not_structurally_identifiable
s_1592,tRNA(Glu),m,RH,0.0,tRNA_linked,True,bigg.metabolite;chebi;kegg.compound;metanetx.chemical,bigg.metabolite=trnaglu;chebi=CHEBI:29175;kegg.compound=C01641;metanetx.chemical=MNXM90886,metanetx.chemical,74593,False,False,cache_record_without_structure,,,placeholder_formula_no_definite_structure,R2:composition_mismatch;R2:composition_mismatch;R2:composition_mismatch;R2:composition_mismatch;R2:composition_mismatch;R2:composition_mismatch;R3:placeholder_formula_not_structurally_identifiable
s_1593,tRNA(Gly),c,RH,0.0,tRNA_linked,True,bigg.metabolite;chebi;kegg.compound;metanetx.chemical,bigg.metabolite=trnagly;chebi=CHEBI:29176;kegg.compound=C01642;metanetx.chemical=MNXM90340,metanetx.chemical,74482,False,False,cache_record_without_structure,,,placeholder_formula_no_definite_structure,R2:composition_mismatch;R2:composition_mismatch;R2:composition_mismatch;R2:composition_mismatch;R2:composition_mismatch;R2:composition_mismatch;R3:placeholder_formula_not_structurally_identifiable
s_1594,tRNA(His),c,RH,0.0,tRNA_linked,True,bigg.metabolite;chebi;kegg.compound;metanetx.chemical,bigg.metabolite=trnahis;chebi=CHEBI:29178;kegg.compound=C01643;metanetx.chemical=MNXM90878,metanetx.chemical,74586,False,False,cache_record_without_structure,,,placeholder_formula_no_definite_structure,R2:composition_mismatch;R2:composition_mismatch;R2:composition_mismatch;R2:composition_mismatch;R2:composition_mismatch;R2:composition_mismatch;R3:placeholder_formula_not_structurally_identifiable
s_1595,tRNA(His),m,RH,0.0,tRNA_linked,True,bigg.metabolite;chebi;kegg.compound;metanetx.chemical,bigg.metabolite=trnahis;chebi=CHEBI:29178;kegg.compound=C01643;metanetx.chemical=MNXM90878,metanetx.chemical,74586,False,False,cache_record_without_structure,,,placeholder_formula_no_definite_structure,R2:composition_mismatch;R2:composition_mismatch;R2:composition_mismatch;R2:composition_mismatch;R2:composition_mismatch;R2:composition_mismatch;R3:placeholder_formula_not_structurally_identifiable
s_1596,tRNA(Ile),c,RH,0.0,tRNA_linked,True,bigg.metabolite;chebi;kegg.compound;metanetx.chemical,bigg.metabolite=trnaile;chebi=CHEBI:29174;kegg.compound=C01644;metanetx.chemical=MNXM90879,metanetx.chemical,74587,False,False,cache_record_without_structure,,,placeholder_formula_no_definite_structure,R2:composition_mismatch;R2:composition_mismatch;R2:composition_mismatch;R2:composition_mismatch;R2:composition_mismatch;R2:composition_mismatch;R3:placeholder_formula_not_structurally_identifiable
s_1597,tRNA(Ile),m,RH,0.0,tRNA_linked,True,bigg.metabolite;chebi;kegg.compound;metanetx.chemical,bigg.metabolite=trnaile;chebi=CHEBI:29174;kegg.compound=C01644;metanetx.chemical=MNXM90879,metanetx.chemical,74587,False,False,cache_record_without_structure,,,placeholder_formula_no_definite_structure,R2:composition_mismatch;R2:composition_mismatch;R2:composition_mismatch;R2:composition_mismatch;R2:composition_mismatch;R2:composition_mismatch;R3:placeholder_formula_not_structurally_identifiable
s_1598,tRNA(Leu),c,RH,0.0,tRNA_linked,True,bigg.metabolite;chebi;kegg.compound;metanetx.chemical,bigg.metabolite=trnaleu;chebi=CHEBI:29169;kegg.compound=C01645;metanetx.chemical=MNXM90880,metanetx.chemical,74588,False,False,cache_record_without_structure,,,placeholder_formula_no_definite_structure,R2:composition_mismatch;R2:composition_mismatch;R2:composition_mismatch;R2:composition_mismatch;R2:composition_mismatch;R2:composition_mismatch;R3:placeholder_formula_not_structurally_identifiable
s_1599,tRNA(Leu),m,RH,0.0,tRNA_linked,True,bigg.metabolite;chebi;kegg.compound;metanetx.chemical,bigg.metabolite=trnaleu;chebi=CHEBI:29169;kegg.compound=C01645;metanetx.chemical=MNXM90880,metanetx.chemical,74588,False,False,cache_record_without_structure,,,placeholder_formula_no_definite_structure,R2:composition_mismatch;R2:composition_mismatch;R2:composition_mismatch;R2:composition_mismatch;R2:composition_mismatch;R2:composition_mismatch;R3:placeholder_formula_not_structurally_identifiable
s_1600,tRNA(Lys),c,RH,0.0,tRNA_linked,True,bigg.metabolite;chebi;kegg.compound;metanetx.chemical,bigg.metabolite=trnalys;chebi=CHEBI:29185;kegg.compound=C01646;metanetx.chemical=MNXM90881,metanetx.chemical,74589,False,False,cache_record_without_structure,,,placeholder_formula_no_definite_structure,R2:composition_mismatch;R2:composition_mismatch;R2:composition_mismatch;R2:composition_mismatch;R2:composition_mismatch;R2:composition_mismatch;R3:placeholder_formula_not_structurally_identifiable
s_1601,tRNA(Lys),m,RH,0.0,tRNA_linked,True,bigg.metabolite;chebi;kegg.compound;metanetx.chemical,bigg.metabolite=trnalys;chebi=CHEBI:29185;kegg.compound=C01646;metanetx.chemical=MNXM90881,metanetx.chemical,74589,False,False,cache_record_without_structure,,,placeholder_formula_no_definite_structure,R2:composition_mismatch;R2:composition_mismatch;R2:composition_mismatch;R2:composition_mismatch;R2:composition_mismatch;R2:composition_mismatch;R3:placeholder_formula_not_structurally_identifiable
s_1602,tRNA(Met),c,RH,0.0,tRNA_linked,True,bigg.metabolite;chebi;kegg.compound;metanetx.chemical,bigg.metabolite=trnamet;chebi=CHEBI:29173;kegg.compound=C01647;metanetx.chemical=MNXM90882,metanetx.chemical,74590,False,False,cache_record_without_structure,,,placeholder_formula_no_definite_structure,R2:composition_mismatch;R2:composition_mismatch;R2:composition_mismatch;R2:composition_mismatch;R2:composition_mismatch;R2:composition_mismatch;R3:placeholder_formula_not_structurally_identifiable
s_1603,tRNA(Met),m,RH,0.0,tRNA_linked,True,bigg.metabolite;chebi;kegg.compound;metanetx.chemical,bigg.metabolite=trnamet;chebi=CHEBI:29173;kegg.compound=C01647;metanetx.chemical=MNXM90882,metanetx.chemical,74590,False,False,cache_record_without_structure,,,placeholder_formula_no_definite_structure,R2:composition_mismatch;R2:composition_mismatch;R2:composition_mismatch;R2:composition_mismatch;R2:composition_mismatch;R2:composition_mismatch;R3:placeholder_formula_not_structurally_identifiable
s_1604,tRNA(Phe),c,RH,0.0,tRNA_linked,True,bigg.metabolite;chebi;kegg.compound;metanetx.chemical,bigg.metabolite=trnaphe;chebi=CHEBI:29184;kegg.compound=C01648;metanetx.chemical=MNXM90753,metanetx.chemical,74563,False,False,cache_record_without_structure,,,placeholder_formula_no_definite_structure,R2:composition_mismatch;R2:composition_mismatch;R2:composition_mismatch;R2:composition_mismatch;R2:composition_mismatch;R2:composition_mismatch;R3:placeholder_formula_not_structurally_identifiable
s_1605,tRNA(Phe),m,RH,0.0,tRNA_linked,True,bigg.metabolite;chebi;kegg.compound;metanetx.chemical,bigg.metabolite=trnaphe;chebi=CHEBI:29184;kegg.compound=C01648;metanetx.chemical=MNXM90753,metanetx.chemical,74563,False,False,cache_record_without_structure,,,placeholder_formula_no_definite_structure,R2:composition_mismatch;R2:composition_mismatch;R2:composition_mismatch;R2:composition_mismatch;R2:composition_mismatch;R2:composition_mismatch;R3:placeholder_formula_not_structurally_identifiable
s_1606,tRNA(Pro),c,RH,0.0,tRNA_linked,True,bigg.metabolite;chebi;kegg.compound;metanetx.chemical,bigg.metabolite=trnapro;chebi=CHEBI:29177;kegg.compound=C01649;metanetx.chemical=MNXM90667,metanetx.chemical,74548,False,False,cache_record_without_structure,,,placeholder_formula_no_definite_structure,R2:composition_mismatch;R2:composition_mismatch;R2:composition_mismatch;R2:composition_mismatch;R2:composition_mismatch;R2:composition_mismatch;R3:placeholder_formula_not_structurally_identifiable
s_1607,tRNA(Ser),c,RH,0.0,tRNA_linked,True,bigg.metabolite;chebi;kegg.compound;metanetx.chemical,bigg.metabolite=trnaser;chebi=CHEBI:29179;kegg.compound=C01650;metanetx.chemical=MNXM91028,metanetx.chemical,74617,False,False,cache_record_without_structure,,,placeholder_formula_no_definite_structure,R2:composition_mismatch;R2:composition_mismatch;R2:composition_mismatch;R2:composition_mismatch;R2:composition_mismatch;R2:composition_mismatch;R3:placeholder_formula_not_structurally_identifiable
s_1608,tRNA(Thr),c,RH,0.0,tRNA_linked,True,bigg.metabolite;chebi;kegg.compound;metanetx.chemical,bigg.metabolite=trnathr;chebi=CHEBI:29180;kegg.compound=C01651;metanetx.chemical=MNXM90883,metanetx.chemical,74591,False,False,cache_record_without_structure,,,placeholder_formula_no_definite_structure,R2:composition_mismatch;R2:composition_mismatch;R2:composition_mismatch;R2:composition_mismatch;R2:composition_mismatch;R2:composition_mismatch;R3:placeholder_formula_not_structurally_identifiable
s_1609,tRNA(Thr),m,RH,0.0,tRNA_linked,True,bigg.metabolite;chebi;kegg.compound;metanetx.chemical,bigg.metabolite=trnathr;chebi=CHEBI:29180;kegg.compound=C01651;metanetx.chemical=MNXM90883,metanetx.chemical,74591,False,False,cache_record_without_structure,,,placeholder_formula_no_definite_structure,R2:composition_mismatch;R2:composition_mismatch;R2:composition_mismatch;R2:composition_mismatch;R2:composition_mismatch;R2:composition_mismatch;R3:placeholder_formula_not_structurally_identifiable
s_1610,tRNA(Trp),c,RH,0.0,tRNA_linked,True,bigg.metabolite;chebi;kegg.compound;metanetx.chemical,bigg.metabolite=trnatrp;chebi=CHEBI:29181;kegg.compound=C01652;metanetx.chemical=MNXM90755,metanetx.chemical,74564,False,False,cache_record_without_structure,,,placeholder_formula_no_definite_structure,R2:composition_mismatch;R2:composition_mismatch;R2:composition_mismatch;R2:composition_mismatch;R2:composition_mismatch;R2:composition_mismatch;R3:placeholder_formula_not_structurally_identifiable
s_1611,tRNA(Trp),m,RH,0.0,tRNA_linked,True,bigg.metabolite;chebi;kegg.compound;metanetx.chemical,bigg.metabolite=trnatrp;chebi=CHEBI:29181;kegg.compound=C01652;metanetx.chemical=MNXM90755,metanetx.chemical,74564,False,False,cache_record_without_structure,,,placeholder_formula_no_definite_structure,R2:composition_mismatch;R2:composition_mismatch;R2:composition_mismatch;R2:composition_mismatch;R2:composition_mismatch;R2:composition_mismatch;R3:placeholder_formula_not_structurally_identifiable
s_1612,tRNA(Tyr),c,RH,0.0,tRNA_linked,True,bigg.metabolite;chebi;kegg.compound;metanetx.chemical,bigg.metabolite=trnatyr;chebi=CHEBI:29182;kegg.compound=C00787;metanetx.chemical=MNXM90668,metanetx.chemical,74549,False,False,cache_record_without_structure,,,placeholder_formula_no_definite_structure,R2:composition_mismatch;R2:composition_mismatch;R2:composition_mismatch;R2:composition_mismatch;R2:composition_mismatch;R2:composition_mismatch;R3:placeholder_formula_not_structurally_identifiable
s_1613,tRNA(Tyr),m,RH,0.0,tRNA_linked,True,bigg.metabolite;chebi;kegg.compound;metanetx.chemical,bigg.metabolite=trnatyr;chebi=CHEBI:29182;kegg.compound=C00787;metanetx.chemical=MNXM90668,metanetx.chemical,74549,False,False,cache_record_without_structure,,,placeholder_formula_no_definite_structure,R2:composition_mismatch;R2:composition_mismatch;R2:composition_mismatch;R2:composition_mismatch;R2:composition_mismatch;R2:composition_mismatch;R3:placeholder_formula_not_structurally_identifiable
s_1614,tRNA(Val),c,RH,0.0,tRNA_linked,True,bigg.metabolite;chebi;kegg.compound;metanetx.chemical,bigg.metabolite=trnaval;chebi=CHEBI:29183;kegg.compound=C01653;metanetx.chemical=MNXM90885,metanetx.chemical,74592,False,False,cache_record_without_structure,,,placeholder_formula_no_definite_structure,R2:composition_mismatch;R2:composition_mismatch;R2:composition_mismatch;R2:composition_mismatch;R2:composition_mismatch;R2:composition_mismatch;R3:placeholder_formula_not_structurally_identifiable
s_1615,tRNA(Val),m,RH,0.0,tRNA_linked,True,bigg.metabolite;chebi;kegg.compound;metanetx.chemical,bigg.metabolite=trnaval;chebi=CHEBI:29183;kegg.compound=C01653;metanetx.chemical=MNXM90885,metanetx.chemical,74592,False,False,cache_record_without_structure,,,placeholder_formula_no_definite_structure,R2:composition_mismatch;R2:composition_mismatch;R2:composition_mismatch;R2:composition_mismatch;R2:composition_mismatch;R2:composition_mismatch;R3:placeholder_formula_not_structurally_identifiable
s_1845,ACP1,m,,0.0,other,True,bigg.metabolite;chebi;kegg.compound;metanetx.chemical,bigg.metabolite=ACP;chebi=CHEBI:18359;kegg.compound=C00229;metanetx.chemical=MNXM925,metanetx.chemical,858,False,False,cache_record_without_structure,,,placeholder_formula_no_definite_structure,R2:remapped_mnx_not_in_cache;R2:remapped_mnx_not_in_cache;R2:remapped_mnx_not_in_cache;R2:remapped_mnx_not_in_cache;R2:remapped_mnx_not_in_cache;R2:remapped_mnx_not_in_cache;R3:placeholder_formula_not_structurally_identifiable
s_2770,acetoacetyl-ACP,m,C4H5O2SR,0.0,protein_linked,True,bigg.metabolite;chebi;kegg.compound;metanetx.chemical,bigg.metabolite=actACP;chebi=CHEBI:2393;kegg.compound=C05744;metanetx.chemical=MNXM1223,metanetx.chemical,1130,False,False,cache_record_without_structure,,,placeholder_formula_no_definite_structure,R2:remapped_mnx_not_in_cache;R2:remapped_mnx_not_in_cache;R2:remapped_mnx_not_in_cache;R2:remapped_mnx_not_in_cache;R2:remapped_mnx_not_in_cache;R2:remapped_mnx_not_in_cache;R3:placeholder_formula_not_structurally_identifiable
s_2771,butanoyl-ACP,m,C4H7OSR,0.0,protein_linked,True,chebi;kegg.compound;metanetx.chemical,chebi=CHEBI:3247;kegg.compound=C05745;metanetx.chemical=MNXM2645,metanetx.chemical,2342,False,False,cache_record_without_structure,,,placeholder_formula_no_definite_structure,R2:remapped_mnx_not_in_cache;R2:remapped_mnx_not_in_cache;R2:remapped_mnx_not_in_cache;R2:remapped_mnx_not_in_cache;R3:placeholder_formula_not_structurally_identifiable
s_2772,3-oxo-hexanoyl-ACP,m,C6H9O2SR,0.0,protein_linked,True,bigg.metabolite;chebi;kegg.compound;metanetx.chemical,bigg.metabolite=3ohexACP;chebi=CHEBI:1642;kegg.compound=C05746;metanetx.chemical=MNXM25602,metanetx.chemical,15323,False,False,cache_record_without_structure,,,placeholder_formula_no_definite_structure,R2:remapped_mnx_not_in_cache;R2:remapped_mnx_not_in_cache;R2:remapped_mnx_not_in_cache;R2:remapped_mnx_not_in_cache;R2:remapped_mnx_not_in_cache;R2:remapped_mnx_not_in_cache;R3:placeholder_formula_not_structurally_identifiable
s_2773,hexanoyl-ACP,m,C6H11OSR,0.0,protein_linked,True,chebi;kegg.compound;metanetx.chemical,chebi=CHEBI:5704;kegg.compound=C05749;metanetx.chemical=MNXM23683,metanetx.chemical,13517,False,False,cache_record_without_structure,,,placeholder_formula_no_definite_structure,R2:remapped_mnx_not_in_cache;R2:remapped_mnx_not_in_cache;R2:remapped_mnx_not_in_cache;R2:remapped_mnx_not_in_cache;R3:placeholder_formula_not_structurally_identifiable
s_2774,3-oxo-octanoyl-ACP,m,C8H13O2SR,0.0,protein_linked,True,bigg.metabolite;chebi;kegg.compound;metanetx.chemical,bigg.metabolite=3ooctACP;chebi=CHEBI:1646;kegg.compound=C05750;metanetx.chemical=MNXM28031,metanetx.chemical,17592,False,False,cache_record_without_structure,,,placeholder_formula_no_definite_structure,R2:remapped_mnx_not_in_cache;R2:remapped_mnx_not_in_cache;R2:remapped_mnx_not_in_cache;R2:remapped_mnx_not_in_cache;R2:remapped_mnx_not_in_cache;R2:remapped_mnx_not_in_cache;R3:placeholder_formula_not_structurally_identifiable
s_2775,3-hydroxybutanoyl-ACP,m,C4H7O2SR,0.0,protein_linked,True,bigg.metabolite;kegg.compound,bigg.metabolite=3hbutACP;kegg.compound=C04618,kegg.compound,74748,False,False,cache_record_without_structure,,,placeholder_formula_no_definite_structure,R2:remapped_mnx_not_in_cache;R2:remapped_mnx_not_in_cache;R2:remapped_mnx_not_in_cache;R2:remapped_mnx_not_in_cache;R3:placeholder_formula_not_structurally_identifiable
s_2776,3-hydroxyhexanoyl-ACP,m,C6H11O2SR,0.0,protein_linked,True,bigg.metabolite;chebi;kegg.compound;metanetx.chemical,bigg.metabolite=3hhexACP;chebi=CHEBI:326;kegg.compound=C05747;metanetx.chemical=MNXM25370,metanetx.chemical,15102,False,False,cache_record_without_structure,,,placeholder_formula_no_definite_structure,R2:remapped_mnx_not_in_cache;R2:remapped_mnx_not_in_cache;R2:remapped_mnx_not_in_cache;R2:remapped_mnx_not_in_cache;R2:remapped_mnx_not_in_cache;R2:remapped_mnx_not_in_cache;R3:placeholder_formula_not_structurally_identifiable
s_2777,3-hydroxyoctanoyl-ACP,m,C8H15O2SR,0.0,protein_linked,True,bigg.metabolite;chebi;kegg.compound;metanetx.chemical,bigg.metabolite=3hoctaACP;chebi=CHEBI:80387;kegg.compound=C16220;metanetx.chemical=MNXM10033,metanetx.chemical,8007,False,False,cache_record_without_structure,,,placeholder_formula_no_definite_structure,R2:remapped_mnx_not_in_cache;R2:remapped_mnx_not_in_cache;R2:remapped_mnx_not_in_cache;R2:remapped_mnx_not_in_cache;R2:remapped_mnx_not_in_cache;R2:remapped_mnx_not_in_cache;R3:placeholder_formula_not_structurally_identifiable
s_2778,trans-but-2-enoyl-ACP,m,C4H5OSR,0.0,protein_linked,True,chebi,chebi=CHEBI:132146,chebi,6905,False,False,cache_record_without_structure,,,placeholder_formula_no_definite_structure,R2:remapped_mnx_not_in_cache;R2:remapped_mnx_not_in_cache;R3:placeholder_formula_not_structurally_identifiable
s_2779,trans-hex-2-enoyl-ACP,m,C6H9OSR,0.0,protein_linked,True,bigg.metabolite;chebi;kegg.compound;metanetx.chemical,bigg.metabolite=thex2eACP;chebi=CHEBI:10727;kegg.compound=C05748;metanetx.chemical=MNXM24502,metanetx.chemical,14285,False,False,cache_record_without_structure,,,placeholder_formula_no_definite_structure,R2:remapped_mnx_not_in_cache;R2:remapped_mnx_not_in_cache;R2:remapped_mnx_not_in_cache;R2:remapped_mnx_not_in_cache;R2:remapped_mnx_not_in_cache;R2:remapped_mnx_not_in_cache;R3:placeholder_formula_not_structurally_identifiable
s_2780,trans-oct-2-enoyl-ACP,m,C8H13OSR,0.0,protein_linked,True,bigg.metabolite;kegg.compound;metanetx.chemical,bigg.metabolite=toct2eACP;kegg.compound=C05751;metanetx.chemical=MNXM23766,metanetx.chemical,13594,False,False,cache_record_without_structure,,,placeholder_formula_no_definite_structure,R2:remapped_mnx_not_in_cache;R2:remapped_mnx_not_in_cache;R2:remapped_mnx_not_in_cache;R2:remapped_mnx_not_in_cache;R3:placeholder_formula_not_structurally_identifiable
s_2783,H+,erm,H,1.0,other,False,bigg.metabolite;chebi;kegg.compound;metanetx.chemical,bigg.metabolite=h;chebi=CHEBI:24636;kegg.compound=C00080;metanetx.chemical=MNXM1,metanetx.chemical,4,True,True,cache_structure_without_group_decomposition,,,structure_known_but_no_group_decomposition,R2:matched_but_no_group_decomposition;R2:matched_but_no_group_decomposition;R2:matched_but_no_group_decomposition;R2:matched_but_no_group_decomposition;R2:matched_but_no_group_decomposition;R2:matched_but_no_group_decomposition;R3:matched_but_no_group_decomposition;R3:matched_but_no_group_decomposition;R3:composition_mismatch;R3:composition_mismatch;R3:composition_mismatch;R3:matched_but_no_group_decomposition;R3:matched_but_no_group_decomposition;R3:composition_mismatch;R3:composition_mismatch;R3:composition_mismatch;R3:matched_but_no_group_decomposition;R3:matched_but_no_group_decomposition;R3:composition_mismatch;R3:composition_mismatch;R3:composition_mismatch;R3:matched_but_no_group_decomposition;R3:matched_but_no_group_decomposition;R3:composition_mismatch;R3:composition_mismatch;R3:composition_mismatch;R3:matched_but_no_group_decomposition;R3:matched_but_no_group_decomposition;R3:composition_mismatch;R3:composition_mismatch;R3:composition_mismatch;R3:matched_but_no_group_decomposition;R3:matched_but_no_group_decomposition;R3:composition_mismatch;R3:composition_mismatch;R3:composition_mismatch;R3:matched_but_no_group_decomposition;R3:matched_but_no_group_decomposition;R3:composition_mismatch;R3:composition_mismatch;R3:composition_mismatch;R3:matched_but_no_group_decomposition;R3:matched_but_no_group_decomposition;R3:composition_mismatch;R3:composition_mismatch;R3:composition_mismatch
s_2893,cis-tetradec-7-enoyl-CoA,p,C35H60N7O17P3S,0.0,acyl_CoA,False,,,,,False,False,unannotated_definite_formula,,,no_usable_structure_available,R3:no_structure_source
s_2895,cis-dodec-5-enoyl-CoA,p,C33H56N7O17P3S,0.0,acyl_CoA,False,,,,,False,False,unannotated_definite_formula,,,no_usable_structure_available,R3:no_structure_source
s_2896,"trans-2,cis-5-dodecadienoyl-CoA",p,C33H54N7O17P3S,0.0,acyl_CoA,False,,,,,False,False,unannotated_definite_formula,,,no_usable_structure_available,R3:no_structure_source
s_2901,"trans-2,cis-5-tetradecadienoyl-CoA",p,C35H58N7O17P3S,0.0,acyl_CoA,False,,,,,False,False,unannotated_definite_formula,,,no_usable_structure_available,R3:no_structure_source
s_2908,(R)-3-hydroxy-cis-hexadec-9-enoyl-CoA,p,C37H64N7O18P3S,0.0,acyl_CoA,False,,,,,False,False,unannotated_definite_formula,,,no_usable_structure_available,R3:no_structure_source
s_2909,(R)-3-hydroxy-cis-tetradec-7-enoyl-CoA,p,C35H60N7O18P3S,0.0,acyl_CoA,False,,,,,False,False,unannotated_definite_formula,,,no_usable_structure_available,R3:no_structure_source
s_2910,(R)-3-hydroxy-cis-dodec-5-enoyl-CoA,p,C33H56N7O18P3S,0.0,acyl_CoA,False,,,,,False,False,unannotated_definite_formula,,,no_usable_structure_available,R3:no_structure_source
s_2912,(R)-3-hydroxy-cis-hexadec-7-enoyl-CoA,p,C37H64N7O18P3S,0.0,acyl_CoA,False,chebi,chebi=CHEBI:88087,chebi,1675,False,False,cache_record_without_structure,R3_inchikey_structure,119980,,R2:remapped_mnx_not_in_cache;R2:remapped_mnx_not_in_cache;R3:priceable
s_2921,3-oxo-cis-tetradec-7-enoyl-CoA,p,C35H58N7O18P3S,0.0,acyl_CoA,False,,,,,False,False,unannotated_definite_formula,,,no_usable_structure_available,R3:no_structure_source
s_2922,3-oxo-cis-dodec-5-enoyl-CoA,p,C33H54N7O18P3S,0.0,acyl_CoA,False,,,,,False,False,unannotated_definite_formula,,,no_usable_structure_available,R3:no_structure_source
s_2928,"trans-3,cis-5-dodecadienoyl-CoA",p,C33H54N7O17P3S,0.0,acyl_CoA,False,chebi,chebi=CHEBI:139121,,,False,False,annotated_but_unmatched,R3_inchikey_structure,25015,,R2:remapped_mnx_not_in_cache;R2:remapped_mnx_not_in_cache;R3:priceable
s_2929,trans-dodec-3-enoyl-CoA,p,C33H56N7O17P3S,0.0,acyl_CoA,False,bigg.metabolite,bigg.metabolite=dd3coa,bigg.metabolite,10692,False,False,cache_record_without_structure,R3_inchikey_structure,3413,,R2:remapped_mnx_not_in_cache;R2:remapped_mnx_not_in_cache;R3:priceable
s_2941,acylglycerone phosphate (16:1),erm,C19H35O7P,0.0,fatty_acid_acyl_chain,False,,,,,False,False,unannotated_definite_formula,,,no_usable_structure_available,R3:no_structure_source
s_2949,acylglycerone phosphate (16:1),lp,C19H35O7P,0.0,fatty_acid_acyl_chain,False,,,,,False,False,unannotated_definite_formula,,,no_usable_structure_available,R3:no_structure_source
s_3013,"triglyceride (1-16:1, 2-16:1, 3-16:0)",erm,C51H94O6,0.0,triacylglycerol_TAG,False,bigg.metabolite,bigg.metabolite=tag1619Z1619Z160,,,False,False,annotated_but_unmatched,,,no_usable_structure_available,R2:remapped_mnx_not_in_cache;R2:remapped_mnx_not_in_cache;R3:structure_not_parseable;R3:structure_not_parseable
s_3014,"triglyceride (1-16:1, 2-18:1, 3-16:0)",erm,C53H98O6,0.0,triacylglycerol_TAG,False,,,,,False,False,unannotated_definite_formula,,,no_usable_structure_available,R3:no_structure_source
s_3015,"triglyceride (1-18:0, 2-16:1, 3-16:0)",erm,C53H100O6,0.0,triacylglycerol_TAG,False,,,,,False,False,unannotated_definite_formula,,,no_usable_structure_available,R3:no_structure_source
s_3017,"triglyceride (1-18:1, 2-16:1, 3-16:0)",erm,C53H98O6,0.0,triacylglycerol_TAG,False,,,,,False,False,unannotated_definite_formula,,,no_usable_structure_available,R3:no_structure_source
s_3020,"triglyceride (1-16:0, 2-18:1, 3-16:1)",erm,C53H98O6,0.0,triacylglycerol_TAG,False,,,,,False,False,unannotated_definite_formula,,,no_usable_structure_available,R3:no_structure_source
s_3022,"triglyceride (1-16:1, 2-18:1, 3-16:1)",erm,C53H96O6,0.0,triacylglycerol_TAG,False,,,,,False,False,unannotated_definite_formula,,,no_usable_structure_available,R3:no_structure_source
s_3024,"triglyceride (1-18:0, 2-18:1, 3-16:1)",erm,C55H102O6,0.0,triacylglycerol_TAG,False,,,,,False,False,unannotated_definite_formula,,,no_usable_structure_available,R3:no_structure_source
s_3025,"triglyceride (1-18:1, 2-16:1, 3-16:1)",erm,C53H96O6,0.0,triacylglycerol_TAG,False,bigg.metabolite,bigg.metabolite=tag1819Z1619Z1619Z,,,False,False,annotated_but_unmatched,,,no_usable_structure_available,R2:remapped_mnx_not_in_cache;R2:remapped_mnx_not_in_cache;R3:structure_not_parseable;R3:structure_not_parseable
s_3026,"triglyceride (1-18:1, 2-18:1, 3-16:1)",erm,C55H100O6,0.0,triacylglycerol_TAG,False,,,,,False,False,unannotated_definite_formula,,,no_usable_structure_available,R3:no_structure_source
s_3029,"triglyceride (1-16:1, 2-16:1, 3-18:0)",erm,C53H98O6,0.0,triacylglycerol_TAG,False,,,,,False,False,unannotated_definite_formula,,,no_usable_structure_available,R3:no_structure_source
s_3030,"triglyceride (1-16:1, 2-18:1, 3-18:0)",erm,C55H102O6,0.0,triacylglycerol_TAG,False,,,,,False,False,unannotated_definite_formula,,,no_usable_structure_available,R3:no_structure_source
s_3032,"triglyceride (1-18:0, 2-18:1, 3-18:0)",erm,C57H108O6,0.0,triacylglycerol_TAG,False,chebi,chebi=CHEBI:90305,chebi,690633,False,False,cache_record_without_structure,,,no_usable_structure_available,R2:composition_mismatch;R2:composition_mismatch;R3:structure_not_parseable;R3:structure_not_parseable
s_3033,"triglyceride (1-18:1, 2-16:1, 3-18:0)",erm,C55H102O6,0.0,triacylglycerol_TAG,False,,,,,False,False,unannotated_definite_formula,,,no_usable_structure_available,R3:no_structure_source
s_3034,"triglyceride (1-18:1, 2-18:1, 3-18:0)",erm,C57H106O6,0.0,triacylglycerol_TAG,False,,,,,False,False,unannotated_definite_formula,,,no_usable_structure_available,R3:no_structure_source
s_3035,"triglyceride (1-16:0, 2-16:1, 3-18:1)",erm,C53H98O6,0.0,triacylglycerol_TAG,False,,,,,False,False,unannotated_definite_formula,,,no_usable_structure_available,R3:no_structure_source
s_3036,"triglyceride (1-16:0, 2-18:1, 3-18:1)",erm,C55H102O6,0.0,triacylglycerol_TAG,False,,,,,False,False,unannotated_definite_formula,,,no_usable_structure_available,R3:no_structure_source
s_3039,"triglyceride (1-18:0, 2-16:1, 3-18:1)",erm,C55H102O6,0.0,triacylglycerol_TAG,False,,,,,False,False,unannotated_definite_formula,,,no_usable_structure_available,R3:no_structure_source
s_3040,"triglyceride (1-18:0, 2-18:1, 3-18:1)",erm,C57H106O6,0.0,triacylglycerol_TAG,False,,,,,False,False,unannotated_definite_formula,,,no_usable_structure_available,R3:no_structure_source
s_3048,"triglyceride (1-16:1, 2-16:1, 3-16:0)",lp,C51H94O6,0.0,triacylglycerol_TAG,False,bigg.metabolite,bigg.metabolite=tag1619Z1619Z160,,,False,False,annotated_but_unmatched,,,no_usable_structure_available,R2:remapped_mnx_not_in_cache;R2:remapped_mnx_not_in_cache;R3:structure_not_parseable;R3:structure_not_parseable
s_3050,"triglyceride (1-16:1, 2-18:1, 3-16:0)",lp,C53H98O6,0.0,triacylglycerol_TAG,False,,,,,False,False,unannotated_definite_formula,,,no_usable_structure_available,R3:no_structure_source
s_3052,"triglyceride (1-18:0, 2-16:1, 3-16:0)",lp,C53H100O6,0.0,triacylglycerol_TAG,False,,,,,False,False,unannotated_definite_formula,,,no_usable_structure_available,R3:no_structure_source
s_3056,"triglyceride (1-18:1, 2-16:1, 3-16:0)",lp,C53H98O6,0.0,triacylglycerol_TAG,False,,,,,False,False,unannotated_definite_formula,,,no_usable_structure_available,R3:no_structure_source
s_3060,"triglyceride (1-16:0, 2-18:1, 3-16:1)",lp,C53H98O6,0.0,triacylglycerol_TAG,False,,,,,False,False,unannotated_definite_formula,,,no_usable_structure_available,R3:no_structure_source
s_3062,"triglyceride (1-16:1, 2-18:1, 3-16:1)",lp,C53H96O6,0.0,triacylglycerol_TAG,False,,,,,False,False,unannotated_definite_formula,,,no_usable_structure_available,R3:no_structure_source
s_3064,"triglyceride (1-18:0, 2-18:1, 3-16:1)",lp,C55H102O6,0.0,triacylglycerol_TAG,False,,,,,False,False,unannotated_definite_formula,,,no_usable_structure_available,R3:no_structure_source
s_3065,"triglyceride (1-18:1, 2-16:1, 3-16:1)",lp,C53H96O6,0.0,triacylglycerol_TAG,False,bigg.metabolite,bigg.metabolite=tag1819Z1619Z1619Z,,,False,False,annotated_but_unmatched,,,no_usable_structure_available,R2:remapped_mnx_not_in_cache;R2:remapped_mnx_not_in_cache;R3:structure_not_parseable;R3:structure_not_parseable
s_3066,"triglyceride (1-18:1, 2-18:1, 3-16:1)",lp,C55H100O6,0.0,triacylglycerol_TAG,False,,,,,False,False,unannotated_definite_formula,,,no_usable_structure_available,R3:no_structure_source
s_3069,"triglyceride (1-16:1, 2-16:1, 3-18:0)",lp,C53H98O6,0.0,triacylglycerol_TAG,False,,,,,False,False,unannotated_definite_formula,,,no_usable_structure_available,R3:no_structure_source
s_3070,"triglyceride (1-16:1, 2-18:1, 3-18:0)",lp,C55H102O6,0.0,triacylglycerol_TAG,False,,,,,False,False,unannotated_definite_formula,,,no_usable_structure_available,R3:no_structure_source
s_3072,"triglyceride (1-18:0, 2-18:1, 3-18:0)",lp,C57H108O6,0.0,triacylglycerol_TAG,False,chebi,chebi=CHEBI:90305,chebi,690633,False,False,cache_record_without_structure,,,no_usable_structure_available,R2:composition_mismatch;R2:composition_mismatch;R3:structure_not_parseable;R3:structure_not_parseable
s_3073,"triglyceride (1-18:1, 2-16:1, 3-18:0)",lp,C55H102O6,0.0,triacylglycerol_TAG,False,,,,,False,False,unannotated_definite_formula,,,no_usable_structure_available,R3:no_structure_source
s_3074,"triglyceride (1-18:1, 2-18:1, 3-18:0)",lp,C57H106O6,0.0,triacylglycerol_TAG,False,,,,,False,False,unannotated_definite_formula,,,no_usable_structure_available,R3:no_structure_source
s_3075,"triglyceride (1-16:0, 2-16:1, 3-18:1)",lp,C53H98O6,0.0,triacylglycerol_TAG,False,,,,,False,False,unannotated_definite_formula,,,no_usable_structure_available,R3:no_structure_source
s_3076,"triglyceride (1-16:0, 2-18:1, 3-18:1)",lp,C55H102O6,0.0,triacylglycerol_TAG,False,,,,,False,False,unannotated_definite_formula,,,no_usable_structure_available,R3:no_structure_source
s_3079,"triglyceride (1-18:0, 2-16:1, 3-18:1)",lp,C55H102O6,0.0,triacylglycerol_TAG,False,,,,,False,False,unannotated_definite_formula,,,no_usable_structure_available,R3:no_structure_source
s_3080,"triglyceride (1-18:0, 2-18:1, 3-18:1)",lp,C57H106O6,0.0,triacylglycerol_TAG,False,,,,,False,False,unannotated_definite_formula,,,no_usable_structure_available,R3:no_structure_source
s_3084,"CDP-diacylglycerol (1-16:0, 2-16:1)",erm,C44H79N3O15P2,0.0,phosphatidate_PA,False,,,,,False,False,unannotated_definite_formula,,,no_usable_structure_available,R3:no_structure_source
s_3086,"CDP-diacylglycerol (1-18:0, 2-16:1)",erm,C46H83N3O15P2,0.0,phosphatidate_PA,False,,,,,False,False,unannotated_definite_formula,,,no_usable_structure_available,R3:no_structure_source
s_3087,"CDP-diacylglycerol (1-18:1, 2-16:1)",erm,C46H81N3O15P2,0.0,phosphatidate_PA,False,,,,,False,False,unannotated_definite_formula,,,no_usable_structure_available,R3:no_structure_source
s_3089,"CDP-diacylglycerol (1-16:1, 2-18:1)",erm,C46H81N3O15P2,0.0,phosphatidate_PA,False,,,,,False,False,unannotated_definite_formula,,,no_usable_structure_available,R3:no_structure_source
s_3090,"CDP-diacylglycerol (1-18:0, 2-18:1)",erm,C48H87N3O15P2,0.0,phosphatidate_PA,False,,,,,False,False,unannotated_definite_formula,,,no_usable_structure_available,R3:no_structure_source
s_3094,H+,mm,H,1.0,other,False,bigg.metabolite;chebi;kegg.compound;metanetx.chemical,bigg.metabolite=h;chebi=CHEBI:24636;kegg.compound=C00080;metanetx.chemical=MNXM1,metanetx.chemical,4,True,True,cache_structure_without_group_decomposition,,,structure_known_but_no_group_decomposition,R2:matched_but_no_group_decomposition;R2:matched_but_no_group_decomposition;R2:matched_but_no_group_decomposition;R2:matched_but_no_group_decomposition;R2:matched_but_no_group_decomposition;R2:matched_but_no_group_decomposition;R3:matched_but_no_group_decomposition;R3:matched_but_no_group_decomposition;R3:composition_mismatch;R3:composition_mismatch;R3:composition_mismatch;R3:matched_but_no_group_decomposition;R3:matched_but_no_group_decomposition;R3:composition_mismatch;R3:composition_mismatch;R3:composition_mismatch;R3:matched_but_no_group_decomposition;R3:matched_but_no_group_decomposition;R3:composition_mismatch;R3:composition_mismatch;R3:composition_mismatch;R3:matched_but_no_group_decomposition;R3:matched_but_no_group_decomposition;R3:composition_mismatch;R3:composition_mismatch;R3:composition_mismatch;R3:matched_but_no_group_decomposition;R3:matched_but_no_group_decomposition;R3:composition_mismatch;R3:composition_mismatch;R3:composition_mismatch;R3:matched_but_no_group_decomposition;R3:matched_but_no_group_decomposition;R3:composition_mismatch;R3:composition_mismatch;R3:composition_mismatch;R3:matched_but_no_group_decomposition;R3:matched_but_no_group_decomposition;R3:composition_mismatch;R3:composition_mismatch;R3:composition_mismatch;R3:matched_but_no_group_decomposition;R3:matched_but_no_group_decomposition;R3:composition_mismatch;R3:composition_mismatch;R3:composition_mismatch
s_3096,"CDP-diacylglycerol (1-16:0, 2-16:1)",mm,C44H79N3O15P2,0.0,phosphatidate_PA,False,,,,,False,False,unannotated_definite_formula,,,no_usable_structure_available,R3:no_structure_source
s_3100,"CDP-diacylglycerol (1-18:0, 2-16:1)",mm,C46H83N3O15P2,0.0,phosphatidate_PA,False,,,,,False,False,unannotated_definite_formula,,,no_usable_structure_available,R3:no_structure_source
s_3102,"CDP-diacylglycerol (1-18:1, 2-16:1)",mm,C46H81N3O15P2,0.0,phosphatidate_PA,False,,,,,False,False,unannotated_definite_formula,,,no_usable_structure_available,R3:no_structure_source
s_3106,"CDP-diacylglycerol (1-16:1, 2-18:1)",mm,C46H81N3O15P2,0.0,phosphatidate_PA,False,,,,,False,False,unannotated_definite_formula,,,no_usable_structure_available,R3:no_structure_source
s_3119,"1-phosphatidyl-1D-myo-inositol (1-16:1, 2-16:1)",erm,C41H75O13P,0.0,phosphatidylinositol_PI,False,bigg.metabolite,bigg.metabolite=pail161,,,False,False,annotated_but_unmatched,,,no_usable_structure_available,R2:remapped_mnx_not_in_cache;R2:remapped_mnx_not_in_cache;R3:structure_not_parseable;R3:structure_not_parseable
s_3126,sn-2-acyl-1-lysophosphatidylinositol (16:1),erm,C25H47O12P,0.0,phosphatidylinositol_PI,False,chebi,chebi=CHEBI:138108,,,False,False,annotated_but_unmatched,R2_metanetx_xref,443150,,R2:priceable
s_3127,sn-2-acyl-1-lysophosphatidylinositol (18:1),erm,C27H51O12P,0.0,phosphatidylinositol_PI,False,,,,,False,False,unannotated_definite_formula,,,no_usable_structure_available,R3:no_structure_source
s_3130,"phosphatidylethanolamine (1-16:0, 2-16:1)",mm,C37H72NO8P,0.0,phosphatidylethanolamine_PE,False,chebi,chebi=CHEBI:136147,chebi,557534,False,False,cache_record_without_structure,,,no_usable_structure_available,R2:composition_mismatch;R2:composition_mismatch;R3:structure_not_parseable;R3:structure_not_parseable
s_3132,"phosphatidylethanolamine (1-16:1, 2-16:1)",mm,C37H70NO8P,0.0,phosphatidylethanolamine_PE,False,bigg.metabolite;chebi,bigg.metabolite=pe161;chebi=CHEBI:138792,bigg.metabolite,57390,False,False,cache_record_without_structure,,,structure_absent_from_cache,R2:remapped_mnx_not_in_cache;R2:remapped_mnx_not_in_cache;R2:remapped_mnx_not_in_cache;R2:remapped_mnx_not_in_cache;R3:inchikey_not_in_cache;R3:inchikey_not_in_cache;R3:inchikey_not_in_cache;R3:inchikey_not_in_cache
s_3134,"phosphatidylethanolamine (1-18:0, 2-16:1)",mm,C39H76NO8P,0.0,phosphatidylethanolamine_PE,False,chebi,chebi=CHEBI:136155,chebi,557545,False,False,cache_record_without_structure,,,no_usable_structure_available,R2:composition_mismatch;R2:composition_mismatch;R3:structure_not_parseable;R3:structure_not_parseable
s_3138,"phosphatidylethanolamine (1-16:0, 2-18:1)",mm,C39H76NO8P,0.0,phosphatidylethanolamine_PE,False,chebi,chebi=CHEBI:136148,chebi,557536,False,False,cache_record_without_structure,,,no_usable_structure_available,R2:composition_mismatch;R2:composition_mismatch;R3:structure_not_parseable;R3:structure_not_parseable
s_3140,"phosphatidylethanolamine (1-16:1, 2-18:1)",mm,C39H74NO8P,0.0,phosphatidylethanolamine_PE,False,chebi,chebi=CHEBI:90464,chebi,580392,False,False,cache_record_without_structure,,,no_usable_structure_available,R2:composition_mismatch;R2:composition_mismatch;R3:structure_not_parseable;R3:structure_not_parseable
s_3142,"phosphatidylethanolamine (1-18:0, 2-18:1)",mm,C41H80NO8P,0.0,phosphatidylethanolamine_PE,False,chebi,chebi=CHEBI:136162,chebi,557551,False,False,cache_record_without_structure,,,no_usable_structure_available,R2:composition_mismatch;R2:composition_mismatch;R3:structure_not_parseable;R3:structure_not_parseable
s_3144,"phosphatidylethanolamine (1-18:1, 2-18:1)",mm,C41H78NO8P,0.0,phosphatidylethanolamine_PE,False,chebi,chebi=CHEBI:136170,chebi,557562,False,False,cache_record_without_structure,,,no_usable_structure_available,R2:composition_mismatch;R2:composition_mismatch;R3:structure_not_parseable;R3:structure_not_parseable
s_3146,H+,gm,H,1.0,other,False,bigg.metabolite;chebi;kegg.compound;metanetx.chemical,bigg.metabolite=h;chebi=CHEBI:24636;kegg.compound=C00080;metanetx.chemical=MNXM1,metanetx.chemical,4,True,True,cache_structure_without_group_decomposition,,,structure_known_but_no_group_decomposition,R2:matched_but_no_group_decomposition;R2:matched_but_no_group_decomposition;R2:matched_but_no_group_decomposition;R2:matched_but_no_group_decomposition;R2:matched_but_no_group_decomposition;R2:matched_but_no_group_decomposition;R3:matched_but_no_group_decomposition;R3:matched_but_no_group_decomposition;R3:composition_mismatch;R3:composition_mismatch;R3:composition_mismatch;R3:matched_but_no_group_decomposition;R3:matched_but_no_group_decomposition;R3:composition_mismatch;R3:composition_mismatch;R3:composition_mismatch;R3:matched_but_no_group_decomposition;R3:matched_but_no_group_decomposition;R3:composition_mismatch;R3:composition_mismatch;R3:composition_mismatch;R3:matched_but_no_group_decomposition;R3:matched_but_no_group_decomposition;R3:composition_mismatch;R3:composition_mismatch;R3:composition_mismatch;R3:matched_but_no_group_decomposition;R3:matched_but_no_group_decomposition;R3:composition_mismatch;R3:composition_mismatch;R3:composition_mismatch;R3:matched_but_no_group_decomposition;R3:matched_but_no_group_decomposition;R3:composition_mismatch;R3:composition_mismatch;R3:composition_mismatch;R3:matched_but_no_group_decomposition;R3:matched_but_no_group_decomposition;R3:composition_mismatch;R3:composition_mismatch;R3:composition_mismatch;R3:matched_but_no_group_decomposition;R3:matched_but_no_group_decomposition;R3:composition_mismatch;R3:composition_mismatch;R3:composition_mismatch
s_3148,"phosphatidylethanolamine (1-16:0, 2-16:1)",gm,C37H72NO8P,0.0,phosphatidylethanolamine_PE,False,chebi,chebi=CHEBI:136147,chebi,557534,False,False,cache_record_without_structure,,,no_usable_structure_available,R2:composition_mismatch;R2:composition_mismatch;R3:structure_not_parseable;R3:structure_not_parseable
s_3150,"phosphatidylethanolamine (1-16:1, 2-16:1)",gm,C37H70NO8P,0.0,phosphatidylethanolamine_PE,False,bigg.metabolite;chebi,bigg.metabolite=pe161;chebi=CHEBI:138792,bigg.metabolite,57390,False,False,cache_record_without_structure,,,structure_absent_from_cache,R2:remapped_mnx_not_in_cache;R2:remapped_mnx_not_in_cache;R2:remapped_mnx_not_in_cache;R2:remapped_mnx_not_in_cache;R3:inchikey_not_in_cache;R3:inchikey_not_in_cache;R3:inchikey_not_in_cache;R3:inchikey_not_in_cache
s_3152,"phosphatidylethanolamine (1-18:0, 2-16:1)",gm,C39H76NO8P,0.0,phosphatidylethanolamine_PE,False,chebi,chebi=CHEBI:136155,chebi,557545,False,False,cache_record_without_structure,,,no_usable_structure_available,R2:composition_mismatch;R2:composition_mismatch;R3:structure_not_parseable;R3:structure_not_parseable
s_3156,"phosphatidylethanolamine (1-16:0, 2-18:1)",gm,C39H76NO8P,0.0,phosphatidylethanolamine_PE,False,chebi,chebi=CHEBI:136148,chebi,557536,False,False,cache_record_without_structure,,,no_usable_structure_available,R2:composition_mismatch;R2:composition_mismatch;R3:structure_not_parseable;R3:structure_not_parseable
s_3158,"phosphatidylethanolamine (1-16:1, 2-18:1)",gm,C39H74NO8P,0.0,phosphatidylethanolamine_PE,False,chebi,chebi=CHEBI:90464,chebi,580392,False,False,cache_record_without_structure,,,no_usable_structure_available,R2:composition_mismatch;R2:composition_mismatch;R3:structure_not_parseable;R3:structure_not_parseable
s_3160,"phosphatidylethanolamine (1-18:0, 2-18:1)",gm,C41H80NO8P,0.0,phosphatidylethanolamine_PE,False,chebi,chebi=CHEBI:136162,chebi,557551,False,False,cache_record_without_structure,,,no_usable_structure_available,R2:composition_mismatch;R2:composition_mismatch;R3:structure_not_parseable;R3:structure_not_parseable
s_3162,"phosphatidylethanolamine (1-18:1, 2-18:1)",gm,C41H78NO8P,0.0,phosphatidylethanolamine_PE,False,chebi,chebi=CHEBI:136170,chebi,557562,False,False,cache_record_without_structure,,,no_usable_structure_available,R2:composition_mismatch;R2:composition_mismatch;R3:structure_not_parseable;R3:structure_not_parseable
s_3164,H+,vm,H,1.0,other,False,bigg.metabolite;chebi;kegg.compound;metanetx.chemical,bigg.metabolite=h;chebi=CHEBI:24636;kegg.compound=C00080;metanetx.chemical=MNXM1,metanetx.chemical,4,True,True,cache_structure_without_group_decomposition,,,structure_known_but_no_group_decomposition,R2:matched_but_no_group_decomposition;R2:matched_but_no_group_decomposition;R2:matched_but_no_group_decomposition;R2:matched_but_no_group_decomposition;R2:matched_but_no_group_decomposition;R2:matched_but_no_group_decomposition;R3:matched_but_no_group_decomposition;R3:matched_but_no_group_decomposition;R3:composition_mismatch;R3:composition_mismatch;R3:composition_mismatch;R3:matched_but_no_group_decomposition;R3:matched_but_no_group_decomposition;R3:composition_mismatch;R3:composition_mismatch;R3:composition_mismatch;R3:matched_but_no_group_decomposition;R3:matched_but_no_group_decomposition;R3:composition_mismatch;R3:composition_mismatch;R3:composition_mismatch;R3:matched_but_no_group_decomposition;R3:matched_but_no_group_decomposition;R3:composition_mismatch;R3:composition_mismatch;R3:composition_mismatch;R3:matched_but_no_group_decomposition;R3:matched_but_no_group_decomposition;R3:composition_mismatch;R3:composition_mismatch;R3:composition_mismatch;R3:matched_but_no_group_decomposition;R3:matched_but_no_group_decomposition;R3:composition_mismatch;R3:composition_mismatch;R3:composition_mismatch;R3:matched_but_no_group_decomposition;R3:matched_but_no_group_decomposition;R3:composition_mismatch;R3:composition_mismatch;R3:composition_mismatch;R3:matched_but_no_group_decomposition;R3:matched_but_no_group_decomposition;R3:composition_mismatch;R3:composition_mismatch;R3:composition_mismatch
s_3166,"phosphatidylethanolamine (1-16:0, 2-16:1)",vm,C37H72NO8P,0.0,phosphatidylethanolamine_PE,False,chebi,chebi=CHEBI:136147,chebi,557534,False,False,cache_record_without_structure,,,no_usable_structure_available,R2:composition_mismatch;R2:composition_mismatch;R3:structure_not_parseable;R3:structure_not_parseable
s_3168,"phosphatidylethanolamine (1-16:1, 2-16:1)",vm,C37H70NO8P,0.0,phosphatidylethanolamine_PE,False,bigg.metabolite;chebi,bigg.metabolite=pe161;chebi=CHEBI:138792,bigg.metabolite,57390,False,False,cache_record_without_structure,,,structure_absent_from_cache,R2:remapped_mnx_not_in_cache;R2:remapped_mnx_not_in_cache;R2:remapped_mnx_not_in_cache;R2:remapped_mnx_not_in_cache;R3:inchikey_not_in_cache;R3:inchikey_not_in_cache;R3:inchikey_not_in_cache;R3:inchikey_not_in_cache
s_3170,"phosphatidylethanolamine (1-18:0, 2-16:1)",vm,C39H76NO8P,0.0,phosphatidylethanolamine_PE,False,chebi,chebi=CHEBI:136155,chebi,557545,False,False,cache_record_without_structure,,,no_usable_structure_available,R2:composition_mismatch;R2:composition_mismatch;R3:structure_not_parseable;R3:structure_not_parseable
s_3174,"phosphatidylethanolamine (1-16:0, 2-18:1)",vm,C39H76NO8P,0.0,phosphatidylethanolamine_PE,False,chebi,chebi=CHEBI:136148,chebi,557536,False,False,cache_record_without_structure,,,no_usable_structure_available,R2:composition_mismatch;R2:composition_mismatch;R3:structure_not_parseable;R3:structure_not_parseable
s_3176,"phosphatidylethanolamine (1-16:1, 2-18:1)",vm,C39H74NO8P,0.0,phosphatidylethanolamine_PE,False,chebi,chebi=CHEBI:90464,chebi,580392,False,False,cache_record_without_structure,,,no_usable_structure_available,R2:composition_mismatch;R2:composition_mismatch;R3:structure_not_parseable;R3:structure_not_parseable
s_3178,"phosphatidylethanolamine (1-18:0, 2-18:1)",vm,C41H80NO8P,0.0,phosphatidylethanolamine_PE,False,chebi,chebi=CHEBI:136162,chebi,557551,False,False,cache_record_without_structure,,,no_usable_structure_available,R2:composition_mismatch;R2:composition_mismatch;R3:structure_not_parseable;R3:structure_not_parseable
s_3180,"phosphatidylethanolamine (1-18:1, 2-18:1)",vm,C41H78NO8P,0.0,phosphatidylethanolamine_PE,False,chebi,chebi=CHEBI:136170,chebi,557562,False,False,cache_record_without_structure,,,no_usable_structure_available,R2:composition_mismatch;R2:composition_mismatch;R3:structure_not_parseable;R3:structure_not_parseable
s_3181,"phosphatidylethanolamine (1-16:0, 2-16:1)",erm,C37H72NO8P,0.0,phosphatidylethanolamine_PE,False,chebi,chebi=CHEBI:136147,chebi,557534,False,False,cache_record_without_structure,,,no_usable_structure_available,R2:composition_mismatch;R2:composition_mismatch;R3:structure_not_parseable;R3:structure_not_parseable
s_3184,"phosphatidyl-N-methylethanolamine (1-16:0, 2-16:1)",erm,C38H74NO8P,0.0,phosphatidylethanolamine_PE,False,,,,,False,False,unannotated_definite_formula,,,no_usable_structure_available,R3:no_structure_source
s_3185,"phosphatidylethanolamine (1-16:1, 2-16:1)",erm,C37H70NO8P,0.0,phosphatidylethanolamine_PE,False,bigg.metabolite;chebi,bigg.metabolite=pe161;chebi=CHEBI:138792,bigg.metabolite,57390,False,False,cache_record_without_structure,,,structure_absent_from_cache,R2:remapped_mnx_not_in_cache;R2:remapped_mnx_not_in_cache;R2:remapped_mnx_not_in_cache;R2:remapped_mnx_not_in_cache;R3:inchikey_not_in_cache;R3:inchikey_not_in_cache;R3:inchikey_not_in_cache;R3:inchikey_not_in_cache
s_3186,"phosphatidyl-N-methylethanolamine (1-16:1, 2-16:1)",erm,C38H72NO8P,0.0,phosphatidylethanolamine_PE,False,,,,,False,False,unannotated_definite_formula,,,no_usable_structure_available,R3:no_structure_source
s_3187,"phosphatidylethanolamine (1-18:0, 2-16:1)",erm,C39H76NO8P,0.0,phosphatidylethanolamine_PE,False,chebi,chebi=CHEBI:136155,chebi,557545,False,False,cache_record_without_structure,,,no_usable_structure_available,R2:composition_mismatch;R2:composition_mismatch;R3:structure_not_parseable;R3:structure_not_parseable
s_3188,"phosphatidyl-N-methylethanolamine (1-18:0, 2-16:1)",erm,C40H78NO8P,0.0,phosphatidylethanolamine_PE,False,,,,,False,False,unannotated_definite_formula,,,no_usable_structure_available,R3:no_structure_source
s_3190,"phosphatidyl-N-methylethanolamine (1-18:1, 2-16:1)",erm,C40H76NO8P,0.0,phosphatidylethanolamine_PE,False,,,,,False,False,unannotated_definite_formula,,,no_usable_structure_available,R3:no_structure_source
s_3191,"phosphatidylethanolamine (1-16:0, 2-18:1)",erm,C39H76NO8P,0.0,phosphatidylethanolamine_PE,False,chebi,chebi=CHEBI:136148,chebi,557536,False,False,cache_record_without_structure,,,no_usable_structure_available,R2:composition_mismatch;R2:composition_mismatch;R3:structure_not_parseable;R3:structure_not_parseable
s_3192,"phosphatidyl-N-methylethanolamine (1-16:0, 2-18:1)",erm,C40H78NO8P,0.0,phosphatidylethanolamine_PE,False,,,,,False,False,unannotated_definite_formula,,,no_usable_structure_available,R3:no_structure_source
s_3193,"phosphatidylethanolamine (1-16:1, 2-18:1)",erm,C39H74NO8P,0.0,phosphatidylethanolamine_PE,False,chebi,chebi=CHEBI:90464,chebi,580392,False,False,cache_record_without_structure,,,no_usable_structure_available,R2:composition_mismatch;R2:composition_mismatch;R3:structure_not_parseable;R3:structure_not_parseable
s_3194,"phosphatidyl-N-methylethanolamine (1-16:1, 2-18:1)",erm,C40H76NO8P,0.0,phosphatidylethanolamine_PE,False,,,,,False,False,unannotated_definite_formula,,,no_usable_structure_available,R3:no_structure_source
s_3195,"phosphatidylethanolamine (1-18:0, 2-18:1)",erm,C41H80NO8P,0.0,phosphatidylethanolamine_PE,False,chebi,chebi=CHEBI:136162,chebi,557551,False,False,cache_record_without_structure,,,no_usable_structure_available,R2:composition_mismatch;R2:composition_mismatch;R3:structure_not_parseable;R3:structure_not_parseable
s_3196,"phosphatidyl-N-methylethanolamine (1-18:0, 2-18:1)",erm,C42H82NO8P,0.0,phosphatidylethanolamine_PE,False,,,,,False,False,unannotated_definite_formula,,,no_usable_structure_available,R3:no_structure_source
s_3197,"phosphatidylethanolamine (1-18:1, 2-18:1)",erm,C41H78NO8P,0.0,phosphatidylethanolamine_PE,False,chebi,chebi=CHEBI:136170,chebi,557562,False,False,cache_record_without_structure,,,no_usable_structure_available,R2:composition_mismatch;R2:composition_mismatch;R3:structure_not_parseable;R3:structure_not_parseable
s_3199,"phosphatidyl-N,N-dimethylethanolamine (1-16:0, 2-16:1)",erm,C39H76NO8P,0.0,phosphatidylethanolamine_PE,False,,,,,False,False,unannotated_definite_formula,,,no_usable_structure_available,R3:no_structure_source
s_3200,"phosphatidyl-N,N-dimethylethanolamine (1-16:1, 2-16:1)",erm,C39H74NO8P,0.0,phosphatidylethanolamine_PE,False,,,,,False,False,unannotated_definite_formula,,,no_usable_structure_available,R3:no_structure_source
s_3201,"phosphatidyl-N,N-dimethylethanolamine (1-18:0, 2-16:1)",erm,C41H80NO8P,0.0,phosphatidylethanolamine_PE,False,,,,,False,False,unannotated_definite_formula,,,no_usable_structure_available,R3:no_structure_source
s_3202,"phosphatidyl-N,N-dimethylethanolamine (1-18:1, 2-16:1)",erm,C41H78NO8P,0.0,phosphatidylethanolamine_PE,False,,,,,False,False,unannotated_definite_formula,,,no_usable_structure_available,R3:no_structure_source
s_3203,"phosphatidyl-N,N-dimethylethanolamine (1-16:0, 2-18:1)",erm,C41H80NO8P,0.0,phosphatidylethanolamine_PE,False,,,,,False,False,unannotated_definite_formula,,,no_usable_structure_available,R3:no_structure_source
s_3204,"phosphatidyl-N,N-dimethylethanolamine (1-16:1, 2-18:1)",erm,C41H78NO8P,0.0,phosphatidylethanolamine_PE,False,,,,,False,False,unannotated_definite_formula,,,no_usable_structure_available,R3:no_structure_source
s_3205,"phosphatidyl-N,N-dimethylethanolamine (1-18:0, 2-18:1)",erm,C43H84NO8P,0.0,phosphatidylethanolamine_PE,False,,,,,False,False,unannotated_definite_formula,,,no_usable_structure_available,R3:no_structure_source
s_3207,"phosphatidylcholine (1-16:0, 2-16:1)",erm,C40H78NO8P,0.0,phosphatidylcholine_PC,False,chebi,chebi=CHEBI:134592,chebi,557400,False,False,cache_record_without_structure,,,no_usable_structure_available,R2:composition_mismatch;R2:composition_mismatch;R3:structure_not_parseable;R3:structure_not_parseable
s_3211,"phosphatidylcholine (1-16:0, 2-18:1)",erm,C42H82NO8P,0.0,phosphatidylcholine_PC,False,chebi,chebi=CHEBI:134594,chebi,557402,False,False,cache_record_without_structure,,,no_usable_structure_available,R2:composition_mismatch;R2:composition_mismatch;R3:structure_not_parseable;R3:structure_not_parseable
s_3220,"3-(3-sn-phosphatidyl)-sn-glycerol 1-phosphate (1-16:0, 2-16:1)",mm,C38H74O13P2,0.0,phosphatidylglycerol_PG,False,,,,,False,False,unannotated_definite_formula,,,no_usable_structure_available,R3:no_structure_source
s_3221,"3-(3-sn-phosphatidyl)-sn-glycerol 1-phosphate (1-16:1, 2-16:1)",mm,C38H72O13P2,0.0,phosphatidylglycerol_PG,False,,,,,False,False,unannotated_definite_formula,,,no_usable_structure_available,R3:no_structure_source
s_3222,"3-(3-sn-phosphatidyl)-sn-glycerol 1-phosphate (1-18:0, 2-16:1)",mm,C40H78O13P2,0.0,phosphatidylglycerol_PG,False,,,,,False,False,unannotated_definite_formula,,,no_usable_structure_available,R3:no_structure_source
s_3223,"3-(3-sn-phosphatidyl)-sn-glycerol 1-phosphate (1-18:1, 2-16:1)",mm,C40H76O13P2,0.0,phosphatidylglycerol_PG,False,,,,,False,False,unannotated_definite_formula,,,no_usable_structure_available,R3:no_structure_source
s_3225,"3-(3-sn-phosphatidyl)-sn-glycerol 1-phosphate (1-16:1, 2-18:1)",mm,C40H76O13P2,0.0,phosphatidylglycerol_PG,False,,,,,False,False,unannotated_definite_formula,,,no_usable_structure_available,R3:no_structure_source
s_3227,"phosphatidylglycerol (1-16:0, 2-16:1)",mm,C38H73O10P,0.0,phosphatidylglycerol_PG,False,chebi,chebi=CHEBI:136224,chebi,557677,False,False,cache_record_without_structure,,,no_usable_structure_available,R2:composition_mismatch;R2:composition_mismatch;R3:structure_not_parseable;R3:structure_not_parseable
s_3229,"phosphatidylglycerol (1-16:1, 2-16:1)",mm,C38H71O10P,0.0,phosphatidylglycerol_PG,False,,,,,False,False,unannotated_definite_formula,,,no_usable_structure_available,R3:no_structure_source
s_3240,"cardiolipin (1-16:1, 2-16:1, 3-16:0, 4-16:1)",mm,C73H136O17P2,0.0,cardiolipin_CL,False,,,,,False,False,unannotated_definite_formula,,,no_usable_structure_available,R3:no_structure_source
s_3242,"cardiolipin (1-16:1, 2-16:1, 3-18:0, 4-16:1)",mm,C75H140O17P2,0.0,cardiolipin_CL,False,,,,,False,False,unannotated_definite_formula,,,no_usable_structure_available,R3:no_structure_source
s_3244,"cardiolipin (1-16:1, 2-16:1, 3-16:0, 4-18:1)",mm,C75H140O17P2,0.0,cardiolipin_CL,False,,,,,False,False,unannotated_definite_formula,,,no_usable_structure_available,R3:no_structure_source
s_3246,"cardiolipin (1-18:0, 2-16:1, 3-16:0, 4-16:1)",mm,C75H142O17P2,0.0,cardiolipin_CL,False,,,,,False,False,unannotated_definite_formula,,,no_usable_structure_available,R3:no_structure_source
s_3247,"cardiolipin (1-18:0, 2-16:1, 3-16:1, 4-16:1)",mm,C75H140O17P2,0.0,cardiolipin_CL,False,,,,,False,False,unannotated_definite_formula,,,no_usable_structure_available,R3:no_structure_source
s_3248,"cardiolipin (1-18:0, 2-16:1, 3-18:0, 4-16:1)",mm,C77H146O17P2,0.0,cardiolipin_CL,False,,,,,False,False,unannotated_definite_formula,,,no_usable_structure_available,R3:no_structure_source
s_3249,"cardiolipin (1-18:0, 2-16:1, 3-18:1, 4-16:1)",mm,C77H144O17P2,0.0,cardiolipin_CL,False,,,,,False,False,unannotated_definite_formula,,,no_usable_structure_available,R3:no_structure_source
s_3250,"cardiolipin (1-18:0, 2-16:1, 3-16:0, 4-18:1)",mm,C77H146O17P2,0.0,cardiolipin_CL,False,,,,,False,False,unannotated_definite_formula,,,no_usable_structure_available,R3:no_structure_source
s_3251,"cardiolipin (1-18:0, 2-16:1, 3-16:1, 4-18:1)",mm,C77H144O17P2,0.0,cardiolipin_CL,False,,,,,False,False,unannotated_definite_formula,,,no_usable_structure_available,R3:no_structure_source
s_3252,"cardiolipin (1-18:1, 2-16:1, 3-16:0, 4-16:1)",mm,C75H140O17P2,0.0,cardiolipin_CL,False,,,,,False,False,unannotated_definite_formula,,,no_usable_structure_available,R3:no_structure_source
s_3253,"cardiolipin (1-18:1, 2-16:1, 3-16:1, 4-16:1)",mm,C75H138O17P2,0.0,cardiolipin_CL,False,,,,,False,False,unannotated_definite_formula,,,no_usable_structure_available,R3:no_structure_source
s_3254,"cardiolipin (1-18:1, 2-16:1, 3-18:0, 4-16:1)",mm,C77H144O17P2,0.0,cardiolipin_CL,False,,,,,False,False,unannotated_definite_formula,,,no_usable_structure_available,R3:no_structure_source
s_3255,"cardiolipin (1-18:1, 2-16:1, 3-18:1, 4-16:1)",mm,C77H142O17P2,0.0,cardiolipin_CL,False,,,,,False,False,unannotated_definite_formula,,,no_usable_structure_available,R3:no_structure_source
s_3256,"cardiolipin (1-18:1, 2-16:1, 3-16:0, 4-18:1)",mm,C77H144O17P2,0.0,cardiolipin_CL,False,,,,,False,False,unannotated_definite_formula,,,no_usable_structure_available,R3:no_structure_source
s_3257,"cardiolipin (1-18:1, 2-16:1, 3-16:1, 4-18:1)",mm,C77H142O17P2,0.0,cardiolipin_CL,False,,,,,False,False,unannotated_definite_formula,,,no_usable_structure_available,R3:no_structure_source
s_3258,"cardiolipin (1-16:0, 2-18:1, 3-16:0, 4-16:1)",mm,C75H142O17P2,0.0,cardiolipin_CL,False,,,,,False,False,unannotated_definite_formula,,,no_usable_structure_available,R3:no_structure_source
s_3260,"cardiolipin (1-16:0, 2-18:1, 3-18:0, 4-16:1)",mm,C77H146O17P2,0.0,cardiolipin_CL,False,,,,,False,False,unannotated_definite_formula,,,no_usable_structure_available,R3:no_structure_source
s_3262,"cardiolipin (1-16:0, 2-18:1, 3-16:0, 4-18:1)",mm,C77H146O17P2,0.0,cardiolipin_CL,False,,,,,False,False,unannotated_definite_formula,,,no_usable_structure_available,R3:no_structure_source
s_3264,"cardiolipin (1-16:1, 2-18:1, 3-16:0, 4-16:1)",mm,C75H140O17P2,0.0,cardiolipin_CL,False,,,,,False,False,unannotated_definite_formula,,,no_usable_structure_available,R3:no_structure_source
s_3265,"cardiolipin (1-16:1, 2-18:1, 3-16:1, 4-16:1)",mm,C75H138O17P2,0.0,cardiolipin_CL,False,,,,,False,False,unannotated_definite_formula,,,no_usable_structure_available,R3:no_structure_source
s_3266,"cardiolipin (1-16:1, 2-18:1, 3-18:0, 4-16:1)",mm,C77H144O17P2,0.0,cardiolipin_CL,False,,,,,False,False,unannotated_definite_formula,,,no_usable_structure_available,R3:no_structure_source
s_3267,"cardiolipin (1-16:1, 2-18:1, 3-18:1, 4-16:1)",mm,C77H142O17P2,0.0,cardiolipin_CL,False,,,,,False,False,unannotated_definite_formula,,,no_usable_structure_available,R3:no_structure_source
s_3268,"cardiolipin (1-16:1, 2-18:1, 3-16:0, 4-18:1)",mm,C77H144O17P2,0.0,cardiolipin_CL,False,,,,,False,False,unannotated_definite_formula,,,no_usable_structure_available,R3:no_structure_source
s_3269,"cardiolipin (1-16:1, 2-18:1, 3-16:1, 4-18:1)",mm,C77H142O17P2,0.0,cardiolipin_CL,False,,,,,False,False,unannotated_definite_formula,,,no_usable_structure_available,R3:no_structure_source
s_3270,"monolysocardiolipin (2-16:1, 3-16:0, 4-16:1)",mm,C57H108O16P2,0.0,cardiolipin_CL,False,,,,,False,False,unannotated_definite_formula,,,no_usable_structure_available,R3:no_structure_source
s_3272,"monolysocardiolipin (2-16:1, 3-16:1, 4-16:1)",mm,C57H106O16P2,0.0,cardiolipin_CL,False,,,,,False,False,unannotated_definite_formula,,,no_usable_structure_available,R3:no_structure_source
s_3273,"monolysocardiolipin (2-16:1, 3-18:0, 4-16:1)",mm,C59H112O16P2,0.0,cardiolipin_CL,False,,,,,False,False,unannotated_definite_formula,,,no_usable_structure_available,R3:no_structure_source
s_3274,"monolysocardiolipin (2-16:1, 3-18:1, 4-16:1)",mm,C59H110O16P2,0.0,cardiolipin_CL,False,,,,,False,False,unannotated_definite_formula,,,no_usable_structure_available,R3:no_structure_source
s_3275,"monolysocardiolipin (2-16:1, 3-16:0, 4-18:1)",mm,C59H112O16P2,0.0,cardiolipin_CL,False,,,,,False,False,unannotated_definite_formula,,,no_usable_structure_available,R3:no_structure_source
s_3276,"monolysocardiolipin (2-16:1, 3-16:1, 4-18:1)",mm,C59H110O16P2,0.0,cardiolipin_CL,False,,,,,False,False,unannotated_definite_formula,,,no_usable_structure_available,R3:no_structure_source
s_3278,"monolysocardiolipin (2-18:1, 3-16:0, 4-16:1)",mm,C59H112O16P2,0.0,cardiolipin_CL,False,,,,,False,False,unannotated_definite_formula,,,no_usable_structure_available,R3:no_structure_source
s_3279,"monolysocardiolipin (2-18:1, 3-16:1, 4-16:1)",mm,C59H110O16P2,0.0,cardiolipin_CL,False,,,,,False,False,unannotated_definite_formula,,,no_usable_structure_available,R3:no_structure_source
s_3280,"monolysocardiolipin (2-18:1, 3-18:0, 4-16:1)",mm,C61H116O16P2,0.0,cardiolipin_CL,False,,,,,False,False,unannotated_definite_formula,,,no_usable_structure_available,R3:no_structure_source
s_3281,"monolysocardiolipin (2-18:1, 3-18:1, 4-16:1)",mm,C61H114O16P2,0.0,cardiolipin_CL,False,,,,,False,False,unannotated_definite_formula,,,no_usable_structure_available,R3:no_structure_source
s_3282,"monolysocardiolipin (2-18:1, 3-16:0, 4-18:1)",mm,C61H116O16P2,0.0,cardiolipin_CL,False,,,,,False,False,unannotated_definite_formula,,,no_usable_structure_available,R3:no_structure_source
s_3283,"monolysocardiolipin (2-18:1, 3-16:1, 4-18:1)",mm,C61H114O16P2,0.0,cardiolipin_CL,False,,,,,False,False,unannotated_definite_formula,,,no_usable_structure_available,R3:no_structure_source
s_3284,"monolysocardiolipin (1-16:0, 2-16:1, 4-16:1)",mm,C57H108O16P2,0.0,cardiolipin_CL,False,,,,,False,False,unannotated_definite_formula,,,no_usable_structure_available,R3:no_structure_source
s_3285,"monolysocardiolipin (1-16:0, 2-16:1, 4-18:1)",mm,C59H112O16P2,0.0,cardiolipin_CL,False,,,,,False,False,unannotated_definite_formula,,,no_usable_structure_available,R3:no_structure_source
s_3286,"monolysocardiolipin (1-16:1, 2-16:1, 4-16:1)",mm,C57H106O16P2,0.0,cardiolipin_CL,False,,,,,False,False,unannotated_definite_formula,,,no_usable_structure_available,R3:no_structure_source
s_3287,"monolysocardiolipin (1-16:1, 2-16:1, 4-18:1)",mm,C59H110O16P2,0.0,cardiolipin_CL,False,,,,,False,False,unannotated_definite_formula,,,no_usable_structure_available,R3:no_structure_source
s_3288,"monolysocardiolipin (1-18:0, 2-16:1, 4-16:1)",mm,C59H112O16P2,0.0,cardiolipin_CL,False,,,,,False,False,unannotated_definite_formula,,,no_usable_structure_available,R3:no_structure_source
s_3289,"monolysocardiolipin (1-18:0, 2-16:1, 4-18:1)",mm,C61H116O16P2,0.0,cardiolipin_CL,False,,,,,False,False,unannotated_definite_formula,,,no_usable_structure_available,R3:no_structure_source
s_3290,"monolysocardiolipin (1-18:1, 2-16:1, 4-16:1)",mm,C59H110O16P2,0.0,cardiolipin_CL,False,,,,,False,False,unannotated_definite_formula,,,no_usable_structure_available,R3:no_structure_source
s_3291,"monolysocardiolipin (1-18:1, 2-16:1, 4-18:1)",mm,C61H114O16P2,0.0,cardiolipin_CL,False,,,,,False,False,unannotated_definite_formula,,,no_usable_structure_available,R3:no_structure_source
s_3292,"monolysocardiolipin (1-16:0, 2-18:1, 4-16:1)",mm,C59H112O16P2,0.0,cardiolipin_CL,False,,,,,False,False,unannotated_definite_formula,,,no_usable_structure_available,R3:no_structure_source
s_3293,"monolysocardiolipin (1-16:0, 2-18:1, 4-18:1)",mm,C61H116O16P2,0.0,cardiolipin_CL,False,,,,,False,False,unannotated_definite_formula,,,no_usable_structure_available,R3:no_structure_source
s_3294,"monolysocardiolipin (1-16:1, 2-18:1, 4-16:1)",mm,C59H110O16P2,0.0,cardiolipin_CL,False,,,,,False,False,unannotated_definite_formula,,,no_usable_structure_available,R3:no_structure_source
s_3295,"monolysocardiolipin (1-16:1, 2-18:1, 4-18:1)",mm,C61H114O16P2,0.0,cardiolipin_CL,False,,,,,False,False,unannotated_definite_formula,,,no_usable_structure_available,R3:no_structure_source
s_3296,"phosphatidylcholine (1-16:0, 2-16:1)",mm,C40H78NO8P,0.0,phosphatidylcholine_PC,False,chebi,chebi=CHEBI:134592,chebi,557400,False,False,cache_record_without_structure,,,no_usable_structure_available,R2:composition_mismatch;R2:composition_mismatch;R3:structure_not_parseable;R3:structure_not_parseable
s_3304,"phosphatidylcholine (1-16:0, 2-18:1)",mm,C42H82NO8P,0.0,phosphatidylcholine_PC,False,chebi,chebi=CHEBI:134594,chebi,557402,False,False,cache_record_without_structure,,,no_usable_structure_available,R2:composition_mismatch;R2:composition_mismatch;R3:structure_not_parseable;R3:structure_not_parseable
s_3308,"cardiolipin (1-18:1, 2-18:1, 3-16:0, 4-16:1)",mm,C77H144O17P2,0.0,cardiolipin_CL,False,,,,,False,False,unannotated_definite_formula,,,no_usable_structure_available,R3:no_structure_source
s_3309,"cardiolipin (1-18:1, 2-18:1, 3-16:1, 4-16:1)",mm,C77H142O17P2,0.0,cardiolipin_CL,False,,,,,False,False,unannotated_definite_formula,,,no_usable_structure_available,R3:no_structure_source
s_3310,"cardiolipin (1-18:1, 2-18:1, 3-18:0, 4-16:1)",mm,C79H148O17P2,0.0,cardiolipin_CL,False,,,,,False,False,unannotated_definite_formula,,,no_usable_structure_available,R3:no_structure_source
s_3311,"cardiolipin (1-18:1, 2-18:1, 3-18:1, 4-16:1)",mm,C79H146O17P2,0.0,cardiolipin_CL,False,,,,,False,False,unannotated_definite_formula,,,no_usable_structure_available,R3:no_structure_source
s_3312,"cardiolipin (1-18:1, 2-18:1, 3-16:0, 4-18:1)",mm,C79H148O17P2,0.0,cardiolipin_CL,False,,,,,False,False,unannotated_definite_formula,,,no_usable_structure_available,R3:no_structure_source
s_3313,"cardiolipin (1-18:1, 2-18:1, 3-16:1, 4-18:1)",mm,C79H146O17P2,0.0,cardiolipin_CL,False,,,,,False,False,unannotated_definite_formula,,,no_usable_structure_available,R3:no_structure_source
s_3314,"cardiolipin (1-16:0, 2-16:1, 3-18:1, 4-18:1)",mm,C77H144O17P2,0.0,cardiolipin_CL,False,,,,,False,False,unannotated_definite_formula,,,no_usable_structure_available,R3:no_structure_source
s_3315,"cardiolipin (1-16:1, 2-16:1, 3-18:1, 4-18:1)",mm,C77H142O17P2,0.0,cardiolipin_CL,False,,,,,False,False,unannotated_definite_formula,,,no_usable_structure_available,R3:no_structure_source
s_3316,"cardiolipin (1-18:0, 2-16:1, 3-18:1, 4-18:1)",mm,C79H148O17P2,0.0,cardiolipin_CL,False,,,,,False,False,unannotated_definite_formula,,,no_usable_structure_available,R3:no_structure_source
s_3317,"cardiolipin (1-18:1, 2-16:1, 3-18:1, 4-18:1)",mm,C79H146O17P2,0.0,cardiolipin_CL,False,,,,,False,False,unannotated_definite_formula,,,no_usable_structure_available,R3:no_structure_source
s_3318,"cardiolipin (1-16:0, 2-18:1, 3-18:1, 4-18:1)",mm,C79H148O17P2,0.0,cardiolipin_CL,False,,,,,False,False,unannotated_definite_formula,,,no_usable_structure_available,R3:no_structure_source
s_3319,"cardiolipin (1-16:1, 2-18:1, 3-18:1, 4-18:1)",mm,C79H146O17P2,0.0,cardiolipin_CL,False,,,,,False,False,unannotated_definite_formula,,,no_usable_structure_available,R3:no_structure_source
s_3325,"1-phosphatidyl-1D-myo-inositol 4-phosphate (1-16:0, 2-16:1)",ce,C41H78O16P2,0.0,phosphatidylinositol_PI,False,,,,,False,False,unannotated_definite_formula,,,no_usable_structure_available,R3:no_structure_source
s_3326,"1-phosphatidyl-1D-myo-inositol (1-16:1, 2-16:1)",ce,C41H75O13P,0.0,phosphatidylinositol_PI,False,bigg.metabolite,bigg.metabolite=pail161,,,False,False,annotated_but_unmatched,,,no_usable_structure_available,R2:remapped_mnx_not_in_cache;R2:remapped_mnx_not_in_cache;R3:structure_not_parseable;R3:structure_not_parseable
s_3327,"1-phosphatidyl-1D-myo-inositol 4-phosphate (1-16:1, 2-16:1)",ce,C41H76O16P2,0.0,phosphatidylinositol_PI,False,bigg.metabolite,bigg.metabolite=pail4p161,,,False,False,annotated_but_unmatched,,,no_usable_structure_available,R2:remapped_mnx_not_in_cache;R2:remapped_mnx_not_in_cache;R3:structure_not_parseable;R3:structure_not_parseable
s_3329,"1-phosphatidyl-1D-myo-inositol 4-phosphate (1-18:0, 2-16:1)",ce,C43H82O16P2,0.0,phosphatidylinositol_PI,False,,,,,False,False,unannotated_definite_formula,,,no_usable_structure_available,R3:no_structure_source
s_3331,"1-phosphatidyl-1D-myo-inositol 4-phosphate (1-18:1, 2-16:1)",ce,C43H80O16P2,0.0,phosphatidylinositol_PI,False,,,,,False,False,unannotated_definite_formula,,,no_usable_structure_available,R3:no_structure_source
s_3333,"1-phosphatidyl-1D-myo-inositol 4-phosphate (1-16:0, 2-18:1)",ce,C43H82O16P2,0.0,phosphatidylinositol_PI,False,,,,,False,False,unannotated_definite_formula,,,no_usable_structure_available,R3:no_structure_source
s_3335,"1-phosphatidyl-1D-myo-inositol 4-phosphate (1-16:1, 2-18:1)",ce,C43H80O16P2,0.0,phosphatidylinositol_PI,False,,,,,False,False,unannotated_definite_formula,,,no_usable_structure_available,R3:no_structure_source
s_3339,"1-phosphatidyl-1D-myo-inositol 4-phosphate (1-18:1, 2-18:1)",ce,C45H84O16P2,0.0,phosphatidylinositol_PI,False,,,,,False,False,unannotated_definite_formula,,,no_usable_structure_available,R3:no_structure_source
s_3343,"1-phosphatidyl-1D-myo-inositol 4-phosphate (1-16:0, 2-16:1)",vm,C41H78O16P2,0.0,phosphatidylinositol_PI,False,,,,,False,False,unannotated_definite_formula,,,no_usable_structure_available,R3:no_structure_source
s_3344,"1-phosphatidyl-1D-myo-inositol (1-16:1, 2-16:1)",vm,C41H75O13P,0.0,phosphatidylinositol_PI,False,bigg.metabolite,bigg.metabolite=pail161,,,False,False,annotated_but_unmatched,,,no_usable_structure_available,R2:remapped_mnx_not_in_cache;R2:remapped_mnx_not_in_cache;R3:structure_not_parseable;R3:structure_not_parseable
s_3345,"1-phosphatidyl-1D-myo-inositol 4-phosphate (1-16:1, 2-16:1)",vm,C41H76O16P2,0.0,phosphatidylinositol_PI,False,bigg.metabolite,bigg.metabolite=pail4p161,,,False,False,annotated_but_unmatched,,,no_usable_structure_available,R2:remapped_mnx_not_in_cache;R2:remapped_mnx_not_in_cache;R3:structure_not_parseable;R3:structure_not_parseable
s_3347,"1-phosphatidyl-1D-myo-inositol 4-phosphate (1-18:0, 2-16:1)",vm,C43H82O16P2,0.0,phosphatidylinositol_PI,False,,,,,False,False,unannotated_definite_formula,,,no_usable_structure_available,R3:no_structure_source
s_3349,"1-phosphatidyl-1D-myo-inositol 4-phosphate (1-18:1, 2-16:1)",vm,C43H80O16P2,0.0,phosphatidylinositol_PI,False,,,,,False,False,unannotated_definite_formula,,,no_usable_structure_available,R3:no_structure_source
s_3351,"1-phosphatidyl-1D-myo-inositol 4-phosphate (1-16:0, 2-18:1)",vm,C43H82O16P2,0.0,phosphatidylinositol_PI,False,,,,,False,False,unannotated_definite_formula,,,no_usable_structure_available,R3:no_structure_source
s_3353,"1-phosphatidyl-1D-myo-inositol 4-phosphate (1-16:1, 2-18:1)",vm,C43H80O16P2,0.0,phosphatidylinositol_PI,False,,,,,False,False,unannotated_definite_formula,,,no_usable_structure_available,R3:no_structure_source
s_3357,"1-phosphatidyl-1D-myo-inositol 4-phosphate (1-18:1, 2-18:1)",vm,C45H84O16P2,0.0,phosphatidylinositol_PI,False,,,,,False,False,unannotated_definite_formula,,,no_usable_structure_available,R3:no_structure_source
s_3361,"1-phosphatidyl-1D-myo-inositol 4-phosphate (1-16:0, 2-16:1)",gm,C41H78O16P2,0.0,phosphatidylinositol_PI,False,,,,,False,False,unannotated_definite_formula,,,no_usable_structure_available,R3:no_structure_source
s_3362,"1-phosphatidyl-1D-myo-inositol (1-16:1, 2-16:1)",gm,C41H75O13P,0.0,phosphatidylinositol_PI,False,bigg.metabolite,bigg.metabolite=pail161,,,False,False,annotated_but_unmatched,,,no_usable_structure_available,R2:remapped_mnx_not_in_cache;R2:remapped_mnx_not_in_cache;R3:structure_not_parseable;R3:structure_not_parseable
s_3363,"1-phosphatidyl-1D-myo-inositol 4-phosphate (1-16:1, 2-16:1)",gm,C41H76O16P2,0.0,phosphatidylinositol_PI,False,bigg.metabolite,bigg.metabolite=pail4p161,,,False,False,annotated_but_unmatched,,,no_usable_structure_available,R2:remapped_mnx_not_in_cache;R2:remapped_mnx_not_in_cache;R3:structure_not_parseable;R3:structure_not_parseable
s_3365,"1-phosphatidyl-1D-myo-inositol 4-phosphate (1-18:0, 2-16:1)",gm,C43H82O16P2,0.0,phosphatidylinositol_PI,False,,,,,False,False,unannotated_definite_formula,,,no_usable_structure_available,R3:no_structure_source
s_3367,"1-phosphatidyl-1D-myo-inositol 4-phosphate (1-18:1, 2-16:1)",gm,C43H80O16P2,0.0,phosphatidylinositol_PI,False,,,,,False,False,unannotated_definite_formula,,,no_usable_structure_available,R3:no_structure_source
s_3369,"1-phosphatidyl-1D-myo-inositol 4-phosphate (1-16:0, 2-18:1)",gm,C43H82O16P2,0.0,phosphatidylinositol_PI,False,,,,,False,False,unannotated_definite_formula,,,no_usable_structure_available,R3:no_structure_source
s_3371,"1-phosphatidyl-1D-myo-inositol 4-phosphate (1-16:1, 2-18:1)",gm,C43H80O16P2,0.0,phosphatidylinositol_PI,False,,,,,False,False,unannotated_definite_formula,,,no_usable_structure_available,R3:no_structure_source
s_3375,"1-phosphatidyl-1D-myo-inositol 4-phosphate (1-18:1, 2-18:1)",gm,C45H84O16P2,0.0,phosphatidylinositol_PI,False,,,,,False,False,unannotated_definite_formula,,,no_usable_structure_available,R3:no_structure_source
s_3377,"1-phosphatidyl-1D-myo-inositol 4-phosphate (1-16:0, 2-16:1)",n,C41H78O16P2,0.0,phosphatidylinositol_PI,False,,,,,False,False,unannotated_definite_formula,,,no_usable_structure_available,R3:no_structure_source
s_3378,"1-phosphatidyl-1D-myo-inositol (1-16:1, 2-16:1)",n,C41H75O13P,0.0,phosphatidylinositol_PI,False,bigg.metabolite,bigg.metabolite=pail161,,,False,False,annotated_but_unmatched,,,no_usable_structure_available,R2:remapped_mnx_not_in_cache;R2:remapped_mnx_not_in_cache;R3:structure_not_parseable;R3:structure_not_parseable
s_3379,"1-phosphatidyl-1D-myo-inositol 4-phosphate (1-16:1, 2-16:1)",n,C41H76O16P2,0.0,phosphatidylinositol_PI,False,bigg.metabolite,bigg.metabolite=pail4p161,,,False,False,annotated_but_unmatched,,,no_usable_structure_available,R2:remapped_mnx_not_in_cache;R2:remapped_mnx_not_in_cache;R3:structure_not_parseable;R3:structure_not_parseable
s_3381,"1-phosphatidyl-1D-myo-inositol 4-phosphate (1-18:0, 2-16:1)",n,C43H82O16P2,0.0,phosphatidylinositol_PI,False,,,,,False,False,unannotated_definite_formula,,,no_usable_structure_available,R3:no_structure_source
s_3383,"1-phosphatidyl-1D-myo-inositol 4-phosphate (1-18:1, 2-16:1)",n,C43H80O16P2,0.0,phosphatidylinositol_PI,False,,,,,False,False,unannotated_definite_formula,,,no_usable_structure_available,R3:no_structure_source
s_3385,"1-phosphatidyl-1D-myo-inositol 4-phosphate (1-16:0, 2-18:1)",n,C43H82O16P2,0.0,phosphatidylinositol_PI,False,,,,,False,False,unannotated_definite_formula,,,no_usable_structure_available,R3:no_structure_source
s_3387,"1-phosphatidyl-1D-myo-inositol 4-phosphate (1-16:1, 2-18:1)",n,C43H80O16P2,0.0,phosphatidylinositol_PI,False,,,,,False,False,unannotated_definite_formula,,,no_usable_structure_available,R3:no_structure_source
s_3391,"1-phosphatidyl-1D-myo-inositol 4-phosphate (1-18:1, 2-18:1)",n,C45H84O16P2,0.0,phosphatidylinositol_PI,False,,,,,False,False,unannotated_definite_formula,,,no_usable_structure_available,R3:no_structure_source
s_3392,"1-phosphatidyl-1D-myo-inositol 3-phosphate (1-16:0, 2-16:1)",vm,C41H78O16P2,0.0,phosphatidylinositol_PI,False,,,,,False,False,unannotated_definite_formula,,,no_usable_structure_available,R3:no_structure_source
s_3393,"1-phosphatidyl-1D-myo-inositol 3-phosphate (1-16:1, 2-16:1)",vm,C41H76O16P2,0.0,phosphatidylinositol_PI,False,bigg.metabolite,bigg.metabolite=pail3p161,,,False,False,annotated_but_unmatched,,,no_usable_structure_available,R2:remapped_mnx_not_in_cache;R2:remapped_mnx_not_in_cache;R3:structure_not_parseable;R3:structure_not_parseable
s_3394,"1-phosphatidyl-1D-myo-inositol 3-phosphate (1-18:0, 2-16:1)",vm,C43H82O16P2,0.0,phosphatidylinositol_PI,False,,,,,False,False,unannotated_definite_formula,,,no_usable_structure_available,R3:no_structure_source
s_3395,"1-phosphatidyl-1D-myo-inositol 3-phosphate (1-18:1, 2-16:1)",vm,C43H80O16P2,0.0,phosphatidylinositol_PI,False,,,,,False,False,unannotated_definite_formula,,,no_usable_structure_available,R3:no_structure_source
s_3396,"1-phosphatidyl-1D-myo-inositol 3-phosphate (1-16:0, 2-18:1)",vm,C43H82O16P2,0.0,phosphatidylinositol_PI,False,,,,,False,False,unannotated_definite_formula,,,no_usable_structure_available,R3:no_structure_source
s_3397,"1-phosphatidyl-1D-myo-inositol 3-phosphate (1-16:1, 2-18:1)",vm,C43H80O16P2,0.0,phosphatidylinositol_PI,False,,,,,False,False,unannotated_definite_formula,,,no_usable_structure_available,R3:no_structure_source
s_3400,"1-phosphatidyl-1D-myo-inositol 4,5-bisphosphate (1-16:0, 2-16:1)",n,C41H79O19P3,0.0,phosphatidylinositol_PI,False,,,,,False,False,unannotated_definite_formula,,,no_usable_structure_available,R3:no_structure_source
s_3401,"1-phosphatidyl-1D-myo-inositol 4,5-bisphosphate (1-16:1, 2-16:1)",n,C41H77O19P3,0.0,phosphatidylinositol_PI,False,,,,,False,False,unannotated_definite_formula,,,no_usable_structure_available,R3:no_structure_source
s_3402,"1-phosphatidyl-1D-myo-inositol 4,5-bisphosphate (1-18:0, 2-16:1)",n,C43H83O19P3,0.0,phosphatidylinositol_PI,False,,,,,False,False,unannotated_definite_formula,,,no_usable_structure_available,R3:no_structure_source
s_3403,"1-phosphatidyl-1D-myo-inositol 4,5-bisphosphate (1-18:1, 2-16:1)",n,C43H81O19P3,0.0,phosphatidylinositol_PI,False,,,,,False,False,unannotated_definite_formula,,,no_usable_structure_available,R3:no_structure_source
s_3404,"1-phosphatidyl-1D-myo-inositol 4,5-bisphosphate (1-16:0, 2-18:1)",n,C43H83O19P3,0.0,phosphatidylinositol_PI,False,,,,,False,False,unannotated_definite_formula,,,no_usable_structure_available,R3:no_structure_source
s_3405,"1-phosphatidyl-1D-myo-inositol 4,5-bisphosphate (1-16:1, 2-18:1)",n,C43H81O19P3,0.0,phosphatidylinositol_PI,False,,,,,False,False,unannotated_definite_formula,,,no_usable_structure_available,R3:no_structure_source
s_3407,"1-phosphatidyl-1D-myo-inositol 4,5-bisphosphate (1-18:1, 2-18:1)",n,C45H85O19P3,0.0,phosphatidylinositol_PI,False,,,,,False,False,unannotated_definite_formula,,,no_usable_structure_available,R3:no_structure_source
s_3408,"1-phosphatidyl-1D-myo-inositol 4,5-bisphosphate (1-16:0, 2-16:1)",ce,C41H79O19P3,0.0,phosphatidylinositol_PI,False,,,,,False,False,unannotated_definite_formula,,,no_usable_structure_available,R3:no_structure_source
s_3409,"1-phosphatidyl-1D-myo-inositol 4,5-bisphosphate (1-16:1, 2-16:1)",ce,C41H77O19P3,0.0,phosphatidylinositol_PI,False,,,,,False,False,unannotated_definite_formula,,,no_usable_structure_available,R3:no_structure_source
s_3410,"1-phosphatidyl-1D-myo-inositol 4,5-bisphosphate (1-18:0, 2-16:1)",ce,C43H83O19P3,0.0,phosphatidylinositol_PI,False,,,,,False,False,unannotated_definite_formula,,,no_usable_structure_available,R3:no_structure_source
s_3411,"1-phosphatidyl-1D-myo-inositol 4,5-bisphosphate (1-18:1, 2-16:1)",ce,C43H81O19P3,0.0,phosphatidylinositol_PI,False,,,,,False,False,unannotated_definite_formula,,,no_usable_structure_available,R3:no_structure_source
s_3412,"1-phosphatidyl-1D-myo-inositol 4,5-bisphosphate (1-16:0, 2-18:1)",ce,C43H83O19P3,0.0,phosphatidylinositol_PI,False,,,,,False,False,unannotated_definite_formula,,,no_usable_structure_available,R3:no_structure_source
s_3413,"1-phosphatidyl-1D-myo-inositol 4,5-bisphosphate (1-16:1, 2-18:1)",ce,C43H81O19P3,0.0,phosphatidylinositol_PI,False,,,,,False,False,unannotated_definite_formula,,,no_usable_structure_available,R3:no_structure_source
s_3415,"1-phosphatidyl-1D-myo-inositol 4,5-bisphosphate (1-18:1, 2-18:1)",ce,C45H85O19P3,0.0,phosphatidylinositol_PI,False,,,,,False,False,unannotated_definite_formula,,,no_usable_structure_available,R3:no_structure_source
s_3416,"1-phosphatidyl-1D-myo-inositol 3,5-bisphosphate (1-16:0, 2-16:1)",vm,C41H79O19P3,0.0,phosphatidylinositol_PI,False,,,,,False,False,unannotated_definite_formula,,,no_usable_structure_available,R3:no_structure_source
s_3417,"1-phosphatidyl-1D-myo-inositol 3,5-bisphosphate (1-16:1, 2-16:1)",vm,C41H77O19P3,0.0,phosphatidylinositol_PI,False,,,,,False,False,unannotated_definite_formula,,,no_usable_structure_available,R3:no_structure_source
s_3418,"1-phosphatidyl-1D-myo-inositol 3,5-bisphosphate (1-18:0, 2-16:1)",vm,C43H83O19P3,0.0,phosphatidylinositol_PI,False,,,,,False,False,unannotated_definite_formula,,,no_usable_structure_available,R3:no_structure_source
s_3419,"1-phosphatidyl-1D-myo-inositol 3,5-bisphosphate (1-18:1, 2-16:1)",vm,C43H81O19P3,0.0,phosphatidylinositol_PI,False,,,,,False,False,unannotated_definite_formula,,,no_usable_structure_available,R3:no_structure_source
s_3420,"1-phosphatidyl-1D-myo-inositol 3,5-bisphosphate (1-16:0, 2-18:1)",vm,C43H83O19P3,0.0,phosphatidylinositol_PI,False,,,,,False,False,unannotated_definite_formula,,,no_usable_structure_available,R3:no_structure_source
s_3421,"1-phosphatidyl-1D-myo-inositol 3,5-bisphosphate (1-16:1, 2-18:1)",vm,C43H81O19P3,0.0,phosphatidylinositol_PI,False,,,,,False,False,unannotated_definite_formula,,,no_usable_structure_available,R3:no_structure_source
s_3422,"1-phosphatidyl-1D-myo-inositol 3,5-bisphosphate (1-18:0, 2-18:1)",vm,C45H87O19P3,0.0,phosphatidylinositol_PI,False,,,,,False,False,unannotated_definite_formula,,,no_usable_structure_available,R3:no_structure_source
s_3423,"1-phosphatidyl-1D-myo-inositol 3,5-bisphosphate (1-18:1, 2-18:1)",vm,C45H85O19P3,0.0,phosphatidylinositol_PI,False,,,,,False,False,unannotated_definite_formula,,,no_usable_structure_available,R3:no_structure_source
s_3424,1-acylglycerophosphoethanolamine (16:0),erm,C21H44NO7P,0.0,phosphatidylethanolamine_PE,False,bigg.metabolite;chebi,bigg.metabolite=1agpe160;chebi=CHEBI:90452,chebi,100019,False,False,cache_record_without_structure,R2_metanetx_xref,21795,,R2:priceable
s_3425,1-acylglycerophosphoethanolamine (16:1),erm,C21H42NO7P,0.0,phosphatidylethanolamine_PE,False,bigg.metabolite,bigg.metabolite=1agpe161,bigg.metabolite,5553,False,False,cache_record_without_structure,,,structure_absent_from_cache,R2:composition_mismatch;R2:composition_mismatch;R3:inchikey_not_in_cache;R3:inchikey_not_in_cache
s_3426,1-acylglycerophosphoethanolamine (18:0),erm,C23H48NO7P,0.0,phosphatidylethanolamine_PE,False,bigg.metabolite;chebi,bigg.metabolite=1agpe180;chebi=CHEBI:64576,chebi,47033,False,False,cache_record_without_structure,R2_metanetx_xref,691285,,R2:priceable
s_3427,1-acylglycerophosphoethanolamine (18:1),erm,C23H46NO7P,0.0,phosphatidylethanolamine_PE,False,bigg.metabolite;chebi,bigg.metabolite=1agpe181;chebi=CHEBI:64575,chebi,47034,False,False,cache_record_without_structure,R3_inchikey_structure,22174,,R2:composition_mismatch;R2:composition_mismatch;R2:composition_mismatch;R2:composition_mismatch;R3:priceable
s_3448,"phosphatidylcholine (1-16:0, 2-16:1)",ce,C40H78NO8P,0.0,phosphatidylcholine_PC,False,chebi,chebi=CHEBI:134592,chebi,557400,False,False,cache_record_without_structure,,,no_usable_structure_available,R2:composition_mismatch;R2:composition_mismatch;R3:structure_not_parseable;R3:structure_not_parseable
s_3458,"phosphatidylcholine (1-16:0, 2-18:1)",ce,C42H82NO8P,0.0,phosphatidylcholine_PC,False,chebi,chebi=CHEBI:134594,chebi,557402,False,False,cache_record_without_structure,,,no_usable_structure_available,R2:composition_mismatch;R2:composition_mismatch;R3:structure_not_parseable;R3:structure_not_parseable
s_3465,"phosphatidylethanolamine (1-16:0, 2-16:1)",ce,C37H72NO8P,0.0,phosphatidylethanolamine_PE,False,chebi,chebi=CHEBI:136147,chebi,557534,False,False,cache_record_without_structure,,,no_usable_structure_available,R2:composition_mismatch;R2:composition_mismatch;R3:structure_not_parseable;R3:structure_not_parseable
s_3466,1-acylglycerophosphoethanolamine (16:0),ce,C21H44NO7P,0.0,phosphatidylethanolamine_PE,False,bigg.metabolite;chebi,bigg.metabolite=1agpe160;chebi=CHEBI:90452,chebi,100019,False,False,cache_record_without_structure,R2_metanetx_xref,21795,,R2:priceable
s_3467,"phosphatidylethanolamine (1-16:1, 2-16:1)",ce,C37H70NO8P,0.0,phosphatidylethanolamine_PE,False,bigg.metabolite;chebi,bigg.metabolite=pe161;chebi=CHEBI:138792,bigg.metabolite,57390,False,False,cache_record_without_structure,,,structure_absent_from_cache,R2:remapped_mnx_not_in_cache;R2:remapped_mnx_not_in_cache;R2:remapped_mnx_not_in_cache;R2:remapped_mnx_not_in_cache;R3:inchikey_not_in_cache;R3:inchikey_not_in_cache;R3:inchikey_not_in_cache;R3:inchikey_not_in_cache
s_3468,1-acylglycerophosphoethanolamine (16:1),ce,C21H42NO7P,0.0,phosphatidylethanolamine_PE,False,bigg.metabolite,bigg.metabolite=1agpe161,bigg.metabolite,5553,False,False,cache_record_without_structure,,,structure_absent_from_cache,R2:composition_mismatch;R2:composition_mismatch;R3:inchikey_not_in_cache;R3:inchikey_not_in_cache
s_3469,"phosphatidylethanolamine (1-18:0, 2-16:1)",ce,C39H76NO8P,0.0,phosphatidylethanolamine_PE,False,chebi,chebi=CHEBI:136155,chebi,557545,False,False,cache_record_without_structure,,,no_usable_structure_available,R2:composition_mismatch;R2:composition_mismatch;R3:structure_not_parseable;R3:structure_not_parseable
s_3470,1-acylglycerophosphoethanolamine (18:0),ce,C23H48NO7P,0.0,phosphatidylethanolamine_PE,False,bigg.metabolite;chebi,bigg.metabolite=1agpe180;chebi=CHEBI:64576,chebi,47033,False,False,cache_record_without_structure,R2_metanetx_xref,691285,,R2:priceable
s_3472,1-acylglycerophosphoethanolamine (18:1),ce,C23H46NO7P,0.0,phosphatidylethanolamine_PE,False,bigg.metabolite;chebi,bigg.metabolite=1agpe181;chebi=CHEBI:64575,chebi,47034,False,False,cache_record_without_structure,R3_inchikey_structure,22174,,R2:composition_mismatch;R2:composition_mismatch;R2:composition_mismatch;R2:composition_mismatch;R3:priceable
s_3473,"phosphatidylethanolamine (1-16:0, 2-18:1)",ce,C39H76NO8P,0.0,phosphatidylethanolamine_PE,False,chebi,chebi=CHEBI:136148,chebi,557536,False,False,cache_record_without_structure,,,no_usable_structure_available,R2:composition_mismatch;R2:composition_mismatch;R3:structure_not_parseable;R3:structure_not_parseable
s_3474,"phosphatidylethanolamine (1-16:1, 2-18:1)",ce,C39H74NO8P,0.0,phosphatidylethanolamine_PE,False,chebi,chebi=CHEBI:90464,chebi,580392,False,False,cache_record_without_structure,,,no_usable_structure_available,R2:composition_mismatch;R2:composition_mismatch;R3:structure_not_parseable;R3:structure_not_parseable
s_3475,"phosphatidylethanolamine (1-18:0, 2-18:1)",ce,C41H80NO8P,0.0,phosphatidylethanolamine_PE,False,chebi,chebi=CHEBI:136162,chebi,557551,False,False,cache_record_without_structure,,,no_usable_structure_available,R2:composition_mismatch;R2:composition_mismatch;R3:structure_not_parseable;R3:structure_not_parseable
s_3476,"phosphatidylethanolamine (1-18:1, 2-18:1)",ce,C41H78NO8P,0.0,phosphatidylethanolamine_PE,False,chebi,chebi=CHEBI:136170,chebi,557562,False,False,cache_record_without_structure,,,no_usable_structure_available,R2:composition_mismatch;R2:composition_mismatch;R3:structure_not_parseable;R3:structure_not_parseable
s_3492,1-acylglycerophosphoinositol (16:1),ce,C25H47O12P,0.0,phosphatidylinositol_PI,False,chebi,chebi=CHEBI:138108,,,False,False,annotated_but_unmatched,R2_metanetx_xref,443150,,R2:priceable
s_3496,"1-phosphatidyl-1D-myo-inositol 4,5-bisphosphate (1-16:0, 2-16:1)",c,C41H79O19P3,0.0,phosphatidylinositol_PI,False,,,,,False,False,unannotated_definite_formula,,,no_usable_structure_available,R3:no_structure_source
s_3499,"1-phosphatidyl-1D-myo-inositol 4,5-bisphosphate (1-16:1, 2-16:1)",c,C41H77O19P3,0.0,phosphatidylinositol_PI,False,,,,,False,False,unannotated_definite_formula,,,no_usable_structure_available,R3:no_structure_source
s_3501,"1-phosphatidyl-1D-myo-inositol 4,5-bisphosphate (1-18:0, 2-16:1)",c,C43H83O19P3,0.0,phosphatidylinositol_PI,False,,,,,False,False,unannotated_definite_formula,,,no_usable_structure_available,R3:no_structure_source
s_3503,"1-phosphatidyl-1D-myo-inositol 4,5-bisphosphate (1-18:1, 2-16:1)",c,C43H81O19P3,0.0,phosphatidylinositol_PI,False,,,,,False,False,unannotated_definite_formula,,,no_usable_structure_available,R3:no_structure_source
s_3505,"1-phosphatidyl-1D-myo-inositol 4,5-bisphosphate (1-16:0, 2-18:1)",c,C43H83O19P3,0.0,phosphatidylinositol_PI,False,,,,,False,False,unannotated_definite_formula,,,no_usable_structure_available,R3:no_structure_source
s_3507,"1-phosphatidyl-1D-myo-inositol 4,5-bisphosphate (1-16:1, 2-18:1)",c,C43H81O19P3,0.0,phosphatidylinositol_PI,False,,,,,False,False,unannotated_definite_formula,,,no_usable_structure_available,R3:no_structure_source
s_3511,"1-phosphatidyl-1D-myo-inositol 4,5-bisphosphate (1-18:1, 2-18:1)",c,C45H85O19P3,0.0,phosphatidylinositol_PI,False,,,,,False,False,unannotated_definite_formula,,,no_usable_structure_available,R3:no_structure_source
s_3535,"1-phosphatidyl-1D-myo-inositol 3-phosphate (1-16:0, 2-16:1)",ce,C41H78O16P2,0.0,phosphatidylinositol_PI,False,,,,,False,False,unannotated_definite_formula,,,no_usable_structure_available,R3:no_structure_source
s_3537,"1-phosphatidyl-1D-myo-inositol 3-phosphate (1-16:1, 2-16:1)",ce,C41H76O16P2,0.0,phosphatidylinositol_PI,False,bigg.metabolite,bigg.metabolite=pail3p161,,,False,False,annotated_but_unmatched,,,no_usable_structure_available,R2:remapped_mnx_not_in_cache;R2:remapped_mnx_not_in_cache;R3:structure_not_parseable;R3:structure_not_parseable
s_3538,"1-phosphatidyl-1D-myo-inositol 3-phosphate (1-18:0, 2-16:1)",ce,C43H82O16P2,0.0,phosphatidylinositol_PI,False,,,,,False,False,unannotated_definite_formula,,,no_usable_structure_available,R3:no_structure_source
s_3539,"1-phosphatidyl-1D-myo-inositol 3-phosphate (1-18:1, 2-16:1)",ce,C43H80O16P2,0.0,phosphatidylinositol_PI,False,,,,,False,False,unannotated_definite_formula,,,no_usable_structure_available,R3:no_structure_source
s_3540,"1-phosphatidyl-1D-myo-inositol 3-phosphate (1-16:0, 2-18:1)",ce,C43H82O16P2,0.0,phosphatidylinositol_PI,False,,,,,False,False,unannotated_definite_formula,,,no_usable_structure_available,R3:no_structure_source
s_3541,"1-phosphatidyl-1D-myo-inositol 3-phosphate (1-16:1, 2-18:1)",ce,C43H80O16P2,0.0,phosphatidylinositol_PI,False,,,,,False,False,unannotated_definite_formula,,,no_usable_structure_available,R3:no_structure_source
s_3544,"1-phosphatidyl-1D-myo-inositol 3-phosphate (1-16:0, 2-16:1)",c,C41H78O16P2,0.0,phosphatidylinositol_PI,False,,,,,False,False,unannotated_definite_formula,,,no_usable_structure_available,R3:no_structure_source
s_3546,"1-phosphatidyl-1D-myo-inositol 3-phosphate (1-16:1, 2-16:1)",c,C41H76O16P2,0.0,phosphatidylinositol_PI,False,bigg.metabolite,bigg.metabolite=pail3p161,,,False,False,annotated_but_unmatched,,,no_usable_structure_available,R2:remapped_mnx_not_in_cache;R2:remapped_mnx_not_in_cache;R3:structure_not_parseable;R3:structure_not_parseable
s_3547,"1-phosphatidyl-1D-myo-inositol (1-16:1, 2-16:1)",c,C41H75O13P,0.0,phosphatidylinositol_PI,False,bigg.metabolite,bigg.metabolite=pail161,,,False,False,annotated_but_unmatched,,,no_usable_structure_available,R2:remapped_mnx_not_in_cache;R2:remapped_mnx_not_in_cache;R3:structure_not_parseable;R3:structure_not_parseable
s_3548,"1-phosphatidyl-1D-myo-inositol 3-phosphate (1-18:0, 2-16:1)",c,C43H82O16P2,0.0,phosphatidylinositol_PI,False,,,,,False,False,unannotated_definite_formula,,,no_usable_structure_available,R3:no_structure_source
s_3550,"1-phosphatidyl-1D-myo-inositol 3-phosphate (1-18:1, 2-16:1)",c,C43H80O16P2,0.0,phosphatidylinositol_PI,False,,,,,False,False,unannotated_definite_formula,,,no_usable_structure_available,R3:no_structure_source
s_3552,"1-phosphatidyl-1D-myo-inositol 3-phosphate (1-16:0, 2-18:1)",c,C43H82O16P2,0.0,phosphatidylinositol_PI,False,,,,,False,False,unannotated_definite_formula,,,no_usable_structure_available,R3:no_structure_source
s_3554,"1-phosphatidyl-1D-myo-inositol 3-phosphate (1-16:1, 2-18:1)",c,C43H80O16P2,0.0,phosphatidylinositol_PI,False,,,,,False,False,unannotated_definite_formula,,,no_usable_structure_available,R3:no_structure_source
s_3560,"1-phosphatidyl-1D-myo-inositol 3-phosphate (1-16:0, 2-16:1)",erm,C41H78O16P2,0.0,phosphatidylinositol_PI,False,,,,,False,False,unannotated_definite_formula,,,no_usable_structure_available,R3:no_structure_source
s_3561,"1-phosphatidyl-1D-myo-inositol 3-phosphate (1-16:1, 2-16:1)",erm,C41H76O16P2,0.0,phosphatidylinositol_PI,False,bigg.metabolite,bigg.metabolite=pail3p161,,,False,False,annotated_but_unmatched,,,no_usable_structure_available,R2:remapped_mnx_not_in_cache;R2:remapped_mnx_not_in_cache;R3:structure_not_parseable;R3:structure_not_parseable
s_3562,"1-phosphatidyl-1D-myo-inositol 3-phosphate (1-18:0, 2-16:1)",erm,C43H82O16P2,0.0,phosphatidylinositol_PI,False,,,,,False,False,unannotated_definite_formula,,,no_usable_structure_available,R3:no_structure_source
s_3563,"1-phosphatidyl-1D-myo-inositol 3-phosphate (1-18:1, 2-16:1)",erm,C43H80O16P2,0.0,phosphatidylinositol_PI,False,,,,,False,False,unannotated_definite_formula,,,no_usable_structure_available,R3:no_structure_source
s_3564,"1-phosphatidyl-1D-myo-inositol 3-phosphate (1-16:0, 2-18:1)",erm,C43H82O16P2,0.0,phosphatidylinositol_PI,False,,,,,False,False,unannotated_definite_formula,,,no_usable_structure_available,R3:no_structure_source
s_3565,"1-phosphatidyl-1D-myo-inositol 3-phosphate (1-16:1, 2-18:1)",erm,C43H80O16P2,0.0,phosphatidylinositol_PI,False,,,,,False,False,unannotated_definite_formula,,,no_usable_structure_available,R3:no_structure_source
s_3568,"1-phosphatidyl-1D-myo-inositol 3-phosphate (1-16:0, 2-16:1)",gm,C41H78O16P2,0.0,phosphatidylinositol_PI,False,,,,,False,False,unannotated_definite_formula,,,no_usable_structure_available,R3:no_structure_source
s_3569,"1-phosphatidyl-1D-myo-inositol 3-phosphate (1-16:1, 2-16:1)",gm,C41H76O16P2,0.0,phosphatidylinositol_PI,False,bigg.metabolite,bigg.metabolite=pail3p161,,,False,False,annotated_but_unmatched,,,no_usable_structure_available,R2:remapped_mnx_not_in_cache;R2:remapped_mnx_not_in_cache;R3:structure_not_parseable;R3:structure_not_parseable
s_3570,"1-phosphatidyl-1D-myo-inositol 3-phosphate (1-18:0, 2-16:1)",gm,C43H82O16P2,0.0,phosphatidylinositol_PI,False,,,,,False,False,unannotated_definite_formula,,,no_usable_structure_available,R3:no_structure_source
s_3571,"1-phosphatidyl-1D-myo-inositol 3-phosphate (1-18:1, 2-16:1)",gm,C43H80O16P2,0.0,phosphatidylinositol_PI,False,,,,,False,False,unannotated_definite_formula,,,no_usable_structure_available,R3:no_structure_source
s_3572,"1-phosphatidyl-1D-myo-inositol 3-phosphate (1-16:0, 2-18:1)",gm,C43H82O16P2,0.0,phosphatidylinositol_PI,False,,,,,False,False,unannotated_definite_formula,,,no_usable_structure_available,R3:no_structure_source
s_3573,"1-phosphatidyl-1D-myo-inositol 3-phosphate (1-16:1, 2-18:1)",gm,C43H80O16P2,0.0,phosphatidylinositol_PI,False,,,,,False,False,unannotated_definite_formula,,,no_usable_structure_available,R3:no_structure_source
s_3576,"1-phosphatidyl-1D-myo-inositol 4-phosphate (1-16:0, 2-16:1)",c,C41H78O16P2,0.0,phosphatidylinositol_PI,False,,,,,False,False,unannotated_definite_formula,,,no_usable_structure_available,R3:no_structure_source
s_3577,"1-phosphatidyl-1D-myo-inositol 4-phosphate (1-16:1, 2-16:1)",c,C41H76O16P2,0.0,phosphatidylinositol_PI,False,bigg.metabolite,bigg.metabolite=pail4p161,,,False,False,annotated_but_unmatched,,,no_usable_structure_available,R2:remapped_mnx_not_in_cache;R2:remapped_mnx_not_in_cache;R3:structure_not_parseable;R3:structure_not_parseable
s_3578,"1-phosphatidyl-1D-myo-inositol 4-phosphate (1-18:0, 2-16:1)",c,C43H82O16P2,0.0,phosphatidylinositol_PI,False,,,,,False,False,unannotated_definite_formula,,,no_usable_structure_available,R3:no_structure_source
s_3579,"1-phosphatidyl-1D-myo-inositol 4-phosphate (1-18:1, 2-16:1)",c,C43H80O16P2,0.0,phosphatidylinositol_PI,False,,,,,False,False,unannotated_definite_formula,,,no_usable_structure_available,R3:no_structure_source
s_3580,"1-phosphatidyl-1D-myo-inositol 4-phosphate (1-16:0, 2-18:1)",c,C43H82O16P2,0.0,phosphatidylinositol_PI,False,,,,,False,False,unannotated_definite_formula,,,no_usable_structure_available,R3:no_structure_source
s_3581,"1-phosphatidyl-1D-myo-inositol 4-phosphate (1-16:1, 2-18:1)",c,C43H80O16P2,0.0,phosphatidylinositol_PI,False,,,,,False,False,unannotated_definite_formula,,,no_usable_structure_available,R3:no_structure_source
s_3583,"1-phosphatidyl-1D-myo-inositol 4-phosphate (1-18:1, 2-18:1)",c,C45H84O16P2,0.0,phosphatidylinositol_PI,False,,,,,False,False,unannotated_definite_formula,,,no_usable_structure_available,R3:no_structure_source
s_3584,"1-phosphatidyl-1D-myo-inositol 4-phosphate (1-16:0, 2-16:1)",erm,C41H78O16P2,0.0,phosphatidylinositol_PI,False,,,,,False,False,unannotated_definite_formula,,,no_usable_structure_available,R3:no_structure_source
s_3585,"1-phosphatidyl-1D-myo-inositol 4-phosphate (1-16:1, 2-16:1)",erm,C41H76O16P2,0.0,phosphatidylinositol_PI,False,bigg.metabolite,bigg.metabolite=pail4p161,,,False,False,annotated_but_unmatched,,,no_usable_structure_available,R2:remapped_mnx_not_in_cache;R2:remapped_mnx_not_in_cache;R3:structure_not_parseable;R3:structure_not_parseable
s_3586,"1-phosphatidyl-1D-myo-inositol 4-phosphate (1-18:0, 2-16:1)",erm,C43H82O16P2,0.0,phosphatidylinositol_PI,False,,,,,False,False,unannotated_definite_formula,,,no_usable_structure_available,R3:no_structure_source
s_3587,"1-phosphatidyl-1D-myo-inositol 4-phosphate (1-18:1, 2-16:1)",erm,C43H80O16P2,0.0,phosphatidylinositol_PI,False,,,,,False,False,unannotated_definite_formula,,,no_usable_structure_available,R3:no_structure_source
s_3588,"1-phosphatidyl-1D-myo-inositol 4-phosphate (1-16:0, 2-18:1)",erm,C43H82O16P2,0.0,phosphatidylinositol_PI,False,,,,,False,False,unannotated_definite_formula,,,no_usable_structure_available,R3:no_structure_source
s_3589,"1-phosphatidyl-1D-myo-inositol 4-phosphate (1-16:1, 2-18:1)",erm,C43H80O16P2,0.0,phosphatidylinositol_PI,False,,,,,False,False,unannotated_definite_formula,,,no_usable_structure_available,R3:no_structure_source
s_3591,"1-phosphatidyl-1D-myo-inositol 4-phosphate (1-18:1, 2-18:1)",erm,C45H84O16P2,0.0,phosphatidylinositol_PI,False,,,,,False,False,unannotated_definite_formula,,,no_usable_structure_available,R3:no_structure_source
s_3592,"1-phosphatidyl-1D-myo-inositol 3,5-bisphosphate (1-16:0, 2-16:1)",ce,C41H79O19P3,0.0,phosphatidylinositol_PI,False,,,,,False,False,unannotated_definite_formula,,,no_usable_structure_available,R3:no_structure_source
s_3593,"1-phosphatidyl-1D-myo-inositol 3,5-bisphosphate (1-16:1, 2-16:1)",ce,C41H77O19P3,0.0,phosphatidylinositol_PI,False,,,,,False,False,unannotated_definite_formula,,,no_usable_structure_available,R3:no_structure_source
s_3594,"1-phosphatidyl-1D-myo-inositol 3,5-bisphosphate (1-18:0, 2-16:1)",ce,C43H83O19P3,0.0,phosphatidylinositol_PI,False,,,,,False,False,unannotated_definite_formula,,,no_usable_structure_available,R3:no_structure_source
s_3595,"1-phosphatidyl-1D-myo-inositol 3,5-bisphosphate (1-18:1, 2-16:1)",ce,C43H81O19P3,0.0,phosphatidylinositol_PI,False,,,,,False,False,unannotated_definite_formula,,,no_usable_structure_available,R3:no_structure_source
s_3596,"1-phosphatidyl-1D-myo-inositol 3,5-bisphosphate (1-16:0, 2-18:1)",ce,C43H83O19P3,0.0,phosphatidylinositol_PI,False,,,,,False,False,unannotated_definite_formula,,,no_usable_structure_available,R3:no_structure_source
s_3597,"1-phosphatidyl-1D-myo-inositol 3,5-bisphosphate (1-16:1, 2-18:1)",ce,C43H81O19P3,0.0,phosphatidylinositol_PI,False,,,,,False,False,unannotated_definite_formula,,,no_usable_structure_available,R3:no_structure_source
s_3598,"1-phosphatidyl-1D-myo-inositol 3,5-bisphosphate (1-18:0, 2-18:1)",ce,C45H87O19P3,0.0,phosphatidylinositol_PI,False,,,,,False,False,unannotated_definite_formula,,,no_usable_structure_available,R3:no_structure_source
s_3599,"1-phosphatidyl-1D-myo-inositol 3,5-bisphosphate (1-18:1, 2-18:1)",ce,C45H85O19P3,0.0,phosphatidylinositol_PI,False,,,,,False,False,unannotated_definite_formula,,,no_usable_structure_available,R3:no_structure_source
s_3600,"1-phosphatidyl-1D-myo-inositol 3,5-bisphosphate (1-16:0, 2-16:1)",c,C41H79O19P3,0.0,phosphatidylinositol_PI,False,,,,,False,False,unannotated_definite_formula,,,no_usable_structure_available,R3:no_structure_source
s_3601,"1-phosphatidyl-1D-myo-inositol 3,5-bisphosphate (1-16:1, 2-16:1)",c,C41H77O19P3,0.0,phosphatidylinositol_PI,False,,,,,False,False,unannotated_definite_formula,,,no_usable_structure_available,R3:no_structure_source
s_3602,"1-phosphatidyl-1D-myo-inositol 3,5-bisphosphate (1-18:0, 2-16:1)",c,C43H83O19P3,0.0,phosphatidylinositol_PI,False,,,,,False,False,unannotated_definite_formula,,,no_usable_structure_available,R3:no_structure_source
s_3603,"1-phosphatidyl-1D-myo-inositol 3,5-bisphosphate (1-18:1, 2-16:1)",c,C43H81O19P3,0.0,phosphatidylinositol_PI,False,,,,,False,False,unannotated_definite_formula,,,no_usable_structure_available,R3:no_structure_source
s_3604,"1-phosphatidyl-1D-myo-inositol 3,5-bisphosphate (1-16:0, 2-18:1)",c,C43H83O19P3,0.0,phosphatidylinositol_PI,False,,,,,False,False,unannotated_definite_formula,,,no_usable_structure_available,R3:no_structure_source
s_3605,"1-phosphatidyl-1D-myo-inositol 3,5-bisphosphate (1-16:1, 2-18:1)",c,C43H81O19P3,0.0,phosphatidylinositol_PI,False,,,,,False,False,unannotated_definite_formula,,,no_usable_structure_available,R3:no_structure_source
s_3606,"1-phosphatidyl-1D-myo-inositol 3,5-bisphosphate (1-18:0, 2-18:1)",c,C45H87O19P3,0.0,phosphatidylinositol_PI,False,,,,,False,False,unannotated_definite_formula,,,no_usable_structure_available,R3:no_structure_source
s_3607,"1-phosphatidyl-1D-myo-inositol 3,5-bisphosphate (1-18:1, 2-18:1)",c,C45H85O19P3,0.0,phosphatidylinositol_PI,False,,,,,False,False,unannotated_definite_formula,,,no_usable_structure_available,R3:no_structure_source
s_3608,"1-phosphatidyl-1D-myo-inositol 4,5-bisphosphate (1-16:0, 2-16:1)",erm,C41H79O19P3,0.0,phosphatidylinositol_PI,False,,,,,False,False,unannotated_definite_formula,,,no_usable_structure_available,R3:no_structure_source
s_3609,"1-phosphatidyl-1D-myo-inositol 4,5-bisphosphate (1-16:1, 2-16:1)",erm,C41H77O19P3,0.0,phosphatidylinositol_PI,False,,,,,False,False,unannotated_definite_formula,,,no_usable_structure_available,R3:no_structure_source
s_3610,"1-phosphatidyl-1D-myo-inositol 4,5-bisphosphate (1-18:0, 2-16:1)",erm,C43H83O19P3,0.0,phosphatidylinositol_PI,False,,,,,False,False,unannotated_definite_formula,,,no_usable_structure_available,R3:no_structure_source
s_3611,"1-phosphatidyl-1D-myo-inositol 4,5-bisphosphate (1-18:1, 2-16:1)",erm,C43H81O19P3,0.0,phosphatidylinositol_PI,False,,,,,False,False,unannotated_definite_formula,,,no_usable_structure_available,R3:no_structure_source
s_3612,"1-phosphatidyl-1D-myo-inositol 4,5-bisphosphate (1-16:0, 2-18:1)",erm,C43H83O19P3,0.0,phosphatidylinositol_PI,False,,,,,False,False,unannotated_definite_formula,,,no_usable_structure_available,R3:no_structure_source
s_3613,"1-phosphatidyl-1D-myo-inositol 4,5-bisphosphate (1-16:1, 2-18:1)",erm,C43H81O19P3,0.0,phosphatidylinositol_PI,False,,,,,False,False,unannotated_definite_formula,,,no_usable_structure_available,R3:no_structure_source
s_3615,"1-phosphatidyl-1D-myo-inositol 4,5-bisphosphate (1-18:1, 2-18:1)",erm,C45H85O19P3,0.0,phosphatidylinositol_PI,False,,,,,False,False,unannotated_definite_formula,,,no_usable_structure_available,R3:no_structure_source
s_3616,"1,2-diacylglycerol 3-diphosphate (1-16:0, 2-16:1)",vm,C35H68O11P2,0.0,phosphatidate_PA,False,,,,,False,False,unannotated_definite_formula,,,no_usable_structure_available,R3:no_structure_source
s_3617,"1,2-diacylglycerol 3-diphosphate (1-16:1, 2-16:1)",vm,C35H66O11P2,0.0,phosphatidate_PA,False,,,,,False,False,unannotated_definite_formula,,,no_usable_structure_available,R3:no_structure_source
s_3618,"1,2-diacylglycerol 3-diphosphate (1-18:0, 2-16:1)",vm,C37H72O11P2,0.0,phosphatidate_PA,False,,,,,False,False,unannotated_definite_formula,,,no_usable_structure_available,R3:no_structure_source
s_3619,"1,2-diacylglycerol 3-diphosphate (1-18:1, 2-16:1)",vm,C37H70O11P2,0.0,phosphatidate_PA,False,,,,,False,False,unannotated_definite_formula,,,no_usable_structure_available,R3:no_structure_source
s_3621,"1,2-diacylglycerol 3-diphosphate (1-16:1, 2-18:1)",vm,C37H70O11P2,0.0,phosphatidate_PA,False,,,,,False,False,unannotated_definite_formula,,,no_usable_structure_available,R3:no_structure_source
s_3622,"1,2-diacylglycerol 3-diphosphate (1-18:0, 2-18:1)",vm,C39H76O11P2,0.0,phosphatidate_PA,False,,,,,False,False,unannotated_definite_formula,,,no_usable_structure_available,R3:no_structure_source
s_3623,"1,2-diacylglycerol 3-diphosphate (1-18:1, 2-18:1)",vm,C39H74O11P2,0.0,phosphatidate_PA,False,,,,,False,False,unannotated_definite_formula,,,no_usable_structure_available,R3:no_structure_source
s_3624,"1,2-diacylglycerol 3-diphosphate (1-16:0, 2-16:1)",gm,C35H68O11P2,0.0,phosphatidate_PA,False,,,,,False,False,unannotated_definite_formula,,,no_usable_structure_available,R3:no_structure_source
s_3625,"1,2-diacylglycerol 3-diphosphate (1-16:1, 2-16:1)",gm,C35H66O11P2,0.0,phosphatidate_PA,False,,,,,False,False,unannotated_definite_formula,,,no_usable_structure_available,R3:no_structure_source
s_3626,"1,2-diacylglycerol 3-diphosphate (1-18:0, 2-16:1)",gm,C37H72O11P2,0.0,phosphatidate_PA,False,,,,,False,False,unannotated_definite_formula,,,no_usable_structure_available,R3:no_structure_source
s_3627,"1,2-diacylglycerol 3-diphosphate (1-18:1, 2-16:1)",gm,C37H70O11P2,0.0,phosphatidate_PA,False,,,,,False,False,unannotated_definite_formula,,,no_usable_structure_available,R3:no_structure_source
s_3629,"1,2-diacylglycerol 3-diphosphate (1-16:1, 2-18:1)",gm,C37H70O11P2,0.0,phosphatidate_PA,False,,,,,False,False,unannotated_definite_formula,,,no_usable_structure_available,R3:no_structure_source
s_3630,"1,2-diacylglycerol 3-diphosphate (1-18:0, 2-18:1)",gm,C39H76O11P2,0.0,phosphatidate_PA,False,,,,,False,False,unannotated_definite_formula,,,no_usable_structure_available,R3:no_structure_source
s_3631,"1,2-diacylglycerol 3-diphosphate (1-18:1, 2-18:1)",gm,C39H74O11P2,0.0,phosphatidate_PA,False,,,,,False,False,unannotated_definite_formula,,,no_usable_structure_available,R3:no_structure_source
s_3633,1-monoglyceride (16:0),c,C19H38O4,0.0,triacylglycerol_TAG,False,bigg.metabolite;chebi,bigg.metabolite=mag160;chebi=CHEBI:134127,chebi,312671,False,False,cache_record_without_structure,,,no_usable_structure_available,R2:composition_mismatch;R2:composition_mismatch;R2:composition_mismatch;R2:composition_mismatch;R3:structure_not_parseable;R3:structure_not_parseable;R3:structure_not_parseable;R3:structure_not_parseable
s_3635,1-monoglyceride (16:1),c,C19H36O4,0.0,triacylglycerol_TAG,False,chebi,chebi=CHEBI:134128,chebi,312672,False,False,cache_record_without_structure,,,no_usable_structure_available,R2:composition_mismatch;R2:composition_mismatch;R3:structure_not_parseable;R3:structure_not_parseable
s_3637,1-monoglyceride (18:0),c,C21H42O4,0.0,triacylglycerol_TAG,False,bigg.metabolite;chebi,bigg.metabolite=mag180;chebi=CHEBI:134129,chebi,312673,False,False,cache_record_without_structure,,,no_usable_structure_available,R2:composition_mismatch;R2:composition_mismatch;R2:composition_mismatch;R2:composition_mismatch;R3:structure_not_parseable;R3:structure_not_parseable;R3:structure_not_parseable;R3:structure_not_parseable
s_3639,1-monoglyceride (18:1),c,C21H40O4,0.0,triacylglycerol_TAG,False,bigg.metabolite;chebi,bigg.metabolite=magole_hs;chebi=CHEBI:134130,chebi,312674,False,False,cache_record_without_structure,R3_inchikey_structure,48748,,R2:remapped_mnx_not_in_cache;R2:remapped_mnx_not_in_cache;R2:composition_mismatch;R2:composition_mismatch;R3:priceable
s_3641,1-monoglyceride (16:0),vm,C19H38O4,0.0,triacylglycerol_TAG,False,bigg.metabolite;chebi,bigg.metabolite=mag160;chebi=CHEBI:134127,chebi,312671,False,False,cache_record_without_structure,,,no_usable_structure_available,R2:composition_mismatch;R2:composition_mismatch;R2:composition_mismatch;R2:composition_mismatch;R3:structure_not_parseable;R3:structure_not_parseable;R3:structure_not_parseable;R3:structure_not_parseable
s_3643,1-monoglyceride (16:1),vm,C19H36O4,0.0,triacylglycerol_TAG,False,chebi,chebi=CHEBI:134128,chebi,312672,False,False,cache_record_without_structure,,,no_usable_structure_available,R2:composition_mismatch;R2:composition_mismatch;R3:structure_not_parseable;R3:structure_not_parseable
s_3645,1-monoglyceride (18:0),vm,C21H42O4,0.0,triacylglycerol_TAG,False,bigg.metabolite;chebi,bigg.metabolite=mag180;chebi=CHEBI:134129,chebi,312673,False,False,cache_record_without_structure,,,no_usable_structure_available,R2:composition_mismatch;R2:composition_mismatch;R2:composition_mismatch;R2:composition_mismatch;R3:structure_not_parseable;R3:structure_not_parseable;R3:structure_not_parseable;R3:structure_not_parseable
s_3647,1-monoglyceride (18:1),vm,C21H40O4,0.0,triacylglycerol_TAG,False,bigg.metabolite;chebi,bigg.metabolite=magole_hs;chebi=CHEBI:134130,chebi,312674,False,False,cache_record_without_structure,R3_inchikey_structure,48748,,R2:remapped_mnx_not_in_cache;R2:remapped_mnx_not_in_cache;R2:composition_mismatch;R2:composition_mismatch;R3:priceable
s_3649,1-monoglyceride (16:0),gm,C19H38O4,0.0,triacylglycerol_TAG,False,bigg.metabolite;chebi,bigg.metabolite=mag160;chebi=CHEBI:134127,chebi,312671,False,False,cache_record_without_structure,,,no_usable_structure_available,R2:composition_mismatch;R2:composition_mismatch;R2:composition_mismatch;R2:composition_mismatch;R3:structure_not_parseable;R3:structure_not_parseable;R3:structure_not_parseable;R3:structure_not_parseable
s_3651,1-monoglyceride (16:1),gm,C19H36O4,0.0,triacylglycerol_TAG,False,chebi,chebi=CHEBI:134128,chebi,312672,False,False,cache_record_without_structure,,,no_usable_structure_available,R2:composition_mismatch;R2:composition_mismatch;R3:structure_not_parseable;R3:structure_not_parseable
s_3653,1-monoglyceride (18:0),gm,C21H42O4,0.0,triacylglycerol_TAG,False,bigg.metabolite;chebi,bigg.metabolite=mag180;chebi=CHEBI:134129,chebi,312673,False,False,cache_record_without_structure,,,no_usable_structure_available,R2:composition_mismatch;R2:composition_mismatch;R2:composition_mismatch;R2:composition_mismatch;R3:structure_not_parseable;R3:structure_not_parseable;R3:structure_not_parseable;R3:structure_not_parseable
s_3655,1-monoglyceride (18:1),gm,C21H40O4,0.0,triacylglycerol_TAG,False,bigg.metabolite;chebi,bigg.metabolite=magole_hs;chebi=CHEBI:134130,chebi,312674,False,False,cache_record_without_structure,R3_inchikey_structure,48748,,R2:remapped_mnx_not_in_cache;R2:remapped_mnx_not_in_cache;R2:composition_mismatch;R2:composition_mismatch;R3:priceable
s_3671,1-monoglyceride (16:0),lp,C19H38O4,0.0,triacylglycerol_TAG,False,bigg.metabolite;chebi,bigg.metabolite=mag160;chebi=CHEBI:134127,chebi,312671,False,False,cache_record_without_structure,,,no_usable_structure_available,R2:composition_mismatch;R2:composition_mismatch;R2:composition_mismatch;R2:composition_mismatch;R3:structure_not_parseable;R3:structure_not_parseable;R3:structure_not_parseable;R3:structure_not_parseable
s_3672,1-monoglyceride (16:1),lp,C19H36O4,0.0,triacylglycerol_TAG,False,chebi,chebi=CHEBI:134128,chebi,312672,False,False,cache_record_without_structure,,,no_usable_structure_available,R2:composition_mismatch;R2:composition_mismatch;R3:structure_not_parseable;R3:structure_not_parseable
s_3673,1-monoglyceride (18:0),lp,C21H42O4,0.0,triacylglycerol_TAG,False,bigg.metabolite;chebi,bigg.metabolite=mag180;chebi=CHEBI:134129,chebi,312673,False,False,cache_record_without_structure,,,no_usable_structure_available,R2:composition_mismatch;R2:composition_mismatch;R2:composition_mismatch;R2:composition_mismatch;R3:structure_not_parseable;R3:structure_not_parseable;R3:structure_not_parseable;R3:structure_not_parseable
s_3674,1-monoglyceride (18:1),lp,C21H40O4,0.0,triacylglycerol_TAG,False,bigg.metabolite;chebi,bigg.metabolite=magole_hs;chebi=CHEBI:134130,chebi,312674,False,False,cache_record_without_structure,R3_inchikey_structure,48748,,R2:remapped_mnx_not_in_cache;R2:remapped_mnx_not_in_cache;R2:composition_mismatch;R2:composition_mismatch;R3:priceable
s_3676,1-monoglyceride (16:0),m,C19H38O4,0.0,triacylglycerol_TAG,False,bigg.metabolite;chebi,bigg.metabolite=mag160;chebi=CHEBI:134127,chebi,312671,False,False,cache_record_without_structure,,,no_usable_structure_available,R2:composition_mismatch;R2:composition_mismatch;R2:composition_mismatch;R2:composition_mismatch;R3:structure_not_parseable;R3:structure_not_parseable;R3:structure_not_parseable;R3:structure_not_parseable
s_3679,1-monoglyceride (16:1),m,C19H36O4,0.0,triacylglycerol_TAG,False,chebi,chebi=CHEBI:134128,chebi,312672,False,False,cache_record_without_structure,,,no_usable_structure_available,R2:composition_mismatch;R2:composition_mismatch;R3:structure_not_parseable;R3:structure_not_parseable
s_3681,1-monoglyceride (18:0),m,C21H42O4,0.0,triacylglycerol_TAG,False,bigg.metabolite;chebi,bigg.metabolite=mag180;chebi=CHEBI:134129,chebi,312673,False,False,cache_record_without_structure,,,no_usable_structure_available,R2:composition_mismatch;R2:composition_mismatch;R2:composition_mismatch;R2:composition_mismatch;R3:structure_not_parseable;R3:structure_not_parseable;R3:structure_not_parseable;R3:structure_not_parseable
s_3683,1-monoglyceride (18:1),m,C21H40O4,0.0,triacylglycerol_TAG,False,bigg.metabolite;chebi,bigg.metabolite=magole_hs;chebi=CHEBI:134130,chebi,312674,False,False,cache_record_without_structure,R3_inchikey_structure,48748,,R2:remapped_mnx_not_in_cache;R2:remapped_mnx_not_in_cache;R2:composition_mismatch;R2:composition_mismatch;R3:priceable
s_3685,1-acylglycerophosphoethanolamine (16:0),lp,C21H44NO7P,0.0,phosphatidylethanolamine_PE,False,bigg.metabolite;chebi,bigg.metabolite=1agpe160;chebi=CHEBI:90452,chebi,100019,False,False,cache_record_without_structure,R2_metanetx_xref,21795,,R2:priceable
s_3686,"phosphatidylethanolamine (1-16:0, 2-18:1)",lp,C39H76NO8P,0.0,phosphatidylethanolamine_PE,False,chebi,chebi=CHEBI:136148,chebi,557536,False,False,cache_record_without_structure,,,no_usable_structure_available,R2:composition_mismatch;R2:composition_mismatch;R3:structure_not_parseable;R3:structure_not_parseable
s_3687,1-acylglycerophosphoethanolamine (16:1),lp,C21H42NO7P,0.0,phosphatidylethanolamine_PE,False,bigg.metabolite,bigg.metabolite=1agpe161,bigg.metabolite,5553,False,False,cache_record_without_structure,,,structure_absent_from_cache,R2:composition_mismatch;R2:composition_mismatch;R3:inchikey_not_in_cache;R3:inchikey_not_in_cache
s_3688,"phosphatidylethanolamine (1-16:1, 2-18:1)",lp,C39H74NO8P,0.0,phosphatidylethanolamine_PE,False,chebi,chebi=CHEBI:90464,chebi,580392,False,False,cache_record_without_structure,,,no_usable_structure_available,R2:composition_mismatch;R2:composition_mismatch;R3:structure_not_parseable;R3:structure_not_parseable
s_3689,1-acylglycerophosphoethanolamine (18:0),lp,C23H48NO7P,0.0,phosphatidylethanolamine_PE,False,bigg.metabolite;chebi,bigg.metabolite=1agpe180;chebi=CHEBI:64576,chebi,47033,False,False,cache_record_without_structure,R2_metanetx_xref,691285,,R2:priceable
s_3690,"phosphatidylethanolamine (1-18:0, 2-18:1)",lp,C41H80NO8P,0.0,phosphatidylethanolamine_PE,False,chebi,chebi=CHEBI:136162,chebi,557551,False,False,cache_record_without_structure,,,no_usable_structure_available,R2:composition_mismatch;R2:composition_mismatch;R3:structure_not_parseable;R3:structure_not_parseable
s_3691,1-acylglycerophosphoethanolamine (18:1),lp,C23H46NO7P,0.0,phosphatidylethanolamine_PE,False,bigg.metabolite;chebi,bigg.metabolite=1agpe181;chebi=CHEBI:64575,chebi,47034,False,False,cache_record_without_structure,R3_inchikey_structure,22174,,R2:composition_mismatch;R2:composition_mismatch;R2:composition_mismatch;R2:composition_mismatch;R3:priceable
s_3692,"phosphatidylethanolamine (1-18:1, 2-18:1)",lp,C41H78NO8P,0.0,phosphatidylethanolamine_PE,False,chebi,chebi=CHEBI:136170,chebi,557562,False,False,cache_record_without_structure,,,no_usable_structure_available,R2:composition_mismatch;R2:composition_mismatch;R3:structure_not_parseable;R3:structure_not_parseable
s_3693,"phosphatidylcholine (1-16:0, 2-16:1)",lp,C40H78NO8P,0.0,phosphatidylcholine_PC,False,chebi,chebi=CHEBI:134592,chebi,557400,False,False,cache_record_without_structure,,,no_usable_structure_available,R2:composition_mismatch;R2:composition_mismatch;R3:structure_not_parseable;R3:structure_not_parseable
s_3701,"phosphatidylcholine (1-16:0, 2-18:1)",lp,C42H82NO8P,0.0,phosphatidylcholine_PC,False,chebi,chebi=CHEBI:134594,chebi,557402,False,False,cache_record_without_structure,,,no_usable_structure_available,R2:composition_mismatch;R2:composition_mismatch;R3:structure_not_parseable;R3:structure_not_parseable
s_3705,"phosphatidylethanolamine (1-16:0, 2-16:1)",lp,C37H72NO8P,0.0,phosphatidylethanolamine_PE,False,chebi,chebi=CHEBI:136147,chebi,557534,False,False,cache_record_without_structure,,,no_usable_structure_available,R2:composition_mismatch;R2:composition_mismatch;R3:structure_not_parseable;R3:structure_not_parseable
s_3706,"phosphatidylethanolamine (1-16:1, 2-16:1)",lp,C37H70NO8P,0.0,phosphatidylethanolamine_PE,False,bigg.metabolite;chebi,bigg.metabolite=pe161;chebi=CHEBI:138792,bigg.metabolite,57390,False,False,cache_record_without_structure,,,structure_absent_from_cache,R2:remapped_mnx_not_in_cache;R2:remapped_mnx_not_in_cache;R2:remapped_mnx_not_in_cache;R2:remapped_mnx_not_in_cache;R3:inchikey_not_in_cache;R3:inchikey_not_in_cache;R3:inchikey_not_in_cache;R3:inchikey_not_in_cache
s_3707,"phosphatidylethanolamine (1-18:0, 2-16:1)",lp,C39H76NO8P,0.0,phosphatidylethanolamine_PE,False,chebi,chebi=CHEBI:136155,chebi,557545,False,False,cache_record_without_structure,,,no_usable_structure_available,R2:composition_mismatch;R2:composition_mismatch;R3:structure_not_parseable;R3:structure_not_parseable
s_3709,ergosterol ester backbone,erm,C28H42,0.0,sterol_ester,False,metanetx.chemical,metanetx.chemical=MNXM5739,metanetx.chemical,4905,False,False,cache_record_without_structure,,,no_usable_structure_available,R3:structure_not_parseable
s_3710,phosphatidyl-L-serine backbone,erm,C6H10NO6P,0.0,generic_pseudo_metabolite,False,bigg.metabolite;kegg.compound;metanetx.chemical,bigg.metabolite=ps_cho;kegg.compound=C02737;metanetx.chemical=MNXM221,metanetx.chemical,209,False,False,cache_record_without_structure,,,no_usable_structure_available,R2:remapped_mnx_not_in_cache;R2:remapped_mnx_not_in_cache;R2:remapped_mnx_not_in_cache;R2:remapped_mnx_not_in_cache;R3:structure_not_parseable;R3:structure_not_parseable;R3:structure_not_parseable;R3:structure_not_parseable
s_3711,phosphatidylcholine backbone,erm,C8H16NO3P,1.0,phosphatidylcholine_PC,False,bigg.metabolite;kegg.compound;metanetx.chemical,bigg.metabolite=pchol_cho;kegg.compound=C00157;metanetx.chemical=MNXM96952,metanetx.chemical,75398,False,False,cache_record_without_structure,,,no_usable_structure_available,R2:remapped_mnx_not_in_cache;R2:remapped_mnx_not_in_cache;R2:remapped_mnx_not_in_cache;R2:remapped_mnx_not_in_cache;R3:structure_not_parseable;R3:structure_not_parseable;R3:structure_not_parseable;R3:structure_not_parseable
s_3712,phosphatidylethanolamine backbone,erm,C5H10NO4P,0.0,phosphatidylethanolamine_PE,False,bigg.metabolite;kegg.compound;metanetx.chemical,bigg.metabolite=pe_hs;kegg.compound=C00350;metanetx.chemical=MNXM115,metanetx.chemical,108,False,False,cache_record_without_structure,,,no_usable_structure_available,R2:composition_mismatch;R2:composition_mismatch;R2:composition_mismatch;R2:composition_mismatch;R3:structure_not_parseable;R3:structure_not_parseable;R3:structure_not_parseable;R3:structure_not_parseable;R3:structure_not_parseable
s_3713,triglyceride backbone,erm,C3H2,0.0,triacylglycerol_TAG,False,bigg.metabolite;kegg.compound;metanetx.chemical,bigg.metabolite=tag_cho;kegg.compound=C00422;metanetx.chemical=MNXM248,metanetx.chemical,235,False,False,cache_record_without_structure,,,no_usable_structure_available,R2:remapped_mnx_not_in_cache;R2:remapped_mnx_not_in_cache;R2:remapped_mnx_not_in_cache;R2:remapped_mnx_not_in_cache;R3:structure_not_parseable;R3:structure_not_parseable;R3:structure_not_parseable;R3:structure_not_parseable
s_3714,heme a,c,C49H55FeN4O6,-3.0,other,False,bigg.metabolite;chebi;kegg.compound;metanetx.chemical,bigg.metabolite=hemeA;chebi=CHEBI:24479;kegg.compound=C15670;metanetx.chemical=MNXM53309,metanetx.chemical,40602,True,False,cache_structure_without_group_decomposition,,,no_usable_structure_available,R2:remapped_mnx_not_in_cache;R2:remapped_mnx_not_in_cache;R2:remapped_mnx_not_in_cache;R2:remapped_mnx_not_in_cache;R2:remapped_mnx_not_in_cache;R2:remapped_mnx_not_in_cache;R3:composition_mismatch;R3:composition_mismatch;R3:structure_not_parseable;R3:structure_not_parseable;R3:composition_mismatch;R3:composition_mismatch;R3:inchikey_not_in_cache
s_3719,RNA,c,,0.0,generic_pseudo_metabolite,True,bigg.metabolite,bigg.metabolite=rna,,,False,False,annotated_but_unmatched,,,placeholder_formula_no_definite_structure,R2:remapped_mnx_not_in_cache;R2:remapped_mnx_not_in_cache;R3:placeholder_formula_not_structurally_identifiable
s_3720,DNA,c,,0.0,generic_pseudo_metabolite,True,bigg.metabolite,bigg.metabolite=dna,bigg.metabolite,602,False,False,cache_record_without_structure,,,placeholder_formula_no_definite_structure,R2:composition_mismatch;R2:composition_mismatch;R3:placeholder_formula_not_structurally_identifiable
s_3721,ceramide backbone,g,HNO2,0.0,sphingolipid,False,,,,,False,False,unannotated_definite_formula,,,no_usable_structure_available,R3:no_structure_source
s_3722,ceramide backbone,c,HNO2,0.0,sphingolipid,False,,,,,False,False,unannotated_definite_formula,,,no_usable_structure_available,R3:no_structure_source
s_3723,inositol phosphomannosylinositol phosphoceramide backbone,c,C18H33NO23P2,0.0,sphingolipid,False,,,metanetx.chemical,44331,False,False,cache_record_without_structure,,,no_usable_structure_available,R3:no_structure_source
s_3724,inositol-P-ceramide backbone,c,C6H12NO10P,0.0,sphingolipid,False,,,metanetx.chemical,44330,False,False,cache_record_without_structure,,,no_usable_structure_available,R3:no_structure_source
s_3725,mannosylinositol phosphorylceramide backbone,c,C12H22NO15P,0.0,sphingolipid,False,,,metanetx.chemical,9514,False,False,cache_record_without_structure,,,no_usable_structure_available,R3:no_structure_source
s_3726,long-chain base backbone,er,H4N,0.0,sphingolipid,False,,,,,False,False,unannotated_definite_formula,,,no_usable_structure_available,R3:no_structure_source
s_3727,long-chain base backbone,c,H4N,0.0,sphingolipid,False,,,,,False,False,unannotated_definite_formula,,,no_usable_structure_available,R3:no_structure_source
s_3728,long-chain base phosphate backbone,er,H3NO3P,0.0,sphingolipid,False,,,,,False,False,unannotated_definite_formula,,,no_usable_structure_available,R3:no_structure_source
s_3729,long-chain base phosphate backbone,c,H3NO3P,0.0,sphingolipid,False,,,,,False,False,unannotated_definite_formula,,,no_usable_structure_available,R3:no_structure_source
s_3730,phosphatidate backbone,erm,C3H5O4P,0.0,phosphatidate_PA,False,,,,,False,False,unannotated_definite_formula,,,no_usable_structure_available,R3:no_structure_source
s_3731,phosphatidate backbone,c,C3H5O4P,0.0,phosphatidate_PA,False,,,,,False,False,unannotated_definite_formula,,,no_usable_structure_available,R3:no_structure_source
s_3732,diglyceride backbone,erm,C3H4O,0.0,triacylglycerol_TAG,False,,,metanetx.chemical,59,False,False,cache_record_without_structure,,,no_usable_structure_available,R3:no_structure_source
s_3733,diglyceride backbone,c,C3H4O,0.0,triacylglycerol_TAG,False,,,metanetx.chemical,59,False,False,cache_record_without_structure,,,no_usable_structure_available,R3:no_structure_source
s_3734,sn-2-acyl-1-lysophosphatidylinositol backbone,erm,C9H11O10P,0.0,phosphatidylinositol_PI,False,,,,,False,False,unannotated_definite_formula,,,no_usable_structure_available,R3:no_structure_source
s_3735,sn-2-acyl-1-lysophosphatidylinositol backbone,c,C9H11O10P,0.0,phosphatidylinositol_PI,False,,,,,False,False,unannotated_definite_formula,,,no_usable_structure_available,R3:no_structure_source
s_3736,phosphatidylglycerol backbone,mm,C6H11O6P,0.0,phosphatidylglycerol_PG,False,,,,,False,False,unannotated_definite_formula,,,no_usable_structure_available,R3:no_structure_source
s_3737,phosphatidylglycerol backbone,c,C6H11O6P,0.0,phosphatidylglycerol_PG,False,,,,,False,False,unannotated_definite_formula,,,no_usable_structure_available,R3:no_structure_source
s_3738,cardiolipin backbone,mm,C9H14O9P2,0.0,cardiolipin_CL,False,,,,,False,False,unannotated_definite_formula,,,no_usable_structure_available,R3:no_structure_source
s_3739,cardiolipin backbone,c,C9H14O9P2,0.0,cardiolipin_CL,False,,,,,False,False,unannotated_definite_formula,,,no_usable_structure_available,R3:no_structure_source
s_3740,C16:0 chain,c,C16H32O2,0.0,fatty_acid_acyl_chain,False,,,,,False,False,unannotated_definite_formula,,,no_usable_structure_available,R3:no_structure_source
s_3741,C16:1 chain,c,C16H30O2,0.0,fatty_acid_acyl_chain,False,,,,,False,False,unannotated_definite_formula,,,no_usable_structure_available,R3:no_structure_source
s_3742,C18:0 chain,c,C18H36O2,0.0,fatty_acid_acyl_chain,False,,,,,False,False,unannotated_definite_formula,,,no_usable_structure_available,R3:no_structure_source
s_3743,C18:1 chain,c,C18H34O2,0.0,fatty_acid_acyl_chain,False,,,,,False,False,unannotated_definite_formula,,,no_usable_structure_available,R3:no_structure_source
s_3744,C24:0 chain,c,C24H48O2,0.0,fatty_acid_acyl_chain,False,,,,,False,False,unannotated_definite_formula,,,no_usable_structure_available,R3:no_structure_source
s_3745,C26:0 chain,c,C26H52O2,0.0,fatty_acid_acyl_chain,False,,,,,False,False,unannotated_definite_formula,,,no_usable_structure_available,R3:no_structure_source
s_3746,lipid backbone,c,,0.0,generic_pseudo_metabolite,True,,,,,False,False,unannotated_placeholder_formula,,,placeholder_formula_no_definite_structure,R3:placeholder_formula_not_structurally_identifiable
s_3747,lipid chain,c,,0.0,fatty_acid_acyl_chain,True,,,,,False,False,unannotated_placeholder_formula,,,placeholder_formula_no_definite_structure,R3:placeholder_formula_not_structurally_identifiable
s_3748,Cytochrome c,m,C40H40FeN6O6S2,-2.0,other,False,bigg.metabolite;chebi;kegg.compound,bigg.metabolite=cytc;chebi=CHEBI:83739;kegg.compound=C00524,chebi,117823,False,False,cache_record_without_structure,,,no_usable_structure_available,R2:remapped_mnx_not_in_cache;R2:remapped_mnx_not_in_cache;R2:composition_mismatch;R2:composition_mismatch;R2:remapped_mnx_not_in_cache;R2:remapped_mnx_not_in_cache;R3:structure_not_parseable;R3:structure_not_parseable;R3:structure_not_parseable;R3:structure_not_parseable;R3:structure_not_parseable;R3:structure_not_parseable
s_3749,Apocytochrome c,m,C6H10N2O2S2,0.0,other,False,bigg.metabolite;chebi;kegg.compound;metanetx.chemical,bigg.metabolite=apocytc;chebi=CHEBI:15697;kegg.compound=C02248;metanetx.chemical=MNXM2100,metanetx.chemical,1870,False,False,cache_record_without_structure,,,no_usable_structure_available,R2:composition_mismatch;R2:composition_mismatch;R2:composition_mismatch;R2:composition_mismatch;R2:composition_mismatch;R2:composition_mismatch;R3:structure_not_parseable;R3:structure_not_parseable;R3:structure_not_parseable;R3:structure_not_parseable;R3:structure_not_parseable;R3:structure_not_parseable;R3:structure_not_parseable
s_3754,L-glutamyl-tRNA(Gln),m,C5H8NO3R,0.0,tRNA_linked,True,bigg.metabolite;chebi;kegg.compound;metanetx.chemical,bigg.metabolite=glutrna_gln;chebi=CHEBI:29165;kegg.compound=C06112;metanetx.chemical=MNXM91213,metanetx.chemical,74650,False,False,cache_record_without_structure,,,placeholder_formula_no_definite_structure,R2:remapped_mnx_not_in_cache;R2:remapped_mnx_not_in_cache;R2:remapped_mnx_not_in_cache;R2:remapped_mnx_not_in_cache;R2:remapped_mnx_not_in_cache;R2:remapped_mnx_not_in_cache;R3:placeholder_formula_not_structurally_identifiable
s_3756,Gln-tRNA(Gln),m,C5H10N2O2R,1.0,tRNA_linked,True,bigg.metabolite;chebi;kegg.compound;metanetx.chemical,bigg.metabolite=glntrna;chebi=CHEBI:29166;kegg.compound=C02282;metanetx.chemical=MNXM89810,metanetx.chemical,74412,False,False,cache_record_without_structure,,,placeholder_formula_no_definite_structure,R2:remapped_mnx_not_in_cache;R2:remapped_mnx_not_in_cache;R2:remapped_mnx_not_in_cache;R2:remapped_mnx_not_in_cache;R2:remapped_mnx_not_in_cache;R2:remapped_mnx_not_in_cache;R3:placeholder_formula_not_structurally_identifiable
s_3767,"N,N'-Chitobiosyldiphosphodolichol",er,C36H64N2O17P2,0.0,glycan,False,,,,,False,False,unannotated_definite_formula,,,no_usable_structure_available,R3:no_structure_source
s_3771,G00171,er,C86H142N4O67R,0.0,glycan,True,,,,,False,False,unannotated_placeholder_formula,,,placeholder_formula_no_definite_structure,R3:placeholder_formula_not_structurally_identifiable
s_3773,G00010,er,C80H132N4O62R,0.0,glycan,True,,,,,False,False,unannotated_placeholder_formula,,,placeholder_formula_no_definite_structure,R3:placeholder_formula_not_structurally_identifiable
s_3774,G00011,er,C74H122N4O57R,0.0,glycan,True,metanetx.chemical,metanetx.chemical=MNXM6479,metanetx.chemical,5467,False,False,cache_record_without_structure,,,placeholder_formula_no_definite_structure,R3:placeholder_formula_not_structurally_identifiable
s_3775,sodium,v,Na,1.0,other,False,bigg.metabolite;chebi;kegg.compound;metanetx.chemical,bigg.metabolite=na1;chebi=CHEBI:29101;kegg.compound=C01330;metanetx.chemical=MNXM27,metanetx.chemical,67687,True,True,cache_structure_without_group_decomposition,,,structure_known_but_no_group_decomposition,R2:matched_but_no_group_decomposition;R2:matched_but_no_group_decomposition;R2:matched_but_no_group_decomposition;R2:matched_but_no_group_decomposition;R2:matched_but_no_group_decomposition;R2:matched_but_no_group_decomposition;R3:matched_but_no_group_decomposition;R3:matched_but_no_group_decomposition;R3:matched_but_no_group_decomposition;R3:matched_but_no_group_decomposition;R3:matched_but_no_group_decomposition;R3:matched_but_no_group_decomposition;R3:matched_but_no_group_decomposition;R3:matched_but_no_group_decomposition
s_3776,potassium,v,K,1.0,other,False,bigg.metabolite;chebi;kegg.compound;metanetx.chemical,bigg.metabolite=k;chebi=CHEBI:29103;kegg.compound=C00238;metanetx.chemical=MNXM95,metanetx.chemical,63567,True,True,cache_structure_without_group_decomposition,,,structure_known_but_no_group_decomposition,R2:matched_but_no_group_decomposition;R2:matched_but_no_group_decomposition;R2:matched_but_no_group_decomposition;R2:matched_but_no_group_decomposition;R2:matched_but_no_group_decomposition;R2:matched_but_no_group_decomposition;R3:matched_but_no_group_decomposition;R3:matched_but_no_group_decomposition;R3:matched_but_no_group_decomposition;R3:matched_but_no_group_decomposition;R3:matched_but_no_group_decomposition;R3:matched_but_no_group_decomposition;R3:matched_but_no_group_decomposition;R3:matched_but_no_group_decomposition
s_3777,chloride,v,Cl,-1.0,other,False,bigg.metabolite;chebi;kegg.compound;metanetx.chemical,bigg.metabolite=cl;chebi=CHEBI:17996;kegg.compound=C00698;metanetx.chemical=MNXM43,metanetx.chemical,45,True,True,cache_structure_without_group_decomposition,,,structure_known_but_no_group_decomposition,R2:remapped_mnx_not_in_cache;R2:remapped_mnx_not_in_cache;R2:remapped_mnx_not_in_cache;R2:remapped_mnx_not_in_cache;R2:remapped_mnx_not_in_cache;R2:remapped_mnx_not_in_cache;R3:matched_but_no_group_decomposition;R3:matched_but_no_group_decomposition;R3:matched_but_no_group_decomposition;R3:matched_but_no_group_decomposition;R3:matched_but_no_group_decomposition;R3:matched_but_no_group_decomposition;R3:matched_but_no_group_decomposition
s_3778,chloride,c,Cl,-1.0,other,False,bigg.metabolite;chebi;kegg.compound;metanetx.chemical,bigg.metabolite=cl;chebi=CHEBI:17996;kegg.compound=C00698;metanetx.chemical=MNXM43,metanetx.chemical,45,True,True,cache_structure_without_group_decomposition,,,structure_known_but_no_group_decomposition,R2:remapped_mnx_not_in_cache;R2:remapped_mnx_not_in_cache;R2:remapped_mnx_not_in_cache;R2:remapped_mnx_not_in_cache;R2:remapped_mnx_not_in_cache;R2:remapped_mnx_not_in_cache;R3:matched_but_no_group_decomposition;R3:matched_but_no_group_decomposition;R3:matched_but_no_group_decomposition;R3:matched_but_no_group_decomposition;R3:matched_but_no_group_decomposition;R3:matched_but_no_group_decomposition;R3:matched_but_no_group_decomposition
s_3782,cadmium(2+),c,Cd,2.0,other,False,bigg.metabolite;chebi;kegg.compound;metanetx.chemical,bigg.metabolite=cd2;chebi=CHEBI:48775;kegg.compound=C01413;metanetx.chemical=MNXM4505,metanetx.chemical,3894,True,True,cache_structure_without_group_decomposition,,,structure_known_but_no_group_decomposition,R2:remapped_mnx_not_in_cache;R2:remapped_mnx_not_in_cache;R2:remapped_mnx_not_in_cache;R2:remapped_mnx_not_in_cache;R2:composition_mismatch;R2:composition_mismatch;R3:matched_but_no_group_decomposition;R3:matched_but_no_group_decomposition;R3:matched_but_no_group_decomposition;R3:matched_but_no_group_decomposition;R3:matched_but_no_group_decomposition;R3:matched_but_no_group_decomposition;R3:matched_but_no_group_decomposition
s_3783,cadmium(2+),e,Cd,2.0,other,False,bigg.metabolite;chebi;kegg.compound;metanetx.chemical,bigg.metabolite=cd2;chebi=CHEBI:48775;kegg.compound=C01413;metanetx.chemical=MNXM4505,metanetx.chemical,3894,True,True,cache_structure_without_group_decomposition,,,structure_known_but_no_group_decomposition,R2:remapped_mnx_not_in_cache;R2:remapped_mnx_not_in_cache;R2:remapped_mnx_not_in_cache;R2:remapped_mnx_not_in_cache;R2:composition_mismatch;R2:composition_mismatch;R3:matched_but_no_group_decomposition;R3:matched_but_no_group_decomposition;R3:matched_but_no_group_decomposition;R3:matched_but_no_group_decomposition;R3:matched_but_no_group_decomposition;R3:matched_but_no_group_decomposition;R3:matched_but_no_group_decomposition
s_3784,(sulfur carrier)-H,m,R,0.0,protein_linked,True,,,,,False,False,unannotated_placeholder_formula,,,placeholder_formula_no_definite_structure,R3:placeholder_formula_not_structurally_identifiable
s_3786,(sulfur carrier)-SH,m,SR,0.0,protein_linked,True,,,,,False,False,unannotated_placeholder_formula,,,placeholder_formula_no_definite_structure,R3:placeholder_formula_not_structurally_identifiable
s_3801,Mn(2+),c,Mn,2.0,other,False,bigg.metabolite;chebi;kegg.compound;metanetx.chemical,bigg.metabolite=mn2;chebi=CHEBI:29035;kegg.compound=C19610;metanetx.chemical=MNXM2255,metanetx.chemical,2000,True,True,cache_structure_without_group_decomposition,,,structure_known_but_no_group_decomposition,R2:matched_but_no_group_decomposition;R2:matched_but_no_group_decomposition;R2:matched_but_no_group_decomposition;R2:matched_but_no_group_decomposition;R2:matched_but_no_group_decomposition;R2:matched_but_no_group_decomposition;R3:matched_but_no_group_decomposition;R3:matched_but_no_group_decomposition;R3:matched_but_no_group_decomposition;R3:matched_but_no_group_decomposition;R3:matched_but_no_group_decomposition;R3:matched_but_no_group_decomposition;R3:matched_but_no_group_decomposition;R3:matched_but_no_group_decomposition
s_3802,Mn(2+),er,Mn,2.0,other,False,bigg.metabolite;chebi;kegg.compound;metanetx.chemical,bigg.metabolite=mn2;chebi=CHEBI:29035;kegg.compound=C19610;metanetx.chemical=MNXM2255,metanetx.chemical,2000,True,True,cache_structure_without_group_decomposition,,,structure_known_but_no_group_decomposition,R2:matched_but_no_group_decomposition;R2:matched_but_no_group_decomposition;R2:matched_but_no_group_decomposition;R2:matched_but_no_group_decomposition;R2:matched_but_no_group_decomposition;R2:matched_but_no_group_decomposition;R3:matched_but_no_group_decomposition;R3:matched_but_no_group_decomposition;R3:matched_but_no_group_decomposition;R3:matched_but_no_group_decomposition;R3:matched_but_no_group_decomposition;R3:matched_but_no_group_decomposition;R3:matched_but_no_group_decomposition;R3:matched_but_no_group_decomposition
s_3807,L-methionine (S)-S-oxide,c,C5H11NO3S,0.0,other,False,chebi;kegg.compound;metanetx.chemical,chebi=CHEBI:49031;kegg.compound=C15999;metanetx.chemical=MNXM722780,metanetx.chemical,691225,True,True,cache_structure_without_group_decomposition,,,structure_known_but_no_group_decomposition,R2:remapped_mnx_not_in_cache;R2:remapped_mnx_not_in_cache;R2:remapped_mnx_not_in_cache;R2:remapped_mnx_not_in_cache;R3:matched_but_no_group_decomposition;R3:matched_but_no_group_decomposition;R3:matched_but_no_group_decomposition;R3:matched_but_no_group_decomposition;R3:matched_but_no_group_decomposition;R3:matched_but_no_group_decomposition;R3:matched_but_no_group_decomposition;R3:matched_but_no_group_decomposition;R3:matched_but_no_group_decomposition;R3:matched_but_no_group_decomposition;R3:matched_but_no_group_decomposition;R3:matched_but_no_group_decomposition;R3:matched_but_no_group_decomposition;R3:matched_but_no_group_decomposition;R3:matched_but_no_group_decomposition;R3:matched_but_no_group_decomposition;R3:matched_but_no_group_decomposition;R3:matched_but_no_group_decomposition;R3:matched_but_no_group_decomposition;R3:matched_but_no_group_decomposition;R3:matched_but_no_group_decomposition;R3:matched_but_no_group_decomposition;R3:matched_but_no_group_decomposition;R3:matched_but_no_group_decomposition;R3:matched_but_no_group_decomposition;R3:matched_but_no_group_decomposition;R3:matched_but_no_group_decomposition;R3:matched_but_no_group_decomposition;R3:matched_but_no_group_decomposition;R3:matched_but_no_group_decomposition;R3:matched_but_no_group_decomposition;R3:matched_but_no_group_decomposition;R3:matched_but_no_group_decomposition;R3:matched_but_no_group_decomposition;R3:matched_but_no_group_decomposition
s_3808,tRNA(Pro),m,RH,0.0,tRNA_linked,True,bigg.metabolite;chebi;kegg.compound;metanetx.chemical,bigg.metabolite=trnapro;chebi=CHEBI:29177;kegg.compound=C01649;metanetx.chemical=MNXM90667,metanetx.chemical,74548,False,False,cache_record_without_structure,,,placeholder_formula_no_definite_structure,R2:composition_mismatch;R2:composition_mismatch;R2:composition_mismatch;R2:composition_mismatch;R2:composition_mismatch;R2:composition_mismatch;R3:placeholder_formula_not_structurally_identifiable
s_3809,Pro-tRNA(Pro),m,C5H9NOR,1.0,tRNA_linked,True,bigg.metabolite;chebi;kegg.compound;metanetx.chemical,bigg.metabolite=protrna;chebi=CHEBI:29154;kegg.compound=C02702;metanetx.chemical=MNXM247,metanetx.chemical,234,False,False,cache_record_without_structure,,,placeholder_formula_no_definite_structure,R2:remapped_mnx_not_in_cache;R2:remapped_mnx_not_in_cache;R2:remapped_mnx_not_in_cache;R2:remapped_mnx_not_in_cache;R2:remapped_mnx_not_in_cache;R2:remapped_mnx_not_in_cache;R3:placeholder_formula_not_structurally_identifiable
s_3812,Dihydrobiopterin,m,C9H13N5O3,0.0,other,False,bigg.metabolite;chebi;kegg.compound;metanetx.chemical,bigg.metabolite=CE2705;chebi=CHEBI:20680;kegg.compound=C00268;metanetx.chemical=MNXM162257,metanetx.chemical,131801,True,True,cache_structure_without_group_decomposition,R2_metanetx_xref,692086,,R2:priceable
s_3813,superoxide,m,O2,-1.0,other,False,bigg.metabolite;chebi;kegg.compound;metanetx.chemical,bigg.metabolite=o2s;chebi=CHEBI:18421;kegg.compound=C00704;metanetx.chemical=MNXM330,metanetx.chemical,312,True,True,cache_structure_without_group_decomposition,,,structure_absent_from_cache,R2:remapped_mnx_not_in_cache;R2:remapped_mnx_not_in_cache;R2:remapped_mnx_not_in_cache;R2:remapped_mnx_not_in_cache;R2:remapped_mnx_not_in_cache;R2:remapped_mnx_not_in_cache;R3:inchikey_not_in_cache;R3:inchikey_not_in_cache;R3:inchikey_not_in_cache;R3:inchikey_not_in_cache;R3:inchikey_not_in_cache;R3:inchikey_not_in_cache;R3:inchikey_not_in_cache
s_3816,[cytochrome c]-L-lysine,c,C6H13N2O,1.0,protein_linked,False,chebi,chebi=CHEBI:29969,chebi,46207,False,False,cache_record_without_structure,,,no_usable_structure_available,R2:composition_mismatch;R2:composition_mismatch;R3:structure_not_parseable;R3:structure_not_parseable
s_3817,[cytochrome c]-N6-methyl-L-lysine,c,C7H15N2O,1.0,protein_linked,False,chebi,chebi=CHEBI:61929,chebi,49358,False,False,cache_record_without_structure,,,no_usable_structure_available,R2:remapped_mnx_not_in_cache;R2:remapped_mnx_not_in_cache;R3:structure_not_parseable;R3:structure_not_parseable
s_3819,L-lysine-[histone],n,C6H13N2OR2,1.0,protein_linked,True,chebi;metanetx.chemical,chebi=CHEBI:29969;metanetx.chemical=MNXM59465,metanetx.chemical,46207,False,False,cache_record_without_structure,,,placeholder_formula_no_definite_structure,R2:composition_mismatch;R2:composition_mismatch;R3:placeholder_formula_not_structurally_identifiable
s_3821,N6-methyl-L-lysine-[histone],n,C7H15N2OR2,1.0,protein_linked,True,chebi;metanetx.chemical,chebi=CHEBI:61929;metanetx.chemical=MNXM63025,metanetx.chemical,49358,False,False,cache_record_without_structure,,,placeholder_formula_no_definite_structure,R2:remapped_mnx_not_in_cache;R2:remapped_mnx_not_in_cache;R3:placeholder_formula_not_structurally_identifiable
s_3822,Zn(2+),c,Zn,2.0,other,False,bigg.metabolite;chebi;kegg.compound;metanetx.chemical,bigg.metabolite=zn2;chebi=CHEBI:29105;kegg.compound=C00038;metanetx.chemical=MNXM149,metanetx.chemical,141,True,True,cache_structure_without_group_decomposition,,,structure_known_but_no_group_decomposition,R2:remapped_mnx_not_in_cache;R2:remapped_mnx_not_in_cache;R2:remapped_mnx_not_in_cache;R2:remapped_mnx_not_in_cache;R2:remapped_mnx_not_in_cache;R2:remapped_mnx_not_in_cache;R3:matched_but_no_group_decomposition;R3:matched_but_no_group_decomposition;R3:matched_but_no_group_decomposition;R3:matched_but_no_group_decomposition;R3:matched_but_no_group_decomposition;R3:matched_but_no_group_decomposition;R3:matched_but_no_group_decomposition
s_3823,Zn(2+),er,Zn,2.0,other,False,bigg.metabolite;chebi;kegg.compound;metanetx.chemical,bigg.metabolite=zn2;chebi=CHEBI:29105;kegg.compound=C00038;metanetx.chemical=MNXM149,metanetx.chemical,141,True,True,cache_structure_without_group_decomposition,,,structure_known_but_no_group_decomposition,R2:remapped_mnx_not_in_cache;R2:remapped_mnx_not_in_cache;R2:remapped_mnx_not_in_cache;R2:remapped_mnx_not_in_cache;R2:remapped_mnx_not_in_cache;R2:remapped_mnx_not_in_cache;R3:matched_but_no_group_decomposition;R3:matched_but_no_group_decomposition;R3:matched_but_no_group_decomposition;R3:matched_but_no_group_decomposition;R3:matched_but_no_group_decomposition;R3:matched_but_no_group_decomposition;R3:matched_but_no_group_decomposition
s_3826,Ferricytochrome b5,m,Fe,3.0,other,False,bigg.metabolite;chebi;kegg.compound;metanetx.chemical,bigg.metabolite=ficytb5;chebi=CHEBI:18097;kegg.compound=C00996;metanetx.chemical=MNXM1083,metanetx.chemical,1002,False,False,cache_record_without_structure,,,no_usable_structure_available,R2:remapped_mnx_not_in_cache;R2:remapped_mnx_not_in_cache;R2:remapped_mnx_not_in_cache;R2:remapped_mnx_not_in_cache;R2:remapped_mnx_not_in_cache;R2:remapped_mnx_not_in_cache;R3:structure_not_parseable;R3:structure_not_parseable;R3:structure_not_parseable;R3:structure_not_parseable;R3:structure_not_parseable;R3:structure_not_parseable
s_3827,Ferrocytochrome b5,m,Fe,2.0,other,False,bigg.metabolite;kegg.compound,bigg.metabolite=focytb5;kegg.compound=C00999,kegg.compound,1003,False,False,cache_record_without_structure,,,no_usable_structure_available,R2:remapped_mnx_not_in_cache;R2:remapped_mnx_not_in_cache;R2:remapped_mnx_not_in_cache;R2:remapped_mnx_not_in_cache;R3:structure_not_parseable;R3:structure_not_parseable;R3:structure_not_parseable;R3:structure_not_parseable
s_3830,RX,er,RX,0.0,other,True,chebi;kegg.compound;metanetx.chemical,chebi=CHEBI:17792;kegg.compound=C01322;metanetx.chemical=MNXM6428,metanetx.chemical,5425,False,False,cache_record_without_structure,,,placeholder_formula_no_definite_structure,R2:remapped_mnx_not_in_cache;R2:remapped_mnx_not_in_cache;R2:remapped_mnx_not_in_cache;R2:remapped_mnx_not_in_cache;R3:placeholder_formula_not_structurally_identifiable
s_3832,HX,er,X,-1.0,other,True,chebi;kegg.compound;metanetx.chemical,chebi=CHEBI:16042;kegg.compound=C00462;metanetx.chemical=MNXM55844,metanetx.chemical,42884,False,False,cache_record_without_structure,,,placeholder_formula_no_definite_structure,R2:remapped_mnx_not_in_cache;R2:remapped_mnx_not_in_cache;R2:remapped_mnx_not_in_cache;R2:remapped_mnx_not_in_cache;R3:placeholder_formula_not_structurally_identifiable
s_3833,R-S-glutathione,er,C10H16N3O6SR,0.0,other,True,chebi;kegg.compound;metanetx.chemical,chebi=CHEBI:17021;kegg.compound=C02320;metanetx.chemical=MNXM3350,metanetx.chemical,2917,False,False,cache_record_without_structure,,,placeholder_formula_no_definite_structure,R2:remapped_mnx_not_in_cache;R2:remapped_mnx_not_in_cache;R2:remapped_mnx_not_in_cache;R2:remapped_mnx_not_in_cache;R3:placeholder_formula_not_structurally_identifiable
s_3834,RX,c,RX,0.0,other,True,chebi;kegg.compound;metanetx.chemical,chebi=CHEBI:17792;kegg.compound=C01322;metanetx.chemical=MNXM6428,metanetx.chemical,5425,False,False,cache_record_without_structure,,,placeholder_formula_no_definite_structure,R2:remapped_mnx_not_in_cache;R2:remapped_mnx_not_in_cache;R2:remapped_mnx_not_in_cache;R2:remapped_mnx_not_in_cache;R3:placeholder_formula_not_structurally_identifiable
s_3835,HX,c,X,-1.0,other,True,chebi;kegg.compound;metanetx.chemical,chebi=CHEBI:16042;kegg.compound=C00462;metanetx.chemical=MNXM55844,metanetx.chemical,42884,False,False,cache_record_without_structure,,,placeholder_formula_no_definite_structure,R2:remapped_mnx_not_in_cache;R2:remapped_mnx_not_in_cache;R2:remapped_mnx_not_in_cache;R2:remapped_mnx_not_in_cache;R3:placeholder_formula_not_structurally_identifiable
s_3836,R-S-glutathione,c,C10H16N3O6SR,0.0,other,True,chebi;kegg.compound;metanetx.chemical,chebi=CHEBI:17021;kegg.compound=C02320;metanetx.chemical=MNXM3350,metanetx.chemical,2917,False,False,cache_record_without_structure,,,placeholder_formula_no_definite_structure,R2:remapped_mnx_not_in_cache;R2:remapped_mnx_not_in_cache;R2:remapped_mnx_not_in_cache;R2:remapped_mnx_not_in_cache;R3:placeholder_formula_not_structurally_identifiable
s_3837,L-Methionine S-oxide,c,C5H11NO3S,0.0,other,False,bigg.metabolite;chebi;kegg.compound;metanetx.chemical,bigg.metabolite=metsox_S__L;chebi=CHEBI:17016;kegg.compound=C02989;metanetx.chemical=MNXM2246,metanetx.chemical,1993,True,True,cache_structure_without_group_decomposition,,,structure_known_but_no_group_decomposition,R2:remapped_mnx_not_in_cache;R2:remapped_mnx_not_in_cache;R2:remapped_mnx_not_in_cache;R2:remapped_mnx_not_in_cache;R2:remapped_mnx_not_in_cache;R2:remapped_mnx_not_in_cache;R3:matched_but_no_group_decomposition;R3:matched_but_no_group_decomposition;R3:matched_but_no_group_decomposition;R3:matched_but_no_group_decomposition;R3:matched_but_no_group_decomposition;R3:matched_but_no_group_decomposition;R3:matched_but_no_group_decomposition;R3:matched_but_no_group_decomposition;R3:matched_but_no_group_decomposition;R3:matched_but_no_group_decomposition;R3:matched_but_no_group_decomposition;R3:matched_but_no_group_decomposition;R3:matched_but_no_group_decomposition;R3:matched_but_no_group_decomposition;R3:matched_but_no_group_decomposition;R3:matched_but_no_group_decomposition;R3:matched_but_no_group_decomposition;R3:matched_but_no_group_decomposition;R3:matched_but_no_group_decomposition;R3:matched_but_no_group_decomposition;R3:matched_but_no_group_decomposition;R3:matched_but_no_group_decomposition;R3:matched_but_no_group_decomposition;R3:matched_but_no_group_decomposition;R3:matched_but_no_group_decomposition;R3:matched_but_no_group_decomposition;R3:matched_but_no_group_decomposition;R3:matched_but_no_group_decomposition;R3:matched_but_no_group_decomposition;R3:matched_but_no_group_decomposition;R3:matched_but_no_group_decomposition;R3:matched_but_no_group_decomposition;R3:matched_but_no_group_decomposition;R3:matched_but_no_group_decomposition;R3:matched_but_no_group_decomposition;R3:matched_but_no_group_decomposition;R3:matched_but_no_group_decomposition;R3:matched_but_no_group_decomposition;R3:matched_but_no_group_decomposition;R3:matched_but_no_group_decomposition;R3:matched_but_no_group_decomposition;R3:matched_but_no_group_decomposition;R3:matched_but_no_group_decomposition;R3:matched_but_no_group_decomposition;R3:matched_but_no_group_decomposition;R3:matched_but_no_group_decomposition;R3:matched_but_no_group_decomposition;R3:matched_but_no_group_decomposition;R3:matched_but_no_group_decomposition
s_3842,RX,p,RX,0.0,other,True,chebi;kegg.compound;metanetx.chemical,chebi=CHEBI:17792;kegg.compound=C01322;metanetx.chemical=MNXM6428,metanetx.chemical,5425,False,False,cache_record_without_structure,,,placeholder_formula_no_definite_structure,R2:remapped_mnx_not_in_cache;R2:remapped_mnx_not_in_cache;R2:remapped_mnx_not_in_cache;R2:remapped_mnx_not_in_cache;R3:placeholder_formula_not_structurally_identifiable
s_3844,HX,p,X,-1.0,other,True,chebi;kegg.compound;metanetx.chemical,chebi=CHEBI:16042;kegg.compound=C00462;metanetx.chemical=MNXM55844,metanetx.chemical,42884,False,False,cache_record_without_structure,,,placeholder_formula_no_definite_structure,R2:remapped_mnx_not_in_cache;R2:remapped_mnx_not_in_cache;R2:remapped_mnx_not_in_cache;R2:remapped_mnx_not_in_cache;R3:placeholder_formula_not_structurally_identifiable
s_3845,R-S-glutathione,p,C10H16N3O6SR,0.0,other,True,chebi;kegg.compound;metanetx.chemical,chebi=CHEBI:17021;kegg.compound=C02320;metanetx.chemical=MNXM3350,metanetx.chemical,2917,False,False,cache_record_without_structure,,,placeholder_formula_no_definite_structure,R2:remapped_mnx_not_in_cache;R2:remapped_mnx_not_in_cache;R2:remapped_mnx_not_in_cache;R2:remapped_mnx_not_in_cache;R3:placeholder_formula_not_structurally_identifiable
s_3853,R-S-Cysteinylglycine,c,C5H9N2O3SR,0.0,other,True,chebi;kegg.compound;metanetx.chemical,chebi=CHEBI:8744;kegg.compound=C05729;metanetx.chemical=MNXM7734,metanetx.chemical,6386,False,False,cache_record_without_structure,,,placeholder_formula_no_definite_structure,R2:remapped_mnx_not_in_cache;R2:remapped_mnx_not_in_cache;R2:remapped_mnx_not_in_cache;R2:remapped_mnx_not_in_cache;R3:placeholder_formula_not_structurally_identifiable
s_3854,S-Substituted L-cysteine,c,C3H6NO2SR,0.0,other,True,chebi;kegg.compound;metanetx.chemical,chebi=CHEBI:47910;kegg.compound=C05726;metanetx.chemical=MNXM96107,metanetx.chemical,75271,False,False,cache_record_without_structure,,,placeholder_formula_no_definite_structure,R2:remapped_mnx_not_in_cache;R2:remapped_mnx_not_in_cache;R2:remapped_mnx_not_in_cache;R2:remapped_mnx_not_in_cache;R3:placeholder_formula_not_structurally_identifiable
s_3856,Glycyl-tRNA(Ala),c,C2H5NOR,1.0,tRNA_linked,True,,,,,False,False,unannotated_placeholder_formula,,,placeholder_formula_no_definite_structure,R3:placeholder_formula_not_structurally_identifiable
s_3857,D-tyrosyl-tRNA(Tyr),c,C9H11NO2R,1.0,tRNA_linked,True,,,,,False,False,unannotated_placeholder_formula,,,placeholder_formula_no_definite_structure,R3:placeholder_formula_not_structurally_identifiable
s_3859,4-nitrophenyl phosphate,c,C6H4NO6P,-2.0,other,False,bigg.metabolite;chebi;kegg.compound;metanetx.chemical,bigg.metabolite=HC01104;chebi=CHEBI:61146;kegg.compound=C03360;metanetx.chemical=MNXM3867,metanetx.chemical,3341,True,True,cache_structure_without_group_decomposition,,,structure_known_but_no_group_decomposition,R2:matched_but_no_group_decomposition;R2:matched_but_no_group_decomposition;R2:matched_but_no_group_decomposition;R2:matched_but_no_group_decomposition;R2:matched_but_no_group_decomposition;R2:matched_but_no_group_decomposition;R3:matched_but_no_group_decomposition;R3:matched_but_no_group_decomposition;R3:matched_but_no_group_decomposition;R3:matched_but_no_group_decomposition;R3:matched_but_no_group_decomposition;R3:matched_but_no_group_decomposition;R3:matched_but_no_group_decomposition;R3:matched_but_no_group_decomposition
s_3860,4-nitrophenol,c,C6H4NO3,-1.0,other,False,bigg.metabolite;chebi;kegg.compound;metanetx.chemical,bigg.metabolite=4nph;chebi=CHEBI:57917;kegg.compound=C00870;metanetx.chemical=MNXM526,metanetx.chemical,500,True,True,cache_structure_without_group_decomposition,,,structure_known_but_no_group_decomposition,R2:matched_but_no_group_decomposition;R2:matched_but_no_group_decomposition;R2:matched_but_no_group_decomposition;R2:matched_but_no_group_decomposition;R2:matched_but_no_group_decomposition;R2:matched_but_no_group_decomposition;R3:matched_but_no_group_decomposition;R3:matched_but_no_group_decomposition;R3:matched_but_no_group_decomposition;R3:matched_but_no_group_decomposition;R3:matched_but_no_group_decomposition;R3:matched_but_no_group_decomposition;R3:matched_but_no_group_decomposition;R3:matched_but_no_group_decomposition;R3:matched_but_no_group_decomposition;R3:matched_but_no_group_decomposition;R3:matched_but_no_group_decomposition;R3:matched_but_no_group_decomposition;R3:matched_but_no_group_decomposition;R3:matched_but_no_group_decomposition;R3:matched_but_no_group_decomposition;R3:matched_but_no_group_decomposition
s_3876,Protein C-terminal S-farnesyl-L-cysteine,c,C20H32N2O3SR,-1.0,other,True,chebi;kegg.compound;metanetx.chemical,chebi=CHEBI:17171;kegg.compound=C04506;metanetx.chemical=MNXM5285,metanetx.chemical,4552,False,False,cache_record_without_structure,,,placeholder_formula_no_definite_structure,R2:remapped_mnx_not_in_cache;R2:remapped_mnx_not_in_cache;R2:remapped_mnx_not_in_cache;R2:remapped_mnx_not_in_cache;R3:placeholder_formula_not_structurally_identifiable
s_3877,Protein C-terminal S-farnesyl-L-cysteine methyl ester,c,C21H35N2O3SR,0.0,other,True,chebi;kegg.compound;metanetx.chemical,chebi=CHEBI:15818;kegg.compound=C04748;metanetx.chemical=MNXM6400,metanetx.chemical,5404,False,False,cache_record_without_structure,,,placeholder_formula_no_definite_structure,R2:remapped_mnx_not_in_cache;R2:remapped_mnx_not_in_cache;R2:remapped_mnx_not_in_cache;R2:remapped_mnx_not_in_cache;R3:placeholder_formula_not_structurally_identifiable
s_3878,1-phosphatidyl-1D-myo-inositol,er,C11H16O13PR2,-1.0,phosphatidylinositol_PI,True,bigg.metabolite;chebi;kegg.compound;metanetx.chemical,bigg.metabolite=pail_cho;chebi=CHEBI:57880;kegg.compound=C01194;metanetx.chemical=MNXM62,metanetx.chemical,62,False,False,cache_record_without_structure,,,placeholder_formula_no_definite_structure,R2:remapped_mnx_not_in_cache;R2:remapped_mnx_not_in_cache;R2:remapped_mnx_not_in_cache;R2:remapped_mnx_not_in_cache;R2:remapped_mnx_not_in_cache;R2:remapped_mnx_not_in_cache;R3:placeholder_formula_not_structurally_identifiable
s_3879,G00143,er,C19H29NO18PR2,-1.0,glycan,True,chebi;metanetx.chemical,chebi=CHEBI:57265;metanetx.chemical=MNXM92477,metanetx.chemical,74864,False,False,cache_record_without_structure,,,placeholder_formula_no_definite_structure,R2:remapped_mnx_not_in_cache;R2:remapped_mnx_not_in_cache;R3:placeholder_formula_not_structurally_identifiable
s_3880,Ca(2+),c,Ca,2.0,other,False,bigg.metabolite;chebi;kegg.compound;metanetx.chemical,bigg.metabolite=ca2;chebi=CHEBI:29108;kegg.compound=C00076;metanetx.chemical=MNXM128,metanetx.chemical,120,True,True,cache_structure_without_group_decomposition,,,structure_known_but_no_group_decomposition,R2:matched_but_no_group_decomposition;R2:matched_but_no_group_decomposition;R2:matched_but_no_group_decomposition;R2:matched_but_no_group_decomposition;R2:matched_but_no_group_decomposition;R2:matched_but_no_group_decomposition;R3:matched_but_no_group_decomposition;R3:matched_but_no_group_decomposition;R3:matched_but_no_group_decomposition;R3:matched_but_no_group_decomposition;R3:matched_but_no_group_decomposition;R3:matched_but_no_group_decomposition;R3:matched_but_no_group_decomposition;R3:matched_but_no_group_decomposition
s_3882,Ca(2+),v,Ca,2.0,other,False,bigg.metabolite;chebi;kegg.compound;metanetx.chemical,bigg.metabolite=ca2;chebi=CHEBI:29108;kegg.compound=C00076;metanetx.chemical=MNXM128,metanetx.chemical,120,True,True,cache_structure_without_group_decomposition,,,structure_known_but_no_group_decomposition,R2:matched_but_no_group_decomposition;R2:matched_but_no_group_decomposition;R2:matched_but_no_group_decomposition;R2:matched_but_no_group_decomposition;R2:matched_but_no_group_decomposition;R2:matched_but_no_group_decomposition;R3:matched_but_no_group_decomposition;R3:matched_but_no_group_decomposition;R3:matched_but_no_group_decomposition;R3:matched_but_no_group_decomposition;R3:matched_but_no_group_decomposition;R3:matched_but_no_group_decomposition;R3:matched_but_no_group_decomposition;R3:matched_but_no_group_decomposition
s_3884,generic protein,c,C2H4NOR,1.0,other,True,kegg.compound,kegg.compound=C00017,kegg.compound,63966,False,False,cache_record_without_structure,,,placeholder_formula_no_definite_structure,R2:remapped_mnx_not_in_cache;R2:remapped_mnx_not_in_cache;R3:placeholder_formula_not_structurally_identifiable
s_3885,L-Arginyl-protein,c,C8H17N5O2R,2.0,other,True,chebi;kegg.compound;metanetx.chemical,chebi=CHEBI:17518;kegg.compound=C16739;metanetx.chemical=MNXM73312,metanetx.chemical,59184,False,False,cache_record_without_structure,,,placeholder_formula_no_definite_structure,R2:composition_mismatch;R2:composition_mismatch;R2:composition_mismatch;R2:composition_mismatch;R3:placeholder_formula_not_structurally_identifiable
s_3887,G00008,er,C108H182N2O77P2R,-2.0,glycan,True,metanetx.chemical,metanetx.chemical=MNXM9308,metanetx.chemical,7495,False,False,cache_record_without_structure,,,placeholder_formula_no_definite_structure,R3:placeholder_formula_not_structurally_identifiable
s_3889,G00009,er,C92H152N4O72R,0.0,glycan,True,chebi,chebi=CHEBI:132537,chebi,132955,False,False,cache_record_without_structure,,,placeholder_formula_no_definite_structure,R2:composition_mismatch;R2:composition_mismatch;R3:placeholder_formula_not_structurally_identifiable
s_3891,G10694,er,C68H112N4O52R,0.0,glycan,True,,,,,False,False,unannotated_placeholder_formula,,,placeholder_formula_no_definite_structure,R3:placeholder_formula_not_structurally_identifiable
s_3893,G01813,er,C74H122N4O57R,0.0,glycan,True,,,,,False,False,unannotated_placeholder_formula,,,placeholder_formula_no_definite_structure,R3:placeholder_formula_not_structurally_identifiable
s_3894,G00003,er,C42H72N2O22P2R,-2.0,glycan,True,,,,,False,False,unannotated_placeholder_formula,,,placeholder_formula_no_definite_structure,R3:placeholder_formula_not_structurally_identifiable
s_3895,G00004,er,C48H82N2O27P2R,-2.0,glycan,True,,,,,False,False,unannotated_placeholder_formula,,,placeholder_formula_no_definite_structure,R3:placeholder_formula_not_structurally_identifiable
s_3896,G00005,er,C54H92N2O32P2R,-2.0,glycan,True,,,,,False,False,unannotated_placeholder_formula,,,placeholder_formula_no_definite_structure,R3:placeholder_formula_not_structurally_identifiable
s_3900,alpha-D-mannoside,v,C6H11O6R,0.0,other,True,chebi;kegg.compound;metanetx.chemical,chebi=CHEBI:27535;kegg.compound=C02603;metanetx.chemical=MNXM3535,metanetx.chemical,3069,False,False,cache_record_without_structure,,,placeholder_formula_no_definite_structure,R2:composition_mismatch;R2:composition_mismatch;R2:composition_mismatch;R2:composition_mismatch;R3:placeholder_formula_not_structurally_identifiable
s_3902,non glycosylated sugar acceptor,v,HOR,0.0,glycan,True,,,,,False,False,unannotated_placeholder_formula,,,placeholder_formula_no_definite_structure,R3:placeholder_formula_not_structurally_identifiable
s_3906,hydrogen sulfide,m,HS,0.0,other,False,bigg.metabolite;biocyc;chebi;kegg.compound;metanetx.chemical,bigg.metabolite=h2s;biocyc=HS;chebi=CHEBI:16136;kegg.compound=C00283;metanetx.chemical=MNXM124865,metanetx.chemical,97968,True,True,cache_structure_without_group_decomposition,R1_extra_namespace,74380,,R1:priceable
s_3907,phosphatidate,m,C5H7O8PR2,0.0,phosphatidate_PA,True,bigg.metabolite;chebi;kegg.compound;metanetx.chemical,bigg.metabolite=pa_EC;chebi=CHEBI:16337;kegg.compound=C00416;metanetx.chemical=MNXM96054,metanetx.chemical,75254,False,False,cache_record_without_structure,,,placeholder_formula_no_definite_structure,R2:remapped_mnx_not_in_cache;R2:remapped_mnx_not_in_cache;R2:remapped_mnx_not_in_cache;R2:remapped_mnx_not_in_cache;R2:remapped_mnx_not_in_cache;R2:remapped_mnx_not_in_cache;R3:placeholder_formula_not_structurally_identifiable
s_3908,CDP-diacylglycerol,m,C14H19N3O15P2R2,0.0,phosphatidate_PA,True,bigg.metabolite;chebi;kegg.compound;metanetx.chemical,bigg.metabolite=cdpdag_cho;chebi=CHEBI:17962;kegg.compound=C00269;metanetx.chemical=MNXM201,metanetx.chemical,190,False,False,cache_record_without_structure,,,placeholder_formula_no_definite_structure,R2:remapped_mnx_not_in_cache;R2:remapped_mnx_not_in_cache;R2:remapped_mnx_not_in_cache;R2:remapped_mnx_not_in_cache;R2:remapped_mnx_not_in_cache;R2:remapped_mnx_not_in_cache;R3:placeholder_formula_not_structurally_identifiable
s_3909,Sulfur donor,c,,0.0,other,True,chebi;kegg.compound;metanetx.chemical,chebi=CHEBI:80867;kegg.compound=C17023;metanetx.chemical=MNXM4111,metanetx.chemical,3548,False,False,cache_record_without_structure,,,placeholder_formula_no_definite_structure,R2:composition_mismatch;R2:composition_mismatch;R2:composition_mismatch;R2:composition_mismatch;R3:placeholder_formula_not_structurally_identifiable
s_3912,G10599,er,C102H172N2O72P2R,-2.0,glycan,True,metanetx.chemical,metanetx.chemical=MNXM9258,metanetx.chemical,7453,False,False,cache_record_without_structure,,,placeholder_formula_no_definite_structure,R3:placeholder_formula_not_structurally_identifiable
s_3917,Apoprotein,c,NH2R,0.0,other,True,chebi;kegg.compound;metanetx.chemical,chebi=CHEBI:13850;kegg.compound=C16240;metanetx.chemical=MNXM91491,metanetx.chemical,74705,False,False,cache_record_without_structure,,,placeholder_formula_no_definite_structure,R2:composition_mismatch;R2:composition_mismatch;R2:composition_mismatch;R2:composition_mismatch;R3:placeholder_formula_not_structurally_identifiable
s_3918,Protein N6-(lipoyl)lysine,c,C8H14NOS2R,0.0,other,True,chebi;kegg.compound;metanetx.chemical,chebi=CHEBI:80399;kegg.compound=C16237;metanetx.chemical=MNXM96070,metanetx.chemical,75259,False,False,cache_record_without_structure,,,placeholder_formula_no_definite_structure,R2:remapped_mnx_not_in_cache;R2:remapped_mnx_not_in_cache;R2:remapped_mnx_not_in_cache;R2:remapped_mnx_not_in_cache;R3:placeholder_formula_not_structurally_identifiable
s_3923,N-(4-oxoglutarate)-L-cysteinylglycine,c,C10H12N2O7S,-2.0,other,False,chebi,chebi=CHEBI:138256,,,False,False,annotated_but_unmatched,,,structure_absent_from_cache,R2:remapped_mnx_not_in_cache;R2:remapped_mnx_not_in_cache;R3:inchikey_not_in_cache;R3:inchikey_not_in_cache
s_3924,N-(4-oxoglutarate)-L-cysteinylglycine,m,C10H12N2O7S,-2.0,other,False,chebi,chebi=CHEBI:138256,,,False,False,annotated_but_unmatched,,,structure_absent_from_cache,R2:remapped_mnx_not_in_cache;R2:remapped_mnx_not_in_cache;R3:inchikey_not_in_cache;R3:inchikey_not_in_cache
s_3926,chloride,g,Cl,-1.0,other,False,bigg.metabolite;chebi;kegg.compound;metanetx.chemical,bigg.metabolite=cl;chebi=CHEBI:17996;kegg.compound=C00698;metanetx.chemical=MNXM43,metanetx.chemical,45,True,True,cache_structure_without_group_decomposition,,,structure_known_but_no_group_decomposition,R2:remapped_mnx_not_in_cache;R2:remapped_mnx_not_in_cache;R2:remapped_mnx_not_in_cache;R2:remapped_mnx_not_in_cache;R2:remapped_mnx_not_in_cache;R2:remapped_mnx_not_in_cache;R3:matched_but_no_group_decomposition;R3:matched_but_no_group_decomposition;R3:matched_but_no_group_decomposition;R3:matched_but_no_group_decomposition;R3:matched_but_no_group_decomposition;R3:matched_but_no_group_decomposition;R3:matched_but_no_group_decomposition
s_3927,ribonucleoside 5'-triphosphate,c,C5H8O13P3R,-4.0,other,True,chebi;kegg.compound;metanetx.chemical,chebi=CHEBI:61557;kegg.compound=C03802;metanetx.chemical=MNXM96380,metanetx.chemical,75354,False,False,cache_record_without_structure,,,placeholder_formula_no_definite_structure,R2:remapped_mnx_not_in_cache;R2:remapped_mnx_not_in_cache;R2:remapped_mnx_not_in_cache;R2:remapped_mnx_not_in_cache;R3:placeholder_formula_not_structurally_identifiable
s_3928,ribonucleoside 5'-phosphate,c,C5H8O7PR,-2.0,other,True,chebi;kegg.compound;metanetx.chemical,chebi=CHEBI:58043;kegg.compound=C00171;metanetx.chemical=MNXM80910,metanetx.chemical,66402,False,False,cache_record_without_structure,,,placeholder_formula_no_definite_structure,R2:remapped_mnx_not_in_cache;R2:remapped_mnx_not_in_cache;R2:remapped_mnx_not_in_cache;R2:remapped_mnx_not_in_cache;R3:placeholder_formula_not_structurally_identifiable
s_3929,2'-deoxyribonucleoside 5'-triphosphate,c,C5H8O12P3R,-4.0,other,True,chebi;kegg.compound;metanetx.chemical,chebi=CHEBI:61560;kegg.compound=C00677;metanetx.chemical=MNXM96330,metanetx.chemical,75333,False,False,cache_record_without_structure,,,placeholder_formula_no_definite_structure,R2:composition_mismatch;R2:composition_mismatch;R2:composition_mismatch;R2:composition_mismatch;R3:placeholder_formula_not_structurally_identifiable
s_3930,2'-deoxyribonucleoside 5'-phosphate,c,C5H8O6PR,-2.0,other,True,chebi;kegg.compound;metanetx.chemical,chebi=CHEBI:65317;kegg.compound=C00676;metanetx.chemical=MNXM6057,metanetx.chemical,5146,False,False,cache_record_without_structure,,,placeholder_formula_no_definite_structure,R2:composition_mismatch;R2:composition_mismatch;R2:composition_mismatch;R2:composition_mismatch;R3:placeholder_formula_not_structurally_identifiable
s_3931,superoxide,c,O2,-1.0,other,False,bigg.metabolite;chebi;kegg.compound;metanetx.chemical,bigg.metabolite=o2s;chebi=CHEBI:18421;kegg.compound=C00704;metanetx.chemical=MNXM330,metanetx.chemical,312,True,True,cache_structure_without_group_decomposition,,,structure_absent_from_cache,R2:remapped_mnx_not_in_cache;R2:remapped_mnx_not_in_cache;R2:remapped_mnx_not_in_cache;R2:remapped_mnx_not_in_cache;R2:remapped_mnx_not_in_cache;R2:remapped_mnx_not_in_cache;R3:inchikey_not_in_cache;R3:inchikey_not_in_cache;R3:inchikey_not_in_cache;R3:inchikey_not_in_cache;R3:inchikey_not_in_cache;R3:inchikey_not_in_cache;R3:inchikey_not_in_cache
s_3932,G00012,er,C50H82N4O37R,0.0,glycan,True,metanetx.chemical,metanetx.chemical=MNXM9328,metanetx.chemical,7514,False,False,cache_record_without_structure,,,placeholder_formula_no_definite_structure,R3:placeholder_formula_not_structurally_identifiable
s_3934,Ethylnitronate,c,C2H5NO2,0.0,other,False,chebi;kegg.compound;metanetx.chemical,chebi=CHEBI:16268;kegg.compound=C18091;metanetx.chemical=MNXM2143,metanetx.chemical,1907,True,True,cache_structure_without_group_decomposition,,,structure_known_but_no_group_decomposition,R2:remapped_mnx_not_in_cache;R2:remapped_mnx_not_in_cache;R2:remapped_mnx_not_in_cache;R2:remapped_mnx_not_in_cache;R3:matched_but_no_group_decomposition;R3:matched_but_no_group_decomposition;R3:inchikey_not_in_cache;R3:inchikey_not_in_cache;R3:inchikey_not_in_cache
s_3937,Acyl-CoA,er,C22H31N7O17P3SR,-4.0,acyl_CoA,True,bigg.metabolite;chebi;kegg.compound;metanetx.chemical,bigg.metabolite=acoa;chebi=CHEBI:58342;kegg.compound=C00040;metanetx.chemical=MNXM44,metanetx.chemical,46,False,False,cache_record_without_structure,,,placeholder_formula_no_definite_structure,R2:remapped_mnx_not_in_cache;R2:remapped_mnx_not_in_cache;R2:remapped_mnx_not_in_cache;R2:remapped_mnx_not_in_cache;R2:remapped_mnx_not_in_cache;R2:remapped_mnx_not_in_cache;R3:placeholder_formula_not_structurally_identifiable
s_3938,1-acyl-sn-glycerol 3-phosphate,er,C4H6O7PR,-2.0,fatty_acid_acyl_chain,True,bigg.metabolite;chebi;kegg.compound;metanetx.chemical,bigg.metabolite=1ag3p_SC;chebi=CHEBI:57970;kegg.compound=C00681;metanetx.chemical=MNXM145527,metanetx.chemical,116458,False,False,cache_record_without_structure,,,placeholder_formula_no_definite_structure,R2:remapped_mnx_not_in_cache;R2:remapped_mnx_not_in_cache;R2:remapped_mnx_not_in_cache;R2:remapped_mnx_not_in_cache;R2:remapped_mnx_not_in_cache;R2:remapped_mnx_not_in_cache;R3:placeholder_formula_not_structurally_identifiable
s_3939,"1,2-diacyl-sn-glycerol 3-phosphate",er,C5H5O8PR2,-2.0,fatty_acid_acyl_chain,True,bigg.metabolite;chebi;kegg.compound;metanetx.chemical,bigg.metabolite=pa_EC;chebi=CHEBI:58608;kegg.compound=C00416;metanetx.chemical=MNXM96054,metanetx.chemical,75254,False,False,cache_record_without_structure,,,placeholder_formula_no_definite_structure,R2:remapped_mnx_not_in_cache;R2:remapped_mnx_not_in_cache;R2:remapped_mnx_not_in_cache;R2:remapped_mnx_not_in_cache;R2:remapped_mnx_not_in_cache;R2:remapped_mnx_not_in_cache;R3:placeholder_formula_not_structurally_identifiable
s_3941,Peptide diphthamide,c,C13H22N5O2R2,1.0,other,True,chebi;kegg.compound;metanetx.chemical,chebi=CHEBI:82696;kegg.compound=C02872;metanetx.chemical=MNXM51194,metanetx.chemical,38694,False,False,cache_record_without_structure,,,placeholder_formula_no_definite_structure,R2:remapped_mnx_not_in_cache;R2:remapped_mnx_not_in_cache;R2:remapped_mnx_not_in_cache;R2:remapped_mnx_not_in_cache;R3:placeholder_formula_not_structurally_identifiable
s_3944,Apoprotein,m,NH2R,0.0,other,True,chebi;kegg.compound;metanetx.chemical,chebi=CHEBI:13850;kegg.compound=C16240;metanetx.chemical=MNXM91491,metanetx.chemical,74705,False,False,cache_record_without_structure,,,placeholder_formula_no_definite_structure,R2:composition_mismatch;R2:composition_mismatch;R2:composition_mismatch;R2:composition_mismatch;R3:placeholder_formula_not_structurally_identifiable
s_3945,Protein N6-(octanoyl)lysine,m,C8H16NOR,0.0,other,True,chebi;kegg.compound;metanetx.chemical,chebi=CHEBI:80398;kegg.compound=C16236;metanetx.chemical=MNXM4090,metanetx.chemical,3530,False,False,cache_record_without_structure,,,placeholder_formula_no_definite_structure,R2:composition_mismatch;R2:composition_mismatch;R2:composition_mismatch;R2:composition_mismatch;R3:placeholder_formula_not_structurally_identifiable
s_3946,Lipoyl-[acp],m,C8H13OS3R,0.0,protein_linked,True,bigg.metabolite;chebi;kegg.compound;metanetx.chemical,bigg.metabolite=lipACP;chebi=CHEBI:80400;kegg.compound=C16239;metanetx.chemical=MNXM19093,metanetx.chemical,11689,False,False,cache_record_without_structure,,,placeholder_formula_no_definite_structure,R2:remapped_mnx_not_in_cache;R2:remapped_mnx_not_in_cache;R2:remapped_mnx_not_in_cache;R2:remapped_mnx_not_in_cache;R2:remapped_mnx_not_in_cache;R2:remapped_mnx_not_in_cache;R3:placeholder_formula_not_structurally_identifiable
s_3947,Protein N6-(lipoyl)lysine,m,C8H14NOS2R,0.0,other,True,chebi;kegg.compound;metanetx.chemical,chebi=CHEBI:80399;kegg.compound=C16237;metanetx.chemical=MNXM96070,metanetx.chemical,75259,False,False,cache_record_without_structure,,,placeholder_formula_no_definite_structure,R2:remapped_mnx_not_in_cache;R2:remapped_mnx_not_in_cache;R2:remapped_mnx_not_in_cache;R2:remapped_mnx_not_in_cache;R3:placeholder_formula_not_structurally_identifiable
s_3985,phospholipid,erm,C5H6O8PR3,0.0,other,True,chebi;kegg.compound,chebi=CHEBI:16247;kegg.compound=C00865,chebi,132240,False,False,cache_record_without_structure,,,placeholder_formula_no_definite_structure,R2:composition_mismatch;R2:composition_mismatch;R2:composition_mismatch;R2:composition_mismatch;R3:placeholder_formula_not_structurally_identifiable
s_3986,phospholipid,gm,C5H6O8PR3,0.0,other,True,chebi;kegg.compound,chebi=CHEBI:16247;kegg.compound=C00865,chebi,132240,False,False,cache_record_without_structure,,,placeholder_formula_no_definite_structure,R2:composition_mismatch;R2:composition_mismatch;R2:composition_mismatch;R2:composition_mismatch;R3:placeholder_formula_not_structurally_identifiable
s_3989,G10526,er,C66H112N2O42P2R,-2.0,glycan,True,chebi,chebi=CHEBI:132511,chebi,132188,False,False,cache_record_without_structure,,,placeholder_formula_no_definite_structure,R2:composition_mismatch;R2:composition_mismatch;R3:placeholder_formula_not_structurally_identifiable
s_3990,G00006,er,C78H132N2O52P2R,-2.0,glycan,True,chebi,chebi=CHEBI:132515,chebi,8810,False,False,cache_record_without_structure,,,placeholder_formula_no_definite_structure,R2:remapped_mnx_not_in_cache;R2:remapped_mnx_not_in_cache;R3:placeholder_formula_not_structurally_identifiable
s_3993,G10595,er,C72H122N2O47P2R,-2.0,glycan,True,metanetx.chemical,metanetx.chemical=MNXM9262,metanetx.chemical,7455,False,False,cache_record_without_structure,,,placeholder_formula_no_definite_structure,R3:placeholder_formula_not_structurally_identifiable
s_3994,G10596,er,C78H132N2O52P2R,-2.0,glycan,True,metanetx.chemical,metanetx.chemical=MNXM9265,metanetx.chemical,7458,False,False,cache_record_without_structure,,,placeholder_formula_no_definite_structure,R3:placeholder_formula_not_structurally_identifiable
s_3995,G10597,er,C84H142N2O57P2R,-2.0,glycan,True,,,,,False,False,unannotated_placeholder_formula,,,placeholder_formula_no_definite_structure,R3:placeholder_formula_not_structurally_identifiable
s_4000,Dextrin,c,C12H20O10,0.0,other,False,bigg.metabolite;chebi;kegg.compound,bigg.metabolite=starch;chebi=CHEBI:28675;kegg.compound=C00721,chebi,36874,False,False,cache_record_without_structure,,,no_usable_structure_available,R2:remapped_mnx_not_in_cache;R2:remapped_mnx_not_in_cache;R2:composition_mismatch;R2:composition_mismatch;R2:remapped_mnx_not_in_cache;R2:remapped_mnx_not_in_cache;R3:structure_not_parseable;R3:structure_not_parseable;R3:structure_not_parseable;R3:structure_not_parseable;R3:structure_not_parseable;R3:structure_not_parseable;R3:composition_mismatch;R3:composition_mismatch;R3:composition_mismatch;R3:composition_mismatch;R3:composition_mismatch;R3:composition_mismatch;R3:composition_mismatch;R3:composition_mismatch;R3:composition_mismatch;R3:composition_mismatch;R3:composition_mismatch;R3:composition_mismatch;R3:composition_mismatch;R3:composition_mismatch;R3:composition_mismatch;R3:composition_mismatch;R3:composition_mismatch
s_4001,G10598,er,C96H162N2O67P2R,0.0,glycan,True,metanetx.chemical,metanetx.chemical=MNXM9336,metanetx.chemical,7520,False,False,cache_record_without_structure,,,placeholder_formula_no_definite_structure,R3:placeholder_formula_not_structurally_identifiable
s_4002,G00149,er,C32H60N2O31P2R2,0.0,glycan,True,metanetx.chemical,metanetx.chemical=MNXM7903,metanetx.chemical,6511,False,False,cache_record_without_structure,,,placeholder_formula_no_definite_structure,R3:placeholder_formula_not_structurally_identifiable
s_4003,G00140,er,C38H70N2O36P2R2,0.0,glycan,True,metanetx.chemical,metanetx.chemical=MNXM9266,metanetx.chemical,7459,False,False,cache_record_without_structure,,,placeholder_formula_no_definite_structure,R3:placeholder_formula_not_structurally_identifiable
s_4004,Sulfur donor,m,,0.0,other,True,chebi;kegg.compound;metanetx.chemical,chebi=CHEBI:80867;kegg.compound=C17023;metanetx.chemical=MNXM4111,metanetx.chemical,3548,False,False,cache_record_without_structure,,,placeholder_formula_no_definite_structure,R2:composition_mismatch;R2:composition_mismatch;R2:composition_mismatch;R2:composition_mismatch;R3:placeholder_formula_not_structurally_identifiable
s_4006,S-sulfanyl-[L-cysteine desulfurase],m,,0.0,protein_linked,True,,,,,False,False,unannotated_placeholder_formula,,,placeholder_formula_no_definite_structure,R3:placeholder_formula_not_structurally_identifiable
s_4007,[disordered-form [Fe-S] cluster scaffold protein],m,,0.0,protein_linked,True,,,,,False,False,unannotated_placeholder_formula,,,placeholder_formula_no_definite_structure,R3:placeholder_formula_not_structurally_identifiable
s_4008,S-sulfanyl-[cysteine desulfurase]-[disordered-form scaffold protein] complex,m,,0.0,protein_linked,True,,,,,False,False,unannotated_placeholder_formula,,,placeholder_formula_no_definite_structure,R3:placeholder_formula_not_structurally_identifiable
s_4010,thiosulfate,m,HO3S2,-1.0,other,False,bigg.metabolite;chebi;kegg.compound;metanetx.chemical,bigg.metabolite=tsul;chebi=CHEBI:33541;kegg.compound=C00320;metanetx.chemical=MNXM323,metanetx.chemical,305,True,True,cache_structure_without_group_decomposition,,,structure_known_but_no_group_decomposition,R2:remapped_mnx_not_in_cache;R2:remapped_mnx_not_in_cache;R2:remapped_mnx_not_in_cache;R2:remapped_mnx_not_in_cache;R2:remapped_mnx_not_in_cache;R2:remapped_mnx_not_in_cache;R3:matched_but_no_group_decomposition;R3:matched_but_no_group_decomposition;R3:structure_not_parseable;R3:structure_not_parseable;R3:matched_but_no_group_decomposition;R3:matched_but_no_group_decomposition;R3:matched_but_no_group_decomposition
s_4018,polyphosphate,c,HO7P2,-3.0,other,False,chebi;kegg.compound;metanetx.chemical,chebi=CHEBI:16838;kegg.compound=C00404;metanetx.chemical=MNXM77738,metanetx.chemical,63445,True,False,cache_structure_without_group_decomposition,,,only_composition_mismatched_candidates,R2:remapped_mnx_not_in_cache;R2:remapped_mnx_not_in_cache;R2:remapped_mnx_not_in_cache;R2:remapped_mnx_not_in_cache;R3:composition_mismatch;R3:composition_mismatch;R3:composition_mismatch;R3:composition_mismatch;R3:composition_mismatch;R3:composition_mismatch;R3:composition_mismatch;R3:composition_mismatch;R3:composition_mismatch;R3:composition_mismatch;R3:composition_mismatch;R3:composition_mismatch;R3:composition_mismatch;R3:composition_mismatch
s_4019,Cu2(+),c,Cu,2.0,other,False,bigg.metabolite;chebi;kegg.compound;metanetx.chemical,bigg.metabolite=cu2;chebi=CHEBI:29036;kegg.compound=C00070;metanetx.chemical=MNXM632,metanetx.chemical,601,True,True,cache_structure_without_group_decomposition,,,structure_known_but_no_group_decomposition,R2:remapped_mnx_not_in_cache;R2:remapped_mnx_not_in_cache;R2:remapped_mnx_not_in_cache;R2:remapped_mnx_not_in_cache;R2:remapped_mnx_not_in_cache;R2:remapped_mnx_not_in_cache;R3:matched_but_no_group_decomposition;R3:matched_but_no_group_decomposition;R3:matched_but_no_group_decomposition;R3:matched_but_no_group_decomposition;R3:matched_but_no_group_decomposition;R3:matched_but_no_group_decomposition
s_4020,Cu2(+),g,Cu,2.0,other,False,bigg.metabolite;chebi;kegg.compound;metanetx.chemical,bigg.metabolite=cu2;chebi=CHEBI:29036;kegg.compound=C00070;metanetx.chemical=MNXM632,metanetx.chemical,601,True,True,cache_structure_without_group_decomposition,,,structure_known_but_no_group_decomposition,R2:remapped_mnx_not_in_cache;R2:remapped_mnx_not_in_cache;R2:remapped_mnx_not_in_cache;R2:remapped_mnx_not_in_cache;R2:remapped_mnx_not_in_cache;R2:remapped_mnx_not_in_cache;R3:matched_but_no_group_decomposition;R3:matched_but_no_group_decomposition;R3:matched_but_no_group_decomposition;R3:matched_but_no_group_decomposition;R3:matched_but_no_group_decomposition;R3:matched_but_no_group_decomposition
s_4022,porphyrin,m,C20H14N4,0.0,other,False,chebi;kegg.compound;metanetx.chemical,chebi=CHEBI:8337;kegg.compound=C05113;metanetx.chemical=MNXM2714,metanetx.chemical,2399,True,True,cache_structure_without_group_decomposition,,,structure_known_but_no_group_decomposition,R2:remapped_mnx_not_in_cache;R2:remapped_mnx_not_in_cache;R2:remapped_mnx_not_in_cache;R2:remapped_mnx_not_in_cache;R3:matched_but_no_group_decomposition;R3:matched_but_no_group_decomposition;R3:matched_but_no_group_decomposition;R3:matched_but_no_group_decomposition;R3:matched_but_no_group_decomposition
s_4023,porphyrin,c,C20H14N4,0.0,other,False,chebi;kegg.compound;metanetx.chemical,chebi=CHEBI:8337;kegg.compound=C05113;metanetx.chemical=MNXM2714,metanetx.chemical,2399,True,True,cache_structure_without_group_decomposition,,,structure_known_but_no_group_decomposition,R2:remapped_mnx_not_in_cache;R2:remapped_mnx_not_in_cache;R2:remapped_mnx_not_in_cache;R2:remapped_mnx_not_in_cache;R3:matched_but_no_group_decomposition;R3:matched_but_no_group_decomposition;R3:matched_but_no_group_decomposition;R3:matched_but_no_group_decomposition;R3:matched_but_no_group_decomposition
s_4024,Starch,c,C12H22O11,0.0,glycan,False,,,,,False,False,unannotated_definite_formula,,,no_usable_structure_available,R3:no_structure_source
s_4026,Zn(2+),m,Zn,2.0,other,False,bigg.metabolite;chebi;kegg.compound;metanetx.chemical,bigg.metabolite=zn2;chebi=CHEBI:29105;kegg.compound=C00038;metanetx.chemical=MNXM149,metanetx.chemical,141,True,True,cache_structure_without_group_decomposition,,,structure_known_but_no_group_decomposition,R2:remapped_mnx_not_in_cache;R2:remapped_mnx_not_in_cache;R2:remapped_mnx_not_in_cache;R2:remapped_mnx_not_in_cache;R2:remapped_mnx_not_in_cache;R2:remapped_mnx_not_in_cache;R3:matched_but_no_group_decomposition;R3:matched_but_no_group_decomposition;R3:matched_but_no_group_decomposition;R3:matched_but_no_group_decomposition;R3:matched_but_no_group_decomposition;R3:matched_but_no_group_decomposition;R3:matched_but_no_group_decomposition
s_4027,Zn(2+),v,Zn,2.0,other,False,bigg.metabolite;chebi;kegg.compound;metanetx.chemical,bigg.metabolite=zn2;chebi=CHEBI:29105;kegg.compound=C00038;metanetx.chemical=MNXM149,metanetx.chemical,141,True,True,cache_structure_without_group_decomposition,,,structure_known_but_no_group_decomposition,R2:remapped_mnx_not_in_cache;R2:remapped_mnx_not_in_cache;R2:remapped_mnx_not_in_cache;R2:remapped_mnx_not_in_cache;R2:remapped_mnx_not_in_cache;R2:remapped_mnx_not_in_cache;R3:matched_but_no_group_decomposition;R3:matched_but_no_group_decomposition;R3:matched_but_no_group_decomposition;R3:matched_but_no_group_decomposition;R3:matched_but_no_group_decomposition;R3:matched_but_no_group_decomposition;R3:matched_but_no_group_decomposition
s_4028,RX,m,RX,0.0,other,True,chebi;kegg.compound;metanetx.chemical,chebi=CHEBI:17792;kegg.compound=C01322;metanetx.chemical=MNXM6428,metanetx.chemical,5425,False,False,cache_record_without_structure,,,placeholder_formula_no_definite_structure,R2:remapped_mnx_not_in_cache;R2:remapped_mnx_not_in_cache;R2:remapped_mnx_not_in_cache;R2:remapped_mnx_not_in_cache;R3:placeholder_formula_not_structurally_identifiable
s_4029,HX,m,X,-1.0,other,True,chebi;kegg.compound;metanetx.chemical,chebi=CHEBI:16042;kegg.compound=C00462;metanetx.chemical=MNXM55844,metanetx.chemical,42884,False,False,cache_record_without_structure,,,placeholder_formula_no_definite_structure,R2:remapped_mnx_not_in_cache;R2:remapped_mnx_not_in_cache;R2:remapped_mnx_not_in_cache;R2:remapped_mnx_not_in_cache;R3:placeholder_formula_not_structurally_identifiable
s_4030,R-S-glutathione,m,C10H16N3O6SR,0.0,other,True,chebi;kegg.compound;metanetx.chemical,chebi=CHEBI:17021;kegg.compound=C02320;metanetx.chemical=MNXM3350,metanetx.chemical,2917,False,False,cache_record_without_structure,,,placeholder_formula_no_definite_structure,R2:remapped_mnx_not_in_cache;R2:remapped_mnx_not_in_cache;R2:remapped_mnx_not_in_cache;R2:remapped_mnx_not_in_cache;R3:placeholder_formula_not_structurally_identifiable
s_4032,[protein]-L-lysine,c,C6H13N2O,1.0,protein_linked,False,bigg.metabolite;chebi;kegg.compound,bigg.metabolite=pcollglys;chebi=CHEBI:29969;kegg.compound=C02188,chebi,46207,False,False,cache_record_without_structure,,,no_usable_structure_available,R2:remapped_mnx_not_in_cache;R2:remapped_mnx_not_in_cache;R2:composition_mismatch;R2:composition_mismatch;R2:remapped_mnx_not_in_cache;R2:remapped_mnx_not_in_cache;R3:structure_not_parseable;R3:structure_not_parseable;R3:structure_not_parseable;R3:structure_not_parseable;R3:structure_not_parseable;R3:structure_not_parseable
s_4033,[protein]-N(6)-acetyl-L-lysine,c,C8H14N2O2,0.0,protein_linked,False,chebi,chebi=CHEBI:61930,chebi,49341,False,False,cache_record_without_structure,,,no_usable_structure_available,R2:remapped_mnx_not_in_cache;R2:remapped_mnx_not_in_cache;R3:structure_not_parseable;R3:structure_not_parseable
s_4046,thymidine 5'-monophosphate,c,C10H13N2O8P,-2.0,other,False,chebi;metanetx.chemical,chebi=CHEBI:15245;metanetx.chemical=MNXM87167,metanetx.chemical,72286,False,False,cache_record_without_structure,R3_inchikey_structure,244,,R2:composition_mismatch;R2:composition_mismatch;R3:structure_not_parseable;R3:structure_not_parseable;R3:structure_not_parseable;R3:priceable
s_4047,thymidine 5'-monophosphate,e,C10H13N2O8P,-2.0,other,False,chebi;metanetx.chemical,chebi=CHEBI:15245;metanetx.chemical=MNXM87167,metanetx.chemical,72286,False,False,cache_record_without_structure,R3_inchikey_structure,244,,R2:composition_mismatch;R2:composition_mismatch;R3:structure_not_parseable;R3:structure_not_parseable;R3:structure_not_parseable;R3:priceable
s_4072,cysteamine S-phosphate,c,C2H7NO3PS,-1.0,other,False,chebi;metanetx.chemical,chebi=CHEBI:74631;metanetx.chemical=MNXM48297,metanetx.chemical,36017,True,True,cache_structure_without_group_decomposition,,,structure_known_but_no_group_decomposition,R2:matched_but_no_group_decomposition;R2:matched_but_no_group_decomposition;R3:matched_but_no_group_decomposition;R3:matched_but_no_group_decomposition;R3:matched_but_no_group_decomposition;R3:matched_but_no_group_decomposition
s_4075,cysteamine S-phosphate,e,C2H7NO3PS,-1.0,other,False,chebi;metanetx.chemical,chebi=CHEBI:74631;metanetx.chemical=MNXM48297,metanetx.chemical,36017,True,True,cache_structure_without_group_decomposition,,,structure_known_but_no_group_decomposition,R2:matched_but_no_group_decomposition;R2:matched_but_no_group_decomposition;R3:matched_but_no_group_decomposition;R3:matched_but_no_group_decomposition;R3:matched_but_no_group_decomposition;R3:matched_but_no_group_decomposition
s_4096,O(4)-phospho-L-tyrosine,c,C9H10NO6P,-2.0,other,False,bigg.metabolite;chebi;kegg.compound;metanetx.chemical,bigg.metabolite=tyrp;chebi=CHEBI:62338;kegg.compound=C06501;metanetx.chemical=MNXM3323,metanetx.chemical,2895,True,True,cache_structure_without_group_decomposition,,,structure_known_but_no_group_decomposition,R2:remapped_mnx_not_in_cache;R2:remapped_mnx_not_in_cache;R2:remapped_mnx_not_in_cache;R2:remapped_mnx_not_in_cache;R2:remapped_mnx_not_in_cache;R2:remapped_mnx_not_in_cache;R3:matched_but_no_group_decomposition;R3:matched_but_no_group_decomposition;R3:matched_but_no_group_decomposition;R3:matched_but_no_group_decomposition;R3:matched_but_no_group_decomposition;R3:matched_but_no_group_decomposition;R3:matched_but_no_group_decomposition;R3:matched_but_no_group_decomposition;R3:matched_but_no_group_decomposition;R3:matched_but_no_group_decomposition;R3:matched_but_no_group_decomposition;R3:matched_but_no_group_decomposition;R3:matched_but_no_group_decomposition;R3:matched_but_no_group_decomposition;R3:matched_but_no_group_decomposition;R3:matched_but_no_group_decomposition;R3:matched_but_no_group_decomposition;R3:matched_but_no_group_decomposition;R3:matched_but_no_group_decomposition;R3:matched_but_no_group_decomposition;R3:matched_but_no_group_decomposition
s_4097,O(4)-phospho-L-tyrosine,e,C9H10NO6P,-2.0,other,False,bigg.metabolite;chebi;kegg.compound;metanetx.chemical,bigg.metabolite=tyrp;chebi=CHEBI:62338;kegg.compound=C06501;metanetx.chemical=MNXM3323,metanetx.chemical,2895,True,True,cache_structure_without_group_decomposition,,,structure_known_but_no_group_decomposition,R2:remapped_mnx_not_in_cache;R2:remapped_mnx_not_in_cache;R2:remapped_mnx_not_in_cache;R2:remapped_mnx_not_in_cache;R2:remapped_mnx_not_in_cache;R2:remapped_mnx_not_in_cache;R3:matched_but_no_group_decomposition;R3:matched_but_no_group_decomposition;R3:matched_but_no_group_decomposition;R3:matched_but_no_group_decomposition;R3:matched_but_no_group_decomposition;R3:matched_but_no_group_decomposition;R3:matched_but_no_group_decomposition;R3:matched_but_no_group_decomposition;R3:matched_but_no_group_decomposition;R3:matched_but_no_group_decomposition;R3:matched_but_no_group_decomposition;R3:matched_but_no_group_decomposition;R3:matched_but_no_group_decomposition;R3:matched_but_no_group_decomposition;R3:matched_but_no_group_decomposition;R3:matched_but_no_group_decomposition;R3:matched_but_no_group_decomposition;R3:matched_but_no_group_decomposition;R3:matched_but_no_group_decomposition;R3:matched_but_no_group_decomposition;R3:matched_but_no_group_decomposition
s_4098,triphosphate,c,O10P3,-5.0,other,False,bigg.metabolite;chebi;kegg.compound;metanetx.chemical,bigg.metabolite=pppi;chebi=CHEBI:18036;kegg.compound=C00536;metanetx.chemical=MNXM332,metanetx.chemical,314,True,True,cache_structure_without_group_decomposition,,,structure_known_but_no_group_decomposition,R2:matched_but_no_group_decomposition;R2:matched_but_no_group_decomposition;R2:matched_but_no_group_decomposition;R2:matched_but_no_group_decomposition;R2:matched_but_no_group_decomposition;R2:matched_but_no_group_decomposition;R3:matched_but_no_group_decomposition;R3:matched_but_no_group_decomposition;R3:matched_but_no_group_decomposition;R3:matched_but_no_group_decomposition;R3:matched_but_no_group_decomposition;R3:matched_but_no_group_decomposition;R3:matched_but_no_group_decomposition;R3:matched_but_no_group_decomposition;R3:matched_but_no_group_decomposition;R3:matched_but_no_group_decomposition;R3:matched_but_no_group_decomposition;R3:matched_but_no_group_decomposition;R3:matched_but_no_group_decomposition;R3:matched_but_no_group_decomposition;R3:matched_but_no_group_decomposition;R3:matched_but_no_group_decomposition;R3:matched_but_no_group_decomposition;R3:matched_but_no_group_decomposition;R3:matched_but_no_group_decomposition;R3:matched_but_no_group_decomposition;R3:matched_but_no_group_decomposition;R3:matched_but_no_group_decomposition;R3:matched_but_no_group_decomposition;R3:matched_but_no_group_decomposition;R3:matched_but_no_group_decomposition;R3:matched_but_no_group_decomposition;R3:matched_but_no_group_decomposition;R3:matched_but_no_group_decomposition;R3:matched_but_no_group_decomposition;R3:matched_but_no_group_decomposition;R3:matched_but_no_group_decomposition;R3:matched_but_no_group_decomposition
s_4099,triphosphate,e,O10P3,-5.0,other,False,bigg.metabolite;chebi;kegg.compound;metanetx.chemical,bigg.metabolite=pppi;chebi=CHEBI:18036;kegg.compound=C00536;metanetx.chemical=MNXM332,metanetx.chemical,314,True,True,cache_structure_without_group_decomposition,,,structure_known_but_no_group_decomposition,R2:matched_but_no_group_decomposition;R2:matched_but_no_group_decomposition;R2:matched_but_no_group_decomposition;R2:matched_but_no_group_decomposition;R2:matched_but_no_group_decomposition;R2:matched_but_no_group_decomposition;R3:matched_but_no_group_decomposition;R3:matched_but_no_group_decomposition;R3:matched_but_no_group_decomposition;R3:matched_but_no_group_decomposition;R3:matched_but_no_group_decomposition;R3:matched_but_no_group_decomposition;R3:matched_but_no_group_decomposition;R3:matched_but_no_group_decomposition;R3:matched_but_no_group_decomposition;R3:matched_but_no_group_decomposition;R3:matched_but_no_group_decomposition;R3:matched_but_no_group_decomposition;R3:matched_but_no_group_decomposition;R3:matched_but_no_group_decomposition;R3:matched_but_no_group_decomposition;R3:matched_but_no_group_decomposition;R3:matched_but_no_group_decomposition;R3:matched_but_no_group_decomposition;R3:matched_but_no_group_decomposition;R3:matched_but_no_group_decomposition;R3:matched_but_no_group_decomposition;R3:matched_but_no_group_decomposition;R3:matched_but_no_group_decomposition;R3:matched_but_no_group_decomposition;R3:matched_but_no_group_decomposition;R3:matched_but_no_group_decomposition;R3:matched_but_no_group_decomposition;R3:matched_but_no_group_decomposition;R3:matched_but_no_group_decomposition;R3:matched_but_no_group_decomposition;R3:matched_but_no_group_decomposition;R3:matched_but_no_group_decomposition
s_4113,thiosulfate,c,HO3S2,-1.0,other,False,bigg.metabolite;chebi;kegg.compound;metanetx.chemical,bigg.metabolite=tsul;chebi=CHEBI:33542;kegg.compound=C00320;metanetx.chemical=MNXM323,metanetx.chemical,305,True,True,cache_structure_without_group_decomposition,,,structure_known_but_no_group_decomposition,R2:remapped_mnx_not_in_cache;R2:remapped_mnx_not_in_cache;R2:remapped_mnx_not_in_cache;R2:remapped_mnx_not_in_cache;R2:remapped_mnx_not_in_cache;R2:remapped_mnx_not_in_cache;R3:matched_but_no_group_decomposition;R3:matched_but_no_group_decomposition;R3:matched_but_no_group_decomposition;R3:matched_but_no_group_decomposition;R3:matched_but_no_group_decomposition;R3:matched_but_no_group_decomposition;R3:matched_but_no_group_decomposition
s_4159,thiosulfate,e,HO3S2,-1.0,other,False,bigg.metabolite;chebi;kegg.compound;metanetx.chemical,bigg.metabolite=tsul;chebi=CHEBI:33542;kegg.compound=C00320;metanetx.chemical=MNXM323,metanetx.chemical,305,True,True,cache_structure_without_group_decomposition,,,structure_known_but_no_group_decomposition,R2:remapped_mnx_not_in_cache;R2:remapped_mnx_not_in_cache;R2:remapped_mnx_not_in_cache;R2:remapped_mnx_not_in_cache;R2:remapped_mnx_not_in_cache;R2:remapped_mnx_not_in_cache;R3:matched_but_no_group_decomposition;R3:matched_but_no_group_decomposition;R3:matched_but_no_group_decomposition;R3:matched_but_no_group_decomposition;R3:matched_but_no_group_decomposition;R3:matched_but_no_group_decomposition;R3:matched_but_no_group_decomposition
s_4176,L-Methionine S-oxide,e,C5H11NO3S,0.0,other,False,bigg.metabolite;chebi;kegg.compound;metanetx.chemical,bigg.metabolite=metsox_S__L;chebi=CHEBI:17016;kegg.compound=C02989;metanetx.chemical=MNXM2246,metanetx.chemical,1993,True,True,cache_structure_without_group_decomposition,,,structure_known_but_no_group_decomposition,R2:remapped_mnx_not_in_cache;R2:remapped_mnx_not_in_cache;R2:remapped_mnx_not_in_cache;R2:remapped_mnx_not_in_cache;R2:remapped_mnx_not_in_cache;R2:remapped_mnx_not_in_cache;R3:matched_but_no_group_decomposition;R3:matched_but_no_group_decomposition;R3:matched_but_no_group_decomposition;R3:matched_but_no_group_decomposition;R3:matched_but_no_group_decomposition;R3:matched_but_no_group_decomposition;R3:matched_but_no_group_decomposition;R3:matched_but_no_group_decomposition;R3:matched_but_no_group_decomposition;R3:matched_but_no_group_decomposition;R3:matched_but_no_group_decomposition;R3:matched_but_no_group_decomposition;R3:matched_but_no_group_decomposition;R3:matched_but_no_group_decomposition;R3:matched_but_no_group_decomposition;R3:matched_but_no_group_decomposition;R3:matched_but_no_group_decomposition;R3:matched_but_no_group_decomposition;R3:matched_but_no_group_decomposition;R3:matched_but_no_group_decomposition;R3:matched_but_no_group_decomposition;R3:matched_but_no_group_decomposition;R3:matched_but_no_group_decomposition;R3:matched_but_no_group_decomposition;R3:matched_but_no_group_decomposition;R3:matched_but_no_group_decomposition;R3:matched_but_no_group_decomposition;R3:matched_but_no_group_decomposition;R3:matched_but_no_group_decomposition;R3:matched_but_no_group_decomposition;R3:matched_but_no_group_decomposition;R3:matched_but_no_group_decomposition;R3:matched_but_no_group_decomposition;R3:matched_but_no_group_decomposition;R3:matched_but_no_group_decomposition;R3:matched_but_no_group_decomposition;R3:matched_but_no_group_decomposition;R3:matched_but_no_group_decomposition;R3:matched_but_no_group_decomposition;R3:matched_but_no_group_decomposition;R3:matched_but_no_group_decomposition;R3:matched_but_no_group_decomposition;R3:matched_but_no_group_decomposition;R3:matched_but_no_group_decomposition;R3:matched_but_no_group_decomposition;R3:matched_but_no_group_decomposition;R3:matched_but_no_group_decomposition;R3:matched_but_no_group_decomposition;R3:matched_but_no_group_decomposition
s_4197,Ca(2+),g,Ca,2.0,other,False,bigg.metabolite;chebi;kegg.compound;metanetx.chemical,bigg.metabolite=ca2;chebi=CHEBI:29108;kegg.compound=C00076;metanetx.chemical=MNXM128,metanetx.chemical,120,True,True,cache_structure_without_group_decomposition,,,structure_known_but_no_group_decomposition,R2:matched_but_no_group_decomposition;R2:matched_but_no_group_decomposition;R2:matched_but_no_group_decomposition;R2:matched_but_no_group_decomposition;R2:matched_but_no_group_decomposition;R2:matched_but_no_group_decomposition;R3:matched_but_no_group_decomposition;R3:matched_but_no_group_decomposition;R3:matched_but_no_group_decomposition;R3:matched_but_no_group_decomposition;R3:matched_but_no_group_decomposition;R3:matched_but_no_group_decomposition;R3:matched_but_no_group_decomposition;R3:matched_but_no_group_decomposition
s_4199,Ca(2+),e,Ca,2.0,other,False,bigg.metabolite;chebi;kegg.compound;metanetx.chemical,bigg.metabolite=ca2;chebi=CHEBI:29108;kegg.compound=C00076;metanetx.chemical=MNXM128,metanetx.chemical,120,True,True,cache_structure_without_group_decomposition,,,structure_known_but_no_group_decomposition,R2:matched_but_no_group_decomposition;R2:matched_but_no_group_decomposition;R2:matched_but_no_group_decomposition;R2:matched_but_no_group_decomposition;R2:matched_but_no_group_decomposition;R2:matched_but_no_group_decomposition;R3:matched_but_no_group_decomposition;R3:matched_but_no_group_decomposition;R3:matched_but_no_group_decomposition;R3:matched_but_no_group_decomposition;R3:matched_but_no_group_decomposition;R3:matched_but_no_group_decomposition;R3:matched_but_no_group_decomposition;R3:matched_but_no_group_decomposition
s_4200,chloride,e,Cl,-1.0,other,False,bigg.metabolite;chebi;kegg.compound;metanetx.chemical,bigg.metabolite=cl;chebi=CHEBI:17996;kegg.compound=C00698;metanetx.chemical=MNXM43,metanetx.chemical,45,True,True,cache_structure_without_group_decomposition,,,structure_known_but_no_group_decomposition,R2:remapped_mnx_not_in_cache;R2:remapped_mnx_not_in_cache;R2:remapped_mnx_not_in_cache;R2:remapped_mnx_not_in_cache;R2:remapped_mnx_not_in_cache;R2:remapped_mnx_not_in_cache;R3:matched_but_no_group_decomposition;R3:matched_but_no_group_decomposition;R3:matched_but_no_group_decomposition;R3:matched_but_no_group_decomposition;R3:matched_but_no_group_decomposition;R3:matched_but_no_group_decomposition;R3:matched_but_no_group_decomposition
s_4201,Cu2(+),e,Cu,2.0,other,False,bigg.metabolite;chebi;kegg.compound;metanetx.chemical,bigg.metabolite=cu2;chebi=CHEBI:29036;kegg.compound=C00070;metanetx.chemical=MNXM632,metanetx.chemical,601,True,True,cache_structure_without_group_decomposition,,,structure_known_but_no_group_decomposition,R2:remapped_mnx_not_in_cache;R2:remapped_mnx_not_in_cache;R2:remapped_mnx_not_in_cache;R2:remapped_mnx_not_in_cache;R2:remapped_mnx_not_in_cache;R2:remapped_mnx_not_in_cache;R3:matched_but_no_group_decomposition;R3:matched_but_no_group_decomposition;R3:matched_but_no_group_decomposition;R3:matched_but_no_group_decomposition;R3:matched_but_no_group_decomposition;R3:matched_but_no_group_decomposition
s_4202,Mn(2+),e,Mn,2.0,other,False,bigg.metabolite;chebi;kegg.compound;metanetx.chemical,bigg.metabolite=mn2;chebi=CHEBI:29035;kegg.compound=C19610;metanetx.chemical=MNXM2255,metanetx.chemical,2000,True,True,cache_structure_without_group_decomposition,,,structure_known_but_no_group_decomposition,R2:matched_but_no_group_decomposition;R2:matched_but_no_group_decomposition;R2:matched_but_no_group_decomposition;R2:matched_but_no_group_decomposition;R2:matched_but_no_group_decomposition;R2:matched_but_no_group_decomposition;R3:matched_but_no_group_decomposition;R3:matched_but_no_group_decomposition;R3:matched_but_no_group_decomposition;R3:matched_but_no_group_decomposition;R3:matched_but_no_group_decomposition;R3:matched_but_no_group_decomposition;R3:matched_but_no_group_decomposition;R3:matched_but_no_group_decomposition
s_4203,Zn(2+),e,Zn,2.0,other,False,bigg.metabolite;chebi;kegg.compound;metanetx.chemical,bigg.metabolite=zn2;chebi=CHEBI:29105;kegg.compound=C00038;metanetx.chemical=MNXM149,metanetx.chemical,141,True,True,cache_structure_without_group_decomposition,,,structure_known_but_no_group_decomposition,R2:remapped_mnx_not_in_cache;R2:remapped_mnx_not_in_cache;R2:remapped_mnx_not_in_cache;R2:remapped_mnx_not_in_cache;R2:remapped_mnx_not_in_cache;R2:remapped_mnx_not_in_cache;R3:matched_but_no_group_decomposition;R3:matched_but_no_group_decomposition;R3:matched_but_no_group_decomposition;R3:matched_but_no_group_decomposition;R3:matched_but_no_group_decomposition;R3:matched_but_no_group_decomposition;R3:matched_but_no_group_decomposition
s_4205,cofactor,c,,0.0,generic_pseudo_metabolite,True,,,,,False,False,unannotated_placeholder_formula,,,placeholder_formula_no_definite_structure,R3:placeholder_formula_not_structurally_identifiable
s_4206,ion,c,,0.0,generic_pseudo_metabolite,True,,,,,False,False,unannotated_placeholder_formula,,,placeholder_formula_no_definite_structure,R3:placeholder_formula_not_structurally_identifiable
s_4209,Ferrocytochrome b5,erm,,0.0,other,True,,,kegg.compound,1003,False,False,cache_record_without_structure,,,placeholder_formula_no_definite_structure,R3:placeholder_formula_not_structurally_identifiable
s_4210,Ferricytochrome b5,erm,,0.0,other,True,,,metanetx.chemical,1002,False,False,cache_record_without_structure,,,placeholder_formula_no_definite_structure,R3:placeholder_formula_not_structurally_identifiable
s_4254,tyrosyl acetate,c,C10H12O3,0.0,other,False,,,,,False,False,unannotated_definite_formula,,,no_usable_structure_available,R3:no_structure_source
s_4255,tyrosyl acetate,e,C10H12O3,0.0,other,False,,,,,False,False,unannotated_definite_formula,,,no_usable_structure_available,R3:no_structure_source
s_4256,methionyl acetate,c,C6H12O2S,0.0,other,False,,,,,False,False,unannotated_definite_formula,,,structure_absent_from_cache,R3:inchikey_not_in_cache
s_4257,methionyl acetate,e,C6H12O2S,0.0,other,False,,,,,False,False,unannotated_definite_formula,,,structure_absent_from_cache,R3:inchikey_not_in_cache
s_4263,hydrogen sulfide,e,HS,0.0,other,False,bigg.metabolite;biocyc;chebi;kegg.compound;metanetx.chemical,bigg.metabolite=h2s;biocyc=HS;chebi=CHEBI:16136;kegg.compound=C00283;metanetx.chemical=MNXM124865,metanetx.chemical,97968,True,True,cache_structure_without_group_decomposition,R1_extra_namespace,74380,,R1:priceable
s_4265,alkanesulfonate,c,CH3O3SR,0.0,other,True,biocyc;chebi;kegg.compound;metanetx.chemical,biocyc=Alkanesulfonates;chebi=CHEBI:62081;kegg.compound=C15521;metanetx.chemical=MNXM729199,chebi,75331,False,False,cache_record_without_structure,,,placeholder_formula_no_definite_structure,R1:composition_mismatch;R2:remapped_mnx_not_in_cache;R2:remapped_mnx_not_in_cache;R2:remapped_mnx_not_in_cache;R2:remapped_mnx_not_in_cache;R2:remapped_mnx_not_in_cache;R2:remapped_mnx_not_in_cache;R3:placeholder_formula_not_structurally_identifiable
s_4266,alkanesulfonate,e,CH3O3SR,0.0,other,True,biocyc;chebi;kegg.compound;metanetx.chemical,biocyc=Alkanesulfonates;chebi=CHEBI:62081;kegg.compound=C15521;metanetx.chemical=MNXM729199,chebi,75331,False,False,cache_record_without_structure,,,placeholder_formula_no_definite_structure,R1:composition_mismatch;R2:remapped_mnx_not_in_cache;R2:remapped_mnx_not_in_cache;R2:remapped_mnx_not_in_cache;R2:remapped_mnx_not_in_cache;R2:remapped_mnx_not_in_cache;R2:remapped_mnx_not_in_cache;R3:placeholder_formula_not_structurally_identifiable
s_4290,polyphosphate,v,HO7P2,-3.0,other,False,chebi;kegg.compound;metanetx.chemical,chebi=CHEBI:16838;kegg.compound=C00404;metanetx.chemical=MNXM77738,metanetx.chemical,63445,True,False,cache_structure_without_group_decomposition,,,only_composition_mismatched_candidates,R2:remapped_mnx_not_in_cache;R2:remapped_mnx_not_in_cache;R2:remapped_mnx_not_in_cache;R2:remapped_mnx_not_in_cache;R3:composition_mismatch;R3:composition_mismatch;R3:composition_mismatch;R3:composition_mismatch;R3:composition_mismatch;R3:composition_mismatch;R3:composition_mismatch;R3:composition_mismatch;R3:composition_mismatch;R3:composition_mismatch;R3:composition_mismatch;R3:composition_mismatch;R3:composition_mismatch;R3:composition_mismatch
s_4291,polyphosphate,m,HO7P2,-3.0,other,False,chebi;kegg.compound;metanetx.chemical,chebi=CHEBI:16838;kegg.compound=C00404;metanetx.chemical=MNXM77738,metanetx.chemical,63445,True,False,cache_structure_without_group_decomposition,,,only_composition_mismatched_candidates,R2:remapped_mnx_not_in_cache;R2:remapped_mnx_not_in_cache;R2:remapped_mnx_not_in_cache;R2:remapped_mnx_not_in_cache;R3:composition_mismatch;R3:composition_mismatch;R3:composition_mismatch;R3:composition_mismatch;R3:composition_mismatch;R3:composition_mismatch;R3:composition_mismatch;R3:composition_mismatch;R3:composition_mismatch;R3:composition_mismatch;R3:composition_mismatch;R3:composition_mismatch;R3:composition_mismatch;R3:composition_mismatch
s_4292,polyphosphate,n,HO7P2,-3.0,other,False,chebi;kegg.compound;metanetx.chemical,chebi=CHEBI:16838;kegg.compound=C00404;metanetx.chemical=MNXM77738,metanetx.chemical,63445,True,False,cache_structure_without_group_decomposition,,,only_composition_mismatched_candidates,R2:remapped_mnx_not_in_cache;R2:remapped_mnx_not_in_cache;R2:remapped_mnx_not_in_cache;R2:remapped_mnx_not_in_cache;R3:composition_mismatch;R3:composition_mismatch;R3:composition_mismatch;R3:composition_mismatch;R3:composition_mismatch;R3:composition_mismatch;R3:composition_mismatch;R3:composition_mismatch;R3:composition_mismatch;R3:composition_mismatch;R3:composition_mismatch;R3:composition_mismatch;R3:composition_mismatch;R3:composition_mismatch
s_4317,"P(1),P(3)-bis(5'-adenosyl) triphosphate",c,C20H24N10O16P3,-3.0,other,False,biocyc;chebi;kegg.compound;metanetx.chemical;pubchem.compound;seed.compound,biocyc=ADENOSINE5TRIPHOSPHO5ADENOSINE;chebi=CHEBI:27775;kegg.compound=C06197;metanetx.chemical=MNXM3683;pubchem.compound=25201180;seed.compound=cpd03705,metanetx.chemical,3193,True,True,cache_structure_without_group_decomposition,,,structure_known_but_no_group_decomposition,R1:matched_but_no_group_decomposition;R1:namespace_not_a_cache_registry;R1:matched_but_no_group_decomposition;R2:matched_but_no_group_decomposition;R2:matched_but_no_group_decomposition;R2:matched_but_no_group_decomposition;R2:matched_but_no_group_decomposition;R2:matched_but_no_group_decomposition;R2:matched_but_no_group_decomposition;R2:matched_but_no_group_decomposition;R2:matched_but_no_group_decomposition;R3:matched_but_no_group_decomposition;R3:matched_but_no_group_decomposition;R3:matched_but_no_group_decomposition;R3:matched_but_no_group_decomposition;R3:matched_but_no_group_decomposition;R3:matched_but_no_group_decomposition;R3:matched_but_no_group_decomposition;R3:matched_but_no_group_decomposition;R3:matched_but_no_group_decomposition;R3:matched_but_no_group_decomposition;R3:matched_but_no_group_decomposition;R3:matched_but_no_group_decomposition;R3:matched_but_no_group_decomposition;R3:matched_but_no_group_decomposition;R3:matched_but_no_group_decomposition;R3:matched_but_no_group_decomposition;R3:matched_but_no_group_decomposition;R3:matched_but_no_group_decomposition;R3:matched_but_no_group_decomposition;R3:matched_but_no_group_decomposition
s_4332,heme a,e,C49H55FeN4O6,-3.0,other,False,bigg.metabolite;chebi;kegg.compound;metanetx.chemical,bigg.metabolite=hemeA;chebi=CHEBI:24479;kegg.compound=C15670;metanetx.chemical=MNXM53309,metanetx.chemical,40602,True,False,cache_structure_without_group_decomposition,,,no_usable_structure_available,R2:remapped_mnx_not_in_cache;R2:remapped_mnx_not_in_cache;R2:remapped_mnx_not_in_cache;R2:remapped_mnx_not_in_cache;R2:remapped_mnx_not_in_cache;R2:remapped_mnx_not_in_cache;R3:composition_mismatch;R3:composition_mismatch;R3:structure_not_parseable;R3:structure_not_parseable;R3:composition_mismatch;R3:composition_mismatch;R3:inchikey_not_in_cache
