compound,target,n_genes,spearman,pearson,ceiling,fold_seed,fold,n_fit,size,options
"2,2'-bipyridine",raw,3485,-0.03944650845510672,0.23753800469936637,0.9331732906177713,0,0,8,8,"lam=0.001,rank=4"
"2,2'-bipyridine",centered,3485,0.1419966764511435,0.3892861751026074,0.9439894404512853,0,0,8,8,"lam=0.001,rank=4"
"2,4-dimethylimidazole",raw,3490,0.044974707910207204,0.10440053199365819,0.7305743732158305,0,0,8,8,"lam=0.001,rank=4"
"2,4-dimethylimidazole",centered,3490,0.16840513040644847,0.22900486943521994,0.8533634032914534,0,0,8,8,"lam=0.001,rank=4"
"2,6-dimethylpyrazine",raw,3504,-0.09447814868383274,0.04617625709661562,0.8729821697732166,0,0,8,8,"lam=0.001,rank=4"
"2,6-dimethylpyrazine",centered,3504,-0.302671060863052,-0.19585411692332733,0.8662757991926585,0,0,8,8,"lam=0.001,rank=4"
ethanol,raw,3483,0.2325177687007784,0.2791805198080067,0.9100766609130951,0,0,8,8,"lam=0.001,rank=4"
ethanol,centered,3483,0.037745990916169835,0.041357226107403215,0.9014430020361814,0,0,8,8,"lam=0.001,rank=4"
furfural,raw,3493,0.06615831223684122,0.09030788832843582,0.877833605571729,0,0,8,8,"lam=0.001,rank=4"
furfural,centered,3493,-0.1110937907421308,-0.043819675415738925,0.8873398954238378,0,0,8,8,"lam=0.001,rank=4"
isobutanol,raw,3479,0.3782889965074784,0.4809882047572222,0.886756227316329,0,0,8,8,"lam=0.001,rank=4"
isobutanol,centered,3479,0.17431570389257822,0.2768431103745173,0.8629004344394479,0,0,8,8,"lam=0.001,rank=4"
levulinic acid,raw,3487,0.09086593321225972,0.18622712491752255,0.38592988486577784,0,0,8,8,"lam=0.001,rank=4"
levulinic acid,centered,3487,-0.3486268241288161,-0.34483179579150364,0.6554849545771401,0,0,8,8,"lam=0.001,rank=4"
sodium acetate,raw,3510,0.13311055292421994,0.20396836074867022,0.6082211129787902,0,0,8,8,"lam=0.001,rank=4"
sodium acetate,centered,3510,-0.09385899949440064,-0.12597635126000906,0.6537948056198756,0,0,8,8,"lam=0.001,rank=4"
sodium butyrate,raw,3489,0.08797548513242591,0.08456991181482261,0.0,0,0,8,8,"lam=0.001,rank=4"
sodium butyrate,centered,3489,-0.23671793182008918,-0.24945713308654913,0.4776027236712615,0,0,8,8,"lam=0.001,rank=4"
"2,2'-bipyridine",raw,3488,0.03765964088157263,-0.1397893957170963,0.9331732906177713,0,0,16,16,"lam=0.31622776601683794,rank=4"
"2,2'-bipyridine",centered,3488,0.47346841583085547,0.81299568292944,0.9576514061819374,0,0,16,16,"lam=0.31622776601683794,rank=4"
"2,4-dimethylimidazole",raw,3491,0.12399185074778729,-0.05690334711262588,0.7305743732158305,0,0,16,16,"lam=0.31622776601683794,rank=4"
"2,4-dimethylimidazole",centered,3491,0.41179052487503265,0.6506667701242569,0.8823732159866671,0,0,16,16,"lam=0.31622776601683794,rank=4"
"2,6-dimethylpyrazine",raw,3504,-0.19205614446657213,-0.01665684110022378,0.8729821697732166,0,0,16,16,"lam=0.31622776601683794,rank=4"
"2,6-dimethylpyrazine",centered,3504,0.2396564632544374,0.262936978119471,0.9002647763230394,0,0,16,16,"lam=0.31622776601683794,rank=4"
ethanol,raw,3484,-0.04971302623052549,0.10356138785033202,0.9100766609130951,0,0,16,16,"lam=0.31622776601683794,rank=4"
ethanol,centered,3484,0.46814592457021936,0.4043876408798469,0.9189639480271042,0,0,16,16,"lam=0.31622776601683794,rank=4"
furfural,raw,3493,0.07447106471618534,0.1101171080688063,0.877833605571729,0,0,16,16,"lam=0.31622776601683794,rank=4"
furfural,centered,3493,0.3710059659322562,0.39173116822668475,0.9018256588308615,0,0,16,16,"lam=0.31622776601683794,rank=4"
isobutanol,raw,3480,0.4175349631337497,0.38135839740977145,0.886756227316329,0,0,16,16,"lam=0.31622776601683794,rank=4"
isobutanol,centered,3480,0.4148644019021201,0.440763944554136,0.8795414411635452,0,0,16,16,"lam=0.31622776601683794,rank=4"
levulinic acid,raw,3487,0.20714475488488623,0.19160104510891923,0.38592988486577784,0,0,16,16,"lam=0.31622776601683794,rank=4"
levulinic acid,centered,3487,0.34612430546298417,0.510416308823785,0.723920998901252,0,0,16,16,"lam=0.31622776601683794,rank=4"
sodium acetate,raw,3510,0.2359693623141235,0.23332019003937615,0.6082211129787902,0,0,16,16,"lam=0.31622776601683794,rank=4"
sodium acetate,centered,3510,0.17454328065349942,0.281869881541912,0.6709095646926787,0,0,16,16,"lam=0.31622776601683794,rank=4"
sodium butyrate,raw,3490,0.11427516570420525,0.02752820248390818,0.0,0,0,16,16,"lam=0.31622776601683794,rank=4"
sodium butyrate,centered,3490,0.27608940708731394,0.46736672077908503,0.5999327452043125,0,0,16,16,"lam=0.31622776601683794,rank=4"
"2,2'-bipyridine",raw,3489,-0.1035688027091398,-0.13792612079173983,0.9331732906177713,0,0,24,24,lam=0.03162277660168379
"2,2'-bipyridine",centered,3489,0.1251111180603143,0.5644307324132362,0.9581190789959981,0,0,24,24,lam=0.03162277660168379
"2,4-dimethylimidazole",raw,3491,-0.056644620196403046,-0.21309084917281582,0.7305743732158305,0,0,24,24,lam=0.03162277660168379
"2,4-dimethylimidazole",centered,3491,0.30121437722599037,0.4501040084065651,0.8835692388860893,0,0,24,24,lam=0.03162277660168379
"2,6-dimethylpyrazine",raw,3504,-0.07357065894687284,0.07429764857391905,0.8729821697732166,0,0,24,24,lam=0.03162277660168379
"2,6-dimethylpyrazine",centered,3504,0.052529551665124304,0.1643548162447075,0.8813386782935315,0,0,24,24,lam=0.03162277660168379
ethanol,raw,3484,0.012366096286522849,0.13828166351667884,0.9100766609130951,0,0,24,24,lam=0.03162277660168379
ethanol,centered,3484,0.2635892361751737,0.21853651493940984,0.9144074238355197,0,0,24,24,lam=0.03162277660168379
furfural,raw,3493,-0.0013154842813037988,0.04539736329405615,0.877833605571729,0,0,24,24,lam=0.03162277660168379
furfural,centered,3493,0.1767308793613511,0.27506851195580945,0.9007586393734404,0,0,24,24,lam=0.03162277660168379
isobutanol,raw,3480,0.3231338031229934,0.35379917137709693,0.886756227316329,0,0,24,24,lam=0.03162277660168379
isobutanol,centered,3480,0.34168011082159994,0.3450285795693214,0.8849436430393944,0,0,24,24,lam=0.03162277660168379
levulinic acid,raw,3487,0.22025046816592822,0.24332077697505725,0.38592988486577784,0,0,24,24,lam=0.03162277660168379
levulinic acid,centered,3487,0.18379484350376715,0.343754791248776,0.6837376280233566,0,0,24,24,lam=0.03162277660168379
sodium acetate,raw,3510,0.3057420182951427,0.35412514214332363,0.6082211129787902,0,0,24,24,lam=0.03162277660168379
sodium acetate,centered,3510,0.14019910525152895,0.3149833267973929,0.6042222220594341,0,0,24,24,lam=0.03162277660168379
sodium butyrate,raw,3490,0.030394774474136084,-0.004802388027974344,0.0,0,0,24,24,lam=0.03162277660168379
sodium butyrate,centered,3490,0.06180976663579097,0.3548016438639202,0.5395538467062376,0,0,24,24,lam=0.03162277660168379
"2,2'-bipyridine",raw,3489,0.01025243222130762,-0.15820928699223477,0.9331732906177713,0,0,32,pool,"lam=0.1,rank=16"
"2,2'-bipyridine",centered,3489,0.38024495784891366,0.7464078424061403,0.9536503665291391,0,0,32,pool,"lam=0.1,rank=16"
"2,4-dimethylimidazole",raw,3491,0.013651808804885375,-0.1120776889473174,0.7305743732158305,0,0,32,pool,"lam=0.1,rank=16"
"2,4-dimethylimidazole",centered,3491,0.44164739626721555,0.6145636559858864,0.8612685815254334,0,0,32,pool,"lam=0.1,rank=16"
"2,6-dimethylpyrazine",raw,3504,0.10928711542262762,0.2132986098363233,0.8729821697732166,0,0,32,pool,"lam=0.1,rank=16"
"2,6-dimethylpyrazine",centered,3504,0.21454608679968284,0.21459774323817396,0.8732567034681548,0,0,32,pool,"lam=0.1,rank=16"
ethanol,raw,3486,0.17420994962882047,0.24453518892953394,0.9100766609130951,0,0,32,pool,"lam=0.1,rank=16"
ethanol,centered,3486,0.3168641501786473,0.22258935624539097,0.9075088632924206,0,0,32,pool,"lam=0.1,rank=16"
furfural,raw,3493,0.12120835171397552,0.16016388050443633,0.877833605571729,0,0,32,pool,"lam=0.1,rank=16"
furfural,centered,3493,0.3081780475169511,0.33828930960070913,0.8893403223606451,0,0,32,pool,"lam=0.1,rank=16"
isobutanol,raw,3480,0.2907356752683774,0.3306561915042069,0.886756227316329,0,0,32,pool,"lam=0.1,rank=16"
isobutanol,centered,3480,0.23568194317672908,0.27485149325439906,0.8797261537140619,0,0,32,pool,"lam=0.1,rank=16"
levulinic acid,raw,3487,0.21503104021264524,0.22784362382827522,0.38592988486577784,0,0,32,pool,"lam=0.1,rank=16"
levulinic acid,centered,3487,0.1531851688404883,0.3179103736602388,0.62423890352989,0,0,32,pool,"lam=0.1,rank=16"
sodium acetate,raw,3510,0.2188631790095808,0.25495305906015986,0.6082211129787902,0,0,32,pool,"lam=0.1,rank=16"
sodium acetate,centered,3510,0.11078443208452877,0.2612943730794778,0.6217179585073968,0,0,32,pool,"lam=0.1,rank=16"
sodium butyrate,raw,3490,0.039565016817720795,0.008896671098933138,0.0,0,0,32,pool,"lam=0.1,rank=16"
sodium butyrate,centered,3490,0.20465536126032463,0.4950890145092575,0.4561049401794552,0,0,32,pool,"lam=0.1,rank=16"
1-ethyl-3-methylimidazolium chloride,raw,3491,-0.24045419478364383,-0.2631287668570131,0.898719369187085,0,1,8,8,"lam=0.31622776601683794,rank=2"
1-ethyl-3-methylimidazolium chloride,centered,3491,-0.5494431035671952,-0.28927458654650434,0.9315534462777932,0,1,8,8,"lam=0.31622776601683794,rank=2"
4-methylimidazole,raw,3500,-0.0005361189009076655,-0.04729402128169588,0.12769961661112678,0,1,8,8,"lam=0.31622776601683794,rank=2"
4-methylimidazole,centered,3500,-0.13781103510993872,-0.0762600657120023,0.7694475235225463,0,1,8,8,"lam=0.31622776601683794,rank=2"
5-(hydroxymethyl)furfural,raw,3503,0.10635611711088795,-0.012758537767868143,0.0,0,1,8,8,"lam=0.31622776601683794,rank=2"
5-(hydroxymethyl)furfural,centered,3503,-0.006201874631394937,-0.0940859913300956,0.6674755288330229,0,1,8,8,"lam=0.31622776601683794,rank=2"
caffeic acid,raw,3496,0.42775836670443923,0.42503599085172084,0.672719508661378,0,1,8,8,"lam=0.31622776601683794,rank=2"
caffeic acid,centered,3496,0.12093145572912876,0.2098220527329473,0.6417911404797584,0,1,8,8,"lam=0.31622776601683794,rank=2"
crystal violet,raw,3386,-0.08819261846259618,0.11094921703351243,0.9246970150673822,0,1,8,8,"lam=0.31622776601683794,rank=2"
crystal violet,centered,3386,0.31654581591115055,0.44351441519269363,0.925266033366377,0,1,8,8,"lam=0.31622776601683794,rank=2"
ferulic acid,raw,3497,0.33231406888592013,0.5098835433281016,0.9222047795661907,0,1,8,8,"lam=0.31622776601683794,rank=2"
ferulic acid,centered,3497,0.1370227608453594,0.20586354375203783,0.9025225306967969,0,1,8,8,"lam=0.31622776601683794,rank=2"
methyl methanesulfonate,raw,3486,0.2615398455256936,0.1077627541120269,0.9375622227212969,0,1,8,8,"lam=0.31622776601683794,rank=2"
methyl methanesulfonate,centered,3486,-0.041709983007959854,-0.139536595213203,0.9420189951704053,0,1,8,8,"lam=0.31622776601683794,rank=2"
syringaldehyde,raw,3513,0.10790581907204384,0.2604739082271394,0.8382422102191949,0,1,8,8,"lam=0.31622776601683794,rank=2"
syringaldehyde,centered,3513,-0.20361578690747373,-0.045202329725785445,0.8335941763960613,0,1,8,8,"lam=0.31622776601683794,rank=2"
1-ethyl-3-methylimidazolium chloride,raw,3491,-0.24371330984328426,-0.2512596886935417,0.898719369187085,0,1,16,16,"lam=0.001,rank=2"
1-ethyl-3-methylimidazolium chloride,centered,3491,-0.29645875174406816,-0.19741468906474377,0.925869493232709,0,1,16,16,"lam=0.001,rank=2"
4-methylimidazole,raw,3500,-0.029616191898697884,-0.07652897935304519,0.12769961661112678,0,1,16,16,"lam=0.001,rank=2"
4-methylimidazole,centered,3500,-0.3619101880043302,-0.2943451952890888,0.6859985044719173,0,1,16,16,"lam=0.001,rank=2"
5-(hydroxymethyl)furfural,raw,3504,0.1497029262443972,0.027161819765534383,0.0,0,1,16,16,"lam=0.001,rank=2"
5-(hydroxymethyl)furfural,centered,3504,-0.1908160286205739,-0.3249884535535025,0.4979730341279942,0,1,16,16,"lam=0.001,rank=2"
caffeic acid,raw,3497,0.4722361962950009,0.47401537393536514,0.672719508661378,0,1,16,16,"lam=0.001,rank=2"
caffeic acid,centered,3497,0.0844493946330067,0.07960952631674162,0.5502764782159911,0,1,16,16,"lam=0.001,rank=2"
crystal violet,raw,3387,0.509053903451823,0.702330177343507,0.9246970150673822,0,1,16,16,"lam=0.001,rank=2"
crystal violet,centered,3387,0.6266150606019443,0.6752388968815128,0.9217813313863968,0,1,16,16,"lam=0.001,rank=2"
ferulic acid,raw,3500,0.34120630655351325,0.5130020026442828,0.9222047795661907,0,1,16,16,"lam=0.001,rank=2"
ferulic acid,centered,3500,0.16763136841332635,0.23137198772985743,0.904255728882357,0,1,16,16,"lam=0.001,rank=2"
methyl methanesulfonate,raw,3489,0.34044341853197063,0.17666713414443072,0.9375622227212969,0,1,16,16,"lam=0.001,rank=2"
methyl methanesulfonate,centered,3489,0.12551865232091156,0.022490261272699107,0.9381346227425346,0,1,16,16,"lam=0.001,rank=2"
syringaldehyde,raw,3513,0.05022410185576508,0.24865589216055634,0.8382422102191949,0,1,16,16,"lam=0.001,rank=2"
syringaldehyde,centered,3513,-0.35632063015676513,-0.20050397918004492,0.7795379930944742,0,1,16,16,"lam=0.001,rank=2"
1-ethyl-3-methylimidazolium chloride,raw,3491,0.19829519690065678,0.3153892357884974,0.898719369187085,0,1,24,24,lam=0.31622776601683794
1-ethyl-3-methylimidazolium chloride,centered,3491,0.49765322246909716,0.6535440778210501,0.9138217919863688,0,1,24,24,lam=0.31622776601683794
4-methylimidazole,raw,3501,0.034157705730856,-0.028747165524639406,0.12769961661112678,0,1,24,24,lam=0.31622776601683794
4-methylimidazole,centered,3501,-0.09282457877453025,-0.03315706913303627,0.6101529066320953,0,1,24,24,lam=0.31622776601683794
5-(hydroxymethyl)furfural,raw,3504,0.23072736496454885,0.17990167161600856,0.0,0,1,24,24,lam=0.31622776601683794
5-(hydroxymethyl)furfural,centered,3504,0.2922508345312321,0.27372621640523775,0.40616920545219504,0,1,24,24,lam=0.31622776601683794
caffeic acid,raw,3497,0.41023489213413544,0.40579126386118,0.672719508661378,0,1,24,24,lam=0.31622776601683794
caffeic acid,centered,3497,0.028443043683539778,-0.1556093117718635,0.5453462464217689,0,1,24,24,lam=0.31622776601683794
crystal violet,raw,3387,0.23170484040515468,0.43487640299731545,0.9246970150673822,0,1,24,24,lam=0.31622776601683794
crystal violet,centered,3387,0.5867003529717099,0.7373005462248716,0.922697827023704,0,1,24,24,lam=0.31622776601683794
ferulic acid,raw,3500,0.44155543542892955,0.5879742825737123,0.9222047795661907,0,1,24,24,lam=0.31622776601683794
ferulic acid,centered,3500,0.48193227052508336,0.6154694260488611,0.9076417017673696,0,1,24,24,lam=0.31622776601683794
methyl methanesulfonate,raw,3489,0.26818414354119735,0.14452551051191934,0.9375622227212969,0,1,24,24,lam=0.31622776601683794
methyl methanesulfonate,centered,3489,0.08421533616867995,-0.021532645362307097,0.9370823446272768,0,1,24,24,lam=0.31622776601683794
syringaldehyde,raw,3514,0.4494877280241439,0.5026477409811213,0.8382422102191949,0,1,24,24,lam=0.31622776601683794
syringaldehyde,centered,3514,0.11536848183311901,0.3167273971287157,0.7966667842501656,0,1,24,24,lam=0.31622776601683794
1-ethyl-3-methylimidazolium chloride,raw,3491,0.41686816255572473,0.5246053462873496,0.898719369187085,0,1,33,pool,lam=0.1
1-ethyl-3-methylimidazolium chloride,centered,3491,0.49964207898602975,0.6696067101781589,0.9132019348286584,0,1,33,pool,lam=0.1
4-methylimidazole,raw,3501,-0.0038252515272213156,-0.08683041649931582,0.12769961661112678,0,1,33,pool,lam=0.1
4-methylimidazole,centered,3501,0.20857472920533174,0.2488001740653357,0.6113571150364794,0,1,33,pool,lam=0.1
5-(hydroxymethyl)furfural,raw,3505,0.28147966336667063,0.22781066055746121,0.0,0,1,33,pool,lam=0.1
5-(hydroxymethyl)furfural,centered,3505,0.3424902135323452,0.3336249764706139,0.45493740241417274,0,1,33,pool,lam=0.1
caffeic acid,raw,3497,0.4150409121114579,0.38261275370046244,0.672719508661378,0,1,33,pool,lam=0.1
caffeic acid,centered,3497,0.021705473066553228,-0.11795286200628863,0.5530421168156869,0,1,33,pool,lam=0.1
crystal violet,raw,3387,0.30088315878920635,0.5503268213652702,0.9246970150673822,0,1,33,pool,lam=0.1
crystal violet,centered,3387,0.5547458013424958,0.7352692154704557,0.9218257378922377,0,1,33,pool,lam=0.1
ferulic acid,raw,3500,0.5140976636806308,0.6925464749823786,0.9222047795661907,0,1,33,pool,lam=0.1
ferulic acid,centered,3500,0.5143800249173199,0.669028753200212,0.9036014305354326,0,1,33,pool,lam=0.1
methyl methanesulfonate,raw,3489,0.20618829690630613,0.16851515850727233,0.9375622227212969,0,1,33,pool,lam=0.1
methyl methanesulfonate,centered,3489,-0.13239687728425703,0.01862496801624775,0.9361871296703799,0,1,33,pool,lam=0.1
syringaldehyde,raw,3514,0.34532601855598094,0.45517201474459906,0.8382422102191949,0,1,33,pool,lam=0.1
syringaldehyde,centered,3514,0.06244327945268351,0.22872659264290796,0.8053444540840908,0,1,33,pool,lam=0.1
1-butyl-3-methylimidazolium chloride,raw,3483,0.2647858021057736,0.15542494344572327,0.811477012409954,0,2,8,8,"lam=0.31622776601683794,rank=2,clip=3.0"
1-butyl-3-methylimidazolium chloride,centered,3483,0.4977482923746357,0.6522683725731098,0.8359062436456601,0,2,8,8,"lam=0.31622776601683794,rank=2,clip=3.0"
"2-propenamide, 3-(4-hydroxyphenyl)-, (2e)-",raw,3483,0.15505974330461303,0.45922385662127474,0.9128873232893497,0,2,8,8,"lam=0.31622776601683794,rank=2,clip=3.0"
"2-propenamide, 3-(4-hydroxyphenyl)-, (2e)-",centered,3483,0.003353376426753025,0.2564529342964067,0.8955494600127069,0,2,8,8,"lam=0.31622776601683794,rank=2,clip=3.0"
4-hydroxybenzoic acid,raw,3506,0.28430962023579004,0.31034155470813485,0.5007832696964534,0,2,8,8,"lam=0.31622776601683794,rank=2,clip=3.0"
4-hydroxybenzoic acid,centered,3506,-0.02495165576715938,0.050292460890477106,0.6762948581286921,0,2,8,8,"lam=0.31622776601683794,rank=2,clip=3.0"
benzoic acid,raw,3489,-0.032146740439327325,0.027247871753611305,0.685375384120187,0,2,8,8,"lam=0.31622776601683794,rank=2,clip=3.0"
benzoic acid,centered,3489,-0.28453692895227334,-0.16862643180430595,0.827348168699217,0,2,8,8,"lam=0.31622776601683794,rank=2,clip=3.0"
ferulamide,raw,3488,0.2484651873646397,0.516507785544529,0.8930954305048072,0,2,8,8,"lam=0.31622776601683794,rank=2,clip=3.0"
ferulamide,centered,3488,0.10649626213710532,0.4093384472106981,0.8731403737166832,0,2,8,8,"lam=0.31622776601683794,rank=2,clip=3.0"
p-coumaric acid,raw,3508,0.35835211779981024,0.4797264626308745,0.27549278107492503,0,2,8,8,"lam=0.31622776601683794,rank=2,clip=3.0"
p-coumaric acid,centered,3508,0.11474275468466663,0.18335618368730136,0.0,0,2,8,8,"lam=0.31622776601683794,rank=2,clip=3.0"
sodium glyoxylate,raw,3488,0.08712905517589023,0.12347579729976065,0.0,0,2,8,8,"lam=0.31622776601683794,rank=2,clip=3.0"
sodium glyoxylate,centered,3488,0.3849175789454149,0.46292562849715646,0.12697019305144572,0,2,8,8,"lam=0.31622776601683794,rank=2,clip=3.0"
vanillic acid,raw,3485,0.19612214132346528,0.3346295147801918,0.8722616635995127,0,2,8,8,"lam=0.31622776601683794,rank=2,clip=3.0"
vanillic acid,centered,3485,-0.045263946143092225,0.06735328475952192,0.8585567330612196,0,2,8,8,"lam=0.31622776601683794,rank=2,clip=3.0"
1-butyl-3-methylimidazolium chloride,raw,3484,-0.061509374446687484,-0.022347395147441648,0.811477012409954,0,2,16,16,"lam=1000.0,rank=4,clip=3.0"
1-butyl-3-methylimidazolium chloride,centered,3484,0.6007627852393216,0.6930277498770061,0.8267745167336473,0,2,16,16,"lam=1000.0,rank=4,clip=3.0"
"2-propenamide, 3-(4-hydroxyphenyl)-, (2e)-",raw,3484,0.2680826847639784,0.39558775884527386,0.9128873232893497,0,2,16,16,"lam=1000.0,rank=4,clip=3.0"
"2-propenamide, 3-(4-hydroxyphenyl)-, (2e)-",centered,3484,0.10590205335015866,0.3477860466376539,0.897924076781805,0,2,16,16,"lam=1000.0,rank=4,clip=3.0"
4-hydroxybenzoic acid,raw,3507,0.3833976964906166,0.39009554314743433,0.5007832696964534,0,2,16,16,"lam=1000.0,rank=4,clip=3.0"
4-hydroxybenzoic acid,centered,3507,0.2576491323017762,0.28491581609205896,0.4145271357266987,0,2,16,16,"lam=1000.0,rank=4,clip=3.0"
benzoic acid,raw,3490,0.22572434099733563,0.2306057449626753,0.685375384120187,0,2,16,16,"lam=1000.0,rank=4,clip=3.0"
benzoic acid,centered,3490,0.1838168958324352,0.07892601152216354,0.7210509186926848,0,2,16,16,"lam=1000.0,rank=4,clip=3.0"
ferulamide,raw,3490,0.2496796580231898,0.3443035437406175,0.8930954305048072,0,2,16,16,"lam=1000.0,rank=4,clip=3.0"
ferulamide,centered,3490,0.3330207478086916,0.5375671506463413,0.8805833909763511,0,2,16,16,"lam=1000.0,rank=4,clip=3.0"
p-coumaric acid,raw,3510,0.2939954645173782,0.38909706274052036,0.27549278107492503,0,2,16,16,"lam=1000.0,rank=4,clip=3.0"
p-coumaric acid,centered,3510,0.24061016512130745,0.21979178874733013,0.0,0,2,16,16,"lam=1000.0,rank=4,clip=3.0"
sodium glyoxylate,raw,3488,0.16652442201219078,0.20130301460266445,0.0,0,2,16,16,"lam=1000.0,rank=4,clip=3.0"
sodium glyoxylate,centered,3488,0.22480114618536423,0.22691394216473174,0.0,0,2,16,16,"lam=1000.0,rank=4,clip=3.0"
vanillic acid,raw,3485,0.34096693267148404,0.43010067217606374,0.8722616635995127,0,2,16,16,"lam=1000.0,rank=4,clip=3.0"
vanillic acid,centered,3485,0.32437108551336125,0.2686284667244256,0.8445466650251994,0,2,16,16,"lam=1000.0,rank=4,clip=3.0"
1-butyl-3-methylimidazolium chloride,raw,3484,0.5564234006493178,0.6070759301527827,0.811477012409954,0,2,24,24,"lam=0.1,rank=4"
1-butyl-3-methylimidazolium chloride,centered,3484,0.5778629642337695,0.6655216372384033,0.8244971317890089,0,2,24,24,"lam=0.1,rank=4"
"2-propenamide, 3-(4-hydroxyphenyl)-, (2e)-",raw,3485,0.3689737612039595,0.5879171472443608,0.9128873232893497,0,2,24,24,"lam=0.1,rank=4"
"2-propenamide, 3-(4-hydroxyphenyl)-, (2e)-",centered,3485,0.31385918461266693,0.4614509286250621,0.8900723123373147,0,2,24,24,"lam=0.1,rank=4"
4-hydroxybenzoic acid,raw,3507,0.3994435919780387,0.42964112281205147,0.5007832696964534,0,2,24,24,"lam=0.1,rank=4"
4-hydroxybenzoic acid,centered,3507,0.29691404508598196,0.29437705112493834,0.5465316348963345,0,2,24,24,"lam=0.1,rank=4"
benzoic acid,raw,3490,0.3383412796049818,0.3079670596255685,0.685375384120187,0,2,24,24,"lam=0.1,rank=4"
benzoic acid,centered,3490,0.29939765299676097,0.2661038424140509,0.7374403663842187,0,2,24,24,"lam=0.1,rank=4"
ferulamide,raw,3490,0.4066519076248676,0.6348627254026067,0.8930954305048072,0,2,24,24,"lam=0.1,rank=4"
ferulamide,centered,3490,0.40965991993076784,0.624135687723523,0.8723432798812434,0,2,24,24,"lam=0.1,rank=4"
p-coumaric acid,raw,3510,0.35392823970371334,0.4996052591106822,0.27549278107492503,0,2,24,24,"lam=0.1,rank=4"
p-coumaric acid,centered,3510,0.2011430918800413,0.2692407266894134,0.0,0,2,24,24,"lam=0.1,rank=4"
sodium glyoxylate,raw,3489,0.20143731224013336,0.19257021732721213,0.0,0,2,24,24,"lam=0.1,rank=4"
sodium glyoxylate,centered,3489,0.32615530047760616,0.3891007435662145,0.0,0,2,24,24,"lam=0.1,rank=4"
vanillic acid,raw,3486,0.5009408627982657,0.6003252298794504,0.8722616635995127,0,2,24,24,"lam=0.1,rank=4"
vanillic acid,centered,3486,0.38545092105531575,0.44333871962875576,0.8367749931642242,0,2,24,24,"lam=0.1,rank=4"
1-butyl-3-methylimidazolium chloride,raw,3484,0.5632806263162072,0.6106740238736411,0.811477012409954,0,2,33,pool,lam=0.1
1-butyl-3-methylimidazolium chloride,centered,3484,0.5733056810836973,0.7237929463435759,0.8336253666167436,0,2,33,pool,lam=0.1
"2-propenamide, 3-(4-hydroxyphenyl)-, (2e)-",raw,3485,0.3735626529783591,0.6165460758653943,0.9128873232893497,0,2,33,pool,lam=0.1
"2-propenamide, 3-(4-hydroxyphenyl)-, (2e)-",centered,3485,0.2644471869725268,0.40261653138052683,0.8825490828239687,0,2,33,pool,lam=0.1
4-hydroxybenzoic acid,raw,3507,0.4273222970177907,0.45802354461465217,0.5007832696964534,0,2,33,pool,lam=0.1
4-hydroxybenzoic acid,centered,3507,0.35357564690093884,0.37330045532272504,0.5773539375980108,0,2,33,pool,lam=0.1
benzoic acid,raw,3490,0.36340244166589925,0.338209423603831,0.685375384120187,0,2,33,pool,lam=0.1
benzoic acid,centered,3490,0.32622512277531934,0.27796179327997167,0.7374718689615183,0,2,33,pool,lam=0.1
ferulamide,raw,3490,0.4127673885683133,0.6567463596732173,0.8930954305048072,0,2,33,pool,lam=0.1
ferulamide,centered,3490,0.44496444446800365,0.6189229575125399,0.8660552782796856,0,2,33,pool,lam=0.1
p-coumaric acid,raw,3510,0.4166065845988719,0.5653093337127648,0.27549278107492503,0,2,33,pool,lam=0.1
p-coumaric acid,centered,3510,0.30145227583408885,0.3639531967491065,0.0,0,2,33,pool,lam=0.1
sodium glyoxylate,raw,3490,0.18263639333822032,0.16718720197869266,0.0,0,2,33,pool,lam=0.1
sodium glyoxylate,centered,3490,0.30357805178171104,0.4085429747892592,0.0,0,2,33,pool,lam=0.1
vanillic acid,raw,3486,0.5173489514274365,0.5788556045547272,0.8722616635995127,0,2,33,pool,lam=0.1
vanillic acid,centered,3486,0.38073695063435975,0.32829794532806705,0.8284074918108438,0,2,33,pool,lam=0.1
4-hydroxybenzaldehyde,raw,3490,0.2499622477908678,0.24087952698775827,0.8136005615775869,0,3,8,8,"lam=0.001,rank=4"
4-hydroxybenzaldehyde,centered,3490,-0.07340904847628602,-0.14320213602599213,0.7686118463848172,0,3,8,8,"lam=0.001,rank=4"
acetamide,raw,3487,0.015769276805709748,0.022653180820636873,0.5260040030106069,0,3,8,8,"lam=0.001,rank=4"
acetamide,centered,3487,0.04613096545055654,0.08674273325541859,0.7469356815827121,0,3,8,8,"lam=0.001,rank=4"
acetosyringone,raw,3491,0.11708416150280716,0.26680693456928917,0.8953367924490198,0,3,8,8,"lam=0.001,rank=4"
acetosyringone,centered,3491,-0.030140483959906084,0.0805327760015864,0.8844317584986258,0,3,8,8,"lam=0.001,rank=4"
benomyl,raw,3490,0.11222829933989902,0.02685980966845297,0.8675396020249485,0,3,8,8,"lam=0.001,rank=4"
benomyl,centered,3490,-0.12736182123018963,-0.15803317497076064,0.9033641217081196,0,3,8,8,"lam=0.001,rank=4"
cinnamic acid,raw,3502,0.3649692384504561,0.43812556002006536,0.8069010615379222,0,3,8,8,"lam=0.001,rank=4"
cinnamic acid,centered,3502,-0.044494803233712625,-0.08134468134759094,0.7222816460068496,0,3,8,8,"lam=0.001,rank=4"
gamma-valerolactone,raw,3473,0.19961407423175367,0.43315904751769385,0.8971840735794596,0,3,8,8,"lam=0.001,rank=4"
gamma-valerolactone,centered,3473,-0.006262928046260563,0.1573426303464221,0.8796176371111496,0,3,8,8,"lam=0.001,rank=4"
myclobutanil,raw,3496,0.08244501036188204,0.2229877782039691,0.746076298727284,0,3,8,8,"lam=0.001,rank=4"
myclobutanil,centered,3496,0.45100003265036115,0.611036280503249,0.8302932060087114,0,3,8,8,"lam=0.001,rank=4"
syringic acid,raw,3499,0.196170773054562,0.31180395351146295,0.8765976686189016,0,3,8,8,"lam=0.001,rank=4"
syringic acid,centered,3499,-0.00257208125922855,0.016728141517138112,0.8400558682126178,0,3,8,8,"lam=0.001,rank=4"
4-hydroxybenzaldehyde,raw,3491,0.4184985229512801,0.45855625525580346,0.8136005615775869,0,3,16,16,"lam=1000.0,rank=16"
4-hydroxybenzaldehyde,centered,3491,0.2664372461963083,0.31723475576509935,0.7602663393926754,0,3,16,16,"lam=1000.0,rank=16"
acetamide,raw,3488,0.15232722825493003,0.15728363175381635,0.5260040030106069,0,3,16,16,"lam=1000.0,rank=16"
acetamide,centered,3488,0.18509833635265016,0.10931246006919623,0.6614644506894836,0,3,16,16,"lam=1000.0,rank=16"
acetosyringone,raw,3492,0.33561866003814905,0.4210207596328342,0.8953367924490198,0,3,16,16,"lam=1000.0,rank=16"
acetosyringone,centered,3492,-0.0891721519306545,0.2880196712161373,0.8778132094480937,0,3,16,16,"lam=1000.0,rank=16"
benomyl,raw,3491,0.1409450465679575,0.1029106623497894,0.8675396020249485,0,3,16,16,"lam=1000.0,rank=16"
benomyl,centered,3491,0.39962454681275433,0.42843056165078713,0.8819608940107797,0,3,16,16,"lam=1000.0,rank=16"
cinnamic acid,raw,3503,0.284718308970049,0.3443169707901983,0.8069010615379222,0,3,16,16,"lam=1000.0,rank=16"
cinnamic acid,centered,3503,0.2504096893401443,0.2748622901641264,0.777339855205927,0,3,16,16,"lam=1000.0,rank=16"
gamma-valerolactone,raw,3473,0.20034911179924575,0.29922520764318095,0.8971840735794596,0,3,16,16,"lam=1000.0,rank=16"
gamma-valerolactone,centered,3473,-0.04698161508674914,-0.03644826509645625,0.8878107970450367,0,3,16,16,"lam=1000.0,rank=16"
myclobutanil,raw,3496,0.03814154091005927,0.08139445143979372,0.746076298727284,0,3,16,16,"lam=1000.0,rank=16"
myclobutanil,centered,3496,0.3589875181635581,0.4625459980371623,0.7818205341427805,0,3,16,16,"lam=1000.0,rank=16"
syringic acid,raw,3500,0.2699728806275238,0.3957627835827931,0.8765976686189016,0,3,16,16,"lam=1000.0,rank=16"
syringic acid,centered,3500,0.6210135295987721,0.545383036060781,0.8531793870179453,0,3,16,16,"lam=1000.0,rank=16"
4-hydroxybenzaldehyde,raw,3491,0.3834492606300432,0.46140526741834775,0.8136005615775869,0,3,24,24,"lam=1.0,rank=2"
4-hydroxybenzaldehyde,centered,3491,0.43264845713025146,0.422808240810034,0.763267492441686,0,3,24,24,"lam=1.0,rank=2"
acetamide,raw,3488,0.13242435954880097,0.12904225060893001,0.5260040030106069,0,3,24,24,"lam=1.0,rank=2"
acetamide,centered,3488,0.38027417525939355,0.42534303529202067,0.7188885048833878,0,3,24,24,"lam=1.0,rank=2"
acetosyringone,raw,3493,0.4169142650162606,0.5753123419322103,0.8953367924490198,0,3,24,24,"lam=1.0,rank=2"
acetosyringone,centered,3493,0.06421715699701977,0.32720400429951557,0.8641384957131185,0,3,24,24,"lam=1.0,rank=2"
benomyl,raw,3491,0.2456894444883618,0.13951296059119092,0.8675396020249485,0,3,24,24,"lam=1.0,rank=2"
benomyl,centered,3491,0.16704877067914817,0.23493420806096135,0.8864841914058968,0,3,24,24,"lam=1.0,rank=2"
cinnamic acid,raw,3504,0.19402324257629283,0.2523033189004304,0.8069010615379222,0,3,24,24,"lam=1.0,rank=2"
cinnamic acid,centered,3504,0.39463825834057475,0.41671472611571125,0.802294791157612,0,3,24,24,"lam=1.0,rank=2"
gamma-valerolactone,raw,3473,-0.05085590228483969,0.062373438845913974,0.8971840735794596,0,3,24,24,"lam=1.0,rank=2"
gamma-valerolactone,centered,3473,-0.4590015960490656,-0.45392089023337334,0.899195286317237,0,3,24,24,"lam=1.0,rank=2"
myclobutanil,raw,3496,0.08786340740828696,0.14254948395633246,0.746076298727284,0,3,24,24,"lam=1.0,rank=2"
myclobutanil,centered,3496,0.26697681600665546,0.48933053570036683,0.7912857560820943,0,3,24,24,"lam=1.0,rank=2"
syringic acid,raw,3500,0.11839686564172665,0.30525308930981176,0.8765976686189016,0,3,24,24,"lam=1.0,rank=2"
syringic acid,centered,3500,0.552281988967626,0.4950051164677221,0.8708453728668,0,3,24,24,"lam=1.0,rank=2"
4-hydroxybenzaldehyde,raw,3492,0.470277607206019,0.5453547580461264,0.8136005615775869,0,3,33,pool,lam=0.31622776601683794
4-hydroxybenzaldehyde,centered,3492,0.3548084758309429,0.41780215043719465,0.7486310389734667,0,3,33,pool,lam=0.31622776601683794
acetamide,raw,3489,0.23208191582585136,0.20472333515073818,0.5260040030106069,0,3,33,pool,lam=0.31622776601683794
acetamide,centered,3489,0.27671008921609064,0.306339504867729,0.669534696041139,0,3,33,pool,lam=0.31622776601683794
acetosyringone,raw,3493,0.45354064638705327,0.6591435499577888,0.8953367924490198,0,3,33,pool,lam=0.31622776601683794
acetosyringone,centered,3493,0.4278714219017152,0.6221386521183663,0.8657663958795743,0,3,33,pool,lam=0.31622776601683794
benomyl,raw,3492,0.21157301807625317,0.14188434120269455,0.8675396020249485,0,3,33,pool,lam=0.31622776601683794
benomyl,centered,3492,0.19128566557714796,0.20208782934746988,0.8853017425875782,0,3,33,pool,lam=0.31622776601683794
cinnamic acid,raw,3504,0.24244899542840082,0.3086057847336238,0.8069010615379222,0,3,33,pool,lam=0.31622776601683794
cinnamic acid,centered,3504,0.10826564129529237,0.19236580171777407,0.791306367778296,0,3,33,pool,lam=0.31622776601683794
gamma-valerolactone,raw,3473,0.15289446052834116,0.18945649026020697,0.8971840735794596,0,3,33,pool,lam=0.31622776601683794
gamma-valerolactone,centered,3473,-0.17142554547378341,-0.1341071962886703,0.8921636147026369,0,3,33,pool,lam=0.31622776601683794
myclobutanil,raw,3496,0.1559685903511749,0.1854782310288536,0.746076298727284,0,3,33,pool,lam=0.31622776601683794
myclobutanil,centered,3496,0.2584221152655721,0.4017499535054907,0.7816400701736069,0,3,33,pool,lam=0.31622776601683794
syringic acid,raw,3500,0.36918757831268867,0.4500665140574295,0.8765976686189016,0,3,33,pool,lam=0.31622776601683794
syringic acid,centered,3500,0.5048889637110525,0.4497757495270017,0.8599322607107426,0,3,33,pool,lam=0.31622776601683794
2-methylimidazole,raw,3488,0.2148670531593103,0.3426337972696192,0.15199773365650238,0,4,8,8,"lam=0.001,rank=8"
2-methylimidazole,centered,3488,0.2017743630160607,0.27082267917253006,0.44343360500834134,0,4,8,8,"lam=0.001,rank=8"
4'-hydroxyacetophenone,raw,3504,0.5700069419219854,0.6463504346626702,0.8379928898821091,0,4,8,8,"lam=0.001,rank=8"
4'-hydroxyacetophenone,centered,3504,0.47274630306683374,0.5931654846692016,0.8146461765360082,0,4,8,8,"lam=0.001,rank=8"
acetovanillone,raw,3506,0.31140587882964915,0.5263128795708343,0.9141428331679445,0,4,8,8,"lam=0.001,rank=8"
acetovanillone,centered,3506,0.15427062829566157,0.4477656151536676,0.9054159493756401,0,4,8,8,"lam=0.001,rank=8"
azelaic acid,raw,3495,-0.020280572289765368,-0.04279788325685887,0.8670875046979807,0,4,8,8,"lam=0.001,rank=8"
azelaic acid,centered,3495,-0.15246670522459171,-0.11292876778994107,0.8640337319802667,0,4,8,8,"lam=0.001,rank=8"
methylglyoxal,raw,3480,0.3726288530753753,0.28169875630983676,0.9178330549514648,0,4,8,8,"lam=0.001,rank=8"
methylglyoxal,centered,3480,0.19091928550847223,0.16501349433266058,0.9140835323064737,0,4,8,8,"lam=0.001,rank=8"
nonylacridine orange,raw,3504,0.21872788866483753,0.28094708655632633,0.8449681878437812,0,4,8,8,"lam=0.001,rank=8"
nonylacridine orange,centered,3504,0.02498223367459594,0.15560388801756922,0.8349098959705016,0,4,8,8,"lam=0.001,rank=8"
sinapic acid,raw,3493,0.3158131000726004,0.4937761393060819,0.5642822086005129,0,4,8,8,"lam=0.001,rank=8"
sinapic acid,centered,3493,0.2594705035468365,0.4264391364414658,0.5187655205970046,0,4,8,8,"lam=0.001,rank=8"
vanillin,raw,3503,0.5013216947022067,0.5720810605507335,0.8097403963300162,0,4,8,8,"lam=0.001,rank=8"
vanillin,centered,3503,0.4329033392708789,0.4920499417567654,0.7885782535956645,0,4,8,8,"lam=0.001,rank=8"
2-methylimidazole,raw,3488,0.24967833908360093,0.3384145713565887,0.15199773365650238,0,4,16,16,"lam=0.03162277660168379,rank=2"
2-methylimidazole,centered,3488,0.3578381072551585,0.6239447596330854,0.7136148119368229,0,4,16,16,"lam=0.03162277660168379,rank=2"
4'-hydroxyacetophenone,raw,3506,0.4855276023073188,0.5709041580709996,0.8379928898821091,0,4,16,16,"lam=0.03162277660168379,rank=2"
4'-hydroxyacetophenone,centered,3506,0.4163430324593365,0.5031351748270966,0.7994548382153518,0,4,16,16,"lam=0.03162277660168379,rank=2"
acetovanillone,raw,3509,0.4260718806720244,0.5783255182670193,0.9141428331679445,0,4,16,16,"lam=0.03162277660168379,rank=2"
acetovanillone,centered,3509,0.30797041468424863,0.46245935674725935,0.8963558963798026,0,4,16,16,"lam=0.03162277660168379,rank=2"
azelaic acid,raw,3496,0.2103418527285559,0.23048757380761106,0.8670875046979807,0,4,16,16,"lam=0.03162277660168379,rank=2"
azelaic acid,centered,3496,0.021891260068367214,0.07717443761077401,0.8502716221415912,0,4,16,16,"lam=0.03162277660168379,rank=2"
methylglyoxal,raw,3481,0.30337659598800376,0.18444658532583966,0.9178330549514648,0,4,16,16,"lam=0.03162277660168379,rank=2"
methylglyoxal,centered,3481,0.09687555306915091,0.36274196898812655,0.9242509542075973,0,4,16,16,"lam=0.03162277660168379,rank=2"
nonylacridine orange,raw,3506,0.6957404898674118,0.7540204083989943,0.8449681878437812,0,4,16,16,"lam=0.03162277660168379,rank=2"
nonylacridine orange,centered,3506,0.6230659162752424,0.6907686411700656,0.8023439599082837,0,4,16,16,"lam=0.03162277660168379,rank=2"
sinapic acid,raw,3493,0.496929686524947,0.6319732869504893,0.5642822086005129,0,4,16,16,"lam=0.03162277660168379,rank=2"
sinapic acid,centered,3493,0.42969779673503006,0.4149434482438354,0.2890241788082879,0,4,16,16,"lam=0.03162277660168379,rank=2"
vanillin,raw,3505,0.5257531015283442,0.6017708196373023,0.8097403963300162,0,4,16,16,"lam=0.03162277660168379,rank=2"
vanillin,centered,3505,0.4804811166541772,0.3824796974079897,0.7355696316390076,0,4,16,16,"lam=0.03162277660168379,rank=2"
2-methylimidazole,raw,3488,0.24090468889732866,0.3420867686239083,0.15199773365650238,0,4,24,24,"lam=0.01,rank=2"
2-methylimidazole,centered,3488,0.38400750387984334,0.6061864070932966,0.6407340047510485,0,4,24,24,"lam=0.01,rank=2"
4'-hydroxyacetophenone,raw,3506,0.4245995345378846,0.519207823157215,0.8379928898821091,0,4,24,24,"lam=0.01,rank=2"
4'-hydroxyacetophenone,centered,3506,0.3029150463668592,0.40224612730835096,0.7961243965416017,0,4,24,24,"lam=0.01,rank=2"
acetovanillone,raw,3509,0.3379322190240718,0.5026595424380657,0.9141428331679445,0,4,24,24,"lam=0.01,rank=2"
acetovanillone,centered,3509,0.1861344540044011,0.34193270882928206,0.8987006488871951,0,4,24,24,"lam=0.01,rank=2"
azelaic acid,raw,3496,0.10672378689244717,0.1959887611820434,0.8670875046979807,0,4,24,24,"lam=0.01,rank=2"
azelaic acid,centered,3496,-0.09915545550638682,-0.03846751727164364,0.8435567359266839,0,4,24,24,"lam=0.01,rank=2"
methylglyoxal,raw,3481,0.23871922430849213,0.19764049433172565,0.9178330549514648,0,4,24,24,"lam=0.01,rank=2"
methylglyoxal,centered,3481,0.31078095695514135,0.41026977430809686,0.9239276494338415,0,4,24,24,"lam=0.01,rank=2"
nonylacridine orange,raw,3506,0.700968141783425,0.7684861992367088,0.8449681878437812,0,4,24,24,"lam=0.01,rank=2"
nonylacridine orange,centered,3506,0.65471532632456,0.7360756242820555,0.8216686355409487,0,4,24,24,"lam=0.01,rank=2"
sinapic acid,raw,3493,0.48423289919554097,0.6624055530928923,0.5642822086005129,0,4,24,24,"lam=0.01,rank=2"
sinapic acid,centered,3493,0.36022036753292314,0.43394217458040196,0.08745744002160136,0,4,24,24,"lam=0.01,rank=2"
vanillin,raw,3505,0.5301887228284311,0.59162952189154,0.8097403963300162,0,4,24,24,"lam=0.01,rank=2"
vanillin,centered,3505,0.37886808836069197,0.349045689957085,0.728705817672815,0,4,24,24,"lam=0.01,rank=2"
2-methylimidazole,raw,3488,0.23343947045154723,0.3214073468113554,0.15199773365650238,0,4,33,pool,lam=0.1
2-methylimidazole,centered,3488,0.298189051362314,0.505087454656125,0.5746959188181814,0,4,33,pool,lam=0.1
4'-hydroxyacetophenone,raw,3506,0.4767823094302786,0.5716819158988466,0.8379928898821091,0,4,33,pool,lam=0.1
4'-hydroxyacetophenone,centered,3506,0.5640972795096563,0.6209858522565558,0.8090940914763887,0,4,33,pool,lam=0.1
acetovanillone,raw,3509,0.3676474593751003,0.5487499541265892,0.9141428331679445,0,4,33,pool,lam=0.1
acetovanillone,centered,3509,0.6357059098704706,0.6656387343387086,0.9082113767287752,0,4,33,pool,lam=0.1
azelaic acid,raw,3496,0.15735528937690071,0.31578227197384906,0.8670875046979807,0,4,33,pool,lam=0.1
azelaic acid,centered,3496,0.06260692391212863,0.12678392699382982,0.8527287439731305,0,4,33,pool,lam=0.1
methylglyoxal,raw,3481,-0.08618493068885019,0.05189148806651065,0.9178330549514648,0,4,33,pool,lam=0.1
methylglyoxal,centered,3481,-0.15251802183607263,0.13420462179028267,0.9244906432852036,0,4,33,pool,lam=0.1
nonylacridine orange,raw,3506,0.6219548713274046,0.7004637789551591,0.8449681878437812,0,4,33,pool,lam=0.1
nonylacridine orange,centered,3506,0.6490305069387464,0.7349590265328926,0.8366325723887487,0,4,33,pool,lam=0.1
sinapic acid,raw,3493,0.47846135234760084,0.6688718355451959,0.5642822086005129,0,4,33,pool,lam=0.1
sinapic acid,centered,3493,0.44192108337047076,0.5335316558809328,0.3238018158316301,0,4,33,pool,lam=0.1
vanillin,raw,3505,0.5694557689280233,0.6708140971167419,0.8097403963300162,0,4,33,pool,lam=0.1
vanillin,centered,3505,0.4689635826900793,0.5738826388479904,0.7304551685344388,0,4,33,pool,lam=0.1
1-butyl-3-methylimidazolium chloride,raw,3482,0.16043959048284373,0.10227117930109134,0.811477012409954,1,0,8,8,"lam=1000.0,rank=8"
1-butyl-3-methylimidazolium chloride,centered,3482,0.4263858126414413,0.5688026751319304,0.8209905370883233,1,0,8,8,"lam=1000.0,rank=8"
"2-propenamide, 3-(4-hydroxyphenyl)-, (2e)-",raw,3482,0.364092964025685,0.5304540756307394,0.9128873232893497,1,0,8,8,"lam=1000.0,rank=8"
"2-propenamide, 3-(4-hydroxyphenyl)-, (2e)-",centered,3482,0.05291456968695388,0.2997774257291406,0.8818759253017601,1,0,8,8,"lam=1000.0,rank=8"
4'-hydroxyacetophenone,raw,3504,0.3706008812785595,0.3588819383805858,0.8379928898821091,1,0,8,8,"lam=1000.0,rank=8"
4'-hydroxyacetophenone,centered,3504,0.28818991168083086,0.2974802515524102,0.811480362361045,1,0,8,8,"lam=1000.0,rank=8"
4-hydroxybenzoic acid,raw,3505,0.23032568606654855,0.24569383711019238,0.5007832696964534,1,0,8,8,"lam=1000.0,rank=8"
4-hydroxybenzoic acid,centered,3505,0.3424877709334026,0.3668350124934452,0.6454615200124233,1,0,8,8,"lam=1000.0,rank=8"
crystal violet,raw,3385,0.03228782124794135,0.17167579854738743,0.9246970150673822,1,0,8,8,"lam=1000.0,rank=8"
crystal violet,centered,3385,0.19867759038543353,0.3657841161173849,0.9224893954222279,1,0,8,8,"lam=1000.0,rank=8"
ferulic acid,raw,3494,0.3418551976003389,0.48168431713649096,0.9222047795661907,1,0,8,8,"lam=1000.0,rank=8"
ferulic acid,centered,3494,0.4300022286454149,0.6312577066479237,0.903608853906122,1,0,8,8,"lam=1000.0,rank=8"
furfural,raw,3492,0.14192603569610526,0.18297989545001125,0.877833605571729,1,0,8,8,"lam=1000.0,rank=8"
furfural,centered,3492,0.31521266205549775,0.2572125904874903,0.880903434009553,1,0,8,8,"lam=1000.0,rank=8"
myclobutanil,raw,3494,0.13975685501897187,0.242797007412671,0.746076298727284,1,0,8,8,"lam=1000.0,rank=8"
myclobutanil,centered,3494,0.38630552520516914,0.44244140053368597,0.7562478508427761,1,0,8,8,"lam=1000.0,rank=8"
vanillic acid,raw,3486,0.5293960472391062,0.5916012158036316,0.8722616635995127,1,0,8,8,"lam=1000.0,rank=8"
vanillic acid,centered,3486,0.32831124511694476,0.278996207916578,0.8089240353141562,1,0,8,8,"lam=1000.0,rank=8"
1-butyl-3-methylimidazolium chloride,raw,3483,-0.0867434542821882,-0.17973045444212665,0.811477012409954,1,0,16,16,"lam=1000.0,rank=16"
1-butyl-3-methylimidazolium chloride,centered,3483,0.4341011805771812,0.5723009714699366,0.8488323380965618,1,0,16,16,"lam=1000.0,rank=16"
"2-propenamide, 3-(4-hydroxyphenyl)-, (2e)-",raw,3483,0.4080161291533069,0.5711436647404554,0.9128873232893497,1,0,16,16,"lam=1000.0,rank=16"
"2-propenamide, 3-(4-hydroxyphenyl)-, (2e)-",centered,3483,0.236694430400705,0.3219109963722573,0.8784303676174793,1,0,16,16,"lam=1000.0,rank=16"
4'-hydroxyacetophenone,raw,3506,0.5076160840178534,0.5630160217528276,0.8379928898821091,1,0,16,16,"lam=1000.0,rank=16"
4'-hydroxyacetophenone,centered,3506,0.5832407965527985,0.6275078352279426,0.7731293782126155,1,0,16,16,"lam=1000.0,rank=16"
4-hydroxybenzoic acid,raw,3506,0.4138244965770817,0.43484201934944755,0.5007832696964534,1,0,16,16,"lam=1000.0,rank=16"
4-hydroxybenzoic acid,centered,3506,0.235445285988024,0.273803180818622,0.4439715905945095,1,0,16,16,"lam=1000.0,rank=16"
crystal violet,raw,3386,-0.013461647235923288,0.18665609878614794,0.9246970150673822,1,0,16,16,"lam=1000.0,rank=16"
crystal violet,centered,3386,0.10940862050654036,0.38901449770449553,0.9223603728614111,1,0,16,16,"lam=1000.0,rank=16"
ferulic acid,raw,3497,0.3813690691248232,0.538473255550713,0.9222047795661907,1,0,16,16,"lam=1000.0,rank=16"
ferulic acid,centered,3497,0.4147880992695592,0.601453039130009,0.900590378841424,1,0,16,16,"lam=1000.0,rank=16"
furfural,raw,3492,0.03989805660406709,0.09689959112040461,0.877833605571729,1,0,16,16,"lam=1000.0,rank=16"
furfural,centered,3492,0.46391816182155365,0.38588023713653774,0.887621107642772,1,0,16,16,"lam=1000.0,rank=16"
myclobutanil,raw,3495,-0.07979539747764473,-0.042505515600998384,0.746076298727284,1,0,16,16,"lam=1000.0,rank=16"
myclobutanil,centered,3495,0.2413647912273088,0.2628065170043146,0.8137176110216957,1,0,16,16,"lam=1000.0,rank=16"
vanillic acid,raw,3486,0.5341918722192216,0.6358127995064519,0.8722616635995127,1,0,16,16,"lam=1000.0,rank=16"
vanillic acid,centered,3486,0.20449168777728705,0.10746365559392253,0.8018007169167436,1,0,16,16,"lam=1000.0,rank=16"
1-butyl-3-methylimidazolium chloride,raw,3484,0.2586134780437729,0.2289463593773895,0.811477012409954,1,0,24,24,"lam=1.0,rank=16"
1-butyl-3-methylimidazolium chloride,centered,3484,0.5237337826162745,0.6515864189390367,0.8234028364277416,1,0,24,24,"lam=1.0,rank=16"
"2-propenamide, 3-(4-hydroxyphenyl)-, (2e)-",raw,3485,0.36094433163832257,0.5317496769067956,0.9128873232893497,1,0,24,24,"lam=1.0,rank=16"
"2-propenamide, 3-(4-hydroxyphenyl)-, (2e)-",centered,3485,0.45102921091702874,0.5511852658635233,0.8890537449658298,1,0,24,24,"lam=1.0,rank=16"
4'-hydroxyacetophenone,raw,3507,0.5121464453806004,0.5523278050935907,0.8379928898821091,1,0,24,24,"lam=1.0,rank=16"
4'-hydroxyacetophenone,centered,3507,0.6250281913089341,0.7205735993907569,0.7915703175509502,1,0,24,24,"lam=1.0,rank=16"
4-hydroxybenzoic acid,raw,3507,0.35057109014480314,0.3727347675119341,0.5007832696964534,1,0,24,24,"lam=1.0,rank=16"
4-hydroxybenzoic acid,centered,3507,0.3689052185657174,0.3645487759802733,0.49620562599075185,1,0,24,24,"lam=1.0,rank=16"
crystal violet,raw,3387,0.2185034537183016,0.37368731446983366,0.9246970150673822,1,0,24,24,"lam=1.0,rank=16"
crystal violet,centered,3387,0.6591423310510782,0.8008850504484148,0.9214340662940245,1,0,24,24,"lam=1.0,rank=16"
ferulic acid,raw,3498,0.3889129286945364,0.521915798728758,0.9222047795661907,1,0,24,24,"lam=1.0,rank=16"
ferulic acid,centered,3498,0.40732650702366585,0.6124878302200315,0.9072335293521417,1,0,24,24,"lam=1.0,rank=16"
furfural,raw,3492,0.12725241811826185,0.1796316634785707,0.877833605571729,1,0,24,24,"lam=1.0,rank=16"
furfural,centered,3492,0.39989231444854556,0.30955531233498373,0.8786594025496176,1,0,24,24,"lam=1.0,rank=16"
myclobutanil,raw,3496,0.002056075311247328,0.07387379882769592,0.746076298727284,1,0,24,24,"lam=1.0,rank=16"
myclobutanil,centered,3496,0.08352328237763167,0.16193679457770851,0.7810923708164546,1,0,24,24,"lam=1.0,rank=16"
vanillic acid,raw,3486,0.5010367320939128,0.5843530802548341,0.8722616635995127,1,0,24,24,"lam=1.0,rank=16"
vanillic acid,centered,3486,0.35562324139002166,0.36982100829983694,0.825065979734115,1,0,24,24,"lam=1.0,rank=16"
1-butyl-3-methylimidazolium chloride,raw,3484,0.5863587440124495,0.6446337564871361,0.811477012409954,1,0,32,pool,"lam=0.03162277660168379,rank=2"
1-butyl-3-methylimidazolium chloride,centered,3484,0.6362595367184382,0.6795862271262997,0.8292558297828654,1,0,32,pool,"lam=0.03162277660168379,rank=2"
"2-propenamide, 3-(4-hydroxyphenyl)-, (2e)-",raw,3485,0.5794821695232732,0.6950217985730227,0.9128873232893497,1,0,32,pool,"lam=0.03162277660168379,rank=2"
"2-propenamide, 3-(4-hydroxyphenyl)-, (2e)-",centered,3485,0.39415119458176545,0.5501480176276415,0.8808271018966328,1,0,32,pool,"lam=0.03162277660168379,rank=2"
4'-hydroxyacetophenone,raw,3507,0.6170664892498223,0.6707955768131431,0.8379928898821091,1,0,32,pool,"lam=0.03162277660168379,rank=2"
4'-hydroxyacetophenone,centered,3507,0.5524524738487289,0.58120090558237,0.7943510975172879,1,0,32,pool,"lam=0.03162277660168379,rank=2"
4-hydroxybenzoic acid,raw,3507,0.3230631272860711,0.37964259617834106,0.5007832696964534,1,0,32,pool,"lam=0.03162277660168379,rank=2"
4-hydroxybenzoic acid,centered,3507,-0.01176677635003155,0.02343708439864392,0.49775174760269264,1,0,32,pool,"lam=0.03162277660168379,rank=2"
crystal violet,raw,3387,0.2591234124073004,0.5347168450260924,0.9246970150673822,1,0,32,pool,"lam=0.03162277660168379,rank=2"
crystal violet,centered,3387,0.41351203240636614,0.6288124986387323,0.9223391675707808,1,0,32,pool,"lam=0.03162277660168379,rank=2"
ferulic acid,raw,3499,0.3629698699796434,0.557515438775276,0.9222047795661907,1,0,32,pool,"lam=0.03162277660168379,rank=2"
ferulic acid,centered,3499,0.26119939501740236,0.4519218456283733,0.9080060977912938,1,0,32,pool,"lam=0.03162277660168379,rank=2"
furfural,raw,3493,0.3055186936570284,0.3041194417248693,0.877833605571729,1,0,32,pool,"lam=0.03162277660168379,rank=2"
furfural,centered,3493,0.3847591455052348,0.30440732420813366,0.8763986094014646,1,0,32,pool,"lam=0.03162277660168379,rank=2"
myclobutanil,raw,3496,0.07134982127025347,0.15965280653369204,0.746076298727284,1,0,32,pool,"lam=0.03162277660168379,rank=2"
myclobutanil,centered,3496,0.1982568075887137,0.2786275867625832,0.7753715138115954,1,0,32,pool,"lam=0.03162277660168379,rank=2"
vanillic acid,raw,3486,0.5497370258628308,0.5756072517189653,0.8722616635995127,1,0,32,pool,"lam=0.03162277660168379,rank=2"
vanillic acid,centered,3486,0.2646704923460279,0.2958910510391053,0.8241144912313376,1,0,32,pool,"lam=0.03162277660168379,rank=2"
"2,4-dimethylimidazole",raw,3488,0.10394721049173744,-0.12106614562306928,0.7305743732158305,1,1,8,8,"lam=3.1622776601683795,rank=8"
"2,4-dimethylimidazole",centered,3488,0.49684425345308963,0.6935201794030947,0.9000235975269313,1,1,8,8,"lam=3.1622776601683795,rank=8"
azelaic acid,raw,3495,0.33773614449956163,0.25619551115479006,0.8670875046979807,1,1,8,8,"lam=3.1622776601683795,rank=8"
azelaic acid,centered,3495,0.26991290376710625,0.32199474976098497,0.8708359545722086,1,1,8,8,"lam=3.1622776601683795,rank=8"
benomyl,raw,3492,0.15030013946499468,-0.005199615076889402,0.8675396020249485,1,1,8,8,"lam=3.1622776601683795,rank=8"
benomyl,centered,3492,0.4959428863609517,0.5755939717406757,0.9248513584120089,1,1,8,8,"lam=3.1622776601683795,rank=8"
benzoic acid,raw,3489,-0.1410315233712967,-0.031522641885517934,0.685375384120187,1,1,8,8,"lam=3.1622776601683795,rank=8"
benzoic acid,centered,3489,0.7427828850340074,0.7665851827935172,0.8971917416613212,1,1,8,8,"lam=3.1622776601683795,rank=8"
cinnamic acid,raw,3500,0.08595737299378842,0.12634201210570822,0.8069010615379222,1,1,8,8,"lam=3.1622776601683795,rank=8"
cinnamic acid,centered,3500,0.6600822172895106,0.6572361386898052,0.8474915157688716,1,1,8,8,"lam=3.1622776601683795,rank=8"
ferulamide,raw,3489,-0.019165037471562733,0.3114465751595826,0.8930954305048072,1,1,8,8,"lam=3.1622776601683795,rank=8"
ferulamide,centered,3489,0.4406670271788711,0.5265565889402553,0.8852021776007585,1,1,8,8,"lam=3.1622776601683795,rank=8"
methylglyoxal,raw,3479,0.38454758273311446,0.21363509473980177,0.9178330549514648,1,1,8,8,"lam=3.1622776601683795,rank=8"
methylglyoxal,centered,3479,0.22967667712652667,0.4114205928368751,0.9251749535556386,1,1,8,8,"lam=3.1622776601683795,rank=8"
nonylacridine orange,raw,3505,0.6885554960489996,0.7300524306819732,0.8449681878437812,1,1,8,8,"lam=3.1622776601683795,rank=8"
nonylacridine orange,centered,3505,0.4945746475644862,0.5828437410260059,0.7328569855039261,1,1,8,8,"lam=3.1622776601683795,rank=8"
"2,4-dimethylimidazole",raw,3491,0.10596734604451576,-0.03524114996167192,0.7305743732158305,1,1,16,16,"lam=0.31622776601683794,rank=16"
"2,4-dimethylimidazole",centered,3491,0.41443245435288034,0.6139373862886002,0.8481703655417601,1,1,16,16,"lam=0.31622776601683794,rank=16"
azelaic acid,raw,3496,0.2943383955016439,0.3455824548915552,0.8670875046979807,1,1,16,16,"lam=0.31622776601683794,rank=16"
azelaic acid,centered,3496,0.03331929369442391,0.1587096823440755,0.8522324519323873,1,1,16,16,"lam=0.31622776601683794,rank=16"
benomyl,raw,3492,0.2390079365062227,0.12950395745191348,0.8675396020249485,1,1,16,16,"lam=0.31622776601683794,rank=16"
benomyl,centered,3492,0.21582299752820297,0.32314218298840763,0.893717155937532,1,1,16,16,"lam=0.31622776601683794,rank=16"
benzoic acid,raw,3489,0.1422406288770705,0.2020779790412199,0.685375384120187,1,1,16,16,"lam=0.31622776601683794,rank=16"
benzoic acid,centered,3489,0.5551311098969721,0.5534607233054021,0.8084169289997634,1,1,16,16,"lam=0.31622776601683794,rank=16"
cinnamic acid,raw,3503,0.08162015865562115,0.18166828325502224,0.8069010615379222,1,1,16,16,"lam=0.31622776601683794,rank=16"
cinnamic acid,centered,3503,0.07039028245258384,0.10382429371199313,0.8124269366222091,1,1,16,16,"lam=0.31622776601683794,rank=16"
ferulamide,raw,3490,0.24249298644139847,0.5916429292817754,0.8930954305048072,1,1,16,16,"lam=0.31622776601683794,rank=16"
ferulamide,centered,3490,0.3598607244371933,0.5967158264459849,0.8640940871949722,1,1,16,16,"lam=0.31622776601683794,rank=16"
methylglyoxal,raw,3481,0.24876033238426895,0.1115017320224652,0.9178330549514648,1,1,16,16,"lam=0.31622776601683794,rank=16"
methylglyoxal,centered,3481,0.011062138911722015,0.2057861343740713,0.9236300076515406,1,1,16,16,"lam=0.31622776601683794,rank=16"
nonylacridine orange,raw,3507,0.6648931775222063,0.7235354784986522,0.8449681878437812,1,1,16,16,"lam=0.31622776601683794,rank=16"
nonylacridine orange,centered,3507,0.5985299216735499,0.6884902708199877,0.799752264471624,1,1,16,16,"lam=0.31622776601683794,rank=16"
"2,4-dimethylimidazole",raw,3491,0.07508541043076,0.04684988228728036,0.7305743732158305,1,1,24,24,lam=0.1
"2,4-dimethylimidazole",centered,3491,0.2672384156607202,0.40360691142103794,0.8130870131370789,1,1,24,24,lam=0.1
azelaic acid,raw,3496,0.16859899755618896,0.2671778599642505,0.8670875046979807,1,1,24,24,lam=0.1
azelaic acid,centered,3496,-0.003503115613828601,0.1254588714283734,0.8541694944078835,1,1,24,24,lam=0.1
benomyl,raw,3492,0.30009493836879914,0.305068599066294,0.8675396020249485,1,1,24,24,lam=0.1
benomyl,centered,3492,0.2610220737488276,0.341255033736742,0.8763968037580891,1,1,24,24,lam=0.1
benzoic acid,raw,3490,0.34949707668791036,0.3204523693886838,0.685375384120187,1,1,24,24,lam=0.1
benzoic acid,centered,3490,0.4091813135763063,0.41549030812376825,0.7547479598955864,1,1,24,24,lam=0.1
cinnamic acid,raw,3503,0.07223275903483266,0.13976143780284211,0.8069010615379222,1,1,24,24,lam=0.1
cinnamic acid,centered,3503,-0.07715965333735908,-0.0315254914220293,0.8063934769425384,1,1,24,24,lam=0.1
ferulamide,raw,3490,0.5954121831819882,0.7490031916460997,0.8930954305048072,1,1,24,24,lam=0.1
ferulamide,centered,3490,0.6111351505049414,0.6998646058666348,0.8644471707610898,1,1,24,24,lam=0.1
methylglyoxal,raw,3481,0.1300175961180961,0.14185416863241407,0.9178330549514648,1,1,24,24,lam=0.1
methylglyoxal,centered,3481,-0.004937319450704599,0.2504610722699885,0.9212925247560224,1,1,24,24,lam=0.1
nonylacridine orange,raw,3507,0.6660973737385206,0.7392796799233421,0.8449681878437812,1,1,24,24,lam=0.1
nonylacridine orange,centered,3507,0.6172699671277081,0.7062456144558423,0.8169234889028328,1,1,24,24,lam=0.1
"2,4-dimethylimidazole",raw,3491,0.01977303317081599,-0.0032555053219523547,0.7305743732158305,1,1,33,pool,lam=0.03162277660168379
"2,4-dimethylimidazole",centered,3491,0.34226790867189455,0.4318596236263638,0.8327319817928159,1,1,33,pool,lam=0.03162277660168379
azelaic acid,raw,3496,0.09335230362168115,0.23151102334517618,0.8670875046979807,1,1,33,pool,lam=0.03162277660168379
azelaic acid,centered,3496,0.04081465250979548,0.11402157679649681,0.8486867844617119,1,1,33,pool,lam=0.03162277660168379
benomyl,raw,3492,0.3363333584385265,0.370943880011382,0.8675396020249485,1,1,33,pool,lam=0.03162277660168379
benomyl,centered,3492,0.40714457445933255,0.46707207642847304,0.8858892884910788,1,1,33,pool,lam=0.03162277660168379
benzoic acid,raw,3490,0.3838799140789515,0.3517091735649387,0.685375384120187,1,1,33,pool,lam=0.03162277660168379
benzoic acid,centered,3490,0.3026866476758922,0.36453900964601177,0.7302189227161497,1,1,33,pool,lam=0.03162277660168379
cinnamic acid,raw,3504,0.15999576499411697,0.2566980169855946,0.8069010615379222,1,1,33,pool,lam=0.03162277660168379
cinnamic acid,centered,3504,-0.03365425228618483,0.03454567998458096,0.783892263289116,1,1,33,pool,lam=0.03162277660168379
ferulamide,raw,3490,0.6231832897638939,0.7510946493842613,0.8930954305048072,1,1,33,pool,lam=0.03162277660168379
ferulamide,centered,3490,0.5459712195643177,0.6592507228092555,0.8585858925749198,1,1,33,pool,lam=0.03162277660168379
methylglyoxal,raw,3481,-0.08797690204906448,0.04603546361069327,0.9178330549514648,1,1,33,pool,lam=0.03162277660168379
methylglyoxal,centered,3481,-0.10758305461753827,0.13739546692278184,0.9257318774492264,1,1,33,pool,lam=0.03162277660168379
nonylacridine orange,raw,3507,0.6512861488548775,0.7271761093140648,0.8449681878437812,1,1,33,pool,lam=0.03162277660168379
nonylacridine orange,centered,3507,0.6347459921409934,0.7184381026171883,0.8336523661619658,1,1,33,pool,lam=0.03162277660168379
1-ethyl-3-methylimidazolium chloride,raw,3490,0.34611973629017256,-0.059393839768493426,0.898719369187085,1,2,8,8,"lam=0.1,rank=4"
1-ethyl-3-methylimidazolium chloride,centered,3490,0.01524294370052183,0.5107086393561274,0.9310040988532812,1,2,8,8,"lam=0.1,rank=4"
5-(hydroxymethyl)furfural,raw,3501,-0.06762172185119338,-0.057886716519454824,0.0,1,2,8,8,"lam=0.1,rank=4"
5-(hydroxymethyl)furfural,centered,3501,0.5390922685271842,0.6432649644380598,0.7668716151511461,1,2,8,8,"lam=0.1,rank=4"
gamma-valerolactone,raw,3470,-0.19053437418747524,-0.054400623015269496,0.8971840735794596,1,2,8,8,"lam=0.1,rank=4"
gamma-valerolactone,centered,3470,0.3604142386581549,0.4017303828979817,0.9170264780765972,1,2,8,8,"lam=0.1,rank=4"
levulinic acid,raw,3487,0.2031962655878456,0.16545615852077608,0.38592988486577784,1,2,8,8,"lam=0.1,rank=4"
levulinic acid,centered,3487,0.5508124507079262,0.7225741978577795,0.8180056287248793,1,2,8,8,"lam=0.1,rank=4"
methyl methanesulfonate,raw,3487,-0.09688724958749435,-0.0005828231339503915,0.9375622227212969,1,2,8,8,"lam=0.1,rank=4"
methyl methanesulfonate,centered,3487,0.4565594703378787,0.44389950209929385,0.9520324674661678,1,2,8,8,"lam=0.1,rank=4"
sinapic acid,raw,3492,0.43310240288690455,0.5393986652503193,0.5642822086005129,1,2,8,8,"lam=0.1,rank=4"
sinapic acid,centered,3492,0.3016310212204796,0.23463567040157562,0.5235160969356362,1,2,8,8,"lam=0.1,rank=4"
sodium acetate,raw,3506,0.30687292400754757,0.2380398123203906,0.6082211129787902,1,2,8,8,"lam=0.1,rank=4"
sodium acetate,centered,3506,0.43994560386075454,0.5536839514505489,0.7393423968792892,1,2,8,8,"lam=0.1,rank=4"
sodium butyrate,raw,3488,-0.053025289681432636,-0.09484320509751851,0.0,1,2,8,8,"lam=0.1,rank=4"
sodium butyrate,centered,3488,0.5564496865371052,0.7581289919188501,0.761337296821663,1,2,8,8,"lam=0.1,rank=4"
1-ethyl-3-methylimidazolium chloride,raw,3490,0.3269209427721019,-0.08328991609894452,0.898719369187085,1,2,16,16,"lam=0.31622776601683794,rank=16"
1-ethyl-3-methylimidazolium chloride,centered,3490,0.3666860134354195,0.6781698451374597,0.9266504281825632,1,2,16,16,"lam=0.31622776601683794,rank=16"
5-(hydroxymethyl)furfural,raw,3503,-0.019748531284793928,-0.034207027247540024,0.0,1,2,16,16,"lam=0.31622776601683794,rank=16"
5-(hydroxymethyl)furfural,centered,3503,0.43709132109734355,0.5582008476951709,0.6795038188198089,1,2,16,16,"lam=0.31622776601683794,rank=16"
gamma-valerolactone,raw,3471,-0.06919796082134336,0.03438013143905332,0.8971840735794596,1,2,16,16,"lam=0.31622776601683794,rank=16"
gamma-valerolactone,centered,3471,-0.12123395232303671,0.01047093146152058,0.9043634447171102,1,2,16,16,"lam=0.31622776601683794,rank=16"
levulinic acid,raw,3487,0.21405617755888018,0.16671454213425477,0.38592988486577784,1,2,16,16,"lam=0.31622776601683794,rank=16"
levulinic acid,centered,3487,0.35214177594047835,0.5779037760602077,0.7404268233579107,1,2,16,16,"lam=0.31622776601683794,rank=16"
methyl methanesulfonate,raw,3487,-0.06191900769163679,0.02057370229467582,0.9375622227212969,1,2,16,16,"lam=0.31622776601683794,rank=16"
methyl methanesulfonate,centered,3487,0.45542600435633623,0.40271019890278065,0.9462986213458914,1,2,16,16,"lam=0.31622776601683794,rank=16"
sinapic acid,raw,3493,0.4885976333048597,0.6660523019867086,0.5642822086005129,1,2,16,16,"lam=0.31622776601683794,rank=16"
sinapic acid,centered,3493,0.4182588381195321,0.45285723329141087,0.05886810334788621,1,2,16,16,"lam=0.31622776601683794,rank=16"
sodium acetate,raw,3510,0.3424248504006013,0.29100327472377197,0.6082211129787902,1,2,16,16,"lam=0.31622776601683794,rank=16"
sodium acetate,centered,3510,0.25405586321382534,0.41096222125273896,0.655953745547694,1,2,16,16,"lam=0.31622776601683794,rank=16"
sodium butyrate,raw,3489,0.10580152601789583,0.01921935734825293,0.0,1,2,16,16,"lam=0.31622776601683794,rank=16"
sodium butyrate,centered,3489,0.3222228480774567,0.6354337520069774,0.6175329245131832,1,2,16,16,"lam=0.31622776601683794,rank=16"
1-ethyl-3-methylimidazolium chloride,raw,3491,0.4617434982098012,0.1779463985880691,0.898719369187085,1,2,24,24,"lam=0.1,rank=16"
1-ethyl-3-methylimidazolium chloride,centered,3491,0.5167520938091058,0.7185508315350287,0.9147936022544808,1,2,24,24,"lam=0.1,rank=16"
5-(hydroxymethyl)furfural,raw,3505,0.18380518980228683,0.225935447612135,0.0,1,2,24,24,"lam=0.1,rank=16"
5-(hydroxymethyl)furfural,centered,3505,0.4227113923888642,0.45459443647907444,0.5598627335801927,1,2,24,24,"lam=0.1,rank=16"
gamma-valerolactone,raw,3471,-0.1315222532178286,0.018432547958171553,0.8971840735794596,1,2,24,24,"lam=0.1,rank=16"
gamma-valerolactone,centered,3471,-0.37303445510225935,-0.29016641981505964,0.8991790128692908,1,2,24,24,"lam=0.1,rank=16"
levulinic acid,raw,3487,0.21665931062851507,0.22274067434196307,0.38592988486577784,1,2,24,24,"lam=0.1,rank=16"
levulinic acid,centered,3487,0.17058603000668077,0.3285473297917453,0.6472184592781345,1,2,24,24,"lam=0.1,rank=16"
methyl methanesulfonate,raw,3487,-0.08590285143304453,0.07111168830957898,0.9375622227212969,1,2,24,24,"lam=0.1,rank=16"
methyl methanesulfonate,centered,3487,0.1046706488010819,0.30267998613153285,0.942231465143264,1,2,24,24,"lam=0.1,rank=16"
sinapic acid,raw,3493,0.5251390817763947,0.6843233042634227,0.5642822086005129,1,2,24,24,"lam=0.1,rank=16"
sinapic acid,centered,3493,0.3994012772646643,0.4576786746402702,0.0428705110496818,1,2,24,24,"lam=0.1,rank=16"
sodium acetate,raw,3510,0.29401755206841623,0.30274208430998445,0.6082211129787902,1,2,24,24,"lam=0.1,rank=16"
sodium acetate,centered,3510,0.15195926799297843,0.2814655033106273,0.6053601043271534,1,2,24,24,"lam=0.1,rank=16"
sodium butyrate,raw,3489,0.08215621679672537,0.024235548739534717,0.0,1,2,24,24,"lam=0.1,rank=16"
sodium butyrate,centered,3489,0.20825389599215743,0.489443138508461,0.45430798737543276,1,2,24,24,"lam=0.1,rank=16"
1-ethyl-3-methylimidazolium chloride,raw,3491,0.4234736349737554,0.5081280638195358,0.898719369187085,1,2,33,pool,"lam=0.1,rank=16"
1-ethyl-3-methylimidazolium chloride,centered,3491,0.4384395503828908,0.6847353094290973,0.9168123496399989,1,2,33,pool,"lam=0.1,rank=16"
5-(hydroxymethyl)furfural,raw,3505,0.26269931842779015,0.20388993993634064,0.0,1,2,33,pool,"lam=0.1,rank=16"
5-(hydroxymethyl)furfural,centered,3505,0.4104944095378663,0.4187417339942225,0.5292874155662355,1,2,33,pool,"lam=0.1,rank=16"
gamma-valerolactone,raw,3473,0.1549220861380166,0.22710416086084015,0.8971840735794596,1,2,33,pool,"lam=0.1,rank=16"
gamma-valerolactone,centered,3473,-0.26400867390489996,-0.17466265794112643,0.8890452902831322,1,2,33,pool,"lam=0.1,rank=16"
levulinic acid,raw,3487,0.2705903798809267,0.2630172856081082,0.38592988486577784,1,2,33,pool,"lam=0.1,rank=16"
levulinic acid,centered,3487,0.20410322110412488,0.3198548184051308,0.5910325375246532,1,2,33,pool,"lam=0.1,rank=16"
methyl methanesulfonate,raw,3489,0.14685489546516217,0.15778850975623948,0.9375622227212969,1,2,33,pool,"lam=0.1,rank=16"
methyl methanesulfonate,centered,3489,0.02980770899922591,0.2278564641539958,0.9381039702727801,1,2,33,pool,"lam=0.1,rank=16"
sinapic acid,raw,3493,0.517213702966055,0.6797402071758232,0.5642822086005129,1,2,33,pool,"lam=0.1,rank=16"
sinapic acid,centered,3493,0.4238855977353361,0.46854188414335635,0.07933482194825014,1,2,33,pool,"lam=0.1,rank=16"
sodium acetate,raw,3510,0.1564898713849468,0.1807402718963342,0.6082211129787902,1,2,33,pool,"lam=0.1,rank=16"
sodium acetate,centered,3510,0.08264617667702821,0.22238353893685506,0.6416764594276576,1,2,33,pool,"lam=0.1,rank=16"
sodium butyrate,raw,3490,0.05238017286374097,-0.0023829729287178926,0.0,1,2,33,pool,"lam=0.1,rank=16"
sodium butyrate,centered,3490,0.1495600571067387,0.4293406124958408,0.4154944587607023,1,2,33,pool,"lam=0.1,rank=16"
"2,2'-bipyridine",raw,3487,0.07841996152468841,-0.10478380125370813,0.9331732906177713,1,3,8,8,"lam=1000.0,rank=8"
"2,2'-bipyridine",centered,3487,0.24900303624488562,0.2847777461221689,0.9451815690609171,1,3,8,8,"lam=1000.0,rank=8"
"2,6-dimethylpyrazine",raw,3504,0.190031924418821,0.20359627269866645,0.8729821697732166,1,3,8,8,"lam=1000.0,rank=8"
"2,6-dimethylpyrazine",centered,3504,0.29687146062090186,0.24076809911948785,0.8698625248876463,1,3,8,8,"lam=1000.0,rank=8"
acetovanillone,raw,3506,0.049621372634624496,0.1053447045803744,0.9141428331679445,1,3,8,8,"lam=1000.0,rank=8"
acetovanillone,centered,3506,-0.11106235680811874,-0.05710265689845316,0.9169838282503785,1,3,8,8,"lam=1000.0,rank=8"
ethanol,raw,3485,0.11340059813592154,0.14417201586953604,0.9100766609130951,1,3,8,8,"lam=1000.0,rank=8"
ethanol,centered,3485,0.25805820586649597,0.15514917688958824,0.9093235644700992,1,3,8,8,"lam=1000.0,rank=8"
isobutanol,raw,3480,0.11634020509549485,0.16815853218852864,0.886756227316329,1,3,8,8,"lam=1000.0,rank=8"
isobutanol,centered,3480,0.030288393271452645,-0.011427871298006752,0.8864529085517611,1,3,8,8,"lam=1000.0,rank=8"
sodium glyoxylate,raw,3485,0.1711039314979133,0.18590981934993997,0.0,1,3,8,8,"lam=1000.0,rank=8"
sodium glyoxylate,centered,3485,0.34521612388056216,0.4697512637802862,0.0,1,3,8,8,"lam=1000.0,rank=8"
syringaldehyde,raw,3512,0.35563073713726057,0.43387448984340804,0.8382422102191949,1,3,8,8,"lam=1000.0,rank=8"
syringaldehyde,centered,3512,0.20547079931959897,0.1787487685851358,0.7963557970660727,1,3,8,8,"lam=1000.0,rank=8"
vanillin,raw,3503,0.2875765775584028,0.40804927681535896,0.8097403963300162,1,3,8,8,"lam=1000.0,rank=8"
vanillin,centered,3503,0.2155494656532668,0.17184859636420033,0.7665772330993205,1,3,8,8,"lam=1000.0,rank=8"
"2,2'-bipyridine",raw,3489,0.0007084335773218144,-0.25196931273920176,0.9331732906177713,1,3,16,16,"lam=1000.0,rank=8"
"2,2'-bipyridine",centered,3489,0.379776168325242,0.4174696613174629,0.9497092242713445,1,3,16,16,"lam=1000.0,rank=8"
"2,6-dimethylpyrazine",raw,3504,0.3183341302341948,0.32376225486371757,0.8729821697732166,1,3,16,16,"lam=1000.0,rank=8"
"2,6-dimethylpyrazine",centered,3504,0.11170570168076174,0.1268230816219399,0.8569339790227709,1,3,16,16,"lam=1000.0,rank=8"
acetovanillone,raw,3508,0.22969176777985562,0.37794936298085563,0.9141428331679445,1,3,16,16,"lam=1000.0,rank=8"
acetovanillone,centered,3508,0.3145510627552367,0.5316203988656005,0.8996354759815341,1,3,16,16,"lam=1000.0,rank=8"
ethanol,raw,3487,0.20420883276066013,0.21294438833093002,0.9100766609130951,1,3,16,16,"lam=1000.0,rank=8"
ethanol,centered,3487,-0.06925938453301776,-0.0077915019262871825,0.9057571697383465,1,3,16,16,"lam=1000.0,rank=8"
isobutanol,raw,3480,0.09863949896738929,0.14937894330226864,0.886756227316329,1,3,16,16,"lam=1000.0,rank=8"
isobutanol,centered,3480,0.17730390904202417,0.10410140870368326,0.8878339930400687,1,3,16,16,"lam=1000.0,rank=8"
sodium glyoxylate,raw,3488,0.10318080324307316,0.07116641969713833,0.0,1,3,16,16,"lam=1000.0,rank=8"
sodium glyoxylate,centered,3488,0.323899125936264,0.495775133848742,0.0,1,3,16,16,"lam=1000.0,rank=8"
syringaldehyde,raw,3513,0.46338653093974064,0.4930417593727906,0.8382422102191949,1,3,16,16,"lam=1000.0,rank=8"
syringaldehyde,centered,3513,0.39846435599539537,0.26266418863586494,0.7819933518950459,1,3,16,16,"lam=1000.0,rank=8"
vanillin,raw,3504,0.46873371825079085,0.5584327930516331,0.8097403963300162,1,3,16,16,"lam=1000.0,rank=8"
vanillin,centered,3504,0.21375607020364198,0.1919083647668101,0.7220272264345478,1,3,16,16,"lam=1000.0,rank=8"
"2,2'-bipyridine",raw,3489,0.26599356217783254,0.24162238029100705,0.9331732906177713,1,3,24,24,"lam=0.0031622776601683794,rank=2"
"2,2'-bipyridine",centered,3489,0.5110797285333832,0.7000322396286768,0.9516391806536464,1,3,24,24,"lam=0.0031622776601683794,rank=2"
"2,6-dimethylpyrazine",raw,3504,0.19761057573343074,0.20983675990239015,0.8729821697732166,1,3,24,24,"lam=0.0031622776601683794,rank=2"
"2,6-dimethylpyrazine",centered,3504,-0.045202766896766285,0.006128161758296219,0.8584589391127432,1,3,24,24,"lam=0.0031622776601683794,rank=2"
acetovanillone,raw,3509,0.6658478167255241,0.7093289150951505,0.9141428331679445,1,3,24,24,"lam=0.0031622776601683794,rank=2"
acetovanillone,centered,3509,0.61689300196072,0.596011692163483,0.8938303600580904,1,3,24,24,"lam=0.0031622776601683794,rank=2"
ethanol,raw,3487,0.3494722274435478,0.34265238941084974,0.9100766609130951,1,3,24,24,"lam=0.0031622776601683794,rank=2"
ethanol,centered,3487,0.1674453394030164,0.1375863617910767,0.9013733041978584,1,3,24,24,"lam=0.0031622776601683794,rank=2"
isobutanol,raw,3480,0.3134555542748412,0.37175253533276903,0.886756227316329,1,3,24,24,"lam=0.0031622776601683794,rank=2"
isobutanol,centered,3480,0.2850436654225559,0.21620296659073307,0.8754721073854641,1,3,24,24,"lam=0.0031622776601683794,rank=2"
sodium glyoxylate,raw,3490,0.20254017103395358,0.22260492234312387,0.0,1,3,24,24,"lam=0.0031622776601683794,rank=2"
sodium glyoxylate,centered,3490,0.46570242487696917,0.6650365416272825,0.0,1,3,24,24,"lam=0.0031622776601683794,rank=2"
syringaldehyde,raw,3514,0.12656770082686694,0.3034289429919862,0.8382422102191949,1,3,24,24,"lam=0.0031622776601683794,rank=2"
syringaldehyde,centered,3514,-0.22318330293305308,-0.0828436671558769,0.7962423460776222,1,3,24,24,"lam=0.0031622776601683794,rank=2"
vanillin,raw,3505,0.5210904161085645,0.5890841868050104,0.8097403963300162,1,3,24,24,"lam=0.0031622776601683794,rank=2"
vanillin,centered,3505,0.2359275802118133,0.27316042240785315,0.7025673814102043,1,3,24,24,"lam=0.0031622776601683794,rank=2"
"2,2'-bipyridine",raw,3489,0.11154009318422912,-0.10610975814715785,0.9331732906177713,1,3,33,pool,lam=0.31622776601683794
"2,2'-bipyridine",centered,3489,0.5605392498291712,0.6974113112925227,0.9491678055239965,1,3,33,pool,lam=0.31622776601683794
"2,6-dimethylpyrazine",raw,3504,0.06115823968667372,0.17623656957538217,0.8729821697732166,1,3,33,pool,lam=0.31622776601683794
"2,6-dimethylpyrazine",centered,3504,0.24014940999983936,0.17680653151497916,0.873539479693467,1,3,33,pool,lam=0.31622776601683794
acetovanillone,raw,3509,0.4607909548680845,0.5503204777724807,0.9141428331679445,1,3,33,pool,lam=0.31622776601683794
acetovanillone,centered,3509,0.5833958586452663,0.6804631424242598,0.8942413274157337,1,3,33,pool,lam=0.31622776601683794
ethanol,raw,3487,0.14397338619846423,0.22100361830578785,0.9100766609130951,1,3,33,pool,lam=0.31622776601683794
ethanol,centered,3487,0.34543624774809684,0.21913071661841024,0.9068810672420646,1,3,33,pool,lam=0.31622776601683794
isobutanol,raw,3480,0.3508178487048966,0.3409591890152098,0.886756227316329,1,3,33,pool,lam=0.31622776601683794
isobutanol,centered,3480,0.16200007260218094,0.21292728070993425,0.8740236766683434,1,3,33,pool,lam=0.31622776601683794
sodium glyoxylate,raw,3490,0.08853103630926844,0.0765676407657867,0.0,1,3,33,pool,lam=0.31622776601683794
sodium glyoxylate,centered,3490,0.3285094778581616,0.46517386589052356,0.0,1,3,33,pool,lam=0.31622776601683794
syringaldehyde,raw,3514,0.22645228313224064,0.3822494200962646,0.8382422102191949,1,3,33,pool,lam=0.31622776601683794
syringaldehyde,centered,3514,0.1750924435767248,0.17976693209251934,0.815206887225573,1,3,33,pool,lam=0.31622776601683794
vanillin,raw,3505,0.45502924846137494,0.5877135615959366,0.8097403963300162,1,3,33,pool,lam=0.31622776601683794
vanillin,centered,3505,0.43245014682307203,0.4624765201502212,0.7298831011607608,1,3,33,pool,lam=0.31622776601683794
2-methylimidazole,raw,3486,0.06636809447326641,-0.013738611448693526,0.15199773365650238,1,4,8,8,"lam=1000.0,rank=2"
2-methylimidazole,centered,3486,0.5550925978602822,0.6782050871753479,0.8613173166949917,1,4,8,8,"lam=1000.0,rank=2"
4-hydroxybenzaldehyde,raw,3490,0.2489675805894211,0.3495047096552857,0.8136005615775869,1,4,8,8,"lam=1000.0,rank=2"
4-hydroxybenzaldehyde,centered,3490,0.4877439829862577,0.4136947708224578,0.8098877938276703,1,4,8,8,"lam=1000.0,rank=2"
4-methylimidazole,raw,3500,0.020382743494801216,0.003705150115131983,0.12769961661112678,1,4,8,8,"lam=1000.0,rank=2"
4-methylimidazole,centered,3500,0.3864568526320463,0.5073619642283536,0.797584486119436,1,4,8,8,"lam=1000.0,rank=2"
acetamide,raw,3487,0.018584120812311204,0.020342091335735474,0.5260040030106069,1,4,8,8,"lam=1000.0,rank=2"
acetamide,centered,3487,0.5262479187273086,0.6301651484560221,0.8571687425091074,1,4,8,8,"lam=1000.0,rank=2"
acetosyringone,raw,3492,0.15101301175933757,0.4063165190283433,0.8953367924490198,1,4,8,8,"lam=1000.0,rank=2"
acetosyringone,centered,3492,0.011903672636554744,-0.11390381101063543,0.8733624630299027,1,4,8,8,"lam=1000.0,rank=2"
caffeic acid,raw,3494,0.06922512503318409,0.12260126432995636,0.672719508661378,1,4,8,8,"lam=1000.0,rank=2"
caffeic acid,centered,3494,0.5373274365357413,0.5754355037861817,0.8122995537987792,1,4,8,8,"lam=1000.0,rank=2"
p-coumaric acid,raw,3509,0.09444739586483279,0.3025959768048499,0.27549278107492503,1,4,8,8,"lam=1000.0,rank=2"
p-coumaric acid,centered,3509,0.3313209530582304,0.33445810756614963,0.3518507383283753,1,4,8,8,"lam=1000.0,rank=2"
syringic acid,raw,3499,0.09317390546492123,0.2628361945142521,0.8765976686189016,1,4,8,8,"lam=1000.0,rank=2"
syringic acid,centered,3499,0.6950001377507026,0.5911516789894692,0.8810083046029455,1,4,8,8,"lam=1000.0,rank=2"
2-methylimidazole,raw,3488,0.10488648665504292,0.011513363466564352,0.15199773365650238,1,4,16,16,"lam=31.622776601683793,rank=16"
2-methylimidazole,centered,3488,0.5205622412486186,0.739257381426105,0.8157468511860305,1,4,16,16,"lam=31.622776601683793,rank=16"
4-hydroxybenzaldehyde,raw,3492,0.45457575700929104,0.5493220135875553,0.8136005615775869,1,4,16,16,"lam=31.622776601683793,rank=16"
4-hydroxybenzaldehyde,centered,3492,0.3645694548522213,0.3860723461020928,0.719066733799805,1,4,16,16,"lam=31.622776601683793,rank=16"
4-methylimidazole,raw,3500,0.04906833062948472,0.006777675194406842,0.12769961661112678,1,4,16,16,"lam=31.622776601683793,rank=16"
4-methylimidazole,centered,3500,0.3665432608956598,0.5406760100466386,0.7433189322308179,1,4,16,16,"lam=31.622776601683793,rank=16"
acetamide,raw,3489,0.14170688590214797,0.09670965980745684,0.5260040030106069,1,4,16,16,"lam=31.622776601683793,rank=16"
acetamide,centered,3489,0.30915796845929205,0.4424615446770573,0.8048629059088075,1,4,16,16,"lam=31.622776601683793,rank=16"
acetosyringone,raw,3492,0.2047205050604295,0.4848798684067413,0.8953367924490198,1,4,16,16,"lam=31.622776601683793,rank=16"
acetosyringone,centered,3492,0.10819459022677971,0.2915931804352008,0.8647355144764562,1,4,16,16,"lam=31.622776601683793,rank=16"
caffeic acid,raw,3495,0.18842524368513253,0.19851332070502392,0.672719508661378,1,4,16,16,"lam=31.622776601683793,rank=16"
caffeic acid,centered,3495,0.12198610301262325,0.0916478606806698,0.7579926027710772,1,4,16,16,"lam=31.622776601683793,rank=16"
p-coumaric acid,raw,3510,0.3175008123385931,0.49860554921244205,0.27549278107492503,1,4,16,16,"lam=31.622776601683793,rank=16"
p-coumaric acid,centered,3510,0.30567108891925926,0.30283649103357463,0.0,1,4,16,16,"lam=31.622776601683793,rank=16"
syringic acid,raw,3500,0.2723848237282072,0.3850482408326782,0.8765976686189016,1,4,16,16,"lam=31.622776601683793,rank=16"
syringic acid,centered,3500,0.5726022619267153,0.5082073135527184,0.8559245975650442,1,4,16,16,"lam=31.622776601683793,rank=16"
2-methylimidazole,raw,3488,0.17296240917682168,0.11855967802851629,0.15199773365650238,1,4,24,24,lam=31.622776601683793
2-methylimidazole,centered,3488,0.3367414226189438,0.6012459710654176,0.7290020393772634,1,4,24,24,lam=31.622776601683793
4-hydroxybenzaldehyde,raw,3492,0.3691741093250902,0.49459989998256443,0.8136005615775869,1,4,24,24,lam=31.622776601683793
4-hydroxybenzaldehyde,centered,3492,0.35757563196984915,0.45046021061417235,0.7440311865249437,1,4,24,24,lam=31.622776601683793
4-methylimidazole,raw,3500,0.013543779904448506,-0.029512127327905896,0.12769961661112678,1,4,24,24,lam=31.622776601683793
4-methylimidazole,centered,3500,0.2206160873272608,0.36391710719054304,0.6944505251142751,1,4,24,24,lam=31.622776601683793
acetamide,raw,3489,0.12888539242505762,0.10992490836384412,0.5260040030106069,1,4,24,24,lam=31.622776601683793
acetamide,centered,3489,0.2235801266308065,0.2882339650178353,0.75427484072627,1,4,24,24,lam=31.622776601683793
acetosyringone,raw,3492,0.2183240551190523,0.5042582773187408,0.8953367924490198,1,4,24,24,lam=31.622776601683793
acetosyringone,centered,3492,0.14028642336324507,0.374959312500827,0.8662125619712145,1,4,24,24,lam=31.622776601683793
caffeic acid,raw,3496,0.30634300196301684,0.3263912891914221,0.672719508661378,1,4,24,24,lam=31.622776601683793
caffeic acid,centered,3496,0.0444927405826095,-0.0851992702606226,0.669849880061642,1,4,24,24,lam=31.622776601683793
p-coumaric acid,raw,3510,0.4018260968825123,0.5416318192313267,0.27549278107492503,1,4,24,24,lam=31.622776601683793
p-coumaric acid,centered,3510,0.25823176233592576,0.2667553265977657,0.0,1,4,24,24,lam=31.622776601683793
syringic acid,raw,3500,0.29017659194444484,0.3811377103924746,0.8765976686189016,1,4,24,24,lam=31.622776601683793
syringic acid,centered,3500,0.5604906792703762,0.47354928153380965,0.8544425756168941,1,4,24,24,lam=31.622776601683793
2-methylimidazole,raw,3488,0.22325193117693673,0.3249382310282256,0.15199773365650238,1,4,33,pool,"lam=0.03162277660168379,rank=16"
2-methylimidazole,centered,3488,0.33197959839875585,0.5404373197314625,0.6165798690293909,1,4,33,pool,"lam=0.03162277660168379,rank=16"
4-hydroxybenzaldehyde,raw,3492,0.5369004039519448,0.6188606476593014,0.8136005615775869,1,4,33,pool,"lam=0.03162277660168379,rank=16"
4-hydroxybenzaldehyde,centered,3492,0.372993805726257,0.4381960508260606,0.746178085575299,1,4,33,pool,"lam=0.03162277660168379,rank=16"
4-methylimidazole,raw,3501,-0.06917141602941124,-0.13377279516205828,0.12769961661112678,1,4,33,pool,"lam=0.03162277660168379,rank=16"
4-methylimidazole,centered,3501,0.18344983413286944,0.2729597358141619,0.6141195281836963,1,4,33,pool,"lam=0.03162277660168379,rank=16"
acetamide,raw,3489,0.24426987016972204,0.24112671299109592,0.5260040030106069,1,4,33,pool,"lam=0.03162277660168379,rank=16"
acetamide,centered,3489,0.2324020155381521,0.23086172579979952,0.6866303993435534,1,4,33,pool,"lam=0.03162277660168379,rank=16"
acetosyringone,raw,3492,0.6062271176812434,0.7694788683867565,0.8953367924490198,1,4,33,pool,"lam=0.03162277660168379,rank=16"
acetosyringone,centered,3492,0.5838388107843816,0.7016293831144805,0.8698090092048968,1,4,33,pool,"lam=0.03162277660168379,rank=16"
caffeic acid,raw,3496,0.19491760630812513,0.20563699410570394,0.672719508661378,1,4,33,pool,"lam=0.03162277660168379,rank=16"
caffeic acid,centered,3496,-0.029196680183905414,-0.11091527675401221,0.6373670032191323,1,4,33,pool,"lam=0.03162277660168379,rank=16"
p-coumaric acid,raw,3510,0.433851251927368,0.5826421939118263,0.27549278107492503,1,4,33,pool,"lam=0.03162277660168379,rank=16"
p-coumaric acid,centered,3510,0.30397984848583015,0.3614493134210907,0.0,1,4,33,pool,"lam=0.03162277660168379,rank=16"
syringic acid,raw,3500,0.4936304248094808,0.5141828874115033,0.8765976686189016,1,4,33,pool,"lam=0.03162277660168379,rank=16"
syringic acid,centered,3500,0.4449390722166007,0.4007631972473862,0.8584531456857164,1,4,33,pool,"lam=0.03162277660168379,rank=16"
"2,4-dimethylimidazole",raw,3490,-0.23454119312679347,-0.25190126282785014,0.7305743732158305,2,0,8,8,"lam=0.001,rank=8"
"2,4-dimethylimidazole",centered,3490,0.1608596321507026,0.23465164226576993,0.8841767190270016,2,0,8,8,"lam=0.001,rank=8"
2-methylimidazole,raw,3486,-0.013296598870110981,-0.052234303801335265,0.15199773365650238,2,0,8,8,"lam=0.001,rank=8"
2-methylimidazole,centered,3486,-0.1687453932617525,-0.09471059030508772,0.7881387926750169,2,0,8,8,"lam=0.001,rank=8"
"2-propenamide, 3-(4-hydroxyphenyl)-, (2e)-",raw,3483,0.22782549279704667,0.3984291324768037,0.9128873232893497,2,0,8,8,"lam=0.001,rank=8"
"2-propenamide, 3-(4-hydroxyphenyl)-, (2e)-",centered,3483,-0.16318891187319817,0.0936739161356024,0.8910167934851982,2,0,8,8,"lam=0.001,rank=8"
4'-hydroxyacetophenone,raw,3504,0.726426819333873,0.8141668208834414,0.8379928898821091,2,0,8,8,"lam=0.001,rank=8"
4'-hydroxyacetophenone,centered,3504,0.6643807357514588,0.7289637897183321,0.7686579220988206,2,0,8,8,"lam=0.001,rank=8"
ferulic acid,raw,3498,0.3710990720684769,0.45564499794036867,0.9222047795661907,2,0,8,8,"lam=0.001,rank=8"
ferulic acid,centered,3498,0.3118574344524291,0.32038288007288723,0.9055152589452526,2,0,8,8,"lam=0.001,rank=8"
furfural,raw,3490,0.15261989927351904,0.16322776543858425,0.877833605571729,2,0,8,8,"lam=0.001,rank=8"
furfural,centered,3490,0.12468493697939279,0.20756107137795035,0.8951006576049568,2,0,8,8,"lam=0.001,rank=8"
levulinic acid,raw,3487,0.19462225934544602,0.21011110688172094,0.38592988486577784,2,0,8,8,"lam=0.001,rank=8"
levulinic acid,centered,3487,-0.2795974051061399,-0.30349250905226355,0.6661894566920668,2,0,8,8,"lam=0.001,rank=8"
p-coumaric acid,raw,3508,0.04008666956238866,0.1409086630537175,0.27549278107492503,2,0,8,8,"lam=0.001,rank=8"
p-coumaric acid,centered,3508,-0.06848927648080977,-0.0909709237211441,0.31294045759359485,2,0,8,8,"lam=0.001,rank=8"
sinapic acid,raw,3491,0.2896636969603774,0.33643049526383123,0.5642822086005129,2,0,8,8,"lam=0.001,rank=8"
sinapic acid,centered,3491,0.2944833858535576,0.2618527406427542,0.5688519917430092,2,0,8,8,"lam=0.001,rank=8"
"2,4-dimethylimidazole",raw,3491,-0.20122856649932114,-0.36644153061980916,0.7305743732158305,2,0,16,16,"lam=1000.0,rank=16"
"2,4-dimethylimidazole",centered,3491,0.06285918204061472,0.44070433794292374,0.8998383860328734,2,0,16,16,"lam=1000.0,rank=16"
2-methylimidazole,raw,3488,0.10388510872367293,0.02920235045352121,0.15199773365650238,2,0,16,16,"lam=1000.0,rank=16"
2-methylimidazole,centered,3488,0.023249327150064558,0.3808149525745853,0.7983632746555983,2,0,16,16,"lam=1000.0,rank=16"
"2-propenamide, 3-(4-hydroxyphenyl)-, (2e)-",raw,3485,0.48451235957964073,0.605726554914749,0.9128873232893497,2,0,16,16,"lam=1000.0,rank=16"
"2-propenamide, 3-(4-hydroxyphenyl)-, (2e)-",centered,3485,0.3810301008358964,0.44370672441570996,0.8638759639060032,2,0,16,16,"lam=1000.0,rank=16"
4'-hydroxyacetophenone,raw,3506,0.40085476371603324,0.5680726252664027,0.8379928898821091,2,0,16,16,"lam=1000.0,rank=16"
4'-hydroxyacetophenone,centered,3506,0.5811321666059299,0.6602119112989085,0.7559871070886347,2,0,16,16,"lam=1000.0,rank=16"
ferulic acid,raw,3498,0.23904609954309358,0.45179306578458933,0.9222047795661907,2,0,16,16,"lam=1000.0,rank=16"
ferulic acid,centered,3498,0.36297346218472587,0.3777071179764929,0.9027823104192249,2,0,16,16,"lam=1000.0,rank=16"
furfural,raw,3493,0.0918550645429503,0.07609266005198506,0.877833605571729,2,0,16,16,"lam=1000.0,rank=16"
furfural,centered,3493,0.1827797090410137,0.30132004457509015,0.8998344034431338,2,0,16,16,"lam=1000.0,rank=16"
levulinic acid,raw,3487,0.25884258858977455,0.21228604790874564,0.38592988486577784,2,0,16,16,"lam=1000.0,rank=16"
levulinic acid,centered,3487,0.011136538466824502,0.30641240399464126,0.678930563875886,2,0,16,16,"lam=1000.0,rank=16"
p-coumaric acid,raw,3510,0.17115244264730028,0.33545758669079495,0.27549278107492503,2,0,16,16,"lam=1000.0,rank=16"
p-coumaric acid,centered,3510,0.05445795053110708,-0.006363352963830293,0.10240711312178555,2,0,16,16,"lam=1000.0,rank=16"
sinapic acid,raw,3492,0.2144572829053533,0.4320094332933803,0.5642822086005129,2,0,16,16,"lam=1000.0,rank=16"
sinapic acid,centered,3492,0.16756874682951067,0.1705441395116424,0.4370166095895275,2,0,16,16,"lam=1000.0,rank=16"
"2,4-dimethylimidazole",raw,3491,-0.1197986721303055,-0.2199174528888886,0.7305743732158305,2,0,24,24,lam=1000.0
"2,4-dimethylimidazole",centered,3491,0.2803823383426599,0.5174453903592866,0.8597553997437656,2,0,24,24,lam=1000.0
2-methylimidazole,raw,3488,0.13621945512335704,0.08911534746273196,0.15199773365650238,2,0,24,24,lam=1000.0
2-methylimidazole,centered,3488,0.1751387918101221,0.4426034003686388,0.6947774730776594,2,0,24,24,lam=1000.0
"2-propenamide, 3-(4-hydroxyphenyl)-, (2e)-",raw,3485,0.4499271648406202,0.5883776585438862,0.9128873232893497,2,0,24,24,lam=1000.0
"2-propenamide, 3-(4-hydroxyphenyl)-, (2e)-",centered,3485,0.4176695442373328,0.5276949272221024,0.87484749800326,2,0,24,24,lam=1000.0
4'-hydroxyacetophenone,raw,3506,0.3971793806052136,0.5300326517708781,0.8379928898821091,2,0,24,24,lam=1000.0
4'-hydroxyacetophenone,centered,3506,0.6639309226356344,0.7410319183965416,0.7784738821782865,2,0,24,24,lam=1000.0
ferulic acid,raw,3499,0.3021585617391571,0.48565442903114014,0.9222047795661907,2,0,24,24,lam=1000.0
ferulic acid,centered,3499,0.34402594111146967,0.48303092260107644,0.9033365056396223,2,0,24,24,lam=1000.0
furfural,raw,3493,0.11435778542029709,0.11100854724150219,0.877833605571729,2,0,24,24,lam=1000.0
furfural,centered,3493,0.34347617007197906,0.33905943933105775,0.8875415961451466,2,0,24,24,lam=1000.0
levulinic acid,raw,3487,0.2934851606354682,0.27120613626081586,0.38592988486577784,2,0,24,24,lam=1000.0
levulinic acid,centered,3487,0.051621583544146886,0.1709266076274955,0.5308712655951562,2,0,24,24,lam=1000.0
p-coumaric acid,raw,3510,0.2780190830078134,0.4258458291581754,0.27549278107492503,2,0,24,24,lam=1000.0
p-coumaric acid,centered,3510,0.008721576463799964,-0.009867640245638087,0.0,2,0,24,24,lam=1000.0
sinapic acid,raw,3493,0.2813806931855787,0.47521985837693914,0.5642822086005129,2,0,24,24,lam=1000.0
sinapic acid,centered,3493,0.1347178940329173,0.2570932894015444,0.34596429598709616,2,0,24,24,lam=1000.0
"2,4-dimethylimidazole",raw,3491,0.048774812080411165,-0.040207799643354844,0.7305743732158305,2,0,32,pool,"lam=1000.0,rank=16"
"2,4-dimethylimidazole",centered,3491,0.08670061413714587,0.3204449354819645,0.8229137348628133,2,0,32,pool,"lam=1000.0,rank=16"
2-methylimidazole,raw,3488,0.20803399429009634,0.1823371773190683,0.15199773365650238,2,0,32,pool,"lam=1000.0,rank=16"
2-methylimidazole,centered,3488,0.17093730646183766,0.39874080009055446,0.6024605878402992,2,0,32,pool,"lam=1000.0,rank=16"
"2-propenamide, 3-(4-hydroxyphenyl)-, (2e)-",raw,3485,0.35700038665477857,0.5381862022235177,0.9128873232893497,2,0,32,pool,"lam=1000.0,rank=16"
"2-propenamide, 3-(4-hydroxyphenyl)-, (2e)-",centered,3485,0.5358930314289128,0.5973867538593859,0.883457280259025,2,0,32,pool,"lam=1000.0,rank=16"
4'-hydroxyacetophenone,raw,3507,0.37895062512591876,0.4725251161721056,0.8379928898821091,2,0,32,pool,"lam=1000.0,rank=16"
4'-hydroxyacetophenone,centered,3507,0.6399188859945056,0.7287493905326732,0.7935960254022186,2,0,32,pool,"lam=1000.0,rank=16"
ferulic acid,raw,3499,0.2028761498639672,0.3973966442299825,0.9222047795661907,2,0,32,pool,"lam=1000.0,rank=16"
ferulic acid,centered,3499,0.36309890647511645,0.4889820504378685,0.9096820756778564,2,0,32,pool,"lam=1000.0,rank=16"
furfural,raw,3493,0.1690444803648592,0.1770969611015844,0.877833605571729,2,0,32,pool,"lam=1000.0,rank=16"
furfural,centered,3493,0.27308537942823824,0.2447969357000627,0.8788688565797801,2,0,32,pool,"lam=1000.0,rank=16"
levulinic acid,raw,3487,0.2627817510672084,0.22798067148754456,0.38592988486577784,2,0,32,pool,"lam=1000.0,rank=16"
levulinic acid,centered,3487,0.1614827965173636,0.27134517267731234,0.5248811647424081,2,0,32,pool,"lam=1000.0,rank=16"
p-coumaric acid,raw,3510,0.33458077194954866,0.4456355004143027,0.27549278107492503,2,0,32,pool,"lam=1000.0,rank=16"
p-coumaric acid,centered,3510,0.14425017076692195,0.20537076576653848,0.0,2,0,32,pool,"lam=1000.0,rank=16"
sinapic acid,raw,3493,0.26565394522455354,0.4480430338333015,0.5642822086005129,2,0,32,pool,"lam=1000.0,rank=16"
sinapic acid,centered,3493,0.34404896200716517,0.4240847225247551,0.3846465212693307,2,0,32,pool,"lam=1000.0,rank=16"
4-hydroxybenzoic acid,raw,3506,0.08948243870262983,0.0934967748197334,0.5007832696964534,2,1,8,8,"lam=1000.0,rank=2,clip=3.0"
4-hydroxybenzoic acid,centered,3506,0.04864608495020238,0.09365993009610643,0.8006999679799962,2,1,8,8,"lam=1000.0,rank=2,clip=3.0"
4-methylimidazole,raw,3501,-0.04495744278193969,-0.1778593583169211,0.12769961661112678,2,1,8,8,"lam=1000.0,rank=2,clip=3.0"
4-methylimidazole,centered,3501,-0.03046750236983777,-0.018646689057752897,0.7978855596391479,2,1,8,8,"lam=1000.0,rank=2,clip=3.0"
acetamide,raw,3487,0.15914124572745394,0.1465340611727288,0.5260040030106069,2,1,8,8,"lam=1000.0,rank=2,clip=3.0"
acetamide,centered,3487,-0.19628820072740427,-0.05181544489742739,0.8015252323836343,2,1,8,8,"lam=1000.0,rank=2,clip=3.0"
acetovanillone,raw,3506,-0.08046905977279792,0.08273689154229821,0.9141428331679445,2,1,8,8,"lam=1000.0,rank=2,clip=3.0"
acetovanillone,centered,3506,0.4565483457151994,0.470842625329292,0.9249148708690307,2,1,8,8,"lam=1000.0,rank=2,clip=3.0"
gamma-valerolactone,raw,3471,0.5066228625570868,0.415416409931507,0.8971840735794596,2,1,8,8,"lam=1000.0,rank=2,clip=3.0"
gamma-valerolactone,centered,3471,-0.04891872267727864,-0.04853337908537793,0.8756566028981749,2,1,8,8,"lam=1000.0,rank=2,clip=3.0"
sodium acetate,raw,3509,-0.011073931651224257,0.019355803636090085,0.6082211129787902,2,1,8,8,"lam=1000.0,rank=2,clip=3.0"
sodium acetate,centered,3509,-0.18233600995510188,-0.23486239384675653,0.7501791905099328,2,1,8,8,"lam=1000.0,rank=2,clip=3.0"
syringaldehyde,raw,3512,0.4998245125593981,0.4177517336294258,0.8382422102191949,2,1,8,8,"lam=1000.0,rank=2,clip=3.0"
syringaldehyde,centered,3512,0.0660548418902306,0.21704601701009954,0.8082336329341753,2,1,8,8,"lam=1000.0,rank=2,clip=3.0"
syringic acid,raw,3499,0.4109791727520567,0.31356710296443674,0.8765976686189016,2,1,8,8,"lam=1000.0,rank=2,clip=3.0"
syringic acid,centered,3499,0.17854704928820986,0.22662323689691835,0.8682214491007829,2,1,8,8,"lam=1000.0,rank=2,clip=3.0"
4-hydroxybenzoic acid,raw,3507,0.10181393690158011,0.10335599248743498,0.5007832696964534,2,1,16,16,"lam=1000.0,rank=2"
4-hydroxybenzoic acid,centered,3507,0.1761578292845888,0.26638579477459384,0.7107471674934772,2,1,16,16,"lam=1000.0,rank=2"
4-methylimidazole,raw,3501,-0.03912716647794216,-0.15408216125954727,0.12769961661112678,2,1,16,16,"lam=1000.0,rank=2"
4-methylimidazole,centered,3501,0.10979501380006416,0.019792896509899637,0.7013994202341459,2,1,16,16,"lam=1000.0,rank=2"
acetamide,raw,3489,0.18146213916636036,0.16670048479391494,0.5260040030106069,2,1,16,16,"lam=1000.0,rank=2"
acetamide,centered,3489,-0.25511939865624006,-0.2273735264683947,0.7036601651035238,2,1,16,16,"lam=1000.0,rank=2"
acetovanillone,raw,3508,-0.137954412563325,0.005843598799290449,0.9141428331679445,2,1,16,16,"lam=1000.0,rank=2"
acetovanillone,centered,3508,0.06125219333405107,0.3075198067536369,0.9229048975995251,2,1,16,16,"lam=1000.0,rank=2"
gamma-valerolactone,raw,3473,0.5220319872849376,0.4347497883079559,0.8971840735794596,2,1,16,16,"lam=1000.0,rank=2"
gamma-valerolactone,centered,3473,-0.09145999910605111,-0.1164666235698412,0.8780669471126787,2,1,16,16,"lam=1000.0,rank=2"
sodium acetate,raw,3509,-0.036190588350462974,-0.014029519340724403,0.6082211129787902,2,1,16,16,"lam=1000.0,rank=2"
sodium acetate,centered,3509,-0.4314972454165271,-0.5411855365131762,0.7069215165969774,2,1,16,16,"lam=1000.0,rank=2"
syringaldehyde,raw,3513,0.47209806307790636,0.4042614415079112,0.8382422102191949,2,1,16,16,"lam=1000.0,rank=2"
syringaldehyde,centered,3513,0.34659747745872016,0.40434930292616955,0.803089827465494,2,1,16,16,"lam=1000.0,rank=2"
syringic acid,raw,3500,0.41338564885946993,0.3492101802482895,0.8765976686189016,2,1,16,16,"lam=1000.0,rank=2"
syringic acid,centered,3500,0.41449162240747944,0.36991331916222575,0.8582934820050251,2,1,16,16,"lam=1000.0,rank=2"
4-hydroxybenzoic acid,raw,3507,0.07151544892097847,0.09577339639369788,0.5007832696964534,2,1,24,24,lam=1000.0
4-hydroxybenzoic acid,centered,3507,0.28523629034924536,0.2873282865107231,0.6724416773645874,2,1,24,24,lam=1000.0
4-methylimidazole,raw,3501,-0.04473252987520413,-0.15564778649065605,0.12769961661112678,2,1,24,24,lam=1000.0
4-methylimidazole,centered,3501,0.12619708402990815,0.0972065994470266,0.6552048566889991,2,1,24,24,lam=1000.0
acetamide,raw,3489,0.17438772531551297,0.1679504203332681,0.5260040030106069,2,1,24,24,lam=1000.0
acetamide,centered,3489,0.0750639976218807,0.026163390483604596,0.6604516271443396,2,1,24,24,lam=1000.0
acetovanillone,raw,3508,0.08700811840025847,0.15276660549456925,0.9141428331679445,2,1,24,24,lam=1000.0
acetovanillone,centered,3508,0.3448679770655764,0.5199481727297313,0.9136984133208528,2,1,24,24,lam=1000.0
gamma-valerolactone,raw,3473,0.324173595614452,0.3413935169811663,0.8971840735794596,2,1,24,24,lam=1000.0
gamma-valerolactone,centered,3473,0.2957858115028765,0.11110926155245696,0.8855007559366772,2,1,24,24,lam=1000.0
sodium acetate,raw,3509,0.08800742310019644,0.06060198857484229,0.6082211129787902,2,1,24,24,lam=1000.0
sodium acetate,centered,3509,0.015706631204749258,0.08491050882796972,0.6648497313209155,2,1,24,24,lam=1000.0
syringaldehyde,raw,3513,0.22946326534732114,0.2768622231587089,0.8382422102191949,2,1,24,24,lam=1000.0
syringaldehyde,centered,3513,0.39982915891916126,0.48713197772233474,0.8252709792768143,2,1,24,24,lam=1000.0
syringic acid,raw,3500,0.16080266838039278,0.20806437879384285,0.8765976686189016,2,1,24,24,lam=1000.0
syringic acid,centered,3500,0.4251125818750796,0.3967630689483614,0.8724101421892878,2,1,24,24,lam=1000.0
4-hydroxybenzoic acid,raw,3507,0.2986594736332831,0.31976033341665333,0.5007832696964534,2,1,33,pool,lam=0.1
4-hydroxybenzoic acid,centered,3507,0.3028568097052751,0.30384946318486605,0.6603549121483774,2,1,33,pool,lam=0.1
4-methylimidazole,raw,3501,-0.030603532919894188,-0.13023023666064,0.12769961661112678,2,1,33,pool,lam=0.1
4-methylimidazole,centered,3501,0.2894231157209433,0.32894973122259363,0.6602537705690545,2,1,33,pool,lam=0.1
acetamide,raw,3489,0.23591632352684233,0.2169909277491179,0.5260040030106069,2,1,33,pool,lam=0.1
acetamide,centered,3489,0.27949171994654903,0.28442263807318463,0.6945331352340456,2,1,33,pool,lam=0.1
acetovanillone,raw,3509,0.5186061425435468,0.6186805528758408,0.9141428331679445,2,1,33,pool,lam=0.1
acetovanillone,centered,3509,0.6406848889003428,0.7157235006816155,0.9007497050254465,2,1,33,pool,lam=0.1
gamma-valerolactone,raw,3473,0.1602304513736007,0.21120847735540849,0.8971840735794596,2,1,33,pool,lam=0.1
gamma-valerolactone,centered,3473,-0.14992517791675702,-0.10792625372485776,0.8904865526111276,2,1,33,pool,lam=0.1
sodium acetate,raw,3510,0.130004177064337,0.13907442536531348,0.6082211129787902,2,1,33,pool,lam=0.1
sodium acetate,centered,3510,0.1382408040270611,0.237888494301742,0.6540251876535728,2,1,33,pool,lam=0.1
syringaldehyde,raw,3514,0.217908473880061,0.39686764415101167,0.8382422102191949,2,1,33,pool,lam=0.1
syringaldehyde,centered,3514,0.06150483763129051,0.16724319875404686,0.8164755033930678,2,1,33,pool,lam=0.1
syringic acid,raw,3500,0.2846875009774053,0.38251279825263873,0.8765976686189016,2,1,33,pool,lam=0.1
syringic acid,centered,3500,0.26925646867399744,0.2620176418512429,0.8669117581200528,2,1,33,pool,lam=0.1
"2,2'-bipyridine",raw,3488,0.2709476831121057,0.35865220862993163,0.9331732906177713,2,2,8,8,"lam=1000.0,rank=4"
"2,2'-bipyridine",centered,3488,-0.4427541460727203,-0.4467578725438563,0.9236447454650346,2,2,8,8,"lam=1000.0,rank=4"
azelaic acid,raw,3496,0.11570611630046423,0.1608503820142133,0.8670875046979807,2,2,8,8,"lam=1000.0,rank=4"
azelaic acid,centered,3496,-0.03928983072412085,0.10557732388534218,0.8643706539620497,2,2,8,8,"lam=1000.0,rank=4"
benomyl,raw,3491,0.3137489548536991,0.33793384468571624,0.8675396020249485,2,2,8,8,"lam=1000.0,rank=4"
benomyl,centered,3491,-0.10051793431283347,-0.14467537944550238,0.8492301012250542,2,2,8,8,"lam=1000.0,rank=4"
crystal violet,raw,3387,0.12538716381805068,0.027336094846146797,0.9246970150673822,2,2,8,8,"lam=1000.0,rank=4"
crystal violet,centered,3387,-0.12349282963455835,0.07819017739788643,0.9247188609094781,2,2,8,8,"lam=1000.0,rank=4"
ferulamide,raw,3488,0.0689908124086279,0.08944550689237057,0.8930954305048072,2,2,8,8,"lam=1000.0,rank=4"
ferulamide,centered,3488,0.524860692319394,0.6499064801531245,0.8932284216405513,2,2,8,8,"lam=1000.0,rank=4"
methyl methanesulfonate,raw,3486,0.10062147127356581,0.09305410331794123,0.9375622227212969,2,2,8,8,"lam=1000.0,rank=4"
methyl methanesulfonate,centered,3486,-0.1922212912529655,-0.15408675877756803,0.937760966119254,2,2,8,8,"lam=1000.0,rank=4"
vanillic acid,raw,3485,0.2938821801797119,0.34506174228627934,0.8722616635995127,2,2,8,8,"lam=1000.0,rank=4"
vanillic acid,centered,3485,0.1567491778787941,0.2147470761496199,0.8546528536970132,2,2,8,8,"lam=1000.0,rank=4"
vanillin,raw,3505,0.17548258139123774,0.18331889740871554,0.8097403963300162,2,2,8,8,"lam=1000.0,rank=4"
vanillin,centered,3505,0.31876137591856923,0.4489247315431769,0.8046894790770773,2,2,8,8,"lam=1000.0,rank=4"
"2,2'-bipyridine",raw,3488,0.006450471427445257,-0.11444639555840527,0.9331732906177713,2,2,16,16,"lam=0.1,rank=4"
"2,2'-bipyridine",centered,3488,-0.20246631331004772,0.16495287365768266,0.9453623128423709,2,2,16,16,"lam=0.1,rank=4"
azelaic acid,raw,3496,0.22793782947723554,0.35679795577705264,0.8670875046979807,2,2,16,16,"lam=0.1,rank=4"
azelaic acid,centered,3496,-0.015015423864063373,0.13553474957773057,0.847680302265328,2,2,16,16,"lam=0.1,rank=4"
benomyl,raw,3492,0.21549665498092926,0.16770198003071038,0.8675396020249485,2,2,16,16,"lam=0.1,rank=4"
benomyl,centered,3492,0.24319316612262237,0.3064892957511074,0.8829920130364216,2,2,16,16,"lam=0.1,rank=4"
crystal violet,raw,3387,0.48433140928622703,0.6900245624909092,0.9246970150673822,2,2,16,16,"lam=0.1,rank=4"
crystal violet,centered,3387,0.5374836414594721,0.7500515510892984,0.9172955423394382,2,2,16,16,"lam=0.1,rank=4"
ferulamide,raw,3490,0.5877314870752913,0.7680121043587023,0.8930954305048072,2,2,16,16,"lam=0.1,rank=4"
ferulamide,centered,3490,0.6435096391516125,0.7237325443410128,0.8642134584084875,2,2,16,16,"lam=0.1,rank=4"
methyl methanesulfonate,raw,3487,-0.11292011022981593,0.05509514731092152,0.9375622227212969,2,2,16,16,"lam=0.1,rank=4"
methyl methanesulfonate,centered,3487,-0.3961223589839782,-0.12128496003640202,0.938654676413141,2,2,16,16,"lam=0.1,rank=4"
vanillic acid,raw,3486,0.3338368195283057,0.4535736850947462,0.8722616635995127,2,2,16,16,"lam=0.1,rank=4"
vanillic acid,centered,3486,0.24296051205510272,0.2374134392687103,0.846310634927489,2,2,16,16,"lam=0.1,rank=4"
vanillin,raw,3505,0.3666243827651711,0.5160018613405211,0.8097403963300162,2,2,16,16,"lam=0.1,rank=4"
vanillin,centered,3505,0.17647020565087754,0.27622518502921267,0.7530615295921801,2,2,16,16,"lam=0.1,rank=4"
"2,2'-bipyridine",raw,3489,0.05906044081481094,-0.1578782468568396,0.9331732906177713,2,2,24,24,"lam=0.31622776601683794,rank=16"
"2,2'-bipyridine",centered,3489,0.3609969915136365,0.39079240684495054,0.9485911619854974,2,2,24,24,"lam=0.31622776601683794,rank=16"
azelaic acid,raw,3496,0.31818081160708056,0.4217386185876079,0.8670875046979807,2,2,24,24,"lam=0.31622776601683794,rank=16"
azelaic acid,centered,3496,0.09931076599273637,0.1861672284335264,0.8449513360241763,2,2,24,24,"lam=0.31622776601683794,rank=16"
benomyl,raw,3492,0.050739827626178916,0.053007813619641395,0.8675396020249485,2,2,24,24,"lam=0.31622776601683794,rank=16"
benomyl,centered,3492,0.48038746565591445,0.46725246382381835,0.8927173048876652,2,2,24,24,"lam=0.31622776601683794,rank=16"
crystal violet,raw,3387,0.2914584114006222,0.5620516239703427,0.9246970150673822,2,2,24,24,"lam=0.31622776601683794,rank=16"
crystal violet,centered,3387,0.6172025831784685,0.7683838096239785,0.9196384174328003,2,2,24,24,"lam=0.31622776601683794,rank=16"
ferulamide,raw,3490,0.5422666911192559,0.7191504464040079,0.8930954305048072,2,2,24,24,"lam=0.31622776601683794,rank=16"
ferulamide,centered,3490,0.5421873193139042,0.6731981301610154,0.8576442918494971,2,2,24,24,"lam=0.31622776601683794,rank=16"
methyl methanesulfonate,raw,3487,0.1261280728119193,0.13598153569559884,0.9375622227212969,2,2,24,24,"lam=0.31622776601683794,rank=16"
methyl methanesulfonate,centered,3487,-0.27706862451182246,0.026631077670543568,0.9371724746185578,2,2,24,24,"lam=0.31622776601683794,rank=16"
vanillic acid,raw,3486,0.4647669441844862,0.5510322001526478,0.8722616635995127,2,2,24,24,"lam=0.31622776601683794,rank=16"
vanillic acid,centered,3486,0.29556466555602856,0.24021590767463943,0.8275640388253648,2,2,24,24,"lam=0.31622776601683794,rank=16"
vanillin,raw,3505,0.5657539090555195,0.6662932272507595,0.8097403963300162,2,2,24,24,"lam=0.31622776601683794,rank=16"
vanillin,centered,3505,0.41020555124190927,0.5209278894627657,0.705653817442717,2,2,24,24,"lam=0.31622776601683794,rank=16"
"2,2'-bipyridine",raw,3489,0.21313614092352903,0.08821076699408395,0.9331732906177713,2,2,33,pool,lam=0.1
"2,2'-bipyridine",centered,3489,0.3872017207731451,0.4035559026956566,0.942534078087761,2,2,33,pool,lam=0.1
azelaic acid,raw,3496,0.26238121620559834,0.3885248824801768,0.8670875046979807,2,2,33,pool,lam=0.1
azelaic acid,centered,3496,0.10802306947871314,0.15719254412805583,0.847310814069945,2,2,33,pool,lam=0.1
benomyl,raw,3492,0.19391626958712405,0.19669619162434218,0.8675396020249485,2,2,33,pool,lam=0.1
benomyl,centered,3492,0.26648501193203467,0.24176637358554848,0.8794179243054676,2,2,33,pool,lam=0.1
crystal violet,raw,3387,0.3089754035326353,0.5478337714121712,0.9246970150673822,2,2,33,pool,lam=0.1
crystal violet,centered,3387,0.529136483550573,0.7289438610416341,0.9220312622117617,2,2,33,pool,lam=0.1
ferulamide,raw,3490,0.5772106449567391,0.7315090481480038,0.8930954305048072,2,2,33,pool,lam=0.1
ferulamide,centered,3490,0.5784125096497568,0.7089890979095844,0.8688733613509745,2,2,33,pool,lam=0.1
methyl methanesulfonate,raw,3489,0.19377818936524438,0.1547754074074349,0.9375622227212969,2,2,33,pool,lam=0.1
methyl methanesulfonate,centered,3489,0.001747793195389967,0.030101848604461526,0.9366128421896852,2,2,33,pool,lam=0.1
vanillic acid,raw,3486,0.5321357292259261,0.5857232127425781,0.8722616635995127,2,2,33,pool,lam=0.1
vanillic acid,centered,3486,0.27224383697696214,0.2502421368932678,0.8223602732176184,2,2,33,pool,lam=0.1
vanillin,raw,3505,0.6038981749288266,0.6994420397646655,0.8097403963300162,2,2,33,pool,lam=0.1
vanillin,centered,3505,0.454826161591895,0.587243675728493,0.7267599792119376,2,2,33,pool,lam=0.1
1-butyl-3-methylimidazolium chloride,raw,3484,0.6287686644543886,0.6528274869161068,0.811477012409954,2,3,8,8,"lam=0.1,rank=4,clip=3.0"
1-butyl-3-methylimidazolium chloride,centered,3484,0.40775560980226483,0.7193557448616424,0.8326529229884679,2,3,8,8,"lam=0.1,rank=4,clip=3.0"
"2,6-dimethylpyrazine",raw,3503,-0.20307548461988909,-0.16387664949196415,0.8729821697732166,2,3,8,8,"lam=0.1,rank=4,clip=3.0"
"2,6-dimethylpyrazine",centered,3503,0.421170678764463,0.4185420067417025,0.9235367863556614,2,3,8,8,"lam=0.1,rank=4,clip=3.0"
5-(hydroxymethyl)furfural,raw,3502,0.19226483780924025,0.2533611423863408,0.0,2,3,8,8,"lam=0.1,rank=4,clip=3.0"
5-(hydroxymethyl)furfural,centered,3502,0.6277997712487189,0.6288695800993341,0.7343584107656902,2,3,8,8,"lam=0.1,rank=4,clip=3.0"
acetosyringone,raw,3492,0.0818237091442538,0.3659192094154674,0.8953367924490198,2,3,8,8,"lam=0.1,rank=4,clip=3.0"
acetosyringone,centered,3492,0.10167585165315109,0.17566221081679503,0.8813094246929025,2,3,8,8,"lam=0.1,rank=4,clip=3.0"
benzoic acid,raw,3488,0.14171005452130858,0.1933282091642916,0.685375384120187,2,3,8,8,"lam=0.1,rank=4,clip=3.0"
benzoic acid,centered,3488,0.6816867591388585,0.7199001555706677,0.9152894003410098,2,3,8,8,"lam=0.1,rank=4,clip=3.0"
caffeic acid,raw,3495,0.3092015063956671,0.35685331502830336,0.672719508661378,2,3,8,8,"lam=0.1,rank=4,clip=3.0"
caffeic acid,centered,3495,0.6743822541603267,0.7092563989359109,0.849776714734686,2,3,8,8,"lam=0.1,rank=4,clip=3.0"
cinnamic acid,raw,3501,0.07083441468529249,0.035816813628229985,0.8069010615379222,2,3,8,8,"lam=0.1,rank=4,clip=3.0"
cinnamic acid,centered,3501,0.4572283227994309,0.5262228884102073,0.8776862668766237,2,3,8,8,"lam=0.1,rank=4,clip=3.0"
isobutanol,raw,3480,0.27555739436028887,0.21619763444152115,0.886756227316329,2,3,8,8,"lam=0.1,rank=4,clip=3.0"
isobutanol,centered,3480,0.5393218836142393,0.4837757108010099,0.9077388803142974,2,3,8,8,"lam=0.1,rank=4,clip=3.0"
1-butyl-3-methylimidazolium chloride,raw,3484,0.3506842546873059,0.1793345492847841,0.811477012409954,2,3,16,16,"lam=1.0,rank=16"
1-butyl-3-methylimidazolium chloride,centered,3484,0.4783751542949115,0.7078639834969226,0.8467220838443201,2,3,16,16,"lam=1.0,rank=16"
"2,6-dimethylpyrazine",raw,3504,-0.15362778259988136,0.0010005661260451375,0.8729821697732166,2,3,16,16,"lam=1.0,rank=16"
"2,6-dimethylpyrazine",centered,3504,0.22341871708000363,0.2101710536139592,0.8946833871138089,2,3,16,16,"lam=1.0,rank=16"
5-(hydroxymethyl)furfural,raw,3504,0.039587477046273474,0.11521576830969127,0.0,2,3,16,16,"lam=1.0,rank=16"
5-(hydroxymethyl)furfural,centered,3504,0.5102583976541788,0.5612119332808058,0.5792804057774751,2,3,16,16,"lam=1.0,rank=16"
acetosyringone,raw,3492,0.262431811177498,0.4631440603611046,0.8953367924490198,2,3,16,16,"lam=1.0,rank=16"
acetosyringone,centered,3492,-0.060749108847567845,0.045857853345959175,0.8690096429790254,2,3,16,16,"lam=1.0,rank=16"
benzoic acid,raw,3489,0.02898638541847515,0.11428530468983399,0.685375384120187,2,3,16,16,"lam=1.0,rank=16"
benzoic acid,centered,3489,0.5194795564739253,0.5327775416252822,0.8483296902145069,2,3,16,16,"lam=1.0,rank=16"
caffeic acid,raw,3495,0.057338775326040904,0.17914223064214307,0.672719508661378,2,3,16,16,"lam=1.0,rank=16"
caffeic acid,centered,3495,0.2468466016889118,0.25837542004843156,0.7658107017478356,2,3,16,16,"lam=1.0,rank=16"
cinnamic acid,raw,3503,0.2770064947067155,0.30583228507717986,0.8069010615379222,2,3,16,16,"lam=1.0,rank=16"
cinnamic acid,centered,3503,0.25685595835648845,0.32512074576209743,0.8005089734705287,2,3,16,16,"lam=1.0,rank=16"
isobutanol,raw,3480,0.2272047866209573,0.169147709213688,0.886756227316329,2,3,16,16,"lam=1.0,rank=16"
isobutanol,centered,3480,0.4167535150348174,0.3310123464267352,0.8930723516954997,2,3,16,16,"lam=1.0,rank=16"
1-butyl-3-methylimidazolium chloride,raw,3484,0.482213592746905,0.41508138520437426,0.811477012409954,2,3,24,24,lam=0.31622776601683794
1-butyl-3-methylimidazolium chloride,centered,3484,0.5580195283017464,0.7390533036972109,0.8329851014819492,2,3,24,24,lam=0.31622776601683794
"2,6-dimethylpyrazine",raw,3504,0.023007957552194345,0.14556762093745088,0.8729821697732166,2,3,24,24,lam=0.31622776601683794
"2,6-dimethylpyrazine",centered,3504,0.24268500933835857,0.16865393919279298,0.8772259566205464,2,3,24,24,lam=0.31622776601683794
5-(hydroxymethyl)furfural,raw,3504,0.13265177859753877,0.12468058451822103,0.0,2,3,24,24,lam=0.31622776601683794
5-(hydroxymethyl)furfural,centered,3504,0.4130317565778935,0.41199867385838573,0.5107617453499105,2,3,24,24,lam=0.31622776601683794
acetosyringone,raw,3492,0.38069632382862834,0.5983335828492152,0.8953367924490198,2,3,24,24,lam=0.31622776601683794
acetosyringone,centered,3492,0.30160056372630595,0.5112913275933512,0.8675790903647566,2,3,24,24,lam=0.31622776601683794
benzoic acid,raw,3489,0.2121814005696845,0.24636557925155766,0.685375384120187,2,3,24,24,lam=0.31622776601683794
benzoic acid,centered,3489,0.478047259752754,0.4721354562854374,0.7845290916045762,2,3,24,24,lam=0.31622776601683794
caffeic acid,raw,3496,0.28267389177947144,0.3444139617088656,0.672719508661378,2,3,24,24,lam=0.31622776601683794
caffeic acid,centered,3496,0.10688240742035489,0.059195458706137766,0.6551182084343377,2,3,24,24,lam=0.31622776601683794
cinnamic acid,raw,3503,0.2500126339058177,0.3273767989623472,0.8069010615379222,2,3,24,24,lam=0.31622776601683794
cinnamic acid,centered,3503,0.07376379417880316,0.14927593587143181,0.7876227273971173,2,3,24,24,lam=0.31622776601683794
isobutanol,raw,3480,0.41833528500930306,0.4483572263279717,0.886756227316329,2,3,24,24,lam=0.31622776601683794
isobutanol,centered,3480,0.2757406261716295,0.37922413337732375,0.8689958889374251,2,3,24,24,lam=0.31622776601683794
1-butyl-3-methylimidazolium chloride,raw,3484,0.5823504982104345,0.6734848777270288,0.811477012409954,2,3,33,pool,"lam=0.03162277660168379,rank=16"
1-butyl-3-methylimidazolium chloride,centered,3484,0.5696418615782958,0.7316706772218569,0.8400804963478274,2,3,33,pool,"lam=0.03162277660168379,rank=16"
"2,6-dimethylpyrazine",raw,3504,0.09990280572716956,0.09244408998840653,0.8729821697732166,2,3,33,pool,"lam=0.03162277660168379,rank=16"
"2,6-dimethylpyrazine",centered,3504,0.07464618642144862,0.05183055463914209,0.8681927632775254,2,3,33,pool,"lam=0.03162277660168379,rank=16"
5-(hydroxymethyl)furfural,raw,3505,0.28945957472604283,0.2618725079715014,0.0,2,3,33,pool,"lam=0.03162277660168379,rank=16"
5-(hydroxymethyl)furfural,centered,3505,0.32761607134725446,0.30365432696963524,0.4748857338004678,2,3,33,pool,"lam=0.03162277660168379,rank=16"
acetosyringone,raw,3493,0.507456872811615,0.7338977811072703,0.8953367924490198,2,3,33,pool,"lam=0.03162277660168379,rank=16"
acetosyringone,centered,3493,0.4119440410394314,0.5949192571944597,0.8633078995110798,2,3,33,pool,"lam=0.03162277660168379,rank=16"
benzoic acid,raw,3490,0.37247619715135244,0.3298262227237657,0.685375384120187,2,3,33,pool,"lam=0.03162277660168379,rank=16"
benzoic acid,centered,3490,0.34718451174783566,0.3772320388486634,0.7465144765242345,2,3,33,pool,"lam=0.03162277660168379,rank=16"
caffeic acid,raw,3496,0.27319088783256823,0.2826947567375172,0.672719508661378,2,3,33,pool,"lam=0.03162277660168379,rank=16"
caffeic acid,centered,3496,-0.014262475629060746,-0.07855969310711755,0.6348437831240964,2,3,33,pool,"lam=0.03162277660168379,rank=16"
cinnamic acid,raw,3504,0.17143699448752958,0.287497197655481,0.8069010615379222,2,3,33,pool,"lam=0.03162277660168379,rank=16"
cinnamic acid,centered,3504,-0.03437000957815126,0.051260587003976774,0.7857923264270728,2,3,33,pool,"lam=0.03162277660168379,rank=16"
isobutanol,raw,3480,0.274983305242675,0.4462230994025626,0.886756227316329,2,3,33,pool,"lam=0.03162277660168379,rank=16"
isobutanol,centered,3480,0.20792990814952816,0.3457314358149273,0.8738205260546376,2,3,33,pool,"lam=0.03162277660168379,rank=16"
1-ethyl-3-methylimidazolium chloride,raw,3491,0.263522239136886,-0.06971331833237429,0.898719369187085,2,4,8,8,"lam=1000.0,rank=2"
1-ethyl-3-methylimidazolium chloride,centered,3491,-0.1410588851461569,0.298648207449883,0.9223553979008227,2,4,8,8,"lam=1000.0,rank=2"
4-hydroxybenzaldehyde,raw,3490,0.2292479362227889,0.2958532922329608,0.8136005615775869,2,4,8,8,"lam=1000.0,rank=2"
4-hydroxybenzaldehyde,centered,3490,0.471631986877383,0.3759868941090983,0.8136436240304539,2,4,8,8,"lam=1000.0,rank=2"
ethanol,raw,3485,-0.04523710695912728,0.028628162543094676,0.9100766609130951,2,4,8,8,"lam=1000.0,rank=2"
ethanol,centered,3485,0.455847874916143,0.412803587545819,0.9204346698773593,2,4,8,8,"lam=1000.0,rank=2"
methylglyoxal,raw,3480,0.16556706733563895,0.08241282981643595,0.9178330549514648,2,4,8,8,"lam=1000.0,rank=2"
methylglyoxal,centered,3480,-0.041442551519793744,0.300016412027118,0.9313092555389593,2,4,8,8,"lam=1000.0,rank=2"
myclobutanil,raw,3495,-0.16656629738686338,-0.1431548849351442,0.746076298727284,2,4,8,8,"lam=1000.0,rank=2"
myclobutanil,centered,3495,0.23097051131380966,0.21930662549924068,0.8679115097349074,2,4,8,8,"lam=1000.0,rank=2"
nonylacridine orange,raw,3504,0.5434965855190805,0.633244613516545,0.8449681878437812,2,4,8,8,"lam=1000.0,rank=2"
nonylacridine orange,centered,3504,0.5328935242205213,0.5738649676351044,0.7666721566473566,2,4,8,8,"lam=1000.0,rank=2"
sodium butyrate,raw,3487,0.018637524878330425,-0.04461392668770993,0.0,2,4,8,8,"lam=1000.0,rank=2"
sodium butyrate,centered,3487,0.37192989933175336,0.5878196710409859,0.6458713815897171,2,4,8,8,"lam=1000.0,rank=2"
sodium glyoxylate,raw,3487,-0.04502569119074965,-0.053384366345726846,0.0,2,4,8,8,"lam=1000.0,rank=2"
sodium glyoxylate,centered,3487,0.5654355232143492,0.7194617469339841,0.6134847714409478,2,4,8,8,"lam=1000.0,rank=2"
1-ethyl-3-methylimidazolium chloride,raw,3491,-0.029353540435800372,-0.10996497228255635,0.898719369187085,2,4,16,16,"lam=0.03162277660168379,rank=2"
1-ethyl-3-methylimidazolium chloride,centered,3491,-0.10294604565412444,0.32670151242979106,0.9176278099244125,2,4,16,16,"lam=0.03162277660168379,rank=2"
4-hydroxybenzaldehyde,raw,3491,0.430695310580691,0.4795453157590285,0.8136005615775869,2,4,16,16,"lam=0.03162277660168379,rank=2"
4-hydroxybenzaldehyde,centered,3491,0.30385326040473964,0.23752281378733114,0.7640282464164038,2,4,16,16,"lam=0.03162277660168379,rank=2"
ethanol,raw,3485,0.5001097509900748,0.4664094700894853,0.9100766609130951,2,4,16,16,"lam=0.03162277660168379,rank=2"
ethanol,centered,3485,0.4896471652209613,0.33412367241500146,0.9023853147450935,2,4,16,16,"lam=0.03162277660168379,rank=2"
methylglyoxal,raw,3480,-0.09602303445391072,0.10458663586544832,0.9178330549514648,2,4,16,16,"lam=0.03162277660168379,rank=2"
methylglyoxal,centered,3480,-0.13432306799105975,0.22441192097028756,0.9243062513354013,2,4,16,16,"lam=0.03162277660168379,rank=2"
myclobutanil,raw,3496,-0.022561492089221136,-0.016889375329679785,0.746076298727284,2,4,16,16,"lam=0.03162277660168379,rank=2"
myclobutanil,centered,3496,-0.09121334303387736,-0.09036133496171996,0.8179869913599346,2,4,16,16,"lam=0.03162277660168379,rank=2"
nonylacridine orange,raw,3505,0.6668101665782132,0.714518927387917,0.8449681878437812,2,4,16,16,"lam=0.03162277660168379,rank=2"
nonylacridine orange,centered,3505,0.6294480684510466,0.6675712618746364,0.8209179846207988,2,4,16,16,"lam=0.03162277660168379,rank=2"
sodium butyrate,raw,3488,-0.028800331906506306,-0.0021593991767171446,0.0,2,4,16,16,"lam=0.03162277660168379,rank=2"
sodium butyrate,centered,3488,0.07683620786235973,0.2061483858511837,0.36095843881248413,2,4,16,16,"lam=0.03162277660168379,rank=2"
sodium glyoxylate,raw,3488,0.11344968675654404,0.12740433958503927,0.0,2,4,16,16,"lam=0.03162277660168379,rank=2"
sodium glyoxylate,centered,3488,0.26353082829722424,0.3383058996079362,0.0,2,4,16,16,"lam=0.03162277660168379,rank=2"
1-ethyl-3-methylimidazolium chloride,raw,3491,0.02773242857966333,-0.1410912738409472,0.898719369187085,2,4,24,24,"lam=1000.0,rank=16"
1-ethyl-3-methylimidazolium chloride,centered,3491,0.44805333518450796,0.6724003899804465,0.9159649415658712,2,4,24,24,"lam=1000.0,rank=16"
4-hydroxybenzaldehyde,raw,3492,0.46545342643369003,0.5293326689171862,0.8136005615775869,2,4,24,24,"lam=1000.0,rank=16"
4-hydroxybenzaldehyde,centered,3492,0.3350286144107862,0.3791329643229489,0.7353786723340181,2,4,24,24,"lam=1000.0,rank=16"
ethanol,raw,3486,0.2802585969433446,0.32008406499033726,0.9100766609130951,2,4,24,24,"lam=1000.0,rank=16"
ethanol,centered,3486,0.4510282480086774,0.3467925006500444,0.8996748765325546,2,4,24,24,"lam=1000.0,rank=16"
methylglyoxal,raw,3481,0.01608750519432216,0.027780720706190087,0.9178330549514648,2,4,24,24,"lam=1000.0,rank=16"
methylglyoxal,centered,3481,-0.19722013849623934,0.11968312894520897,0.9261674133985249,2,4,24,24,"lam=1000.0,rank=16"
myclobutanil,raw,3496,0.0007712753503904085,0.00843069415263638,0.746076298727284,2,4,24,24,"lam=1000.0,rank=16"
myclobutanil,centered,3496,0.3937581162332748,0.5549313008511314,0.8057304662638732,2,4,24,24,"lam=1000.0,rank=16"
nonylacridine orange,raw,3507,0.1679176680477205,0.27269456878034093,0.8449681878437812,2,4,24,24,"lam=1000.0,rank=16"
nonylacridine orange,centered,3507,0.6651312572481948,0.7312536223010145,0.8317937449549364,2,4,24,24,"lam=1000.0,rank=16"
sodium butyrate,raw,3490,0.006174464612962477,-0.033781921425289865,0.0,2,4,24,24,"lam=1000.0,rank=16"
sodium butyrate,centered,3490,0.06424528200706249,0.26345260531425363,0.38497251450629655,2,4,24,24,"lam=1000.0,rank=16"
sodium glyoxylate,raw,3489,0.043730024352825816,0.030041419051107247,0.0,2,4,24,24,"lam=1000.0,rank=16"
sodium glyoxylate,centered,3489,0.22707389940387215,0.3274550609426984,0.0,2,4,24,24,"lam=1000.0,rank=16"
1-ethyl-3-methylimidazolium chloride,raw,3491,0.4577650851187591,0.5940786511858653,0.898719369187085,2,4,33,pool,"lam=0.01,rank=16"
1-ethyl-3-methylimidazolium chloride,centered,3491,0.49123921963774664,0.6886796479972008,0.9207372710131602,2,4,33,pool,"lam=0.01,rank=16"
4-hydroxybenzaldehyde,raw,3493,0.47234985294511667,0.5848448279736917,0.8136005615775869,2,4,33,pool,"lam=0.01,rank=16"
4-hydroxybenzaldehyde,centered,3493,0.23484918333268748,0.3481526424599091,0.7330278514305723,2,4,33,pool,"lam=0.01,rank=16"
ethanol,raw,3487,0.37160652074262424,0.4507838025534949,0.9100766609130951,2,4,33,pool,"lam=0.01,rank=16"
ethanol,centered,3487,0.2181622404080116,0.3182003359654927,0.8992724015184042,2,4,33,pool,"lam=0.01,rank=16"
methylglyoxal,raw,3481,-0.09703024558407046,0.04384795219436889,0.9178330549514648,2,4,33,pool,"lam=0.01,rank=16"
methylglyoxal,centered,3481,0.05135715335447078,0.2751757630431245,0.9293286685803472,2,4,33,pool,"lam=0.01,rank=16"
myclobutanil,raw,3496,0.1589443932593141,0.20831689218457236,0.746076298727284,2,4,33,pool,"lam=0.01,rank=16"
myclobutanil,centered,3496,0.28304742669165783,0.37736796980565795,0.806521750219523,2,4,33,pool,"lam=0.01,rank=16"
nonylacridine orange,raw,3507,0.6803291102883356,0.7467711489657204,0.8449681878437812,2,4,33,pool,"lam=0.01,rank=16"
nonylacridine orange,centered,3507,0.6615673460299324,0.7337638386330712,0.8353957290395438,2,4,33,pool,"lam=0.01,rank=16"
sodium butyrate,raw,3490,0.11998046380580571,0.12288090329655622,0.0,2,4,33,pool,"lam=0.01,rank=16"
sodium butyrate,centered,3490,0.2855449074620667,0.3784886417639478,0.42785463831799814,2,4,33,pool,"lam=0.01,rank=16"
sodium glyoxylate,raw,3490,0.16178778303252278,0.12689648887285926,0.0,2,4,33,pool,"lam=0.01,rank=16"
sodium glyoxylate,centered,3490,0.3286215463362251,0.3795072837076594,0.10426711163393412,2,4,33,pool,"lam=0.01,rank=16"
