gene_set,ffa_type,p_value,significant_p05,interaction_score,physical_triangle,physical_connected,regulatory_triangle,regulatory_connected,genetic_triangle,genetic_connected,tflink_triangle,tflink_connected,string12_0_neighborhood_triangle,string12_0_neighborhood_connected,string12_0_fusion_triangle,string12_0_fusion_connected,string12_0_cooccurence_triangle,string12_0_cooccurence_connected,string12_0_coexpression_triangle,string12_0_coexpression_connected,string12_0_experimental_triangle,string12_0_experimental_connected,string12_0_database_triangle,string12_0_database_connected
FKH1:GCN5:MED4,C14:0,0.0180497330840376,True,0.672660301096702,False,False,False,False,False,True,False,False,False,False,False,False,False,False,False,True,False,True,False,True
FKH1:GCN5:OPI1,C14:0,0.018783245999642,True,0.6494112971720319,False,False,False,False,False,True,False,False,False,False,False,False,False,False,False,True,False,True,False,False
FKH1:GCN5:RFX1,C14:0,0.0181939808951939,True,0.6526839020283322,False,False,False,False,False,True,False,False,False,False,False,False,False,False,False,True,False,True,False,True
FKH1:GCN5:RGR1,C14:0,6.315476222109105e-06,True,1.2479522793539788,False,False,False,False,False,True,False,False,False,False,False,False,False,False,False,True,False,True,False,True
FKH1:GCN5:RPD3,C14:0,0.0639634522132172,False,0.5119539194564559,False,True,False,True,False,True,False,False,False,False,False,False,False,False,True,True,True,True,False,True
FKH1:GCN5:SPT3,C14:0,0.2280670779513691,False,0.3331211758194539,False,True,False,False,False,True,False,False,False,False,False,False,False,False,False,True,False,True,False,True
FKH1:GCN5:YAP6,C14:0,0.0881669481442131,False,0.4712484330272583,False,False,False,False,False,True,False,True,False,False,False,False,False,False,False,True,False,True,False,True
FKH1:GCN5:TFC7,C14:0,0.0036753984387576,True,0.8027819896270322,False,False,False,False,False,True,False,False,False,False,False,False,False,False,False,True,False,True,False,True
FKH1:MED4:OPI1,C14:0,7.356694635420013e-11,True,1.7459904500441576,False,False,False,False,False,False,False,False,False,False,False,False,False,False,False,False,False,False,False,False
FKH1:MED4:RFX1,C14:0,1.6096368965799168e-12,True,1.8938310110097036,False,False,False,False,False,False,False,False,False,False,False,False,False,False,False,False,False,True,False,False
FKH1:MED4:RGR1,C14:0,2.5082157404499873e-14,True,2.043081610649608,False,True,False,False,False,True,False,False,False,False,False,False,False,False,False,True,False,True,False,True
FKH1:MED4:RPD3,C14:0,6.84605448256679e-07,True,1.331147863922688,False,False,False,False,False,False,False,False,False,False,False,False,False,False,False,True,False,True,False,False
FKH1:MED4:SPT3,C14:0,9.70048208102236e-07,True,1.312902653910867,False,False,False,False,False,True,False,False,False,False,False,False,False,False,False,False,False,False,False,False
FKH1:MED4:YAP6,C14:0,3.754063647218416e-09,True,1.5801845433159056,False,False,False,False,False,False,False,False,False,False,False,False,False,False,False,False,False,True,False,False
FKH1:MED4:TFC7,C14:0,5.512534325382764e-11,True,1.757569083607556,False,False,False,False,False,False,False,False,False,False,False,False,False,False,False,False,False,False,False,False
FKH1:OPI1:RFX1,C14:0,2.993845979565749e-13,True,1.955479936765295,False,False,False,False,False,False,False,False,False,False,False,False,False,False,False,False,False,True,False,False
FKH1:OPI1:RGR1,C14:0,1.2698311759028766e-19,True,2.4294979102844225,False,False,False,False,False,False,False,False,False,False,False,False,False,False,False,False,False,False,False,False
FKH1:OPI1:RPD3,C14:0,1.8070454949440486e-10,True,1.762368978623345,False,False,False,False,False,False,False,True,False,False,False,False,False,False,False,True,False,True,False,False
FKH1:OPI1:SPT3,C14:0,3.434505941427392e-09,True,1.584118153709231,False,False,False,False,False,True,False,False,False,False,False,False,False,False,False,False,False,False,False,False
FKH1:OPI1:YAP6,C14:0,1.810606384130753e-09,True,1.6121559649763288,False,False,False,False,False,False,False,True,False,False,False,False,False,False,False,False,False,True,False,False
FKH1:OPI1:TFC7,C14:0,5.726310549255264e-11,True,1.7560467518052794,False,False,False,False,False,False,False,False,False,False,False,False,False,False,False,False,False,False,False,False
FKH1:RFX1:RGR1,C14:0,4.941316246965153e-19,True,2.389458088898655,False,False,False,False,False,False,False,False,False,False,False,False,False,False,False,False,False,True,False,False
FKH1:RFX1:RPD3,C14:0,6.439342663973016e-11,True,1.751343169072168,False,False,False,False,False,True,False,False,False,False,False,False,False,False,False,True,True,True,False,False
FKH1:RFX1:SPT3,C14:0,1.6145547771687642e-11,True,1.8060412919355224,False,False,False,False,False,False,False,False,False,False,False,False,False,False,False,False,False,True,False,False
FKH1:RFX1:YAP6,C14:0,7.828458331388294e-14,True,2.065338834446439,False,False,False,False,False,False,False,True,False,False,False,False,False,False,False,True,False,True,False,False
FKH1:RFX1:TFC7,C14:0,1.664468901893412e-17,True,2.2826391385556595,False,False,False,False,False,False,False,False,False,False,False,False,False,False,False,False,False,True,False,False
FKH1:RGR1:RPD3,C14:0,2.650992327327297e-20,True,2.474875150099508,False,False,False,False,False,True,False,False,False,False,False,False,False,False,False,True,False,True,False,False
FKH1:RGR1:SPT3,C14:0,2.3886960956712846e-14,True,2.0447700659832666,False,False,False,False,False,True,False,False,False,False,False,False,False,False,False,False,False,False,False,False
FKH1:RGR1:YAP6,C14:0,6.036492352220845e-25,True,2.765101915753849,False,False,False,False,False,False,False,True,False,False,False,False,False,False,False,False,False,True,False,False
FKH1:RGR1:TFC7,C14:0,7.884225758284821e-20,True,2.4433907221377176,False,False,False,False,False,False,False,False,False,False,False,False,False,False,False,False,False,False,False,False
FKH1:RPD3:SPT3,C14:0,1.8882687432800403e-09,True,1.6103308781916736,False,False,False,True,False,True,False,False,False,False,False,False,False,False,False,True,False,True,False,False
FKH1:RPD3:YAP6,C14:0,2.149855465967405e-12,True,1.883028326274606,False,False,True,True,False,True,False,True,False,False,False,False,False,False,False,True,True,True,False,False
FKH1:RPD3:TFC7,C14:0,2.756579899274659e-13,True,1.958457940236137,False,False,False,False,False,True,False,False,False,False,False,False,False,False,False,True,False,True,False,False
FKH1:SPT3:YAP6,C14:0,4.784519289818469e-13,True,1.9384869362496544,False,False,False,True,False,False,False,False,False,False,False,False,False,False,False,False,False,True,False,False
FKH1:SPT3:TFC7,C14:0,3.222674205074637e-14,True,2.0343925019580755,False,False,False,False,False,False,False,False,False,False,False,False,False,False,False,False,False,False,False,False
FKH1:YAP6:TFC7,C14:0,7.080991372433746e-14,True,2.006865345831528,False,False,False,False,False,False,False,False,False,False,False,False,False,False,False,False,False,True,False,False
GCN5:MED4:OPI1,C14:0,0.1025162294744647,False,0.4644781120139741,False,False,False,False,False,False,False,False,False,False,False,False,False,False,False,True,False,True,False,False
GCN5:MED4:RFX1,C14:0,0.0040411046862801,True,0.8178371665566747,False,False,False,False,False,False,False,False,False,False,False,False,False,False,False,False,False,True,False,False
GCN5:MED4:RGR1,C14:0,6.796869232460373e-05,True,1.1331315923195635,False,True,False,False,False,True,False,False,False,False,False,False,False,False,False,True,True,True,False,True
GCN5:MED4:RPD3,C14:0,0.5137688126062202,False,0.185754369544858,False,True,False,False,False,True,False,False,False,False,False,False,False,False,False,True,False,True,False,False
GCN5:MED4:SPT3,C14:0,0.0852670932410999,False,0.4895499769057902,False,True,False,False,False,True,False,False,False,False,False,False,False,False,False,True,False,True,False,True
GCN5:MED4:YAP6,C14:0,0.3333420052980831,False,0.2751989432451089,False,False,False,False,False,False,False,False,False,False,False,False,False,False,False,False,False,True,False,False
GCN5:MED4:TFC7,C14:0,0.0632547955975017,False,0.5283763360096108,False,False,False,False,False,False,False,False,False,False,False,False,False,False,False,False,False,True,False,False
GCN5:OPI1:RFX1,C14:0,0.0397667363930106,True,0.568258188235258,False,False,False,False,False,False,False,False,False,False,False,False,False,False,False,True,False,True,False,False
GCN5:OPI1:RGR1,C14:0,0.0008951148281528,True,0.9179770874935008,False,False,False,False,False,True,False,False,False,False,False,False,False,False,False,True,False,True,False,False
GCN5:OPI1:RPD3,C14:0,0.0935817848238952,False,0.4634138661435691,False,True,False,False,False,True,False,False,False,False,False,False,False,False,True,True,True,True,False,False
GCN5:OPI1:SPT3,C14:0,0.5326848357330412,False,0.1724296399853002,False,True,False,False,False,True,False,False,False,False,False,False,False,False,False,True,False,True,False,False
GCN5:OPI1:YAP6,C14:0,0.8174478502415345,False,0.0637937150255172,False,False,False,False,False,False,False,False,False,False,False,False,False,False,False,True,False,True,False,False
GCN5:OPI1:TFC7,C14:0,0.9791290818115402,False,0.0080421506772755,False,False,False,False,False,False,False,False,False,False,False,False,False,False,False,True,False,True,False,False
GCN5:RFX1:RGR1,C14:0,0.000991929911135,True,0.9100266575940597,False,False,False,False,False,True,False,False,False,False,False,False,False,False,False,False,False,True,False,False
GCN5:RFX1:RPD3,C14:0,0.1059301426431383,False,0.4468209274698012,False,True,False,False,False,True,False,False,False,False,False,False,False,False,False,True,False,True,False,False
GCN5:RFX1:SPT3,C14:0,0.2619102414169879,False,0.3100540064904601,False,True,False,False,False,True,False,False,False,False,False,False,False,False,False,True,False,True,False,True
GCN5:RFX1:YAP6,C14:0,0.1326793507487246,False,0.4155525720624623,False,False,False,False,False,False,False,True,False,False,False,False,False,False,False,True,False,False,False,False
GCN5:RFX1:TFC7,C14:0,0.0418697012782674,True,0.5623575003772334,False,False,False,False,False,False,False,False,False,False,False,False,False,False,False,False,False,False,False,False
GCN5:RGR1:RPD3,C14:0,0.0013139385940134,True,0.8879481978664684,False,True,False,False,True,True,False,False,False,False,False,False,False,False,False,True,False,True,False,False
GCN5:RGR1:SPT3,C14:0,0.1180040443585362,False,0.4320204890705376,False,True,False,False,True,True,False,False,False,False,False,False,False,False,False,True,False,True,False,True
GCN5:RGR1:YAP6,C14:0,0.0042062924106365,True,0.7910380396343332,False,False,False,False,False,True,False,True,False,False,False,False,False,False,False,False,False,True,False,False
GCN5:RGR1:TFC7,C14:0,0.0134577712700953,True,0.7031651837812771,False,False,False,False,False,True,False,False,False,False,False,False,False,False,False,False,False,True,False,False
GCN5:RPD3:SPT3,C14:0,0.6330980401598767,False,-0.1319301140777399,False,True,False,False,True,True,False,False,False,False,False,False,False,False,True,True,True,True,False,True
GCN5:RPD3:YAP6,C14:0,0.2385180036865326,False,0.3257549085505478,False,True,False,True,False,True,False,False,False,False,False,False,False,False,False,True,False,True,False,False
GCN5:RPD3:TFC7,C14:0,0.1526118388714469,False,-0.3953077757578287,False,True,False,False,False,True,False,False,False,False,False,False,False,False,False,True,False,True,False,False
GCN5:SPT3:YAP6,C14:0,0.7695732669652948,False,-0.0809573893783139,False,True,False,False,False,True,False,False,False,False,False,False,False,False,False,True,False,True,False,True
GCN5:SPT3:TFC7,C14:0,0.9447287657803902,False,0.0191599728983193,False,True,False,False,False,True,False,False,False,False,False,False,False,False,False,True,False,True,False,True
GCN5:YAP6:TFC7,C14:0,0.6449357415903423,False,0.1273528978262033,False,False,False,False,False,False,False,False,False,False,False,False,False,False,False,False,False,False,False,False
MED4:OPI1:RFX1,C14:0,7.672795799977678e-07,True,1.3252049069362035,False,False,False,False,False,False,False,False,False,False,False,False,False,False,False,False,False,False,False,False
MED4:OPI1:RGR1,C14:0,4.3651425248480014e-10,True,1.6728554907660351,False,True,False,False,False,True,False,False,False,False,False,False,False,False,False,True,False,True,False,False
MED4:OPI1:RPD3,C14:0,0.0017362384482017,True,0.8395920922665263,False,False,False,False,False,False,False,False,False,False,False,False,False,False,False,True,False,True,False,False
MED4:OPI1:SPT3,C14:0,0.000330628362428,True,0.9623802360873608,False,False,False,False,False,True,False,False,False,False,False,False,False,False,False,False,False,False,False,False
MED4:OPI1:YAP6,C14:0,0.0001634609142943,True,1.0418178677719123,False,False,False,False,False,False,False,False,False,False,False,False,False,False,False,False,False,False,False,False
MED4:OPI1:TFC7,C14:0,0.0004576474199919,True,0.9685029690395708,False,False,False,False,False,False,False,False,False,False,False,False,False,False,False,False,False,False,False,False
MED4:RFX1:RGR1,C14:0,4.3704453412216345e-26,True,2.8319193261924216,False,True,False,False,False,True,False,False,False,False,False,False,False,False,False,True,False,True,False,True
MED4:RFX1:RPD3,C14:0,6.420467581199922e-12,True,1.8986432094662835,False,False,False,False,False,True,False,False,False,False,False,False,False,False,False,False,False,True,False,False
MED4:RFX1:SPT3,C14:0,3.675065359210367e-19,True,2.398238084651866,False,False,False,False,False,True,False,False,False,False,False,False,False,False,False,False,False,False,False,False
MED4:RFX1:YAP6,C14:0,3.7535631846849175e-14,True,2.02908826163838,False,False,False,False,False,False,False,False,False,False,False,False,False,False,False,True,False,False,False,False
MED4:RFX1:TFC7,C14:0,5.288770726988853e-15,True,2.096262936743951,False,False,False,False,False,False,False,False,False,False,False,False,False,False,False,False,False,False,False,False
MED4:RGR1:RPD3,C14:0,4.2411595266493575e-20,True,2.461349514197666,False,True,False,False,False,True,False,False,False,False,False,False,False,False,False,True,False,True,False,True
MED4:RGR1:SPT3,C14:0,2.2878476486473076e-17,True,2.2727364885456542,False,True,False,False,True,True,False,False,False,False,False,False,False,False,False,True,False,True,False,True
MED4:RGR1:YAP6,C14:0,3.191876249430474e-18,True,2.333391577361404,False,True,False,False,False,True,False,False,False,False,False,False,False,False,False,True,False,True,False,True
MED4:RGR1:TFC7,C14:0,3.2013791741377227e-16,True,2.1889188980728207,False,True,False,False,False,True,False,False,False,False,False,False,False,False,False,True,False,True,False,True
MED4:RPD3:SPT3,C14:0,2.0986277202556692e-08,True,1.5021728103259375,False,False,False,False,False,True,False,False,False,False,False,False,False,False,False,True,False,True,False,False
MED4:RPD3:YAP6,C14:0,8.150185085063838e-10,True,1.6464765088236797,False,False,False,False,False,True,False,False,False,False,False,False,False,False,False,False,False,True,False,False
MED4:RPD3:TFC7,C14:0,3.1180539961370035e-08,True,1.4836780312193565,False,False,False,False,False,True,False,False,False,False,False,False,False,False,False,False,False,False,False,False
MED4:SPT3:YAP6,C14:0,1.6616144407612188e-11,True,1.804921471967296,False,False,False,False,False,True,False,False,False,False,False,False,False,False,False,False,False,False,False,False
MED4:SPT3:TFC7,C14:0,4.6028193732181056e-12,True,1.854321813761372,False,False,False,False,False,True,False,False,False,False,False,False,False,False,False,False,False,False,False,False
MED4:YAP6:TFC7,C14:0,8.756954272084759e-08,True,1.434384832224626,False,False,False,False,False,False,False,False,False,False,False,False,False,False,False,False,False,False,False,False
OPI1:RFX1:RGR1,C14:0,0.0072653615058749,True,0.7196139706403228,False,False,False,False,False,False,False,False,False,False,False,False,False,False,False,False,False,False,False,False
OPI1:RFX1:RPD3,C14:0,0.8002664022999686,False,0.0678222292885012,False,False,False,False,False,True,False,False,False,False,False,False,False,False,False,True,False,True,False,False
OPI1:RFX1:SPT3,C14:0,0.225819499111701,False,0.3246853474169622,False,False,False,False,False,True,False,False,False,False,False,False,False,False,False,False,False,False,False,False
OPI1:RFX1:YAP6,C14:0,0.12241862153814,False,0.4140873114290703,False,False,False,False,False,False,False,False,False,False,False,False,False,False,False,True,False,False,False,False
OPI1:RFX1:TFC7,C14:0,0.2535061736079661,False,0.3061018158875013,False,False,False,False,False,False,False,False,False,False,False,False,False,False,False,False,False,False,False,False
OPI1:RGR1:RPD3,C14:0,0.1480520745253705,False,0.3877482264452206,False,False,False,False,False,True,False,False,False,False,False,False,False,False,False,True,False,True,False,False
OPI1:RGR1:SPT3,C14:0,0.1342573387593685,False,0.4014402291717944,False,False,False,False,False,True,False,False,False,False,False,False,False,False,False,False,False,False,False,False
OPI1:RGR1:YAP6,C14:0,0.0149349583459512,True,0.6524685760947442,False,False,False,False,False,False,False,False,False,False,False,False,False,False,False,False,False,False,False,False
OPI1:RGR1:TFC7,C14:0,0.2488115265248298,False,0.3091487875328449,False,False,False,False,False,False,False,False,False,False,False,False,False,False,False,False,False,False,False,False
OPI1:RPD3:SPT3,C14:0,0.9339443380697744,False,-0.0222184888463061,False,False,False,False,False,True,False,False,False,False,False,False,False,False,False,True,False,True,False,False
OPI1:RPD3:YAP6,C14:0,0.6670902551268134,False,-0.1153087526931271,False,False,False,False,False,True,False,False,False,False,False,False,False,False,False,True,False,True,False,False
OPI1:RPD3:TFC7,C14:0,0.5372029223603187,False,-0.1654118500370892,False,False,False,False,False,True,False,False,False,False,False,False,False,False,False,True,False,True,False,False
OPI1:SPT3:YAP6,C14:0,0.8458567732331252,False,-0.0537280587690526,False,False,False,False,False,True,False,False,False,False,False,False,False,False,False,False,False,False,False,False
OPI1:SPT3:TFC7,C14:0,0.4941245485280501,False,-0.1832961742832505,False,False,False,False,False,True,False,False,False,False,False,False,False,False,False,False,False,False,False,False
OPI1:YAP6:TFC7,C14:0,0.4128552210734465,False,-0.2195166496643045,False,False,False,False,False,False,False,False,False,False,False,False,False,False,False,False,False,False,False,False
RFX1:RGR1:RPD3,C14:0,2.0612821493451265e-05,True,1.1414796849237692,False,False,False,False,False,True,False,False,False,False,False,False,False,False,False,False,False,True,False,False
RFX1:RGR1:SPT3,C14:0,0.0036953114721741,True,0.7782231087296274,False,False,False,False,False,True,False,False,False,False,False,False,False,False,False,False,False,False,False,False
RFX1:RGR1:YAP6,C14:0,6.731660311762953e-05,True,1.0684116640806425,False,False,False,False,False,False,False,True,False,False,False,False,False,False,False,True,False,False,False,False
RFX1:RGR1:TFC7,C14:0,0.0002109830964478,True,0.9933289023282456,False,False,False,False,False,False,False,False,False,False,False,False,False,False,False,False,False,False,False,False
RFX1:RPD3:SPT3,C14:0,0.3508158344310588,False,0.2501110546718545,False,False,False,False,False,True,False,False,False,False,False,False,False,False,False,True,False,True,False,False
RFX1:RPD3:YAP6,C14:0,0.0023173179351927,True,0.8166011143078244,False,False,False,False,False,True,False,False,False,False,False,False,False,False,False,True,False,True,False,False
RFX1:RPD3:TFC7,C14:0,0.057950749506329,False,0.508278748559607,False,False,False,False,False,True,False,False,False,False,False,False,False,False,False,False,False,True,False,False
RFX1:SPT3:YAP6,C14:0,0.0899925507252594,False,0.4544950684477061,False,False,False,False,False,False,False,False,False,False,False,False,False,False,False,True,False,False,False,False
RFX1:SPT3:TFC7,C14:0,0.0171348142370791,True,0.6390248019811868,False,False,False,False,False,False,False,False,False,False,False,False,False,False,False,False,False,False,False,False
RFX1:YAP6:TFC7,C14:0,0.0003352304471843,True,0.9614139045965606,False,False,False,False,False,False,False,False,False,False,False,False,False,False,False,True,False,False,False,False
RGR1:RPD3:SPT3,C14:0,4.62474109084672e-08,True,1.465044666012877,False,False,False,False,True,True,False,False,False,False,False,False,False,False,False,True,False,True,False,False
RGR1:RPD3:YAP6,C14:0,3.5310622402146325e-08,True,1.5235711018008151,False,False,False,False,False,True,False,False,False,False,False,False,False,False,False,False,False,True,False,False
RGR1:RPD3:TFC7,C14:0,5.6769489674001617e-08,True,1.455266338313663,False,False,False,False,False,True,False,False,False,False,False,False,False,False,False,False,False,False,False,False
RGR1:SPT3:YAP6,C14:0,4.8434723401884135e-05,True,1.0891812601673494,False,False,False,False,False,True,False,False,False,False,False,False,False,False,False,False,False,False,False,False
RGR1:SPT3:TFC7,C14:0,1.78949763372123e-05,True,1.1499263425139294,False,False,False,False,False,True,False,False,False,False,False,False,False,False,False,False,False,False,False,False
RGR1:YAP6:TFC7,C14:0,3.618660180019863e-05,True,1.107279928847194,False,False,False,False,False,False,False,False,False,False,False,False,False,False,False,False,False,False,False,False
RPD3:SPT3:YAP6,C14:0,0.2486876274137298,False,0.3092297436010083,False,False,False,False,False,True,False,False,False,False,False,False,False,False,False,True,False,True,False,False
RPD3:SPT3:TFC7,C14:0,0.0375210876526176,True,0.5575976969308871,False,False,False,False,False,True,False,False,False,False,False,False,False,False,False,True,False,True,False,False
RPD3:YAP6:TFC7,C14:0,0.0844371763482108,False,0.4625543807918346,False,False,False,False,False,True,False,False,False,False,False,False,False,False,False,False,False,True,False,False
SPT3:YAP6:TFC7,C14:0,0.1223845493601498,False,0.414125059070446,False,False,False,False,False,False,False,False,False,False,False,False,False,False,False,False,False,False,False,False
FKH1:GCN5:MED4,C16:0,0.5502540794970467,False,-0.1662897775548186,False,False,False,False,False,True,False,False,False,False,False,False,False,False,False,True,False,True,False,True
FKH1:GCN5:OPI1,C16:0,4.070945976005138e-08,True,-1.4840841030829266,False,False,False,False,False,True,False,False,False,False,False,False,False,False,False,True,False,True,False,False
FKH1:GCN5:RFX1,C16:0,2.370404796788156e-13,True,-1.981226871698206,False,False,False,False,False,True,False,False,False,False,False,False,False,False,False,True,False,True,False,True
FKH1:GCN5:RGR1,C16:0,2.3211678117909376e-09,True,-1.6154684354185702,False,False,False,False,False,True,False,False,False,False,False,False,False,False,False,True,False,True,False,True
FKH1:GCN5:RPD3,C16:0,2.0259367020536388e-14,True,-2.068557156764101,False,True,False,True,False,True,False,False,False,False,False,False,False,False,True,True,True,True,False,True
FKH1:GCN5:SPT3,C16:0,2.92193284700599e-16,True,-2.2112215350307447,False,True,False,False,False,True,False,False,False,False,False,False,False,False,False,True,False,True,False,True
FKH1:GCN5:YAP6,C16:0,6.108700551461181e-15,True,-2.1098558999778936,False,False,False,False,False,True,False,True,False,False,False,False,False,False,False,True,False,True,False,True
FKH1:GCN5:TFC7,C16:0,2.5842931318731803e-19,True,-2.429902526933108,False,False,False,False,False,True,False,False,False,False,False,False,False,False,False,True,False,True,False,True
FKH1:MED4:OPI1,C16:0,0.0012107195392577,True,-0.8489429562142483,False,False,False,False,False,False,False,False,False,False,False,False,False,False,False,False,False,False,False,False
FKH1:MED4:RFX1,C16:0,0.0458153318284213,True,-0.5238679144564788,False,False,False,False,False,False,False,False,False,False,False,False,False,False,False,False,False,True,False,False
FKH1:MED4:RGR1,C16:0,0.0043769128294656,True,-0.7475040992802555,False,True,False,False,False,True,False,False,False,False,False,False,False,False,False,True,False,True,False,True
FKH1:MED4:RPD3,C16:0,0.0190584944897191,True,-0.6149685675772929,False,False,False,False,False,False,False,False,False,False,False,False,False,False,False,True,False,True,False,False
FKH1:MED4:SPT3,C16:0,0.0019114311092343,True,-0.8141381293902332,False,False,False,False,False,True,False,False,False,False,False,False,False,False,False,False,False,False,False,False
FKH1:MED4:YAP6,C16:0,0.0067549189684905,True,-0.7105317676704148,False,False,False,False,False,False,False,False,False,False,False,False,False,False,False,False,False,True,False,False
FKH1:MED4:TFC7,C16:0,0.0068809066057101,True,-0.7089218240941153,False,False,False,False,False,False,False,False,False,False,False,False,False,False,False,False,False,False,False,False
FKH1:OPI1:RFX1,C16:0,2.4233697629204763e-08,True,-1.4633769984810605,False,False,False,False,False,False,False,False,False,False,False,False,False,False,False,False,False,True,False,False
FKH1:OPI1:RGR1,C16:0,0.0002780987561176,True,-0.9534882413641314,False,False,False,False,False,False,False,False,False,False,False,False,False,False,False,False,False,False,False,False
FKH1:OPI1:RPD3,C16:0,3.294235493025622e-10,True,-1.6994856603930188,False,False,False,False,False,False,False,True,False,False,False,False,False,False,False,True,False,True,False,False
FKH1:OPI1:SPT3,C16:0,8.464144766531045e-09,True,-1.510660650277089,False,False,False,False,False,True,False,False,False,False,False,False,False,False,False,False,False,False,False,False
FKH1:OPI1:YAP6,C16:0,4.938081349146989e-09,True,-1.5343479361142531,False,False,False,False,False,False,False,True,False,False,False,False,False,False,False,False,False,True,False,False
FKH1:OPI1:TFC7,C16:0,2.7769354024892322e-08,True,-1.4571493037877974,False,False,False,False,False,False,False,False,False,False,False,False,False,False,False,False,False,False,False,False
FKH1:RFX1:RGR1,C16:0,5.5511346521465846e-08,True,-1.4250785228206784,False,False,False,False,False,False,False,False,False,False,False,False,False,False,False,False,False,True,False,False
FKH1:RFX1:RPD3,C16:0,3.5569616052181977e-13,True,-1.907409604735424,False,False,False,False,False,True,False,False,False,False,False,False,False,False,False,True,True,True,False,False
FKH1:RFX1:SPT3,C16:0,1.6886014990617938e-07,True,-1.372096517935539,False,False,False,False,False,False,False,False,False,False,False,False,False,False,False,False,False,True,False,False
FKH1:RFX1:YAP6,C16:0,1.91783022866318e-07,True,-1.4081902175715693,False,False,False,False,False,False,False,True,False,False,False,False,False,False,False,True,False,True,False,False
FKH1:RFX1:TFC7,C16:0,6.823155640029935e-09,True,-1.5201763155365695,False,False,False,False,False,False,False,False,False,False,False,False,False,False,False,False,False,True,False,False
FKH1:RGR1:RPD3,C16:0,2.1278784669193903e-09,True,-1.5706750162331953,False,False,False,False,False,True,False,False,False,False,False,False,False,False,False,True,False,True,False,False
FKH1:RGR1:SPT3,C16:0,5.20489326323479e-08,True,-1.4280890796754653,False,False,False,False,False,True,False,False,False,False,False,False,False,False,False,False,False,False,False,False
FKH1:RGR1:YAP6,C16:0,4.356030126785688e-07,True,-1.3254022597809425,False,False,False,False,False,False,False,True,False,False,False,False,False,False,False,False,False,True,False,False
FKH1:RGR1:TFC7,C16:0,5.988755023157646e-11,True,-1.7165976082590788,False,False,False,False,False,False,False,False,False,False,False,False,False,False,False,False,False,False,False,False
FKH1:RPD3:SPT3,C16:0,5.380017568851293e-10,True,-1.6283496875711705,False,False,False,True,False,True,False,False,False,False,False,False,False,False,False,True,False,True,False,False
FKH1:RPD3:YAP6,C16:0,1.6755343499230876e-11,True,-1.76586106211594,False,False,True,True,False,True,False,True,False,False,False,False,False,False,False,True,True,True,False,False
FKH1:RPD3:TFC7,C16:0,4.5455340598668835e-10,True,-1.6352858595788924,False,False,False,False,False,True,False,False,False,False,False,False,False,False,False,True,False,True,False,False
FKH1:SPT3:YAP6,C16:0,1.749543346689404e-09,True,-1.57900892956829,False,False,False,True,False,False,False,False,False,False,False,False,False,False,False,False,False,True,False,False
FKH1:SPT3:TFC7,C16:0,3.261389731597769e-10,True,-1.6488668236632456,False,False,False,False,False,False,False,False,False,False,False,False,False,False,False,False,False,False,False,False
FKH1:YAP6:TFC7,C16:0,1.991439077008854e-12,True,-1.8454112918726968,False,False,False,False,False,False,False,False,False,False,False,False,False,False,False,False,False,True,False,False
GCN5:MED4:OPI1,C16:0,0.0007288658834391,True,-0.940453205752938,False,False,False,False,False,False,False,False,False,False,False,False,False,False,False,True,False,True,False,False
GCN5:MED4:RFX1,C16:0,0.0012508126924903,True,-0.8982942448941307,False,False,False,False,False,False,False,False,False,False,False,False,False,False,False,False,False,True,False,False
GCN5:MED4:RGR1,C16:0,0.0002585142316442,True,-1.0170565585675888,False,True,False,False,False,True,False,False,False,False,False,False,False,False,False,True,True,True,False,True
GCN5:MED4:RPD3,C16:0,0.0029649438752524,True,-0.8271208826898379,False,True,False,False,False,True,False,False,False,False,False,False,False,False,False,True,False,True,False,False
GCN5:MED4:SPT3,C16:0,0.0002180208062061,True,-1.0291628337943075,False,True,False,False,False,True,False,False,False,False,False,False,False,False,False,True,False,True,False,True
GCN5:MED4:YAP6,C16:0,0.0013555254976736,True,-0.8918709353314771,False,False,False,False,False,False,False,False,False,False,False,False,False,False,False,False,False,True,False,False
GCN5:MED4:TFC7,C16:0,6.635279175894709e-11,True,-1.817358148493896,False,False,False,False,False,False,False,False,False,False,False,False,False,False,False,False,False,True,False,False
GCN5:OPI1:RFX1,C16:0,0.0315342917275557,True,-0.5815089523383354,False,False,False,False,False,False,False,False,False,False,False,False,False,False,False,True,False,True,False,False
GCN5:OPI1:RGR1,C16:0,0.8994315682693386,False,-0.034177552810678,False,False,False,False,False,True,False,False,False,False,False,False,False,False,False,True,False,True,False,False
GCN5:OPI1:RPD3,C16:0,0.0490443669672935,True,-0.5322736930079813,False,True,False,False,False,True,False,False,False,False,False,False,False,False,True,True,True,True,False,False
GCN5:OPI1:SPT3,C16:0,0.0892928846683517,False,-0.4595085136768009,False,True,False,False,False,True,False,False,False,False,False,False,False,False,False,True,False,True,False,False
GCN5:OPI1:YAP6,C16:0,0.0249082922979078,True,-0.606539820451782,False,False,False,False,False,False,False,False,False,False,False,False,False,False,False,True,False,True,False,False
GCN5:OPI1:TFC7,C16:0,3.521732272303105e-08,True,-1.6584754931185568,False,False,False,False,False,False,False,False,False,False,False,False,False,False,False,True,False,True,False,False
GCN5:RFX1:RGR1,C16:0,0.7372273432207261,False,-0.0907386646689998,False,False,False,False,False,True,False,False,False,False,False,False,False,False,False,False,False,True,False,False
GCN5:RFX1:RPD3,C16:0,0.0523047576068423,False,-0.5248126814016127,False,True,False,False,False,True,False,False,False,False,False,False,False,False,False,True,False,True,False,False
GCN5:RFX1:SPT3,C16:0,0.4008231823960941,False,-0.2272073382639701,False,True,False,False,False,True,False,False,False,False,False,False,False,False,False,True,False,True,False,True
GCN5:RFX1:YAP6,C16:0,0.4782909188049836,False,-0.1917537479662243,False,False,False,False,False,False,False,True,False,False,False,False,False,False,False,True,False,False,False,False
GCN5:RFX1:TFC7,C16:0,0.0003642148500699,True,-0.964034451888956,False,False,False,False,False,False,False,False,False,False,False,False,False,False,False,False,False,False,False,False
GCN5:RGR1:RPD3,C16:0,0.3958233864339441,False,-0.2296283072069485,False,True,False,False,True,True,False,False,False,False,False,False,False,False,False,True,False,True,False,False
GCN5:RGR1:SPT3,C16:0,0.3080934304902757,False,-0.2756366866514842,False,True,False,False,True,True,False,False,False,False,False,False,False,False,False,True,False,True,False,True
GCN5:RGR1:YAP6,C16:0,0.7403022579745079,False,0.0896368514596965,False,False,False,False,False,True,False,True,False,False,False,False,False,False,False,False,False,True,False,False
GCN5:RGR1:TFC7,C16:0,5.645572818111623e-05,True,-1.1212067621338797,False,False,False,False,False,True,False,False,False,False,False,False,False,False,False,False,False,True,False,False
GCN5:RPD3:SPT3,C16:0,0.0183634488069101,True,-0.6377440719294137,False,True,False,False,True,True,False,False,False,False,False,False,False,False,True,True,True,True,False,True
GCN5:RPD3:YAP6,C16:0,0.1510614141293949,False,-0.3882899606126533,False,True,False,True,False,True,False,False,False,False,False,False,False,False,False,True,False,True,False,False
GCN5:RPD3:TFC7,C16:0,0.0014352734060143,True,-0.8620044570986205,False,True,False,False,False,True,False,False,False,False,False,False,False,False,False,True,False,True,False,False
GCN5:SPT3:YAP6,C16:0,0.0037778124093858,True,-0.7832210936539348,False,True,False,False,False,True,False,False,False,False,False,False,False,False,False,True,False,True,False,True
GCN5:SPT3:TFC7,C16:0,5.341739106769189e-09,True,-1.5783079383816316,False,True,False,False,False,True,False,False,False,False,False,False,False,False,False,True,False,True,False,True
GCN5:YAP6:TFC7,C16:0,2.2045650042010663e-09,True,-1.6177397100951376,False,False,False,False,False,False,False,False,False,False,False,False,False,False,False,False,False,False,False,False
MED4:OPI1:RFX1,C16:0,8.63998555255502e-15,True,-2.034997402981475,False,False,False,False,False,False,False,False,False,False,False,False,False,False,False,False,False,False,False,False
MED4:OPI1:RGR1,C16:0,9.312753582526339e-11,True,-1.6992029383463432,False,True,False,False,False,True,False,False,False,False,False,False,False,False,False,True,False,True,False,False
MED4:OPI1:RPD3,C16:0,9.001898351332472e-19,True,-2.320667913949525,False,False,False,False,False,False,False,False,False,False,False,False,False,False,False,True,False,True,False,False
MED4:OPI1:SPT3,C16:0,1.0426344891450937e-18,True,-2.316361962358669,False,False,False,False,False,True,False,False,False,False,False,False,False,False,False,False,False,False,False,False
MED4:OPI1:YAP6,C16:0,1.7069387494580336e-14,True,-2.074507776223545,False,False,False,False,False,False,False,False,False,False,False,False,False,False,False,False,False,False,False,False
MED4:OPI1:TFC7,C16:0,1.2162189157798776e-14,True,-2.0862318400922795,False,False,False,False,False,False,False,False,False,False,False,False,False,False,False,False,False,False,False,False
MED4:RFX1:RGR1,C16:0,1.636242446465095e-15,True,-2.089658771901047,False,True,False,False,False,True,False,False,False,False,False,False,False,False,False,True,False,True,False,True
MED4:RFX1:RPD3,C16:0,5.865884760890958e-19,True,-2.405399804354293,False,False,False,False,False,True,False,False,False,False,False,False,False,False,False,False,False,True,False,False
MED4:RFX1:SPT3,C16:0,4.156208772771784e-14,True,-1.9820588938731984,False,False,False,False,False,True,False,False,False,False,False,False,False,False,False,False,False,False,False,False
MED4:RFX1:YAP6,C16:0,2.979383586915135e-18,True,-2.2853548743157908,False,False,False,False,False,False,False,False,False,False,False,False,False,False,False,True,False,False,False,False
MED4:RFX1:TFC7,C16:0,9.231592942212417e-19,True,-2.319929917243148,False,False,False,False,False,False,False,False,False,False,False,False,False,False,False,False,False,False,False,False
MED4:RGR1:RPD3,C16:0,4.841994871874205e-21,True,-2.469060602773732,False,True,False,False,False,True,False,False,False,False,False,False,False,False,False,True,False,True,False,True
MED4:RGR1:SPT3,C16:0,3.4995593541227085e-22,True,-2.540468652223631,False,True,False,False,True,True,False,False,False,False,False,False,False,False,False,True,False,True,False,True
MED4:RGR1:YAP6,C16:0,1.1809804920422016e-20,True,-2.444363396098823,False,True,False,False,False,True,False,False,False,False,False,False,False,False,False,True,False,True,False,True
MED4:RGR1:TFC7,C16:0,7.597939170368344e-23,True,-2.5810914219912937,False,True,False,False,False,True,False,False,False,False,False,False,False,False,False,True,False,True,False,True
MED4:RPD3:SPT3,C16:0,2.345931351935777e-22,True,-2.551167497842824,False,False,False,False,False,True,False,False,False,False,False,False,False,False,False,True,False,True,False,False
MED4:RPD3:YAP6,C16:0,1.1964034124293472e-23,True,-2.6294343350973137,False,False,False,False,False,True,False,False,False,False,False,False,False,False,False,False,False,True,False,False
MED4:RPD3:TFC7,C16:0,4.832809644004763e-22,True,-2.531801647389928,False,False,False,False,False,True,False,False,False,False,False,False,False,False,False,False,False,False,False,False
MED4:SPT3:YAP6,C16:0,2.376971245830505e-22,True,-2.5508165765062274,False,False,False,False,False,True,False,False,False,False,False,False,False,False,False,False,False,False,False,False
MED4:SPT3:TFC7,C16:0,1.3628051653140202e-24,True,-2.6851537336822657,False,False,False,False,False,True,False,False,False,False,False,False,False,False,False,False,False,False,False,False
MED4:YAP6:TFC7,C16:0,1.1462751692892004e-27,True,-2.859370107410132,False,False,False,False,False,False,False,False,False,False,False,False,False,False,False,False,False,False,False,False
OPI1:RFX1:RGR1,C16:0,0.5703403987926583,False,-0.1488772468972117,False,False,False,False,False,False,False,False,False,False,False,False,False,False,False,False,False,False,False,False
OPI1:RFX1:RPD3,C16:0,5.1518938192791155e-09,True,-1.5324972487555226,False,False,False,False,False,True,False,False,False,False,False,False,False,False,False,True,False,True,False,False
OPI1:RFX1:SPT3,C16:0,0.0094915592188462,True,-0.6803998266750066,False,False,False,False,False,True,False,False,False,False,False,False,False,False,False,False,False,False,False,False
OPI1:RFX1:YAP6,C16:0,0.0540897064323145,False,-0.5052505382644417,False,False,False,False,False,False,False,False,False,False,False,False,False,False,False,True,False,False,False,False
OPI1:RFX1:TFC7,C16:0,0.1064103721149911,False,-0.4235188953178775,False,False,False,False,False,False,False,False,False,False,False,False,False,False,False,False,False,False,False,False
OPI1:RGR1:RPD3,C16:0,0.000270742796806,True,-0.955299615526913,False,False,False,False,False,True,False,False,False,False,False,False,False,False,False,True,False,True,False,False
OPI1:RGR1:SPT3,C16:0,0.7059884551801153,False,-0.0989583136171785,False,False,False,False,False,True,False,False,False,False,False,False,False,False,False,False,False,False,False,False
OPI1:RGR1:YAP6,C16:0,0.602182804687803,False,-0.1367356720434922,False,False,False,False,False,False,False,False,False,False,False,False,False,False,False,False,False,False,False,False
OPI1:RGR1:TFC7,C16:0,0.6443376915997017,False,-0.1210960069410846,False,False,False,False,False,False,False,False,False,False,False,False,False,False,False,False,False,False,False,False
OPI1:RPD3:SPT3,C16:0,0.0008444337495866,True,-0.8755577723384032,False,False,False,False,False,True,False,False,False,False,False,False,False,False,False,True,False,True,False,False
OPI1:RPD3:YAP6,C16:0,0.0011970447561369,True,-0.8497930406853813,False,False,False,False,False,True,False,False,False,False,False,False,False,False,False,True,False,True,False,False
OPI1:RPD3:TFC7,C16:0,0.0462589115339645,True,-0.5228009363815955,False,False,False,False,False,True,False,False,False,False,False,False,False,False,False,True,False,True,False,False
OPI1:SPT3:YAP6,C16:0,0.0342195271803043,True,-0.5726415553776285,False,False,False,False,False,True,False,False,False,False,False,False,False,False,False,False,False,False,False,False
OPI1:SPT3:TFC7,C16:0,0.1360470332537169,False,-0.3910270206609407,False,False,False,False,False,True,False,False,False,False,False,False,False,False,False,False,False,False,False,False
OPI1:YAP6:TFC7,C16:0,0.0593418825553871,False,-0.4946357802646552,False,False,False,False,False,False,False,False,False,False,False,False,False,False,False,False,False,False,False,False
RFX1:RGR1:RPD3,C16:0,0.0271799403559051,True,-0.579435033662242,False,False,False,False,False,True,False,False,False,False,False,False,False,False,False,False,False,True,False,False
RFX1:RGR1:SPT3,C16:0,0.3976290327553047,False,-0.2218830728441446,False,False,False,False,False,True,False,False,False,False,False,False,False,False,False,False,False,False,False,False
RFX1:RGR1:YAP6,C16:0,0.8909572397260843,False,-0.0359616388710275,False,False,False,False,False,False,False,True,False,False,False,False,False,False,False,True,False,False,False,False
RFX1:RGR1:TFC7,C16:0,0.233385543192964,False,-0.3125969797467967,False,False,False,False,False,False,False,False,False,False,False,False,False,False,False,False,False,False,False,False
RFX1:RPD3:SPT3,C16:0,0.0091644401435657,True,-0.68355708086944,False,False,False,False,False,True,False,False,False,False,False,False,False,False,False,True,False,True,False,False
RFX1:RPD3:YAP6,C16:0,0.0198768262280574,True,-0.6108449739847113,False,False,False,False,False,True,False,False,False,False,False,False,False,False,False,True,False,True,False,False
RFX1:RPD3:TFC7,C16:0,0.0486908259207477,True,-0.5170997363436098,False,False,False,False,False,True,False,False,False,False,False,False,False,False,False,False,False,True,False,False
RFX1:SPT3:YAP6,C16:0,0.4625295283876797,False,-0.1927200769222234,False,False,False,False,False,False,False,False,False,False,False,False,False,False,False,True,False,False,False,False
RFX1:SPT3:TFC7,C16:0,0.4117952784410694,False,-0.2152924395636639,False,False,False,False,False,False,False,False,False,False,False,False,False,False,False,False,False,False,False,False
RFX1:YAP6:TFC7,C16:0,5.875900761692285e-07,True,-1.3103321873926357,False,False,False,False,False,False,False,False,False,False,False,False,False,False,False,True,False,False,False,False
RGR1:RPD3:SPT3,C16:0,1.6252590410740551e-06,True,-1.2578511544640925,False,False,False,False,True,True,False,False,False,False,False,False,False,False,False,True,False,True,False,False
RGR1:RPD3:YAP6,C16:0,7.426716133683005e-08,True,-1.4550888090064489,False,False,False,False,False,True,False,False,False,False,False,False,False,False,False,False,False,True,False,False
RGR1:RPD3:TFC7,C16:0,3.7658323710794e-09,True,-1.5461307608040549,False,False,False,False,False,True,False,False,False,False,False,False,False,False,False,False,False,False,False,False
RGR1:SPT3:YAP6,C16:0,5.436838678637129e-07,True,-1.3142580415474296,False,False,False,False,False,True,False,False,False,False,False,False,False,False,False,False,False,False,False,False
RGR1:SPT3:TFC7,C16:0,1.1063485118615427e-09,True,-1.5983564947951592,False,False,False,False,False,True,False,False,False,False,False,False,False,False,False,False,False,False,False,False
RGR1:YAP6:TFC7,C16:0,6.770452300847276e-10,True,-1.6188439357807909,False,False,False,False,False,False,False,False,False,False,False,False,False,False,False,False,False,False,False,False
RPD3:SPT3:YAP6,C16:0,1.5977312433813134e-16,True,-2.163831493176485,False,False,False,False,False,True,False,False,False,False,False,False,False,False,False,True,False,True,False,False
RPD3:SPT3:TFC7,C16:0,3.784589899944683e-17,True,-2.2085360341899745,False,False,False,False,False,True,False,False,False,False,False,False,False,False,False,True,False,True,False,False
RPD3:YAP6:TFC7,C16:0,4.289222004506459e-18,True,-2.2744975625827704,False,False,False,False,False,True,False,False,False,False,False,False,False,False,False,False,False,True,False,False
SPT3:YAP6:TFC7,C16:0,2.935270692092907e-13,True,-1.914203889757636,False,False,False,False,False,False,False,False,False,False,False,False,False,False,False,False,False,False,False,False
FKH1:GCN5:MED4,C18:0,0.3298783084141391,False,-0.2788159172682767,False,False,False,False,False,True,False,False,False,False,False,False,False,False,False,True,False,True,False,True
FKH1:GCN5:OPI1,C18:0,1.9828260760910203e-05,True,-1.1861829619423832,False,False,False,False,False,True,False,False,False,False,False,False,False,False,False,True,False,True,False,False
FKH1:GCN5:RFX1,C18:0,5.309313709146275e-06,True,-1.2655144274210235,False,False,False,False,False,True,False,False,False,False,False,False,False,False,False,True,False,True,False,True
FKH1:GCN5:RGR1,C18:0,5.322275877651288e-07,True,-1.3939890950084457,False,False,False,False,False,True,False,False,False,False,False,False,False,False,False,True,False,True,False,True
FKH1:GCN5:RPD3,C18:0,5.0182104611403755e-14,True,-2.0937558706482324,False,True,False,True,False,True,False,False,False,False,False,False,False,False,True,True,True,True,False,True
FKH1:GCN5:SPT3,C18:0,5.708846602958896e-12,True,-1.9145247238133565,False,True,False,False,False,True,False,False,False,False,False,False,False,False,False,True,False,True,False,True
FKH1:GCN5:YAP6,C18:0,1.2816667283758781e-09,True,-1.6873821473948385,False,False,False,False,False,True,False,True,False,False,False,False,False,False,False,True,False,True,False,True
FKH1:GCN5:TFC7,C18:0,3.091376471225805e-10,True,-1.749778877958223,False,False,False,False,False,True,False,False,False,False,False,False,False,False,False,True,False,True,False,True
FKH1:MED4:OPI1,C18:0,0.024108024338904,True,-0.6081791084843404,False,False,False,False,False,False,False,False,False,False,False,False,False,False,False,False,False,False,False,False
FKH1:MED4:RFX1,C18:0,0.3890998362347961,False,-0.2322399893216918,False,False,False,False,False,False,False,False,False,False,False,False,False,False,False,False,False,True,False,False
FKH1:MED4:RGR1,C18:0,0.0489626405013627,True,-0.5309268106922594,False,True,False,False,False,True,False,False,False,False,False,False,False,False,False,True,False,True,False,True
FKH1:MED4:RPD3,C18:0,0.1300764087163252,False,-0.4082027892015154,False,False,False,False,False,False,False,False,False,False,False,False,False,False,False,True,False,True,False,False
FKH1:MED4:SPT3,C18:0,0.0275875274088264,True,-0.5940759597236611,False,False,False,False,False,True,False,False,False,False,False,False,False,False,False,False,False,False,False,False
FKH1:MED4:YAP6,C18:0,0.0264366644530316,True,-0.5985613785656954,False,False,False,False,False,False,False,False,False,False,False,False,False,False,False,False,False,True,False,False
FKH1:MED4:TFC7,C18:0,0.0972936978885344,False,-0.4471185160223636,False,False,False,False,False,False,False,False,False,False,False,False,False,False,False,False,False,False,False,False
FKH1:OPI1:RFX1,C18:0,0.0003052307912336,True,-0.973672907814487,False,False,False,False,False,False,False,False,False,False,False,False,False,False,False,False,False,True,False,False
FKH1:OPI1:RGR1,C18:0,0.0862388554259989,False,-0.4626135779812068,False,False,False,False,False,False,False,False,False,False,False,False,False,False,False,False,False,False,False,False
FKH1:OPI1:RPD3,C18:0,2.8995943908389123e-05,True,-1.1623822204835914,False,False,False,False,False,False,False,True,False,False,False,False,False,False,False,True,False,True,False,False
FKH1:OPI1:SPT3,C18:0,0.0001456473376388,True,-1.0242482256548444,False,False,False,False,False,True,False,False,False,False,False,False,False,False,False,False,False,False,False,False
FKH1:OPI1:YAP6,C18:0,5.0523643526751903e-05,True,-1.0929603045321048,False,False,False,False,False,False,False,True,False,False,False,False,False,False,False,False,False,True,False,False
FKH1:OPI1:TFC7,C18:0,0.0031274045509302,True,-0.7968093340541909,False,False,False,False,False,False,False,False,False,False,False,False,False,False,False,False,False,False,False,False
FKH1:RFX1:RGR1,C18:0,0.0034699287884989,True,-0.7881228063172535,False,False,False,False,False,False,False,False,False,False,False,False,False,False,False,False,False,True,False,False
FKH1:RFX1:RPD3,C18:0,1.214885836614659e-05,True,-1.179710205196701,False,False,False,False,False,True,False,False,False,False,False,False,False,False,False,True,True,True,False,False
FKH1:RFX1:SPT3,C18:0,0.0131361665269446,True,-0.6687577212411775,False,False,False,False,False,False,False,False,False,False,False,False,False,False,False,False,False,True,False,False
FKH1:RFX1:YAP6,C18:0,0.0021842265611797,True,-0.8517855438537318,False,False,False,False,False,False,False,True,False,False,False,False,False,False,False,True,False,True,False,False
FKH1:RFX1:TFC7,C18:0,0.004840797934195,True,-0.7597350114987702,False,False,False,False,False,False,False,False,False,False,False,False,False,False,False,False,False,True,False,False
FKH1:RGR1:RPD3,C18:0,0.000117195432984,True,-1.0386865599789017,False,False,False,False,False,True,False,False,False,False,False,False,False,False,False,True,False,True,False,False
FKH1:RGR1:SPT3,C18:0,0.0060645679161064,True,-0.7400040248931525,False,False,False,False,False,True,False,False,False,False,False,False,False,False,False,False,False,False,False,False
FKH1:RGR1:YAP6,C18:0,0.0033161347426789,True,-0.7919217385157071,False,False,False,False,False,False,False,True,False,False,False,False,False,False,False,False,False,True,False,False
FKH1:RGR1:TFC7,C18:0,6.907190499080651e-05,True,-1.0730784010432848,False,False,False,False,False,False,False,False,False,False,False,False,False,False,False,False,False,False,False,False
FKH1:RPD3:SPT3,C18:0,0.0002630677800099,True,-0.9840198056972296,False,False,False,True,False,True,False,False,False,False,False,False,False,False,False,True,False,True,False,False
FKH1:RPD3:YAP6,C18:0,4.714537364857043e-06,True,-1.234235984153918,False,False,True,True,False,True,False,True,False,False,False,False,False,False,False,True,True,True,False,False
FKH1:RPD3:TFC7,C18:0,0.0003612639921639,True,-0.961822972015073,False,False,False,False,False,True,False,False,False,False,False,False,False,False,False,True,False,True,False,False
FKH1:SPT3:YAP6,C18:0,0.0001180400253864,True,-1.038212406778573,False,False,False,True,False,False,False,False,False,False,False,False,False,False,False,False,False,True,False,False
FKH1:SPT3:TFC7,C18:0,0.000174911142732,True,-1.011942742666263,False,False,False,False,False,False,False,False,False,False,False,False,False,False,False,False,False,False,False,False
FKH1:YAP6:TFC7,C18:0,2.8845897681380986e-06,True,-1.2616774604924883,False,False,False,False,False,False,False,False,False,False,False,False,False,False,False,False,False,True,False,False
GCN5:MED4:OPI1,C18:0,7.110846090725062e-05,True,-1.1367566442422867,False,False,False,False,False,False,False,False,False,False,False,False,False,False,False,True,False,True,False,False
GCN5:MED4:RFX1,C18:0,0.0018325716257253,True,-0.8916832347534911,False,False,False,False,False,False,False,False,False,False,False,False,False,False,False,False,False,True,False,False
GCN5:MED4:RGR1,C18:0,0.0022329711737168,True,-0.8748727790427793,False,True,False,False,False,True,False,False,False,False,False,False,False,False,False,True,True,True,False,True
GCN5:MED4:RPD3,C18:0,6.118599286277047e-05,True,-1.146956134303043,False,True,False,False,False,True,False,False,False,False,False,False,False,False,False,True,False,True,False,False
GCN5:MED4:SPT3,C18:0,0.0003501132005311,True,-1.023022083865671,False,True,False,False,False,True,False,False,False,False,False,False,False,False,False,True,False,True,False,True
GCN5:MED4:YAP6,C18:0,0.0086733238154276,True,-0.7510573392615751,False,False,False,False,False,False,False,False,False,False,False,False,False,False,False,False,False,True,False,False
GCN5:MED4:TFC7,C18:0,1.179734142197035e-10,True,-1.84337507409482,False,False,False,False,False,False,False,False,False,False,False,False,False,False,False,False,False,True,False,False
GCN5:OPI1:RFX1,C18:0,0.005845543984807,True,-0.7662627343787036,False,False,False,False,False,False,False,False,False,False,False,False,False,False,False,True,False,True,False,False
GCN5:OPI1:RGR1,C18:0,0.1623361761435588,False,-0.3884402234182903,False,False,False,False,False,True,False,False,False,False,False,False,False,False,False,True,False,True,False,False
GCN5:OPI1:RPD3,C18:0,0.0003218108462443,True,-0.999994795979626,False,True,False,False,False,True,False,False,False,False,False,False,False,False,True,True,True,True,False,False
GCN5:OPI1:SPT3,C18:0,0.0546074108469258,False,-0.5343160087541244,False,True,False,False,False,True,False,False,False,False,False,False,False,False,False,True,False,True,False,False
GCN5:OPI1:YAP6,C18:0,0.001090938523447,True,-0.907942960953648,False,False,False,False,False,False,False,False,False,False,False,False,False,False,False,True,False,True,False,False
GCN5:OPI1:TFC7,C18:0,9.750331256402097e-09,True,-1.773436130671089,False,False,False,False,False,False,False,False,False,False,False,False,False,False,False,True,False,True,False,False
GCN5:RFX1:RGR1,C18:0,0.2279427693416236,False,0.3351799889333586,False,False,False,False,False,True,False,False,False,False,False,False,False,False,False,False,False,True,False,False
GCN5:RFX1:RPD3,C18:0,0.1252046341678876,False,-0.4262572959288782,False,True,False,False,False,True,False,False,False,False,False,False,False,False,False,True,False,True,False,False
GCN5:RFX1:SPT3,C18:0,0.5320603265372166,False,0.1737133801733938,False,True,False,False,False,True,False,False,False,False,False,False,False,False,False,True,False,True,False,True
GCN5:RFX1:YAP6,C18:0,0.18567270190313,False,0.3679325550472396,False,False,False,False,False,False,False,True,False,False,False,False,False,False,False,True,False,False,False,False
GCN5:RFX1:TFC7,C18:0,0.0457999433741767,True,-0.555234410388219,False,False,False,False,False,False,False,False,False,False,False,False,False,False,False,False,False,False,False,False
GCN5:RGR1:RPD3,C18:0,0.2677287933141368,False,-0.3081117533463522,False,True,False,False,True,True,False,False,False,False,False,False,False,False,False,True,False,True,False,False
GCN5:RGR1:SPT3,C18:0,0.7112336141229321,False,0.1029162538321951,False,True,False,False,True,True,False,False,False,False,False,False,False,False,False,True,False,True,False,True
GCN5:RGR1:YAP6,C18:0,0.0907882872714786,False,0.4701718541909674,False,False,False,False,False,True,False,True,False,False,False,False,False,False,False,False,False,True,False,False
GCN5:RGR1:TFC7,C18:0,0.0023498654052241,True,-0.8706316247341612,False,False,False,False,False,True,False,False,False,False,False,False,False,False,False,False,False,True,False,False
GCN5:RPD3:SPT3,C18:0,0.0556861478607481,False,-0.5319521359803948,False,True,False,False,True,True,False,False,False,False,False,False,False,False,True,True,True,True,False,True
GCN5:RPD3:YAP6,C18:0,0.2552697260343938,False,-0.3162668261627295,False,True,False,True,False,True,False,False,False,False,False,False,False,False,False,True,False,True,False,False
GCN5:RPD3:TFC7,C18:0,0.03626579061836,True,-0.5821178569989636,False,True,False,False,False,True,False,False,False,False,False,False,False,False,False,True,False,True,False,False
GCN5:SPT3:YAP6,C18:0,0.1007362207382012,False,-0.4562830998358764,False,True,False,False,False,True,False,False,False,False,False,False,False,False,False,True,False,True,False,True
GCN5:SPT3:TFC7,C18:0,6.246662760863114e-07,True,-1.3854032829191547,False,True,False,False,False,True,False,False,False,False,False,False,False,False,False,True,False,True,False,True
GCN5:YAP6:TFC7,C18:0,3.439457921074235e-06,True,-1.2906693757416794,False,False,False,False,False,False,False,False,False,False,False,False,False,False,False,False,False,False,False,False
MED4:OPI1:RFX1,C18:0,6.7481044991139585e-09,True,-1.5632062715326636,False,False,False,False,False,False,False,False,False,False,False,False,False,False,False,False,False,False,False,False
MED4:OPI1:RGR1,C18:0,1.5026155568924348e-05,True,-1.167145765280029,False,True,False,False,False,True,False,False,False,False,False,False,False,False,False,True,False,True,False,False
MED4:OPI1:RPD3,C18:0,5.793943187559579e-11,True,-1.7659547475399866,False,False,False,False,False,False,False,False,False,False,False,False,False,False,False,True,False,True,False,False
MED4:OPI1:SPT3,C18:0,2.1012518778248545e-12,True,-1.8950206527461084,False,False,False,False,False,True,False,False,False,False,False,False,False,False,False,False,False,False,False,False
MED4:OPI1:YAP6,C18:0,3.815045589613131e-09,True,-1.6379925940106168,False,False,False,False,False,False,False,False,False,False,False,False,False,False,False,False,False,False,False,False
MED4:OPI1:TFC7,C18:0,1.5008094638076227e-08,True,-1.5738996983806637,False,False,False,False,False,False,False,False,False,False,False,False,False,False,False,False,False,False,False,False
MED4:RFX1:RGR1,C18:0,8.859397584396668e-09,True,-1.550844946680581,False,True,False,False,False,True,False,False,False,False,False,False,False,False,False,True,False,True,False,True
MED4:RFX1:RPD3,C18:0,3.642447136933405e-11,True,-1.8397950456065504,False,False,False,False,False,True,False,False,False,False,False,False,False,False,False,False,False,True,False,False
MED4:RFX1:SPT3,C18:0,2.1366568592282434e-07,True,-1.3987067533678414,False,False,False,False,False,True,False,False,False,False,False,False,False,False,False,False,False,False,False,False
MED4:RFX1:YAP6,C18:0,4.42341996119422e-10,True,-1.6821850807966303,False,False,False,False,False,False,False,False,False,False,False,False,False,False,False,True,False,False,False,False
MED4:RFX1:TFC7,C18:0,2.9518577223241046e-10,True,-1.699168648603243,False,False,False,False,False,False,False,False,False,False,False,False,False,False,False,False,False,False,False,False
MED4:RGR1:RPD3,C18:0,1.8287888179583688e-14,True,-2.066125124708681,False,True,False,False,False,True,False,False,False,False,False,False,False,False,False,True,False,True,False,True
MED4:RGR1:SPT3,C18:0,9.05662405895022e-16,True,-2.167753618962591,False,True,False,False,True,True,False,False,False,False,False,False,False,False,False,True,False,True,False,True
MED4:RGR1:YAP6,C18:0,9.18198316407419e-14,True,-2.009508389430779,False,True,False,False,False,True,False,False,False,False,False,False,False,False,False,True,False,True,False,True
MED4:RGR1:TFC7,C18:0,2.4422120034837217e-15,True,-2.13472734151612,False,True,False,False,False,True,False,False,False,False,False,False,False,False,False,True,False,True,False,True
MED4:RPD3:SPT3,C18:0,2.737386884067157e-15,True,-2.130896787155233,False,False,False,False,False,True,False,False,False,False,False,False,False,False,False,True,False,True,False,False
MED4:RPD3:YAP6,C18:0,3.010895881555835e-16,True,-2.2038544650131784,False,False,False,False,False,True,False,False,False,False,False,False,False,False,False,False,False,True,False,False
MED4:RPD3:TFC7,C18:0,4.879013347165018e-13,True,-1.9492300541824763,False,False,False,False,False,True,False,False,False,False,False,False,False,False,False,False,False,False,False,False
MED4:SPT3:YAP6,C18:0,8.75235398089488e-15,True,-2.0914878318039354,False,False,False,False,False,True,False,False,False,False,False,False,False,False,False,False,False,False,False,False
MED4:SPT3:TFC7,C18:0,5.713550363490467e-16,True,-2.182925153717834,False,False,False,False,False,True,False,False,False,False,False,False,False,False,False,False,False,False,False,False
MED4:YAP6:TFC7,C18:0,1.3150016925467469e-17,True,-2.303485593113828,False,False,False,False,False,False,False,False,False,False,False,False,False,False,False,False,False,False,False,False
OPI1:RFX1:RGR1,C18:0,0.079790467588992,False,-0.4724081356284113,False,False,False,False,False,False,False,False,False,False,False,False,False,False,False,False,False,False,False,False
OPI1:RFX1:RPD3,C18:0,3.258870628499199e-11,True,-1.7889866482569934,False,False,False,False,False,True,False,False,False,False,False,False,False,False,False,True,False,True,False,False
OPI1:RFX1:SPT3,C18:0,0.0004727742302021,True,-0.9426373487599704,False,False,False,False,False,True,False,False,False,False,False,False,False,False,False,False,False,False,False,False
OPI1:RFX1:YAP6,C18:0,0.0056482601022931,True,-0.7462766295046805,False,False,False,False,False,False,False,False,False,False,False,False,False,False,False,True,False,False,False,False
OPI1:RFX1:TFC7,C18:0,0.022339586201388,True,-0.6160369865052471,False,False,False,False,False,False,False,False,False,False,False,False,False,False,False,False,False,False,False,False
OPI1:RGR1:RPD3,C18:0,3.772606449876252e-06,True,-1.2467550684982966,False,False,False,False,False,True,False,False,False,False,False,False,False,False,False,True,False,True,False,False
OPI1:RGR1:SPT3,C18:0,0.1294027345017263,False,-0.40892026119316,False,False,False,False,False,True,False,False,False,False,False,False,False,False,False,False,False,False,False,False
OPI1:RGR1:YAP6,C18:0,0.0789389917105844,False,-0.4737490229474068,False,False,False,False,False,False,False,False,False,False,False,False,False,False,False,False,False,False,False,False
OPI1:RGR1:TFC7,C18:0,0.115425555701585,False,-0.4245080088159823,False,False,False,False,False,False,False,False,False,False,False,False,False,False,False,False,False,False,False,False
OPI1:RPD3:SPT3,C18:0,2.9699233863319424e-05,True,-1.126011561144889,False,False,False,False,False,True,False,False,False,False,False,False,False,False,False,True,False,True,False,False
OPI1:RPD3:YAP6,C18:0,6.297285070028739e-05,True,-1.0789904487383473,False,False,False,False,False,True,False,False,False,False,False,False,False,False,False,True,False,True,False,False
OPI1:RPD3:TFC7,C18:0,0.0040458382691761,True,-0.7751388286743168,False,False,False,False,False,True,False,False,False,False,False,False,False,False,False,True,False,True,False,False
OPI1:SPT3:YAP6,C18:0,0.0003354151245395,True,-0.996995627213908,False,False,False,False,False,True,False,False,False,False,False,False,False,False,False,False,False,False,False,False
OPI1:SPT3:TFC7,C18:0,0.0052578465832132,True,-0.7525502452280338,False,False,False,False,False,True,False,False,False,False,False,False,False,False,False,False,False,False,False,False
OPI1:YAP6:TFC7,C18:0,0.001218446035964,True,-0.8722038475728193,False,False,False,False,False,False,False,False,False,False,False,False,False,False,False,False,False,False,False,False
RFX1:RGR1:RPD3,C18:0,3.808491366053724e-05,True,-1.110652180159998,False,False,False,False,False,True,False,False,False,False,False,False,False,False,False,False,False,True,False,False
RFX1:RGR1:SPT3,C18:0,0.0164760781943442,True,-0.6466835713155329,False,False,False,False,False,True,False,False,False,False,False,False,False,False,False,False,False,False,False,False
RFX1:RGR1:YAP6,C18:0,0.0437709244764845,True,-0.5436979201435381,False,False,False,False,False,False,False,True,False,False,False,False,False,False,False,True,False,False,False,False
RFX1:RGR1:TFC7,C18:0,0.0064064309828234,True,-0.7351367910766422,False,False,False,False,False,False,False,False,False,False,False,False,False,False,False,False,False,False,False,False
RFX1:RPD3:SPT3,C18:0,4.1151575020245794e-05,True,-1.1058297897473015,False,False,False,False,False,True,False,False,False,False,False,False,False,False,False,True,False,True,False,False
RFX1:RPD3:YAP6,C18:0,0.0001180031423102,True,-1.0382330459926596,False,False,False,False,False,True,False,False,False,False,False,False,False,False,False,True,False,True,False,False
RFX1:RPD3:TFC7,C18:0,0.000307712872106,True,-0.9731064011392968,False,False,False,False,False,True,False,False,False,False,False,False,False,False,False,False,False,True,False,False
RFX1:SPT3:YAP6,C18:0,0.01286105743331,True,-0.6707902284374377,False,False,False,False,False,False,False,False,False,False,False,False,False,False,False,True,False,False,False,False
RFX1:SPT3:TFC7,C18:0,0.0096089082867964,True,-0.6982951457050024,False,False,False,False,False,False,False,False,False,False,False,False,False,False,False,False,False,False,False,False
RFX1:YAP6:TFC7,C18:0,1.226557713089017e-05,True,-1.1791476472486309,False,False,False,False,False,False,False,False,False,False,False,False,False,False,False,True,False,False,False,False
RGR1:RPD3:SPT3,C18:0,5.902324912834169e-06,True,-1.221495585793119,False,False,False,False,True,True,False,False,False,False,False,False,False,False,False,True,False,True,False,False
RGR1:RPD3:YAP6,C18:0,1.1982167786419724e-07,True,-1.471677481595541,False,False,False,False,False,True,False,False,False,False,False,False,False,False,False,False,False,True,False,False
RGR1:RPD3:TFC7,C18:0,1.1665297480705572e-08,True,-1.5382553577232116,False,False,False,False,False,True,False,False,False,False,False,False,False,False,False,False,False,False,False,False
RGR1:SPT3:YAP6,C18:0,6.635898310210902e-07,True,-1.3406474489638178,False,False,False,False,False,True,False,False,False,False,False,False,False,False,False,False,False,False,False,False
RGR1:SPT3:TFC7,C18:0,3.5099344156213392e-09,True,-1.592517284827626,False,False,False,False,False,True,False,False,False,False,False,False,False,False,False,False,False,False,False,False
RGR1:YAP6:TFC7,C18:0,1.8629246908446006e-09,True,-1.6204412125981589,False,False,False,False,False,False,False,False,False,False,False,False,False,False,False,False,False,False,False,False
RPD3:SPT3:YAP6,C18:0,1.0451445524496781e-16,True,-2.238006547819754,False,False,False,False,False,True,False,False,False,False,False,False,False,False,False,True,False,True,False,False
RPD3:SPT3:TFC7,C18:0,3.519334976068801e-16,True,-2.1987744611939712,False,False,False,False,False,True,False,False,False,False,False,False,False,False,False,True,False,True,False,False
RPD3:YAP6:TFC7,C18:0,1.6088871219199388e-17,True,-2.297193962184816,False,False,False,False,False,True,False,False,False,False,False,False,False,False,False,False,False,True,False,False
SPT3:YAP6:TFC7,C18:0,5.614298496032661e-13,True,-1.9440819911499077,False,False,False,False,False,False,False,False,False,False,False,False,False,False,False,False,False,False,False,False
FKH1:GCN5:MED4,C16:1,0.0487244852430217,True,0.4357317836711374,False,False,False,False,False,True,False,False,False,False,False,False,False,False,False,True,False,True,False,True
FKH1:GCN5:OPI1,C16:1,0.243486089577975,False,0.2504954319482017,False,False,False,False,False,True,False,False,False,False,False,False,False,False,False,True,False,True,False,False
FKH1:GCN5:RFX1,C16:1,0.0361663753441836,True,-0.4499640357784331,False,False,False,False,False,True,False,False,False,False,False,False,False,False,False,True,False,True,False,True
FKH1:GCN5:RGR1,C16:1,0.3130114665431297,False,0.2166911220222791,False,False,False,False,False,True,False,False,False,False,False,False,False,False,False,True,False,True,False,True
FKH1:GCN5:RPD3,C16:1,0.8442132273896474,False,0.0422047558557912,False,True,False,True,False,True,False,False,False,False,False,False,False,False,True,True,True,True,False,True
FKH1:GCN5:SPT3,C16:1,0.2110961966927494,False,-0.268587905714341,False,True,False,False,False,True,False,False,False,False,False,False,False,False,False,True,False,True,False,True
FKH1:GCN5:YAP6,C16:1,0.4069576320946952,False,-0.1781038954778675,False,False,False,False,False,True,False,True,False,False,False,False,False,False,False,True,False,True,False,True
FKH1:GCN5:TFC7,C16:1,0.2836775171475143,False,-0.2302587492887657,False,False,False,False,False,True,False,False,False,False,False,False,False,False,False,True,False,True,False,True
FKH1:MED4:OPI1,C16:1,0.0322988501967618,True,0.4459609067436494,False,False,False,False,False,False,False,False,False,False,False,False,False,False,False,False,False,False,False,False
FKH1:MED4:RFX1,C16:1,0.7722020174732714,False,-0.0603093626534909,False,False,False,False,False,False,False,False,False,False,False,False,False,False,False,False,False,True,False,False
FKH1:MED4:RGR1,C16:1,0.2020638137980918,False,0.2657595819356619,False,True,False,False,False,True,False,False,False,False,False,False,False,False,False,True,False,True,False,True
FKH1:MED4:RPD3,C16:1,0.8886264360962087,False,0.0291744229984804,False,False,False,False,False,False,False,False,False,False,False,False,False,False,False,True,False,True,False,False
FKH1:MED4:SPT3,C16:1,0.6912648945341346,False,-0.0827342160970132,False,False,False,False,False,True,False,False,False,False,False,False,False,False,False,False,False,False,False,False
FKH1:MED4:YAP6,C16:1,0.4263073551494399,False,0.1657284696328216,False,False,False,False,False,False,False,False,False,False,False,False,False,False,False,False,False,True,False,False
FKH1:MED4:TFC7,C16:1,0.0782405567942257,False,0.3668586269551199,False,False,False,False,False,False,False,False,False,False,False,False,False,False,False,False,False,False,False,False
FKH1:OPI1:RFX1,C16:1,0.0720368729765182,False,-0.3747536921629946,False,False,False,False,False,False,False,False,False,False,False,False,False,False,False,False,False,True,False,False
FKH1:OPI1:RGR1,C16:1,0.9202615393727234,False,0.0208542777957289,False,False,False,False,False,False,False,False,False,False,False,False,False,False,False,False,False,False,False,False
FKH1:OPI1:RPD3,C16:1,0.0342722640735363,True,-0.4546454649976272,False,False,False,False,False,False,False,True,False,False,False,False,False,False,False,True,False,True,False,False
FKH1:OPI1:SPT3,C16:1,0.2308455986014694,False,-0.2496122200269811,False,False,False,False,False,True,False,False,False,False,False,False,False,False,False,False,False,False,False,False
FKH1:OPI1:YAP6,C16:1,0.1742185441859707,False,-0.2830671121953907,False,False,False,False,False,False,False,True,False,False,False,False,False,False,False,False,False,True,False,False
FKH1:OPI1:TFC7,C16:1,0.7911681986310335,False,-0.0551633426912649,False,False,False,False,False,False,False,False,False,False,False,False,False,False,False,False,False,False,False,False
FKH1:RFX1:RGR1,C16:1,0.0694295879624418,False,-0.3782387914789666,False,False,False,False,False,False,False,False,False,False,False,False,False,False,False,False,False,True,False,False
FKH1:RFX1:RPD3,C16:1,0.0001042111369427,True,-0.8084222381406283,False,False,False,False,False,True,False,False,False,False,False,False,False,False,False,True,True,True,False,False
FKH1:RFX1:SPT3,C16:1,0.0026243359277083,True,-0.6267732446505385,False,False,False,False,False,False,False,False,False,False,False,False,False,False,False,False,False,True,False,False
FKH1:RFX1:YAP6,C16:1,0.0180681654191572,True,-0.5077721939256075,False,False,False,False,False,False,False,True,False,False,False,False,False,False,False,True,False,True,False,False
FKH1:RFX1:TFC7,C16:1,0.0827219312793733,False,-0.3614670145555825,False,False,False,False,False,False,False,False,False,False,False,False,False,False,False,False,False,True,False,False
FKH1:RGR1:RPD3,C16:1,0.2070909628699663,False,-0.2628245403886137,False,False,False,False,False,True,False,False,False,False,False,False,False,False,False,True,False,True,False,False
FKH1:RGR1:SPT3,C16:1,0.0612174534037839,False,-0.3899690763088496,False,False,False,False,False,True,False,False,False,False,False,False,False,False,False,False,False,False,False,False
FKH1:RGR1:YAP6,C16:1,0.6515829106463445,False,-0.0940723721277024,False,False,False,False,False,False,False,True,False,False,False,False,False,False,False,False,False,True,False,False
FKH1:RGR1:TFC7,C16:1,0.7839765499446318,False,0.0571104954181994,False,False,False,False,False,False,False,False,False,False,False,False,False,False,False,False,False,False,False,False
FKH1:RPD3:SPT3,C16:1,0.0136611875585559,True,-0.5137414123265401,False,False,False,True,False,True,False,False,False,False,False,False,False,False,False,True,False,True,False,False
FKH1:RPD3:YAP6,C16:1,0.2817574466069086,False,-0.2242373977816664,False,False,True,True,False,True,False,True,False,False,False,False,False,False,False,True,True,True,False,False
FKH1:RPD3:TFC7,C16:1,0.6535483018875705,False,0.093504483404684,False,False,False,False,False,True,False,False,False,False,False,False,False,False,False,True,False,True,False,False
FKH1:SPT3:YAP6,C16:1,0.1243273483205698,False,-0.3201674023267472,False,False,False,True,False,False,False,False,False,False,False,False,False,False,False,False,False,True,False,False
FKH1:SPT3:TFC7,C16:1,0.5763923838691025,False,-0.1163835738533121,False,False,False,False,False,False,False,False,False,False,False,False,False,False,False,False,False,False,False,False
FKH1:YAP6:TFC7,C16:1,0.8067354777256923,False,-0.0509646828175728,False,False,False,False,False,False,False,False,False,False,False,False,False,False,False,False,False,True,False,False
GCN5:MED4:OPI1,C16:1,0.5827064449334204,False,0.1214648741974762,False,False,False,False,False,False,False,False,False,False,False,False,False,False,False,True,False,True,False,False
GCN5:MED4:RFX1,C16:1,0.1811929518686004,False,-0.2955934034501697,False,False,False,False,False,False,False,False,False,False,False,False,False,False,False,False,False,True,False,False
GCN5:MED4:RGR1,C16:1,0.5148914315147826,False,0.1439709941330863,False,True,False,False,False,True,False,False,False,False,False,False,False,False,False,True,True,True,False,True
GCN5:MED4:RPD3,C16:1,0.7457579554788725,False,-0.0716799219070297,False,True,False,False,False,True,False,False,False,False,False,False,False,False,False,True,False,True,False,False
GCN5:MED4:SPT3,C16:1,0.5964948664384382,False,-0.1170460910345982,False,True,False,False,False,True,False,False,False,False,False,False,False,False,False,True,False,True,False,True
GCN5:MED4:YAP6,C16:1,0.0459332842311021,True,-0.4412610591055381,False,False,False,False,False,False,False,False,False,False,False,False,False,False,False,False,False,True,False,False
GCN5:MED4:TFC7,C16:1,0.0484613282591354,True,-0.4362415527599173,False,False,False,False,False,False,False,False,False,False,False,False,False,False,False,False,False,True,False,False
GCN5:OPI1:RFX1,C16:1,0.3380002417091309,False,0.2057807383339971,False,False,False,False,False,False,False,False,False,False,False,False,False,False,False,True,False,True,False,False
GCN5:OPI1:RGR1,C16:1,0.0080888696620163,True,0.5687957715217271,False,False,False,False,False,True,False,False,False,False,False,False,False,False,False,True,False,True,False,False
GCN5:OPI1:RPD3,C16:1,0.0490555501600723,True,0.4226998122537396,False,True,False,False,False,True,False,False,False,False,False,False,False,False,True,True,True,True,False,False
GCN5:OPI1:SPT3,C16:1,0.123775003289233,False,0.3305639505867945,False,True,False,False,False,True,False,False,False,False,False,False,False,False,False,True,False,True,False,False
GCN5:OPI1:YAP6,C16:1,0.1451864301356771,False,0.3128721637578513,False,False,False,False,False,False,False,False,False,False,False,False,False,False,False,True,False,True,False,False
GCN5:OPI1:TFC7,C16:1,0.4642558508002976,False,-0.1748406498951681,False,False,False,False,False,False,False,False,False,False,False,False,False,False,False,True,False,True,False,False
GCN5:RFX1:RGR1,C16:1,0.514236805428718,False,0.140087795374649,False,False,False,False,False,True,False,False,False,False,False,False,False,False,False,False,False,True,False,False
GCN5:RFX1:RPD3,C16:1,0.7115755179952001,False,0.0794109807282613,False,True,False,False,False,True,False,False,False,False,False,False,False,False,False,True,False,True,False,False
GCN5:RFX1:SPT3,C16:1,0.974993140614946,False,0.0067324512601054,False,True,False,False,False,True,False,False,False,False,False,False,False,False,False,True,False,True,False,True
GCN5:RFX1:YAP6,C16:1,0.6215808419703108,False,-0.1060151539498395,False,False,False,False,False,False,False,True,False,False,False,False,False,False,False,True,False,False,False,False
GCN5:RFX1:TFC7,C16:1,0.1520633109727333,False,-0.3076177230461741,False,False,False,False,False,False,False,False,False,False,False,False,False,False,False,False,False,False,False,False
GCN5:RGR1:RPD3,C16:1,0.1961294567632913,False,0.2776301083558907,False,True,False,False,True,True,False,False,False,False,False,False,False,False,False,True,False,True,False,False
GCN5:RGR1:SPT3,C16:1,0.6346259520129374,False,-0.1020664785821687,False,True,False,False,True,True,False,False,False,False,False,False,False,False,False,True,False,True,False,True
GCN5:RGR1:YAP6,C16:1,0.7238626961717256,False,-0.0758801251994578,False,False,False,False,False,True,False,True,False,False,False,False,False,False,False,False,False,True,False,False
GCN5:RGR1:TFC7,C16:1,0.30233736526921,False,-0.2280590196452065,False,False,False,False,False,True,False,False,False,False,False,False,False,False,False,False,False,True,False,False
GCN5:RPD3:SPT3,C16:1,0.419655512883538,False,-0.1733272275800842,False,True,False,False,True,True,False,False,False,False,False,False,False,False,True,True,True,True,False,True
GCN5:RPD3:YAP6,C16:1,0.2942536809809322,False,0.2252633436217799,False,True,False,True,False,True,False,False,False,False,False,False,False,False,False,True,False,True,False,False
GCN5:RPD3:TFC7,C16:1,0.0441041964126661,True,-0.4323626605701265,False,True,False,False,False,True,False,False,False,False,False,False,False,False,False,True,False,True,False,False
GCN5:SPT3:YAP6,C16:1,0.591381060071182,False,-0.1152987118897106,False,True,False,False,False,True,False,False,False,False,False,False,False,False,False,True,False,True,False,True
GCN5:SPT3:TFC7,C16:1,0.0767783081050553,False,-0.3800851698939875,False,True,False,False,False,True,False,False,False,False,False,False,False,False,False,True,False,True,False,True
GCN5:YAP6:TFC7,C16:1,0.1460948597754952,False,-0.3121672974928069,False,False,False,False,False,False,False,False,False,False,False,False,False,False,False,False,False,False,False,False
MED4:OPI1:RFX1,C16:1,0.5317899750999461,False,-0.1302609463700972,False,False,False,False,False,False,False,False,False,False,False,False,False,False,False,False,False,False,False,False
MED4:OPI1:RGR1,C16:1,0.3674362363246847,False,0.1877609090091974,False,True,False,False,False,True,False,False,False,False,False,False,False,False,False,True,False,True,False,False
MED4:OPI1:RPD3,C16:1,0.2513588690173302,False,-0.238960864376773,False,False,False,False,False,False,False,False,False,False,False,False,False,False,False,True,False,True,False,False
MED4:OPI1:SPT3,C16:1,0.6120764025584879,False,0.1056443322419757,False,False,False,False,False,True,False,False,False,False,False,False,False,False,False,False,False,False,False,False
MED4:OPI1:YAP6,C16:1,0.9710900714632053,False,0.0077836809389957,False,False,False,False,False,False,False,False,False,False,False,False,False,False,False,False,False,False,False,False
MED4:OPI1:TFC7,C16:1,0.748114798577897,False,-0.0689697533810198,False,False,False,False,False,False,False,False,False,False,False,False,False,False,False,False,False,False,False,False
MED4:RFX1:RGR1,C16:1,0.0143766618476083,True,0.5099208756196383,False,True,False,False,False,True,False,False,False,False,False,False,False,False,False,True,False,True,False,True
MED4:RFX1:RPD3,C16:1,0.7722420028559933,False,0.0621649846360481,False,False,False,False,False,True,False,False,False,False,False,False,False,False,False,False,False,True,False,False
MED4:RFX1:SPT3,C16:1,0.0872164316352958,False,0.3562923878395534,False,False,False,False,False,True,False,False,False,False,False,False,False,False,False,False,False,False,False,False
MED4:RFX1:YAP6,C16:1,0.1354661673178137,False,0.3110069705652524,False,False,False,False,False,False,False,False,False,False,False,False,False,False,False,True,False,False,False,False
MED4:RFX1:TFC7,C16:1,0.294569508907079,False,0.2183564131740603,False,False,False,False,False,False,False,False,False,False,False,False,False,False,False,False,False,False,False,False
MED4:RGR1:RPD3,C16:1,0.0030539908311797,True,0.6171124647502856,False,True,False,False,False,True,False,False,False,False,False,False,False,False,False,True,False,True,False,True
MED4:RGR1:SPT3,C16:1,2.19402009195826e-05,True,0.8841694315587767,False,True,False,False,True,True,False,False,False,False,False,False,False,False,False,True,False,True,False,True
MED4:RGR1:YAP6,C16:1,0.0009849315144874,True,0.6863901605025785,False,True,False,False,False,True,False,False,False,False,False,False,False,False,False,True,False,True,False,True
MED4:RGR1:TFC7,C16:1,0.0007796377093982,True,0.6999580928018978,False,True,False,False,False,True,False,False,False,False,False,False,False,False,False,True,False,True,False,True
MED4:RPD3:SPT3,C16:1,0.0059464883226355,True,0.5730447317531122,False,False,False,False,False,True,False,False,False,False,False,False,False,False,False,True,False,True,False,False
MED4:RPD3:YAP6,C16:1,0.3794841517468197,False,-0.1830863102458906,False,False,False,False,False,True,False,False,False,False,False,False,False,False,False,False,False,True,False,False
MED4:RPD3:TFC7,C16:1,0.0005478519802456,True,0.7200143954172149,False,False,False,False,False,True,False,False,False,False,False,False,False,False,False,False,False,False,False,False
MED4:SPT3:YAP6,C16:1,0.0029795497283958,True,0.6186935074422707,False,False,False,False,False,True,False,False,False,False,False,False,False,False,False,False,False,False,False,False
MED4:SPT3:TFC7,C16:1,0.0124850154025767,True,0.5204244291231594,False,False,False,False,False,True,False,False,False,False,False,False,False,False,False,False,False,False,False,False
MED4:YAP6:TFC7,C16:1,0.0208397947658236,True,0.4814141549199897,False,False,False,False,False,False,False,False,False,False,False,False,False,False,False,False,False,False,False,False
OPI1:RFX1:RGR1,C16:1,0.0001404735294749,True,0.793164710233742,False,False,False,False,False,False,False,False,False,False,False,False,False,False,False,False,False,False,False,False
OPI1:RFX1:RPD3,C16:1,0.2595703373721258,False,-0.234867724328573,False,False,False,False,False,True,False,False,False,False,False,False,False,False,False,True,False,True,False,False
OPI1:RFX1:SPT3,C16:1,7.10923932035106e-05,True,0.8275940320131485,False,False,False,False,False,True,False,False,False,False,False,False,False,False,False,False,False,False,False,False
OPI1:RFX1:YAP6,C16:1,0.0001639276770929,True,0.7851710995827885,False,False,False,False,False,False,False,False,False,False,False,False,False,False,False,True,False,False,False,False
OPI1:RFX1:TFC7,C16:1,0.0026088320522039,True,0.627148214086377,False,False,False,False,False,False,False,False,False,False,False,False,False,False,False,False,False,False,False,False
OPI1:RGR1:RPD3,C16:1,0.829491348990112,False,-0.0448637338337303,False,False,False,False,False,True,False,False,False,False,False,False,False,False,False,True,False,True,False,False
OPI1:RGR1:SPT3,C16:1,0.0018314928665913,True,0.6492003800883432,False,False,False,False,False,True,False,False,False,False,False,False,False,False,False,False,False,False,False,False
OPI1:RGR1:YAP6,C16:1,0.0002209711746605,True,0.7695024388708227,False,False,False,False,False,False,False,False,False,False,False,False,False,False,False,False,False,False,False,False
OPI1:RGR1:TFC7,C16:1,0.0038559079659125,True,0.6020015147992762,False,False,False,False,False,False,False,False,False,False,False,False,False,False,False,False,False,False,False,False
OPI1:RPD3:SPT3,C16:1,0.0406201545368589,True,0.4265228926003304,False,False,False,False,False,True,False,False,False,False,False,False,False,False,False,True,False,True,False,False
OPI1:RPD3:YAP6,C16:1,0.0157614330129394,True,0.5029798177126037,False,False,False,False,False,True,False,False,False,False,False,False,False,False,False,True,False,True,False,False
OPI1:RPD3:TFC7,C16:1,0.0034981904393719,True,0.6083499751497619,False,False,False,False,False,True,False,False,False,False,False,False,False,False,False,True,False,True,False,False
OPI1:SPT3:YAP6,C16:1,0.0010136756587679,True,0.7059005374874844,False,False,False,False,False,True,False,False,False,False,False,False,False,False,False,False,False,False,False,False
OPI1:SPT3:TFC7,C16:1,0.0424544049345563,True,0.4227004701111314,False,False,False,False,False,True,False,False,False,False,False,False,False,False,False,False,False,False,False,False
OPI1:YAP6:TFC7,C16:1,0.0091068115949197,True,0.5433167998455635,False,False,False,False,False,False,False,False,False,False,False,False,False,False,False,False,False,False,False,False
RFX1:RGR1:RPD3,C16:1,0.0248930521717866,True,0.467286344046538,False,False,False,False,False,True,False,False,False,False,False,False,False,False,False,False,False,True,False,False
RFX1:RGR1:SPT3,C16:1,0.020593748965594,True,0.4823466807657199,False,False,False,False,False,True,False,False,False,False,False,False,False,False,False,False,False,False,False,False
RFX1:RGR1:YAP6,C16:1,0.0017063004141236,True,0.6535372956906498,False,False,False,False,False,False,False,True,False,False,False,False,False,False,False,True,False,False,False,False
RFX1:RGR1:TFC7,C16:1,0.0011568528814018,True,0.67691428610377,False,False,False,False,False,False,False,False,False,False,False,False,False,False,False,False,False,False,False,False
RFX1:RPD3:SPT3,C16:1,0.3086461218024579,False,0.2120893564120101,False,False,False,False,False,True,False,False,False,False,False,False,False,False,False,True,False,True,False,False
RFX1:RPD3:YAP6,C16:1,0.000149619398176,True,0.7899080192440588,False,False,False,False,False,True,False,False,False,False,False,False,False,False,False,True,False,True,False,False
RFX1:RPD3:TFC7,C16:1,0.0107095917620101,True,0.5316539653217967,False,False,False,False,False,True,False,False,False,False,False,False,False,False,False,False,False,True,False,False
RFX1:SPT3:YAP6,C16:1,0.0240160315356129,True,0.4701642225207372,False,False,False,False,False,False,False,False,False,False,False,False,False,False,False,True,False,False,False,False
RFX1:SPT3:TFC7,C16:1,0.0403346533180506,True,0.4271309491322954,False,False,False,False,False,False,False,False,False,False,False,False,False,False,False,False,False,False,False,False
RFX1:YAP6:TFC7,C16:1,0.336945769085147,False,0.2000378269603368,False,False,False,False,False,False,False,False,False,False,False,False,False,False,False,True,False,False,False,False
RGR1:RPD3:SPT3,C16:1,0.0065496207780986,True,0.5664196794787886,False,False,False,False,True,True,False,False,False,False,False,False,False,False,False,True,False,True,False,False
RGR1:RPD3:YAP6,C16:1,0.0020652196728907,True,0.6616539678515142,False,False,False,False,False,True,False,False,False,False,False,False,False,False,False,False,False,True,False,False
RGR1:RPD3:TFC7,C16:1,0.0001222145971789,True,0.800311898609152,False,False,False,False,False,True,False,False,False,False,False,False,False,False,False,False,False,False,False,False
RGR1:SPT3:YAP6,C16:1,0.0079422162193304,True,0.5530035801419575,False,False,False,False,False,True,False,False,False,False,False,False,False,False,False,False,False,False,False,False
RGR1:SPT3:TFC7,C16:1,0.0243632775013761,True,0.4690140387895715,False,False,False,False,False,True,False,False,False,False,False,False,False,False,False,False,False,False,False,False
RGR1:YAP6:TFC7,C16:1,0.0121600335143007,True,0.522369177647129,False,False,False,False,False,False,False,False,False,False,False,False,False,False,False,False,False,False,False,False
RPD3:SPT3:YAP6,C16:1,0.9359153807292288,False,0.0167503547892999,False,False,False,False,False,True,False,False,False,False,False,False,False,False,False,True,False,True,False,False
RPD3:SPT3:TFC7,C16:1,0.2479488893739367,False,0.2406880176960906,False,False,False,False,False,True,False,False,False,False,False,False,False,False,False,True,False,True,False,False
RPD3:YAP6:TFC7,C16:1,0.1644931600593793,False,0.2895970078300919,False,False,False,False,False,True,False,False,False,False,False,False,False,False,False,False,False,True,False,False
SPT3:YAP6:TFC7,C16:1,0.1524583997480479,False,0.2980933636928903,False,False,False,False,False,False,False,False,False,False,False,False,False,False,False,False,False,False,False,False
FKH1:GCN5:MED4,C18:1,0.3936060307315958,False,0.3264611698372022,False,False,False,False,False,True,False,False,False,False,False,False,False,False,False,True,False,True,False,True
FKH1:GCN5:OPI1,C18:1,7.941739281902667e-08,True,-1.995866569386162,False,False,False,False,False,True,False,False,False,False,False,False,False,False,False,True,False,True,False,False
FKH1:GCN5:RFX1,C18:1,3.619727755254218e-17,True,-3.1320760554187563,False,False,False,False,False,True,False,False,False,False,False,False,False,False,False,True,False,True,False,True
FKH1:GCN5:RGR1,C18:1,9.857042240915932e-09,True,-2.131462382100514,False,False,False,False,False,True,False,False,False,False,False,False,False,False,False,True,False,True,False,True
FKH1:GCN5:RPD3,C18:1,2.97842332954204e-12,True,-2.5945361929273427,False,True,False,True,False,True,False,False,False,False,False,False,False,False,True,True,True,True,False,True
FKH1:GCN5:SPT3,C18:1,6.92533350931112e-13,True,-2.6696957365611347,False,True,False,False,False,True,False,False,False,False,False,False,False,False,False,True,False,True,False,True
FKH1:GCN5:YAP6,C18:1,1.6945560608937517e-12,True,-2.6238390267081133,False,False,False,False,False,True,False,True,False,False,False,False,False,False,False,True,False,True,False,True
FKH1:GCN5:TFC7,C18:1,1.9417507850755248e-19,True,-3.352133630059336,False,False,False,False,False,True,False,False,False,False,False,False,False,False,False,True,False,True,False,True
FKH1:MED4:OPI1,C18:1,0.0040275174297416,True,-1.037124662138694,False,False,False,False,False,False,False,False,False,False,False,False,False,False,False,False,False,False,False,False
FKH1:MED4:RFX1,C18:1,2.67929209548072e-08,True,-2.0054445935570584,False,False,False,False,False,False,False,False,False,False,False,False,False,False,False,False,False,True,False,False
FKH1:MED4:RGR1,C18:1,3.6595958100413233e-05,True,-1.4886074656325543,False,True,False,False,False,True,False,False,False,False,False,False,False,False,False,True,False,True,False,True
FKH1:MED4:RPD3,C18:1,1.5505103292035575e-09,True,-2.177754588824941,False,False,False,False,False,False,False,False,False,False,False,False,False,False,False,True,False,True,False,False
FKH1:MED4:SPT3,C18:1,6.327814434451164e-05,True,-1.4425418516540274,False,False,False,False,False,True,False,False,False,False,False,False,False,False,False,False,False,False,False,False
FKH1:MED4:YAP6,C18:1,0.0002349156959669,True,-1.3263978839218944,False,False,False,False,False,False,False,False,False,False,False,False,False,False,False,False,False,True,False,False
FKH1:MED4:TFC7,C18:1,0.0276050983377854,True,-0.7943792166325259,False,False,False,False,False,False,False,False,False,False,False,False,False,False,False,False,False,False,False,False
FKH1:OPI1:RFX1,C18:1,1.232039052519356e-14,True,-2.7812982633985266,False,False,False,False,False,False,False,False,False,False,False,False,False,False,False,False,False,True,False,False
FKH1:OPI1:RGR1,C18:1,1.0374861981174731e-09,True,-2.201018403058932,False,False,False,False,False,False,False,False,False,False,False,False,False,False,False,False,False,False,False,False
FKH1:OPI1:RPD3,C18:1,4.409145614634102e-19,True,-3.3185484806428627,False,False,False,False,False,False,False,True,False,False,False,False,False,False,False,True,False,True,False,False
FKH1:OPI1:SPT3,C18:1,8.210573380173495e-13,True,-2.581126772899009,False,False,False,False,False,True,False,False,False,False,False,False,False,False,False,False,False,False,False,False
FKH1:OPI1:YAP6,C18:1,8.767601137253935e-14,True,-2.689549460332831,False,False,False,False,False,False,False,True,False,False,False,False,False,False,False,False,False,True,False,False
FKH1:OPI1:TFC7,C18:1,2.075586206196419e-11,True,-2.4163304516428514,False,False,False,False,False,False,False,False,False,False,False,False,False,False,False,False,False,False,False,False
FKH1:RFX1:RGR1,C18:1,4.50647208059553e-24,True,-3.6493933277207375,False,False,False,False,False,False,False,False,False,False,False,False,False,False,False,False,False,True,False,False
FKH1:RFX1:RPD3,C18:1,1.80775131348441e-37,True,-4.613120032282777,False,False,False,False,False,True,False,False,False,False,False,False,False,False,False,True,True,True,False,False
FKH1:RFX1:SPT3,C18:1,7.0888042155307835e-28,True,-3.946607343718326,False,False,False,False,False,False,False,False,False,False,False,False,False,False,False,False,False,True,False,False
FKH1:RFX1:YAP6,C18:1,8.540831655997782e-21,True,-3.477121616053516,False,False,False,False,False,False,False,True,False,False,False,False,False,False,False,True,False,True,False,False
FKH1:RFX1:TFC7,C18:1,5.151680701045142e-19,True,-3.21269118346668,False,False,False,False,False,False,False,False,False,False,False,False,False,False,False,False,False,True,False,False
FKH1:RGR1:RPD3,C18:1,3.122103211296926e-26,True,-3.820932492178802,False,False,False,False,False,True,False,False,False,False,False,False,False,False,False,True,False,True,False,False
FKH1:RGR1:SPT3,C18:1,1.3725749682424556e-17,True,-3.078709623095487,False,False,False,False,False,True,False,False,False,False,False,False,False,False,False,False,False,False,False,False
FKH1:RGR1:YAP6,C18:1,9.596936066798682e-17,True,-2.9965811751566216,False,False,False,False,False,False,False,True,False,False,False,False,False,False,False,False,False,True,False,False
FKH1:RGR1:TFC7,C18:1,1.7267842040232856e-13,True,-2.6571492546930413,False,False,False,False,False,False,False,False,False,False,False,False,False,False,False,False,False,False,False,False
FKH1:RPD3:SPT3,C18:1,5.157239986314373e-24,True,-3.6446293424612017,False,False,False,True,False,True,False,False,False,False,False,False,False,False,False,True,False,True,False,False
FKH1:RPD3:YAP6,C18:1,1.6287198578193741e-19,True,-3.2584183087805085,False,False,True,True,False,True,False,True,False,False,False,False,False,False,False,True,True,True,False,False
FKH1:RPD3:TFC7,C18:1,9.705467676989882e-13,True,-2.5728424191074226,False,False,False,False,False,True,False,False,False,False,False,False,False,False,False,True,False,True,False,False
FKH1:SPT3:YAP6,C18:1,1.6738012153685338e-17,True,-3.07042868851826,False,False,False,True,False,False,False,False,False,False,False,False,False,False,False,False,False,True,False,False
FKH1:SPT3:TFC7,C18:1,5.150485726998456e-12,True,-2.4887276768983444,False,False,False,False,False,False,False,False,False,False,False,False,False,False,False,False,False,False,False,False
FKH1:YAP6:TFC7,C18:1,1.3838019871610135e-11,True,-2.437602286402416,False,False,False,False,False,False,False,False,False,False,False,False,False,False,False,False,False,True,False,False
GCN5:MED4:OPI1,C18:1,1.4045777699519306e-05,True,-1.6620261608722815,False,False,False,False,False,False,False,False,False,False,False,False,False,False,False,True,False,True,False,False
GCN5:MED4:RFX1,C18:1,7.834460784017664e-11,True,-2.488840715408505,False,False,False,False,False,False,False,False,False,False,False,False,False,False,False,False,False,True,False,False
GCN5:MED4:RGR1,C18:1,5.868220791388071e-05,True,-1.537618968980699,False,True,False,False,False,True,False,False,False,False,False,False,False,False,False,True,True,True,False,True
GCN5:MED4:RPD3,C18:1,2.0223468932794737e-08,True,-2.1468541494831124,False,True,False,False,False,True,False,False,False,False,False,False,False,False,False,True,False,True,False,False
GCN5:MED4:SPT3,C18:1,4.807372467393757e-05,True,-1.555509771684353,False,True,False,False,False,True,False,False,False,False,False,False,False,False,False,True,False,True,False,True
GCN5:MED4:YAP6,C18:1,1.3327241025318452e-08,True,-2.174306260833577,False,False,False,False,False,False,False,False,False,False,False,False,False,False,False,False,False,True,False,False
GCN5:MED4:TFC7,C18:1,3.4002454283332217e-15,True,-3.0136908824163227,False,False,False,False,False,False,False,False,False,False,False,False,False,False,False,False,False,True,False,False
GCN5:OPI1:RFX1,C18:1,0.5905612159670597,False,-0.2000246864155875,False,False,False,False,False,False,False,False,False,False,False,False,False,False,False,True,False,True,False,False
GCN5:OPI1:RGR1,C18:1,0.1859753405432239,False,0.4917048737165025,False,False,False,False,False,True,False,False,False,False,False,False,False,False,False,True,False,True,False,False
GCN5:OPI1:RPD3,C18:1,0.914663482808766,False,-0.0398389776808173,False,True,False,False,False,True,False,False,False,False,False,False,False,False,True,True,True,True,False,False
GCN5:OPI1:SPT3,C18:1,0.1555066221226518,False,0.5280527808358311,False,True,False,False,False,True,False,False,False,False,False,False,False,False,False,True,False,True,False,False
GCN5:OPI1:YAP6,C18:1,0.738245860655341,False,0.1242394739604995,False,False,False,False,False,False,False,False,False,False,False,False,False,False,False,True,False,True,False,False
GCN5:OPI1:TFC7,C18:1,0.0001410824636502,True,-1.574036328456185,False,False,False,False,False,False,False,False,False,False,False,False,False,False,False,True,False,True,False,False
GCN5:RFX1:RGR1,C18:1,0.0036041508413472,True,-1.082198098189577,False,False,False,False,False,True,False,False,False,False,False,False,False,False,False,False,False,True,False,False
GCN5:RFX1:RPD3,C18:1,0.0009938813276874,True,-1.2239847922132687,False,True,False,False,False,True,False,False,False,False,False,False,False,False,False,True,False,True,False,False
GCN5:RFX1:SPT3,C18:1,0.0170377594652934,True,-0.8870203196904412,False,True,False,False,False,True,False,False,False,False,False,False,False,False,False,True,False,True,False,True
GCN5:RFX1:YAP6,C18:1,0.0035693647577878,True,-1.0833242478975302,False,False,False,False,False,False,False,True,False,False,False,False,False,False,False,True,False,False,False,False
GCN5:RFX1:TFC7,C18:1,1.02975530240357e-09,True,-2.2695991966721083,False,False,False,False,False,False,False,False,False,False,False,False,False,False,False,False,False,False,False,False
GCN5:RGR1:RPD3,C18:1,0.0241430710586949,True,-0.8383000045556834,False,True,False,False,True,True,False,False,False,False,False,False,False,False,False,True,False,True,False,False
GCN5:RGR1:SPT3,C18:1,0.0139133231581923,True,-0.9143837150550642,False,True,False,False,True,True,False,False,False,False,False,False,False,False,False,True,False,True,False,True
GCN5:RGR1:YAP6,C18:1,0.097159086675744,False,-0.6166985939255785,False,False,False,False,False,True,False,True,False,False,False,False,False,False,False,False,False,True,False,False
GCN5:RGR1:TFC7,C18:1,1.7661500360776345e-08,True,-2.15616472475989,False,False,False,False,False,True,False,False,False,False,False,False,False,False,False,False,False,True,False,False
GCN5:RPD3:SPT3,C18:1,0.0695328477785655,False,-0.6747540856178498,False,True,False,False,True,True,False,False,False,False,False,False,False,False,True,True,True,True,False,True
GCN5:RPD3:YAP6,C18:1,0.3773739148101313,False,-0.3281846100728739,False,True,False,True,False,True,False,False,False,False,False,False,False,False,False,True,False,True,False,False
GCN5:RPD3:TFC7,C18:1,3.438871765870486e-06,True,-1.7260498607920898,False,True,False,False,False,True,False,False,False,False,False,False,False,False,False,True,False,True,False,False
GCN5:SPT3:YAP6,C18:1,0.0327935510934471,True,-0.7935963827226737,False,True,False,False,False,True,False,False,False,False,False,False,False,False,False,True,False,True,False,True
GCN5:SPT3:TFC7,C18:1,1.150125197013145e-07,True,-1.970884112007848,False,True,False,False,False,True,False,False,False,False,False,False,False,False,False,True,False,True,False,True
GCN5:YAP6:TFC7,C18:1,6.079934616818539e-08,True,-2.013707014980456,False,False,False,False,False,False,False,False,False,False,False,False,False,False,False,False,False,False,False,False
MED4:OPI1:RFX1,C18:1,2.919613891416731e-13,True,-2.63177853296679,False,False,False,False,False,False,False,False,False,False,False,False,False,False,False,False,False,False,False,False
MED4:OPI1:RGR1,C18:1,6.008097518637671e-09,True,-2.097521671454823,False,True,False,False,False,True,False,False,False,False,False,False,False,False,False,True,False,True,False,False
MED4:OPI1:RPD3,C18:1,3.0984960435053324e-19,True,-3.232957827988262,False,False,False,False,False,False,False,False,False,False,False,False,False,False,False,True,False,True,False,False
MED4:OPI1:SPT3,C18:1,4.194359554126679e-07,True,-1.824676306572268,False,False,False,False,False,True,False,False,False,False,False,False,False,False,False,False,False,False,False,False
MED4:OPI1:YAP6,C18:1,9.505746444411181e-09,True,-2.1337485987938623,False,False,False,False,False,False,False,False,False,False,False,False,False,False,False,False,False,False,False,False
MED4:OPI1:TFC7,C18:1,4.934710166079942e-09,True,-2.174658597987613,False,False,False,False,False,False,False,False,False,False,False,False,False,False,False,False,False,False,False,False
MED4:RFX1:RGR1,C18:1,1.0250947032910486e-18,True,-3.1850630660751262,False,True,False,False,False,True,False,False,False,False,False,False,False,False,False,True,False,True,False,True
MED4:RFX1:RPD3,C18:1,9.214019563070756e-28,True,-4.059928340836944,False,False,False,False,False,True,False,False,False,False,False,False,False,False,False,False,False,True,False,False
MED4:RFX1:SPT3,C18:1,2.719242323397029e-15,True,-2.8499877454796687,False,False,False,False,False,True,False,False,False,False,False,False,False,False,False,False,False,False,False,False
MED4:RFX1:YAP6,C18:1,2.088714395307842e-18,True,-3.156234336111371,False,False,False,False,False,False,False,False,False,False,False,False,False,False,False,True,False,False,False,False
MED4:RFX1:TFC7,C18:1,1.6001952110407765e-17,True,-3.0723075621754594,False,False,False,False,False,False,False,False,False,False,False,False,False,False,False,False,False,False,False,False
MED4:RGR1:RPD3,C18:1,5.886417291147529e-20,True,-3.298316734882667,False,True,False,False,False,True,False,False,False,False,False,False,False,False,False,True,False,True,False,True
MED4:RGR1:SPT3,C18:1,1.0202634604419246e-09,True,-2.2019825806837097,False,True,False,False,True,True,False,False,False,False,False,False,False,False,False,True,False,True,False,True
MED4:RGR1:YAP6,C18:1,9.957929182489897e-13,True,-2.571568279379113,False,True,False,False,False,True,False,False,False,False,False,False,False,False,False,True,False,True,False,True
MED4:RGR1:TFC7,C18:1,7.083720345974341e-12,True,-2.472352202902729,False,True,False,False,False,True,False,False,False,False,False,False,False,False,False,True,False,True,False,True
MED4:RPD3:SPT3,C18:1,2.211639850915109e-14,True,-2.7542540821013195,False,False,False,False,False,True,False,False,False,False,False,False,False,False,False,True,False,True,False,False
MED4:RPD3:YAP6,C18:1,3.0079563400853635e-14,True,-2.73993524097474,False,False,False,False,False,True,False,False,False,False,False,False,False,False,False,False,False,True,False,False
MED4:RPD3:TFC7,C18:1,2.32376499793814e-13,True,-2.6428342678879715,False,False,False,False,False,True,False,False,False,False,False,False,False,False,False,False,False,False,False,False
MED4:SPT3:YAP6,C18:1,6.181708677109452e-10,True,-2.2306582423412493,False,False,False,False,False,True,False,False,False,False,False,False,False,False,False,False,False,False,False,False
MED4:SPT3:TFC7,C18:1,3.142715716895811e-09,True,-2.136263195005568,False,False,False,False,False,True,False,False,False,False,False,False,False,False,False,False,False,False,False,False
MED4:YAP6:TFC7,C18:1,1.3626829832620822e-11,True,-2.438405727915603,False,False,False,False,False,False,False,False,False,False,False,False,False,False,False,False,False,False,False,False
OPI1:RFX1:RGR1,C18:1,5.1821137598123255e-05,True,1.4594969730648772,False,False,False,False,False,False,False,False,False,False,False,False,False,False,False,False,False,False,False,False
OPI1:RFX1:RPD3,C18:1,0.6701436301925027,False,-0.153603761933259,False,False,False,False,False,True,False,False,False,False,False,False,False,False,False,True,False,True,False,False
OPI1:RFX1:SPT3,C18:1,1.5081997803673118e-07,True,1.893783330763433,False,False,False,False,False,True,False,False,False,False,False,False,False,False,False,False,False,False,False,False
OPI1:RFX1:YAP6,C18:1,2.3579590789353435e-06,True,1.7021122090861858,False,False,False,False,False,False,False,False,False,False,False,False,False,False,False,True,False,False,False,False
OPI1:RFX1:TFC7,C18:1,6.346684443949666e-05,True,1.4422877334371926,False,False,False,False,False,False,False,False,False,False,False,False,False,False,False,False,False,False,False,False
OPI1:RGR1:RPD3,C18:1,0.9229396325096564,False,0.0348827080436821,False,False,False,False,False,True,False,False,False,False,False,False,False,False,False,True,False,True,False,False
OPI1:RGR1:SPT3,C18:1,2.989365051102532e-06,True,1.6846250155834943,False,False,False,False,False,True,False,False,False,False,False,False,False,False,False,False,False,False,False,False
OPI1:RGR1:YAP6,C18:1,1.2309657056329716e-06,True,1.7491885529634548,False,False,False,False,False,False,False,False,False,False,False,False,False,False,False,False,False,False,False,False
OPI1:RGR1:TFC7,C18:1,2.2264847463661044e-05,True,1.5293185669254066,False,False,False,False,False,False,False,False,False,False,False,False,False,False,False,False,False,False,False,False
OPI1:RPD3:SPT3,C18:1,8.275271453007904e-05,True,1.4194785942479005,False,False,False,False,False,True,False,False,False,False,False,False,False,False,False,True,False,True,False,False
OPI1:RPD3:YAP6,C18:1,0.0008766406115663,True,1.1999021525119755,False,False,False,False,False,True,False,False,False,False,False,False,False,False,False,True,False,True,False,False
OPI1:RPD3:TFC7,C18:1,5.86267469085288e-05,True,1.4490439026788553,False,False,False,False,False,True,False,False,False,False,False,False,False,False,False,True,False,True,False,False
OPI1:SPT3:YAP6,C18:1,7.214722419422023e-08,True,2.002295575478863,False,False,False,False,False,True,False,False,False,False,False,False,False,False,False,False,False,False,False,False
OPI1:SPT3:TFC7,C18:1,1.7513840680071734e-06,True,1.723798750185103,False,False,False,False,False,True,False,False,False,False,False,False,False,False,False,False,False,False,False,False
OPI1:YAP6:TFC7,C18:1,1.1109286023848076e-05,True,1.5846715125849336,False,False,False,False,False,False,False,False,False,False,False,False,False,False,False,False,False,False,False,False
RFX1:RGR1:RPD3,C18:1,0.5615485921757268,False,-0.2093517563241377,False,False,False,False,False,True,False,False,False,False,False,False,False,False,False,False,False,True,False,False
RFX1:RGR1:SPT3,C18:1,0.5924550424906344,False,0.1930299770002874,False,False,False,False,False,True,False,False,False,False,False,False,False,False,False,False,False,False,False,False
RFX1:RGR1:YAP6,C18:1,0.0770487558674248,False,0.6375913715017698,False,False,False,False,False,False,False,True,False,False,False,False,False,False,False,True,False,False,False,False
RFX1:RGR1:TFC7,C18:1,0.1678922182303102,False,0.4972893707130219,False,False,False,False,False,False,False,False,False,False,False,False,False,False,False,False,False,False,False,False
RFX1:RPD3:SPT3,C18:1,0.8954081971732593,False,0.0474077603017841,False,False,False,False,False,True,False,False,False,False,False,False,False,False,False,True,False,True,False,False
RFX1:RPD3:YAP6,C18:1,0.0377923791316011,True,0.7490306962889108,False,False,False,False,False,True,False,False,False,False,False,False,False,False,False,True,False,True,False,False
RFX1:RPD3:TFC7,C18:1,0.1715086752857431,False,0.4930932556607543,False,False,False,False,False,True,False,False,False,False,False,False,False,False,False,False,False,True,False,False
RFX1:SPT3:YAP6,C18:1,0.0344483413158118,True,0.762620339665169,False,False,False,False,False,False,False,False,False,False,False,False,False,False,False,True,False,False,False,False
RFX1:SPT3:TFC7,C18:1,0.0523153618410673,False,0.6997817134930596,False,False,False,False,False,False,False,False,False,False,False,False,False,False,False,False,False,False,False,False
RFX1:YAP6:TFC7,C18:1,0.0018988309548127,True,-1.1199279476557886,False,False,False,False,False,False,False,False,False,False,False,False,False,False,False,True,False,False,False,False
RGR1:RPD3:SPT3,C18:1,0.0063851932146551,True,-0.98350759821304,False,False,False,False,True,True,False,False,False,False,False,False,False,False,False,True,False,True,False,False
RGR1:RPD3:YAP6,C18:1,0.0132659016702376,True,-0.9207249733361786,False,False,False,False,False,True,False,False,False,False,False,False,False,False,False,False,False,True,False,False
RGR1:RPD3:TFC7,C18:1,0.0440102813717306,True,-0.7262735875920192,False,False,False,False,False,True,False,False,False,False,False,False,False,False,False,False,False,False,False,False
RGR1:SPT3:YAP6,C18:1,0.0361184454632174,True,-0.7556991693416057,False,False,False,False,False,True,False,False,False,False,False,False,False,False,False,False,False,False,False,False
RGR1:SPT3:TFC7,C18:1,0.0202491101808947,True,-0.8372369150998729,False,False,False,False,False,True,False,False,False,False,False,False,False,False,False,False,False,False,False,False
RGR1:YAP6:TFC7,C18:1,0.0151420807602023,True,-0.8759175051829662,False,False,False,False,False,False,False,False,False,False,False,False,False,False,False,False,False,False,False,False
RPD3:SPT3:YAP6,C18:1,0.0007603302216184,True,-1.214131215968085,False,False,False,False,False,True,False,False,False,False,False,False,False,False,False,True,False,True,False,False
RPD3:SPT3:TFC7,C18:1,0.0122003608015579,True,-0.9038046998449872,False,False,False,False,False,True,False,False,False,False,False,False,False,False,False,True,False,True,False,False
RPD3:YAP6:TFC7,C18:1,0.006161759800078,True,-0.987738031646244,False,False,False,False,False,True,False,False,False,False,False,False,False,False,False,False,False,True,False,False
SPT3:YAP6:TFC7,C18:1,0.1202654448886559,False,-0.560271350491231,False,False,False,False,False,False,False,False,False,False,False,False,False,False,False,False,False,False,False,False
FKH1:GCN5:MED4,Total Titer,0.5217189415681706,False,0.1258819479673771,False,False,False,False,False,True,False,False,False,False,False,False,False,False,False,True,False,True,False,True
FKH1:GCN5:OPI1,Total Titer,2.021650757099758e-06,True,-0.9069159229393672,False,False,False,False,False,True,False,False,False,False,False,False,False,False,False,True,False,True,False,False
FKH1:GCN5:RFX1,Total Titer,2.042511505374977e-12,True,-1.3421789535621826,False,False,False,False,False,True,False,False,False,False,False,False,False,False,False,True,False,True,False,True
FKH1:GCN5:RGR1,Total Titer,1.174831043977567e-06,True,-0.9276431403920118,False,False,False,False,False,True,False,False,False,False,False,False,False,False,False,True,False,True,False,True
FKH1:GCN5:RPD3,Total Titer,3.410905849989625e-11,True,-1.2650811967278024,False,True,False,True,False,True,False,False,False,False,False,False,False,False,True,True,True,True,False,True
FKH1:GCN5:SPT3,Total Titer,5.704375481215928e-13,True,-1.3757389157760165,False,True,False,False,False,True,False,False,False,False,False,False,False,False,False,True,False,True,False,True
FKH1:GCN5:YAP6,Total Titer,7.980096404347365e-13,True,-1.36698304373044,False,False,False,False,False,True,False,True,False,False,False,False,False,False,False,True,False,True,False,True
FKH1:GCN5:TFC7,Total Titer,2.3032871504810556e-18,True,-1.668545861977594,False,False,False,False,False,True,False,False,False,False,False,False,False,False,False,True,False,True,False,True
FKH1:MED4:OPI1,Total Titer,0.0512213072376002,False,-0.3609682806977048,False,False,False,False,False,False,False,False,False,False,False,False,False,False,False,False,False,False,False,False
FKH1:MED4:RFX1,Total Titer,0.0233059194664744,True,-0.419986259664401,False,False,False,False,False,False,False,False,False,False,False,False,False,False,False,False,False,True,False,False
FKH1:MED4:RGR1,Total Titer,0.0202569230521106,True,-0.4298310391538895,False,True,False,False,False,True,False,False,False,False,False,False,False,False,False,True,False,True,False,True
FKH1:MED4:RPD3,Total Titer,0.0030327885224937,True,-0.5488515525353823,False,False,False,False,False,False,False,False,False,False,False,False,False,False,False,True,False,True,False,False
FKH1:MED4:SPT3,Total Titer,0.0024413092338851,True,-0.5610949631131292,False,False,False,False,False,True,False,False,False,False,False,False,False,False,False,False,False,False,False,False
FKH1:MED4:YAP6,Total Titer,0.0152028217924393,True,-0.4494486373681647,False,False,False,False,False,False,False,False,False,False,False,False,False,False,False,False,False,True,False,False
FKH1:MED4:TFC7,Total Titer,0.1293521279054404,False,-0.2808067569477543,False,False,False,False,False,False,False,False,False,False,False,False,False,False,False,False,False,False,False,False
FKH1:OPI1:RFX1,Total Titer,2.2086644819444528e-11,True,-1.2389207670052775,False,False,False,False,False,False,False,False,False,False,False,False,False,False,False,False,False,True,False,False
FKH1:OPI1:RGR1,Total Titer,9.15109787461502e-05,True,-0.7243103641444463,False,False,False,False,False,False,False,False,False,False,False,False,False,False,False,False,False,False,False,False
FKH1:OPI1:RPD3,Total Titer,1.0124883478078436e-13,True,-1.4199996343010723,False,False,False,False,False,False,False,True,False,False,False,False,False,False,False,True,False,True,False,False
FKH1:OPI1:SPT3,Total Titer,1.6895716871084093e-11,True,-1.246157839104957,False,False,False,False,False,True,False,False,False,False,False,False,False,False,False,False,False,False,False,False
FKH1:OPI1:YAP6,Total Titer,9.745718628852308e-12,True,-1.260896015883604,False,False,False,False,False,False,False,True,False,False,False,False,False,False,False,False,False,True,False,False
FKH1:OPI1:TFC7,Total Titer,9.897735720508045e-09,True,-1.061355290787,False,False,False,False,False,False,False,False,False,False,False,False,False,False,False,False,False,False,False,False
FKH1:RFX1:RGR1,Total Titer,2.301493343592024e-11,True,-1.2378050472701316,False,False,False,False,False,False,False,False,False,False,False,False,False,False,False,False,False,True,False,False
FKH1:RFX1:RPD3,Total Titer,1.1100935867957714e-20,True,-1.726499823883202,False,False,False,False,False,True,False,False,False,False,False,False,False,False,False,True,True,True,False,False
FKH1:RFX1:SPT3,Total Titer,1.4017347645841002e-12,True,-1.311565636242756,False,False,False,False,False,False,False,False,False,False,False,False,False,False,False,False,False,True,False,False
FKH1:RFX1:YAP6,Total Titer,1.712188488451098e-11,True,-1.2843607282392346,False,False,False,False,False,False,False,True,False,False,False,False,False,False,False,True,False,True,False,False
FKH1:RFX1:TFC7,Total Titer,5.02100110656285e-11,True,-1.2164795820532524,False,False,False,False,False,False,False,False,False,False,False,False,False,False,False,False,False,True,False,False
FKH1:RGR1:RPD3,Total Titer,1.507614550458111e-12,True,-1.3096970019777467,False,False,False,False,False,True,False,False,False,False,False,False,False,False,False,True,False,True,False,False
FKH1:RGR1:SPT3,Total Titer,2.3709018354593203e-10,True,-1.1729423077769792,False,False,False,False,False,True,False,False,False,False,False,False,False,False,False,False,False,False,False,False
FKH1:RGR1:YAP6,Total Titer,1.6348473712848854e-08,True,-1.0454888239558515,False,False,False,False,False,False,False,True,False,False,False,False,False,False,False,False,False,True,False,False
FKH1:RGR1:TFC7,Total Titer,6.989439105410568e-11,True,-1.207328062397082,False,False,False,False,False,False,False,False,False,False,False,False,False,False,False,False,False,False,False,False
FKH1:RPD3:SPT3,Total Titer,1.835342379960692e-14,True,-1.4185418325175911,False,False,False,True,False,True,False,False,False,False,False,False,False,False,False,True,False,True,False,False
FKH1:RPD3:YAP6,Total Titer,1.5172663945714792e-14,True,-1.423059408144394,False,False,True,True,False,True,False,True,False,False,False,False,False,False,False,True,True,True,False,False
FKH1:RPD3:TFC7,Total Titer,6.773097056179368e-10,True,-1.1426032895595406,False,False,False,False,False,True,False,False,False,False,False,False,False,False,False,True,False,True,False,False
FKH1:SPT3:YAP6,Total Titer,5.538019790233236e-13,True,-1.335175418823161,False,False,False,True,False,False,False,False,False,False,False,False,False,False,False,False,False,True,False,False
FKH1:SPT3:TFC7,Total Titer,2.4026137067882324e-11,True,-1.236638734641599,False,False,False,False,False,False,False,False,False,False,False,False,False,False,False,False,False,False,False,False
FKH1:YAP6:TFC7,Total Titer,4.195730201304289e-13,True,-1.3421544354616326,False,False,False,False,False,False,False,False,False,False,False,False,False,False,False,False,False,True,False,False
GCN5:MED4:OPI1,Total Titer,5.064370450356485e-05,True,-0.7962468804657381,False,False,False,False,False,False,False,False,False,False,False,False,False,False,False,True,False,True,False,False
GCN5:MED4:RFX1,Total Titer,6.75230552456932e-06,True,-0.884408575425487,False,False,False,False,False,False,False,False,False,False,False,False,False,False,False,False,False,True,False,False
GCN5:MED4:RGR1,Total Titer,0.0002397748870741,True,-0.7216457596504331,False,True,False,False,False,True,False,False,False,False,False,False,False,False,False,True,True,True,False,True
GCN5:MED4:RPD3,Total Titer,1.071289244870088e-05,True,-0.8649397021735982,False,True,False,False,False,True,False,False,False,False,False,False,False,False,False,True,False,True,False,False
GCN5:MED4:SPT3,Total Titer,6.350993343698536e-05,True,-0.7857823363864234,False,True,False,False,False,True,False,False,False,False,False,False,False,False,False,True,False,True,False,True
GCN5:MED4:YAP6,Total Titer,1.4161732897002083e-06,True,-0.947549055919172,False,False,False,False,False,False,False,False,False,False,False,False,False,False,False,False,False,True,False,False
GCN5:MED4:TFC7,Total Titer,2.968494678976658e-14,True,-1.4931580527840105,False,False,False,False,False,False,False,False,False,False,False,False,False,False,False,False,False,True,False,False
GCN5:OPI1:RFX1,Total Titer,0.0914717261797648,False,-0.3221444894192657,False,False,False,False,False,False,False,False,False,False,False,False,False,False,False,True,False,True,False,False
GCN5:OPI1:RGR1,Total Titer,0.4359527040031162,False,0.1487038987291493,False,False,False,False,False,True,False,False,False,False,False,False,False,False,False,True,False,True,False,False
GCN5:OPI1:RPD3,Total Titer,0.1795949629081735,False,-0.2561609238913291,False,True,False,False,False,True,False,False,False,False,False,False,False,False,True,True,True,True,False,False
GCN5:OPI1:SPT3,Total Titer,0.3933233489226395,False,-0.1629358980908333,False,True,False,False,False,True,False,False,False,False,False,False,False,False,False,True,False,True,False,False
GCN5:OPI1:YAP6,Total Titer,0.1354215926906491,False,-0.2849944953594838,False,False,False,False,False,False,False,False,False,False,False,False,False,False,False,True,False,True,False,False
GCN5:OPI1:TFC7,Total Titer,2.715497334043216e-07,True,-1.0917944663806602,False,False,False,False,False,False,False,False,False,False,False,False,False,False,False,True,False,True,False,False
GCN5:RFX1:RGR1,Total Titer,0.5134156053755803,False,-0.124745211378251,False,False,False,False,False,True,False,False,False,False,False,False,False,False,False,False,False,True,False,False
GCN5:RFX1:RPD3,Total Titer,0.0264348978559381,True,-0.4237071890290205,False,True,False,False,False,True,False,False,False,False,False,False,False,False,False,True,False,True,False,False
GCN5:RFX1:SPT3,Total Titer,0.3083660085681236,False,-0.194440688867314,False,True,False,False,False,True,False,False,False,False,False,False,False,False,False,True,False,True,False,True
GCN5:RFX1:YAP6,Total Titer,0.1997843952753858,False,-0.2447392444133873,False,False,False,False,False,False,False,True,False,False,False,False,False,False,False,True,False,False,False,False
GCN5:RFX1:TFC7,Total Titer,1.1863397514044567e-05,True,-0.8360681891463138,False,False,False,False,False,False,False,False,False,False,False,False,False,False,False,False,False,False,False,False
GCN5:RGR1:RPD3,Total Titer,0.2386613828570484,False,-0.2249208320477593,False,True,False,False,True,True,False,False,False,False,False,False,False,False,False,True,False,True,False,False
GCN5:RGR1:SPT3,Total Titer,0.102807271232775,False,-0.3113996484140495,False,True,False,False,True,True,False,False,False,False,False,False,False,False,False,True,False,True,False,True
GCN5:RGR1:YAP6,Total Titer,0.520908911216742,False,-0.122534148635572,False,False,False,False,False,True,False,True,False,False,False,False,False,False,False,False,False,True,False,False
GCN5:RGR1:TFC7,Total Titer,3.862391289650427e-07,True,-0.9974038960557376,False,False,False,False,False,True,False,False,False,False,False,False,False,False,False,False,False,True,False,False
GCN5:RPD3:SPT3,Total Titer,0.0063739231283371,True,-0.5206999425476591,False,True,False,False,True,True,False,False,False,False,False,False,False,False,True,True,True,True,False,True
GCN5:RPD3:YAP6,Total Titer,0.12219988434992,False,-0.2950244263563137,False,True,False,True,False,True,False,False,False,False,False,False,False,False,False,True,False,True,False,False
GCN5:RPD3:TFC7,Total Titer,3.728035886435805e-05,True,-0.7871335124373982,False,True,False,False,False,True,False,False,False,False,False,False,False,False,False,True,False,True,False,False
GCN5:SPT3:YAP6,Total Titer,0.0010309487650032,True,-0.6264554782312721,False,True,False,False,False,True,False,False,False,False,False,False,False,False,False,True,False,True,False,True
GCN5:SPT3:TFC7,Total Titer,5.4521644178761125e-11,True,-1.251794453410839,False,True,False,False,False,True,False,False,False,False,False,False,False,False,False,True,False,True,False,True
GCN5:YAP6:TFC7,Total Titer,1.585776319185677e-11,True,-1.286494539845056,False,False,False,False,False,False,False,False,False,False,False,False,False,False,False,False,False,False,False,False
MED4:OPI1:RFX1,Total Titer,1.988552079045408e-14,True,-1.416634553105508,False,False,False,False,False,False,False,False,False,False,False,False,False,False,False,False,False,False,False,False
MED4:OPI1:RGR1,Total Titer,2.3802882101525386e-08,True,-1.0334604614153418,False,True,False,False,False,True,False,False,False,False,False,False,False,False,False,True,False,True,False,False
MED4:OPI1:RPD3,Total Titer,3.43095728452835e-20,True,-1.70420389878471,False,False,False,False,False,False,False,False,False,False,False,False,False,False,False,True,False,True,False,False
MED4:OPI1:SPT3,Total Titer,1.2112426974007776e-14,True,-1.428388518063128,False,False,False,False,False,True,False,False,False,False,False,False,False,False,False,False,False,False,False,False
MED4:OPI1:YAP6,Total Titer,1.2769161979669938e-12,True,-1.3546310904132517,False,False,False,False,False,False,False,False,False,False,False,False,False,False,False,False,False,False,False,False
MED4:OPI1:TFC7,Total Titer,1.859705310375524e-12,True,-1.3446733685306618,False,False,False,False,False,False,False,False,False,False,False,False,False,False,False,False,False,False,False,False
MED4:RFX1:RGR1,Total Titer,2.9220657085899845e-11,True,-1.2313162286719157,False,True,False,False,False,True,False,False,False,False,False,False,False,False,False,True,False,True,False,True
MED4:RFX1:RPD3,Total Titer,3.6918916328590976e-19,True,-1.7075704431891428,False,False,False,False,False,True,False,False,False,False,False,False,False,False,False,False,False,True,False,False
MED4:RFX1:SPT3,Total Titer,3.0115792230110207e-10,True,-1.1660952079966638,False,False,False,False,False,True,False,False,False,False,False,False,False,False,False,False,False,False,False,False
MED4:RFX1:YAP6,Total Titer,1.3261773541908066e-13,True,-1.3707469882522765,False,False,False,False,False,False,False,False,False,False,False,False,False,False,False,True,False,False,False,False
MED4:RFX1:TFC7,Total Titer,4.335123181782345e-14,True,-1.397963734772672,False,False,False,False,False,False,False,False,False,False,False,False,False,False,False,False,False,False,False,False
MED4:RGR1:RPD3,Total Titer,2.649618625901492e-15,True,-1.4638515429158054,False,True,False,False,False,True,False,False,False,False,False,False,False,False,False,True,False,True,False,True
MED4:RGR1:SPT3,Total Titer,1.0053719025302632e-10,True,-1.1971925990672785,False,True,False,False,True,True,False,False,False,False,False,False,False,False,False,True,False,True,False,True
MED4:RGR1:YAP6,Total Titer,2.882796407751237e-12,True,-1.2929476533464443,False,True,False,False,False,True,False,False,False,False,False,False,False,False,False,True,False,True,False,True
MED4:RGR1:TFC7,Total Titer,9.299559871706445e-14,True,-1.379442378409342,False,True,False,False,False,True,False,False,False,False,False,False,False,False,False,True,False,True,False,True
MED4:RPD3:SPT3,Total Titer,1.5379989836042574e-14,True,-1.422737716462922,False,False,False,False,False,True,False,False,False,False,False,False,False,False,False,True,False,True,False,False
MED4:RPD3:YAP6,Total Titer,9.758150379080182e-22,True,-1.7736116608276822,False,False,False,False,False,True,False,False,False,False,False,False,False,False,False,False,False,True,False,False
MED4:RPD3:TFC7,Total Titer,3.0024536288126926e-14,True,-1.406793554212781,False,False,False,False,False,True,False,False,False,False,False,False,False,False,False,False,False,False,False,False
MED4:SPT3:YAP6,Total Titer,2.682448041524985e-13,True,-1.3533288582075995,False,False,False,False,False,True,False,False,False,False,False,False,False,False,False,False,False,False,False,False
MED4:SPT3:TFC7,Total Titer,1.7224358424678645e-14,True,-1.4200504565092484,False,False,False,False,False,True,False,False,False,False,False,False,False,False,False,False,False,False,False,False
MED4:YAP6:TFC7,Total Titer,9.75247594686667e-18,True,-1.587982005189609,False,False,False,False,False,False,False,False,False,False,False,False,False,False,False,False,False,False,False,False
OPI1:RFX1:RGR1,Total Titer,0.1408348750624276,False,0.2726653362373916,False,False,False,False,False,False,False,False,False,False,False,False,False,False,False,False,False,False,False,False
OPI1:RFX1:RPD3,Total Titer,3.0556684887706773e-08,True,-1.025389338565222,False,False,False,False,False,True,False,False,False,False,False,False,False,False,False,True,False,True,False,False
OPI1:RFX1:SPT3,Total Titer,0.742477662335679,False,0.0608348035581562,False,False,False,False,False,True,False,False,False,False,False,False,False,False,False,False,False,False,False,False
OPI1:RFX1:YAP6,Total Titer,0.4389436707693018,False,0.1433004599791549,False,False,False,False,False,False,False,False,False,False,False,False,False,False,False,True,False,False,False,False
OPI1:RFX1:TFC7,Total Titer,0.5428143798086013,False,0.1126741072292247,False,False,False,False,False,False,False,False,False,False,False,False,False,False,False,False,False,False,False,False
OPI1:RGR1:RPD3,Total Titer,0.0007641649810355,True,-0.6231076934057683,False,False,False,False,False,True,False,False,False,False,False,False,False,False,False,True,False,True,False,False
OPI1:RGR1:SPT3,Total Titer,0.1961985663796993,False,0.2392959225165394,False,False,False,False,False,True,False,False,False,False,False,False,False,False,False,False,False,False,False,False
OPI1:RGR1:YAP6,Total Titer,0.1116908306332815,False,0.2945035165459024,False,False,False,False,False,False,False,False,False,False,False,False,False,False,False,False,False,False,False,False
OPI1:RGR1:TFC7,Total Titer,0.2347370507344369,False,0.2200010225883379,False,False,False,False,False,False,False,False,False,False,False,False,False,False,False,False,False,False,False,False
OPI1:RPD3:SPT3,Total Titer,0.1619380009571629,False,-0.2589447783627383,False,False,False,False,False,True,False,False,False,False,False,False,False,False,False,True,False,True,False,False
OPI1:RPD3:YAP6,Total Titer,0.1693034865031799,False,-0.2544756891653555,False,False,False,False,False,True,False,False,False,False,False,False,False,False,False,True,False,True,False,False
OPI1:RPD3:TFC7,Total Titer,0.9072865810119488,False,-0.0215626552824454,False,False,False,False,False,True,False,False,False,False,False,False,False,False,False,True,False,True,False,False
OPI1:SPT3:YAP6,Total Titer,0.9014520240219388,False,-0.0236360936323156,False,False,False,False,False,True,False,False,False,False,False,False,False,False,False,False,False,False,False,False
OPI1:SPT3:TFC7,Total Titer,0.9088155618655858,False,-0.0212054831595103,False,False,False,False,False,True,False,False,False,False,False,False,False,False,False,False,False,False,False,False
OPI1:YAP6:TFC7,Total Titer,0.7505227940897135,False,-0.0588677992775643,False,False,False,False,False,False,False,False,False,False,False,False,False,False,False,False,False,False,False,False
RFX1:RGR1:RPD3,Total Titer,0.1272512756488169,False,-0.2823563889531593,False,False,False,False,False,True,False,False,False,False,False,False,False,False,False,False,False,True,False,False
RFX1:RGR1:SPT3,Total Titer,0.8704746716960053,False,-0.0301894024271798,False,False,False,False,False,True,False,False,False,False,False,False,False,False,False,False,False,False,False,False
RFX1:RGR1:YAP6,Total Titer,0.2892679631778635,False,0.1962065998089306,False,False,False,False,False,False,False,True,False,False,False,False,False,False,False,True,False,False,False,False
RFX1:RGR1:TFC7,Total Titer,0.948934439650431,False,0.0118577884626773,False,False,False,False,False,False,False,False,False,False,False,False,False,False,False,False,False,False,False,False
RFX1:RPD3:SPT3,Total Titer,0.0366027547398069,True,-0.3869901736187588,False,False,False,False,False,True,False,False,False,False,False,False,False,False,False,True,False,True,False,False
RFX1:RPD3:YAP6,Total Titer,0.7544463542494906,False,-0.0579109223811769,False,False,False,False,False,True,False,False,False,False,False,False,False,False,False,True,False,True,False,False
RFX1:RPD3:TFC7,Total Titer,0.3514841012532431,False,-0.172505000741451,False,False,False,False,False,True,False,False,False,False,False,False,False,False,False,False,False,True,False,False
RFX1:SPT3:YAP6,Total Titer,0.8957424488573189,False,0.024262068410803,False,False,False,False,False,False,False,False,False,False,False,False,False,False,False,True,False,False,False,False
RFX1:SPT3:TFC7,Total Titer,0.9691967695531374,False,-0.0071496201981411,False,False,False,False,False,False,False,False,False,False,False,False,False,False,False,False,False,False,False,False
RFX1:YAP6:TFC7,Total Titer,5.08156095442642e-06,True,-0.844532256055234,False,False,False,False,False,False,False,False,False,False,False,False,False,False,False,True,False,False,False,False
RGR1:RPD3:SPT3,Total Titer,0.0001841535146422,True,-0.6924195420387365,False,False,False,False,True,True,False,False,False,False,False,False,False,False,False,True,False,True,False,False
RGR1:RPD3:YAP6,Total Titer,3.230612174746924e-05,True,-0.7934040867656583,False,False,False,False,False,True,False,False,False,False,False,False,False,False,False,False,False,True,False,False
RGR1:RPD3:TFC7,Total Titer,9.268220196558985e-06,True,-0.8208676514451012,False,False,False,False,False,True,False,False,False,False,False,False,False,False,False,False,False,False,False,False
RGR1:SPT3:YAP6,Total Titer,3.1837714514963994e-05,True,-0.7701981488067313,False,False,False,False,False,True,False,False,False,False,False,False,False,False,False,False,False,False,False,False
RGR1:SPT3:TFC7,Total Titer,1.3259099054127037e-07,True,-0.9766975446098968,False,False,False,False,False,True,False,False,False,False,False,False,False,False,False,False,False,False,False,False
RGR1:YAP6:TFC7,Total Titer,1.2166175181444485e-07,True,-0.9796142133734048,False,False,False,False,False,False,False,False,False,False,False,False,False,False,False,False,False,False,False,False
RPD3:SPT3:YAP6,Total Titer,6.957943488984705e-16,True,-1.494376031068235,False,False,False,False,False,True,False,False,False,False,False,False,False,False,False,True,False,True,False,False
RPD3:SPT3:TFC7,Total Titer,3.497723289041324e-14,True,-1.4031298316186742,False,False,False,False,False,True,False,False,False,False,False,False,False,False,False,True,False,True,False,False
RPD3:YAP6:TFC7,Total Titer,1.5943281441422944e-15,True,-1.4755198342678688,False,False,False,False,False,True,False,False,False,False,False,False,False,False,False,False,False,True,False,False
SPT3:YAP6:TFC7,Total Titer,1.4948597949260618e-11,True,-1.2494519541157691,False,False,False,False,False,False,False,False,False,False,False,False,False,False,False,False,False,False,False,False
