{
  "panel_b":{
    "n_isolates":918,
    "median_absent":124.0,
    "median_pct_div":0.3782462214
  },
  "panel_c":{
    "kemmeren_single":0.1551935131,
    "sameith_single":0.1419887896,
    "sameith_double":0.1775451539,
    "caudal":0.5683069371
  },
  "panel_d":{
    "shared_ymax":2.6,
    "kemmeren_single":1484,
    "sameith_single":82,
    "sameith_double":72,
    "caudal":943
  },
  "panel_d2":{
    "kemmeren_single":1484,
    "caudal":943,
    "sameith_single":82,
    "sameith_double":72
  },
  "panel_e":{
    "kemmeren_median":4.0,
    "sameith_double_median":58.0,
    "caudal_median":59.0
  },
  "panel_f":{
    "n_shared_genes":5811,
    "pc1_var":0.1190584875
  },
  "overlap":{
    "n_genes":5811,
    "r":0.3352075006
  },
  "regulatory":{
    "cds":0.4123596172,
    "upstream_1000":0.787772831,
    "downstream_297":0.8427004783,
    "intergenic_other":0.6524337358
  },
  "decoupling":{
    "r":0.0379026906,
    "n":865
  }
}