study_name,pcl_filename,condition_index,condition_name,call,genes
Alkim_2013_PMID_23864114,GSE39185.final.pcl,6,CI25E delta Cot1 replicate 1,deletion,YOR316C
Alkim_2013_PMID_23864114,GSE39185.final.pcl,7,CI25E delta Cot1 replicate 2,deletion,YOR316C
Alkim_2013_PMID_23864114,GSE39185.final.pcl,8,CI25E delta Cot1 replicate 3,deletion,YOR316C
Angus-Hill_2001_PMID_11336698,2010.Angus01.flt.knn.avg.pcl,5,rsc30 null a2,deletion,YHR056C
Angus-Hill_2001_PMID_11336698,2010.Angus01.flt.knn.avg.pcl,6,rsc30 null b1,deletion,YHR056C
Angus-Hill_2001_PMID_11336698,2010.Angus01.flt.knn.avg.pcl,7,rsc30 null b2,deletion,YHR056C
Ansari_2012_PMID_21971086,GSE31774_final.pcl,3,gal11∆ med3∆ YPD rep1,deletion,YGL025C|YOL051W
Ansari_2012_PMID_21971086,GSE31774_final.pcl,4,gal11∆ med3∆ YPD rep2,deletion,YGL025C|YOL051W
Ansari_2012_PMID_21971086,GSE31774_final.pcl,5,gal11∆ med3∆ YPD rep3,deletion,YGL025C|YOL051W
Ansari_2012_PMID_21971086,GSE31774_final.pcl,6,gal11-myc med3∆ YPD rep1,deletion,YGL025C
Ansari_2012_PMID_21971086,GSE31774_final.pcl,7,gal11-myc med3∆ YPD rep2,deletion,YGL025C
Ansari_2012_PMID_21971086,GSE31774_final.pcl,8,gal11-myc med3∆ YPD rep3,deletion,YGL025C
Ansari_2012_PMID_21971086,GSE31774_final.pcl,12,gal11∆ med3∆ CSM rep1,deletion,YGL025C|YOL051W
Ansari_2012_PMID_21971086,GSE31774_final.pcl,13,gal11∆ med3∆ CSM rep2,deletion,YGL025C|YOL051W
Ansari_2012_PMID_21971086,GSE31774_final.pcl,14,gal11∆ med3∆ CSM rep3,deletion,YGL025C|YOL051W
Ansari_2012_PMID_21971086,GSE31774_final.pcl,15,gal11-myc med3∆ CSM rep1,deletion,YGL025C
Ansari_2012_PMID_21971086,GSE31774_final.pcl,16,gal11-myc med3∆ CSM rep2,deletion,YGL025C
Ansari_2012_PMID_21971086,GSE31774_final.pcl,17,gal11-myc med3∆ CSM rep3,deletion,YGL025C
Apweiler_2012_PMID_22697265,GSE33097_s257_final.pcl,0,elm1-del-3-a,deletion,YKL048C
Apweiler_2012_PMID_22697265,GSE33097_s257_final.pcl,1,elm1-del-3-b,deletion,YKL048C
Apweiler_2012_PMID_22697265,GSE33097_s257_final.pcl,2,pkh1-del-1-a,deletion,YDR490C
Apweiler_2012_PMID_22697265,GSE33097_s257_final.pcl,3,pkh1-del-1-b,deletion,YDR490C
Apweiler_2012_PMID_22697265,GSE33097_s257_final.pcl,4,rim11-del-2-a,deletion,YMR139W
Apweiler_2012_PMID_22697265,GSE33097_s257_final.pcl,5,rim11-del-2-b,deletion,YMR139W
Apweiler_2012_PMID_22697265,GSE33097_s257_final.pcl,6,rim15-del-1-a,deletion,YFL033C
Apweiler_2012_PMID_22697265,GSE33097_s257_final.pcl,7,rim15-del-1-b,deletion,YFL033C
Apweiler_2012_PMID_22697265,GSE33097_s257_final.pcl,8,sak1-del-1-a,deletion,YER129W
Apweiler_2012_PMID_22697265,GSE33097_s257_final.pcl,9,sak1-del-1-b,deletion,YER129W
Apweiler_2012_PMID_22697265,GSE33097_s257_final.pcl,10,snf1-del-2-a,deletion,YDR477W
Apweiler_2012_PMID_22697265,GSE33097_s257_final.pcl,11,snf1-del-2-b,deletion,YDR477W
Apweiler_2012_PMID_22697265,GSE33097_s257_final.pcl,12,tor1-del-1-a,deletion,YJR066W
Apweiler_2012_PMID_22697265,GSE33097_s257_final.pcl,13,tor1-del-1-b,deletion,YJR066W
Apweiler_2012_PMID_22697265,GSE33097_s257_final.pcl,14,tos3-del-1-a,deletion,YGL179C
Apweiler_2012_PMID_22697265,GSE33097_s257_final.pcl,15,tos3-del-1-b,deletion,YGL179C
Apweiler_2012_PMID_22697265,GSE33097_s257_final.pcl,16,tpk1-del-2-a,deletion,YJL164C
Apweiler_2012_PMID_22697265,GSE33097_s257_final.pcl,17,tpk1-del-2-b,deletion,YJL164C
Apweiler_2012_PMID_22697265,GSE33097_s257_final.pcl,18,tpk3-del-2-a,deletion,YKL166C
Apweiler_2012_PMID_22697265,GSE33097_s257_final.pcl,19,tpk3-del-2-b,deletion,YKL166C
Apweiler_2012_PMID_22697265,GSE33097_s257_final.pcl,34,yak1-del-2-a,deletion,YJL141C
Apweiler_2012_PMID_22697265,GSE33097_s257_final.pcl,35,yak1-del-2-b,deletion,YJL141C
Apweiler_2012_PMID_22697265,GSE33097_s257_final.pcl,36,yck1-del-2-a,deletion,YHR135C
Apweiler_2012_PMID_22697265,GSE33097_s257_final.pcl,37,yck1-del-2-b,deletion,YHR135C
Apweiler_2012_PMID_22697265,GSE33097_s257_final.pcl,38,yck2-del-1-a,deletion,YNL154C
Apweiler_2012_PMID_22697265,GSE33097_s257_final.pcl,39,yck2-del-1-b,deletion,YNL154C
Apweiler_2012_PMID_22697265,GSE33097_s257_final.pcl,40,ccr4-del-2-a,deletion,YAL021C
Apweiler_2012_PMID_22697265,GSE33097_s257_final.pcl,41,ccr4-del-2-b,deletion,YAL021C
Apweiler_2012_PMID_22697265,GSE33097_s257_final.pcl,42,ssn6-del-2-a,deletion,YBR112C
Apweiler_2012_PMID_22697265,GSE33097_s257_final.pcl,43,ssn6-del-2-b,deletion,YBR112C
Apweiler_2012_PMID_22697265,GSE33097_s257_final.pcl,44,tup1-del-1-c,deletion,YCR084C
Apweiler_2012_PMID_22697265,GSE33097_s257_final.pcl,45,tup1-del-1-d,deletion,YCR084C
Apweiler_2012_PMID_22697265,GSE33097_s257_final.pcl,46,adr1-del-1-a,deletion,YDR216W
Apweiler_2012_PMID_22697265,GSE33097_s257_final.pcl,47,adr1-del-1-b,deletion,YDR216W
Apweiler_2012_PMID_22697265,GSE33097_s257_final.pcl,48,asc1-del-2-b,deletion,YMR116C
Apweiler_2012_PMID_22697265,GSE33097_s257_final.pcl,49,asc1-del-3-a,deletion,YMR116C
Apweiler_2012_PMID_22697265,GSE33097_s257_final.pcl,50,bcy1-del-1-a,deletion,YIL033C
Apweiler_2012_PMID_22697265,GSE33097_s257_final.pcl,51,bcy1-del-1-b,deletion,YIL033C
Apweiler_2012_PMID_22697265,GSE33097_s257_final.pcl,52,cap-del-3-a,deletion,YNL138W
Apweiler_2012_PMID_22697265,GSE33097_s257_final.pcl,53,cap-del-3-b,deletion,YNL138W
Apweiler_2012_PMID_22697265,GSE33097_s257_final.pcl,54,cat8-del-1-b,deletion,YMR280C
Apweiler_2012_PMID_22697265,GSE33097_s257_final.pcl,55,erf2-del-1-a,deletion,YLR246W
Apweiler_2012_PMID_22697265,GSE33097_s257_final.pcl,56,erf2-del-1-b,deletion,YLR246W
Apweiler_2012_PMID_22697265,GSE33097_s257_final.pcl,57,fbp1-del-2-a,deletion,YLR377C
Apweiler_2012_PMID_22697265,GSE33097_s257_final.pcl,58,fbp1-del-2-b,deletion,YLR377C
Apweiler_2012_PMID_22697265,GSE33097_s257_final.pcl,59,gal83-del-1-a,deletion,YER027C
Apweiler_2012_PMID_22697265,GSE33097_s257_final.pcl,60,gal83-del-1-b,deletion,YER027C
Apweiler_2012_PMID_22697265,GSE33097_s257_final.pcl,61,gcr2-del-1-a,deletion,YNL199C
Apweiler_2012_PMID_22697265,GSE33097_s257_final.pcl,62,gcr2-del-1-b,deletion,YNL199C
Apweiler_2012_PMID_22697265,GSE33097_s257_final.pcl,63,gdb1-del-1-a,deletion,YPR184W
Apweiler_2012_PMID_22697265,GSE33097_s257_final.pcl,64,gis1-del-1-a,deletion,YDR096W
Apweiler_2012_PMID_22697265,GSE33097_s257_final.pcl,65,gis1-del-1-b,deletion,YDR096W
Apweiler_2012_PMID_22697265,GSE33097_s257_final.pcl,66,glg1-del-1-a,deletion,YKR058W
Apweiler_2012_PMID_22697265,GSE33097_s257_final.pcl,67,glg1-del-1-b,deletion,YKR058W
Apweiler_2012_PMID_22697265,GSE33097_s257_final.pcl,68,glg2-del-1-a,deletion,YJL137C
Apweiler_2012_PMID_22697265,GSE33097_s257_final.pcl,69,glg2-del-1-b,deletion,YJL137C
Apweiler_2012_PMID_22697265,GSE33097_s257_final.pcl,70,glk1-del-1-a,deletion,YCL040W
Apweiler_2012_PMID_22697265,GSE33097_s257_final.pcl,71,glk1-del-1-b,deletion,YCL040W
Apweiler_2012_PMID_22697265,GSE33097_s257_final.pcl,72,gpa2-del-1-a,deletion,YER020W
Apweiler_2012_PMID_22697265,GSE33097_s257_final.pcl,73,gpa2-del-1-b,deletion,YER020W
Apweiler_2012_PMID_22697265,GSE33097_s257_final.pcl,74,gpg1-del-1-a,deletion,YGL121C
Apweiler_2012_PMID_22697265,GSE33097_s257_final.pcl,75,gpg1-del-1-b,deletion,YGL121C
Apweiler_2012_PMID_22697265,GSE33097_s257_final.pcl,76,gph1-del-1-a,deletion,YPR160W
Apweiler_2012_PMID_22697265,GSE33097_s257_final.pcl,77,gph1-del-1-b,deletion,YPR160W
Apweiler_2012_PMID_22697265,GSE33097_s257_final.pcl,78,gpr1-del-1-a,deletion,YDL035C
Apweiler_2012_PMID_22697265,GSE33097_s257_final.pcl,79,gpr1-del-1-b,deletion,YDL035C
Apweiler_2012_PMID_22697265,GSE33097_s257_final.pcl,80,grr1-del-3-a,deletion,YJR090C
Apweiler_2012_PMID_22697265,GSE33097_s257_final.pcl,81,grr1-del-3-b,deletion,YJR090C
Apweiler_2012_PMID_22697265,GSE33097_s257_final.pcl,82,gsy1-del-1-a,deletion,YFR015C
Apweiler_2012_PMID_22697265,GSE33097_s257_final.pcl,83,gsy1-del-1-b,deletion,YFR015C
Apweiler_2012_PMID_22697265,GSE33097_s257_final.pcl,84,gsy2-del-1-a,deletion,YLR258W
Apweiler_2012_PMID_22697265,GSE33097_s257_final.pcl,85,gsy2-del-1-b,deletion,YLR258W
Apweiler_2012_PMID_22697265,GSE33097_s257_final.pcl,86,hap2-del-3-a,deletion,YGL237C
Apweiler_2012_PMID_22697265,GSE33097_s257_final.pcl,87,hap2-del-3-b,deletion,YGL237C
Apweiler_2012_PMID_22697265,GSE33097_s257_final.pcl,88,hap3-del-1-a,deletion,YBL021C
Apweiler_2012_PMID_22697265,GSE33097_s257_final.pcl,89,hap3-del-1-b,deletion,YBL021C
Apweiler_2012_PMID_22697265,GSE33097_s257_final.pcl,90,hap4-del-1-a,deletion,YKL109W
Apweiler_2012_PMID_22697265,GSE33097_s257_final.pcl,91,hap4-del-1-b,deletion,YKL109W
Apweiler_2012_PMID_22697265,GSE33097_s257_final.pcl,92,hsp12-del-1-a,deletion,YFL014W
Apweiler_2012_PMID_22697265,GSE33097_s257_final.pcl,93,hsp12-del-1-b,deletion,YFL014W
Apweiler_2012_PMID_22697265,GSE33097_s257_final.pcl,94,hxk1-del-1-a,deletion,YFR053C
Apweiler_2012_PMID_22697265,GSE33097_s257_final.pcl,95,hxk1-del-1-b,deletion,YFR053C
Apweiler_2012_PMID_22697265,GSE33097_s257_final.pcl,96,hxk2-del-1-a,deletion,YGL253W
Apweiler_2012_PMID_22697265,GSE33097_s257_final.pcl,97,hxk2-del-1-b,deletion,YGL253W
Apweiler_2012_PMID_22697265,GSE33097_s257_final.pcl,98,ira1-del-1-a,deletion,YBR140C
Apweiler_2012_PMID_22697265,GSE33097_s257_final.pcl,99,ira1-del-1-b,deletion,YBR140C
Apweiler_2012_PMID_22697265,GSE33097_s257_final.pcl,100,ira2-del-4-a,deletion,YOL081W
Apweiler_2012_PMID_22697265,GSE33097_s257_final.pcl,101,ira2-del-4-b,deletion,YOL081W
Apweiler_2012_PMID_22697265,GSE33097_s257_final.pcl,102,krh1-del-1-a,deletion,YAL056W
Apweiler_2012_PMID_22697265,GSE33097_s257_final.pcl,103,krh1-del-1-b,deletion,YAL056W
Apweiler_2012_PMID_22697265,GSE33097_s257_final.pcl,104,krh2-del-1-a,deletion,YOR371C
Apweiler_2012_PMID_22697265,GSE33097_s257_final.pcl,105,krh2-del-1-b,deletion,YOR371C
Apweiler_2012_PMID_22697265,GSE33097_s257_final.pcl,106,maf1-del-1-b,deletion,YDR005C
Apweiler_2012_PMID_22697265,GSE33097_s257_final.pcl,107,maf1-del-1-b-a,deletion,YDR005C
Apweiler_2012_PMID_22697265,GSE33097_s257_final.pcl,108,mig1-del-2-a,deletion,YGL035C
Apweiler_2012_PMID_22697265,GSE33097_s257_final.pcl,109,mig1-del-2-b,deletion,YGL035C
Apweiler_2012_PMID_22697265,GSE33097_s257_final.pcl,110,mig2-del-3-a,deletion,YGL209W
Apweiler_2012_PMID_22697265,GSE33097_s257_final.pcl,111,mig2-del-3-b,deletion,YGL209W
Apweiler_2012_PMID_22697265,GSE33097_s257_final.pcl,112,msn2-del-2-a,deletion,YMR037C
Apweiler_2012_PMID_22697265,GSE33097_s257_final.pcl,113,msn2-del-2-b,deletion,YMR037C
Apweiler_2012_PMID_22697265,GSE33097_s257_final.pcl,114,msn4-del-1-a,deletion,YKL062W
Apweiler_2012_PMID_22697265,GSE33097_s257_final.pcl,115,msn4-del-1-b,deletion,YKL062W
Apweiler_2012_PMID_22697265,GSE33097_s257_final.pcl,116,mth1-del-2-a,deletion,YDR277C
Apweiler_2012_PMID_22697265,GSE33097_s257_final.pcl,117,mth1-del-2-b,deletion,YDR277C
Apweiler_2012_PMID_22697265,GSE33097_s257_final.pcl,118,muc1-del-1-a,deletion,YIR019C
Apweiler_2012_PMID_22697265,GSE33097_s257_final.pcl,119,muc1-del-1-b,deletion,YIR019C
Apweiler_2012_PMID_22697265,GSE33097_s257_final.pcl,120,nrg1-del-2-a,deletion,YDR043C
Apweiler_2012_PMID_22697265,GSE33097_s257_final.pcl,121,nrg1-del-2-b,deletion,YDR043C
Apweiler_2012_PMID_22697265,GSE33097_s257_final.pcl,122,nrg2-del-1-a,deletion,YBR066C
Apweiler_2012_PMID_22697265,GSE33097_s257_final.pcl,123,nrg2-del-1-b,deletion,YBR066C
Apweiler_2012_PMID_22697265,GSE33097_s257_final.pcl,124,nth1-del-2-a,deletion,YDR001C
Apweiler_2012_PMID_22697265,GSE33097_s257_final.pcl,125,nth1-del-2-b,deletion,YDR001C
Apweiler_2012_PMID_22697265,GSE33097_s257_final.pcl,126,nth2-del-1-a,deletion,YBR001C
Apweiler_2012_PMID_22697265,GSE33097_s257_final.pcl,127,nth2-del-1-b,deletion,YBR001C
Apweiler_2012_PMID_22697265,GSE33097_s257_final.pcl,128,pde1-del-1-a,deletion,YGL248W
Apweiler_2012_PMID_22697265,GSE33097_s257_final.pcl,129,pde1-del-1-b,deletion,YGL248W
Apweiler_2012_PMID_22697265,GSE33097_s257_final.pcl,130,pde2-del-1-a,deletion,YOR360C
Apweiler_2012_PMID_22697265,GSE33097_s257_final.pcl,131,pde2-del-1-b,deletion,YOR360C
Apweiler_2012_PMID_22697265,GSE33097_s257_final.pcl,132,pfk1-del-2-c1,deletion,YGR240C
Apweiler_2012_PMID_22697265,GSE33097_s257_final.pcl,133,pfk1-del-2-c2,deletion,YGR240C
Apweiler_2012_PMID_22697265,GSE33097_s257_final.pcl,134,pfk2-del-3-a,deletion,YMR205C
Apweiler_2012_PMID_22697265,GSE33097_s257_final.pcl,135,pfk2-del-3-b,deletion,YMR205C
Apweiler_2012_PMID_22697265,GSE33097_s257_final.pcl,136,pfk26-del-2-a,deletion,YIL107C
Apweiler_2012_PMID_22697265,GSE33097_s257_final.pcl,137,pfk27-del-1-a,deletion,YOL136C
Apweiler_2012_PMID_22697265,GSE33097_s257_final.pcl,138,pfk27-del-1-b,deletion,YOL136C
Apweiler_2012_PMID_22697265,GSE33097_s257_final.pcl,139,pgm1-del-1-a,deletion,YKL127W
Apweiler_2012_PMID_22697265,GSE33097_s257_final.pcl,140,pgm1-del-1-b,deletion,YKL127W
Apweiler_2012_PMID_22697265,GSE33097_s257_final.pcl,141,pgm2-del-2-a,deletion,YMR105C
Apweiler_2012_PMID_22697265,GSE33097_s257_final.pcl,142,pgm2-del-2-b,deletion,YMR105C
Apweiler_2012_PMID_22697265,GSE33097_s257_final.pcl,143,ram1-del-3-a,deletion,YDL090C
Apweiler_2012_PMID_22697265,GSE33097_s257_final.pcl,144,ram1-del-3-b,deletion,YDL090C
Apweiler_2012_PMID_22697265,GSE33097_s257_final.pcl,145,ras1-del-1-a,deletion,YOR101W
Apweiler_2012_PMID_22697265,GSE33097_s257_final.pcl,146,ras1-del-1-b,deletion,YOR101W
Apweiler_2012_PMID_22697265,GSE33097_s257_final.pcl,147,ras2-del-1-a,deletion,YNL098C
Apweiler_2012_PMID_22697265,GSE33097_s257_final.pcl,148,ras2-del-1-b,deletion,YNL098C
Apweiler_2012_PMID_22697265,GSE33097_s257_final.pcl,149,rce1-del-2-a,deletion,YMR274C
Apweiler_2012_PMID_22697265,GSE33097_s257_final.pcl,150,rce1-del-2-b,deletion,YMR274C
Apweiler_2012_PMID_22697265,GSE33097_s257_final.pcl,151,reg1-del-1-a,deletion,YDR028C
Apweiler_2012_PMID_22697265,GSE33097_s257_final.pcl,152,reg1-del-1-b,deletion,YDR028C
Apweiler_2012_PMID_22697265,GSE33097_s257_final.pcl,153,rgs2-del-1-a,deletion,YOR107W
Apweiler_2012_PMID_22697265,GSE33097_s257_final.pcl,154,rgs2-del-1-b,deletion,YOR107W
Apweiler_2012_PMID_22697265,GSE33097_s257_final.pcl,155,rgt1-del-1-a,deletion,YKL038W
Apweiler_2012_PMID_22697265,GSE33097_s257_final.pcl,156,rgt1-del-1-b,deletion,YKL038W
Apweiler_2012_PMID_22697265,GSE33097_s257_final.pcl,157,rgt2-del-1-a,deletion,YDL138W
Apweiler_2012_PMID_22697265,GSE33097_s257_final.pcl,158,rgt2-del-1-b,deletion,YDL138W
Apweiler_2012_PMID_22697265,GSE33097_s257_final.pcl,159,sch9-del-3-a-q,deletion,YHR205W
Apweiler_2012_PMID_22697265,GSE33097_s257_final.pcl,160,sch9-del-3-b-q,deletion,YHR205W
Apweiler_2012_PMID_22697265,GSE33097_s257_final.pcl,161,sdc25-del-1-a,deletion,YLL016W
Apweiler_2012_PMID_22697265,GSE33097_s257_final.pcl,162,sdc25-del-1-b,deletion,YLL016W
Apweiler_2012_PMID_22697265,GSE33097_s257_final.pcl,163,sfl1-del-3-a,deletion,YOR140W
Apweiler_2012_PMID_22697265,GSE33097_s257_final.pcl,164,sfl1-del-3-d,deletion,YOR140W
Apweiler_2012_PMID_22697265,GSE33097_s257_final.pcl,165,shr5-del-3-a,deletion,YOL110W
Apweiler_2012_PMID_22697265,GSE33097_s257_final.pcl,166,shr5-del-3-b,deletion,YOL110W
Apweiler_2012_PMID_22697265,GSE33097_s257_final.pcl,167,sip1-del-1-a,deletion,YDR422C
Apweiler_2012_PMID_22697265,GSE33097_s257_final.pcl,168,sip1-del-1-b,deletion,YDR422C
Apweiler_2012_PMID_22697265,GSE33097_s257_final.pcl,169,sip2-del-1-a,deletion,YGL208W
Apweiler_2012_PMID_22697265,GSE33097_s257_final.pcl,170,sip2-del-1-b,deletion,YGL208W
Apweiler_2012_PMID_22697265,GSE33097_s257_final.pcl,171,sip4-del-1-a,deletion,YJL089W
Apweiler_2012_PMID_22697265,GSE33097_s257_final.pcl,172,sip4-del-1-b,deletion,YJL089W
Apweiler_2012_PMID_22697265,GSE33097_s257_final.pcl,173,snf3-del-1-a,deletion,YDL194W
Apweiler_2012_PMID_22697265,GSE33097_s257_final.pcl,174,snf3-del-1-b,deletion,YDL194W
Apweiler_2012_PMID_22697265,GSE33097_s257_final.pcl,175,snf4-del-1-a,deletion,YGL115W
Apweiler_2012_PMID_22697265,GSE33097_s257_final.pcl,176,snf4-del-1-b,deletion,YGL115W
Apweiler_2012_PMID_22697265,GSE33097_s257_final.pcl,177,sok2-del-1-a,deletion,YMR016C
Apweiler_2012_PMID_22697265,GSE33097_s257_final.pcl,178,sok2-del-1-b,deletion,YMR016C
Apweiler_2012_PMID_22697265,GSE33097_s257_final.pcl,179,std1-del-2-a,deletion,YOR047C
Apweiler_2012_PMID_22697265,GSE33097_s257_final.pcl,180,std1-del-2-b,deletion,YOR047C
Apweiler_2012_PMID_22697265,GSE33097_s257_final.pcl,181,ste14-del-2-a,deletion,YDR410C
Apweiler_2012_PMID_22697265,GSE33097_s257_final.pcl,182,ste14-del-2-b,deletion,YDR410C
Apweiler_2012_PMID_22697265,GSE33097_s257_final.pcl,183,tco89-del-1-a,deletion,YPL180W
Apweiler_2012_PMID_22697265,GSE33097_s257_final.pcl,184,tco89-del-1-b,deletion,YPL180W
Apweiler_2012_PMID_22697265,GSE33097_s257_final.pcl,185,tpk2-del-3-a,deletion,YPL203W
Apweiler_2012_PMID_22697265,GSE33097_s257_final.pcl,186,tpk2-del-3-b,deletion,YPL203W
Apweiler_2012_PMID_22697265,GSE33097_s257_final.pcl,187,tps2-del+gpr1-del-1-a,deletion,YDL035C|YDR074W
Apweiler_2012_PMID_22697265,GSE33097_s257_final.pcl,188,tps2-del+gpr1-del-1-b,deletion,YDL035C|YDR074W
Apweiler_2012_PMID_22697265,GSE33097_s257_final.pcl,189,tps2-del+ram1-del-1-a(2),deletion,YDL090C|YDR074W
Apweiler_2012_PMID_22697265,GSE33097_s257_final.pcl,190,tps2-del+ram1-del-1-b,deletion,YDL090C|YDR074W
Apweiler_2012_PMID_22697265,GSE33097_s257_final.pcl,191,tps2-del-1-a,deletion,YDR074W
Apweiler_2012_PMID_22697265,GSE33097_s257_final.pcl,192,tps2-del-1-b,deletion,YDR074W
Apweiler_2012_PMID_22697265,GSE33097_s257_final.pcl,193,tps3-del-1-a,deletion,YMR261C
Apweiler_2012_PMID_22697265,GSE33097_s257_final.pcl,194,tps3-del-1-b,deletion,YMR261C
Apweiler_2012_PMID_22697265,GSE33097_s257_final.pcl,195,tsl1-del-2-a,deletion,YML100W
Apweiler_2012_PMID_22697265,GSE33097_s257_final.pcl,196,tsl1-del-2-b,deletion,YML100W
Arana_2012_PMID_23079308,GSE34668.final.pcl,3,delta rnh201 #1SNM106,deletion,YNL072W
Arana_2012_PMID_23079308,GSE34668.final.pcl,4,delta rnh201 #2SNM106,deletion,YNL072W
Arana_2012_PMID_23079308,GSE34668.final.pcl,5,delta rnh201 #3SNM106,deletion,YNL072W
Aristizabal_2013_PMID_24009531,GSE43120.remapped.final.pcl,0,ref1 vs. rpb1-ctrunc-CTD1-11+cdk8-del-1-a,deletion,YPL042C
Aristizabal_2013_PMID_24009531,GSE43120.remapped.final.pcl,2,ref1 vs. rpb1-ctrunc-CTD1-12+cdk8-del-1-a,deletion,YPL042C
Aristizabal_2013_PMID_24009531,GSE43120.remapped.final.pcl,12,rpb1-ctrunc-CTD1-11+cdk8-del-1-b vs. ref1,deletion,YPL042C
Aristizabal_2013_PMID_24009531,GSE43120.remapped.final.pcl,14,rpb1-ctrunc-CTD1-12+cdk8-del-1-b vs. ref1,deletion,YPL042C
Baetz_2001_PMID_11533240,2010.Baetz01.flt.knn.avg.pcl,0,slt2D - 25C,deletion,YHR030C
Baetz_2001_PMID_11533240,2010.Baetz01.flt.knn.avg.pcl,1,swi4D - 25C,deletion,YER111C
Baetz_2001_PMID_11533240,2010.Baetz01.flt.knn.avg.pcl,2,swi4D*,deletion,YER111C
Baetz_2001_PMID_11533240,2010.Baetz01.flt.knn.avg.pcl,3,swi6D*,deletion,YLR182W
Baetz_2001_PMID_11533240,2010.Baetz01.flt.knn.avg.pcl,4,bck1D - 25C,deletion,YJL095W
Barbara_2007_PMID_17124610,GSE5027_setA_family.pcl,0,Yeast gcr1 null mutant in raffinose rep1,deletion,YPL075W
Barbara_2007_PMID_17124610,GSE5027_setA_family.pcl,1,Yeast gcr1 null mutant in raffinose rep2,deletion,YPL075W
Barbara_2007_PMID_17124610,GSE5027_setA_family.pcl,2,Yeast gcr1 null mutant in raffinose rep3,deletion,YPL075W
Barbara_2007_PMID_17124610,GSE5027_setA_family.pcl,3,Yeast gcr1 null mutant in raffinose rep4,deletion,YPL075W
Barbara_2007_PMID_17124610,GSE5027_setA_family.pcl,4,Yeast gcr1 null mutant in galactose rep1,deletion,YPL075W
Barbara_2007_PMID_17124610,GSE5027_setA_family.pcl,5,Yeast gcr1 null mutant in galactose rep2,deletion,YPL075W
Barbara_2007_PMID_17124610,GSE5027_setA_family.pcl,6,Yeast gcr1 null mutant in galactose rep3,deletion,YPL075W
Barbara_2007_PMID_17124610,GSE5027_setA_family.pcl,7,Yeast gcr1 null mutant in galactose rep4,deletion,YPL075W
Barbara_2007_PMID_17124610,GSE5027_setA_family.pcl,8,Yeast gcr1 null mutant in glucose rep1,deletion,YPL075W
Barbara_2007_PMID_17124610,GSE5027_setA_family.pcl,9,Yeast gcr1 null mutant in glucose rep2,deletion,YPL075W
Barbara_2007_PMID_17124610,GSE5027_setA_family.pcl,10,Yeast gcr1 null mutant in glucose rep3,deletion,YPL075W
Barbara_2007_PMID_17124610,GSE5027_setA_family.pcl,11,Yeast gcr1 null mutant in glucose rep4,deletion,YPL075W
Belli_2004_PMID_14722110,2010.Belli04.filter.flt.knn.avg.div.log.pcl,3,delta grx5 1; src: Exponentially growing grx5 mutant yeast strain,deletion,YPL059W
Belli_2004_PMID_14722110,2010.Belli04.filter.flt.knn.avg.div.log.pcl,4,delta grx5 2; src: Exponentially growing grx5 mutant yeast strain,deletion,YPL059W
Belli_2004_PMID_14722110,2010.Belli04.filter.flt.knn.avg.div.log.pcl,5,delta grx5 3; src: Exponentially growing grx5 mutant yeast strain,deletion,YPL059W
Belli_2004_PMID_14722110,2010.Belli04.filter.flt.knn.avg.div.log.pcl,6,delta pet117 1; src: Exponentially growing pet117 mutant yeast strain,deletion,YER058W
Belli_2004_PMID_14722110,2010.Belli04.filter.flt.knn.avg.div.log.pcl,7,delta pet117 2; src: Exponentially growing pet117 mutant yeast strain,deletion,YER058W
Belli_2004_PMID_14722110,2010.Belli04.filter.flt.knn.avg.div.log.pcl,8,delta pet117 3; src: Exponentially growing pet117 mutant yeast strain,deletion,YER058W
Bernstein_2000_PMID_11095743,2010.Bernstein00_HDACrpd3sin3hda1.log.flt.knn.avg.pcl,0,rpd3,gene_named,YNL330C
Bernstein_2000_PMID_11095743,2010.Bernstein00_HDACrpd3sin3hda1.log.flt.knn.avg.pcl,1,rpd3,gene_named,YNL330C
Bernstein_2000_PMID_11095743,2010.Bernstein00_HDACrpd3sin3hda1.log.flt.knn.avg.pcl,2,sin3,gene_named,YOL004W
Bernstein_2000_PMID_11095743,2010.Bernstein00_HDACrpd3sin3hda1.log.flt.knn.avg.pcl,3,sin3,gene_named,YOL004W
Bernstein_2000_PMID_11095743,2010.Bernstein00_HDACrpd3sin3hda1.log.flt.knn.avg.pcl,4,hda1,gene_named,YNL021W
Bernstein_2000_PMID_11095743,2010.Bernstein00_HDACrpd3sin3hda1.log.flt.knn.avg.pcl,5,hda1,gene_named,YNL021W
Boer_2005_PMID_15949974,2010.Boer05.filter.flt.knn.avg.div.log.pcl,6,leu3 delta C-lim1; src: Chemostat sampled cells,deletion,YLR451W
Boer_2005_PMID_15949974,2010.Boer05.filter.flt.knn.avg.div.log.pcl,7,leu3 delta C-lim2; src: chemostat sampled cells,deletion,YLR451W
Boer_2005_PMID_15949974,2010.Boer05.filter.flt.knn.avg.div.log.pcl,8,leu3 delta C-lim3; src: chemostat sampled cells,deletion,YLR451W
Boer_2005_PMID_15949974,2010.Boer05.filter.flt.knn.avg.div.log.pcl,9,leu3 delta N-lim1; src: chemostat sampled cells,deletion,YLR451W
Boer_2005_PMID_15949974,2010.Boer05.filter.flt.knn.avg.div.log.pcl,10,leu3 delta N-lim2; src: chemostat sampled cells,deletion,YLR451W
Boer_2005_PMID_15949974,2010.Boer05.filter.flt.knn.avg.div.log.pcl,11,leu3 delta N-lim3; src: chemostat sampled cells,deletion,YLR451W
Borde_2009_PMID_19078966,GSE10948_setA_family.pcl,0,"Transcriptomic regulation during meiosis t=1h, Clb5Delta-Clb6Delta mutant",deletion,YGR109C|YPR120C
Borde_2009_PMID_19078966,GSE10948_setA_family.pcl,1,"Transcriptomic regulation during meiosis t=2h, Clb5Delta-Clb6Delta mutant",deletion,YGR109C|YPR120C
Borde_2009_PMID_19078966,GSE10948_setA_family.pcl,2,"Transcriptomic regulation during meiosis t=3h, Clb5Delta-Clb6Delta mutant",deletion,YGR109C|YPR120C
Borde_2009_PMID_19078966,GSE10948_setA_family.pcl,3,"Transcriptomic regulation during meiosis t=4h, Clb5Delta-Clb6Delta mutant",deletion,YGR109C|YPR120C
Borde_2009_PMID_19078966,GSE10948_setA_family.pcl,4,"Transcriptomic regulation during meiosis t=5h, Clb5Delta-Clb6Delta mutant",deletion,YGR109C|YPR120C
Borde_2009_PMID_19078966,GSE10948_setA_family.pcl,5,"Transcriptomic regulation during meiosis t=8h, Clb5Delta-Clb6Delta mutant",deletion,YGR109C|YPR120C
Borde_2009_PMID_19078966,GSE10948_setA_family.pcl,6,"Transcriptomic regulation during meiosis t=6h, Clb5Delta-Clb6Delta mutant",deletion,YGR109C|YPR120C
Braberg_2013_PMID_23932120,GSE47429.remapped.final.pcl,1,ref1 vs. rpb1-del-plasm-LEU2-rpb1-mut-E1103G-CKY692-1-a,deletion,YDL140C
Braberg_2013_PMID_23932120,GSE47429.remapped.final.pcl,2,ref1 vs. rpb1-del-plasm-LEU2-rpb1-mut-wildtype-CKY690-1-a,deletion,YDL140C
Braberg_2013_PMID_23932120,GSE47429.remapped.final.pcl,3,ref1 vs. rpb1-del-plasm-URA3-rpb1-mut-A349V-CKY633-1-a,deletion,YDL140C
Braberg_2013_PMID_23932120,GSE47429.remapped.final.pcl,4,ref1 vs. rpb1-del-plasm-URA3-rpb1-mut-D1502G-CKY574-1-a,deletion,YDL140C
Braberg_2013_PMID_23932120,GSE47429.remapped.final.pcl,5,ref1 vs. rpb1-del-plasm-URA3-rpb1-mut-D668G-CKY602-1-a,deletion,YDL140C
Braberg_2013_PMID_23932120,GSE47429.remapped.final.pcl,6,ref1 vs. rpb1-del-plasm-URA3-rpb1-mut-E1103G-CKY599-1-a,deletion,YDL140C
Braberg_2013_PMID_23932120,GSE47429.remapped.final.pcl,7,ref1 vs. rpb1-del-plasm-URA3-rpb1-mut-L1101S-CKY582-1-a,deletion,YDL140C
Braberg_2013_PMID_23932120,GSE47429.remapped.final.pcl,8,ref1 vs. rpb1-del-plasm-URA3-rpb1-mut-N1082S-CKY672-1-a,deletion,YDL140C
Braberg_2013_PMID_23932120,GSE47429.remapped.final.pcl,9,ref1 vs. rpb1-del-plasm-URA3-rpb1-mut-N445Y-CKY587-1-a,deletion,YDL140C
Braberg_2013_PMID_23932120,GSE47429.remapped.final.pcl,10,ref1 vs. rpb1-del-plasm-URA3-rpb1-mut-N479S-CKY688-1-a,deletion,YDL140C
Braberg_2013_PMID_23932120,GSE47429.remapped.final.pcl,11,ref1 vs. rpb1-del-plasm-URA3-rpb1-mut-Y804C-CKY601-1-a,deletion,YDL140C
Braberg_2013_PMID_23932120,GSE47429.remapped.final.pcl,12,ref1 vs. rpb2-del-plasm-URA3-rpb2-mut-D399H-CKY501-1-a,deletion,YOR151C
Braberg_2013_PMID_23932120,GSE47429.remapped.final.pcl,13,ref1 vs. rpb2-del-plasm-URA3-rpb2-mut-E328K-CKY506-1-a,deletion,YOR151C
Braberg_2013_PMID_23932120,GSE47429.remapped.final.pcl,14,ref1 vs. rpb2-del-plasm-URA3-rpb2-mut-G977S-CKY499-1-a,deletion,YOR151C
Braberg_2013_PMID_23932120,GSE47429.remapped.final.pcl,15,ref1 vs. rpb2-del-plasm-URA3-rpb2-mut-wildtype-CKY470-1-a,deletion,YOR151C
Braberg_2013_PMID_23932120,GSE47429.remapped.final.pcl,16,ref1 vs. rpb7-del-plasm-URA3-rpb7-mut-wildtype-CKY477-1-a,deletion,YDR404C
Braberg_2013_PMID_23932120,GSE47429.remapped.final.pcl,18,ref3 vs. rpb1-del-plasm-LEU2-rpb1-mut-E1103G-CKY762-1-a,deletion,YDL140C
Braberg_2013_PMID_23932120,GSE47429.remapped.final.pcl,19,ref3 vs. rpb1-del-plasm-LEU2-rpb1-mut-E1103G-CKY766-1-a,deletion,YDL140C
Braberg_2013_PMID_23932120,GSE47429.remapped.final.pcl,20,ref3 vs. rpb1-del-plasm-LEU2-rpb1-mut-wt+SUB1-CKY764-1-a,deletion,YDL140C
Braberg_2013_PMID_23932120,GSE47429.remapped.final.pcl,21,ref3 vs. rpb1-del-plasm-LEU2-rpb1-mut-wt+sub1-del-CKY771-1-a,deletion,YDL140C|YMR039C
Braberg_2013_PMID_23932120,GSE47429.remapped.final.pcl,22,ref3 vs. rpb1-del-plasm-URA3-rpb1-mut-A1076T-CKY583-1-a,deletion,YDL140C
Braberg_2013_PMID_23932120,GSE47429.remapped.final.pcl,23,ref3 vs. rpb1-del-plasm-URA3-rpb1-mut-E822K-CKY810-1-a,deletion,YDL140C
Braberg_2013_PMID_23932120,GSE47429.remapped.final.pcl,24,ref3 vs. rpb1-del-plasm-URA3-rpb1-mut-F1086S/E1103G-CKY676-1-a,deletion,YDL140C
Braberg_2013_PMID_23932120,GSE47429.remapped.final.pcl,25,ref3 vs. rpb1-del-plasm-URA3-rpb1-mut-H1085Q-CKY809-1-a,deletion,YDL140C
Braberg_2013_PMID_23932120,GSE47429.remapped.final.pcl,26,ref3 vs. rpb1-del-plasm-URA3-rpb1-mut-H1085Q/E1103G-CKY800-1-a,deletion,YDL140C
Braberg_2013_PMID_23932120,GSE47429.remapped.final.pcl,27,ref3 vs. rpb1-del-plasm-URA3-rpb1-mut-I1327V-CKY635-1-a,deletion,YDL140C
Braberg_2013_PMID_23932120,GSE47429.remapped.final.pcl,28,ref3 vs. rpb1-del-plasm-URA3-rpb1-mut-N479A-CKY689-1-a,deletion,YDL140C
Braberg_2013_PMID_23932120,GSE47429.remapped.final.pcl,29,ref3 vs. rpb1-del-plasm-URA3-rpb1-mut-N479S-CKY688-2-a,deletion,YDL140C
Braberg_2013_PMID_23932120,GSE47429.remapped.final.pcl,30,ref3 vs. rpb1-del-plasm-URA3-rpb1-mut-R1399G-CKY816-1-a,deletion,YDL140C
Braberg_2013_PMID_23932120,GSE47429.remapped.final.pcl,31,ref3 vs. rpb1-del-plasm-URA3-rpb1-mut-wildtype-CKY798-1-a,deletion,YDL140C
Braberg_2013_PMID_23932120,GSE47429.remapped.final.pcl,32,ref3 vs. rpb1-del-plasm-URA3-rpb1-mut-wildtype-CKY811-1-a,deletion,YDL140C
Braberg_2013_PMID_23932120,GSE47429.remapped.final.pcl,33,rpb1-del-plasm-LEU2-rpb1-mut-E1103G-CKY783-1-b vs. ref3,deletion,YDL140C
Braberg_2013_PMID_23932120,GSE47429.remapped.final.pcl,34,rpb1-del-plasm-LEU2-rpb1-mut-E1103G-CKY785-1-b vs. ref3,deletion,YDL140C
Braberg_2013_PMID_23932120,GSE47429.remapped.final.pcl,35,rpb1-del-plasm-LEU2-rpb1-mut-wt+SUB1-CKY763-1-b vs. ref3,deletion,YDL140C
Braberg_2013_PMID_23932120,GSE47429.remapped.final.pcl,36,rpb1-del-plasm-LEU2-rpb1-mut-wt+sub1-del-CKY770-1-b vs. ref3,deletion,YDL140C|YMR039C
Braberg_2013_PMID_23932120,GSE47429.remapped.final.pcl,37,rpb1-del-plasm-URA3-rpb1-mut-D526G-CKY586-1-b vs. ref1,deletion,YDL140C
Braberg_2013_PMID_23932120,GSE47429.remapped.final.pcl,38,rpb1-del-plasm-URA3-rpb1-mut-D668G-CKY807-1-b vs. ref3,deletion,YDL140C
Braberg_2013_PMID_23932120,GSE47429.remapped.final.pcl,39,rpb1-del-plasm-URA3-rpb1-mut-E1103G-CKY645-1-b vs. ref3,deletion,YDL140C
Braberg_2013_PMID_23932120,GSE47429.remapped.final.pcl,40,rpb1-del-plasm-URA3-rpb1-mut-E822K-CKY677-1-b vs. ref1,deletion,YDL140C
Braberg_2013_PMID_23932120,GSE47429.remapped.final.pcl,41,rpb1-del-plasm-URA3-rpb1-mut-H1085Q-CKY685-1-b vs. ref1,deletion,YDL140C
Braberg_2013_PMID_23932120,GSE47429.remapped.final.pcl,42,rpb1-del-plasm-URA3-rpb1-mut-H1085Q/E1103G-CKY687-1-b vs. ref1,deletion,YDL140C
Braberg_2013_PMID_23932120,GSE47429.remapped.final.pcl,43,rpb1-del-plasm-URA3-rpb1-mut-L1101S-CKY646-2-b vs. ref3,deletion,YDL140C
Braberg_2013_PMID_23932120,GSE47429.remapped.final.pcl,44,rpb1-del-plasm-URA3-rpb1-mut-M1079V-CKY590-1-b vs. ref1,deletion,YDL140C
Braberg_2013_PMID_23932120,GSE47429.remapped.final.pcl,45,rpb1-del-plasm-URA3-rpb1-mut-N1082S-CKY808-1-b vs. ref3,deletion,YDL140C
Braberg_2013_PMID_23932120,GSE47429.remapped.final.pcl,46,rpb1-del-plasm-URA3-rpb1-mut-N479A-CKY689-1-b vs. ref1,deletion,YDL140C
Braberg_2013_PMID_23932120,GSE47429.remapped.final.pcl,47,rpb1-del-plasm-URA3-rpb1-mut-N479S-CKY805-1-b vs. ref3,deletion,YDL140C
Braberg_2013_PMID_23932120,GSE47429.remapped.final.pcl,48,rpb1-del-plasm-URA3-rpb1-mut-R1399G-CKY803-1-b vs. ref3,deletion,YDL140C
Braberg_2013_PMID_23932120,GSE47429.remapped.final.pcl,49,rpb1-del-plasm-URA3-rpb1-mut-S713P-CKY585-1-b vs. ref3,deletion,YDL140C
Braberg_2013_PMID_23932120,GSE47429.remapped.final.pcl,50,rpb1-del-plasm-URA3-rpb1-mut-wildtype-CKY649-1-b vs. ref1,deletion,YDL140C
Braberg_2013_PMID_23932120,GSE47429.remapped.final.pcl,51,rpb1-del-plasm-URA3-rpb1-mut-wildtype-CKY650-1-b vs. ref1,deletion,YDL140C
Braberg_2013_PMID_23932120,GSE47429.remapped.final.pcl,52,rpb2-del-plasm-URA3-rpb2-mut-H1141R-CKY497-1-b vs. ref1,deletion,YOR151C
Braberg_2013_PMID_23932120,GSE47429.remapped.final.pcl,53,rpb2-del-plasm-URA3-rpb2-mut-R120C-CKY500-1-b vs. ref1,deletion,YOR151C
Braberg_2013_PMID_23932120,GSE47429.remapped.final.pcl,54,rpb2-del-plasm-URA3-rpb2-mut-R595G-CKY505-1-b vs. ref1,deletion,YOR151C
Braberg_2013_PMID_23932120,GSE47429.remapped.final.pcl,55,rpb2-del-plasm-URA3-rpb2-mut-wildtype-CKY472-1-b vs. ref1,deletion,YOR151C
Braberg_2013_PMID_23932120,GSE47429.remapped.final.pcl,56,rpb7-del-plasm-URA3-rpb7-mut-D166G-CKY510-1-b vs. ref1,deletion,YDR404C
Busti_2012_PMID_21964263,GSE31143.final.pcl,6,"far1Δ, glucose, biological rep1",deletion,YJL157C
Busti_2012_PMID_21964263,GSE31143.final.pcl,7,"far1Δ, glucose, biological rep2",deletion,YJL157C
Busti_2012_PMID_21964263,GSE31143.final.pcl,8,"far1Δ, glucose, biological rep3",deletion,YJL157C
Busti_2012_PMID_21964263,GSE31143.final.pcl,9,"far1Δ, ethanol, biological rep1",deletion,YJL157C
Busti_2012_PMID_21964263,GSE31143.final.pcl,10,"far1Δ, ethanol, biological rep2",deletion,YJL157C
Busti_2012_PMID_21964263,GSE31143.final.pcl,11,"far1Δ, ethanol, biological rep3",deletion,YJL157C
Byeon_2013_PMID_23779104,GSE48570.final.pcl,0,fun30D,deletion,YAL019W
Byeon_2013_PMID_23779104,GSE48570.final.pcl,1,htz1D,deletion,YOL012C
Cain_2012_PMID_22095082,GSE32550.final.pcl,0,Delta Mit1 vs. pooled reference,deletion,YEL007W
Cain_2012_PMID_22095082,GSE32550.final.pcl,1,Delta yhr177w vs. pooled reference,deletion,YHR177W
Cain_2012_PMID_22095082,GSE32550.final.pcl,2,Delta Mit1 Delta yhr177w vs. pooled reference,deletion,YEL007W|YHR177W
Cain_2012_PMID_22095082,GSE32550.final.pcl,4,Delta Mit1 vs. pooled reference replicate 2,deletion,YEL007W
Cain_2012_PMID_22095082,GSE32550.final.pcl,5,Delta yhr177w vs. pooled reference replicate 2,deletion,YHR177W
Cain_2012_PMID_22095082,GSE32550.final.pcl,6,Delta Mit1 Delta yhr177w vs. pooled reference replicate 2,deletion,YEL007W|YHR177W
Capaldi_2008_PMID_18931682,GSE12270_setA_family.pcl,3,hog1D +KCl rep1,deletion,YLR113W
Capaldi_2008_PMID_18931682,GSE12270_setA_family.pcl,4,hog1D +KCl rep2,deletion,YLR113W
Capaldi_2008_PMID_18931682,GSE12270_setA_family.pcl,5,hog1D +KCl rep3,deletion,YLR113W
Capaldi_2008_PMID_18931682,GSE12270_setA_family.pcl,12,hog1Dmsn2/4D vs  hog1D +KCl rep1,deletion,YLR113W
Capaldi_2008_PMID_18931682,GSE12270_setA_family.pcl,13,hog1Dmsn2/4D vs  hog1D +KCl rep2,deletion,YLR113W
Capaldi_2008_PMID_18931682,GSE12270_setA_family.pcl,14,hog1Dmsn2/4D vs  hog1D +KCl rep3,deletion,YLR113W
Capaldi_2008_PMID_18931682,GSE12270_setA_family.pcl,18,hog1D in YEPD rep1,deletion,YLR113W
Capaldi_2008_PMID_18931682,GSE12270_setA_family.pcl,19,hog1D in YEPD rep2,deletion,YLR113W
Capaldi_2008_PMID_18931682,GSE12270_setA_family.pcl,20,hog1D in YEPD rep3,deletion,YLR113W
Capaldi_2008_PMID_18931682,GSE12270_setA_family.pcl,21,hog1D in YEPD rep4,deletion,YLR113W
Capaldi_2008_PMID_18931682,GSE12270_setA_family.pcl,29,sko1D +KCl rep1,deletion,YNL167C
Capaldi_2008_PMID_18931682,GSE12270_setA_family.pcl,30,sko1D +KCl rep2,deletion,YNL167C
Capaldi_2008_PMID_18931682,GSE12270_setA_family.pcl,31,sko1D +KCl rep3,deletion,YNL167C
Capaldi_2008_PMID_18931682,GSE12270_setA_family.pcl,32,sko1D in YEPD rep1,deletion,YNL167C
Capaldi_2008_PMID_18931682,GSE12270_setA_family.pcl,33,sko1D in YEPD rep2,deletion,YNL167C
Capaldi_2008_PMID_18931682,GSE12270_setA_family.pcl,34,sko1D in YEPD rep3,deletion,YNL167C
Capaldi_2008_PMID_18931682,GSE12270_setA_family.pcl,35,hot1D +KCl rep1,deletion,YMR172W
Capaldi_2008_PMID_18931682,GSE12270_setA_family.pcl,36,hot1D +KCl rep2,deletion,YMR172W
Capaldi_2008_PMID_18931682,GSE12270_setA_family.pcl,37,hot1D +KCl rep3,deletion,YMR172W
Capaldi_2008_PMID_18931682,GSE12270_setA_family.pcl,38,hot1D in YEPD rep1,deletion,YMR172W
Capaldi_2008_PMID_18931682,GSE12270_setA_family.pcl,39,hot1D in YEPD rep2,deletion,YMR172W
Capaldi_2008_PMID_18931682,GSE12270_setA_family.pcl,45,sko1Dhot1Dhog1D versus hog1D +KCl rep1,deletion,YLR113W
Capaldi_2008_PMID_18931682,GSE12270_setA_family.pcl,46,sko1Dhot1Dhog1D versus hog1D +KCl rep2,deletion,YLR113W
Capaldi_2008_PMID_18931682,GSE12270_setA_family.pcl,47,sko1Dhot1Dhog1D versus hog1D +KCl rep3,deletion,YLR113W
Capaldi_2008_PMID_18931682,GSE12270_setA_family.pcl,48,sko1Dhog1D versus hog1D YEPD rep1,deletion,YLR113W
Capaldi_2008_PMID_18931682,GSE12270_setA_family.pcl,49,sko1Dhog1D versus hog1D YEPD rep2,deletion,YLR113W
Capaldi_2008_PMID_18931682,GSE12270_setA_family.pcl,59,sko1Dmsn2/4D versus sko1D +KCl rep1,deletion,YNL167C
Capaldi_2008_PMID_18931682,GSE12270_setA_family.pcl,60,sko1Dmsn2/4D versus sko1D +KCl rep2,deletion,YNL167C
Capaldi_2008_PMID_18931682,GSE12270_setA_family.pcl,61,sko1Dmsn2/4D versus sko1D +KCl rep3,deletion,YNL167C
Capaldi_2008_PMID_18931682,GSE12270_setA_family.pcl,65,hot1Dmsn2/4D versus hot1D +KCl rep1,deletion,YMR172W
Capaldi_2008_PMID_18931682,GSE12270_setA_family.pcl,66,hot1Dmsn2/4D versus hot1D +KCl rep2,deletion,YMR172W
Capaldi_2008_PMID_18931682,GSE12270_setA_family.pcl,67,hot1Dmsn2/4D versus hot1D +KCl rep3,deletion,YMR172W
Capaldi_2008_PMID_18931682,GSE12270_setA_family.pcl,73,hog1D +glucose rep1,deletion,YLR113W
Capaldi_2008_PMID_18931682,GSE12270_setA_family.pcl,74,hog1D +glucose rep2,deletion,YLR113W
Capaldi_2008_PMID_18931682,GSE12270_setA_family.pcl,75,hog1D +glucose rep3,deletion,YLR113W
Capaldi_2008_PMID_18931682,GSE12270_setA_family.pcl,82,hog1Dmsn2/4D vs  hog1D +glucose rep1,deletion,YLR113W
Capaldi_2008_PMID_18931682,GSE12270_setA_family.pcl,83,hog1Dmsn2/4D vs  hog1D +glucose rep2,deletion,YLR113W
Capaldi_2008_PMID_18931682,GSE12270_setA_family.pcl,84,hog1Dmsn2/4D vs  hog1D +glucose rep3,deletion,YLR113W
Carroll_2001_PMID_11675494,2010.Carroll01.log.flt.knn.avg.pcl,4,F82G pho4D 1 mM 1NaPP1 10min,deletion,YFR034C
Carroll_2001_PMID_11675494,2010.Carroll01.log.flt.knn.avg.pcl,5,pho85D 1 mM 1NaPP1 10min,deletion,YPL031C
Carroll_2001_PMID_11675494,2010.Carroll01.log.flt.knn.avg.pcl,8,F82G pho4D 10 mM 1NaPP1 10min,deletion,YFR034C
Carroll_2001_PMID_11675494,2010.Carroll01.log.flt.knn.avg.pcl,9,pho85D 10 mM 1NaPP1  10min,deletion,YPL031C
Carroll_2001_PMID_11675494,2010.Carroll01.log.flt.knn.avg.pcl,10,WT vs pho85D,deletion,YPL031C
Carroll_2001_PMID_11675494,2010.Carroll01.log.flt.knn.avg.pcl,11,pho85D DMSO 24 hrs. vs. F82G 10 mM 1-Na PP1 24 hrs.,deletion,YPL031C
Chen_2006_PMID_16397762,GSE3160_setA_family.pcl,1,bcy1 deletion MDN -/+ Rapamycin,deletion,YIL033C
Chen_2006_PMID_16397762,GSE3160_setA_family.pcl,2,BCY1 versus bcy1 deletion MDN,deletion,YIL033C
Chen_2006_PMID_16397762,GSE3160_setA_family.pcl,3,BCY1 + Rapamycin MDN versus bcy1 deletion + Rapamycin MDN,deletion,YIL033C
Chen_2006_PMID_16397762,GSE3160_setA_family.pcl,9,BCY1 versus bcy1 deletion MDN (2),deletion,YIL033C
Chen_2013_PMID_23124522,GSE37466.final.pcl,3,SSN6 KO rep1,deletion,YBR112C
Chen_2013_PMID_23124522,GSE37466.final.pcl,4,SSN6 KO rep2,deletion,YBR112C
Chen_2013_PMID_23124522,GSE37466.final.pcl,5,TUP1 KO rep1,deletion,YCR084C
Chen_2013_PMID_23124522,GSE37466.final.pcl,6,TUP1 KO rep2,deletion,YCR084C
Chen_2017_PMID_27387517,GSE75828.sfp.pcl,0,bdf1Δ vs W303,deletion,YLR399C
Chen_2017_PMID_27387517,GSE75828.sfp.pcl,1,bdf1Δ+HAL2 vs bdf1Δ-1,deletion,YLR399C
Chen_2017_PMID_27387517,GSE75828.sfp.pcl,2,bdf1Δ+HAL2 vs bdf1Δ-2,deletion,YLR399C
Chen_2017_PMID_27387517,GSE75828.sfp.pcl,3,bdf1Δhda1Δ vs bdf1Δ-1,deletion,YLR399C|YNL021W
Chen_2017_PMID_27387517,GSE75828.sfp.pcl,4,bdf1Δhda1Δ vs bdf1Δ-2,deletion,YLR399C|YNL021W
Chia_2018_PMID_30206180,GSE99869.final.pcl,4,"hmt1[delta], biological replicate 1",deletion,YBR034C
Chia_2018_PMID_30206180,GSE99869.final.pcl,5,"hmt1[delta], biological replicate 2",deletion,YBR034C
Chia_2018_PMID_30206180,GSE99869.final.pcl,6,"hmt1[delta], biological replicate 3",deletion,YBR034C
Cho_2019_PMID_30668223,GSE75694.final.pcl,174,GAL-SIC1Δ3P_nrm1Δyhp1Δyox1Δ_biological_rep1_10min,deletion,YDR451C|YLR079W|YML027W|YNR009W
Cho_2019_PMID_30668223,GSE75694.final.pcl,175,GAL-SIC1Δ3P_nrm1Δyhp1Δyox1Δ_biological_rep1_20min,deletion,YDR451C|YLR079W|YML027W|YNR009W
Cho_2019_PMID_30668223,GSE75694.final.pcl,176,GAL-SIC1Δ3P_nrm1Δyhp1Δyox1Δ_biological_rep1_30min,deletion,YDR451C|YLR079W|YML027W|YNR009W
Cho_2019_PMID_30668223,GSE75694.final.pcl,177,GAL-SIC1Δ3P_nrm1Δyhp1Δyox1Δ_biological_rep1_40min,deletion,YDR451C|YLR079W|YML027W|YNR009W
Cho_2019_PMID_30668223,GSE75694.final.pcl,178,GAL-SIC1Δ3P_nrm1Δyhp1Δyox1Δ_biological_rep1_50min,deletion,YDR451C|YLR079W|YML027W|YNR009W
Cho_2019_PMID_30668223,GSE75694.final.pcl,179,GAL-SIC1Δ3P_nrm1Δyhp1Δyox1Δ_biological_rep1_60min,deletion,YDR451C|YLR079W|YML027W|YNR009W
Cho_2019_PMID_30668223,GSE75694.final.pcl,180,GAL-SIC1Δ3P_nrm1Δyhp1Δyox1Δ_biological_rep1_70min,deletion,YDR451C|YLR079W|YML027W|YNR009W
Cho_2019_PMID_30668223,GSE75694.final.pcl,181,GAL-SIC1Δ3P_nrm1Δyhp1Δyox1Δ_biological_rep1_80min,deletion,YDR451C|YLR079W|YML027W|YNR009W
Cho_2019_PMID_30668223,GSE75694.final.pcl,182,GAL-SIC1Δ3P_nrm1Δyhp1Δyox1Δ_biological_rep1_90min,deletion,YDR451C|YLR079W|YML027W|YNR009W
Cho_2019_PMID_30668223,GSE75694.final.pcl,183,GAL-SIC1Δ3P_nrm1Δyhp1Δyox1Δ_biological_rep1_100min,deletion,YDR451C|YLR079W|YML027W|YNR009W
Cho_2019_PMID_30668223,GSE75694.final.pcl,184,GAL-SIC1Δ3P_nrm1Δyhp1Δyox1Δ_biological_rep1_110min,deletion,YDR451C|YLR079W|YML027W|YNR009W
Cho_2019_PMID_30668223,GSE75694.final.pcl,185,GAL-SIC1Δ3P_nrm1Δyhp1Δyox1Δ_biological_rep1_120min,deletion,YDR451C|YLR079W|YML027W|YNR009W
Cho_2019_PMID_30668223,GSE75694.final.pcl,186,GAL-SIC1Δ3P_nrm1Δyhp1Δyox1Δ_biological_rep1_130min,deletion,YDR451C|YLR079W|YML027W|YNR009W
Cho_2019_PMID_30668223,GSE75694.final.pcl,187,GAL-SIC1Δ3P_nrm1Δyhp1Δyox1Δ_biological_rep1_140min,deletion,YDR451C|YLR079W|YML027W|YNR009W
Cho_2019_PMID_30668223,GSE75694.final.pcl,188,GAL-SIC1Δ3P_nrm1Δyhp1Δyox1Δ_biological_rep1_150min,deletion,YDR451C|YLR079W|YML027W|YNR009W
Cho_2019_PMID_30668223,GSE75694.final.pcl,189,GAL-SIC1Δ3P_nrm1Δyhp1Δyox1Δ_biological_rep1_160min,deletion,YDR451C|YLR079W|YML027W|YNR009W
Cho_2019_PMID_30668223,GSE75694.final.pcl,190,GAL-SIC1Δ3P_nrm1Δyhp1Δyox1Δ_biological_rep1_170min,deletion,YDR451C|YLR079W|YML027W|YNR009W
Cho_2019_PMID_30668223,GSE75694.final.pcl,191,GAL-SIC1Δ3P_nrm1Δyhp1Δyox1Δ_biological_rep1_180min,deletion,YDR451C|YLR079W|YML027W|YNR009W
Cho_2019_PMID_30668223,GSE75694.final.pcl,192,GAL-SIC1Δ3P_nrm1Δyhp1Δyox1Δ_biological_rep1_190min,deletion,YDR451C|YLR079W|YML027W|YNR009W
Cho_2019_PMID_30668223,GSE75694.final.pcl,193,GAL-SIC1Δ3P_nrm1Δyhp1Δyox1Δ_biological_rep1_200min,deletion,YDR451C|YLR079W|YML027W|YNR009W
Cho_2019_PMID_30668223,GSE75694.final.pcl,194,GAL-SIC1Δ3P_nrm1Δyhp1Δyox1Δ_biological_rep1_210min,deletion,YDR451C|YLR079W|YML027W|YNR009W
Cho_2019_PMID_30668223,GSE75694.final.pcl,195,GAL-SIC1Δ3P_nrm1Δyhp1Δyox1Δ_biological_rep1_220min,deletion,YDR451C|YLR079W|YML027W|YNR009W
Cho_2019_PMID_30668223,GSE75694.final.pcl,196,GAL-SIC1Δ3P_nrm1Δyhp1Δyox1Δ_biological_rep1_230min,deletion,YDR451C|YLR079W|YML027W|YNR009W
Cho_2019_PMID_30668223,GSE75694.final.pcl,197,GAL-SIC1Δ3P_nrm1Δyhp1Δyox1Δ_biological_rep1_240min,deletion,YDR451C|YLR079W|YML027W|YNR009W
Cho_2019_PMID_30668223,GSE75694.final.pcl,198,GAL-SIC1Δ3P_nrm1Δyhp1Δyox1Δ_biological_rep1_250min,deletion,YDR451C|YLR079W|YML027W|YNR009W
Cho_2019_PMID_30668223,GSE75694.final.pcl,199,GAL-SIC1Δ3P_nrm1Δyhp1Δyox1Δ_biological_rep1_260min,deletion,YDR451C|YLR079W|YML027W|YNR009W
Cho_2019_PMID_30668223,GSE75694.final.pcl,200,GAL-SIC1Δ3P_nrm1Δyhp1Δyox1Δ_biological_rep1_270min,deletion,YDR451C|YLR079W|YML027W|YNR009W
Cho_2019_PMID_30668223,GSE75694.final.pcl,201,GAL-SIC1Δ3P_nrm1Δyhp1Δyox1Δ_biological_rep1_280min,deletion,YDR451C|YLR079W|YML027W|YNR009W
Cho_2019_PMID_30668223,GSE75694.final.pcl,202,GAL-SIC1Δ3P_nrm1Δyhp1Δyox1Δ_biological_rep1_290min,deletion,YDR451C|YLR079W|YML027W|YNR009W
Cho_2019_PMID_30668223,GSE75694.final.pcl,203,GAL-SIC1Δ3P_nrm1Δyhp1Δyox1Δ_biological_rep1_300min,deletion,YDR451C|YLR079W|YML027W|YNR009W
Cho_2019_PMID_30668223,GSE75694.final.pcl,204,GAL-SIC1Δ3P_biological_rep1_10min,deletion,YLR079W
Cho_2019_PMID_30668223,GSE75694.final.pcl,205,GAL-SIC1Δ3P_biological_rep1_20min,deletion,YLR079W
Cho_2019_PMID_30668223,GSE75694.final.pcl,206,GAL-SIC1Δ3P_biological_rep1_30min,deletion,YLR079W
Cho_2019_PMID_30668223,GSE75694.final.pcl,207,GAL-SIC1Δ3P_biological_rep1_40min,deletion,YLR079W
Cho_2019_PMID_30668223,GSE75694.final.pcl,208,GAL-SIC1Δ3P_biological_rep1_50min,deletion,YLR079W
Cho_2019_PMID_30668223,GSE75694.final.pcl,209,GAL-SIC1Δ3P_biological_rep1_60min,deletion,YLR079W
Cho_2019_PMID_30668223,GSE75694.final.pcl,210,GAL-SIC1Δ3P_biological_rep1_70min,deletion,YLR079W
Cho_2019_PMID_30668223,GSE75694.final.pcl,211,GAL-SIC1Δ3P_biological_rep1_80min,deletion,YLR079W
Cho_2019_PMID_30668223,GSE75694.final.pcl,212,GAL-SIC1Δ3P_biological_rep1_90min,deletion,YLR079W
Cho_2019_PMID_30668223,GSE75694.final.pcl,213,GAL-SIC1Δ3P_biological_rep1_100min,deletion,YLR079W
Cho_2019_PMID_30668223,GSE75694.final.pcl,214,GAL-SIC1Δ3P_biological_rep1_110min,deletion,YLR079W
Cho_2019_PMID_30668223,GSE75694.final.pcl,215,GAL-SIC1Δ3P_biological_rep1_120min,deletion,YLR079W
Cho_2019_PMID_30668223,GSE75694.final.pcl,216,GAL-SIC1Δ3P_biological_rep1_130min,deletion,YLR079W
Cho_2019_PMID_30668223,GSE75694.final.pcl,217,GAL-SIC1Δ3P_biological_rep1_140min,deletion,YLR079W
Cho_2019_PMID_30668223,GSE75694.final.pcl,218,GAL-SIC1Δ3P_biological_rep1_150min,deletion,YLR079W
Cho_2019_PMID_30668223,GSE75694.final.pcl,219,GAL-SIC1Δ3P_biological_rep1_160min,deletion,YLR079W
Cho_2019_PMID_30668223,GSE75694.final.pcl,220,GAL-SIC1Δ3P_biological_rep1_170min,deletion,YLR079W
Cho_2019_PMID_30668223,GSE75694.final.pcl,221,GAL-SIC1Δ3P_biological_rep1_180min,deletion,YLR079W
Cho_2019_PMID_30668223,GSE75694.final.pcl,222,GAL-SIC1Δ3P_biological_rep1_190min,deletion,YLR079W
Cho_2019_PMID_30668223,GSE75694.final.pcl,223,GAL-SIC1Δ3P_biological_rep1_200min,deletion,YLR079W
Cho_2019_PMID_30668223,GSE75694.final.pcl,224,GAL-SIC1Δ3P_biological_rep1_210min,deletion,YLR079W
Cho_2019_PMID_30668223,GSE75694.final.pcl,225,GAL-SIC1Δ3P_biological_rep1_220min,deletion,YLR079W
Cho_2019_PMID_30668223,GSE75694.final.pcl,226,GAL-SIC1Δ3P_biological_rep1_230min,deletion,YLR079W
Cho_2019_PMID_30668223,GSE75694.final.pcl,227,GAL-SIC1Δ3P_biological_rep1_240min,deletion,YLR079W
Cho_2019_PMID_30668223,GSE75694.final.pcl,228,GAL-SIC1Δ3P_biological_rep1_250min,deletion,YLR079W
Cho_2019_PMID_30668223,GSE75694.final.pcl,229,GAL-SIC1Δ3P_biological_rep1_260min,deletion,YLR079W
Cho_2019_PMID_30668223,GSE75694.final.pcl,230,GAL-SIC1Δ3P_biological_rep1_270min,deletion,YLR079W
Cho_2019_PMID_30668223,GSE75694.final.pcl,231,GAL-SIC1Δ3P_biological_rep1_280min,deletion,YLR079W
Cho_2019_PMID_30668223,GSE75694.final.pcl,232,GAL-SIC1Δ3P_biological_rep1_290min,deletion,YLR079W
Cho_2019_PMID_30668223,GSE75694.final.pcl,233,GAL-SIC1Δ3P_biological_rep1_300min,deletion,YLR079W
Cho_2019_PMID_30668223,GSE75694.final.pcl,234,GAL-SIC1Δ3P_biological_rep1_310min,deletion,YLR079W
Cho_2019_PMID_30668223,GSE75694.final.pcl,235,GAL-SIC1Δ3P_biological_rep1_320min,deletion,YLR079W
Cho_2019_PMID_30668223,GSE75694.final.pcl,236,GAL-SIC1Δ3P_biological_rep1_330min,deletion,YLR079W
Cho_2019_PMID_30668223,GSE75694.final.pcl,237,GAL-SIC1Δ3P_biological_rep1_340min,deletion,YLR079W
Cho_2019_PMID_30668223,GSE75694.final.pcl,238,GAL-SIC1Δ3P_biological_rep1_350min,deletion,YLR079W
Cho_2019_PMID_30668223,GSE75694.final.pcl,239,GAL-SIC1Δ3P_biological_rep1_360min,deletion,YLR079W
Cho_2019_PMID_30668223,GSE75694.final.pcl,240,GAL-SIC1Δ3P_biological_rep2_10min,deletion,YLR079W
Cho_2019_PMID_30668223,GSE75694.final.pcl,241,GAL-SIC1Δ3P_biological_rep2_20min,deletion,YLR079W
Cho_2019_PMID_30668223,GSE75694.final.pcl,242,GAL-SIC1Δ3P_biological_rep2_30min,deletion,YLR079W
Cho_2019_PMID_30668223,GSE75694.final.pcl,243,GAL-SIC1Δ3P_biological_rep2_40min,deletion,YLR079W
Cho_2019_PMID_30668223,GSE75694.final.pcl,244,GAL-SIC1Δ3P_biological_rep2_50min,deletion,YLR079W
Cho_2019_PMID_30668223,GSE75694.final.pcl,245,GAL-SIC1Δ3P_biological_rep2_60min,deletion,YLR079W
Cho_2019_PMID_30668223,GSE75694.final.pcl,246,GAL-SIC1Δ3P_biological_rep2_70min,deletion,YLR079W
Cho_2019_PMID_30668223,GSE75694.final.pcl,247,GAL-SIC1Δ3P_biological_rep2_80min,deletion,YLR079W
Cho_2019_PMID_30668223,GSE75694.final.pcl,248,GAL-SIC1Δ3P_biological_rep2_90min,deletion,YLR079W
Cho_2019_PMID_30668223,GSE75694.final.pcl,249,GAL-SIC1Δ3P_biological_rep2_100min,deletion,YLR079W
Cho_2019_PMID_30668223,GSE75694.final.pcl,250,GAL-SIC1Δ3P_biological_rep2_110min,deletion,YLR079W
Cho_2019_PMID_30668223,GSE75694.final.pcl,251,GAL-SIC1Δ3P_biological_rep2_120min,deletion,YLR079W
Cho_2019_PMID_30668223,GSE75694.final.pcl,252,GAL-SIC1Δ3P_biological_rep2_130min,deletion,YLR079W
Cho_2019_PMID_30668223,GSE75694.final.pcl,253,GAL-SIC1Δ3P_biological_rep2_140min,deletion,YLR079W
Cho_2019_PMID_30668223,GSE75694.final.pcl,254,GAL-SIC1Δ3P_biological_rep2_150min,deletion,YLR079W
Cho_2019_PMID_30668223,GSE75694.final.pcl,255,GAL-SIC1Δ3P_biological_rep2_160min,deletion,YLR079W
Cho_2019_PMID_30668223,GSE75694.final.pcl,256,GAL-SIC1Δ3P_biological_rep2_170min,deletion,YLR079W
Cho_2019_PMID_30668223,GSE75694.final.pcl,257,GAL-SIC1Δ3P_biological_rep2_180min,deletion,YLR079W
Cho_2019_PMID_30668223,GSE75694.final.pcl,258,GAL-SIC1Δ3P_biological_rep2_190min,deletion,YLR079W
Cho_2019_PMID_30668223,GSE75694.final.pcl,259,GAL-SIC1Δ3P_biological_rep2_200min,deletion,YLR079W
Cho_2019_PMID_30668223,GSE75694.final.pcl,260,GAL-SIC1Δ3P_biological_rep2_210min,deletion,YLR079W
Cho_2019_PMID_30668223,GSE75694.final.pcl,261,GAL-SIC1Δ3P_biological_rep2_220min,deletion,YLR079W
Cho_2019_PMID_30668223,GSE75694.final.pcl,262,GAL-SIC1Δ3P_biological_rep2_230min,deletion,YLR079W
Cho_2019_PMID_30668223,GSE75694.final.pcl,263,GAL-SIC1Δ3P_biological_rep2_240min,deletion,YLR079W
Cho_2019_PMID_30668223,GSE75694.final.pcl,264,GAL-SIC1Δ3P_biological_rep2_250min,deletion,YLR079W
Cho_2019_PMID_30668223,GSE75694.final.pcl,265,GAL-SIC1Δ3P_biological_rep2_260min,deletion,YLR079W
Cho_2019_PMID_30668223,GSE75694.final.pcl,266,GAL-SIC1Δ3P_biological_rep2_270min,deletion,YLR079W
Cho_2019_PMID_30668223,GSE75694.final.pcl,267,GAL-SIC1Δ3P_biological_rep2_280min,deletion,YLR079W
Cho_2019_PMID_30668223,GSE75694.final.pcl,268,GAL-SIC1Δ3P_biological_rep2_290min,deletion,YLR079W
Cho_2019_PMID_30668223,GSE75694.final.pcl,269,GAL-SIC1Δ3P_biological_rep2_300min,deletion,YLR079W
Chua_2006_PMID_16880382,GSE5499_set1_family.pcl,0,"adr1 deletion mutant vs. WT, replicate 1",deletion,YDR216W
Chua_2006_PMID_16880382,GSE5499_set1_family.pcl,1,"adr1 deletion mutant vs. WT, replicate 2",deletion,YDR216W
Chua_2006_PMID_16880382,GSE5499_set1_family.pcl,2,"bye1 deletion mutant vs. WT, replicate 1",deletion,YKL005C
Chua_2006_PMID_16880382,GSE5499_set1_family.pcl,3,"bye1 deletion mutant vs. WT, replicate 2",deletion,YKL005C
Chua_2006_PMID_16880382,GSE5499_set1_family.pcl,4,"cat8 deletion mutant vs. WT, replicate 1",deletion,YMR280C
Chua_2006_PMID_16880382,GSE5499_set1_family.pcl,5,"cat8 deletion mutant vs. WT, replicate 2",deletion,YMR280C
Chua_2006_PMID_16880382,GSE5499_set1_family.pcl,6,"crz1 deletion mutant vs. WT, replicate 1",deletion,YNL027W
Chua_2006_PMID_16880382,GSE5499_set1_family.pcl,7,"crz1 deletion mutant vs. WT, replicate 2",deletion,YNL027W
Chua_2006_PMID_16880382,GSE5499_set1_family.pcl,8,"cst6 deletion mutant vs. WT, replicate 1",deletion,YIL036W
Chua_2006_PMID_16880382,GSE5499_set1_family.pcl,9,"cst6 deletion mutant vs. WT, replicate 2",deletion,YIL036W
Chua_2006_PMID_16880382,GSE5499_set1_family.pcl,10,"cup2 deletion mutant vs. WT, replicate 1",deletion,YGL166W
Chua_2006_PMID_16880382,GSE5499_set1_family.pcl,11,"cup2 deletion mutant vs. WT, replicate 2",deletion,YGL166W
Chua_2006_PMID_16880382,GSE5499_set1_family.pcl,12,"ecm22 deletion mutant vs. WT, replicate 1",deletion,YLR228C
Chua_2006_PMID_16880382,GSE5499_set1_family.pcl,13,"ecm22 deletion mutant vs. WT, replicate 2",deletion,YLR228C
Chua_2006_PMID_16880382,GSE5499_set1_family.pcl,14,"gat3 deletion mutant vs. WT, replicate 1",deletion,YLR013W
Chua_2006_PMID_16880382,GSE5499_set1_family.pcl,15,"gat3 deletion mutant vs. WT, replicate 2",deletion,YLR013W
Chua_2006_PMID_16880382,GSE5499_set1_family.pcl,16,"gat4 deletion mutant vs. WT, replicate 1",deletion,YIR013C
Chua_2006_PMID_16880382,GSE5499_set1_family.pcl,17,"gat4 deletion mutant vs. WT, replicate 2",deletion,YIR013C
Chua_2006_PMID_16880382,GSE5499_set1_family.pcl,18,"gcn4 deletion mutant vs. WT, replicate 1",deletion,YEL009C
Chua_2006_PMID_16880382,GSE5499_set1_family.pcl,19,"gcn4 deletion mutant vs. WT, replicate 2",deletion,YEL009C
Chua_2006_PMID_16880382,GSE5499_set1_family.pcl,20,"gis1 deletion mutant vs. WT, replicate 1",deletion,YDR096W
Chua_2006_PMID_16880382,GSE5499_set1_family.pcl,21,"gis1 deletion mutant vs. WT, replicate 2",deletion,YDR096W
Chua_2006_PMID_16880382,GSE5499_set1_family.pcl,22,"gis2 deletion mutant vs. WT, replicate 1",deletion,YNL255C
Chua_2006_PMID_16880382,GSE5499_set1_family.pcl,23,"gis2 deletion mutant vs. WT, replicate 2",deletion,YNL255C
Chua_2006_PMID_16880382,GSE5499_set1_family.pcl,24,"gzf3 deletion mutant vs. WT, replicate 1",deletion,YJL110C
Chua_2006_PMID_16880382,GSE5499_set1_family.pcl,25,"gzf3 deletion mutant vs. WT, replicate 2",deletion,YJL110C
Chua_2006_PMID_16880382,GSE5499_set1_family.pcl,26,"hac1 deletion mutant vs. WT, replicate 1",deletion,YFL031W
Chua_2006_PMID_16880382,GSE5499_set1_family.pcl,27,"hac1 deletion mutant vs. WT, replicate 2",deletion,YFL031W
Chua_2006_PMID_16880382,GSE5499_set1_family.pcl,28,"hap4 deletion mutant vs. WT, replicate 1",deletion,YKL109W
Chua_2006_PMID_16880382,GSE5499_set1_family.pcl,29,"hap4 deletion mutant vs. WT, replicate 2",deletion,YKL109W
Chua_2006_PMID_16880382,GSE5499_set1_family.pcl,30,"hms1 deletion mutant vs. WT, replicate 1",deletion,YOR032C
Chua_2006_PMID_16880382,GSE5499_set1_family.pcl,31,"hms1 deletion mutant vs. WT, replicate 2",deletion,YOR032C
Chua_2006_PMID_16880382,GSE5499_set1_family.pcl,32,"ino2 deletion mutant vs. WT, replicate 1",deletion,YDR123C
Chua_2006_PMID_16880382,GSE5499_set1_family.pcl,33,"ino2 deletion mutant vs. WT, replicate 2",deletion,YDR123C
Chua_2006_PMID_16880382,GSE5499_set1_family.pcl,34,"mbp1 deletion mutant vs. WT, replicate 1",deletion,YDL056W
Chua_2006_PMID_16880382,GSE5499_set1_family.pcl,35,"mbp1 deletion mutant vs. WT, replicate 2",deletion,YDL056W
Chua_2006_PMID_16880382,GSE5499_set1_family.pcl,36,"met31 deletion mutant vs. WT, replicate 1",deletion,YPL038W
Chua_2006_PMID_16880382,GSE5499_set1_family.pcl,37,"met31 deletion mutant vs. WT, replicate 2",deletion,YPL038W
Chua_2006_PMID_16880382,GSE5499_set1_family.pcl,38,"mga1 deletion mutant vs. WT, replicate 1",deletion,YGR249W
Chua_2006_PMID_16880382,GSE5499_set1_family.pcl,39,"mga1 deletion mutant vs. WT, replicate 2",deletion,YGR249W
Chua_2006_PMID_16880382,GSE5499_set1_family.pcl,40,"mig1 deletion mutant vs. WT, replicate 1",deletion,YGL035C
Chua_2006_PMID_16880382,GSE5499_set1_family.pcl,41,"mig1 deletion mutant vs. WT, replicate 2",deletion,YGL035C
Chua_2006_PMID_16880382,GSE5499_set1_family.pcl,42,"mot3 deletion mutant vs. WT, replicate 1",deletion,YMR070W
Chua_2006_PMID_16880382,GSE5499_set1_family.pcl,43,"mot3 deletion mutant vs. WT, replicate 2",deletion,YMR070W
Chua_2006_PMID_16880382,GSE5499_set1_family.pcl,44,"msn2 deletion mutant vs. WT, replicate 1",deletion,YMR037C
Chua_2006_PMID_16880382,GSE5499_set1_family.pcl,45,"msn2 deletion mutant vs. WT, replicate 2",deletion,YMR037C
Chua_2006_PMID_16880382,GSE5499_set1_family.pcl,46,"msn4 deletion mutant vs. WT, replicate 1",deletion,YKL062W
Chua_2006_PMID_16880382,GSE5499_set1_family.pcl,47,"msn4 deletion mutant vs. WT, replicate 2",deletion,YKL062W
Chua_2006_PMID_16880382,GSE5499_set1_family.pcl,48,"pho4 deletion mutant vs. WT, replicate 1",deletion,YFR034C
Chua_2006_PMID_16880382,GSE5499_set1_family.pcl,49,"pho4 deletion mutant vs. WT, replicate 2",deletion,YFR034C
Chua_2006_PMID_16880382,GSE5499_set1_family.pcl,50,"put3 deletion mutant vs. WT, replicate 1",deletion,YKL015W
Chua_2006_PMID_16880382,GSE5499_set1_family.pcl,51,"put3 deletion mutant vs. WT, replicate 2",deletion,YKL015W
Chua_2006_PMID_16880382,GSE5499_set1_family.pcl,52,"rfx1 deletion mutant vs. WT, replicate 1",deletion,YLR176C
Chua_2006_PMID_16880382,GSE5499_set1_family.pcl,53,"rfx1 deletion mutant vs. WT, replicate 2",deletion,YLR176C
Chua_2006_PMID_16880382,GSE5499_set1_family.pcl,54,"rgm1 deletion mutant vs. WT, replicate 1",deletion,YMR182C
Chua_2006_PMID_16880382,GSE5499_set1_family.pcl,55,"rgm1 deletion mutant vs. WT, replicate 2",deletion,YMR182C
Chua_2006_PMID_16880382,GSE5499_set1_family.pcl,56,"rme1 deletion mutant vs. WT, replicate 1",deletion,YGR044C
Chua_2006_PMID_16880382,GSE5499_set1_family.pcl,57,"rme1 deletion mutant vs. WT, replicate 2",deletion,YGR044C
Chua_2006_PMID_16880382,GSE5499_set1_family.pcl,58,"rox1 deletion mutant vs. WT, replicate 1",deletion,YPR065W
Chua_2006_PMID_16880382,GSE5499_set1_family.pcl,59,"rox1 deletion mutant vs. WT, replicate 2",deletion,YPR065W
Chua_2006_PMID_16880382,GSE5499_set1_family.pcl,60,"rsc30 deletion mutant vs. WT, replicate 1",deletion,YHR056C
Chua_2006_PMID_16880382,GSE5499_set1_family.pcl,61,"rsc30 deletion mutant vs. WT, replicate 2",deletion,YHR056C
Chua_2006_PMID_16880382,GSE5499_set1_family.pcl,62,"sfp1 deletion mutant vs. WT, replicate 1",deletion,YLR403W
Chua_2006_PMID_16880382,GSE5499_set1_family.pcl,63,"sfp1 deletion mutant vs. WT, replicate 2",deletion,YLR403W
Chua_2006_PMID_16880382,GSE5499_set1_family.pcl,64,"sip4 deletion mutant vs. WT, replicate 1",deletion,YJL089W
Chua_2006_PMID_16880382,GSE5499_set1_family.pcl,65,"sip4 deletion mutant vs. WT, replicate 2",deletion,YJL089W
Chua_2006_PMID_16880382,GSE5499_set1_family.pcl,66,"skn7 deletion mutant vs. WT, replicate 1",deletion,YHR206W
Chua_2006_PMID_16880382,GSE5499_set1_family.pcl,67,"skn7 deletion mutant vs. WT, replicate 2",deletion,YHR206W
Chua_2006_PMID_16880382,GSE5499_set1_family.pcl,68,"sok2 deletion mutant vs. WT, replicate 1",deletion,YMR016C
Chua_2006_PMID_16880382,GSE5499_set1_family.pcl,69,"sok2 deletion mutant vs. WT, replicate 2",deletion,YMR016C
Chua_2006_PMID_16880382,GSE5499_set1_family.pcl,70,"sps18 deletion mutant vs. WT, replicate 1",deletion,YNL204C
Chua_2006_PMID_16880382,GSE5499_set1_family.pcl,71,"sps18 deletion mutant vs. WT, replicate 2",deletion,YNL204C
Chua_2006_PMID_16880382,GSE5499_set1_family.pcl,72,"spt2 deletion mutant vs. WT, replicate 1",deletion,YER161C
Chua_2006_PMID_16880382,GSE5499_set1_family.pcl,73,"spt2 deletion mutant vs. WT, replicate 2",deletion,YER161C
Chua_2006_PMID_16880382,GSE5499_set1_family.pcl,74,"ste12 deletion mutant vs. WT, replicate 1",deletion,YHR084W
Chua_2006_PMID_16880382,GSE5499_set1_family.pcl,75,"ste12 deletion mutant vs. WT, replicate 2",deletion,YHR084W
Chua_2006_PMID_16880382,GSE5499_set1_family.pcl,76,"stp2 deletion mutant vs. WT, replicate 1",deletion,YHR006W
Chua_2006_PMID_16880382,GSE5499_set1_family.pcl,77,"stp2 deletion mutant vs. WT, replicate 2",deletion,YHR006W
Chua_2006_PMID_16880382,GSE5499_set1_family.pcl,78,"stp3 deletion mutant vs. WT, replicate 1",deletion,YLR375W
Chua_2006_PMID_16880382,GSE5499_set1_family.pcl,79,"stp3 deletion mutant vs. WT, replicate 2",deletion,YLR375W
Chua_2006_PMID_16880382,GSE5499_set1_family.pcl,80,"sut1 deletion mutant vs. WT, replicate 1",deletion,YGL162W
Chua_2006_PMID_16880382,GSE5499_set1_family.pcl,81,"sut1 deletion mutant vs. WT, replicate 2",deletion,YGL162W
Chua_2006_PMID_16880382,GSE5499_set1_family.pcl,82,"swi4 deletion mutant vs. WT, replicate 1",deletion,YER111C
Chua_2006_PMID_16880382,GSE5499_set1_family.pcl,83,"swi4 deletion mutant vs. WT, replicate 2",deletion,YER111C
Chua_2006_PMID_16880382,GSE5499_set1_family.pcl,84,"tos8 deletion mutant vs. WT, replicate 1",deletion,YGL096W
Chua_2006_PMID_16880382,GSE5499_set1_family.pcl,85,"tos8 deletion mutant vs. WT, replicate 2",deletion,YGL096W
Chua_2006_PMID_16880382,GSE5499_set1_family.pcl,86,"upc2 deletion mutant vs. WT, replicate 1",deletion,YDR213W
Chua_2006_PMID_16880382,GSE5499_set1_family.pcl,87,"upc2 deletion mutant vs. WT, replicate 2",deletion,YDR213W
Chua_2006_PMID_16880382,GSE5499_set1_family.pcl,88,"xbp1 deletion mutant vs. WT, replicate 1",deletion,YIL101C
Chua_2006_PMID_16880382,GSE5499_set1_family.pcl,89,"xbp1 deletion mutant vs. WT, replicate 2",deletion,YIL101C
Chua_2006_PMID_16880382,GSE5499_set1_family.pcl,90,"yap1 deletion mutant vs. WT, replicate 1",deletion,YML007W
Chua_2006_PMID_16880382,GSE5499_set1_family.pcl,91,"yap1 deletion mutant vs. WT, replicate 2",deletion,YML007W
Chua_2006_PMID_16880382,GSE5499_set1_family.pcl,92,"yhp1 deletion mutant vs. WT, replicate 1",deletion,YDR451C
Chua_2006_PMID_16880382,GSE5499_set1_family.pcl,93,"yhp1 deletion mutant vs. WT, replicate 2",deletion,YDR451C
Chua_2006_PMID_16880382,GSE5499_set1_family.pcl,94,"yox1 deletion mutant vs. WT, replicate 1",deletion,YML027W
Chua_2006_PMID_16880382,GSE5499_set1_family.pcl,95,"yox1 deletion mutant vs. WT, replicate 2",deletion,YML027W
Chua_2006_PMID_16880382,GSE5499_set1_family.pcl,96,"ypr015c deletion mutant vs. WT, replicate 1",deletion,YPR015C
Chua_2006_PMID_16880382,GSE5499_set1_family.pcl,97,"ypr015c deletion mutant vs. WT, replicate 2",deletion,YPR015C
Chua_2006_PMID_16880382,GSE5499_set1_family.pcl,98,"yrr1 deletion mutant vs. WT, replicate 1",deletion,YOR162C
Chua_2006_PMID_16880382,GSE5499_set1_family.pcl,99,"yrr1 deletion mutant vs. WT, replicate 2",deletion,YOR162C
Chua_2006_PMID_16880382,GSE5499_set1_family.pcl,100,"zap1 deletion mutant vs. WT, replicate 1",deletion,YJL056C
Chua_2006_PMID_16880382,GSE5499_set1_family.pcl,101,"zap1 deletion mutant vs. WT, replicate 2",deletion,YJL056C
Cipollina_2008_PMID_18174152,GSE5238_setA_family.pcl,6,sfp1 delta EtOH-lim1,deletion,YLR403W
Cipollina_2008_PMID_18174152,GSE5238_setA_family.pcl,7,sfp1 delta EtOH-lim2,deletion,YLR403W
Cipollina_2008_PMID_18174152,GSE5238_setA_family.pcl,8,sfp1 delta EtOH-lim3,deletion,YLR403W
Cipollina_2008_PMID_18174152,GSE5238_setA_family.pcl,9,sfp1 delta Glu-lim1,deletion,YLR403W
Cipollina_2008_PMID_18174152,GSE5238_setA_family.pcl,10,sfp1 delta Glu-lim2,deletion,YLR403W
Cipollina_2008_PMID_18174152,GSE5238_setA_family.pcl,11,sfp1 delta Glu-lim3 ,deletion,YLR403W
Cipollina_2008_PMID_18524923,GSE9644_set1_family.pcl,0,"Steady-state based anaerobic glucose pulse, sfp1delta_SS_2",deletion,YLR403W
Cipollina_2008_PMID_18524923,GSE9644_set1_family.pcl,1,"Steady-state based anaerobic glucose pulse, sfp1delta_SS_3",deletion,YLR403W
Cipollina_2008_PMID_18524923,GSE9644_set1_family.pcl,2,"Steady-state based anaerobic glucose pulse, sfp1delta_SS_1",deletion,YLR403W
Cipollina_2008_PMID_18524923,GSE9644_set1_family.pcl,3,"Steady-state based anaerobic glucose pulse, sfp1delta_t5_1",deletion,YLR403W
Cipollina_2008_PMID_18524923,GSE9644_set1_family.pcl,4,"Steady-state based anaerobic glucose pulse, sfp1delta_t5_2",deletion,YLR403W
Cipollina_2008_PMID_18524923,GSE9644_set1_family.pcl,5,"Steady-state based anaerobic glucose pulse, sfp1delta_t10_1",deletion,YLR403W
Cipollina_2008_PMID_18524923,GSE9644_set1_family.pcl,6,"Steady-state based anaerobic glucose pulse, sfp1delta_t10_2",deletion,YLR403W
Cipollina_2008_PMID_18524923,GSE9644_set1_family.pcl,7,"Steady-state based anaerobic glucose pulse, sfp1delta_t30_1",deletion,YLR403W
Cipollina_2008_PMID_18524923,GSE9644_set1_family.pcl,8,"Steady-state based anaerobic glucose pulse, sfp1delta_t30_2",deletion,YLR403W
Cipollina_2008_PMID_18524923,GSE9644_set1_family.pcl,9,"Steady-state based anaerobic glucose pulse, sfp1delta_t60_1",deletion,YLR403W
Cipollina_2008_PMID_18524923,GSE9644_set1_family.pcl,10,"Steady-state based anaerobic glucose pulse, sfp1delta_t60_2",deletion,YLR403W
Cipollina_2008_PMID_18524923,GSE9644_set1_family.pcl,11,"Steady-state based anaerobic glucose pulse, sfp1delta_t120_1",deletion,YLR403W
Cipollina_2008_PMID_18524923,GSE9644_set1_family.pcl,12,"Steady-state based anaerobic glucose pulse, sfp1delta_t120_2",deletion,YLR403W
Costelloe_2012_PMID_22960744,GSE38735.final.pcl,0,fun30∆ transcritome replicate 1,deletion,YAL019W
Costelloe_2012_PMID_22960744,GSE38735.final.pcl,1,fun30∆ transcritome replicate 2,deletion,YAL019W
Crosas_2015_PMID_25715111,GSE45297.final.pcl,0,∆zta1_vs_wt_control_repl1,deletion,YBR046C
Crosas_2015_PMID_25715111,GSE45297.final.pcl,1,∆zta1_vs_wt_control_repl1_dye_swap,deletion,YBR046C
Crosas_2015_PMID_25715111,GSE45297.final.pcl,2,∆zta1_vs_wt_control_repl2,deletion,YBR046C
Crosas_2015_PMID_25715111,GSE45297.final.pcl,3,∆zta1_vs_wt_control_repl2_dye_swap,deletion,YBR046C
Crosas_2015_PMID_25715111,GSE45297.final.pcl,4,∆zta1_vs_wt_control_repl3,deletion,YBR046C
Crosas_2015_PMID_25715111,GSE45297.final.pcl,5,∆zta1_vs_wt_control_repl3_dye_swap,deletion,YBR046C
Crosas_2015_PMID_25715111,GSE45297.final.pcl,6,∆zta1_vs_wt_H2O2_repl1,deletion,YBR046C
Crosas_2015_PMID_25715111,GSE45297.final.pcl,7,∆zta1_vs_wt_H2O2_repl1_dye_swap,deletion,YBR046C
Crosas_2015_PMID_25715111,GSE45297.final.pcl,8,∆zta1_vs_wt_H2O2_repl2,deletion,YBR046C
Crosas_2015_PMID_25715111,GSE45297.final.pcl,9,∆zta1_vs_wt_H2O2_repl2_dye_swap,deletion,YBR046C
Crosas_2015_PMID_25715111,GSE45297.final.pcl,10,∆zta1_vs_wt_H2O2_repl3,deletion,YBR046C
Crosas_2015_PMID_25715111,GSE45297.final.pcl,11,∆zta1_vs_wt_H2O2_repl3_dye_swap,deletion,YBR046C
Davis_2006_PMID_16484372,GSE3813.final.pcl,0,Comparison of total RRP6-delta to WT RNA (random hexamer and oligo-dT),deletion,YOR001W
Dong_2007_PMID_17317628,GSE6647_setA_family.pcl,1,"A-edc3D, biological replicate 1",deletion,YEL015W
Dong_2007_PMID_17317628,GSE6647_setA_family.pcl,3,"B-edc3D, biological replicate 2",deletion,YEL015W
Dong_2007_PMID_17317628,GSE6647_setA_family.pcl,5,"C-edc3D, biological replicate 3",deletion,YEL015W
Dong_2007_PMID_17317628,GSE6647_setA_family.pcl,7,"E-edc3D, biological replicate 4",deletion,YEL015W
Dong_2007_PMID_17317628,GSE6647_setA_family.pcl,9,"G-edc3D, biological replicate 5",deletion,YEL015W
Dowell_2010_PMID_20844014,GSE23607.final.pcl,0,"∆nhp6A ∆nhp6B vs Nhp6A ∆nhp6B, replicate 1",deletion,YBR089C-A|YPR052C
Dowell_2010_PMID_20844014,GSE23607.final.pcl,1,"nhp6A-P18A ∆nhp6B  vs Nhp6A ∆nhp6B, replicate 1",deletion,YBR089C-A
Dowell_2010_PMID_20844014,GSE23607.final.pcl,2,"nhp6A-F48A ∆nhp6B  vs Nhp6A ∆nhp6B, replicate 1",deletion,YBR089C-A
Dowell_2010_PMID_20844014,GSE23607.final.pcl,3,"nhp6A-M29A ∆nhp6B  vs Nhp6A ∆nhp6B, replicate 1",deletion,YBR089C-A
Dowell_2010_PMID_20844014,GSE23607.final.pcl,4,"∆nhp6A ∆nhp6B vs Nhp6A ∆nhp6B, replicate 2",deletion,YBR089C-A|YPR052C
Dowell_2010_PMID_20844014,GSE23607.final.pcl,5,"nhp6A-P18A ∆nhp6B  vs Nhp6A ∆nhp6B, replicate 2",deletion,YBR089C-A
Dowell_2010_PMID_20844014,GSE23607.final.pcl,6,"nhp6A-F48A ∆nhp6B  vs Nhp6A ∆nhp6B, replicate 2",deletion,YBR089C-A
Dowell_2010_PMID_20844014,GSE23607.final.pcl,7,"nhp6A-M29A ∆nhp6B  vs Nhp6A ∆nhp6B, replicate 2",deletion,YBR089C-A
Drozdova_2014_PMID_25227157,GSE52189.remapped.final.pcl,2,sfp1delta_2,deletion,YLR403W
Drozdova_2014_PMID_25227157,GSE52189.remapped.final.pcl,5,sfp1delta_3,deletion,YLR403W
Drozdova_2014_PMID_25227157,GSE52189.remapped.final.pcl,9,sfp1delta_1,deletion,YLR403W
Drozdova_2014_PMID_25227157,GSE52189.remapped.final.pcl,10,sfp1delta_4,deletion,YLR403W
Eriksson_2005_PMID_16199888,2010.Eriksson05.filter.flt.knn.avg.div.log.pcl,3,spt10-null sample #1; src: S. cerevisiae strain BJ-spt10-null,deletion,YJL127C
Eriksson_2005_PMID_16199888,2010.Eriksson05.filter.flt.knn.avg.div.log.pcl,4,spt10-null sample #2; src: S. cerevisiae strain BJ-spt10-null,deletion,YJL127C
Eriksson_2005_PMID_16199888,2010.Eriksson05.filter.flt.knn.avg.div.log.pcl,5,spt10-null sample #3; src: S. cerevisiae strain BJ-spt10-null,deletion,YJL127C
Gaillard_2019_PMID_30715474,GSE113118.final.pcl,0,"WT, biological rep. 1 (nup84∆, control)",deletion,YDL116W
Gaillard_2019_PMID_30715474,GSE113118.final.pcl,1,"WT, biological rep. 2  (nup84∆, control)",deletion,YDL116W
Gaillard_2019_PMID_30715474,GSE113118.final.pcl,2,"WT, biological rep. 3  (nup84∆, control)",deletion,YDL116W
Gaillard_2019_PMID_30715474,GSE113118.final.pcl,3,"nup84∆, biological rep. 1",deletion,YDL116W
Gaillard_2019_PMID_30715474,GSE113118.final.pcl,4,"nup84∆, biological rep. 2",deletion,YDL116W
Gaillard_2019_PMID_30715474,GSE113118.final.pcl,5,"nup84∆, biological rep. 3",deletion,YDL116W
Garca-Rodrguez_2015_PMID_25713143,GSE62161.mapped.pcl,3,pmr1∆ 5mM CaCl2 rep 1,deletion,YGL167C
Garca-Rodrguez_2015_PMID_25713143,GSE62161.mapped.pcl,4,pmr1∆ 5mM CaCl2 rep 2,deletion,YGL167C
Garca-Rodrguez_2015_PMID_25713143,GSE62161.mapped.pcl,5,pmr1∆ 5mM CaCl2 rep 3,deletion,YGL167C
Garcia-Martinez_2016_PMID_26717982,GSE65225.mapped.pcl,2,GRO Hpr1 delta t0 on filter V9-L1-x,deletion,YDR138W
Garcia-Martinez_2016_PMID_26717982,GSE65225.mapped.pcl,3,GRO Hpr1 delta t30 on filter V9-L1-x,deletion,YDR138W
Garcia-Oliver_2013_PMID_23599000,GSE39861.remapped.final.pcl,0,ada2-del-1-a,deletion,YDR448W
Garcia-Oliver_2013_PMID_23599000,GSE39861.remapped.final.pcl,1,ada2-del-1-b,deletion,YDR448W
Garcia-Oliver_2013_PMID_23599000,GSE39861.remapped.final.pcl,2,gcn5-del-1-a,deletion,YGR252W
Garcia-Oliver_2013_PMID_23599000,GSE39861.remapped.final.pcl,3,gcn5-del-1-b,deletion,YGR252W
Garcia-Oliver_2013_PMID_23599000,GSE39861.remapped.final.pcl,4,hfi1-del-matA-1-a,deletion,YPL254W
Garcia-Oliver_2013_PMID_23599000,GSE39861.remapped.final.pcl,5,hfi1-del-matA-1-b,deletion,YPL254W
Garcia-Oliver_2013_PMID_23599000,GSE39861.remapped.final.pcl,6,ngg1-del-1-a,deletion,YDR176W
Garcia-Oliver_2013_PMID_23599000,GSE39861.remapped.final.pcl,7,ngg1-del-1-b,deletion,YDR176W
Garcia-Oliver_2013_PMID_23599000,GSE39861.remapped.final.pcl,8,sgf11-del-2-a,deletion,YPL047W
Garcia-Oliver_2013_PMID_23599000,GSE39861.remapped.final.pcl,9,sgf11-del-2-b,deletion,YPL047W
Garcia-Oliver_2013_PMID_23599000,GSE39861.remapped.final.pcl,10,sgf29-del-1-a,deletion,YCL010C
Garcia-Oliver_2013_PMID_23599000,GSE39861.remapped.final.pcl,11,sgf29-del-1-b,deletion,YCL010C
Garcia-Oliver_2013_PMID_23599000,GSE39861.remapped.final.pcl,12,sgf73-del-1-a,deletion,YGL066W
Garcia-Oliver_2013_PMID_23599000,GSE39861.remapped.final.pcl,13,sgf73-del-1-b,deletion,YGL066W
Garcia-Oliver_2013_PMID_23599000,GSE39861.remapped.final.pcl,14,spt20-del-1-a,deletion,YOL148C
Garcia-Oliver_2013_PMID_23599000,GSE39861.remapped.final.pcl,15,spt20-del-1-b,deletion,YOL148C
Garcia-Oliver_2013_PMID_23599000,GSE39861.remapped.final.pcl,16,spt3-del-1-a,deletion,YDR392W
Garcia-Oliver_2013_PMID_23599000,GSE39861.remapped.final.pcl,17,spt3-del-1-b,deletion,YDR392W
Garcia-Oliver_2013_PMID_23599000,GSE39861.remapped.final.pcl,18,spt7-del-2-a,deletion,YBR081C
Garcia-Oliver_2013_PMID_23599000,GSE39861.remapped.final.pcl,19,spt7-del-2-b,deletion,YBR081C
Garcia-Oliver_2013_PMID_23599000,GSE39861.remapped.final.pcl,20,spt8-del-1-a,deletion,YLR055C
Garcia-Oliver_2013_PMID_23599000,GSE39861.remapped.final.pcl,21,spt8-del-1-b,deletion,YLR055C
Garcia-Oliver_2013_PMID_23599000,GSE39861.remapped.final.pcl,22,sus1-del-1-a,deletion,YBR111W-A
Garcia-Oliver_2013_PMID_23599000,GSE39861.remapped.final.pcl,23,sus1-del-1-b,deletion,YBR111W-A
Garcia-Oliver_2013_PMID_23599000,GSE39861.remapped.final.pcl,24,ubp8-del-1-a,deletion,YMR223W
Garcia-Oliver_2013_PMID_23599000,GSE39861.remapped.final.pcl,25,ubp8-del-1-b,deletion,YMR223W
Garcia-Oliver_2013_PMID_23599000,GSE39861.remapped.final.pcl,26,sac3-del-1-a,deletion,YDR159W
Garcia-Oliver_2013_PMID_23599000,GSE39861.remapped.final.pcl,27,sac3-del-1-b,deletion,YDR159W
Garcia-Oliver_2013_PMID_23599000,GSE39861.remapped.final.pcl,28,sem1-del-1-a,deletion,YDR363W-A
Garcia-Oliver_2013_PMID_23599000,GSE39861.remapped.final.pcl,29,sem1-del-1-b,deletion,YDR363W-A
Garcia-Oliver_2013_PMID_23599000,GSE39861.remapped.final.pcl,30,thp1-del-2-a,deletion,YOL072W
Garcia-Oliver_2013_PMID_23599000,GSE39861.remapped.final.pcl,31,thp1-del-2-b,deletion,YOL072W
Garcia-Rodriguez_2012_PMID_22493290,GSE29420_final.pcl,3,pmr1∆ rep1,deletion,YGL167C
Garcia-Rodriguez_2012_PMID_22493290,GSE29420_final.pcl,4,pmr1∆ rep2,deletion,YGL167C
Garcia-Rodriguez_2012_PMID_22493290,GSE29420_final.pcl,5,pmr1∆ rep3,deletion,YGL167C
Gardner_2005_PMID_15988024,GSE2329_setA_family.pcl,0,wt vs dot4 null set1,deletion,YNL186W
Gardner_2005_PMID_15988024,GSE2329_setA_family.pcl,1,wt vs ubp8 null set1,deletion,YMR223W
Gardner_2005_PMID_15988024,GSE2329_setA_family.pcl,3,wt vs dot4 null set2,deletion,YNL186W
Gardner_2005_PMID_15988024,GSE2329_setA_family.pcl,4,wt vs ubp8 null set2,deletion,YMR223W
Gardner_2005_PMID_15988024,GSE2329_setA_family.pcl,6,wt vs dot4 null set3,deletion,YNL186W
Gardner_2005_PMID_15988024,GSE2329_setA_family.pcl,7,wt vs ubp8 null set3,deletion,YMR223W
Gardner_2005_PMID_15988024,GSE2329_setA_family.pcl,9,dot4 null vs wt set1,deletion,YNL186W
Gardner_2005_PMID_15988024,GSE2329_setA_family.pcl,10,dot4 null vs wt set2,deletion,YNL186W
Gardner_2005_PMID_15988024,GSE2329_setA_family.pcl,11,dot4 null vs wt set3,deletion,YNL186W
Gardner_2005_PMID_15988024,GSE2329_setA_family.pcl,12,ubp8 null vs wt set1,deletion,YMR223W
Gardner_2005_PMID_15988024,GSE2329_setA_family.pcl,13,ubp8 null vs wt set2,deletion,YMR223W
Gardner_2005_PMID_15988024,GSE2329_setA_family.pcl,14,ubp8 null vs wt set3,deletion,YMR223W
Gardner_2005_PMID_15988024,GSE2330_setA_family.pcl,6,dot4 null vs wt Myc tagged set1,deletion,YNL186W
Gardner_2005_PMID_15988024,GSE2330_setA_family.pcl,7,dot4 null vs wt Myc tagged set2,deletion,YNL186W
Gardner_2005_PMID_15988024,GSE2330_setA_family.pcl,8,dot4 null vs wt Myc tagged set3,deletion,YNL186W
Gardner_2005_PMID_15988024,GSE2330_setA_family.pcl,18,wt Myc-tagged vs wt dot4 null set1,deletion,YNL186W
Gardner_2005_PMID_15988024,GSE2330_setA_family.pcl,19,wt Myc-tagged vs wt dot4 null set2,deletion,YNL186W
Gardner_2005_PMID_15988024,GSE2330_setA_family.pcl,20,wt Myc-tagged vs wt dot4 null set3,deletion,YNL186W
Gavalda_2016_PMID_27035147,GSE68487.mapped.pcl,3,"YRA1∆i, biological rep. 1",deletion,YDR381W
Gavalda_2016_PMID_27035147,GSE68487.mapped.pcl,4,"YRA1∆i, biological rep. 2",deletion,YDR381W
Gavalda_2016_PMID_27035147,GSE68487.mapped.pcl,5,"YRA1∆i, biological rep. 3",deletion,YDR381W
Gitter_2013_PMID_23064748,GSE28213GPL13340.sfp.pcl,0,Asf1 Knockout Replicate 1,deletion,YJL115W
Gitter_2013_PMID_23064748,GSE28213GPL13340.sfp.pcl,1,Asf1 Knockout Replicate 2,deletion,YJL115W
Gitter_2013_PMID_23064748,GSE28213GPL13340.sfp.pcl,2,Bem1 Knockout Replicate 1,deletion,YBR200W
Gitter_2013_PMID_23064748,GSE28213GPL13340.sfp.pcl,3,Bem1 Knockout Replicate 2,deletion,YBR200W
Gitter_2013_PMID_23064748,GSE28213GPL13340.sfp.pcl,4,Fus3 Knockout Replicate 1,deletion,YBL016W
Gitter_2013_PMID_23064748,GSE28213GPL13340.sfp.pcl,5,Fus3 Knockout Replicate 2,deletion,YBL016W
Gitter_2013_PMID_23064748,GSE28213GPL13340.sfp.pcl,6,Gal11 Knockout Replicate 1,deletion,YOL051W
Gitter_2013_PMID_23064748,GSE28213GPL13340.sfp.pcl,7,Gal11 Knockout Replicate 2,deletion,YOL051W
Gitter_2013_PMID_23064748,GSE28213GPL13340.sfp.pcl,8,Pcl2 Knockout Replicate 1,deletion,YDL127W
Gitter_2013_PMID_23064748,GSE28213GPL13340.sfp.pcl,9,Pcl2 Knockout Replicate 2,deletion,YDL127W
Gitter_2013_PMID_23064748,GSE28213GPL13340.sfp.pcl,10,Rvs167 Knockout Replicate 1,deletion,YDR388W
Gitter_2013_PMID_23064748,GSE28213GPL13340.sfp.pcl,11,Rvs167 Knockout Replicate 2,deletion,YDR388W
Gomez-Gonzalez_2011_PMID_21701562,GSE24802_final.pcl,0,"hpr1∆, biological rep. 1",deletion,YDR138W
Gomez-Gonzalez_2011_PMID_21701562,GSE24802_final.pcl,1,"hpr1∆, biological rep. 2",deletion,YDR138W
Gomez-Gonzalez_2011_PMID_21701562,GSE24802_final.pcl,2,"hpr1∆, biological rep. 3",deletion,YDR138W
Gomez-Gonzalez_2011_PMID_21701562,GSE24802_final.pcl,3,"sub2∆, biological rep. 1",deletion,YDL084W
Gomez-Gonzalez_2011_PMID_21701562,GSE24802_final.pcl,4,"sub2∆, biological rep. 2",deletion,YDL084W
Gomez-Gonzalez_2011_PMID_21701562,GSE24802_final.pcl,5,"tho2∆, biological rep. 1",deletion,YNL139C
Gomez-Gonzalez_2011_PMID_21701562,GSE24802_final.pcl,6,"tho2∆, biological rep. 2",deletion,YNL139C
Guan_2012_PMID_22851651,GSE32196GPL15778.sfp.pcl,0,nup42-delta basal,deletion,YDR192C
Guan_2012_PMID_22851651,GSE32196GPL15778.sfp.pcl,5,nup42-delta 0.4mM H2O2 t10,deletion,YDR192C
Guan_2012_PMID_22851651,GSE32196GPL15778.sfp.pcl,6,nup42-delta 0.4mM H2O2 t20,deletion,YDR192C
Guan_2012_PMID_22851651,GSE32196GPL15778.sfp.pcl,7,nup42-delta memory 0.4mM H2O2 t10,deletion,YDR192C
Guan_2012_PMID_22851651,GSE32196GPL15778.sfp.pcl,8,nup42-delta memory 0.4mM H2O2 t20,deletion,YDR192C
Guan_2012_PMID_22851651,GSE32196GPL15778.sfp.pcl,10,nup42-delta 0.7M NaCl t30,deletion,YDR192C
Hazelwood_2008_PMID_18281432,GSE9590_setA_family.pcl,3,aro10delta strain glc-limited chemostat with phenylalanine,deletion,YDR380W
Hazelwood_2008_PMID_18281432,GSE9590_setA_family.pcl,4,aro10delta glc-limited chemostat with phenylalanine-2,deletion,YDR380W
Hazelwood_2008_PMID_18281432,GSE9590_setA_family.pcl,8,aro10delta thi3delta strain glc-limited chemostat with phenylalanine -1,deletion,YDL080C|YDR380W
Hickman_2007_PMID_17785431,GSE8613_setA_family.pcl,3,Aerobic/hypoxic expression in hap1 deletion S.cerevisiae rep1,deletion,YLR256W
Hickman_2007_PMID_17785431,GSE8613_setA_family.pcl,4,Aerobic/hypoxic expression in hap1 deletion S.cerevisiae rep2,deletion,YLR256W
Hickman_2007_PMID_17785431,GSE8613_setA_family.pcl,5,Aerobic/hypoxic expression in hap1 deletion S.cerevisiae rep3,deletion,YLR256W
Hong_2012_PMID_22904057,GSE36118_final.pcl,8,RAP1,gene_named,YNL216W
Hong_2012_PMID_22904057,GSE36118_final.pcl,13,EBP2,gene_named,YKL172W
Hopfler_2019_PMID_31015336,GSE118817.final.pcl,3,ymr111c/euc1∆_ExpA_Rep1,deletion,YMR111C
Hopfler_2019_PMID_31015336,GSE118817.final.pcl,4,ymr111c/euc1∆_ExpA_Rep2,deletion,YMR111C
Hopfler_2019_PMID_31015336,GSE118817.final.pcl,5,ymr111c/euc1∆_ExpA_Rep3,deletion,YMR111C
Hou_2014_PMID_24237754,GSE39311.remapped.final.pcl,6,"hac1∆, biological rep1",deletion,YFL031W
Hou_2014_PMID_24237754,GSE39311.remapped.final.pcl,7,"hac1∆, biological rep2",deletion,YFL031W
Hou_2014_PMID_24237754,GSE39311.remapped.final.pcl,8,"hac1∆, biological rep3",deletion,YFL031W
Hou_2014_PMID_24237754,GSE39311.remapped.final.pcl,9,"hac1∆(hsf1), biological rep1",deletion,YFL031W
Hou_2014_PMID_24237754,GSE39311.remapped.final.pcl,10,"hac1∆(hsf1), biological rep2",deletion,YFL031W
Hou_2014_PMID_24237754,GSE39311.remapped.final.pcl,11,"hac1∆(hsf1), biological rep3",deletion,YFL031W
Hu_2007_PMID_17417638,GSE4654_setA_family.pcl,0,ylr098c deletion,deletion,YLR098C
Hu_2007_PMID_17417638,GSE4654_setA_family.pcl,1,ybl054w deletion,deletion,YBL054W
Hu_2007_PMID_17417638,GSE4654_setA_family.pcl,2,ykl062w deletion,deletion,YKL062W
Hu_2007_PMID_17417638,GSE4654_setA_family.pcl,3,yer051w deletion,deletion,YER051W
Hu_2007_PMID_17417638,GSE4654_setA_family.pcl,4,ylr176c deletion,deletion,YLR176C
Hu_2007_PMID_17417638,GSE4654_setA_family.pcl,5,ykl032c deletion,deletion,YKL032C
Hu_2007_PMID_17417638,GSE4654_setA_family.pcl,6,yjl176c deletion,deletion,YJL176C
Hu_2007_PMID_17417638,GSE4654_setA_family.pcl,7,yjr060w deletion,deletion,YJR060W
Hu_2007_PMID_17417638,GSE4654_setA_family.pcl,8,ypr008w deletion,deletion,YPR008W
Hu_2007_PMID_17417638,GSE4654_setA_family.pcl,9,yhl009c deletion,deletion,YHL009C
Hu_2007_PMID_17417638,GSE4654_setA_family.pcl,10,ypl001w deletion,deletion,YPL001W
Hu_2007_PMID_17417638,GSE4654_setA_family.pcl,11,ymr273c deletion,deletion,YMR273C
Hu_2007_PMID_17417638,GSE4654_setA_family.pcl,12,yol028c deletion,deletion,YOL028C
Hu_2007_PMID_17417638,GSE4654_setA_family.pcl,13,ykl020c deletion,deletion,YKL020C
Hu_2007_PMID_17417638,GSE4654_setA_family.pcl,14,yor344c deletion,deletion,YOR344C
Hu_2007_PMID_17417638,GSE4654_setA_family.pcl,15,yor028c deletion,deletion,YOR028C
Hu_2007_PMID_17417638,GSE4654_setA_family.pcl,16,ypr199c deletion,deletion,YPR199C
Hu_2007_PMID_17417638,GSE4654_setA_family.pcl,17,ypl049c deletion,deletion,YPL049C
Hu_2007_PMID_17417638,GSE4654_setA_family.pcl,18,ybl021c deletion,deletion,YBL021C
Hu_2007_PMID_17417638,GSE4654_setA_family.pcl,19,yer109c deletion,deletion,YER109C
Hu_2007_PMID_17417638,GSE4654_setA_family.pcl,20,yir033w deletion,deletion,YIR033W
Hu_2007_PMID_17417638,GSE4654_setA_family.pcl,21,ypl129w deletion,deletion,YPL129W
Hu_2007_PMID_17417638,GSE4654_setA_family.pcl,22,ynl236w deletion,deletion,YNL236W
Hu_2007_PMID_17417638,GSE4654_setA_family.pcl,23,yjr122w deletion,deletion,YJR122W
Hu_2007_PMID_17417638,GSE4654_setA_family.pcl,24,yml051w deletion,deletion,YML051W
Hu_2007_PMID_17417638,GSE4654_setA_family.pcl,25,yor140w deletion,deletion,YOR140W
Hu_2007_PMID_17417638,GSE4654_setA_family.pcl,26,ypl042c deletion,deletion,YPL042C
Hu_2007_PMID_17417638,GSE4654_setA_family.pcl,27,yel056w deletion,deletion,YEL056W
Hu_2007_PMID_17417638,GSE4654_setA_family.pcl,28,ypl177c deletion,deletion,YPL177C
Hu_2007_PMID_17417638,GSE4654_setA_family.pcl,29,ymr070w deletion,deletion,YMR070W
Hu_2007_PMID_17417638,GSE4654_setA_family.pcl,30,ydr169c deletion,deletion,YDR169C
Hu_2007_PMID_17417638,GSE4654_setA_family.pcl,31,yml102w deletion,deletion,YML102W
Hu_2007_PMID_17417638,GSE4654_setA_family.pcl,32,yol116w deletion,deletion,YOL116W
Hu_2007_PMID_17417638,GSE4654_setA_family.pcl,33,ypl248c deletion,deletion,YPL248C
Hu_2007_PMID_17417638,GSE4654_setA_family.pcl,34,ygr056w deletion,deletion,YGR056W
Hu_2007_PMID_17417638,GSE4654_setA_family.pcl,35,ymr042w deletion,deletion,YMR042W
Hu_2007_PMID_17417638,GSE4654_setA_family.pcl,36,ykl185w deletion,deletion,YKL185W
Hu_2007_PMID_17417638,GSE4654_setA_family.pcl,37,ybr182c deletion,deletion,YBR182C
Hu_2007_PMID_17417638,GSE4654_setA_family.pcl,38,yhr206w deletion,deletion,YHR206W
Hu_2007_PMID_17417638,GSE4654_setA_family.pcl,39,ymr182c deletion,deletion,YMR182C
Hu_2007_PMID_17417638,GSE4654_setA_family.pcl,40,yir018w deletion,deletion,YIR018W
Hu_2007_PMID_17417638,GSE4654_setA_family.pcl,41,ynl330c deletion,deletion,YNL330C
Hu_2007_PMID_17417638,GSE4654_setA_family.pcl,42,yil119c deletion,deletion,YIL119C
Hu_2007_PMID_17417638,GSE4654_setA_family.pcl,43,ydr173c deletion,deletion,YDR173C
Hu_2007_PMID_17417638,GSE4654_setA_family.pcl,44,ygl023c deletion,deletion,YGL023C
Hu_2007_PMID_17417638,GSE4654_setA_family.pcl,45,ygr097w deletion,deletion,YGR097W
Hu_2007_PMID_17417638,GSE4654_setA_family.pcl,46,yor038c deletion,deletion,YOR038C
Hu_2007_PMID_17417638,GSE4654_setA_family.pcl,47,yhl020c deletion,deletion,YHL020C
Hu_2007_PMID_17417638,GSE4654_setA_family.pcl,48,ybr289w deletion,deletion,YBR289W
Hu_2007_PMID_17417638,GSE4654_setA_family.pcl,49,ynr052c deletion,deletion,YNR052C
Hu_2007_PMID_17417638,GSE4654_setA_family.pcl,50,ykr099w deletion,deletion,YKR099W
Hu_2007_PMID_17417638,GSE4654_setA_family.pcl,51,ylr357w deletion,deletion,YLR357W
Hu_2007_PMID_17417638,GSE4654_setA_family.pcl,52,yor113w deletion,deletion,YOR113W
Hu_2007_PMID_17417638,GSE4654_setA_family.pcl,53,yjl168c deletion,deletion,YJL168C
Hu_2007_PMID_17417638,GSE4654_setA_family.pcl,54,ydr477w deletion,deletion,YDR477W
Hu_2007_PMID_17417638,GSE4654_setA_family.pcl,55,ypr196w deletion,deletion,YPR196W
Hu_2007_PMID_17417638,GSE4654_setA_family.pcl,56,yml081w deletion,deletion,YML081W
Hu_2007_PMID_17417638,GSE4654_setA_family.pcl,57,ykr034w deletion,deletion,YKR034W
Hu_2007_PMID_17417638,GSE4654_setA_family.pcl,58,ycr081w deletion,deletion,YCR081W
Hu_2007_PMID_17417638,GSE4654_setA_family.pcl,59,ybl066c deletion,deletion,YBL066C
Hu_2007_PMID_17417638,GSE4654_setA_family.pcl,60,ylr182w deletion,deletion,YLR182W
Hu_2007_PMID_17417638,GSE4654_setA_family.pcl,61,yor229w deletion,deletion,YOR229W
Hu_2007_PMID_17417638,GSE4654_setA_family.pcl,62,ynl257c deletion,deletion,YNL257C
Hu_2007_PMID_17417638,GSE4654_setA_family.pcl,63,ygl035c deletion,deletion,YGL035C
Hu_2007_PMID_17417638,GSE4654_setA_family.pcl,64,ydr443c deletion,deletion,YDR443C
Hu_2007_PMID_17417638,GSE4654_setA_family.pcl,65,yor290c deletion,deletion,YOR290C
Hu_2007_PMID_17417638,GSE4654_setA_family.pcl,66,ybr083w deletion,deletion,YBR083W
Hu_2007_PMID_17417638,GSE4654_setA_family.pcl,67,yer184c deletion,deletion,YER184C
Hu_2007_PMID_17417638,GSE4654_setA_family.pcl,68,ydr423c deletion,deletion,YDR423C
Hu_2007_PMID_17417638,GSE4654_setA_family.pcl,69,yor363c deletion,deletion,YOR363C
Hu_2007_PMID_17417638,GSE4654_setA_family.pcl,70,yhl025w deletion,deletion,YHL025W
Hu_2007_PMID_17417638,GSE4654_setA_family.pcl,71,ykl015w deletion,deletion,YKL015W
Hu_2007_PMID_17417638,GSE4654_setA_family.pcl,72,ydr253c deletion,deletion,YDR253C
Hu_2007_PMID_17417638,GSE4654_setA_family.pcl,73,ymr019w deletion,deletion,YMR019W
Hu_2007_PMID_17417638,GSE4654_setA_family.pcl,74,ykl005c deletion,deletion,YKL005C
Hu_2007_PMID_17417638,GSE4654_setA_family.pcl,75,yol108c deletion,deletion,YOL108C
Hu_2007_PMID_17417638,GSE4654_setA_family.pcl,76,ygl096w deletion,deletion,YGL096W
Hu_2007_PMID_17417638,GSE4654_setA_family.pcl,77,yer161c deletion,deletion,YER161C
Hu_2007_PMID_17417638,GSE4654_setA_family.pcl,78,yfl044c deletion,deletion,YFL044C
Hu_2007_PMID_17417638,GSE4654_setA_family.pcl,79,ybr245c deletion,deletion,YBR245C
Hu_2007_PMID_17417638,GSE4654_setA_family.pcl,80,yol051w deletion,deletion,YOL051W
Hu_2007_PMID_17417638,GSE4654_setA_family.pcl,81,ydr181c deletion,deletion,YDR181C
Hu_2007_PMID_17417638,GSE4654_setA_family.pcl,82,ygl244w deletion,deletion,YGL244W
Hu_2007_PMID_17417638,GSE4654_setA_family.pcl,83,yir023w deletion,deletion,YIR023W
Hu_2007_PMID_17417638,GSE4654_setA_family.pcl,84,ygr249w deletion,deletion,YGR249W
Hu_2007_PMID_17417638,GSE4654_setA_family.pcl,85,ydr191w deletion,deletion,YDR191W
Hu_2007_PMID_17417638,GSE4654_setA_family.pcl,86,ygl025c deletion,deletion,YGL025C
Hu_2007_PMID_17417638,GSE4654_setA_family.pcl,87,yol068c deletion,deletion,YOL068C
Hu_2007_PMID_17417638,GSE4654_setA_family.pcl,88,ymr053c deletion,deletion,YMR053C
Hu_2007_PMID_17417638,GSE4654_setA_family.pcl,89,ydr421w deletion,deletion,YDR421W
Hu_2007_PMID_17417638,GSE4654_setA_family.pcl,90,yfr034c deletion,deletion,YFR034C
Hu_2007_PMID_17417638,GSE4654_setA_family.pcl,91,ylr442c deletion,deletion,YLR442C
Hu_2007_PMID_17417638,GSE4654_setA_family.pcl,92,ypr022c deletion,deletion,YPR022C
Hu_2007_PMID_17417638,GSE4654_setA_family.pcl,93,ymr164c deletion,deletion,YMR164C
Hu_2007_PMID_17417638,GSE4654_setA_family.pcl,94,ypl230w deletion,deletion,YPL230W
Hu_2007_PMID_17417638,GSE4654_setA_family.pcl,95,ybl103c deletion,deletion,YBL103C
Hu_2007_PMID_17417638,GSE4654_setA_family.pcl,96,ydr146c deletion,deletion,YDR146C
Hu_2007_PMID_17417638,GSE4654_setA_family.pcl,97,ydr049w deletion,deletion,YDR049W
Hu_2007_PMID_17417638,GSE4654_setA_family.pcl,98,yfl031w deletion,deletion,YFL031W
Hu_2007_PMID_17417638,GSE4654_setA_family.pcl,99,ynl139c deletion,deletion,YNL139C
Hu_2007_PMID_17417638,GSE4654_setA_family.pcl,100,ykl109w deletion,deletion,YKL109W
Hu_2007_PMID_17417638,GSE4654_setA_family.pcl,101,ydl056w deletion,deletion,YDL056W
Hu_2007_PMID_17417638,GSE4654_setA_family.pcl,102,ydr216w deletion,deletion,YDR216W
Hu_2007_PMID_17417638,GSE4654_setA_family.pcl,103,ylr039c deletion,deletion,YLR039C
Hu_2007_PMID_17417638,GSE4654_setA_family.pcl,104,yor380w deletion,deletion,YOR380W
Hu_2007_PMID_17417638,GSE4654_setA_family.pcl,105,ypr193c deletion,deletion,YPR193C
Hu_2007_PMID_17417638,GSE4654_setA_family.pcl,106,ybr297w deletion,deletion,YBR297W
Hu_2007_PMID_17417638,GSE4654_setA_family.pcl,107,yer068w deletion,deletion,YER068W
Hu_2007_PMID_17417638,GSE4654_setA_family.pcl,108,yel009c deletion,deletion,YEL009C
Hu_2007_PMID_17417638,GSE4654_setA_family.pcl,109,ygl162w deletion,deletion,YGL162W
Hu_2007_PMID_17417638,GSE4654_setA_family.pcl,110,ydl170w deletion,deletion,YDL170W
Hu_2007_PMID_17417638,GSE4654_setA_family.pcl,111,ydr277c deletion,deletion,YDR277C
Hu_2007_PMID_17417638,GSE4654_setA_family.pcl,112,ylr113w deletion,deletion,YLR113W
Hu_2007_PMID_17417638,GSE4654_setA_family.pcl,113,ypr054w deletion,deletion,YPR054W
Hu_2007_PMID_17417638,GSE4654_setA_family.pcl,114,yor298c-a deletion,deletion,YOR298C-A
Hu_2007_PMID_17417638,GSE4654_setA_family.pcl,115,yml099c deletion,deletion,YML099C
Hu_2007_PMID_17417638,GSE4654_setA_family.pcl,116,ypr009w deletion,deletion,YPR009W
Hu_2007_PMID_17417638,GSE4654_setA_family.pcl,117,ynl199c deletion,deletion,YNL199C
Hu_2007_PMID_17417638,GSE4654_setA_family.pcl,118,yor025w deletion,deletion,YOR025W
Hu_2007_PMID_17417638,GSE4654_setA_family.pcl,119,ymr021c deletion,deletion,YMR021C
Hu_2007_PMID_17417638,GSE4654_setA_family.pcl,120,ygl131c deletion,deletion,YGL131C
Hu_2007_PMID_17417638,GSE4654_setA_family.pcl,121,ylr418c deletion,deletion,YLR418C
Hu_2007_PMID_17417638,GSE4654_setA_family.pcl,122,ypl133c deletion,deletion,YPL133C
Hu_2007_PMID_17417638,GSE4654_setA_family.pcl,123,ygl237c deletion,deletion,YGL237C
Hu_2007_PMID_17417638,GSE4654_setA_family.pcl,124,ygr044c deletion,deletion,YGR044C
Hu_2007_PMID_17417638,GSE4654_setA_family.pcl,125,yfl021w deletion,deletion,YFL021W
Hu_2007_PMID_17417638,GSE4654_setA_family.pcl,126,yil131c deletion,deletion,YIL131C
Hu_2007_PMID_17417638,GSE4654_setA_family.pcl,127,yhr154w deletion,deletion,YHR154W
Hu_2007_PMID_17417638,GSE4654_setA_family.pcl,128,ynl309w deletion,deletion,YNL309W
Hu_2007_PMID_17417638,GSE4654_setA_family.pcl,129,ykr064w deletion,deletion,YKR064W
Hu_2007_PMID_17417638,GSE4654_setA_family.pcl,130,ymr016c deletion,deletion,YMR016C
Hu_2007_PMID_17417638,GSE4654_setA_family.pcl,131,ydr448w deletion,deletion,YDR448W
Hu_2007_PMID_17417638,GSE4654_setA_family.pcl,132,ydr259c deletion,deletion,YDR259C
Hu_2007_PMID_17417638,GSE4654_setA_family.pcl,133,ydr043c deletion,deletion,YDR043C
Hu_2007_PMID_17417638,GSE4654_setA_family.pcl,134,yor230w deletion,deletion,YOR230W
Hu_2007_PMID_17417638,GSE4654_setA_family.pcl,135,yor032c deletion,deletion,YOR032C
Hu_2007_PMID_17417638,GSE4654_setA_family.pcl,136,ycl055w deletion,deletion,YCL055W
Hu_2007_PMID_17417638,GSE4654_setA_family.pcl,137,ymr037c deletion,deletion,YMR037C
Hu_2007_PMID_17417638,GSE4654_setA_family.pcl,138,ygr089w deletion,deletion,YGR089W
Hu_2007_PMID_17417638,GSE4654_setA_family.pcl,139,ybl052c deletion,deletion,YBL052C
Hu_2007_PMID_17417638,GSE4654_setA_family.pcl,140,ygr104c deletion,deletion,YGR104C
Hu_2007_PMID_17417638,GSE4654_setA_family.pcl,141,yjr127c deletion,deletion,YJR127C
Hu_2007_PMID_17417638,GSE4654_setA_family.pcl,142,yfl052w deletion,deletion,YFL052W
Hu_2007_PMID_17417638,GSE4654_setA_family.pcl,143,ydr026c deletion,deletion,YDR026C
Hu_2007_PMID_17417638,GSE4654_setA_family.pcl,144,yol004w deletion,deletion,YOL004W
Hu_2007_PMID_17417638,GSE4654_setA_family.pcl,145,ynl204c deletion,deletion,YNL204C
Hu_2007_PMID_17417638,GSE4654_setA_family.pcl,146,ypl202c deletion,deletion,YPL202C
Hu_2007_PMID_17417638,GSE4654_setA_family.pcl,147,yor191w deletion,deletion,YOR191W
Hu_2007_PMID_17417638,GSE4654_setA_family.pcl,148,yhr178w deletion,deletion,YHR178W
Hu_2007_PMID_17417638,GSE4654_setA_family.pcl,149,ypl038w deletion,deletion,YPL038W
Hu_2007_PMID_17417638,GSE4654_setA_family.pcl,150,yjl110c deletion,deletion,YJL110C
Hu_2007_PMID_17417638,GSE4654_setA_family.pcl,151,ydr176w deletion,deletion,YDR176W
Hu_2007_PMID_17417638,GSE4654_setA_family.pcl,152,ylr451w deletion,deletion,YLR451W
Hu_2007_PMID_17417638,GSE4654_setA_family.pcl,153,yhr006w deletion,deletion,YHR006W
Hu_2007_PMID_17417638,GSE4654_setA_family.pcl,154,ypl139c deletion,deletion,YPL139C
Hu_2007_PMID_17417638,GSE4654_setA_family.pcl,155,ynl167c deletion,deletion,YNL167C
Hu_2007_PMID_17417638,GSE4654_setA_family.pcl,156,ynl314w deletion,deletion,YNL314W
Hu_2007_PMID_17417638,GSE4654_setA_family.pcl,157,ylr014c deletion,deletion,YLR014C
Hu_2007_PMID_17417638,GSE4654_setA_family.pcl,158,yjl127c deletion,deletion,YJL127C
Hu_2007_PMID_17417638,GSE4654_setA_family.pcl,159,yor162c deletion,deletion,YOR162C
Hu_2007_PMID_17417638,GSE4654_setA_family.pcl,160,yir017c deletion,deletion,YIR017C
Hu_2007_PMID_17417638,GSE4654_setA_family.pcl,161,ygl013c deletion,deletion,YGL013C
Hu_2007_PMID_17417638,GSE4654_setA_family.pcl,162,yor304w deletion,deletion,YOR304W
Hu_2007_PMID_17417638,GSE4654_setA_family.pcl,163,ybl005w deletion,deletion,YBL005W
Hu_2007_PMID_17417638,GSE4654_setA_family.pcl,164,yil010w deletion,deletion,YIL010W
Hu_2007_PMID_17417638,GSE4654_setA_family.pcl,165,ylr228c deletion,deletion,YLR228C
Hu_2007_PMID_17417638,GSE4654_setA_family.pcl,166,ykl043w deletion,deletion,YKL043W
Hu_2007_PMID_17417638,GSE4654_setA_family.pcl,167,yer130c deletion,deletion,YER130C
Hu_2007_PMID_17417638,GSE4654_setA_family.pcl,168,ycr084c deletion,deletion,YCR084C
Hu_2007_PMID_17417638,GSE4654_setA_family.pcl,169,ydr213w deletion,deletion,YDR213W
Hu_2007_PMID_17417638,GSE4654_setA_family.pcl,170,ybr195c deletion,deletion,YBR195C
Hu_2007_PMID_17417638,GSE4654_setA_family.pcl,171,ycr106w deletion,deletion,YCR106W
Hu_2007_PMID_17417638,GSE4654_setA_family.pcl,172,yjr147w deletion,deletion,YJR147W
Hu_2007_PMID_17417638,GSE4654_setA_family.pcl,173,ykr036c deletion,deletion,YKR036C
Hu_2007_PMID_17417638,GSE4654_setA_family.pcl,174,ydr363w deletion,deletion,YDR363W
Hu_2007_PMID_17417638,GSE4654_setA_family.pcl,175,yml113w deletion,deletion,YML113W
Hu_2007_PMID_17417638,GSE4654_setA_family.pcl,176,ydl042c deletion,deletion,YDL042C
Hu_2007_PMID_17417638,GSE4654_setA_family.pcl,177,ydr310c deletion,deletion,YDR310C
Hu_2007_PMID_17417638,GSE4654_setA_family.pcl,178,ynl021w deletion,deletion,YNL021W
Hu_2007_PMID_17417638,GSE4654_setA_family.pcl,179,ydl070w deletion,deletion,YDL070W
Hu_2007_PMID_17417638,GSE4654_setA_family.pcl,180,ybl008w deletion,deletion,YBL008W
Hu_2007_PMID_17417638,GSE4654_setA_family.pcl,181,yer169w deletion,deletion,YER169W
Hu_2007_PMID_17417638,GSE4654_setA_family.pcl,182,ydr207c deletion,deletion,YDR207C
Hu_2007_PMID_17417638,GSE4654_setA_family.pcl,183,ydr073w deletion,deletion,YDR073W
Hu_2007_PMID_17417638,GSE4654_setA_family.pcl,184,yjl103c deletion,deletion,YJL103C
Hu_2007_PMID_17417638,GSE4654_setA_family.pcl,185,ydr451c deletion,deletion,YDR451C
Hu_2007_PMID_17417638,GSE4654_setA_family.pcl,186,yer028c deletion,deletion,YER028C
Hu_2007_PMID_17417638,GSE4654_setA_family.pcl,187,yil038c deletion,deletion,YIL038C
Hu_2007_PMID_17417638,GSE4654_setA_family.pcl,188,ynl068c deletion,deletion,YNL068C
Hu_2007_PMID_17417638,GSE4654_setA_family.pcl,189,ynl097c deletion,deletion,YNL097C
Hu_2007_PMID_17417638,GSE4654_setA_family.pcl,190,ydl020c deletion,deletion,YDL020C
Hu_2007_PMID_17417638,GSE4654_setA_family.pcl,191,ydr392w deletion,deletion,YDR392W
Hu_2007_PMID_17417638,GSE4654_setA_family.pcl,192,yol148c deletion,deletion,YOL148C
Hu_2007_PMID_17417638,GSE4654_setA_family.pcl,193,yol089c deletion,deletion,YOL089C
Hu_2007_PMID_17417638,GSE4654_setA_family.pcl,194,yer040w deletion,deletion,YER040W
Hu_2007_PMID_17417638,GSE4654_setA_family.pcl,195,yhl027w deletion,deletion,YHL027W
Hu_2007_PMID_17417638,GSE4654_setA_family.pcl,196,yor213c deletion,deletion,YOR213C
Hu_2007_PMID_17417638,GSE4654_setA_family.pcl,197,ykl038w deletion,deletion,YKL038W
Hu_2007_PMID_17417638,GSE4654_setA_family.pcl,198,ygl071w deletion,deletion,YGL071W
Hu_2007_PMID_17417638,GSE4654_setA_family.pcl,199,ynr010w deletion,deletion,YNR010W
Hu_2007_PMID_17417638,GSE4654_setA_family.pcl,200,ygl254w deletion,deletion,YGL254W
Hu_2007_PMID_17417638,GSE4654_setA_family.pcl,201,yil036w deletion,deletion,YIL036W
Hu_2007_PMID_17417638,GSE4654_setA_family.pcl,202,ydr123c deletion,deletion,YDR123C
Hu_2007_PMID_17417638,GSE4654_setA_family.pcl,203,yml007w deletion,deletion,YML007W
Hu_2007_PMID_17417638,GSE4654_setA_family.pcl,204,yil101c deletion,deletion,YIL101C
Hu_2007_PMID_17417638,GSE4654_setA_family.pcl,205,ygr067c deletion,deletion,YGR067C
Hu_2007_PMID_17417638,GSE4654_setA_family.pcl,206,yil084c deletion,deletion,YIL084C
Hu_2007_PMID_17417638,GSE4654_setA_family.pcl,207,ygl151w deletion,deletion,YGL151W
Hu_2007_PMID_17417638,GSE4654_setA_family.pcl,208,ypr065w deletion,deletion,YPR065W
Hu_2007_PMID_17417638,GSE4654_setA_family.pcl,209,ygl166w deletion,deletion,YGL166W
Hu_2007_PMID_17417638,GSE4654_setA_family.pcl,210,ygr063c deletion,deletion,YGR063C
Hu_2007_PMID_17417638,GSE4654_setA_family.pcl,211,ybr240c deletion,deletion,YBR240C
Hu_2007_PMID_17417638,GSE4654_setA_family.pcl,212,yol067c deletion,deletion,YOL067C
Hu_2007_PMID_17417638,GSE4654_setA_family.pcl,213,ylr013w deletion,deletion,YLR013W
Hu_2007_PMID_17417638,GSE4654_setA_family.pcl,214,ybr239c deletion,deletion,YBR239C
Hu_2007_PMID_17417638,GSE4654_setA_family.pcl,215,ymr280c deletion,deletion,YMR280C
Hu_2007_PMID_17417638,GSE4654_setA_family.pcl,216,yjl056c deletion,deletion,YJL056C
Hu_2007_PMID_17417638,GSE4654_setA_family.pcl,217,yal051w deletion,deletion,YAL051W
Hu_2007_PMID_17417638,GSE4654_setA_family.pcl,218,ybr103w deletion,deletion,YBR103W
Hu_2007_PMID_17417638,GSE4654_setA_family.pcl,219,ydr463w deletion,deletion,YDR463W
Hu_2007_PMID_17417638,GSE4654_setA_family.pcl,220,ypr018w deletion,deletion,YPR018W
Hu_2007_PMID_17417638,GSE4654_setA_family.pcl,221,ydl048c deletion,deletion,YDL048C
Hu_2007_PMID_17417638,GSE4654_setA_family.pcl,222,ylr278c deletion,deletion,YLR278C
Hu_2007_PMID_17417638,GSE4654_setA_family.pcl,223,yjl206c deletion,deletion,YJL206C
Hu_2007_PMID_17417638,GSE4654_setA_family.pcl,224,ydr266c deletion,deletion,YDR266C
Hu_2007_PMID_17417638,GSE4654_setA_family.pcl,225,ybr033w deletion,deletion,YBR033W
Hu_2007_PMID_17417638,GSE4654_setA_family.pcl,226,ylr131c deletion,deletion,YLR131C
Hu_2007_PMID_17417638,GSE4654_setA_family.pcl,227,yjr094c deletion,deletion,YJR094C
Hu_2007_PMID_17417638,GSE4654_setA_family.pcl,228,yjr140c deletion,deletion,YJR140C
Hu_2007_PMID_17417638,GSE4654_setA_family.pcl,229,ybr150c deletion,deletion,YBR150C
Hu_2007_PMID_17417638,GSE4654_setA_family.pcl,230,ydr520c deletion,deletion,YDR520C
Hu_2007_PMID_17417638,GSE4654_setA_family.pcl,231,ydr009w deletion,deletion,YDR009W
Hu_2007_PMID_17417638,GSE4654_setA_family.pcl,232,yor358w deletion,deletion,YOR358W
Hu_2007_PMID_17417638,GSE4654_setA_family.pcl,233,ykr101w deletion,deletion,YKR101W
Hu_2007_PMID_17417638,GSE4654_setA_family.pcl,234,yer111c deletion,deletion,YER111C
Hu_2007_PMID_17417638,GSE4654_setA_family.pcl,235,yml076c deletion,deletion,YML076C
Hu_2007_PMID_17417638,GSE4654_setA_family.pcl,236,ypl089c deletion,deletion,YPL089C
Hu_2007_PMID_17417638,GSE4654_setA_family.pcl,237,ynr063w deletion,deletion,YNR063W
Hu_2007_PMID_17417638,GSE4654_setA_family.pcl,238,ykl222c deletion,deletion,YKL222C
Hu_2007_PMID_17417638,GSE4654_setA_family.pcl,239,yer088c deletion,deletion,YER088C
Hu_2007_PMID_17417638,GSE4654_setA_family.pcl,240,ygl209w deletion,deletion,YGL209W
Hu_2007_PMID_17417638,GSE4654_setA_family.pcl,241,ykl072w deletion,deletion,YKL072W
Hu_2007_PMID_17417638,GSE4654_setA_family.pcl,242,ylr136c deletion,deletion,YLR136C
Hu_2007_PMID_17417638,GSE4654_setA_family.pcl,243,yhr041c deletion,deletion,YHR041C
Hu_2007_PMID_17417638,GSE4654_setA_family.pcl,244,ydl106c deletion,deletion,YDL106C
Hu_2007_PMID_17417638,GSE4654_setA_family.pcl,245,ygl197w deletion,deletion,YGL197W
Hu_2007_PMID_17417638,GSE4654_setA_family.pcl,246,yml027w deletion,deletion,YML027W
Hu_2007_PMID_17417638,GSE4654_setA_family.pcl,247,ymr075w deletion,deletion,YMR075W
Hu_2007_PMID_17417638,GSE4654_setA_family.pcl,248,ygl181w deletion,deletion,YGL181W
Hu_2007_PMID_17417638,GSE4654_setA_family.pcl,249,yil130w deletion,deletion,YIL130W
Hu_2007_PMID_17417638,GSE4654_setA_family.pcl,250,ygr040w deletion,deletion,YGR040W
Hu_2007_PMID_17417638,GSE4654_setA_family.pcl,251,ylr403w deletion,deletion,YLR403W
Hu_2007_PMID_17417638,GSE4654_setA_family.pcl,252,ypl254w deletion,deletion,YPL254W
Hu_2007_PMID_17417638,GSE4654_setA_family.pcl,253,yil128w deletion,deletion,YIL128W
Hu_2007_PMID_17417638,GSE4654_setA_family.pcl,254,ycr065w deletion,deletion,YCR065W
Hu_2007_PMID_17417638,GSE4654_setA_family.pcl,255,ybr275c deletion,deletion,YBR275C
Hu_2007_PMID_17417638,GSE4654_setA_family.pcl,256,ylr453c deletion,deletion,YLR453C
Hu_2007_PMID_17417638,GSE4654_setA_family.pcl,257,yjl089w deletion,deletion,YJL089W
Hu_2007_PMID_17417638,GSE4654_setA_family.pcl,258,ylr266c deletion,deletion,YLR266C
Hu_2007_PMID_17417638,GSE4654_setA_family.pcl,259,ynl027w deletion,deletion,YNL027W
Hu_2007_PMID_17417638,GSE4654_setA_family.pcl,260,ygr288w deletion,deletion,YGR288W
Hu_2007_PMID_17417638,GSE4654_setA_family.pcl,261,yer045c deletion,deletion,YER045C
Hu_2007_PMID_17417638,GSE4654_setA_family.pcl,262,yhr124w deletion,deletion,YHR124W
Hu_2007_PMID_17417638,GSE4654_setA_family.pcl,263,ypl075w deletion,deletion,YPL075W
Hu_2007_PMID_17417638,GSE4654_setA_family.pcl,264,ynl216w deletion,deletion,YNL216W
Hu_2007_PMID_17417638,GSE4654_setA_family.pcl,265,ybr049c deletion,deletion,YBR049C
Hu_2007_PMID_17417638,GSE4654_setA_family.pcl,266,ygl073w deletion,deletion,YGL073W
Hu_2007_PMID_17417638,GSE4654_setA_family.pcl,267,ykl112w deletion,deletion,YKL112W
Hu_2007_PMID_17417638,GSE4654_setA_family.pcl,268,ymr043w deletion,deletion,YMR043W
Huang_2002_PMID_12077337,2010.Huang02.flt.knn.avg.pcl,0,pho85D,deletion,YPL031C
Huang_2002_PMID_12077337,2010.Huang02.flt.knn.avg.pcl,5,pho4D,deletion,YFR034C
Huang_2002_PMID_12077337,2010.Huang02.flt.knn.avg.pcl,6,pcl1D,deletion,YNL289W
Huang_2002_PMID_12077337,2010.Huang02.flt.knn.avg.pcl,7,pcl2D,deletion,YDL127W
Huang_2002_PMID_12077337,2010.Huang02.flt.knn.avg.pcl,8,pcl9D,deletion,YDL179W
Huang_2002_PMID_12077337,2010.Huang02.flt.knn.avg.pcl,10,pcl5D,deletion,YHR071W
Huang_2002_PMID_12077337,2010.Huang02.flt.knn.avg.pcl,11,clg1D,deletion,YGL215W
Huang_2002_PMID_12077337,2010.Huang02.flt.knn.avg.pcl,13,pcl6D,deletion,YER059W
Huang_2002_PMID_12077337,2010.Huang02.flt.knn.avg.pcl,14,pcl7D,deletion,YIL050W
Huang_2002_PMID_12077337,2010.Huang02.flt.knn.avg.pcl,16,pcl8D,deletion,YPL219W
Huang_2002_PMID_12077337,2010.Huang02.flt.knn.avg.pcl,17,pcl10D,deletion,YGL134W
Huang_2002_PMID_12077337,2010.Huang02.flt.knn.avg.pcl,19,pho80D,deletion,YOL001W
Hughes_2000_PMID_10929718,2010.Hughes00.flt.knn.avg.pcl,0,ade1,gene_named,YAR015W
Hughes_2000_PMID_10929718,2010.Hughes00.flt.knn.avg.pcl,1,ade16,gene_named,YLR028C
Hughes_2000_PMID_10929718,2010.Hughes00.flt.knn.avg.pcl,2,ade2 (haploid),gene_named,YOR128C
Hughes_2000_PMID_10929718,2010.Hughes00.flt.knn.avg.pcl,3,aep2,gene_named,YMR282C
Hughes_2000_PMID_10929718,2010.Hughes00.flt.knn.avg.pcl,4,afg3 (haploid),gene_named,YER017C
Hughes_2000_PMID_10929718,2010.Hughes00.flt.knn.avg.pcl,5,ald5,gene_named,YER073W
Hughes_2000_PMID_10929718,2010.Hughes00.flt.knn.avg.pcl,6,anp1,gene_named,YEL036C
Hughes_2000_PMID_10929718,2010.Hughes00.flt.knn.avg.pcl,9,ard1,gene_named,YHR013C
Hughes_2000_PMID_10929718,2010.Hughes00.flt.knn.avg.pcl,10,"""are1, are2 (haploid)""",gene_named,YCR048W|YNR019W
Hughes_2000_PMID_10929718,2010.Hughes00.flt.knn.avg.pcl,12,arg80,gene_named,YMR042W
Hughes_2000_PMID_10929718,2010.Hughes00.flt.knn.avg.pcl,13,ase1 (**12),gene_named,YOR058C
Hughes_2000_PMID_10929718,2010.Hughes00.flt.knn.avg.pcl,14,ate1,gene_named,YGL017W
Hughes_2000_PMID_10929718,2010.Hughes00.flt.knn.avg.pcl,15,bim1 (**15),gene_named,YER016W
Hughes_2000_PMID_10929718,2010.Hughes00.flt.knn.avg.pcl,16,bni1 (haploid),gene_named,YNL271C
Hughes_2000_PMID_10929718,2010.Hughes00.flt.knn.avg.pcl,17,"""bub1 (haploid **2,10)""",gene_named,YGR188C
Hughes_2000_PMID_10929718,2010.Hughes00.flt.knn.avg.pcl,18,bub2,gene_named,YMR055C
Hughes_2000_PMID_10929718,2010.Hughes00.flt.knn.avg.pcl,19,"""bub3 (**2,8,13)""",gene_named,YOR026W
Hughes_2000_PMID_10929718,2010.Hughes00.flt.knn.avg.pcl,20,bub3 (haploid **2),gene_named,YOR026W
Hughes_2000_PMID_10929718,2010.Hughes00.flt.knn.avg.pcl,21,bul1,gene_named,YMR275C
Hughes_2000_PMID_10929718,2010.Hughes00.flt.knn.avg.pcl,22,cat8,gene_named,YMR280C
Hughes_2000_PMID_10929718,2010.Hughes00.flt.knn.avg.pcl,23,cbp2,gene_named,YHL038C
Hughes_2000_PMID_10929718,2010.Hughes00.flt.knn.avg.pcl,24,cem1,gene_named,YER061C
Hughes_2000_PMID_10929718,2010.Hughes00.flt.knn.avg.pcl,25,cin5,gene_named,YOR028C
Hughes_2000_PMID_10929718,2010.Hughes00.flt.knn.avg.pcl,26,cka2,gene_named,YOR061W
Hughes_2000_PMID_10929718,2010.Hughes00.flt.knn.avg.pcl,27,ckb2,gene_named,YOR039W
Hughes_2000_PMID_10929718,2010.Hughes00.flt.knn.avg.pcl,28,cla4 (haploid),gene_named,YNL298W
Hughes_2000_PMID_10929718,2010.Hughes00.flt.knn.avg.pcl,29,clb2,gene_named,YPR119W
Hughes_2000_PMID_10929718,2010.Hughes00.flt.knn.avg.pcl,30,clb6,gene_named,YGR109C
Hughes_2000_PMID_10929718,2010.Hughes00.flt.knn.avg.pcl,31,cmk2,gene_named,YOL016C
Hughes_2000_PMID_10929718,2010.Hughes00.flt.knn.avg.pcl,32,"""cna1, cna2 (haploid)""",gene_named,YLR433C|YML057W
Hughes_2000_PMID_10929718,2010.Hughes00.flt.knn.avg.pcl,33,cnb1,gene_named,YKL190W
Hughes_2000_PMID_10929718,2010.Hughes00.flt.knn.avg.pcl,34,cue1,gene_named,YMR264W
Hughes_2000_PMID_10929718,2010.Hughes00.flt.knn.avg.pcl,35,cup5,gene_named,YEL027W
Hughes_2000_PMID_10929718,2010.Hughes00.flt.knn.avg.pcl,36,cyc2,gene_named,YOR037W
Hughes_2000_PMID_10929718,2010.Hughes00.flt.knn.avg.pcl,37,cyt1,gene_named,YOR065W
Hughes_2000_PMID_10929718,2010.Hughes00.flt.knn.avg.pcl,38,dfr1,gene_named,YOR236W
Hughes_2000_PMID_10929718,2010.Hughes00.flt.knn.avg.pcl,39,dig1 ,gene_named,YPL049C
Hughes_2000_PMID_10929718,2010.Hughes00.flt.knn.avg.pcl,40,"""dig1, dig2""",gene_named,YDR480W|YPL049C
Hughes_2000_PMID_10929718,2010.Hughes00.flt.knn.avg.pcl,41,"""dig1, dig2 (haploid)""",gene_named,YDR480W|YPL049C
Hughes_2000_PMID_10929718,2010.Hughes00.flt.knn.avg.pcl,42,dig2,gene_named,YDR480W
Hughes_2000_PMID_10929718,2010.Hughes00.flt.knn.avg.pcl,43,dot4,gene_named,YNL186W
Hughes_2000_PMID_10929718,2010.Hughes00.flt.knn.avg.pcl,44,eca39,gene_named,YHR208W
Hughes_2000_PMID_10929718,2010.Hughes00.flt.knn.avg.pcl,45,ecm1 (**3),gene_named,YAL059W
Hughes_2000_PMID_10929718,2010.Hughes00.flt.knn.avg.pcl,46,ecm10,gene_named,YEL030W
Hughes_2000_PMID_10929718,2010.Hughes00.flt.knn.avg.pcl,47,ecm18 (**7),gene_named,YDR125C
Hughes_2000_PMID_10929718,2010.Hughes00.flt.knn.avg.pcl,48,ecm29,gene_named,YHL030W
Hughes_2000_PMID_10929718,2010.Hughes00.flt.knn.avg.pcl,49,ecm31,gene_named,YBR176W
Hughes_2000_PMID_10929718,2010.Hughes00.flt.knn.avg.pcl,50,ecm34,gene_named,YHL043W
Hughes_2000_PMID_10929718,2010.Hughes00.flt.knn.avg.pcl,51,eft2,gene_named,YDR385W
Hughes_2000_PMID_10929718,2010.Hughes00.flt.knn.avg.pcl,52,erd1,gene_named,YDR414C
Hughes_2000_PMID_10929718,2010.Hughes00.flt.knn.avg.pcl,53,erg2,gene_named,YMR202W
Hughes_2000_PMID_10929718,2010.Hughes00.flt.knn.avg.pcl,54,erg3 (haploid),gene_named,YLR056W
Hughes_2000_PMID_10929718,2010.Hughes00.flt.knn.avg.pcl,55,erg4 (haploid **7),gene_named,YGL012W
Hughes_2000_PMID_10929718,2010.Hughes00.flt.knn.avg.pcl,56,erg5,gene_named,YMR015C
Hughes_2000_PMID_10929718,2010.Hughes00.flt.knn.avg.pcl,57,erg6,gene_named,YML008C
Hughes_2000_PMID_10929718,2010.Hughes00.flt.knn.avg.pcl,58,erp2,gene_named,YAL007C
Hughes_2000_PMID_10929718,2010.Hughes00.flt.knn.avg.pcl,59,erp4,gene_named,YOR016C
Hughes_2000_PMID_10929718,2010.Hughes00.flt.knn.avg.pcl,60,far1 (haploid),gene_named,YJL157C
Hughes_2000_PMID_10929718,2010.Hughes00.flt.knn.avg.pcl,61,fks1 (haploid),gene_named,YLR342W
Hughes_2000_PMID_10929718,2010.Hughes00.flt.knn.avg.pcl,62,fpr1,gene_named,YNL135C
Hughes_2000_PMID_10929718,2010.Hughes00.flt.knn.avg.pcl,63,fre6,gene_named,YLL051C
Hughes_2000_PMID_10929718,2010.Hughes00.flt.knn.avg.pcl,64,fus2,gene_named,YMR232W
Hughes_2000_PMID_10929718,2010.Hughes00.flt.knn.avg.pcl,65,fus3 (haploid),gene_named,YBL016W
Hughes_2000_PMID_10929718,2010.Hughes00.flt.knn.avg.pcl,66,"""fus3, kss1 (haploid)""",gene_named,YBL016W|YGR040W
Hughes_2000_PMID_10929718,2010.Hughes00.flt.knn.avg.pcl,67,gal83,gene_named,YER027C
Hughes_2000_PMID_10929718,2010.Hughes00.flt.knn.avg.pcl,68,gas1,gene_named,YMR307W
Hughes_2000_PMID_10929718,2010.Hughes00.flt.knn.avg.pcl,69,gcn4,gene_named,YEL009C
Hughes_2000_PMID_10929718,2010.Hughes00.flt.knn.avg.pcl,70,gfd1,gene_named,YMR255W
Hughes_2000_PMID_10929718,2010.Hughes00.flt.knn.avg.pcl,71,gln3,gene_named,YER040W
Hughes_2000_PMID_10929718,2010.Hughes00.flt.knn.avg.pcl,72,gpa2,gene_named,YER020W
Hughes_2000_PMID_10929718,2010.Hughes00.flt.knn.avg.pcl,73,gyp1,gene_named,YOR070C
Hughes_2000_PMID_10929718,2010.Hughes00.flt.knn.avg.pcl,74,hat2,gene_named,YEL056W
Hughes_2000_PMID_10929718,2010.Hughes00.flt.knn.avg.pcl,75,hda1,gene_named,YNL021W
Hughes_2000_PMID_10929718,2010.Hughes00.flt.knn.avg.pcl,76,hdf1,gene_named,YMR284W
Hughes_2000_PMID_10929718,2010.Hughes00.flt.knn.avg.pcl,77,hes1 (haploid),gene_named,YOR237W
Hughes_2000_PMID_10929718,2010.Hughes00.flt.knn.avg.pcl,78,hir2,gene_named,YOR038C
Hughes_2000_PMID_10929718,2010.Hughes00.flt.knn.avg.pcl,79,his1,gene_named,YER055C
Hughes_2000_PMID_10929718,2010.Hughes00.flt.knn.avg.pcl,80,hmg1(haploid),gene_named,YML075C
Hughes_2000_PMID_10929718,2010.Hughes00.flt.knn.avg.pcl,81,hog1 (haploid),gene_named,YLR113W
Hughes_2000_PMID_10929718,2010.Hughes00.flt.knn.avg.pcl,82,hpa3,gene_named,YEL066W
Hughes_2000_PMID_10929718,2010.Hughes00.flt.knn.avg.pcl,83,hpt1,gene_named,YDR399W
Hughes_2000_PMID_10929718,2010.Hughes00.flt.knn.avg.pcl,84,hst3,gene_named,YOR025W
Hughes_2000_PMID_10929718,2010.Hughes00.flt.knn.avg.pcl,85,imp2,gene_named,YMR035W
Hughes_2000_PMID_10929718,2010.Hughes00.flt.knn.avg.pcl,86,imp2' (**12),gene_named,YMR035W
Hughes_2000_PMID_10929718,2010.Hughes00.flt.knn.avg.pcl,87,isw1,gene_named,YBR245C
Hughes_2000_PMID_10929718,2010.Hughes00.flt.knn.avg.pcl,88,"""isw1, isw2""",gene_named,YBR245C|YOR304W
Hughes_2000_PMID_10929718,2010.Hughes00.flt.knn.avg.pcl,89,isw2,gene_named,YOR304W
Hughes_2000_PMID_10929718,2010.Hughes00.flt.knn.avg.pcl,90,jnm1,gene_named,YMR294W
Hughes_2000_PMID_10929718,2010.Hughes00.flt.knn.avg.pcl,91,kim4,gene_named,YHR038W
Hughes_2000_PMID_10929718,2010.Hughes00.flt.knn.avg.pcl,92,kin3,gene_named,YAR018C
Hughes_2000_PMID_10929718,2010.Hughes00.flt.knn.avg.pcl,93,kre1,gene_named,YNL322C
Hughes_2000_PMID_10929718,2010.Hughes00.flt.knn.avg.pcl,94,kss1 (haploid),gene_named,YGR040W
Hughes_2000_PMID_10929718,2010.Hughes00.flt.knn.avg.pcl,95,mac1,gene_named,YMR021C
Hughes_2000_PMID_10929718,2010.Hughes00.flt.knn.avg.pcl,96,mad2,gene_named,YJL030W
Hughes_2000_PMID_10929718,2010.Hughes00.flt.knn.avg.pcl,97,mak10,gene_named,YEL053C
Hughes_2000_PMID_10929718,2010.Hughes00.flt.knn.avg.pcl,98,mbp1,gene_named,YDL056W
Hughes_2000_PMID_10929718,2010.Hughes00.flt.knn.avg.pcl,99,med2 (haploid),gene_named,YDL005C
Hughes_2000_PMID_10929718,2010.Hughes00.flt.knn.avg.pcl,100,mnn1,gene_named,YER001W
Hughes_2000_PMID_10929718,2010.Hughes00.flt.knn.avg.pcl,101,mrpl33,gene_named,YMR286W
Hughes_2000_PMID_10929718,2010.Hughes00.flt.knn.avg.pcl,102,mrt4,gene_named,YKL009W
Hughes_2000_PMID_10929718,2010.Hughes00.flt.knn.avg.pcl,103,msu1,gene_named,YMR287C
Hughes_2000_PMID_10929718,2010.Hughes00.flt.knn.avg.pcl,104,npr2,gene_named,YEL062W
Hughes_2000_PMID_10929718,2010.Hughes00.flt.knn.avg.pcl,105,nrf1,gene_named,YER072W
Hughes_2000_PMID_10929718,2010.Hughes00.flt.knn.avg.pcl,106,nta1,gene_named,YJR062C
Hughes_2000_PMID_10929718,2010.Hughes00.flt.knn.avg.pcl,107,ost3,gene_named,YOR085W
Hughes_2000_PMID_10929718,2010.Hughes00.flt.knn.avg.pcl,108,pac2,gene_named,YER007W
Hughes_2000_PMID_10929718,2010.Hughes00.flt.knn.avg.pcl,109,pau2,gene_named,YEL049W
Hughes_2000_PMID_10929718,2010.Hughes00.flt.knn.avg.pcl,110,pch1,gene_named,YDR440W
Hughes_2000_PMID_10929718,2010.Hughes00.flt.knn.avg.pcl,111,pcl6,gene_named,YER059W
Hughes_2000_PMID_10929718,2010.Hughes00.flt.knn.avg.pcl,112,pep12 ,gene_named,YOR036W
Hughes_2000_PMID_10929718,2010.Hughes00.flt.knn.avg.pcl,113,pet111,gene_named,YMR257C
Hughes_2000_PMID_10929718,2010.Hughes00.flt.knn.avg.pcl,114,pet117,gene_named,YER058W
Hughes_2000_PMID_10929718,2010.Hughes00.flt.knn.avg.pcl,115,pet127,gene_named,YOR017W
Hughes_2000_PMID_10929718,2010.Hughes00.flt.knn.avg.pcl,116,pex12,gene_named,YMR026C
Hughes_2000_PMID_10929718,2010.Hughes00.flt.knn.avg.pcl,117,pfd2  (**14),gene_named,YEL003W
Hughes_2000_PMID_10929718,2010.Hughes00.flt.knn.avg.pcl,118,phd1 (haploid),gene_named,YKL043W
Hughes_2000_PMID_10929718,2010.Hughes00.flt.knn.avg.pcl,119,ppr1,gene_named,YLR014C
Hughes_2000_PMID_10929718,2010.Hughes00.flt.knn.avg.pcl,120,prb1,gene_named,YEL060C
Hughes_2000_PMID_10929718,2010.Hughes00.flt.knn.avg.pcl,121,qcr2 (haploid),gene_named,YPR191W
Hughes_2000_PMID_10929718,2010.Hughes00.flt.knn.avg.pcl,122,rad27,gene_named,YKL113C
Hughes_2000_PMID_10929718,2010.Hughes00.flt.knn.avg.pcl,123,rad57,gene_named,YDR004W
Hughes_2000_PMID_10929718,2010.Hughes00.flt.knn.avg.pcl,124,rad6 (haploid),gene_named,YGL058W
Hughes_2000_PMID_10929718,2010.Hughes00.flt.knn.avg.pcl,125,ras1,gene_named,YOR101W
Hughes_2000_PMID_10929718,2010.Hughes00.flt.knn.avg.pcl,126,ras1 (haploid),gene_named,YOR101W
Hughes_2000_PMID_10929718,2010.Hughes00.flt.knn.avg.pcl,127,ras2 (haploid),gene_named,YNL098C
Hughes_2000_PMID_10929718,2010.Hughes00.flt.knn.avg.pcl,128,rgt1,gene_named,YKL038W
Hughes_2000_PMID_10929718,2010.Hughes00.flt.knn.avg.pcl,129,rip1,gene_named,YEL024W
Hughes_2000_PMID_10929718,2010.Hughes00.flt.knn.avg.pcl,130,rml2 (**13),gene_named,YEL050C
Hughes_2000_PMID_10929718,2010.Hughes00.flt.knn.avg.pcl,131,rnh1,gene_named,YMR234W
Hughes_2000_PMID_10929718,2010.Hughes00.flt.knn.avg.pcl,132,rnr1 (haploid **9),gene_named,YER070W
Hughes_2000_PMID_10929718,2010.Hughes00.flt.knn.avg.pcl,133,rpd3 (haploid),gene_named,YNL330C
Hughes_2000_PMID_10929718,2010.Hughes00.flt.knn.avg.pcl,134,rpl12a,gene_named,YEL054C
Hughes_2000_PMID_10929718,2010.Hughes00.flt.knn.avg.pcl,135,rpl20a,gene_named,YMR242C
Hughes_2000_PMID_10929718,2010.Hughes00.flt.knn.avg.pcl,136,rpl27a (**4),gene_named,YHR010W
Hughes_2000_PMID_10929718,2010.Hughes00.flt.knn.avg.pcl,137,rpl34a (**9),gene_named,YER056C-A
Hughes_2000_PMID_10929718,2010.Hughes00.flt.knn.avg.pcl,138,rpl6b,gene_named,YLR448W
Hughes_2000_PMID_10929718,2010.Hughes00.flt.knn.avg.pcl,139,rpl8a,gene_named,YHL033C
Hughes_2000_PMID_10929718,2010.Hughes00.flt.knn.avg.pcl,140,rps24a (**9),gene_named,YER074W
Hughes_2000_PMID_10929718,2010.Hughes00.flt.knn.avg.pcl,141,rps24a (haploid),gene_named,YER074W
Hughes_2000_PMID_10929718,2010.Hughes00.flt.knn.avg.pcl,142,rps27b (**11),gene_named,YHR021C
Hughes_2000_PMID_10929718,2010.Hughes00.flt.knn.avg.pcl,143,rrp6,gene_named,YOR001W
Hughes_2000_PMID_10929718,2010.Hughes00.flt.knn.avg.pcl,144,rtg1,gene_named,YOL067C
Hughes_2000_PMID_10929718,2010.Hughes00.flt.knn.avg.pcl,145,rts1,gene_named,YOR014W
Hughes_2000_PMID_10929718,2010.Hughes00.flt.knn.avg.pcl,146,rvs161 (haploid),gene_named,YCR009C
Hughes_2000_PMID_10929718,2010.Hughes00.flt.knn.avg.pcl,147,sap1,gene_named,YER047C
Hughes_2000_PMID_10929718,2010.Hughes00.flt.knn.avg.pcl,148,sap18,gene_named,YMR159C
Hughes_2000_PMID_10929718,2010.Hughes00.flt.knn.avg.pcl,149,sap30,gene_named,YMR263W
Hughes_2000_PMID_10929718,2010.Hughes00.flt.knn.avg.pcl,150,sbh2,gene_named,YER019C-A
Hughes_2000_PMID_10929718,2010.Hughes00.flt.knn.avg.pcl,151,sbp1,gene_named,YHL034C
Hughes_2000_PMID_10929718,2010.Hughes00.flt.knn.avg.pcl,152,scs7,gene_named,YMR272C
Hughes_2000_PMID_10929718,2010.Hughes00.flt.knn.avg.pcl,153,sgs1,gene_named,YMR190C
Hughes_2000_PMID_10929718,2010.Hughes00.flt.knn.avg.pcl,154,sgt2,gene_named,YOR007C
Hughes_2000_PMID_10929718,2010.Hughes00.flt.knn.avg.pcl,155,she4,gene_named,YOR035C
Hughes_2000_PMID_10929718,2010.Hughes00.flt.knn.avg.pcl,156,sin3,gene_named,YOL004W
Hughes_2000_PMID_10929718,2010.Hughes00.flt.knn.avg.pcl,157,sir1,gene_named,YKR101W
Hughes_2000_PMID_10929718,2010.Hughes00.flt.knn.avg.pcl,158,sir2,gene_named,YDL042C
Hughes_2000_PMID_10929718,2010.Hughes00.flt.knn.avg.pcl,159,sir3,gene_named,YLR442C
Hughes_2000_PMID_10929718,2010.Hughes00.flt.knn.avg.pcl,160,sir4,gene_named,YDR227W
Hughes_2000_PMID_10929718,2010.Hughes00.flt.knn.avg.pcl,161,sod1 (haploid),gene_named,YJR104C
Hughes_2000_PMID_10929718,2010.Hughes00.flt.knn.avg.pcl,162,spf1,gene_named,YEL031W
Hughes_2000_PMID_10929718,2010.Hughes00.flt.knn.avg.pcl,163,ssn6 (haploid),gene_named,YBR112C
Hughes_2000_PMID_10929718,2010.Hughes00.flt.knn.avg.pcl,164,sst2 (haploid),gene_named,YLR452C
Hughes_2000_PMID_10929718,2010.Hughes00.flt.knn.avg.pcl,165,stb4,gene_named,YMR019W
Hughes_2000_PMID_10929718,2010.Hughes00.flt.knn.avg.pcl,166,ste11 (haploid),gene_named,YLR362W
Hughes_2000_PMID_10929718,2010.Hughes00.flt.knn.avg.pcl,167,ste12 (haploid),gene_named,YHR084W
Hughes_2000_PMID_10929718,2010.Hughes00.flt.knn.avg.pcl,168,ste18 (haploid),gene_named,YJR086W
Hughes_2000_PMID_10929718,2010.Hughes00.flt.knn.avg.pcl,169,ste2 (haploid),gene_named,YFL026W
Hughes_2000_PMID_10929718,2010.Hughes00.flt.knn.avg.pcl,170,ste20 (**11),gene_named,YHL007C
Hughes_2000_PMID_10929718,2010.Hughes00.flt.knn.avg.pcl,171,ste24 (haploid),gene_named,YJR117W
Hughes_2000_PMID_10929718,2010.Hughes00.flt.knn.avg.pcl,172,ste4 (haploid),gene_named,YOR212W
Hughes_2000_PMID_10929718,2010.Hughes00.flt.knn.avg.pcl,173,ste5 (haploid),gene_named,YDR103W
Hughes_2000_PMID_10929718,2010.Hughes00.flt.knn.avg.pcl,174,ste7 (haploid),gene_named,YDL159W
Hughes_2000_PMID_10929718,2010.Hughes00.flt.knn.avg.pcl,175,swi4,gene_named,YER111C
Hughes_2000_PMID_10929718,2010.Hughes00.flt.knn.avg.pcl,176,swi5,gene_named,YDR146C
Hughes_2000_PMID_10929718,2010.Hughes00.flt.knn.avg.pcl,177,swi6 (haploid),gene_named,YLR182W
Hughes_2000_PMID_10929718,2010.Hughes00.flt.knn.avg.pcl,178,tec1 (haploid),gene_named,YBR083W
Hughes_2000_PMID_10929718,2010.Hughes00.flt.knn.avg.pcl,179,tom6,gene_named,YOR045W
Hughes_2000_PMID_10929718,2010.Hughes00.flt.knn.avg.pcl,180,top1 (haploid),gene_named,YOL006C
Hughes_2000_PMID_10929718,2010.Hughes00.flt.knn.avg.pcl,181,top3 (haploid),gene_named,YLR234W
Hughes_2000_PMID_10929718,2010.Hughes00.flt.knn.avg.pcl,182,tup1 (haploid),gene_named,YCR084C
Hughes_2000_PMID_10929718,2010.Hughes00.flt.knn.avg.pcl,183,ubp8,gene_named,YMR223W
Hughes_2000_PMID_10929718,2010.Hughes00.flt.knn.avg.pcl,184,ubr1,gene_named,YGR184C
Hughes_2000_PMID_10929718,2010.Hughes00.flt.knn.avg.pcl,185,ubr2,gene_named,YLR024C
Hughes_2000_PMID_10929718,2010.Hughes00.flt.knn.avg.pcl,186,utr4,gene_named,YEL038W
Hughes_2000_PMID_10929718,2010.Hughes00.flt.knn.avg.pcl,187,vac8,gene_named,YEL013W
Hughes_2000_PMID_10929718,2010.Hughes00.flt.knn.avg.pcl,188,vma8,gene_named,YEL051W
Hughes_2000_PMID_10929718,2010.Hughes00.flt.knn.avg.pcl,189,vps21,gene_named,YOR089C
Hughes_2000_PMID_10929718,2010.Hughes00.flt.knn.avg.pcl,190,vps8,gene_named,YAL002W
Hughes_2000_PMID_10929718,2010.Hughes00.flt.knn.avg.pcl,191,whi2,gene_named,YOR043W
Hughes_2000_PMID_10929718,2010.Hughes00.flt.knn.avg.pcl,192,yaf1,gene_named,YAL051W
Hughes_2000_PMID_10929718,2010.Hughes00.flt.knn.avg.pcl,193,yal004w,gene_named,YAL004W
Hughes_2000_PMID_10929718,2010.Hughes00.flt.knn.avg.pcl,194,yap1,gene_named,YML007W
Hughes_2000_PMID_10929718,2010.Hughes00.flt.knn.avg.pcl,195,yap3,gene_named,YHL009C
Hughes_2000_PMID_10929718,2010.Hughes00.flt.knn.avg.pcl,196,yap7,gene_named,YOL028C
Hughes_2000_PMID_10929718,2010.Hughes00.flt.knn.avg.pcl,197,yar014c,gene_named,YAR014C
Hughes_2000_PMID_10929718,2010.Hughes00.flt.knn.avg.pcl,198,yar030c,gene_named,YAR030C
Hughes_2000_PMID_10929718,2010.Hughes00.flt.knn.avg.pcl,199,yea4,gene_named,YEL004W
Hughes_2000_PMID_10929718,2010.Hughes00.flt.knn.avg.pcl,200,yel001c,gene_named,YEL001C
Hughes_2000_PMID_10929718,2010.Hughes00.flt.knn.avg.pcl,201,yel008w,gene_named,YEL008W
Hughes_2000_PMID_10929718,2010.Hughes00.flt.knn.avg.pcl,202,yel010w,gene_named,YEL010W
Hughes_2000_PMID_10929718,2010.Hughes00.flt.knn.avg.pcl,203,yel020c,gene_named,YEL020C
Hughes_2000_PMID_10929718,2010.Hughes00.flt.knn.avg.pcl,204,yel028w,gene_named,YEL028W
Hughes_2000_PMID_10929718,2010.Hughes00.flt.knn.avg.pcl,205,yel033w,gene_named,YEL033W
Hughes_2000_PMID_10929718,2010.Hughes00.flt.knn.avg.pcl,206,yel044w,gene_named,YEL044W
Hughes_2000_PMID_10929718,2010.Hughes00.flt.knn.avg.pcl,207,yel047c,gene_named,YEL047C
Hughes_2000_PMID_10929718,2010.Hughes00.flt.knn.avg.pcl,208,yel059w,gene_named,YEL059W
Hughes_2000_PMID_10929718,2010.Hughes00.flt.knn.avg.pcl,209,yel067c,gene_named,YEL067C
Hughes_2000_PMID_10929718,2010.Hughes00.flt.knn.avg.pcl,210,yer002w,gene_named,YER002W
Hughes_2000_PMID_10929718,2010.Hughes00.flt.knn.avg.pcl,211,yer024w,gene_named,YER024W
Hughes_2000_PMID_10929718,2010.Hughes00.flt.knn.avg.pcl,212,yer030w,gene_named,YER030W
Hughes_2000_PMID_10929718,2010.Hughes00.flt.knn.avg.pcl,213,yer033c,gene_named,YER033C
Hughes_2000_PMID_10929718,2010.Hughes00.flt.knn.avg.pcl,214,yer034w,gene_named,YER034W
Hughes_2000_PMID_10929718,2010.Hughes00.flt.knn.avg.pcl,215,yer041w,gene_named,YER041W
Hughes_2000_PMID_10929718,2010.Hughes00.flt.knn.avg.pcl,216,yer044c (haploid),gene_named,YER044C
Hughes_2000_PMID_10929718,2010.Hughes00.flt.knn.avg.pcl,217,yer050c,gene_named,YER050C
Hughes_2000_PMID_10929718,2010.Hughes00.flt.knn.avg.pcl,218,yer066c-a,gene_named,YER066C-A
Hughes_2000_PMID_10929718,2010.Hughes00.flt.knn.avg.pcl,219,yer067c-a,gene_named,YER067C-A
Hughes_2000_PMID_10929718,2010.Hughes00.flt.knn.avg.pcl,220,yer071c,gene_named,YER071C
Hughes_2000_PMID_10929718,2010.Hughes00.flt.knn.avg.pcl,221,yer083c,gene_named,YER083C
Hughes_2000_PMID_10929718,2010.Hughes00.flt.knn.avg.pcl,222,yer084w,gene_named,YER084W
Hughes_2000_PMID_10929718,2010.Hughes00.flt.knn.avg.pcl,223,yer085c,gene_named,YER085C
Hughes_2000_PMID_10929718,2010.Hughes00.flt.knn.avg.pcl,224,CMD1 (tet promoter),gene_named,YBR109C
Hughes_2000_PMID_10929718,2010.Hughes00.flt.knn.avg.pcl,225,yhl013c,gene_named,YHL013C
Hughes_2000_PMID_10929718,2010.Hughes00.flt.knn.avg.pcl,226,yhl029c,gene_named,YHL029C
Hughes_2000_PMID_10929718,2010.Hughes00.flt.knn.avg.pcl,227,yhl042w,gene_named,YHL042W
Hughes_2000_PMID_10929718,2010.Hughes00.flt.knn.avg.pcl,228,yhl045w,gene_named,YHL045W
Hughes_2000_PMID_10929718,2010.Hughes00.flt.knn.avg.pcl,229,yhr011w (**14),gene_named,YHR011W
Hughes_2000_PMID_10929718,2010.Hughes00.flt.knn.avg.pcl,230,yhr022c,gene_named,YHR022C
Hughes_2000_PMID_10929718,2010.Hughes00.flt.knn.avg.pcl,231,yhr031c,gene_named,YHR031C
Hughes_2000_PMID_10929718,2010.Hughes00.flt.knn.avg.pcl,232,yhr034c,gene_named,YHR034C
Hughes_2000_PMID_10929718,2010.Hughes00.flt.knn.avg.pcl,233,yhr039c,gene_named,YHR039C
Hughes_2000_PMID_10929718,2010.Hughes00.flt.knn.avg.pcl,234,yil037c (haploid),gene_named,YIL037C
Hughes_2000_PMID_10929718,2010.Hughes00.flt.knn.avg.pcl,235,yil117c (haploid),gene_named,YIL117C
Hughes_2000_PMID_10929718,2010.Hughes00.flt.knn.avg.pcl,236,yjl107c (haploid),gene_named,YJL107C
Hughes_2000_PMID_10929718,2010.Hughes00.flt.knn.avg.pcl,237,yml003w,gene_named,YML003W
Hughes_2000_PMID_10929718,2010.Hughes00.flt.knn.avg.pcl,238,yml005w,gene_named,YML005W
Hughes_2000_PMID_10929718,2010.Hughes00.flt.knn.avg.pcl,239,yml011c,gene_named,YML011C
Hughes_2000_PMID_10929718,2010.Hughes00.flt.knn.avg.pcl,240,yml018c,gene_named,YML018C
Hughes_2000_PMID_10929718,2010.Hughes00.flt.knn.avg.pcl,241,yml033w,gene_named,YML034W
Hughes_2000_PMID_10929718,2010.Hughes00.flt.knn.avg.pcl,242,yml034w,gene_named,YML034W
Hughes_2000_PMID_10929718,2010.Hughes00.flt.knn.avg.pcl,243,ymr009w,gene_named,YMR009W
Hughes_2000_PMID_10929718,2010.Hughes00.flt.knn.avg.pcl,244,ymr010w,gene_named,YMR010W
Hughes_2000_PMID_10929718,2010.Hughes00.flt.knn.avg.pcl,245,ymr014w,gene_named,YMR014W
Hughes_2000_PMID_10929718,2010.Hughes00.flt.knn.avg.pcl,246,ymr025w,gene_named,YMR025W
Hughes_2000_PMID_10929718,2010.Hughes00.flt.knn.avg.pcl,247,ymr029c,gene_named,YMR029C
Hughes_2000_PMID_10929718,2010.Hughes00.flt.knn.avg.pcl,248,ymr030w,gene_named,YMR030W
Hughes_2000_PMID_10929718,2010.Hughes00.flt.knn.avg.pcl,249,ymr031c,gene_named,YMR031C
Hughes_2000_PMID_10929718,2010.Hughes00.flt.knn.avg.pcl,250,ymr031w-a,gene_named,YMR031W-A
Hughes_2000_PMID_10929718,2010.Hughes00.flt.knn.avg.pcl,251,ymr034c,gene_named,YMR034C
Hughes_2000_PMID_10929718,2010.Hughes00.flt.knn.avg.pcl,252,ymr040w,gene_named,YMR040W
Hughes_2000_PMID_10929718,2010.Hughes00.flt.knn.avg.pcl,253,ymr041c,gene_named,YMR041C
Hughes_2000_PMID_10929718,2010.Hughes00.flt.knn.avg.pcl,254,ymr044w,gene_named,YMR044W
Hughes_2000_PMID_10929718,2010.Hughes00.flt.knn.avg.pcl,255,ymr140w,gene_named,YMR140W
Hughes_2000_PMID_10929718,2010.Hughes00.flt.knn.avg.pcl,256,ymr141c,gene_named,YMR141C
Hughes_2000_PMID_10929718,2010.Hughes00.flt.knn.avg.pcl,257,ymr145c,gene_named,YMR145C
Hughes_2000_PMID_10929718,2010.Hughes00.flt.knn.avg.pcl,258,ymr147w,gene_named,YMR147W
Hughes_2000_PMID_10929718,2010.Hughes00.flt.knn.avg.pcl,259,ymr187c,gene_named,YMR187C
Hughes_2000_PMID_10929718,2010.Hughes00.flt.knn.avg.pcl,260,ymr237w,gene_named,YMR237W
Hughes_2000_PMID_10929718,2010.Hughes00.flt.knn.avg.pcl,261,ymr244c-a,gene_named,YMR244C-A
Hughes_2000_PMID_10929718,2010.Hughes00.flt.knn.avg.pcl,262,ymr258c,gene_named,YMR258C
Hughes_2000_PMID_10929718,2010.Hughes00.flt.knn.avg.pcl,263,ymr269w,gene_named,YMR269W
Hughes_2000_PMID_10929718,2010.Hughes00.flt.knn.avg.pcl,264,ymr285c,gene_named,YMR285C
Hughes_2000_PMID_10929718,2010.Hughes00.flt.knn.avg.pcl,265,ymr293c,gene_named,YMR293C
Hughes_2000_PMID_10929718,2010.Hughes00.flt.knn.avg.pcl,266,ynd1,gene_named,YER005W
Hughes_2000_PMID_10929718,2010.Hughes00.flt.knn.avg.pcl,267,yor006c,gene_named,YOR006C
Hughes_2000_PMID_10929718,2010.Hughes00.flt.knn.avg.pcl,268,yor009w,gene_named,YOR009W
Hughes_2000_PMID_10929718,2010.Hughes00.flt.knn.avg.pcl,269,yor015w,gene_named,YOR015W
Hughes_2000_PMID_10929718,2010.Hughes00.flt.knn.avg.pcl,270,yor021c,gene_named,YOR021C
Hughes_2000_PMID_10929718,2010.Hughes00.flt.knn.avg.pcl,271,yor051c (**14),gene_named,YOR051C
Hughes_2000_PMID_10929718,2010.Hughes00.flt.knn.avg.pcl,272,yor072w,gene_named,YOR072W
Hughes_2000_PMID_10929718,2010.Hughes00.flt.knn.avg.pcl,273,yor078w,gene_named,YOR078W
Hughes_2000_PMID_10929718,2010.Hughes00.flt.knn.avg.pcl,274,yor080w (**3),gene_named,YOR080W
Hughes_2000_PMID_10929718,2010.Hughes00.flt.knn.avg.pcl,275,ypl216w,gene_named,YPL216W
Hughes_2000_PMID_10929718,2010.Hughes00.flt.knn.avg.pcl,276,zds1,gene_named,YMR273C
Hughes_2000_PMID_10929718,2010.Hughes00.flt.knn.avg.pcl,277,AUR1 (tet promoter),gene_named,YKL004W
Hughes_2000_PMID_10929718,2010.Hughes00.flt.knn.avg.pcl,278,CDC42 (tet promoter),gene_named,YLR229C
Hughes_2000_PMID_10929718,2010.Hughes00.flt.knn.avg.pcl,279,ERG11 (tet promoter),gene_named,YHR007C
Hughes_2000_PMID_10929718,2010.Hughes00.flt.knn.avg.pcl,280,FKS1 (tet promoter),gene_named,YLR342W
Hughes_2000_PMID_10929718,2010.Hughes00.flt.knn.avg.pcl,281,HMG2 (tet promoter),gene_named,YLR450W
Hughes_2000_PMID_10929718,2010.Hughes00.flt.knn.avg.pcl,282,IDI1 (tet promoter),gene_named,YPL117C
Hughes_2000_PMID_10929718,2010.Hughes00.flt.knn.avg.pcl,283,KAR2 (tet promoter),gene_named,YJL034W
Hughes_2000_PMID_10929718,2010.Hughes00.flt.knn.avg.pcl,284,PMA1 (tet promoter),gene_named,YGL008C
Hughes_2000_PMID_10929718,2010.Hughes00.flt.knn.avg.pcl,285,RHO1 (tet promoter),gene_named,YPR165W
Hughes_2000_PMID_10929718,2010.Hughes00.flt.knn.avg.pcl,286,YEF3 (tet promoter),gene_named,YLR249W
Hughes_Hallett_2014_PMID_25085507,GSE58992.final.pcl,8,Snf1 knockout - ACY509 / ACY044,deletion,YDR477W
Huisinga_2007_PMID_17407552,GSE7385_setA_family.pcl,58,TAF1-(delta)TAND Y13.2 deriv w/ pCALF-T(M1Stop) vs. WT Y13.2 w/ pCALF-T(M1Stop) (1-022-710745),deletion,YGR274C
Huisinga_2007_PMID_17407552,GSE7385_setA_family.pcl,59,TAF1-(delta)TAND Y13.2 deriv w/ pCALF-T(wt) vs. WT Y13.2 w/ pCALF-T(M1Stop) (1-023-700755),deletion,YGR274C
Huisinga_2007_PMID_17407552,GSE7385_setA_family.pcl,60,TAF1-(delta)TAND Y13.2 deriv w/ pCALF-T(V161R) vs. WT Y13.2 w/ pCALF-T(M1Stop) (1-024-700735),deletion,YGR274C
Huisinga_2007_PMID_17407552,GSE7385_setA_family.pcl,61,TAF1-(delta)TAND Y13.2 deriv w/ pCALF-T(K145E) vs. WT Y13.2 w/ pCALF-T(M1Stop) (1-027-680650),deletion,YGR274C
Huisinga_2007_PMID_17407552,GSE7385_setA_family.pcl,62,TAF1-(delta)TAND Y13.2 deriv w/ pCALF-T(F182V) vs. WT Y13.2 w/ pCALF-T(M1Stop) (1-028-680650),deletion,YGR274C
Huisinga_2007_PMID_17407552,GSE7385_setA_family.pcl,63,TAF1-(delta)TAND Y13.2 deriv w/ pCALF-T(K145E V161R) vs. WT Y13.2 w/ pCALF-T(M1Stop) (1-029-690650),deletion,YGR274C
Huisinga_2007_PMID_17407552,GSE7385_setA_family.pcl,64,WT Y13.2 deriv w/ pCALF-T(M1Stop) vs. TAF1-(delta)TAND Y13.2 w/ pCALF-T(K145E) (1-030-740710),deletion,YGR274C
Huisinga_2007_PMID_17407552,GSE7385_setA_family.pcl,65,WT Y13.2 deriv w/ pCALF-T(M1Stop) vs. TAF1-(delta)TAND Y13.2 w/ pCALF-T(F182V) (1-031-740700),deletion,YGR274C
Huisinga_2007_PMID_17407552,GSE7385_setA_family.pcl,66,TAF1-(delta)TAND Y13.2 deriv w/ pCALF-T(V161R F182V) vs. WT Y13.2 w/ pCALF-T(M1Stop) (1-033-720700),deletion,YGR274C
Huisinga_2007_PMID_17407552,GSE7385_setA_family.pcl,67,TAF1-(delta)TAND Y13.2 deriv w/ pCALF-T(K145E F182V) vs. WT Y13.2 w/ pCALF-T(M1Stop) (1-034-710700),deletion,YGR274C
Huisinga_2007_PMID_17407552,GSE7385_setA_family.pcl,68,WT Y13.2 deriv w/ pCALF-T(M1Stop) vs. TAF1-(delta)TAND Y13.2 w/ pCALF-T(M1Stop) (1-062-630645),deletion,YGR274C
Huisinga_2007_PMID_17407552,GSE7385_setA_family.pcl,69,WT Y13.2 deriv w/ pCALF-T(M1Stop) vs. TAF1-(delta)TAND Y13.2 w/ pCALF-T(wt) (1-063-630650),deletion,YGR274C
Huisinga_2007_PMID_17407552,GSE7385_setA_family.pcl,70,WT Y13.2 deriv w/ pCALF-T(M1Stop) vs. TAF1-(delta)TAND Y13.2 w/ pCALF-T(V161R) (1-064-610628),deletion,YGR274C
Huisinga_2007_PMID_17407552,GSE7385_setA_family.pcl,71,TAF1-(delta)TAND Y13.2 deriv w/ pCALF-T(K145E V161R F182V) vs. WT Y13.2 w/ pCALF-T(M1Stop) (1-080-730700),deletion,YGR274C
Huisinga_2007_PMID_17407552,GSE7385_setA_family.pcl,72,WT Y13.2 deriv w/ pCALF-T(M1Stop) vs. TAF1-(delta)TAND Y13.2 w/ pCALF-T(V161R F182V) (1-082-730700),deletion,YGR274C
Huisinga_2007_PMID_17407552,GSE7385_setA_family.pcl,73,WT Y13.2 deriv w/ pCALF-T(M1Stop) vs. TAF1-(delta)TAND Y13.2 w/ pCALF-T(K145E F182V) (1-084-740700),deletion,YGR274C
Huisinga_2007_PMID_17407552,GSE7385_setA_family.pcl,74,WT Y13.2 deriv w/ pCALF-T(M1Stop) vs. TAF1-(delta)TAND Y13.2 w/ pCALF-T(K145E V161R F182V) (1-085-740700),deletion,YGR274C
Huisinga_2007_PMID_17407552,GSE7385_setA_family.pcl,75,TAF1-(delta)TAND Y13.2 deriv w/ pCALF-T(V161E) vs. WT Y13.2 w/ pCALF-T(M1Stop) (1-102-690700),deletion,YGR274C
Huisinga_2007_PMID_17407552,GSE7385_setA_family.pcl,76,TAF1-(delta)TAND Y13.2 deriv w/ pCALF-T(V161R) vs. WT Y13.2 w/ pCALF-T(M1Stop) (1-111-710710),deletion,YGR274C
Huisinga_2007_PMID_17407552,GSE7385_setA_family.pcl,77,WT Y13.2 deriv w/ pCALF-T(M1Stop) vs. TAF1-(delta)TAND Y13.2 w/ pCALF-T(V161R) (1-115-750670),deletion,YGR274C
Huisinga_2007_PMID_17407552,GSE7385_setA_family.pcl,78,WT Y13.2 deriv w/ pCALF-T(M1Stop) vs. TAF1-(delta)TAND Y13.2 w/ pCALF-T(V161E) (1-119-680680),deletion,YGR274C
Huisinga_2007_PMID_17407552,GSE7385_setA_family.pcl,79,WT Y13.2 deriv w/ pCALF-T(M1Stop) vs. TAF1-(delta)TAND Y13.2 w/ pCALF-T(K145E V161E F182V) (5-006B-720700),deletion,YGR274C
Huisinga_2007_PMID_17407552,GSE7385_setA_family.pcl,80,WT Y13.2 deriv w/ pCALF-T(M1Stop) vs. TAF1-(delta)TAND Y13.2 w/ pCALF-T(K145E V161E) (5-007A-720700),deletion,YGR274C
Huisinga_2007_PMID_17407552,GSE7385_setA_family.pcl,81,WT Y13.2 deriv w/ pCALF-T(M1Stop) vs. TAF1-(delta)TAND Y13.2 w/ pCALF-T(V161E F182V) (5-007B-720700),deletion,YGR274C
Huisinga_2007_PMID_17407552,GSE7385_setA_family.pcl,82,WT Y13.2 deriv w/ pCALF-T(M1Stop) vs. TAF1-(delta)TAND Y13.2 w/ pCALF-T(E93R) (5-008B-720700),deletion,YGR274C
Huisinga_2007_PMID_17407552,GSE7385_setA_family.pcl,83,WT Y13.2 deriv w/ pCALF-T(M1Stop) vs. TAF1-(delta)TAND Y13.2 w/ pCALF-T(R107E) (5-009A-700700),deletion,YGR274C
Huisinga_2007_PMID_17407552,GSE7385_setA_family.pcl,84,WT Y13.2 deriv w/ pCALF-T(M1Stop) vs. TAF1-(delta)TAND Y13.2 w/ pCALF-T(N2-1) (5-009B-700710),deletion,YGR274C
Huisinga_2007_PMID_17407552,GSE7385_setA_family.pcl,85,WT Y13.2 deriv w/ pCALF-T(M1Stop) vs. TAF1-(delta)TAND Y13.2 w/ pCALF-Toa2-TBP(wt) (5-010A-720700),deletion,YGR274C
Huisinga_2007_PMID_17407552,GSE7385_setA_family.pcl,86,WT Y13.2 deriv w/ pCALF-T(M1Stop) vs. TAF1-(delta)TAND Y13.2 w/ pCALF-Toa2-TBP(N2-1) (5-010B-720700),deletion,YGR274C
Huisinga_2007_PMID_17407552,GSE7385_setA_family.pcl,87,TAF1-(delta)TAND Y13.2 deriv w/ pCALF-T(K145E V161E) vs. WT Y13.2 w/ pCALF-T(M1Stop) (5-011B-700720),deletion,YGR274C
Huisinga_2007_PMID_17407552,GSE7385_setA_family.pcl,88,TAF1-(delta)TAND Y13.2 deriv w/ pCALF-T(V161E F182V) vs. WT Y13.2 w/ pCALF-T(M1Stop) (5-012A-700710),deletion,YGR274C
Huisinga_2007_PMID_17407552,GSE7385_setA_family.pcl,89,TAF1-(delta)TAND Y13.2 deriv w/ pCALF-T(K145E V161E F182V) vs. WT Y13.2 w/ pCALF-T(M1Stop) (5-012B-700720),deletion,YGR274C
Huisinga_2007_PMID_17407552,GSE7385_setA_family.pcl,90,TAF1-(delta)TAND Y13.2 deriv w/ pCALF-T(E93R) vs. WT Y13.2 w/ pCALF-T(M1Stop) (5-013A-700700),deletion,YGR274C
Huisinga_2007_PMID_17407552,GSE7385_setA_family.pcl,91,TAF1-(delta)TAND Y13.2 deriv w/ pCALF-T(R107E) vs. WT Y13.2 w/ pCALF-T(M1Stop) (5-013B-700710),deletion,YGR274C
Huisinga_2007_PMID_17407552,GSE7385_setA_family.pcl,92,TAF1-(delta)TAND Y13.2 deriv w/ pCALF-T(N2-1) vs. WT Y13.2 w/ pCALF-T(M1Stop) (5-014A-700740),deletion,YGR274C
Huisinga_2007_PMID_17407552,GSE7385_setA_family.pcl,93,TAF1-(delta)TAND Y13.2 deriv w/ pCALF-Toa2-TBP(wt) vs. WT Y13.2 w/ pCALF-T(M1Stop) (5-014B-700730),deletion,YGR274C
Huisinga_2007_PMID_17407552,GSE7385_setA_family.pcl,94,TAF1-(delta)TAND Y13.2 deriv w/ pCALF-Toa2-TBP(N2-1) vs. WT Y13.2 w/ pCALF-T(M1Stop) (5-015A-700730),deletion,YGR274C
Huisinga_2007_PMID_17407552,GSE7385_setA_family.pcl,123,TAF1-(delta)TAND and spt3 del in Y13.2 deriv w/ p2uLF-T(wt) vs. Y13.2 w/ p2uLF-T(M1Stop) (4-015B-710690),deletion,YGR274C
Huisinga_2007_PMID_17407552,GSE7385_setA_family.pcl,124,TAF1-(delta)TAND and spt3 del in Y13.2 deriv w/ p2uLF-T(V161R) vs. Y13.2 w/ p2uLF-T(M1Stop) (4-016B-700720),deletion,YGR274C
Huisinga_2007_PMID_17407552,GSE7385_setA_family.pcl,125,TAF1-(delta)TAND and spt3 del in Y13.2 deriv w/ p2uLF-T(F182V) vs. Y13.2 w/ p2uLF-T(M1Stop) (4-018A-720720),deletion,YGR274C
Huisinga_2007_PMID_17407552,GSE7385_setA_family.pcl,126,TAF1-(delta)TAND and spt3 del in Y13.2 deriv w/ p2uLF-T(K145E V161E) vs. Y13.2 w/ p2uLF-T(M1Stop) (4-018B-730680),deletion,YGR274C
Huisinga_2007_PMID_17407552,GSE7385_setA_family.pcl,127,TAF1-(delta)TAND and spt3 del in Y13.2 deriv w/ p2uLF-T(K145E V161E F182V) vs. Y13.2 w/ p2uLF-T(M1Stop) (4-020B-720720),deletion,YGR274C
Huisinga_2007_PMID_17407552,GSE7385_setA_family.pcl,128,TAF1-(delta)TAND and spt3 del in Y13.2 deriv w/ p2uLF-T(K145E) vs. Y13.2 w/ p2uLF-T(M1Stop) (4-021B-720720),deletion,YGR274C
Huisinga_2007_PMID_17407552,GSE7385_setA_family.pcl,129,WT Y13.2 deriv w/ p2uLF-T(M1Stop) vs. TAF1-(delta)TAND and spt3 del in Y13.2 w/ p2uLF-T(wt) (5-026B-710690),deletion,YGR274C
Huisinga_2007_PMID_17407552,GSE7385_setA_family.pcl,130,WT Y13.2 deriv w/ p2uLF-T(M1Stop) vs. TAF1-(delta)TAND and spt3 del in Y13.2 w/ p2uLF-T(V161R) (5-027B-730720),deletion,YGR274C
Huisinga_2007_PMID_17407552,GSE7385_setA_family.pcl,131,WT Y13.2 deriv w/ p2uLF-T(M1Stop) vs. TAF1-(delta)TAND and spt3 del in Y13.2 w/ p2uLF-T(F182V) (5-028A-720700),deletion,YGR274C
Huisinga_2007_PMID_17407552,GSE7385_setA_family.pcl,132,WT Y13.2 deriv w/ p2uLF-T(M1Stop) vs. TAF1-(delta)TAND and spt3 del in Y13.2 w/ p2uLF-T(K145E V161E) (5-028B-710710),deletion,YGR274C
Huisinga_2007_PMID_17407552,GSE7385_setA_family.pcl,133,WT Y13.2 deriv w/ p2uLF-T(M1Stop) vs. TAF1-(delta)TAND and spt3 del in Y13.2 w/ p2uLF-T(K145E V161R) (5-029A-720720),deletion,YGR274C
Huisinga_2007_PMID_17407552,GSE7385_setA_family.pcl,134,WT Y13.2 deriv w/ p2uLF-T(M1Stop) vs. TAF1-(delta)TAND and spt3 del in Y13.2 w/ p2uLF-T(K145E F182V) (5-029B-720700),deletion,YGR274C
Huisinga_2007_PMID_17407552,GSE7385_setA_family.pcl,135,WT Y13.2 deriv w/ p2uLF-T(M1Stop) vs. TAF1-(delta)TAND and spt3 del in Y13.2 w/ p2uLF-T(V161R F182V) (5-030B-720690),deletion,YGR274C
Huisinga_2007_PMID_17407552,GSE7385_setA_family.pcl,136,WT Y13.2 deriv w/ p2uLF-T(M1Stop) vs. TAF1-(delta)TAND + spt3 del in Y13.2 w/ p2uLF-T(K145E V161R F182V) (5-031B-720680),deletion,YGR274C
Huisinga_2007_PMID_17407552,GSE7385_setA_family.pcl,137,TAF1-(delta)TAND and spt3 del in Y13.2 deriv w/ p2uLF-T(V161R F182V) vs. Y13.2 w/ p2uLF-T(M1Stop) (5-034B-710730),deletion,YGR274C
Huisinga_2007_PMID_17407552,GSE7385_setA_family.pcl,138,WT Y13.2 deriv w/ p2uLF-T(M1Stop) vs. TAF1-(delta)TAND and spt3 del in Y13.2 w/ p2uLF-T(K145E) (5-037A-720690),deletion,YGR274C
Huisinga_2007_PMID_17407552,GSE7385_setA_family.pcl,139,WT Y13.2 deriv w/ p2uLF-T(M1Stop) vs. TAF1-(delta)TAND + spt3 del in Y13.2 w/ p2uLF-T(K145E V161E F182V) (5-037B-720680),deletion,YGR274C
Huisinga_2007_PMID_17407552,GSE7385_setA_family.pcl,140,WT Y13.2 deriv w/ p2uLF-T(M1Stop) vs. TAF1-(delta)TAND and spt3 del in Y13.2 w/ p2uLF-T(M1Stop) (5-039A-710720),deletion,YGR274C
Huisinga_2007_PMID_17407552,GSE7385_setA_family.pcl,141,WT Y13.2 deriv w/ p2uLF-T(M1Stop) vs. TAF1-(delta)TAND and spt3 del in Y13.2 w/ p2uLF-T(V161E) (5-039B-710710),deletion,YGR274C
Huisinga_2007_PMID_17407552,GSE7385_setA_family.pcl,142,TAF1-(delta)TAND and spt3 del in Y13.2 deriv w/ p2uLF-T(M1Stop) vs. Y13.2 w/ p2uLF-T(M1Stop) (5-042A-700720),deletion,YGR274C
Huisinga_2007_PMID_17407552,GSE7385_setA_family.pcl,143,TAF1-(delta)TAND and spt3 del in Y13.2 deriv w/ p2uLF-T(V161E F182V) vs. Y13.2 w/ p2uLF-T(M1Stop) (5-042B-700720),deletion,YGR274C
Huisinga_2007_PMID_17407552,GSE7385_setA_family.pcl,144,TAF1-(delta)TAND and spt3 del in Y13.2 deriv w/ p2uLF-T(K145E V161R) vs. Y13.2 w/ p2uLF-T(M1Stop) (5-043B-710710),deletion,YGR274C
Huisinga_2007_PMID_17407552,GSE7385_setA_family.pcl,145,TAF1-(delta)TAND and spt3 del in Y13.2 deriv w/ p2uLF-T(K145E F182V) vs. Y13.2 w/ p2uLF-T(M1Stop) (5-044A-700730),deletion,YGR274C
Huisinga_2007_PMID_17407552,GSE7385_setA_family.pcl,146,TAF1-(delta)TAND and spt3 del in Y13.2 deriv w/ p2uLF-T(K145E V161R F182V) vs. Y13.2 w/ p2uLF-T(M1Stop) (5-044B-700730),deletion,YGR274C
Huisinga_2007_PMID_17407552,GSE7385_setA_family.pcl,147,TAF1-(delta)TAND and spt3 del in Y13.2 deriv w/ p2uLF-T(V161E) vs. Y13.2 w/ p2uLF-T(M1Stop) (5-045A-700710),deletion,YGR274C
Huisinga_2007_PMID_17407552,GSE7385_setA_family.pcl,148,WT Y13.2 deriv w/ p2uLF-T(M1Stop) vs. TAF1-(delta)TAND and spt3 del in Y13.2 w/ p2uLF-T(V161E F182V) (5-045B-700730),deletion,YGR274C
Johansson_2007_PMID_18087042,GSE9482_setA_family.pcl,5,"A-nmd2D-time 0 min, biological replicate 1",deletion,YHR077C
Johansson_2007_PMID_18087042,GSE9482_setA_family.pcl,6,"A-nmd2D-time 10 min, biological replicate 1",deletion,YHR077C
Johansson_2007_PMID_18087042,GSE9482_setA_family.pcl,7,"A-nmd2D-time 20 min, biological replicate 1",deletion,YHR077C
Johansson_2007_PMID_18087042,GSE9482_setA_family.pcl,8,"A-nmd2D-time 40 min, biological replicate 1",deletion,YHR077C
Johansson_2007_PMID_18087042,GSE9482_setA_family.pcl,9,"A-nmd2D-time 60 min, biological replicate 1",deletion,YHR077C
Johansson_2007_PMID_18087042,GSE9482_setA_family.pcl,15,"B-nmd2D-time 0 min, biological replicate 2",deletion,YHR077C
Johansson_2007_PMID_18087042,GSE9482_setA_family.pcl,16,"B-nmd2D-time 10 min, biological replicate 2",deletion,YHR077C
Johansson_2007_PMID_18087042,GSE9482_setA_family.pcl,17,"B-nmd2D-time 20 min, biological replicate 2",deletion,YHR077C
Johansson_2007_PMID_18087042,GSE9482_setA_family.pcl,18,"B-nmd2D-time 40 min, biological replicate 2",deletion,YHR077C
Johansson_2007_PMID_18087042,GSE9482_setA_family.pcl,19,"B-nmd2D-time 60 min, biological replicate 2",deletion,YHR077C
Johansson_2007_PMID_18087042,GSE9482_setA_family.pcl,25,"C-nmd2D-time 0 min, biological replicate 3",deletion,YHR077C
Johansson_2007_PMID_18087042,GSE9482_setA_family.pcl,26,"C-nmd2D-time 10 min, biological replicate 3",deletion,YHR077C
Johansson_2007_PMID_18087042,GSE9482_setA_family.pcl,27,"C-nmd2D-time 20 min, biological replicate 3",deletion,YHR077C
Johansson_2007_PMID_18087042,GSE9482_setA_family.pcl,28,"C-nmd2D-time 40 min, biological replicate 3",deletion,YHR077C
Johansson_2007_PMID_18087042,GSE9482_setA_family.pcl,29,"C-nmd2D-time 60 min, biological replicate 3",deletion,YHR077C
Johansson_2007_PMID_18087042,GSE9482_setA_family.pcl,35,"D-nmd2D-time 0 min, biological replicate 4",deletion,YHR077C
Johansson_2007_PMID_18087042,GSE9482_setA_family.pcl,36,"D-nmd2D-time 10 min, biological replicate 4",deletion,YHR077C
Johansson_2007_PMID_18087042,GSE9482_setA_family.pcl,37,"D-nmd2D-time 20 min, biological replicate 4",deletion,YHR077C
Johansson_2007_PMID_18087042,GSE9482_setA_family.pcl,38,"D-nmd2D-time 40 min, biological replicate 4",deletion,YHR077C
Johansson_2007_PMID_18087042,GSE9482_setA_family.pcl,39,"D-nmd2D-time 60 min, biological replicate 4",deletion,YHR077C
Johnson_2014_PMID_24830393,GSE56641.final.pcl,1,met15Δ,deletion,YLR303W
Johnson_2014_PMID_24830393,GSE56641.final.pcl,2,rtg3Δ met15Δ,deletion,YBL103C|YLR303W
Kamata_2023_PMID_37189367,GSE220290.final.pcl,1,Yeast spt3 deletion,deletion,YDR392W
Kamata_2023_PMID_37189367,GSE220290.final.pcl,2,Yeast spt8 deletion,deletion,YLR055C
Kang_2014_PMID_24206186,GSE50086.final.pcl,0,WT vs. Δydr374c rep_1,deletion,YDR374C
Kang_2014_PMID_24206186,GSE50086.final.pcl,1,WT vs. Δydr374c rep_2,deletion,YDR374C
Klopf_2017_PMID_28025392,GSE78766.final.pcl,4,htz1D_no_stress_rep1,deletion,YOL012C
Klopf_2017_PMID_28025392,GSE78766.final.pcl,5,htz1D_no_stress_rep2,deletion,YOL012C
Klopf_2017_PMID_28025392,GSE78766.final.pcl,6,htz1D_osmo_stress_rep1,deletion,YOL012C
Klopf_2017_PMID_28025392,GSE78766.final.pcl,7,htz1D_osmo_stress_rep2,deletion,YOL012C
Kugou_2007_PMID_17396017,GSE6620_setA_family.pcl,2,Expression in mre11delta strain at meiosis 0 hr,deletion,YMR224C
Kugou_2007_PMID_17396017,GSE6620_setA_family.pcl,3,Expression in mre11delta strain at meiosis 4 hr,deletion,YMR224C
Kugou_2007_PMID_17396017,GSE6620_setA_family.pcl,4,Expression in rad50delta strain at meiosis 0 hr,deletion,YNL250W
Kugou_2007_PMID_17396017,GSE6620_setA_family.pcl,5,Expression in rad50delta strain at meiosis 4 hr,deletion,YNL250W
Kunkel_2019_PMID_31395866,GSE133591.final.pcl,15,ACY142 (Dot6Δ/Tod6Δ) + Glucose + 1-NMPP1 20 min,deletion,YBL054W|YER088C
Kunkel_2019_PMID_31395866,GSE133591.final.pcl,16,ACY142 (Dot6Δ/Tod6Δ) + Glucose + Rapamycin 20 min,deletion,YBL054W|YER088C
Kunkel_2019_PMID_31395866,GSE133591.final.pcl,17,ACY142 (Dot6Δ/Tod6Δ) + Glucose + 1-NMPP1 + Rapamycin 20 min,deletion,YBL054W|YER088C
Kunkel_2019_PMID_31395866,GSE133591.final.pcl,18,ACY142 (Dot6Δ/Tod6Δ) + Glucose + 1-NMPP1 150 min,deletion,YBL054W|YER088C
Kunkel_2019_PMID_31395866,GSE133591.final.pcl,19,ACY142 (Dot6Δ/Tod6Δ) + Glucose + Rapamycin 150 min,deletion,YBL054W|YER088C
Kunkel_2019_PMID_31395866,GSE133591.final.pcl,20,ACY142 (Dot6Δ/Tod6Δ) + Glucose + 1-NMPP1 + Rapamycin 150 min,deletion,YBL054W|YER088C
Lai_2013_PMID_23893744,GSE48956.remapped.final.pcl,0,Wt vs delta esl1/ delta esl2 (rep 1),deletion,YIL151C|YKR096W
Lai_2013_PMID_23893744,GSE48956.remapped.final.pcl,1,Wt vs delta esl1/ delta esl2 (rep 2),deletion,YIL151C|YKR096W
Lai_2013_PMID_23893744,GSE48956.remapped.final.pcl,2,Wt vs delta esl1/ delta esl2 (rep 3),deletion,YIL151C|YKR096W
Lai_2013_PMID_23893744,GSE48956.remapped.final.pcl,3,Wt vs delta esl1/ delta esl2 (rep 3) Dye-Swap,deletion,YIL151C|YKR096W
Lanza_2012_PMID_22558379,GSE26923_final.pcl,12,"S288C ΔGCN5, biological rep1",deletion,YGR252W
Lanza_2012_PMID_22558379,GSE26923_final.pcl,13,"S288C ΔGCN5, biological rep2",deletion,YGR252W
Lanza_2012_PMID_22558379,GSE26923_final.pcl,14,"S288C ΔGCN5, biological rep3",deletion,YGR252W
Leadsham_2010_PMID_21108829,GSE25541.final.pcl,3,∆pde2 +4mM cAMP rep1,deletion,YOR360C
Leadsham_2010_PMID_21108829,GSE25541.final.pcl,4,∆pde2 +4mM cAMP rep2,deletion,YOR360C
Leadsham_2010_PMID_21108829,GSE25541.final.pcl,5,∆pde2 +4mM cAMP rep3,deletion,YOR360C
Leadsham_2010_PMID_21108829,GSE25541.final.pcl,6,∆pde2∆tpk3 +4mM cAMP rep1,deletion,YKL166C|YOR360C
Leadsham_2010_PMID_21108829,GSE25541.final.pcl,7,∆pde2∆tpk3 +4mM cAMP rep2,deletion,YKL166C|YOR360C
Lee_2005_PMID_15989963,2010.Lee05.filter.flt.knn.avg.div.log.pcl,5,1284_RNT1_2; src: Rnt1 knockout BMA64,deletion,YMR239C
Lee_2005_PMID_15989963,2010.Lee05.filter.flt.knn.avg.div.log.pcl,6,1285_RNT1_3; src: Rnt1 knockout BMA64,deletion,YMR239C
Lee_2005_PMID_15989963,2010.Lee05.filter.flt.knn.avg.div.log.pcl,7,1286_RNT1_4; src: Rnt1 knockout BMA64,deletion,YMR239C
Lee_2005_PMID_15989963,2010.Lee05.filter.flt.knn.avg.div.log.pcl,8,1287_RNT1_5_2; src: Rnt1 knockout BMA64,deletion,YMR239C
Lenstra_2011_PMID_21596317,GSE25909_s313_final.pcl,0,ada2-del-1-a,deletion,YDR448W
Lenstra_2011_PMID_21596317,GSE25909_s313_final.pcl,1,ada2-del-1-b,deletion,YDR448W
Lenstra_2011_PMID_21596317,GSE25909_s313_final.pcl,2,ahc1-del-1-a,deletion,YOR023C
Lenstra_2011_PMID_21596317,GSE25909_s313_final.pcl,3,arp5-del-1-a,deletion,YNL059C
Lenstra_2011_PMID_21596317,GSE25909_s313_final.pcl,4,arp5-del-1-c,deletion,YNL059C
Lenstra_2011_PMID_21596317,GSE25909_s313_final.pcl,5,arp6-del-2-a,deletion,YLR085C
Lenstra_2011_PMID_21596317,GSE25909_s313_final.pcl,6,arp6-del-2-b,deletion,YLR085C
Lenstra_2011_PMID_21596317,GSE25909_s313_final.pcl,7,arp8-del-1-a,deletion,YOR141C
Lenstra_2011_PMID_21596317,GSE25909_s313_final.pcl,8,arp8-del-2-b,deletion,YOR141C
Lenstra_2011_PMID_21596317,GSE25909_s313_final.pcl,9,asf1-del-1-d,deletion,YJL115W
Lenstra_2011_PMID_21596317,GSE25909_s313_final.pcl,10,asf1-del-2-a,deletion,YJL115W
Lenstra_2011_PMID_21596317,GSE25909_s313_final.pcl,11,ash1-del-2-a,deletion,YKL185W
Lenstra_2011_PMID_21596317,GSE25909_s313_final.pcl,12,ash1-del-2-b,deletion,YKL185W
Lenstra_2011_PMID_21596317,GSE25909_s313_final.pcl,13,bre1-del-2-a,deletion,YDL074C
Lenstra_2011_PMID_21596317,GSE25909_s313_final.pcl,14,bre1-del-2-b,deletion,YDL074C
Lenstra_2011_PMID_21596317,GSE25909_s313_final.pcl,15,bre2-del-matA-1-a,deletion,YLR015W
Lenstra_2011_PMID_21596317,GSE25909_s313_final.pcl,16,bre2-del-matA-1-b,deletion,YLR015W
Lenstra_2011_PMID_21596317,GSE25909_s313_final.pcl,17,btt1-del-1-b,deletion,YDR252W
Lenstra_2011_PMID_21596317,GSE25909_s313_final.pcl,18,bur2-del-1-a,deletion,YLR226W
Lenstra_2011_PMID_21596317,GSE25909_s313_final.pcl,19,bur2-del-2-b,deletion,YLR226W
Lenstra_2011_PMID_21596317,GSE25909_s313_final.pcl,20,cac1-del-1-a,deletion,YPR018W
Lenstra_2011_PMID_21596317,GSE25909_s313_final.pcl,21,cac1-del-1-b,deletion,YPR018W
Lenstra_2011_PMID_21596317,GSE25909_s313_final.pcl,22,cac2-del-1-a,deletion,YML102W
Lenstra_2011_PMID_21596317,GSE25909_s313_final.pcl,23,cac2-del-1-b,deletion,YML102W
Lenstra_2011_PMID_21596317,GSE25909_s313_final.pcl,24,caf130-del-1-a,deletion,YGR134W
Lenstra_2011_PMID_21596317,GSE25909_s313_final.pcl,25,caf130-del-1-b,deletion,YGR134W
Lenstra_2011_PMID_21596317,GSE25909_s313_final.pcl,26,caf16-del-1-a,deletion,YFL028C
Lenstra_2011_PMID_21596317,GSE25909_s313_final.pcl,27,caf16-del-1-b,deletion,YFL028C
Lenstra_2011_PMID_21596317,GSE25909_s313_final.pcl,28,caf4-del-1-a,deletion,YKR036C
Lenstra_2011_PMID_21596317,GSE25909_s313_final.pcl,29,caf4-del-1-b,deletion,YKR036C
Lenstra_2011_PMID_21596317,GSE25909_s313_final.pcl,30,caf40-del-2-a,deletion,YNL288W
Lenstra_2011_PMID_21596317,GSE25909_s313_final.pcl,31,caf40-del-2-b,deletion,YNL288W
Lenstra_2011_PMID_21596317,GSE25909_s313_final.pcl,32,cdc73-del-1-a,deletion,YLR418C
Lenstra_2011_PMID_21596317,GSE25909_s313_final.pcl,33,cdc73-del-1-b,deletion,YLR418C
Lenstra_2011_PMID_21596317,GSE25909_s313_final.pcl,34,chd1-del-1-a,deletion,YER164W
Lenstra_2011_PMID_21596317,GSE25909_s313_final.pcl,35,chd1-del-1-b,deletion,YER164W
Lenstra_2011_PMID_21596317,GSE25909_s313_final.pcl,36,chz1-del-1-a,deletion,YER030W
Lenstra_2011_PMID_21596317,GSE25909_s313_final.pcl,37,cpr1-del-1-a,deletion,YDR155C
Lenstra_2011_PMID_21596317,GSE25909_s313_final.pcl,38,cpr1-del-1-b,deletion,YDR155C
Lenstra_2011_PMID_21596317,GSE25909_s313_final.pcl,39,cti6-del-1-b,deletion,YPL181W
Lenstra_2011_PMID_21596317,GSE25909_s313_final.pcl,40,cti6-del-3-a,deletion,YPL181W
Lenstra_2011_PMID_21596317,GSE25909_s313_final.pcl,41,ctr9-del-1-a,deletion,YOL145C
Lenstra_2011_PMID_21596317,GSE25909_s313_final.pcl,42,ctr9-del-1-b,deletion,YOL145C
Lenstra_2011_PMID_21596317,GSE25909_s313_final.pcl,43,dep1-del-1-a,deletion,YAL013W
Lenstra_2011_PMID_21596317,GSE25909_s313_final.pcl,44,dep1-del-1-b,deletion,YAL013W
Lenstra_2011_PMID_21596317,GSE25909_s313_final.pcl,45,dls1-del-1-b,deletion,YJL065C
Lenstra_2011_PMID_21596317,GSE25909_s313_final.pcl,46,dls1-del-1-c,deletion,YJL065C
Lenstra_2011_PMID_21596317,GSE25909_s313_final.pcl,47,dot1-del-1-b,deletion,YDR440W
Lenstra_2011_PMID_21596317,GSE25909_s313_final.pcl,48,dot6-del-1-a,deletion,YER088C
Lenstra_2011_PMID_21596317,GSE25909_s313_final.pcl,49,dot6-del-1-b,deletion,YER088C
Lenstra_2011_PMID_21596317,GSE25909_s313_final.pcl,50,dpb4-del-2-a,deletion,YDR121W
Lenstra_2011_PMID_21596317,GSE25909_s313_final.pcl,51,dpb4-del-2-b,deletion,YDR121W
Lenstra_2011_PMID_21596317,GSE25909_s313_final.pcl,52,eaf1-del-tag-HA-1-a,deletion,YDR359C
Lenstra_2011_PMID_21596317,GSE25909_s313_final.pcl,53,eaf1-del-tag-HA-1-b,deletion,YDR359C
Lenstra_2011_PMID_21596317,GSE25909_s313_final.pcl,54,eaf3-del-3-a,deletion,YPR023C
Lenstra_2011_PMID_21596317,GSE25909_s313_final.pcl,55,eaf3-del-3-b,deletion,YPR023C
Lenstra_2011_PMID_21596317,GSE25909_s313_final.pcl,56,eaf5-del-1-a,deletion,YEL018W
Lenstra_2011_PMID_21596317,GSE25909_s313_final.pcl,57,eaf5-del-1-d,deletion,YEL018W
Lenstra_2011_PMID_21596317,GSE25909_s313_final.pcl,58,eaf6-del-1-a,deletion,YJR082C
Lenstra_2011_PMID_21596317,GSE25909_s313_final.pcl,59,eaf6-del-1-b,deletion,YJR082C
Lenstra_2011_PMID_21596317,GSE25909_s313_final.pcl,60,eaf7-del-1-a,deletion,YNL136W
Lenstra_2011_PMID_21596317,GSE25909_s313_final.pcl,61,eaf7-del-1-b,deletion,YNL136W
Lenstra_2011_PMID_21596317,GSE25909_s313_final.pcl,62,ecm5-del-2-a,deletion,YMR176W
Lenstra_2011_PMID_21596317,GSE25909_s313_final.pcl,63,ecm5-del-2-b,deletion,YMR176W
Lenstra_2011_PMID_21596317,GSE25909_s313_final.pcl,64,esc8-del-1-a,deletion,YOL017W
Lenstra_2011_PMID_21596317,GSE25909_s313_final.pcl,65,esc8-del-1-b,deletion,YOL017W
Lenstra_2011_PMID_21596317,GSE25909_s313_final.pcl,66,gcn5-del-1-a,deletion,YGR252W
Lenstra_2011_PMID_21596317,GSE25909_s313_final.pcl,67,gcn5-del-1-b,deletion,YGR252W
Lenstra_2011_PMID_21596317,GSE25909_s313_final.pcl,68,hat1-del-1-a,deletion,YPL001W
Lenstra_2011_PMID_21596317,GSE25909_s313_final.pcl,69,hat1-del-1-b,deletion,YPL001W
Lenstra_2011_PMID_21596317,GSE25909_s313_final.pcl,70,hat2-del-1-a,deletion,YEL056W
Lenstra_2011_PMID_21596317,GSE25909_s313_final.pcl,71,hat2-del-1-b,deletion,YEL056W
Lenstra_2011_PMID_21596317,GSE25909_s313_final.pcl,72,hda1-del-1-a,deletion,YNL021W
Lenstra_2011_PMID_21596317,GSE25909_s313_final.pcl,73,hda1-del-1-b,deletion,YNL021W
Lenstra_2011_PMID_21596317,GSE25909_s313_final.pcl,74,hda2-del-1-a,deletion,YDR295C
Lenstra_2011_PMID_21596317,GSE25909_s313_final.pcl,75,hda2-del-2-b,deletion,YDR295C
Lenstra_2011_PMID_21596317,GSE25909_s313_final.pcl,76,hda3-del-1-a,deletion,YPR179C
Lenstra_2011_PMID_21596317,GSE25909_s313_final.pcl,77,hda3-del-1-b,deletion,YPR179C
Lenstra_2011_PMID_21596317,GSE25909_s313_final.pcl,78,hfi1-del-matA-1-a,deletion,YPL254W
Lenstra_2011_PMID_21596317,GSE25909_s313_final.pcl,79,hfi1-del-matA-1-b,deletion,YPL254W
Lenstra_2011_PMID_21596317,GSE25909_s313_final.pcl,80,hhf2-del-1-a,deletion,YNL030W
Lenstra_2011_PMID_21596317,GSE25909_s313_final.pcl,81,hhf2-del-1-b,deletion,YNL030W
Lenstra_2011_PMID_21596317,GSE25909_s313_final.pcl,82,hif1-del-1-a,deletion,YLL022C
Lenstra_2011_PMID_21596317,GSE25909_s313_final.pcl,83,hif1-del-1-b,deletion,YLL022C
Lenstra_2011_PMID_21596317,GSE25909_s313_final.pcl,84,hir1-del-1-a,deletion,YBL008W
Lenstra_2011_PMID_21596317,GSE25909_s313_final.pcl,85,hir1-del-1-b,deletion,YBL008W
Lenstra_2011_PMID_21596317,GSE25909_s313_final.pcl,86,hir2-del-2-a,deletion,YOR038C
Lenstra_2011_PMID_21596317,GSE25909_s313_final.pcl,87,hir2-del-2-b,deletion,YOR038C
Lenstra_2011_PMID_21596317,GSE25909_s313_final.pcl,88,hir3-del-1-b,deletion,YJR140C
Lenstra_2011_PMID_21596317,GSE25909_s313_final.pcl,89,hir3-del-2-a,deletion,YJR140C
Lenstra_2011_PMID_21596317,GSE25909_s313_final.pcl,90,hmt1-del-2-a,deletion,YBR034C
Lenstra_2011_PMID_21596317,GSE25909_s313_final.pcl,91,hmt1-del-2-b,deletion,YBR034C
Lenstra_2011_PMID_21596317,GSE25909_s313_final.pcl,92,hos1-del-1-a,deletion,YPR068C
Lenstra_2011_PMID_21596317,GSE25909_s313_final.pcl,93,hos2-del-1-a,deletion,YGL194C
Lenstra_2011_PMID_21596317,GSE25909_s313_final.pcl,94,hos2-del-1-b,deletion,YGL194C
Lenstra_2011_PMID_21596317,GSE25909_s313_final.pcl,95,hos4-del-1-a,deletion,YIL112W
Lenstra_2011_PMID_21596317,GSE25909_s313_final.pcl,96,hos4-del-1-b,deletion,YIL112W
Lenstra_2011_PMID_21596317,GSE25909_s313_final.pcl,97,hpc2-del-1-a,deletion,YBR215W
Lenstra_2011_PMID_21596317,GSE25909_s313_final.pcl,98,hpc2-del-1-b,deletion,YBR215W
Lenstra_2011_PMID_21596317,GSE25909_s313_final.pcl,99,hst1-del-1-a,deletion,YOL068C
Lenstra_2011_PMID_21596317,GSE25909_s313_final.pcl,100,hst1-del-1-b,deletion,YOL068C
Lenstra_2011_PMID_21596317,GSE25909_s313_final.pcl,101,htl1-del-2-a,deletion,YCR020W-B
Lenstra_2011_PMID_21596317,GSE25909_s313_final.pcl,102,htl1-del-2-b,deletion,YCR020W-B
Lenstra_2011_PMID_21596317,GSE25909_s313_final.pcl,103,htz1-del-1-a,deletion,YOL012C
Lenstra_2011_PMID_21596317,GSE25909_s313_final.pcl,104,htz1-del-1-b,deletion,YOL012C
Lenstra_2011_PMID_21596317,GSE25909_s313_final.pcl,105,ies1-del-1-a,deletion,YFL013C
Lenstra_2011_PMID_21596317,GSE25909_s313_final.pcl,106,ies1-del-1-b,deletion,YFL013C
Lenstra_2011_PMID_21596317,GSE25909_s313_final.pcl,107,ies2-del-1-a,deletion,YNL215W
Lenstra_2011_PMID_21596317,GSE25909_s313_final.pcl,108,ies2-del-1-b,deletion,YNL215W
Lenstra_2011_PMID_21596317,GSE25909_s313_final.pcl,109,ies3-del-1-a,deletion,YLR052W
Lenstra_2011_PMID_21596317,GSE25909_s313_final.pcl,110,ies3-del-1-b,deletion,YLR052W
Lenstra_2011_PMID_21596317,GSE25909_s313_final.pcl,111,ies4-del-2-a,deletion,YOR189W
Lenstra_2011_PMID_21596317,GSE25909_s313_final.pcl,112,ies4-del-2-b,deletion,YOR189W
Lenstra_2011_PMID_21596317,GSE25909_s313_final.pcl,113,ies5-del-1-a,deletion,YER092W
Lenstra_2011_PMID_21596317,GSE25909_s313_final.pcl,114,ies5-del-1-b,deletion,YER092W
Lenstra_2011_PMID_21596317,GSE25909_s313_final.pcl,115,ies6-del-1-b,deletion,YEL044W
Lenstra_2011_PMID_21596317,GSE25909_s313_final.pcl,116,ies6-del-1-c,deletion,YEL044W
Lenstra_2011_PMID_21596317,GSE25909_s313_final.pcl,117,ioc2-del-1-a,deletion,YLR095C
Lenstra_2011_PMID_21596317,GSE25909_s313_final.pcl,118,ioc2-del-1-b,deletion,YLR095C
Lenstra_2011_PMID_21596317,GSE25909_s313_final.pcl,119,ioc3-del-1-a,deletion,YFR013W
Lenstra_2011_PMID_21596317,GSE25909_s313_final.pcl,120,ioc3-del-1-b,deletion,YFR013W
Lenstra_2011_PMID_21596317,GSE25909_s313_final.pcl,121,ioc4-del-1-a,deletion,YMR044W
Lenstra_2011_PMID_21596317,GSE25909_s313_final.pcl,122,ioc4-del-1-b,deletion,YMR044W
Lenstra_2011_PMID_21596317,GSE25909_s313_final.pcl,123,isw1-del-1-a,deletion,YBR245C
Lenstra_2011_PMID_21596317,GSE25909_s313_final.pcl,124,isw1-del-1-b,deletion,YBR245C
Lenstra_2011_PMID_21596317,GSE25909_s313_final.pcl,125,isw2-del-1-b,deletion,YOR304W
Lenstra_2011_PMID_21596317,GSE25909_s313_final.pcl,126,isw2-del-1-c,deletion,YOR304W
Lenstra_2011_PMID_21596317,GSE25909_s313_final.pcl,127,itc1-del-1-a,deletion,YGL133W
Lenstra_2011_PMID_21596317,GSE25909_s313_final.pcl,128,itc1-del-1-b,deletion,YGL133W
Lenstra_2011_PMID_21596317,GSE25909_s313_final.pcl,129,jhd1-del-2-a,deletion,YER051W
Lenstra_2011_PMID_21596317,GSE25909_s313_final.pcl,130,jhd1-del-2-b,deletion,YER051W
Lenstra_2011_PMID_21596317,GSE25909_s313_final.pcl,131,jhd2-del-2-a,deletion,YJR119C
Lenstra_2011_PMID_21596317,GSE25909_s313_final.pcl,132,jhd2-del-2-b,deletion,YJR119C
Lenstra_2011_PMID_21596317,GSE25909_s313_final.pcl,133,ldb7-del-1-b,deletion,YBL006C
Lenstra_2011_PMID_21596317,GSE25909_s313_final.pcl,134,ldb7-del-1-c,deletion,YBL006C
Lenstra_2011_PMID_21596317,GSE25909_s313_final.pcl,135,leo1-del-2-a,deletion,YOR123C
Lenstra_2011_PMID_21596317,GSE25909_s313_final.pcl,136,leo1-del-2-b,deletion,YOR123C
Lenstra_2011_PMID_21596317,GSE25909_s313_final.pcl,137,lge1-del-1-a,deletion,YPL055C
Lenstra_2011_PMID_21596317,GSE25909_s313_final.pcl,138,lge1-del-1-b,deletion,YPL055C
Lenstra_2011_PMID_21596317,GSE25909_s313_final.pcl,139,med1-del-1-a,deletion,YPR070W
Lenstra_2011_PMID_21596317,GSE25909_s313_final.pcl,140,med1-del-1-b,deletion,YPR070W
Lenstra_2011_PMID_21596317,GSE25909_s313_final.pcl,141,med15-del-1-a,deletion,YOL051W
Lenstra_2011_PMID_21596317,GSE25909_s313_final.pcl,142,med15-del-1-b,deletion,YOL051W
Lenstra_2011_PMID_21596317,GSE25909_s313_final.pcl,143,med16-del-1-a,deletion,YNL236W
Lenstra_2011_PMID_21596317,GSE25909_s313_final.pcl,144,med16-del-1-b,deletion,YNL236W
Lenstra_2011_PMID_21596317,GSE25909_s313_final.pcl,145,med18-del-2-a,deletion,YGR104C
Lenstra_2011_PMID_21596317,GSE25909_s313_final.pcl,146,med18-del-2-b,deletion,YGR104C
Lenstra_2011_PMID_21596317,GSE25909_s313_final.pcl,147,med2-del-1-a,deletion,YDL005C
Lenstra_2011_PMID_21596317,GSE25909_s313_final.pcl,148,med2-del-1-b,deletion,YDL005C
Lenstra_2011_PMID_21596317,GSE25909_s313_final.pcl,149,med20-del-2-a,deletion,YHR041C
Lenstra_2011_PMID_21596317,GSE25909_s313_final.pcl,150,med20-del-2-b,deletion,YHR041C
Lenstra_2011_PMID_21596317,GSE25909_s313_final.pcl,151,med3-del-1-a,deletion,YGL025C
Lenstra_2011_PMID_21596317,GSE25909_s313_final.pcl,152,med3-del-1-b,deletion,YGL025C
Lenstra_2011_PMID_21596317,GSE25909_s313_final.pcl,153,med31-del-1-a,deletion,YGL127C
Lenstra_2011_PMID_21596317,GSE25909_s313_final.pcl,154,med31-del-1-b,deletion,YGL127C
Lenstra_2011_PMID_21596317,GSE25909_s313_final.pcl,155,med5-del-1-a,deletion,YGL151W
Lenstra_2011_PMID_21596317,GSE25909_s313_final.pcl,156,med5-del-1-b,deletion,YGL151W
Lenstra_2011_PMID_21596317,GSE25909_s313_final.pcl,157,med9-del-3-a,deletion,YNR010W
Lenstra_2011_PMID_21596317,GSE25909_s313_final.pcl,158,med9-del-3-b,deletion,YNR010W
Lenstra_2011_PMID_21596317,GSE25909_s313_final.pcl,159,msi1-del-1-a,deletion,YBR195C
Lenstra_2011_PMID_21596317,GSE25909_s313_final.pcl,160,msi1-del-1-b,deletion,YBR195C
Lenstra_2011_PMID_21596317,GSE25909_s313_final.pcl,161,nap1-del-1-b,deletion,YKR048C
Lenstra_2011_PMID_21596317,GSE25909_s313_final.pcl,162,ngg1-del-1-a,deletion,YDR176W
Lenstra_2011_PMID_21596317,GSE25909_s313_final.pcl,163,ngg1-del-1-b,deletion,YDR176W
Lenstra_2011_PMID_21596317,GSE25909_s313_final.pcl,164,nhp10-del-1-a,deletion,YDL002C
Lenstra_2011_PMID_21596317,GSE25909_s313_final.pcl,165,nhp10-del-1-b,deletion,YDL002C
Lenstra_2011_PMID_21596317,GSE25909_s313_final.pcl,166,nhp6a-del-1-b,deletion,YPR052C
Lenstra_2011_PMID_21596317,GSE25909_s313_final.pcl,167,nhp6b-del-3-a,deletion,YBR089C-A
Lenstra_2011_PMID_21596317,GSE25909_s313_final.pcl,168,nhp6b-del-3-b,deletion,YBR089C-A
Lenstra_2011_PMID_21596317,GSE25909_s313_final.pcl,169,not3-del-2-a,deletion,YIL038C
Lenstra_2011_PMID_21596317,GSE25909_s313_final.pcl,170,not3-del-2-b,deletion,YIL038C
Lenstra_2011_PMID_21596317,GSE25909_s313_final.pcl,171,not4-del-2-a,deletion,YER068W
Lenstra_2011_PMID_21596317,GSE25909_s313_final.pcl,172,not4-del-2-b,deletion,YER068W
Lenstra_2011_PMID_21596317,GSE25909_s313_final.pcl,173,npl6-del-3-a,deletion,YMR091C
Lenstra_2011_PMID_21596317,GSE25909_s313_final.pcl,174,npl6-del-3-b,deletion,YMR091C
Lenstra_2011_PMID_21596317,GSE25909_s313_final.pcl,175,nto1-del-1-a,deletion,YPR031W
Lenstra_2011_PMID_21596317,GSE25909_s313_final.pcl,176,nto1-del-1-b,deletion,YPR031W
Lenstra_2011_PMID_21596317,GSE25909_s313_final.pcl,177,paf1-del-2-a,deletion,YBR279W
Lenstra_2011_PMID_21596317,GSE25909_s313_final.pcl,178,paf1-del-2-b,deletion,YBR279W
Lenstra_2011_PMID_21596317,GSE25909_s313_final.pcl,179,pho23-del-1-a,deletion,YNL097C
Lenstra_2011_PMID_21596317,GSE25909_s313_final.pcl,180,pho23-del-1-b,deletion,YNL097C
Lenstra_2011_PMID_21596317,GSE25909_s313_final.pcl,181,rad6-del-2-a,deletion,YGL058W
Lenstra_2011_PMID_21596317,GSE25909_s313_final.pcl,182,rad6-del-2-b,deletion,YGL058W
Lenstra_2011_PMID_21596317,GSE25909_s313_final.pcl,183,rco1-del-1-a,deletion,YMR075W
Lenstra_2011_PMID_21596317,GSE25909_s313_final.pcl,184,rco1-del-1-b,deletion,YMR075W
Lenstra_2011_PMID_21596317,GSE25909_s313_final.pcl,185,rfm1-del-1-a,deletion,YOR279C
Lenstra_2011_PMID_21596317,GSE25909_s313_final.pcl,186,rfm1-del-2-b,deletion,YOR279C
Lenstra_2011_PMID_21596317,GSE25909_s313_final.pcl,187,rpd3-del-1-a,deletion,YNL330C
Lenstra_2011_PMID_21596317,GSE25909_s313_final.pcl,188,rpd3-del-1-b,deletion,YNL330C
Lenstra_2011_PMID_21596317,GSE25909_s313_final.pcl,189,rph1-del-2-a,deletion,YER169W
Lenstra_2011_PMID_21596317,GSE25909_s313_final.pcl,190,rph1-del-2-b,deletion,YER169W
Lenstra_2011_PMID_21596317,GSE25909_s313_final.pcl,191,rsc1-del-1-b,deletion,YGR056W
Lenstra_2011_PMID_21596317,GSE25909_s313_final.pcl,192,rsc1-del-2-a,deletion,YGR056W
Lenstra_2011_PMID_21596317,GSE25909_s313_final.pcl,193,rsc2-del-1-a,deletion,YLR357W
Lenstra_2011_PMID_21596317,GSE25909_s313_final.pcl,194,rsc2-del-2-b,deletion,YLR357W
Lenstra_2011_PMID_21596317,GSE25909_s313_final.pcl,195,rsc30-del-2-a,deletion,YHR056C
Lenstra_2011_PMID_21596317,GSE25909_s313_final.pcl,196,rsc30-del-3-b,deletion,YHR056C
Lenstra_2011_PMID_21596317,GSE25909_s313_final.pcl,197,rtf1-del-1-a,deletion,YGL244W
Lenstra_2011_PMID_21596317,GSE25909_s313_final.pcl,198,rtf1-del-1-b,deletion,YGL244W
Lenstra_2011_PMID_21596317,GSE25909_s313_final.pcl,199,rtg2-del-3-a,deletion,YGL252C
Lenstra_2011_PMID_21596317,GSE25909_s313_final.pcl,200,rtg2-del-3-b,deletion,YGL252C
Lenstra_2011_PMID_21596317,GSE25909_s313_final.pcl,201,rtt102-del-1-b,deletion,YGR275W
Lenstra_2011_PMID_21596317,GSE25909_s313_final.pcl,202,rtt106-del-1-b,deletion,YNL206C
Lenstra_2011_PMID_21596317,GSE25909_s313_final.pcl,203,rtt106-del-1-c,deletion,YNL206C
Lenstra_2011_PMID_21596317,GSE25909_s313_final.pcl,204,rtt109-del-1-a,deletion,YLL002W
Lenstra_2011_PMID_21596317,GSE25909_s313_final.pcl,205,rtt109-del-1-b,deletion,YLL002W
Lenstra_2011_PMID_21596317,GSE25909_s313_final.pcl,206,rxt2-del-1-a,deletion,YBR095C
Lenstra_2011_PMID_21596317,GSE25909_s313_final.pcl,207,rxt2-del-1-b,deletion,YBR095C
Lenstra_2011_PMID_21596317,GSE25909_s313_final.pcl,208,rxt3-del-1-a,deletion,YDL076C
Lenstra_2011_PMID_21596317,GSE25909_s313_final.pcl,209,rxt3-del-1-b,deletion,YDL076C
Lenstra_2011_PMID_21596317,GSE25909_s313_final.pcl,210,sap30-del-1-a,deletion,YMR263W
Lenstra_2011_PMID_21596317,GSE25909_s313_final.pcl,211,sap30-del-1-b,deletion,YMR263W
Lenstra_2011_PMID_21596317,GSE25909_s313_final.pcl,212,sas2-del-1-a,deletion,YMR127C
Lenstra_2011_PMID_21596317,GSE25909_s313_final.pcl,213,sas2-del-1-b,deletion,YMR127C
Lenstra_2011_PMID_21596317,GSE25909_s313_final.pcl,214,sas3-del-1-a,deletion,YBL052C
Lenstra_2011_PMID_21596317,GSE25909_s313_final.pcl,215,sas3-del-1-b,deletion,YBL052C
Lenstra_2011_PMID_21596317,GSE25909_s313_final.pcl,216,sas4-del-1-a,deletion,YDR181C
Lenstra_2011_PMID_21596317,GSE25909_s313_final.pcl,217,sas4-del-1-b,deletion,YDR181C
Lenstra_2011_PMID_21596317,GSE25909_s313_final.pcl,218,sas5-del-1-b,deletion,YOR213C
Lenstra_2011_PMID_21596317,GSE25909_s313_final.pcl,219,sas5-del-1-c,deletion,YOR213C
Lenstra_2011_PMID_21596317,GSE25909_s313_final.pcl,220,sdc1-del-matA-1-a,deletion,YDR469W
Lenstra_2011_PMID_21596317,GSE25909_s313_final.pcl,221,sdc1-del-matA-1-b,deletion,YDR469W
Lenstra_2011_PMID_21596317,GSE25909_s313_final.pcl,222,sds3-del-2-a,deletion,YIL084C
Lenstra_2011_PMID_21596317,GSE25909_s313_final.pcl,223,sds3-del-2-b,deletion,YIL084C
Lenstra_2011_PMID_21596317,GSE25909_s313_final.pcl,224,set1-del-matA-1-a,deletion,YHR119W
Lenstra_2011_PMID_21596317,GSE25909_s313_final.pcl,225,set1-del-matA-1-b,deletion,YHR119W
Lenstra_2011_PMID_21596317,GSE25909_s313_final.pcl,226,set2-del-1-a,deletion,YJL168C
Lenstra_2011_PMID_21596317,GSE25909_s313_final.pcl,227,set2-del-1-b,deletion,YJL168C
Lenstra_2011_PMID_21596317,GSE25909_s313_final.pcl,228,set3-del-1-a,deletion,YKR029C
Lenstra_2011_PMID_21596317,GSE25909_s313_final.pcl,229,set3-del-1-b,deletion,YKR029C
Lenstra_2011_PMID_21596317,GSE25909_s313_final.pcl,230,sgf11-del-2-a,deletion,YPL047W
Lenstra_2011_PMID_21596317,GSE25909_s313_final.pcl,231,sgf11-del-2-b,deletion,YPL047W
Lenstra_2011_PMID_21596317,GSE25909_s313_final.pcl,232,sgf29-del-1-a,deletion,YCL010C
Lenstra_2011_PMID_21596317,GSE25909_s313_final.pcl,233,sgf29-del-1-b,deletion,YCL010C
Lenstra_2011_PMID_21596317,GSE25909_s313_final.pcl,234,sgf73-del-1-a,deletion,YGL066W
Lenstra_2011_PMID_21596317,GSE25909_s313_final.pcl,235,sgf73-del-1-b,deletion,YGL066W
Lenstra_2011_PMID_21596317,GSE25909_s313_final.pcl,236,shg1-del-1-a,deletion,YBR258C
Lenstra_2011_PMID_21596317,GSE25909_s313_final.pcl,237,sif2-del-1-a,deletion,YBR103W
Lenstra_2011_PMID_21596317,GSE25909_s313_final.pcl,238,sif2-del-1-b,deletion,YBR103W
Lenstra_2011_PMID_21596317,GSE25909_s313_final.pcl,239,sin3-del-1-a,deletion,YOL004W
Lenstra_2011_PMID_21596317,GSE25909_s313_final.pcl,240,sin3-del-2-b,deletion,YOL004W
Lenstra_2011_PMID_21596317,GSE25909_s313_final.pcl,241,sir1-del-2-a,deletion,YKR101W
Lenstra_2011_PMID_21596317,GSE25909_s313_final.pcl,242,sir1-del-2-b,deletion,YKR101W
Lenstra_2011_PMID_21596317,GSE25909_s313_final.pcl,243,sir2-del-1-a,deletion,YDL042C
Lenstra_2011_PMID_21596317,GSE25909_s313_final.pcl,244,sir2-del-1-b,deletion,YDL042C
Lenstra_2011_PMID_21596317,GSE25909_s313_final.pcl,245,sir3-del-1-a,deletion,YLR442C
Lenstra_2011_PMID_21596317,GSE25909_s313_final.pcl,246,sir3-del-1-b,deletion,YLR442C
Lenstra_2011_PMID_21596317,GSE25909_s313_final.pcl,247,sir4-del-1-a,deletion,YDR227W
Lenstra_2011_PMID_21596317,GSE25909_s313_final.pcl,248,sir4-del-1-b,deletion,YDR227W
Lenstra_2011_PMID_21596317,GSE25909_s313_final.pcl,249,snf11-del-1-a,deletion,YDR073W
Lenstra_2011_PMID_21596317,GSE25909_s313_final.pcl,250,snf11-del-1-b,deletion,YDR073W
Lenstra_2011_PMID_21596317,GSE25909_s313_final.pcl,251,snf12-del-1-a,deletion,YNR023W
Lenstra_2011_PMID_21596317,GSE25909_s313_final.pcl,252,snf12-del-1-b,deletion,YNR023W
Lenstra_2011_PMID_21596317,GSE25909_s313_final.pcl,253,snf2-del-1-a,deletion,YOR290C
Lenstra_2011_PMID_21596317,GSE25909_s313_final.pcl,254,snf2-del-1-d,deletion,YOR290C
Lenstra_2011_PMID_21596317,GSE25909_s313_final.pcl,255,snf5-del-1-a,deletion,YBR289W
Lenstra_2011_PMID_21596317,GSE25909_s313_final.pcl,256,snf5-del-1-b,deletion,YBR289W
Lenstra_2011_PMID_21596317,GSE25909_s313_final.pcl,257,snf6-del-1-a,deletion,YHL025W
Lenstra_2011_PMID_21596317,GSE25909_s313_final.pcl,258,snf6-del-1-b,deletion,YHL025W
Lenstra_2011_PMID_21596317,GSE25909_s313_final.pcl,259,snt1-del-1-a,deletion,YCR033W
Lenstra_2011_PMID_21596317,GSE25909_s313_final.pcl,260,snt1-del-1-b,deletion,YCR033W
Lenstra_2011_PMID_21596317,GSE25909_s313_final.pcl,261,spp1-del-matA-1-a,deletion,YPL138C
Lenstra_2011_PMID_21596317,GSE25909_s313_final.pcl,262,spp1-del-matA-1-b,deletion,YPL138C
Lenstra_2011_PMID_21596317,GSE25909_s313_final.pcl,263,spt20-del-1-a,deletion,YOL148C
Lenstra_2011_PMID_21596317,GSE25909_s313_final.pcl,264,spt20-del-1-b,deletion,YOL148C
Lenstra_2011_PMID_21596317,GSE25909_s313_final.pcl,265,spt3-del-1-a,deletion,YDR392W
Lenstra_2011_PMID_21596317,GSE25909_s313_final.pcl,266,spt3-del-1-b,deletion,YDR392W
Lenstra_2011_PMID_21596317,GSE25909_s313_final.pcl,267,spt7-del-2-a,deletion,YBR081C
Lenstra_2011_PMID_21596317,GSE25909_s313_final.pcl,268,spt7-del-2-b,deletion,YBR081C
Lenstra_2011_PMID_21596317,GSE25909_s313_final.pcl,269,spt8-del-1-a,deletion,YLR055C
Lenstra_2011_PMID_21596317,GSE25909_s313_final.pcl,270,spt8-del-1-b,deletion,YLR055C
Lenstra_2011_PMID_21596317,GSE25909_s313_final.pcl,271,stb2-del-1-a,deletion,YMR053C
Lenstra_2011_PMID_21596317,GSE25909_s313_final.pcl,272,sum1-del-1-a,deletion,YDR310C
Lenstra_2011_PMID_21596317,GSE25909_s313_final.pcl,273,sum1-del-1-b,deletion,YDR310C
Lenstra_2011_PMID_21596317,GSE25909_s313_final.pcl,274,sus1-del-1-a,deletion,YBR111W-A
Lenstra_2011_PMID_21596317,GSE25909_s313_final.pcl,275,sus1-del-1-b,deletion,YBR111W-A
Lenstra_2011_PMID_21596317,GSE25909_s313_final.pcl,276,swc3-del-2-a,deletion,YAL011W
Lenstra_2011_PMID_21596317,GSE25909_s313_final.pcl,277,swc3-del-2-b,deletion,YAL011W
Lenstra_2011_PMID_21596317,GSE25909_s313_final.pcl,278,swc5-del-2-a,deletion,YBR231C
Lenstra_2011_PMID_21596317,GSE25909_s313_final.pcl,279,swc5-del-2-b,deletion,YBR231C
Lenstra_2011_PMID_21596317,GSE25909_s313_final.pcl,280,swc7-del-1-b,deletion,YLR385C
Lenstra_2011_PMID_21596317,GSE25909_s313_final.pcl,281,swc7-del-1-d,deletion,YLR385C
Lenstra_2011_PMID_21596317,GSE25909_s313_final.pcl,282,swd1-del-matA-1-a,deletion,YAR003W
Lenstra_2011_PMID_21596317,GSE25909_s313_final.pcl,283,swd1-del-matA-1-b,deletion,YAR003W
Lenstra_2011_PMID_21596317,GSE25909_s313_final.pcl,284,swd3-del-matA-1-a,deletion,YBR175W
Lenstra_2011_PMID_21596317,GSE25909_s313_final.pcl,285,swd3-del-matA-1-b,deletion,YBR175W
Lenstra_2011_PMID_21596317,GSE25909_s313_final.pcl,286,swi3-del-2-a,deletion,YJL176C
Lenstra_2011_PMID_21596317,GSE25909_s313_final.pcl,287,swi3-del-2-b,deletion,YJL176C
Lenstra_2011_PMID_21596317,GSE25909_s313_final.pcl,288,swp82-del-1-a,deletion,YFL049W
Lenstra_2011_PMID_21596317,GSE25909_s313_final.pcl,289,swr1-del-1-a,deletion,YDR334W
Lenstra_2011_PMID_21596317,GSE25909_s313_final.pcl,290,swr1-del-1-b,deletion,YDR334W
Lenstra_2011_PMID_21596317,GSE25909_s313_final.pcl,291,tod6-del-1-a,deletion,YBL054W
Lenstra_2011_PMID_21596317,GSE25909_s313_final.pcl,292,tod6-del-1-b,deletion,YBL054W
Lenstra_2011_PMID_21596317,GSE25909_s313_final.pcl,293,tos4-del-1-a,deletion,YLR183C
Lenstra_2011_PMID_21596317,GSE25909_s313_final.pcl,294,tos4-del-2-b,deletion,YLR183C
Lenstra_2011_PMID_21596317,GSE25909_s313_final.pcl,295,ubp8-del-1-a,deletion,YMR223W
Lenstra_2011_PMID_21596317,GSE25909_s313_final.pcl,296,ubp8-del-1-b,deletion,YMR223W
Lenstra_2011_PMID_21596317,GSE25909_s313_final.pcl,297,ume1-del-1-b,deletion,YPL139C
Lenstra_2011_PMID_21596317,GSE25909_s313_final.pcl,298,ume1-del-1-c,deletion,YPL139C
Lenstra_2011_PMID_21596317,GSE25909_s313_final.pcl,299,vps71-del-1-a,deletion,YML041C
Lenstra_2011_PMID_21596317,GSE25909_s313_final.pcl,300,vps71-del-1-b,deletion,YML041C
Lenstra_2011_PMID_21596317,GSE25909_s313_final.pcl,301,vps72-del-1-a,deletion,YDR485C
Lenstra_2011_PMID_21596317,GSE25909_s313_final.pcl,302,vps72-del-1-b,deletion,YDR485C
Lenstra_2011_PMID_21596317,GSE25909_s313_final.pcl,303,vps75-del-1-a,deletion,YNL246W
Lenstra_2011_PMID_21596317,GSE25909_s313_final.pcl,304,vps75-del-1-b,deletion,YNL246W
Lenstra_2011_PMID_21596317,GSE25909_s313_final.pcl,305,yaf9-del-1-a,deletion,YNL107W
Lenstra_2011_PMID_21596317,GSE25909_s313_final.pcl,306,yaf9-del-1-b,deletion,YNL107W
Lenstra_2011_PMID_21596317,GSE25909_s313_final.pcl,307,yku70-del-1-a,deletion,YMR284W
Lenstra_2011_PMID_21596317,GSE25909_s313_final.pcl,308,yku70-del-1-b,deletion,YMR284W
Lenstra_2011_PMID_21596317,GSE25909_s313_final.pcl,309,yku80-del-1-a,deletion,YMR106C
Lenstra_2011_PMID_21596317,GSE25909_s313_final.pcl,310,yku80-del-1-b,deletion,YMR106C
Lenstra_2011_PMID_21596317,GSE25909_s313_final.pcl,311,yng1-del-matA-1-a,deletion,YOR064C
Lenstra_2011_PMID_21596317,GSE25909_s313_final.pcl,312,yng1-del-matA-1-b,deletion,YOR064C
Lenstra_2013_PMID_24324601,GSE40254.remapped.final.pcl,0,eaf3-del-3-a,deletion,YPR023C
Lenstra_2013_PMID_24324601,GSE40254.remapped.final.pcl,1,eaf3-del-3-b,deletion,YPR023C
Lenstra_2013_PMID_24324601,GSE40254.remapped.final.pcl,2,rco1-del-1-a,deletion,YMR075W
Lenstra_2013_PMID_24324601,GSE40254.remapped.final.pcl,3,rco1-del-1-b,deletion,YMR075W
Lenstra_2013_PMID_24324601,GSE40254.remapped.final.pcl,4,set2-del-1-a,deletion,YJL168C
Lenstra_2013_PMID_24324601,GSE40254.remapped.final.pcl,5,set2-del-1-b,deletion,YJL168C
Lenstra_2013_PMID_24324601,GSE40254.remapped.final.pcl,6,ctk1-del-4-a,deletion,YKL139W
Lenstra_2013_PMID_24324601,GSE40254.remapped.final.pcl,7,ctk1-del-4-b,deletion,YKL139W
Lenstra_2013_PMID_24324601,GSE40254.remapped.final.pcl,8,ctk1-del-ypd-1-a,deletion,YKL139W
Lenstra_2013_PMID_24324601,GSE40254.remapped.final.pcl,9,ctk1-del-ypd-1-b,deletion,YKL139W
Lenstra_2013_PMID_24324601,GSE40254.remapped.final.pcl,10,lrp1-del-1-a,deletion,YHR081W
Lenstra_2013_PMID_24324601,GSE40254.remapped.final.pcl,11,lrp1-del-1-b,deletion,YHR081W
Lenstra_2013_PMID_24324601,GSE40254.remapped.final.pcl,16,rrp6-del-1-a,deletion,YOR001W
Lenstra_2013_PMID_24324601,GSE40254.remapped.final.pcl,17,rrp6-del-1-b,deletion,YOR001W
Lenstra_2013_PMID_24324601,GSE40254.remapped.final.pcl,18,rtt103-del-1-a,deletion,YDR289C
Lenstra_2013_PMID_24324601,GSE40254.remapped.final.pcl,19,rtt103-del-1-b,deletion,YDR289C
Levy_2007_PMID_17327914,GSE6302_set00_family.pcl,2,ADH1 deletion mutant- glycerol vs. glucose at log phase- #1,deletion,YOL086C
Levy_2007_PMID_17327914,GSE6302_set00_family.pcl,3,ADH1 deletion mutant- glycerol vs. glucose at log phase- #2,deletion,YOL086C
Levy_2007_PMID_17327914,GSE6302_set00_family.pcl,4,ADH1 deletion mutant- glycerol vs. glucose at log phase- #3,deletion,YOL086C
Levy_2007_PMID_17327914,GSE6302_set00_family.pcl,5,ADH1 deletion mutant grown in glycerol (30 minutes),deletion,YOL086C
Levy_2007_PMID_17327914,GSE6302_set00_family.pcl,6,ADH1 deletion mutant grown in glycerol (1 hour),deletion,YOL086C
Levy_2007_PMID_17327914,GSE6302_set00_family.pcl,7,ADH1 deletion mutant grown in glycerol (2 hour),deletion,YOL086C
Levy_2007_PMID_17327914,GSE6302_set00_family.pcl,8,ADH1 deletion mutant grown in glycerol (4 hour),deletion,YOL086C
Levy_2007_PMID_17327914,GSE6302_set00_family.pcl,9,ADH1 deletion mutant grown in glucose (30 minutes),deletion,YOL086C
Levy_2007_PMID_17327914,GSE6302_set00_family.pcl,10,ADH1 deletion mutant grown in glucose (2 hour),deletion,YOL086C
Levy_2007_PMID_17327914,GSE6302_set00_family.pcl,11,ADH1 deletion mutant grown in glucose (4 hour),deletion,YOL086C
Levy_2008_PMID_18687885,GSE9095.final.pcl,0,HHO1_delta_25_degrees_vs_Wild_type_25_degrees,deletion,YPL127C
Levy_2008_PMID_18687885,GSE9095.final.pcl,1,HHO1_delta_37_degrees_vs_Wild_type_25_degrees,deletion,YPL127C
Li_2010_PMID_20439498,GSE18488.final.pcl,2,npt1D_A,deletion,YOR209C
Li_2010_PMID_20439498,GSE18488.final.pcl,3,npt1D_B,deletion,YOR209C
Li_2010_PMID_20439498,GSE18488.final.pcl,4,pnc1D_A,deletion,YGL037C
Li_2010_PMID_20439498,GSE18488.final.pcl,5,pnc1D_B,deletion,YGL037C
Li_2010_PMID_20439498,GSE18488.final.pcl,6,bna1D_A,deletion,YJR025C
Li_2010_PMID_20439498,GSE18488.final.pcl,7,bna1D_B,deletion,YJR025C
Li_2010_PMID_20439498,GSE18488.final.pcl,8,tna1D_A,deletion,YGR260W
Li_2010_PMID_20439498,GSE18488.final.pcl,9,tna1D_B,deletion,YGR260W
Liko_2007_PMID_17616518,GSE8379_setA_family.pcl,4,stb3-null 3 days in YPD A,deletion,YDR169C
Liko_2007_PMID_17616518,GSE8379_setA_family.pcl,5,stb3-null 3 days in YPD B,deletion,YDR169C
Liko_2007_PMID_17616518,GSE8379_setA_family.pcl,6,stb3-null 3 days in YPD + 2% glucose for 10 minutes A,deletion,YDR169C
Liko_2007_PMID_17616518,GSE8379_setA_family.pcl,7,stb3-null 3 days in YPD + 2%glucose for 10 minutes B,deletion,YDR169C
Lu_2005_PMID_16208474,GSE29530.final.pcl,3,Δrsf2 YPG biological-rep1,deletion,YJR127C
Lu_2005_PMID_16208474,GSE29530.final.pcl,4,Δrsf2 YPG biological-rep2,deletion,YJR127C
Lu_2022_PMID_36066422,GSE137261.final.pcl,1,eaf1-del-tag-HA-1-b vs. ref1,deletion,YDR359C
Lu_2022_PMID_36066422,GSE137261.final.pcl,6,ref1 vs. eaf1-del-tag-HA-1-a,deletion,YDR359C
Mendiratta_2006_PMID_16415340,GSE3354_setA_family.pcl,3,spt10-null sample #1,deletion,YJL127C
Mendiratta_2006_PMID_16415340,GSE3354_setA_family.pcl,4,spt10-null sample #2,deletion,YJL127C
Mendiratta_2006_PMID_16415340,GSE3354_setA_family.pcl,5,spt10-null sample #3,deletion,YJL127C
Meneghini_2003_PMID_12628191,2010.swr1_htz1_hmr_sir2.pcl,0,htz1 (replicate 1),gene_named,YOL012C
Meneghini_2003_PMID_12628191,2010.swr1_htz1_hmr_sir2.pcl,1,htz1 (replicate 2),gene_named,YOL012C
Meneghini_2003_PMID_12628191,2010.swr1_htz1_hmr_sir2.pcl,2,htz1 (replicate 3),gene_named,YOL012C
Meneghini_2003_PMID_12628191,2010.swr1_htz1_hmr_sir2.pcl,3,htz1 (replicate 4),gene_named,YOL012C
Meneghini_2003_PMID_12628191,2010.swr1_htz1_hmr_sir2.pcl,12,sir2 (replicate 1),gene_named,YDL042C
Meneghini_2003_PMID_12628191,2010.swr1_htz1_hmr_sir2.pcl,13,sir2 (replicate 2),gene_named,YDL042C
Meneghini_2003_PMID_12628191,2010.swr1_htz1_hmr_sir2.pcl,14,sir2 (replicate 3),gene_named,YDL042C
Meneghini_2003_PMID_12628191,2010.swr1_htz1_hmr_sir2.pcl,15,sir2 (replicate 4),gene_named,YDL042C
Meneghini_2003_PMID_12628191,2010.swr1_htz1_hmr_sir2.pcl,20,swr1 (replicate 1),gene_named,YDR334W
Meneghini_2003_PMID_12628191,2010.swr1_htz1_hmr_sir2.pcl,21,swr1 (replicate 2),gene_named,YDR334W
Meneghini_2003_PMID_12628191,2010.swr1_htz1_hmr_sir2.pcl,22,swr1 (replicate 3),gene_named,YDR334W
Meneghini_2003_PMID_12628191,2010.swr1_htz1_hmr_sir2.pcl,23,swr1 (replicate 4),gene_named,YDR334W
Mnaimneh_2004_PMID_15242642,2010.EssentialGenes.pcl,0,EFB1/YAL003W,gene_named,YAL003W
Mnaimneh_2004_PMID_15242642,2010.EssentialGenes.pcl,1,POP5/YAL033W,gene_named,YAL033W
Mnaimneh_2004_PMID_15242642,2010.EssentialGenes.pcl,2,CDC19/YAL038W,gene_named,YAL038W
Mnaimneh_2004_PMID_15242642,2010.EssentialGenes.pcl,3,PTA1/YAL043C,gene_named,YAL043C
Mnaimneh_2004_PMID_15242642,2010.EssentialGenes.pcl,4,UTP20/YBL004W,gene_named,YBL004W
Mnaimneh_2004_PMID_15242642,2010.EssentialGenes.pcl,5,RFT1/YBL020W,gene_named,YBL020W
Mnaimneh_2004_PMID_15242642,2010.EssentialGenes.pcl,6,ERD2/YBL040C,gene_named,YBL040C
Mnaimneh_2004_PMID_15242642,2010.EssentialGenes.pcl,7,CDC27/YBL084C,gene_named,YBL084C
Mnaimneh_2004_PMID_15242642,2010.EssentialGenes.pcl,8,RER2/YBR002C,gene_named,YBR002C
Mnaimneh_2004_PMID_15242642,2010.EssentialGenes.pcl,9,REB1/YBR049C,gene_named,YBR049C
Mnaimneh_2004_PMID_15242642,2010.EssentialGenes.pcl,10,POL30/YBR088C,gene_named,YBR088C
Mnaimneh_2004_PMID_15242642,2010.EssentialGenes.pcl,11,MAK5/YBR142W,gene_named,YBR142W
Mnaimneh_2004_PMID_15242642,2010.EssentialGenes.pcl,12,SUP45/YBR143C,gene_named,YBR143C
Mnaimneh_2004_PMID_15242642,2010.EssentialGenes.pcl,13,YBR190W,gene_named,YBR190W
Mnaimneh_2004_PMID_15242642,2010.EssentialGenes.pcl,14,RIM2/YBR192W,gene_named,YBR192W
Mnaimneh_2004_PMID_15242642,2010.EssentialGenes.pcl,15,MED8/YBR193C,gene_named,YBR193C
Mnaimneh_2004_PMID_15242642,2010.EssentialGenes.pcl,16,PGI1/YBR196C,gene_named,YBR196C
Mnaimneh_2004_PMID_15242642,2010.EssentialGenes.pcl,17,ARC40/YBR234C,gene_named,YBR234C
Mnaimneh_2004_PMID_15242642,2010.EssentialGenes.pcl,18,ALG7/YBR243C,gene_named,YBR243C
Mnaimneh_2004_PMID_15242642,2010.EssentialGenes.pcl,19,NFS1/YCL017C,gene_named,YCL017C
Mnaimneh_2004_PMID_15242642,2010.EssentialGenes.pcl,20,YCR013C,gene_named,YCR013C
Mnaimneh_2004_PMID_15242642,2010.EssentialGenes.pcl,21,TAF2/YCR042C,gene_named,YCR042C
Mnaimneh_2004_PMID_15242642,2010.EssentialGenes.pcl,22,RPT2/YDL007W,gene_named,YDL007W
Mnaimneh_2004_PMID_15242642,2010.EssentialGenes.pcl,23,DBP10/YDL031W,gene_named,YDL031W
Mnaimneh_2004_PMID_15242642,2010.EssentialGenes.pcl,24,SIT4/YDL047W,gene_named,YDL047W
Mnaimneh_2004_PMID_15242642,2010.EssentialGenes.pcl,25,PSA1/YDL055C,gene_named,YDL055C
Mnaimneh_2004_PMID_15242642,2010.EssentialGenes.pcl,26,TSR1/YDL060W,gene_named,YDL060W
Mnaimneh_2004_PMID_15242642,2010.EssentialGenes.pcl,27,UBC9/YDL064W,gene_named,YDL064W
Mnaimneh_2004_PMID_15242642,2010.EssentialGenes.pcl,28,LUC7/YDL087C,gene_named,YDL087C
Mnaimneh_2004_PMID_15242642,2010.EssentialGenes.pcl,29,CDC53/YDL132W,gene_named,YDL132W
Mnaimneh_2004_PMID_15242642,2010.EssentialGenes.pcl,30,YDL196W,gene_named,YDL196W
Mnaimneh_2004_PMID_15242642,2010.EssentialGenes.pcl,31,HEM12/YDR047W,gene_named,YDR047W
Mnaimneh_2004_PMID_15242642,2010.EssentialGenes.pcl,32,LCB2/YDR062W,gene_named,YDR062W
Mnaimneh_2004_PMID_15242642,2010.EssentialGenes.pcl,33,RLI1/YDR091C,gene_named,YDR091C
Mnaimneh_2004_PMID_15242642,2010.EssentialGenes.pcl,34,DOP1/YDR141C,gene_named,YDR141C
Mnaimneh_2004_PMID_15242642,2010.EssentialGenes.pcl,35,CDC37/YDR168W,gene_named,YDR168W
Mnaimneh_2004_PMID_15242642,2010.EssentialGenes.pcl,36,YDR327W,gene_named,YDR327W
Mnaimneh_2004_PMID_15242642,2010.EssentialGenes.pcl,37,FRQ1/YDR373W,gene_named,YDR373W
Mnaimneh_2004_PMID_15242642,2010.EssentialGenes.pcl,38,SPP41/YDR464W,gene_named,YDR464W
Mnaimneh_2004_PMID_15242642,2010.EssentialGenes.pcl,39,SLD5/YDR489W,gene_named,YDR489W
Mnaimneh_2004_PMID_15242642,2010.EssentialGenes.pcl,40,POL5/YEL055C,gene_named,YEL055C
Mnaimneh_2004_PMID_15242642,2010.EssentialGenes.pcl,41,PRO3/YER023W,gene_named,YER023W
Mnaimneh_2004_PMID_15242642,2010.EssentialGenes.pcl,42,BRR2/YER172C,gene_named,YER172C
Mnaimneh_2004_PMID_15242642,2010.EssentialGenes.pcl,43,SEC4/YFL005W,gene_named,YFL005W
Mnaimneh_2004_PMID_15242642,2010.EssentialGenes.pcl,44,EPL1/YFL024C,gene_named,YFL024C
Mnaimneh_2004_PMID_15242642,2010.EssentialGenes.pcl,45,ALG13/YGL047W,gene_named,YGL047W
Mnaimneh_2004_PMID_15242642,2010.EssentialGenes.pcl,46,RPT6/YGL048C,gene_named,YGL048C
Mnaimneh_2004_PMID_15242642,2010.EssentialGenes.pcl,47,CDC20/YGL116W,gene_named,YGL116W
Mnaimneh_2004_PMID_15242642,2010.EssentialGenes.pcl,48,GUS1/YGL245W,gene_named,YGL245W
Mnaimneh_2004_PMID_15242642,2010.EssentialGenes.pcl,49,UFD1/YGR048W,gene_named,YGR048W
Mnaimneh_2004_PMID_15242642,2010.EssentialGenes.pcl,50,ERG25/YGR060W,gene_named,YGR060W
Mnaimneh_2004_PMID_15242642,2010.EssentialGenes.pcl,51,VAS1/YGR094W,gene_named,YGR094W
Mnaimneh_2004_PMID_15242642,2010.EssentialGenes.pcl,52,RRP46/YGR095C,gene_named,YGR095C
Mnaimneh_2004_PMID_15242642,2010.EssentialGenes.pcl,53,YIP1/YGR172C,gene_named,YGR172C
Mnaimneh_2004_PMID_15242642,2010.EssentialGenes.pcl,54,ERG1/YGR175C,gene_named,YGR175C
Mnaimneh_2004_PMID_15242642,2010.EssentialGenes.pcl,55,CWC22/YGR278W,gene_named,YGR278W
Mnaimneh_2004_PMID_15242642,2010.EssentialGenes.pcl,56,PXR1/YGR280C,gene_named,YGR280C
Mnaimneh_2004_PMID_15242642,2010.EssentialGenes.pcl,57,MYO1/YHR023W,gene_named,YHR023W
Mnaimneh_2004_PMID_15242642,2010.EssentialGenes.pcl,58,BCD1/YHR040W,gene_named,YHR040W
Mnaimneh_2004_PMID_15242642,2010.EssentialGenes.pcl,59,TRM5/YHR070W,gene_named,YHR070W
Mnaimneh_2004_PMID_15242642,2010.EssentialGenes.pcl,60,YNG2/YHR090C,gene_named,YHR090C
Mnaimneh_2004_PMID_15242642,2010.EssentialGenes.pcl,61,ORC6/YHR118C,gene_named,YHR118C
Mnaimneh_2004_PMID_15242642,2010.EssentialGenes.pcl,62,GPI16/YHR188C,gene_named,YHR188C
Mnaimneh_2004_PMID_15242642,2010.EssentialGenes.pcl,63,RIX1/YHR197W,gene_named,YHR197W
Mnaimneh_2004_PMID_15242642,2010.EssentialGenes.pcl,64,CFD1/YIL003W,gene_named,YIL003W
Mnaimneh_2004_PMID_15242642,2010.EssentialGenes.pcl,65,MOB1/YIL106W,gene_named,YIL106W
Mnaimneh_2004_PMID_15242642,2010.EssentialGenes.pcl,66,SLN1/YIL147C,gene_named,YIL147C
Mnaimneh_2004_PMID_15242642,2010.EssentialGenes.pcl,67,SQT1/YIR012W,gene_named,YIR012W
Mnaimneh_2004_PMID_15242642,2010.EssentialGenes.pcl,68,SEC11/YIR022W,gene_named,YIR022W
Mnaimneh_2004_PMID_15242642,2010.EssentialGenes.pcl,69,YJL009W,gene_named,YJL009W
Mnaimneh_2004_PMID_15242642,2010.EssentialGenes.pcl,70,RPC17/YJL011C,gene_named,YJL011C
Mnaimneh_2004_PMID_15242642,2010.EssentialGenes.pcl,71,NUP192/YJL039C,gene_named,YJL039C
Mnaimneh_2004_PMID_15242642,2010.EssentialGenes.pcl,72,NUP82/YJL061W,gene_named,YJL061W
Mnaimneh_2004_PMID_15242642,2010.EssentialGenes.pcl,73,PSF2/YJL072C,gene_named,YJL072C
Mnaimneh_2004_PMID_15242642,2010.EssentialGenes.pcl,74,ARP4/YJL081C,gene_named,YJL081C
Mnaimneh_2004_PMID_15242642,2010.EssentialGenes.pcl,75,GWT1/YJL091C,gene_named,YJL091C
Mnaimneh_2004_PMID_15242642,2010.EssentialGenes.pcl,76,CDC6/YJL194W,gene_named,YJL194W
Mnaimneh_2004_PMID_15242642,2010.EssentialGenes.pcl,77,MPP10/YJR002W,gene_named,YJR002W
Mnaimneh_2004_PMID_15242642,2010.EssentialGenes.pcl,78,SUI2/YJR007W,gene_named,YJR007W
Mnaimneh_2004_PMID_15242642,2010.EssentialGenes.pcl,79,CDC11/YJR076C,gene_named,YJR076C
Mnaimneh_2004_PMID_15242642,2010.EssentialGenes.pcl,80,SWD2/YKL018W,gene_named,YKL018W
Mnaimneh_2004_PMID_15242642,2010.EssentialGenes.pcl,81,ASK1/YKL052C,gene_named,YKL052C
Mnaimneh_2004_PMID_15242642,2010.EssentialGenes.pcl,82,SLD2/YKL108W,gene_named,YKL108W
Mnaimneh_2004_PMID_15242642,2010.EssentialGenes.pcl,83,RRN3/YKL125W,gene_named,YKL125W
Mnaimneh_2004_PMID_15242642,2010.EssentialGenes.pcl,84,RPL17A/YKL180W,gene_named,YKL180W
Mnaimneh_2004_PMID_15242642,2010.EssentialGenes.pcl,85,SPC34/YKR037C,gene_named,YKR037C
Mnaimneh_2004_PMID_15242642,2010.EssentialGenes.pcl,86,TRZ1/YKR079C,gene_named,YKR079C
Mnaimneh_2004_PMID_15242642,2010.EssentialGenes.pcl,87,PRP16/YKR086W,gene_named,YKR086W
Mnaimneh_2004_PMID_15242642,2010.EssentialGenes.pcl,88,SFI1/YLL003W,gene_named,YLL003W
Mnaimneh_2004_PMID_15242642,2010.EssentialGenes.pcl,89,RIX7/YLL034C,gene_named,YLL034C
Mnaimneh_2004_PMID_15242642,2010.EssentialGenes.pcl,90,GRC3/YLL035W,gene_named,YLL035W
Mnaimneh_2004_PMID_15242642,2010.EssentialGenes.pcl,91,NSE1/YLR007W,gene_named,YLR007W
Mnaimneh_2004_PMID_15242642,2010.EssentialGenes.pcl,92,FRS1/YLR060W,gene_named,YLR060W
Mnaimneh_2004_PMID_15242642,2010.EssentialGenes.pcl,93,YLR076C,gene_named,YLR076C
Mnaimneh_2004_PMID_15242642,2010.EssentialGenes.pcl,94,SMC4/YLR086W,gene_named,YLR086W
Mnaimneh_2004_PMID_15242642,2010.EssentialGenes.pcl,95,YLR101C,gene_named,YLR101C
Mnaimneh_2004_PMID_15242642,2010.EssentialGenes.pcl,96,RMP1/YLR145W,gene_named,YLR145W
Mnaimneh_2004_PMID_15242642,2010.EssentialGenes.pcl,97,MAS1/YLR163C,gene_named,YLR163C
Mnaimneh_2004_PMID_15242642,2010.EssentialGenes.pcl,98,PWP1/YLR196W,gene_named,YLR196W
Mnaimneh_2004_PMID_15242642,2010.EssentialGenes.pcl,99,YLR243W,gene_named,YLR243W
Mnaimneh_2004_PMID_15242642,2010.EssentialGenes.pcl,100,SMD2/YLR275W,gene_named,YLR275W
Mnaimneh_2004_PMID_15242642,2010.EssentialGenes.pcl,101,GCD7/YLR291C,gene_named,YLR291C
Mnaimneh_2004_PMID_15242642,2010.EssentialGenes.pcl,102,CDC25/YLR310C,gene_named,YLR310C
Mnaimneh_2004_PMID_15242642,2010.EssentialGenes.pcl,103,SGD1/YLR336C,gene_named,YLR336C
Mnaimneh_2004_PMID_15242642,2010.EssentialGenes.pcl,104,ADE13/YLR359W,gene_named,YLR359W
Mnaimneh_2004_PMID_15242642,2010.EssentialGenes.pcl,105,SEC61/YLR378C,gene_named,YLR378C
Mnaimneh_2004_PMID_15242642,2010.EssentialGenes.pcl,106,SPP382/YLR424W,gene_named,YLR424W
Mnaimneh_2004_PMID_15242642,2010.EssentialGenes.pcl,107,SEC39/YLR440C,gene_named,YLR440C
Mnaimneh_2004_PMID_15242642,2010.EssentialGenes.pcl,108,NBP1/YLR457C,gene_named,YLR457C
Mnaimneh_2004_PMID_15242642,2010.EssentialGenes.pcl,109,GAB1/YLR459W,gene_named,YLR459W
Mnaimneh_2004_PMID_15242642,2010.EssentialGenes.pcl,110,NDC1/YML031W,gene_named,YML031W
Mnaimneh_2004_PMID_15242642,2010.EssentialGenes.pcl,111,PRP39/YML046W,gene_named,YML046W
Mnaimneh_2004_PMID_15242642,2010.EssentialGenes.pcl,112,ERO1/YML130C,gene_named,YML130C
Mnaimneh_2004_PMID_15242642,2010.EssentialGenes.pcl,113,CDC5/YMR001C,gene_named,YMR001C
Mnaimneh_2004_PMID_15242642,2010.EssentialGenes.pcl,114,MCM1/YMR043W,gene_named,YMR043W
Mnaimneh_2004_PMID_15242642,2010.EssentialGenes.pcl,115,PDS5/YMR076C,gene_named,YMR076C
Mnaimneh_2004_PMID_15242642,2010.EssentialGenes.pcl,116,SEC14/YMR079W,gene_named,YMR079W
Mnaimneh_2004_PMID_15242642,2010.EssentialGenes.pcl,117,ECM16/YMR128W,gene_named,YMR128W
Mnaimneh_2004_PMID_15242642,2010.EssentialGenes.pcl,118,ROT1/YMR200W,gene_named,YMR200W
Mnaimneh_2004_PMID_15242642,2010.EssentialGenes.pcl,119,CEF1/YMR213W,gene_named,YMR213W
Mnaimneh_2004_PMID_15242642,2010.EssentialGenes.pcl,120,RNT1/YMR239C,gene_named,YMR239C
Mnaimneh_2004_PMID_15242642,2010.EssentialGenes.pcl,121,HAS1/YMR290C,gene_named,YMR290C
Mnaimneh_2004_PMID_15242642,2010.EssentialGenes.pcl,122,NAF1/YNL124W,gene_named,YNL124W
Mnaimneh_2004_PMID_15242642,2010.EssentialGenes.pcl,123,TOM22/YNL131W,gene_named,YNL131W
Mnaimneh_2004_PMID_15242642,2010.EssentialGenes.pcl,124,YNL150W,gene_named,YNL150W
Mnaimneh_2004_PMID_15242642,2010.EssentialGenes.pcl,125,PGA1/YNL158W,gene_named,YNL158W
Mnaimneh_2004_PMID_15242642,2010.EssentialGenes.pcl,126,IPI3/YNL182C,gene_named,YNL182C
Mnaimneh_2004_PMID_15242642,2010.EssentialGenes.pcl,127,POP1/YNL221C,gene_named,YNL221C
Mnaimneh_2004_PMID_15242642,2010.EssentialGenes.pcl,128,SEC2/YNL272C,gene_named,YNL272C
Mnaimneh_2004_PMID_15242642,2010.EssentialGenes.pcl,129,ZIM17/YNL310C,gene_named,YNL310C
Mnaimneh_2004_PMID_15242642,2010.EssentialGenes.pcl,130,ARC35/YNR035C,gene_named,YNR035C
Mnaimneh_2004_PMID_15242642,2010.EssentialGenes.pcl,131,MVD1/YNR043W,gene_named,YNR043W
Mnaimneh_2004_PMID_15242642,2010.EssentialGenes.pcl,132,NOG2/YNR053C,gene_named,YNR053C
Mnaimneh_2004_PMID_15242642,2010.EssentialGenes.pcl,133,ESF2/YNR054C,gene_named,YNR054C
Mnaimneh_2004_PMID_15242642,2010.EssentialGenes.pcl,134,YOL022C,gene_named,YOL022C
Mnaimneh_2004_PMID_15242642,2010.EssentialGenes.pcl,135,MIM1/YOL026C,gene_named,YOL026C
Mnaimneh_2004_PMID_15242642,2010.EssentialGenes.pcl,136,PRE6/YOL038W,gene_named,YOL038W
Mnaimneh_2004_PMID_15242642,2010.EssentialGenes.pcl,137,BRX1/YOL077C,gene_named,YOL077C
Mnaimneh_2004_PMID_15242642,2010.EssentialGenes.pcl,138,HRT1/YOL133W,gene_named,YOL133W
Mnaimneh_2004_PMID_15242642,2010.EssentialGenes.pcl,139,YOR060C,gene_named,YOR060C
Mnaimneh_2004_PMID_15242642,2010.EssentialGenes.pcl,140,RKI1/YOR095C,gene_named,YOR095C
Mnaimneh_2004_PMID_15242642,2010.EssentialGenes.pcl,141,TFC7/YOR110W,gene_named,YOR110W
Mnaimneh_2004_PMID_15242642,2010.EssentialGenes.pcl,142,RIO1/YOR119C,gene_named,YOR119C
Mnaimneh_2004_PMID_15242642,2010.EssentialGenes.pcl,143,PNO1/YOR145C,gene_named,YOR145C
Mnaimneh_2004_PMID_15242642,2010.EssentialGenes.pcl,144,YOR146W,gene_named,YOR146W
Mnaimneh_2004_PMID_15242642,2010.EssentialGenes.pcl,145,GLN4/YOR168W,gene_named,YOR168W
Mnaimneh_2004_PMID_15242642,2010.EssentialGenes.pcl,146,YOR169C,gene_named,YOR169C
Mnaimneh_2004_PMID_15242642,2010.EssentialGenes.pcl,147,DED1/YOR204W,gene_named,YOR204W
Mnaimneh_2004_PMID_15242642,2010.EssentialGenes.pcl,148,NOC2/YOR206W,gene_named,YOR206W
Mnaimneh_2004_PMID_15242642,2010.EssentialGenes.pcl,149,MGE1/YOR232W,gene_named,YOR232W
Mnaimneh_2004_PMID_15242642,2010.EssentialGenes.pcl,150,DFR1/YOR236W,gene_named,YOR236W
Mnaimneh_2004_PMID_15242642,2010.EssentialGenes.pcl,151,RPT4/YOR259C,gene_named,YOR259C
Mnaimneh_2004_PMID_15242642,2010.EssentialGenes.pcl,152,RPN8/YOR261C,gene_named,YOR261C
Mnaimneh_2004_PMID_15242642,2010.EssentialGenes.pcl,153,YOR262W,gene_named,YOR262W
Mnaimneh_2004_PMID_15242642,2010.EssentialGenes.pcl,154,PLP2/YOR281C,gene_named,YOR281C
Mnaimneh_2004_PMID_15242642,2010.EssentialGenes.pcl,155,RRS1/YOR294W,gene_named,YOR294W
Mnaimneh_2004_PMID_15242642,2010.EssentialGenes.pcl,156,ALA1/YOR335C,gene_named,YOR335C
Mnaimneh_2004_PMID_15242642,2010.EssentialGenes.pcl,157,NDD1/YOR372C,gene_named,YOR372C
Mnaimneh_2004_PMID_15242642,2010.EssentialGenes.pcl,158,RET3/YPL010W,gene_named,YPL010W
Mnaimneh_2004_PMID_15242642,2010.EssentialGenes.pcl,159,TIM50/YPL063W,gene_named,YPL063W
Mnaimneh_2004_PMID_15242642,2010.EssentialGenes.pcl,160,GPI2/YPL076W,gene_named,YPL076W
Mnaimneh_2004_PMID_15242642,2010.EssentialGenes.pcl,161,NOG1/YPL093W,gene_named,YPL093W
Mnaimneh_2004_PMID_15242642,2010.EssentialGenes.pcl,162,NAN1/YPL126W,gene_named,YPL126W
Mnaimneh_2004_PMID_15242642,2010.EssentialGenes.pcl,163,NAB3/YPL190C,gene_named,YPL190C
Mnaimneh_2004_PMID_15242642,2010.EssentialGenes.pcl,164,CET1/YPL228W,gene_named,YPL228W
Mnaimneh_2004_PMID_15242642,2010.EssentialGenes.pcl,165,FAS2/YPL231W,gene_named,YPL231W
Mnaimneh_2004_PMID_15242642,2010.EssentialGenes.pcl,166,SRP68/YPL243W,gene_named,YPL243W
Mnaimneh_2004_PMID_15242642,2010.EssentialGenes.pcl,167,HTS1/YPR033C,gene_named,YPR033C
Mnaimneh_2004_PMID_15242642,2010.EssentialGenes.pcl,168,COG4/YPR105C,gene_named,YPR105C
Mnaimneh_2004_PMID_15242642,2010.EssentialGenes.pcl,169,NOC4/YPR144C,gene_named,YPR144C
Mnaimneh_2004_PMID_15242642,2010.EssentialGenes.pcl,170,JIP5/YPR169W,gene_named,YPR169W
Mnaimneh_2004_PMID_15242642,2010.EssentialGenes.pcl,171,PRP4/YPR178W,gene_named,YPR178W
Mnaimneh_2004_PMID_15242642,2010.EssentialGenes.pcl,172,AOS1/YPR180W,gene_named,YPR180W
Mnaimneh_2004_PMID_15242642,2010.EssentialGenes.pcl,173,PZF1/YPR186C,gene_named,YPR186C
Mnaimneh_2004_PMID_15242642,2010.EssentialGenes.pcl,174,CDS1/YBR029C,gene_named,YBR029C
Mnaimneh_2004_PMID_15242642,2010.EssentialGenes.pcl,175,CDC34/YDR054C,gene_named,YDR054C
Mnaimneh_2004_PMID_15242642,2010.EssentialGenes.pcl,176,SPC19/YDR201W,gene_named,YDR201W
Mnaimneh_2004_PMID_15242642,2010.EssentialGenes.pcl,177,ESF1/YDR365C,gene_named,YDR365C
Mnaimneh_2004_PMID_15242642,2010.EssentialGenes.pcl,178,YDR412W,gene_named,YDR412W
Mnaimneh_2004_PMID_15242642,2010.EssentialGenes.pcl,179,RBA50/YDR527W,gene_named,YDR527W
Mnaimneh_2004_PMID_15242642,2010.EssentialGenes.pcl,180,NUG1/YER006W,gene_named,YER006W
Mnaimneh_2004_PMID_15242642,2010.EssentialGenes.pcl,181,LSM4/YER112W,gene_named,YER112W
Mnaimneh_2004_PMID_15242642,2010.EssentialGenes.pcl,182,RSC8/YFR037C,gene_named,YFR037C
Mnaimneh_2004_PMID_15242642,2010.EssentialGenes.pcl,183,HSF1/YGL073W,gene_named,YGL073W
Mnaimneh_2004_PMID_15242642,2010.EssentialGenes.pcl,184,NAB2/YGL122C,gene_named,YGL122C
Mnaimneh_2004_PMID_15242642,2010.EssentialGenes.pcl,185,CDC43/YGL155W,gene_named,YGL155W
Mnaimneh_2004_PMID_15242642,2010.EssentialGenes.pcl,186,UTP22/YGR090W,gene_named,YGR090W
Mnaimneh_2004_PMID_15242642,2010.EssentialGenes.pcl,187,NOP7/YGR103W,gene_named,YGR103W
Mnaimneh_2004_PMID_15242642,2010.EssentialGenes.pcl,188,YGR198W,gene_named,YGR198W
Mnaimneh_2004_PMID_15242642,2010.EssentialGenes.pcl,189,SDA1/YGR245C,gene_named,YGR245C
Mnaimneh_2004_PMID_15242642,2010.EssentialGenes.pcl,190,YGR251W,gene_named,YGR251W
Mnaimneh_2004_PMID_15242642,2010.EssentialGenes.pcl,191,IPI1/YHR085W,gene_named,YHR085W
Mnaimneh_2004_PMID_15242642,2010.EssentialGenes.pcl,192,YHR122W,gene_named,YHR122W
Mnaimneh_2004_PMID_15242642,2010.EssentialGenes.pcl,193,SCH9/YHR205W,gene_named,YHR205W
Mnaimneh_2004_PMID_15242642,2010.EssentialGenes.pcl,194,YJL097W,gene_named,YJL097W
Mnaimneh_2004_PMID_15242642,2010.EssentialGenes.pcl,195,URB2/YJR041C,gene_named,YJR041C
Mnaimneh_2004_PMID_15242642,2010.EssentialGenes.pcl,196,YKL033W,gene_named,YKL033W
Mnaimneh_2004_PMID_15242642,2010.EssentialGenes.pcl,197,RRP14/YKL082C,gene_named,YKL082C
Mnaimneh_2004_PMID_15242642,2010.EssentialGenes.pcl,198,UBA1/YKL210W,gene_named,YKL210W
Mnaimneh_2004_PMID_15242642,2010.EssentialGenes.pcl,199,SSL1/YLR005W,gene_named,YLR005W
Mnaimneh_2004_PMID_15242642,2010.EssentialGenes.pcl,200,PAM18/YLR008C,gene_named,YLR008C
Mnaimneh_2004_PMID_15242642,2010.EssentialGenes.pcl,201,MDN1/YLR106C,gene_named,YLR106C
Mnaimneh_2004_PMID_15242642,2010.EssentialGenes.pcl,202,SMD3/YLR147C,gene_named,YLR147C
Mnaimneh_2004_PMID_15242642,2010.EssentialGenes.pcl,203,CDC42/YLR229C,gene_named,YLR229C
Mnaimneh_2004_PMID_15242642,2010.EssentialGenes.pcl,204,RNA1/YMR235C,gene_named,YMR235C
Mnaimneh_2004_PMID_15242642,2010.EssentialGenes.pcl,205,YNL149C,gene_named,YNL149C
Mnaimneh_2004_PMID_15242642,2010.EssentialGenes.pcl,206,SSU72/YNL222W,gene_named,YNL222W
Mnaimneh_2004_PMID_15242642,2010.EssentialGenes.pcl,207,CWC25/YNL245C,gene_named,YNL245C
Mnaimneh_2004_PMID_15242642,2010.EssentialGenes.pcl,208,DSL1/YNL258C,gene_named,YNL258C
Mnaimneh_2004_PMID_15242642,2010.EssentialGenes.pcl,209,YNL313C,gene_named,YNL313C
Mnaimneh_2004_PMID_15242642,2010.EssentialGenes.pcl,210,RPB11/YOL005C,gene_named,YOL005C
Mnaimneh_2004_PMID_15242642,2010.EssentialGenes.pcl,211,YOR004W,gene_named,YOR004W
Mnaimneh_2004_PMID_15242642,2010.EssentialGenes.pcl,212,RTS2/YOR077W,gene_named,YOR077W
Mnaimneh_2004_PMID_15242642,2010.EssentialGenes.pcl,213,GCR1/YPL075W,gene_named,YPL075W
Mnaimneh_2004_PMID_15242642,2010.EssentialGenes.pcl,214,CDC54/YPR019W,gene_named,YPR019W
Morillo-Huesca_2010_PMID_20711347,GSE21571_final.pcl,3,htz1Δ replicate1,deletion,YOL012C
Morillo-Huesca_2010_PMID_20711347,GSE21571_final.pcl,4,htz1Δ replicate2,deletion,YOL012C
Morillo-Huesca_2010_PMID_20711347,GSE21571_final.pcl,5,htz1Δ replicate3,deletion,YOL012C
Morillo-Huesca_2010_PMID_20711347,GSE21571_final.pcl,6,swr1Δ replicate1,deletion,YDR334W
Morillo-Huesca_2010_PMID_20711347,GSE21571_final.pcl,7,swr1Δ replicate2,deletion,YDR334W
Morillo-Huesca_2010_PMID_20711347,GSE21571_final.pcl,8,swr1Δ replicate3,deletion,YDR334W
Morillo-Huesca_2010_PMID_20711347,GSE21571_final.pcl,9,htz1Δswr1Δ replicate1,deletion,YDR334W|YOL012C
Morillo-Huesca_2010_PMID_20711347,GSE21571_final.pcl,10,htz1Δswr1Δ replicate2,deletion,YDR334W|YOL012C
Morillo-Huesca_2010_PMID_20711347,GSE21571_final.pcl,11,htz1Δswr1Δ replicate3,deletion,YDR334W|YOL012C
Morillo-Huesca_2010_PMID_20711347,GSE21571_final.pcl,12,swc2Δ replicate1,deletion,YDR485C
Morillo-Huesca_2010_PMID_20711347,GSE21571_final.pcl,13,swc2Δ replicate2,deletion,YDR485C
Morillo-Huesca_2010_PMID_20711347,GSE21571_final.pcl,14,swc2Δ replicate3,deletion,YDR485C
Morillo-Huesca_2010_PMID_20711347,GSE21571_final.pcl,15,htz1Δswc2Δ replicate1,deletion,YDR485C|YOL012C
Morillo-Huesca_2010_PMID_20711347,GSE21571_final.pcl,16,htz1Δswc2Δ replicate2,deletion,YDR485C|YOL012C
Morillo-Huesca_2010_PMID_20711347,GSE21571_final.pcl,17,htz1Δswc2Δ replicate3,deletion,YDR485C|YOL012C
Morillo-Huesca_2010_PMID_20711347,GSE21571_final.pcl,18,swc5Δ replicate1,deletion,YBR231C
Morillo-Huesca_2010_PMID_20711347,GSE21571_final.pcl,19,swc5Δ replicate2,deletion,YBR231C
Morillo-Huesca_2010_PMID_20711347,GSE21571_final.pcl,20,swc5Δ replicate3,deletion,YBR231C
Morillo-Huesca_2010_PMID_20711347,GSE21571_final.pcl,21,htz1Δswc5Δ replicate1,deletion,YBR231C|YOL012C
Morillo-Huesca_2010_PMID_20711347,GSE21571_final.pcl,22,htz1Δswc5Δ replicate2,deletion,YBR231C|YOL012C
Morillo-Huesca_2010_PMID_20711347,GSE21571_final.pcl,23,htz1Δswc5Δ replicate3,deletion,YBR231C|YOL012C
Moxley_2009_PMID_19346491,GSE7369.final.pcl,0,Met28 knockout expression,deletion,YIR017C
Moxley_2009_PMID_19346491,GSE7369.final.pcl,1,Met31 knockout expression,deletion,YPL038W
Moxley_2009_PMID_19346491,GSE7369.final.pcl,2,Met32 knockout expression,deletion,YDR253C
Moxley_2009_PMID_19346491,GSE7369.final.pcl,3,Cbf1 knockout expression,deletion,YJR060W
Munding_2010_PMID_21123654,GSE24675_final.pcl,0,mer1D_SK1_t=0hr_A,deletion,YNL210W
Munding_2010_PMID_21123654,GSE24675_final.pcl,1,mer1D_SK1_t=0.5hr_A,deletion,YNL210W
Munding_2010_PMID_21123654,GSE24675_final.pcl,2,mer1D_SK1_t=2hr_A,deletion,YNL210W
Munding_2010_PMID_21123654,GSE24675_final.pcl,3,mer1D_SK1_t=5hr_A,deletion,YNL210W
Munding_2010_PMID_21123654,GSE24675_final.pcl,4,mer1D_SK1_t=7hr_A,deletion,YNL210W
Munding_2010_PMID_21123654,GSE24675_final.pcl,5,mer1D_SK1_t=9hr_A,deletion,YNL210W
Munding_2010_PMID_21123654,GSE24675_final.pcl,6,mer1D_SK1_t=11hr_A,deletion,YNL210W
Munding_2010_PMID_21123654,GSE24675_final.pcl,7,mer1D_SK1_t=0hr_B,deletion,YNL210W
Munding_2010_PMID_21123654,GSE24675_final.pcl,8,mer1D_SK1_t=0.5hr_B,deletion,YNL210W
Munding_2010_PMID_21123654,GSE24675_final.pcl,9,mer1D_SK1_t=2hr_B,deletion,YNL210W
Munding_2010_PMID_21123654,GSE24675_final.pcl,10,mer1D_SK1_t=5hr_B,deletion,YNL210W
Munding_2010_PMID_21123654,GSE24675_final.pcl,11,mer1D_SK1_t=7hr_B,deletion,YNL210W
Munding_2010_PMID_21123654,GSE24675_final.pcl,12,mer1D_SK1_t=9hr_B,deletion,YNL210W
Munding_2010_PMID_21123654,GSE24675_final.pcl,13,mer1D_SK1_t=11hr_B,deletion,YNL210W
Munding_2010_PMID_21123654,GSE24675_final.pcl,14,mer1D_SK1_t=9hr,deletion,YNL210W
Munding_2010_PMID_21123654,GSE24675_final.pcl,15,mer2D_SK1_t=9hr,deletion,YJR021C
Munding_2010_PMID_21123654,GSE24675_final.pcl,16,mer3D_SK1_t=9hr,deletion,YGL251C
Munding_2010_PMID_21123654,GSE24675_final.pcl,17,spo22D_SK1_t=9hr,deletion,YIL073C
Munding_2010_PMID_21123654,GSE24675_final.pcl,18,spo70D_SK1_t=9hr,deletion,YGR225W
Munding_2010_PMID_21123654,GSE24675_final.pcl,19,ume6D_BY4741_veg,deletion,YDR207C
Mutiu_2007_PMID_17447102,GSE6316_setA_family.pcl,0,wt vs. Htb1(K123R);htb1_delta0 (array1),deletion,YDR224C
Mutiu_2007_PMID_17447102,GSE6316_setA_family.pcl,1,Htb1(K123R);htb2_delta0 vs. wt (array2),deletion,YBL002W
Mutiu_2007_PMID_17447102,GSE6316_setA_family.pcl,2,wt vs. Htb1(K123R);htb2_delta0;ubp8_delta0 (array1),deletion,YBL002W|YMR223W
Mutiu_2007_PMID_17447102,GSE6316_setA_family.pcl,3,Htb1(K123R);htb2_delta0;ubp8_delta0 vs. wt (array2),deletion,YBL002W|YMR223W
Mutiu_2007_PMID_17447102,GSE6316_setA_family.pcl,4,wt vs. ubp8_delta0 (array1),deletion,YMR223W
Mutiu_2007_PMID_17447102,GSE6316_setA_family.pcl,5,ubp8_delta0 vs. wt (array2),deletion,YMR223W
Mutiu_2007_PMID_17447102,GSE6316_setA_family.pcl,6,Htb1_K123R;htb2_delta0 vs. htb2_delta0 (array1),deletion,YBL002W
Mutiu_2007_PMID_17447102,GSE6316_setA_family.pcl,7,htb2_delta0 vs. Htb1_K123R;htb2_delta0 (array2),deletion,YBL002W
Mutiu_2007_PMID_17447102,GSE6316_setA_family.pcl,8,Htb1_K123R;htb2_delta0 vs. htb2_delta0 (array3),deletion,YBL002W
Navlakha_2012_PMID_22916002,GSE28213GPL14666.sfp.pcl,0,Hog1 Knockout Replicate 1,deletion,YLR113W
Navlakha_2012_PMID_22916002,GSE28213GPL14666.sfp.pcl,1,Hog1 Knockout Replicate 2,deletion,YLR113W
Navlakha_2012_PMID_22916002,GSE28213GPL14666.sfp.pcl,10,Tpk2 Knockout Replicate 1,deletion,YPL203W
Navlakha_2012_PMID_22916002,GSE28213GPL14666.sfp.pcl,11,Tpk2 Knockout Replicate 2,deletion,YPL203W
Orlandi_2004_PMID_14623890,2010.Orlandi04.filter.flt.knn.avg.div.log.pcl,1,ubp10 null mutant; src: Exponentially growing cells of ubp10 null mutant strain,deletion,YNL186W
Orlandi_2004_PMID_14623890,2010.Orlandi04.filter.flt.knn.avg.div.log.pcl,2,sir4 null mutant strain; src: Exponentially growing cells of sir4 null mutant strain,deletion,YDR227W
Pedersen_2012_PMID_23284296,GSE22809.final.pcl,3,"top1Δ, biological rep1",deletion,YOL006C
Pedersen_2012_PMID_23284296,GSE22809.final.pcl,4,"top1Δ, biological rep2",deletion,YOL006C
Pedersen_2012_PMID_23284296,GSE22809.final.pcl,5,"top1Δ, biological rep3",deletion,YOL006C
Pedersen_2012_PMID_23284296,GSE22809.final.pcl,9,"top1Δtop2ts, biological rep1",deletion,YOL006C
Pedersen_2012_PMID_23284296,GSE22809.final.pcl,10,"top1Δtop2ts, biological rep2",deletion,YOL006C
Pedersen_2012_PMID_23284296,GSE22809.final.pcl,11,"top1Δtop2ts, biological rep3",deletion,YOL006C
Penheiter_2005_PMID_16246724,GSE3200_set1_family.pcl,2,paf1 deletion 1,deletion,YBR279W
Penheiter_2005_PMID_16246724,GSE3200_set1_family.pcl,3,paf1 deletion 2,deletion,YBR279W
Penheiter_2005_PMID_16246724,GSE3200_set1_family.pcl,4,ctr9 deletion,deletion,YOL145C
Pitkanen_2004_PMID_15520001,2010.Pitkanen04.filter.flt.knn.avg.div.log.pcl,0,"PMI40 deletion strain, 0.75 g/L initial mannose, repeat 1/3; src: Total RNA from an aerobic batch culture of a pmi40 deletion strain",deletion,YER003C
Pitkanen_2004_PMID_15520001,2010.Pitkanen04.filter.flt.knn.avg.div.log.pcl,1,"PMI40 deletion strain, 0.75 g/L initial mannose, repeat 2/3; src: Total RNA from an aerobic batch culture of a pmi40 deletion strain",deletion,YER003C
Pitkanen_2004_PMID_15520001,2010.Pitkanen04.filter.flt.knn.avg.div.log.pcl,2,"PMI40 deletion strain, 0.75 g/L initial mannose, repeat 3/3; src: Total RNA from an aerobic batch culture of a pmi40 deletion strain",deletion,YER003C
Pitkanen_2004_PMID_15520001,2010.Pitkanen04.filter.flt.knn.avg.div.log.pcl,3,"PMI40 deletion strain, 1 g/L initial mannose, repeat 1/3; src: Total RNA from an aerobic batch culture of a pmi40 deletion strain",deletion,YER003C
Pitkanen_2004_PMID_15520001,2010.Pitkanen04.filter.flt.knn.avg.div.log.pcl,4,"PMI40 deletion strain, 1 g/L initial mannose, repeat 2/3; src: Total RNA from an aerobic batch culture of a pmi40 deletion strain",deletion,YER003C
Pitkanen_2004_PMID_15520001,2010.Pitkanen04.filter.flt.knn.avg.div.log.pcl,5,"PMI40 deletion strain, 1 g/L initial mannose, repeat 3/3; src: Total RNA from an aerobic batch culture of a pmi40 deletion strain",deletion,YER003C
Pitkanen_2004_PMID_15520001,2010.Pitkanen04.filter.flt.knn.avg.div.log.pcl,6,"PMI40 deletion strain, 1.5 g/L initial mannose, repeat 1/3; src: Total RNA from an aerobic batch culture of a pmi40 deletion strain",deletion,YER003C
Pitkanen_2004_PMID_15520001,2010.Pitkanen04.filter.flt.knn.avg.div.log.pcl,7,"PMI40 deletion strain, 1.5 g/L initial mannose, repeat 2/3; src: Total RNA from an aerobic batch culture of a pmi40 deletion strain",deletion,YER003C
Pitkanen_2004_PMID_15520001,2010.Pitkanen04.filter.flt.knn.avg.div.log.pcl,8,"PMI40 deletion strain, 1.5 g/L initial mannose, repeat 3/3; src: Total RNA from an aerobic batch culture of a pmi40 deletion strain",deletion,YER003C
Pitkanen_2004_PMID_15520001,2010.Pitkanen04.filter.flt.knn.avg.div.log.pcl,9,"PMI40 deletion strain, 3 g/L initial mannose, repeat 1/3; src: Total RNA from an aerobic batch culture of a pmi40 deletion strain",deletion,YER003C
Pitkanen_2004_PMID_15520001,2010.Pitkanen04.filter.flt.knn.avg.div.log.pcl,10,"PMI40 deletion strain, 3 g/L initial mannose, repeat 2/3; src: Total RNA from an aerobic batch culture of a pmi40 deletion strain",deletion,YER003C
Pitkanen_2004_PMID_15520001,2010.Pitkanen04.filter.flt.knn.avg.div.log.pcl,11,"PMI40 deletion strain, 3 g/L initial mannose, repeat 3/3; src: Total RNA from an aerobic batch culture of a pmi40 deletion strain",deletion,YER003C
Pitkanen_2004_PMID_15520001,2010.Pitkanen04.filter.flt.knn.avg.div.log.pcl,12,"PMI40 deletion strain, 5 g/L initial mannose, repeat 1/3; src: Total RNA from an aerobic batch culture of a pmi40 deletion strain",deletion,YER003C
Pitkanen_2004_PMID_15520001,2010.Pitkanen04.filter.flt.knn.avg.div.log.pcl,13,"PMI40 deletion strain, 5 g/L initial mannose, repeat 2/3; src: Total RNA from an aerobic batch culture of a pmi40 deletion strain",deletion,YER003C
Pitkanen_2004_PMID_15520001,2010.Pitkanen04.filter.flt.knn.avg.div.log.pcl,14,"PMI40 deletion strain, 5 g/L initial mannose, repeat 3/3; src: Total RNA from an aerobic batch culture of a pmi40 deletion strain",deletion,YER003C
Radman-Livaja_2012_PMID_22807688,GSE38496.final.pcl,0,chd1D_WT (1),deletion,YER164W
Radman-Livaja_2012_PMID_22807688,GSE38496.final.pcl,1,chd1D_WT (2),deletion,YER164W
Revilleza_2022_PMID_35522675,GSE198743.final.pcl,1,"ccr4∆ mutant, log phase in YPD",deletion,YAL021C
Revilleza_2022_PMID_35522675,GSE198743.final.pcl,2,"ccr4∆ pbp1∆ mutant, log phase in YPD",deletion,YAL021C|YGR178C
Revilleza_2022_PMID_35522675,GSE198743.final.pcl,4,"ccr4∆ mutant, stationary phase in YPD",deletion,YAL021C
Revilleza_2022_PMID_35522675,GSE198743.final.pcl,5,"ccr4∆ pbp1∆ mutant, stationary phase in YPD",deletion,YAL021C|YGR178C
Rodriguez-Colman_2010_PMID_20847055,GSE20420.final.pcl,0,WT vs Δhcm1 - Exp 1,deletion,YCR065W
Rodriguez-Colman_2010_PMID_20847055,GSE20420.final.pcl,1,WT vs Δhcm1 - Exp 2,deletion,YCR065W
Rodriguez-Navarro_2004_PMID_14718168,2010.RodriguezNavarro04.filter.flt.knn.avg.div.log.pcl,3,delta sus1-1; src: Exponentially growing sus1 mutant yeast strain,deletion,YBR111W-A
Rodriguez-Navarro_2004_PMID_14718168,2010.RodriguezNavarro04.filter.flt.knn.avg.div.log.pcl,4,delta sus1-2; src: Exponentially growing sus1 mutant yeast strain,deletion,YBR111W-A
Rodriguez-Navarro_2004_PMID_14718168,2010.RodriguezNavarro04.filter.flt.knn.avg.div.log.pcl,5,delta sus1-3; src: Exponentially growing sus1 mutant yeast strain,deletion,YBR111W-A
Rossmann_2011_PMID_21474074,GSE27222_final.pcl,6,"dot1Δ strain, biological replicate 1",deletion,YDR440W
Rossmann_2011_PMID_21474074,GSE27222_final.pcl,7,"dot1Δ strain, biological replicate 2",deletion,YDR440W
Rossmann_2011_PMID_21474074,GSE27222_final.pcl,8,"dot1Δ strain, biological replicate 3",deletion,YDR440W
Rossmann_2011_PMID_21474074,GSE27222_final.pcl,9,"pol30-8 dot1Δ strain, biological replicate 1",deletion,YDR440W
Rossmann_2011_PMID_21474074,GSE27222_final.pcl,10,"pol30-8 dot1Δ strain, biological replicate 2",deletion,YDR440W
Rossmann_2011_PMID_21474074,GSE27222_final.pcl,11,"pol30-8 dot1Δ strain, biological replicate 3",deletion,YDR440W
Rudra_2005_PMID_15692568,2010.Rudra05.filter.flt.knn.avg.div.log.pcl,2,Delta FHL1 (second experiment); src: Yeast total RNA,deletion,YPR104C
Rudra_2005_PMID_15692568,2010.Rudra05.filter.flt.knn.avg.div.log.pcl,3,Delta FHL1 (first experiment); src: Yeast total RNA.,deletion,YPR104C
Sabet_2004_PMID_15456858,2010.Sabet04.filter.flt.knn.avg.div.log.pcl,3,rpd3 deletion 1; src: Strain NSY430,deletion,YNL330C
Sabet_2004_PMID_15456858,2010.Sabet04.filter.flt.knn.avg.div.log.pcl,4,Rpd3 deletion 2; src: Strain NSY430,deletion,YNL330C
Saint_2014_PMID_24550006,GSE44544.remapped.final.pcl,12,spt20D vs WT in SM_1,deletion,YOL148C
Saint_2014_PMID_24550006,GSE44544.remapped.final.pcl,13,spt20D vs WT in SM_2,deletion,YOL148C
Sameith_2015_PMID_26700642,GSE42536.mapped.pcl,0,asg1-del-1-b,deletion,YIL130W
Sameith_2015_PMID_26700642,GSE42536.mapped.pcl,1,asg1-del-2-a,deletion,YIL130W
Sameith_2015_PMID_26700642,GSE42536.mapped.pcl,2,cad1-del+yap1-del-1-a,deletion,YDR423C|YML007W
Sameith_2015_PMID_26700642,GSE42536.mapped.pcl,3,cad1-del+yap1-del-1-b,deletion,YDR423C|YML007W
Sameith_2015_PMID_26700642,GSE42536.mapped.pcl,4,cad1-del-1-b,deletion,YDR423C
Sameith_2015_PMID_26700642,GSE42536.mapped.pcl,5,cat8-del+ypr015c-del-1-a,deletion,YMR280C|YPR015C
Sameith_2015_PMID_26700642,GSE42536.mapped.pcl,6,cat8-del+ypr015c-del-1-b,deletion,YMR280C|YPR015C
Sameith_2015_PMID_26700642,GSE42536.mapped.pcl,7,cbf1-del+hac1-del-3-a,deletion,YFL031W|YJR060W
Sameith_2015_PMID_26700642,GSE42536.mapped.pcl,8,cbf1-del+hac1-del-3-b,deletion,YFL031W|YJR060W
Sameith_2015_PMID_26700642,GSE42536.mapped.pcl,9,cbf1-del+mal33-del-1-a,deletion,YBR297W|YJR060W
Sameith_2015_PMID_26700642,GSE42536.mapped.pcl,10,cbf1-del+mal33-del-1-b,deletion,YBR297W|YJR060W
Sameith_2015_PMID_26700642,GSE42536.mapped.pcl,11,cbf1-del+sut2-del-1-a,deletion,YJR060W|YPR009W
Sameith_2015_PMID_26700642,GSE42536.mapped.pcl,12,cbf1-del+sut2-del-1-b,deletion,YJR060W|YPR009W
Sameith_2015_PMID_26700642,GSE42536.mapped.pcl,13,cbf1-del+tye7-del-3-a,deletion,YJR060W|YOR344C
Sameith_2015_PMID_26700642,GSE42536.mapped.pcl,14,cbf1-del+tye7-del-3-b,deletion,YJR060W|YOR344C
Sameith_2015_PMID_26700642,GSE42536.mapped.pcl,15,cbf1-del-1-a,deletion,YJR060W
Sameith_2015_PMID_26700642,GSE42536.mapped.pcl,16,cbf1-del-1-b,deletion,YJR060W
Sameith_2015_PMID_26700642,GSE42536.mapped.pcl,17,cin5-del+yap6-del-2-a,deletion,YDR259C|YOR028C
Sameith_2015_PMID_26700642,GSE42536.mapped.pcl,18,cin5-del-2-a,deletion,YOR028C
Sameith_2015_PMID_26700642,GSE42536.mapped.pcl,19,cin5-del-2-b,deletion,YOR028C
Sameith_2015_PMID_26700642,GSE42536.mapped.pcl,20,cst6-del-3-a,deletion,YIL036W
Sameith_2015_PMID_26700642,GSE42536.mapped.pcl,21,cst6-del-3-b,deletion,YIL036W
Sameith_2015_PMID_26700642,GSE42536.mapped.pcl,22,cup2-del-1-a,deletion,YGL166W
Sameith_2015_PMID_26700642,GSE42536.mapped.pcl,23,cup9-del-1-a,deletion,YPL177C
Sameith_2015_PMID_26700642,GSE42536.mapped.pcl,24,cup9-del-1-b,deletion,YPL177C
Sameith_2015_PMID_26700642,GSE42536.mapped.pcl,25,dal80-del+gzf3-del-1-a,deletion,YJL110C|YKR034W
Sameith_2015_PMID_26700642,GSE42536.mapped.pcl,26,dal80-del+gzf3-del-1-b,deletion,YJL110C|YKR034W
Sameith_2015_PMID_26700642,GSE42536.mapped.pcl,27,dal80-del-1-b,deletion,YKR034W
Sameith_2015_PMID_26700642,GSE42536.mapped.pcl,28,dal80-del-1-d,deletion,YKR034W
Sameith_2015_PMID_26700642,GSE42536.mapped.pcl,29,dal81-del-1-c,deletion,YIR023W
Sameith_2015_PMID_26700642,GSE42536.mapped.pcl,30,dal81-del-rep-100A3-b,deletion,YIR023W
Sameith_2015_PMID_26700642,GSE42536.mapped.pcl,31,dot6-del+tod6-del-1-a,deletion,YBL054W|YER088C
Sameith_2015_PMID_26700642,GSE42536.mapped.pcl,32,dot6-del+tod6-del-1-b,deletion,YBL054W|YER088C
Sameith_2015_PMID_26700642,GSE42536.mapped.pcl,33,ecm22-del-1-b,deletion,YLR228C
Sameith_2015_PMID_26700642,GSE42536.mapped.pcl,34,ecm23-del+gat4-del-1-a,deletion,YIR013C|YPL021W
Sameith_2015_PMID_26700642,GSE42536.mapped.pcl,35,ecm23-del+gat4-del-1-b,deletion,YIR013C|YPL021W
Sameith_2015_PMID_26700642,GSE42536.mapped.pcl,36,ecm23-del-3-a,deletion,YPL021W
Sameith_2015_PMID_26700642,GSE42536.mapped.pcl,37,ecm23-del-3-b,deletion,YPL021W
Sameith_2015_PMID_26700642,GSE42536.mapped.pcl,38,fkh1-del+fkh2-del-1-a,deletion,YIL131C|YNL068C
Sameith_2015_PMID_26700642,GSE42536.mapped.pcl,39,fkh1-del+fkh2-del-1-b,deletion,YIL131C|YNL068C
Sameith_2015_PMID_26700642,GSE42536.mapped.pcl,40,fkh1-del+hcm1-del-1-a,deletion,YCR065W|YIL131C
Sameith_2015_PMID_26700642,GSE42536.mapped.pcl,41,fkh1-del+hcm1-del-1-b,deletion,YCR065W|YIL131C
Sameith_2015_PMID_26700642,GSE42536.mapped.pcl,42,fkh1-del-1-a,deletion,YIL131C
Sameith_2015_PMID_26700642,GSE42536.mapped.pcl,43,fkh1-del-1-b,deletion,YIL131C
Sameith_2015_PMID_26700642,GSE42536.mapped.pcl,44,fkh2-del-1-a,deletion,YNL068C
Sameith_2015_PMID_26700642,GSE42536.mapped.pcl,45,fkh2-del-2-b,deletion,YNL068C
Sameith_2015_PMID_26700642,GSE42536.mapped.pcl,46,gat1-del+gln3-del-1-b,deletion,YER040W|YFL021W
Sameith_2015_PMID_26700642,GSE42536.mapped.pcl,47,gat1-del+gln3-del-2-c,deletion,YER040W|YFL021W
Sameith_2015_PMID_26700642,GSE42536.mapped.pcl,48,gat1-del+gzf3-del-1-b,deletion,YFL021W|YJL110C
Sameith_2015_PMID_26700642,GSE42536.mapped.pcl,49,gat1-del+gzf3-del-2-a,deletion,YFL021W|YJL110C
Sameith_2015_PMID_26700642,GSE42536.mapped.pcl,50,gat1-del-1-a,deletion,YFL021W
Sameith_2015_PMID_26700642,GSE42536.mapped.pcl,51,gat1-del-1-b,deletion,YFL021W
Sameith_2015_PMID_26700642,GSE42536.mapped.pcl,52,gat3-del+ecm23-del-1-a,deletion,YLR013W|YPL021W
Sameith_2015_PMID_26700642,GSE42536.mapped.pcl,53,gat3-del+ecm23-del-1-b,deletion,YLR013W|YPL021W
Sameith_2015_PMID_26700642,GSE42536.mapped.pcl,54,gat3-del+gat4-del-1-a,deletion,YIR013C|YLR013W
Sameith_2015_PMID_26700642,GSE42536.mapped.pcl,55,gat3-del+gat4-del-1-b,deletion,YIR013C|YLR013W
Sameith_2015_PMID_26700642,GSE42536.mapped.pcl,56,gat3-del-1-a,deletion,YLR013W
Sameith_2015_PMID_26700642,GSE42536.mapped.pcl,57,gat3-del-1-b,deletion,YLR013W
Sameith_2015_PMID_26700642,GSE42536.mapped.pcl,58,gat4-del-1-d,deletion,YIR013C
Sameith_2015_PMID_26700642,GSE42536.mapped.pcl,59,gln3-del+gzf3-del-1-a,deletion,YER040W|YJL110C
Sameith_2015_PMID_26700642,GSE42536.mapped.pcl,60,gln3-del+gzf3-del-1-b,deletion,YER040W|YJL110C
Sameith_2015_PMID_26700642,GSE42536.mapped.pcl,61,gln3-del+mig1-del-1-a,deletion,YER040W|YGL035C
Sameith_2015_PMID_26700642,GSE42536.mapped.pcl,62,gln3-del+mig1-del-1-b,deletion,YER040W|YGL035C
Sameith_2015_PMID_26700642,GSE42536.mapped.pcl,63,gln3-del+rim101-del-1-a,deletion,YER040W|YHL027W
Sameith_2015_PMID_26700642,GSE42536.mapped.pcl,64,gln3-del+rim101-del-1-b,deletion,YER040W|YHL027W
Sameith_2015_PMID_26700642,GSE42536.mapped.pcl,65,gln3-del+rox1-del-1-a,deletion,YER040W|YPR065W
Sameith_2015_PMID_26700642,GSE42536.mapped.pcl,66,gln3-del+rox1-del-1-b,deletion,YER040W|YPR065W
Sameith_2015_PMID_26700642,GSE42536.mapped.pcl,67,gln3-del+sum1-del-2-a,deletion,YDR310C|YER040W
Sameith_2015_PMID_26700642,GSE42536.mapped.pcl,68,gln3-del+sum1-del-2-b,deletion,YDR310C|YER040W
Sameith_2015_PMID_26700642,GSE42536.mapped.pcl,69,gln3-del-1-a,deletion,YER040W
Sameith_2015_PMID_26700642,GSE42536.mapped.pcl,70,gln3-del-1-b,deletion,YER040W
Sameith_2015_PMID_26700642,GSE42536.mapped.pcl,71,gzf3-del-1-a,deletion,YJL110C
Sameith_2015_PMID_26700642,GSE42536.mapped.pcl,72,gzf3-del-1-b,deletion,YJL110C
Sameith_2015_PMID_26700642,GSE42536.mapped.pcl,73,haa1-del+cup2-del-matA-1-a,deletion,YGL166W|YPR008W
Sameith_2015_PMID_26700642,GSE42536.mapped.pcl,74,haa1-del+cup2-del-matA-1-b,deletion,YGL166W|YPR008W
Sameith_2015_PMID_26700642,GSE42536.mapped.pcl,75,haa1-del+gln3-del-1-a,deletion,YER040W|YPR008W
Sameith_2015_PMID_26700642,GSE42536.mapped.pcl,76,haa1-del+gln3-del-1-b,deletion,YER040W|YPR008W
Sameith_2015_PMID_26700642,GSE42536.mapped.pcl,77,haa1-del-1-a,deletion,YPR008W
Sameith_2015_PMID_26700642,GSE42536.mapped.pcl,78,haa1-del-1-b,deletion,YPR008W
Sameith_2015_PMID_26700642,GSE42536.mapped.pcl,79,hac1-del-1-b,deletion,YFL031W
Sameith_2015_PMID_26700642,GSE42536.mapped.pcl,80,hcm1-del-1-a,deletion,YCR065W
Sameith_2015_PMID_26700642,GSE42536.mapped.pcl,81,hcm1-del-1-b,deletion,YCR065W
Sameith_2015_PMID_26700642,GSE42536.mapped.pcl,82,hmo1-del+gat4-del-1-a,deletion,YDR174W|YIR013C
Sameith_2015_PMID_26700642,GSE42536.mapped.pcl,83,hmo1-del+gat4-del-1-b,deletion,YDR174W|YIR013C
Sameith_2015_PMID_26700642,GSE42536.mapped.pcl,84,hmo1-del+rox1-del-1-a,deletion,YDR174W|YPR065W
Sameith_2015_PMID_26700642,GSE42536.mapped.pcl,85,hmo1-del+rox1-del-1-b,deletion,YDR174W|YPR065W
Sameith_2015_PMID_26700642,GSE42536.mapped.pcl,86,hmo1-del-2-a,deletion,YDR174W
Sameith_2015_PMID_26700642,GSE42536.mapped.pcl,87,hmo1-del-2-b,deletion,YDR174W
Sameith_2015_PMID_26700642,GSE42536.mapped.pcl,88,isw2-del+gln3-del-1-a,deletion,YER040W|YOR304W
Sameith_2015_PMID_26700642,GSE42536.mapped.pcl,89,isw2-del+gln3-del-2-b,deletion,YER040W|YOR304W
Sameith_2015_PMID_26700642,GSE42536.mapped.pcl,90,lys14-del+rpn4-del-1-b,deletion,YDL020C|YDR034C
Sameith_2015_PMID_26700642,GSE42536.mapped.pcl,91,lys14-del+rpn4-del-2-c,deletion,YDL020C|YDR034C
Sameith_2015_PMID_26700642,GSE42536.mapped.pcl,92,lys14-del-1-a,deletion,YDR034C
Sameith_2015_PMID_26700642,GSE42536.mapped.pcl,93,lys14-del-1-b,deletion,YDR034C
Sameith_2015_PMID_26700642,GSE42536.mapped.pcl,94,mal13-del+cst6-del-3-a,deletion,YGR288W|YIL036W
Sameith_2015_PMID_26700642,GSE42536.mapped.pcl,95,mal13-del+cst6-del-3-b,deletion,YGR288W|YIL036W
Sameith_2015_PMID_26700642,GSE42536.mapped.pcl,96,mal13-del+mal33-del-1-a,deletion,YBR297W|YGR288W
Sameith_2015_PMID_26700642,GSE42536.mapped.pcl,97,mal13-del+mal33-del-1-b,deletion,YBR297W|YGR288W
Sameith_2015_PMID_26700642,GSE42536.mapped.pcl,98,mal13-del-1-a,deletion,YGR288W
Sameith_2015_PMID_26700642,GSE42536.mapped.pcl,99,mal13-del-1-b,deletion,YGR288W
Sameith_2015_PMID_26700642,GSE42536.mapped.pcl,100,mal33-del-2-b,deletion,YBR297W
Sameith_2015_PMID_26700642,GSE42536.mapped.pcl,101,met28-del-1-a,deletion,YIR017C
Sameith_2015_PMID_26700642,GSE42536.mapped.pcl,102,met28-del-1-b,deletion,YIR017C
Sameith_2015_PMID_26700642,GSE42536.mapped.pcl,103,met31-del+met32-del-2-g,deletion,YDR253C|YPL038W
Sameith_2015_PMID_26700642,GSE42536.mapped.pcl,104,met31-del+met32-del-2-i,deletion,YDR253C|YPL038W
Sameith_2015_PMID_26700642,GSE42536.mapped.pcl,105,met31-del-1-a,deletion,YPL038W
Sameith_2015_PMID_26700642,GSE42536.mapped.pcl,106,met31-del-2-b,deletion,YPL038W
Sameith_2015_PMID_26700642,GSE42536.mapped.pcl,107,met32-del-1-b,deletion,YDR253C
Sameith_2015_PMID_26700642,GSE42536.mapped.pcl,108,mig1-del+mig2-del-2-a,deletion,YGL035C|YGL209W
Sameith_2015_PMID_26700642,GSE42536.mapped.pcl,109,mig1-del+mig2-del-2-b,deletion,YGL035C|YGL209W
Sameith_2015_PMID_26700642,GSE42536.mapped.pcl,110,mig1-del+mig3-del-2-c,deletion,YER028C|YGL035C
Sameith_2015_PMID_26700642,GSE42536.mapped.pcl,111,mig1-del+mig3-del-2-d,deletion,YER028C|YGL035C
Sameith_2015_PMID_26700642,GSE42536.mapped.pcl,112,mig1-del+stb5-del-1-a,deletion,YGL035C|YHR178W
Sameith_2015_PMID_26700642,GSE42536.mapped.pcl,113,mig1-del+stb5-del-1-b,deletion,YGL035C|YHR178W
Sameith_2015_PMID_26700642,GSE42536.mapped.pcl,114,mig1-del+ygr067c-del-1-a,deletion,YGL035C|YGR067C
Sameith_2015_PMID_26700642,GSE42536.mapped.pcl,115,mig1-del+ygr067c-del-1-b,deletion,YGL035C|YGR067C
Sameith_2015_PMID_26700642,GSE42536.mapped.pcl,116,mig1-del-3-a,deletion,YGL035C
Sameith_2015_PMID_26700642,GSE42536.mapped.pcl,117,mig1-del-3-b,deletion,YGL035C
Sameith_2015_PMID_26700642,GSE42536.mapped.pcl,118,mig2-del-4-a,deletion,YGL209W
Sameith_2015_PMID_26700642,GSE42536.mapped.pcl,119,mig2-del-4-b,deletion,YGL209W
Sameith_2015_PMID_26700642,GSE42536.mapped.pcl,120,mig3-del+mig2-del-1-a,deletion,YER028C|YGL209W
Sameith_2015_PMID_26700642,GSE42536.mapped.pcl,121,mig3-del+mig2-del-1-b,deletion,YER028C|YGL209W
Sameith_2015_PMID_26700642,GSE42536.mapped.pcl,122,mig3-del-2-a,deletion,YER028C
Sameith_2015_PMID_26700642,GSE42536.mapped.pcl,123,mig3-del-2-b,deletion,YER028C
Sameith_2015_PMID_26700642,GSE42536.mapped.pcl,124,msn2-del+msn4-del-1-a,deletion,YKL062W|YMR037C
Sameith_2015_PMID_26700642,GSE42536.mapped.pcl,125,msn2-del+msn4-del-1-b,deletion,YKL062W|YMR037C
Sameith_2015_PMID_26700642,GSE42536.mapped.pcl,126,msn2-del+ppr1-del-1-a,deletion,YLR014C|YMR037C
Sameith_2015_PMID_26700642,GSE42536.mapped.pcl,127,msn2-del+ppr1-del-1-b,deletion,YLR014C|YMR037C
Sameith_2015_PMID_26700642,GSE42536.mapped.pcl,128,nhp6a-del+nhp6b-del-1-a,deletion,YBR089C-A|YPR052C
Sameith_2015_PMID_26700642,GSE42536.mapped.pcl,129,nhp6a-del+nhp6b-del-1-b,deletion,YBR089C-A|YPR052C
Sameith_2015_PMID_26700642,GSE42536.mapped.pcl,130,nrg1-del+nrg2-del-1-a,deletion,YBR066C|YDR043C
Sameith_2015_PMID_26700642,GSE42536.mapped.pcl,131,nrg1-del+nrg2-del-1-b,deletion,YBR066C|YDR043C
Sameith_2015_PMID_26700642,GSE42536.mapped.pcl,132,pho2-del+nhp6b-del-1-a,deletion,YBR089C-A|YDL106C
Sameith_2015_PMID_26700642,GSE42536.mapped.pcl,133,pho2-del+nhp6b-del-2-b,deletion,YBR089C-A|YDL106C
Sameith_2015_PMID_26700642,GSE42536.mapped.pcl,134,pho2-del+yox1-del-1-d,deletion,YDL106C|YML027W
Sameith_2015_PMID_26700642,GSE42536.mapped.pcl,135,pho2-del+yox1-del-2-a,deletion,YDL106C|YML027W
Sameith_2015_PMID_26700642,GSE42536.mapped.pcl,136,pho2-del-1-a,deletion,YDL106C
Sameith_2015_PMID_26700642,GSE42536.mapped.pcl,137,pho2-del-2-b,deletion,YDL106C
Sameith_2015_PMID_26700642,GSE42536.mapped.pcl,138,ppr1-del-1-a,deletion,YLR014C
Sameith_2015_PMID_26700642,GSE42536.mapped.pcl,139,ppr1-del-1-b,deletion,YLR014C
Sameith_2015_PMID_26700642,GSE42536.mapped.pcl,140,rgm1-del+usv1-del-2-a,deletion,YMR182C|YPL230W
Sameith_2015_PMID_26700642,GSE42536.mapped.pcl,141,rgm1-del+usv1-del-2-b,deletion,YMR182C|YPL230W
Sameith_2015_PMID_26700642,GSE42536.mapped.pcl,142,rgm1-del-1-a,deletion,YMR182C
Sameith_2015_PMID_26700642,GSE42536.mapped.pcl,143,rim101-del-2-a,deletion,YHL027W
Sameith_2015_PMID_26700642,GSE42536.mapped.pcl,144,rim101-del-2-b,deletion,YHL027W
Sameith_2015_PMID_26700642,GSE42536.mapped.pcl,145,rlm1-del+smp1-del-1-a,deletion,YBR182C|YPL089C
Sameith_2015_PMID_26700642,GSE42536.mapped.pcl,146,rlm1-del+smp1-del-1-b,deletion,YBR182C|YPL089C
Sameith_2015_PMID_26700642,GSE42536.mapped.pcl,147,rlm1-del-1-a,deletion,YPL089C
Sameith_2015_PMID_26700642,GSE42536.mapped.pcl,148,rlm1-del-2-b,deletion,YPL089C
Sameith_2015_PMID_26700642,GSE42536.mapped.pcl,149,rox1-del-1-a,deletion,YPR065W
Sameith_2015_PMID_26700642,GSE42536.mapped.pcl,150,rox1-del-1-b,deletion,YPR065W
Sameith_2015_PMID_26700642,GSE42536.mapped.pcl,151,rph1-del+gis1-del-1-a,deletion,YDR096W|YER169W
Sameith_2015_PMID_26700642,GSE42536.mapped.pcl,152,rph1-del+gis1-del-1-b,deletion,YDR096W|YER169W
Sameith_2015_PMID_26700642,GSE42536.mapped.pcl,153,rpi1-del+zap1-del-1-a,deletion,YIL119C|YJL056C
Sameith_2015_PMID_26700642,GSE42536.mapped.pcl,154,rpi1-del+zap1-del-1-b,deletion,YIL119C|YJL056C
Sameith_2015_PMID_26700642,GSE42536.mapped.pcl,155,rpi1-del-2-a,deletion,YIL119C
Sameith_2015_PMID_26700642,GSE42536.mapped.pcl,156,rpi1-del-2-b,deletion,YIL119C
Sameith_2015_PMID_26700642,GSE42536.mapped.pcl,157,rpn4-del+asg1-del-1-a,deletion,YDL020C|YIL130W
Sameith_2015_PMID_26700642,GSE42536.mapped.pcl,158,rpn4-del+asg1-del-1-b,deletion,YDL020C|YIL130W
Sameith_2015_PMID_26700642,GSE42536.mapped.pcl,159,rpn4-del+cup9-del-2-a,deletion,YDL020C|YPL177C
Sameith_2015_PMID_26700642,GSE42536.mapped.pcl,160,rpn4-del+cup9-del-2-b,deletion,YDL020C|YPL177C
Sameith_2015_PMID_26700642,GSE42536.mapped.pcl,161,rpn4-del+hac1-del-1-a,deletion,YDL020C|YFL031W
Sameith_2015_PMID_26700642,GSE42536.mapped.pcl,162,rpn4-del+hac1-del-1-b,deletion,YDL020C|YFL031W
Sameith_2015_PMID_26700642,GSE42536.mapped.pcl,163,rpn4-del+isw2-del-1-a,deletion,YDL020C|YOR304W
Sameith_2015_PMID_26700642,GSE42536.mapped.pcl,164,rpn4-del+isw2-del-1-b,deletion,YDL020C|YOR304W
Sameith_2015_PMID_26700642,GSE42536.mapped.pcl,165,rpn4-del+mig1-del-1-a,deletion,YDL020C|YGL035C
Sameith_2015_PMID_26700642,GSE42536.mapped.pcl,166,rpn4-del+mig1-del-1-b,deletion,YDL020C|YGL035C
Sameith_2015_PMID_26700642,GSE42536.mapped.pcl,167,rpn4-del+snt1-del-1-a,deletion,YCR033W|YDL020C
Sameith_2015_PMID_26700642,GSE42536.mapped.pcl,168,rpn4-del+snt1-del-1-b,deletion,YCR033W|YDL020C
Sameith_2015_PMID_26700642,GSE42536.mapped.pcl,169,rpn4-del+ydr026c-del-1-a,deletion,YDL020C|YDR026C
Sameith_2015_PMID_26700642,GSE42536.mapped.pcl,170,rpn4-del+ydr026c-del-1-b,deletion,YDL020C|YDR026C
Sameith_2015_PMID_26700642,GSE42536.mapped.pcl,171,rpn4-del+ydr266c-del-1-a,deletion,YDL020C|YDR266C
Sameith_2015_PMID_26700642,GSE42536.mapped.pcl,172,rpn4-del+ydr266c-del-1-d,deletion,YDL020C|YDR266C
Sameith_2015_PMID_26700642,GSE42536.mapped.pcl,173,rpn4-del-3-b,deletion,YDL020C
Sameith_2015_PMID_26700642,GSE42536.mapped.pcl,174,rpn4-del-4-a,deletion,YDL020C
Sameith_2015_PMID_26700642,GSE42536.mapped.pcl,175,rsf2-del-1-a,deletion,YJR127C
Sameith_2015_PMID_26700642,GSE42536.mapped.pcl,176,rsf2-del-1-b,deletion,YJR127C
Sameith_2015_PMID_26700642,GSE42536.mapped.pcl,177,sip4-del+ecm22-del-2-a,deletion,YJL089W|YLR228C
Sameith_2015_PMID_26700642,GSE42536.mapped.pcl,178,sip4-del+ecm22-del-2-b,deletion,YJL089W|YLR228C
Sameith_2015_PMID_26700642,GSE42536.mapped.pcl,179,smp1-del-1-a,deletion,YBR182C
Sameith_2015_PMID_26700642,GSE42536.mapped.pcl,180,snt1-del+hac1-del-matA-1-a,deletion,YCR033W|YFL031W
Sameith_2015_PMID_26700642,GSE42536.mapped.pcl,181,snt1-del+hac1-del-matA-1-b,deletion,YCR033W|YFL031W
Sameith_2015_PMID_26700642,GSE42536.mapped.pcl,182,snt1-del+spt2-del-matA-1-a,deletion,YCR033W|YER161C
Sameith_2015_PMID_26700642,GSE42536.mapped.pcl,183,snt1-del+spt2-del-matA-1-b,deletion,YCR033W|YER161C
Sameith_2015_PMID_26700642,GSE42536.mapped.pcl,184,spt2-del-3-a,deletion,YER161C
Sameith_2015_PMID_26700642,GSE42536.mapped.pcl,185,spt2-del-3-b,deletion,YER161C
Sameith_2015_PMID_26700642,GSE42536.mapped.pcl,186,stb4-del-1-a,deletion,YMR019W
Sameith_2015_PMID_26700642,GSE42536.mapped.pcl,187,stb4-del-1-b,deletion,YMR019W
Sameith_2015_PMID_26700642,GSE42536.mapped.pcl,188,stb5-del+gzf3-del-2-a,deletion,YHR178W|YJL110C
Sameith_2015_PMID_26700642,GSE42536.mapped.pcl,189,stb5-del+gzf3-del-2-b,deletion,YHR178W|YJL110C
Sameith_2015_PMID_26700642,GSE42536.mapped.pcl,190,stb5-del+isw2-del-2-a,deletion,YHR178W|YOR304W
Sameith_2015_PMID_26700642,GSE42536.mapped.pcl,191,stb5-del+isw2-del-2-b,deletion,YHR178W|YOR304W
Sameith_2015_PMID_26700642,GSE42536.mapped.pcl,192,stb5-del-1-a,deletion,YHR178W
Sameith_2015_PMID_26700642,GSE42536.mapped.pcl,193,stb5-del-1-b,deletion,YHR178W
Sameith_2015_PMID_26700642,GSE42536.mapped.pcl,194,stp3-del+stp4-del-1-a,deletion,YDL048C|YLR375W
Sameith_2015_PMID_26700642,GSE42536.mapped.pcl,195,stp3-del+stp4-del-1-b,deletion,YDL048C|YLR375W
Sameith_2015_PMID_26700642,GSE42536.mapped.pcl,196,stp3-del-1-a,deletion,YLR375W
Sameith_2015_PMID_26700642,GSE42536.mapped.pcl,197,stp3-del-1-b,deletion,YLR375W
Sameith_2015_PMID_26700642,GSE42536.mapped.pcl,198,stp4-del-1-a,deletion,YDL048C
Sameith_2015_PMID_26700642,GSE42536.mapped.pcl,199,sut2-del-2-a,deletion,YPR009W
Sameith_2015_PMID_26700642,GSE42536.mapped.pcl,200,sut2-del-2-b,deletion,YPR009W
Sameith_2015_PMID_26700642,GSE42536.mapped.pcl,201,tos8-del+cup9-del-1-a,deletion,YGL096W|YPL177C
Sameith_2015_PMID_26700642,GSE42536.mapped.pcl,202,tos8-del+cup9-del-1-b,deletion,YGL096W|YPL177C
Sameith_2015_PMID_26700642,GSE42536.mapped.pcl,203,tos8-del-1-b,deletion,YGL096W
Sameith_2015_PMID_26700642,GSE42536.mapped.pcl,204,tye7-del-1-a,deletion,YOR344C
Sameith_2015_PMID_26700642,GSE42536.mapped.pcl,205,tye7-del-1-b,deletion,YOR344C
Sameith_2015_PMID_26700642,GSE42536.mapped.pcl,206,uga3-del+dal81-del-1-a,deletion,YDL170W|YIR023W
Sameith_2015_PMID_26700642,GSE42536.mapped.pcl,207,uga3-del+dal81-del-1-b,deletion,YDL170W|YIR023W
Sameith_2015_PMID_26700642,GSE42536.mapped.pcl,208,uga3-del-1-a,deletion,YDL170W
Sameith_2015_PMID_26700642,GSE42536.mapped.pcl,209,upc2-del+ecm22-del-1-a,deletion,YDR213W|YLR228C
Sameith_2015_PMID_26700642,GSE42536.mapped.pcl,210,upc2-del+ecm22-del-1-e,deletion,YDR213W|YLR228C
Sameith_2015_PMID_26700642,GSE42536.mapped.pcl,211,upc2-del-3-a,deletion,YDR213W
Sameith_2015_PMID_26700642,GSE42536.mapped.pcl,212,upc2-del-3-b,deletion,YDR213W
Sameith_2015_PMID_26700642,GSE42536.mapped.pcl,213,usv1-del-1-b,deletion,YPL230W
Sameith_2015_PMID_26700642,GSE42536.mapped.pcl,214,yap1-del+msn2-del-1-a,deletion,YML007W|YMR037C
Sameith_2015_PMID_26700642,GSE42536.mapped.pcl,215,yap1-del+msn2-del-1-b,deletion,YML007W|YMR037C
Sameith_2015_PMID_26700642,GSE42536.mapped.pcl,216,yap1-del+stb4-del-2-a,deletion,YML007W|YMR019W
Sameith_2015_PMID_26700642,GSE42536.mapped.pcl,217,yap1-del+stb4-del-2-b,deletion,YML007W|YMR019W
Sameith_2015_PMID_26700642,GSE42536.mapped.pcl,218,yap1-del-2-a,deletion,YML007W
Sameith_2015_PMID_26700642,GSE42536.mapped.pcl,219,yap1-del-2-b,deletion,YML007W
Sameith_2015_PMID_26700642,GSE42536.mapped.pcl,220,yap6-del-1-a,deletion,YDR259C
Sameith_2015_PMID_26700642,GSE42536.mapped.pcl,221,yap6-del-1-d,deletion,YDR259C
Sameith_2015_PMID_26700642,GSE42536.mapped.pcl,222,ydr026c-del-1-a,deletion,YDR026C
Sameith_2015_PMID_26700642,GSE42536.mapped.pcl,223,ydr266c-del-2-a,deletion,YDR266C
Sameith_2015_PMID_26700642,GSE42536.mapped.pcl,224,ydr266c-del-2-b,deletion,YDR266C
Sameith_2015_PMID_26700642,GSE42536.mapped.pcl,225,yer184c-del+sip4-del-matA-3-a,deletion,YER184C|YJL089W
Sameith_2015_PMID_26700642,GSE42536.mapped.pcl,226,yer184c-del+sip4-del-matA-3-b,deletion,YER184C|YJL089W
Sameith_2015_PMID_26700642,GSE42536.mapped.pcl,227,yer184c-del-1-b,deletion,YER184C
Sameith_2015_PMID_26700642,GSE42536.mapped.pcl,228,yfl052w-del+ypr196w-del-1-a,deletion,YFL052W|YPR196W
Sameith_2015_PMID_26700642,GSE42536.mapped.pcl,229,yfl052w-del+ypr196w-del-1-b,deletion,YFL052W|YPR196W
Sameith_2015_PMID_26700642,GSE42536.mapped.pcl,230,yfl052w-del-1-a,deletion,YFL052W
Sameith_2015_PMID_26700642,GSE42536.mapped.pcl,231,yfl052w-del-1-b,deletion,YFL052W
Sameith_2015_PMID_26700642,GSE42536.mapped.pcl,232,ygr067c-del+mig2-del-1-a,deletion,YGL209W|YGR067C
Sameith_2015_PMID_26700642,GSE42536.mapped.pcl,233,ygr067c-del+mig2-del-1-b,deletion,YGL209W|YGR067C
Sameith_2015_PMID_26700642,GSE42536.mapped.pcl,234,ygr067c-del+yml081w-del-1-a,deletion,YGR067C|YML081W
Sameith_2015_PMID_26700642,GSE42536.mapped.pcl,235,ygr067c-del+yml081w-del-1-d,deletion,YGR067C|YML081W
Sameith_2015_PMID_26700642,GSE42536.mapped.pcl,236,ygr067c-del-1-a,deletion,YGR067C
Sameith_2015_PMID_26700642,GSE42536.mapped.pcl,237,yhp1-del-1-b,deletion,YDR451C
Sameith_2015_PMID_26700642,GSE42536.mapped.pcl,238,yml081w-del+rsf2-del-1-c,deletion,YJR127C|YML081W
Sameith_2015_PMID_26700642,GSE42536.mapped.pcl,239,yml081w-del+rsf2-del-1-d,deletion,YJR127C|YML081W
Sameith_2015_PMID_26700642,GSE42536.mapped.pcl,240,yml081w-del-1-a,deletion,YML081W
Sameith_2015_PMID_26700642,GSE42536.mapped.pcl,241,yml081w-del-2-b,deletion,YML081W
Sameith_2015_PMID_26700642,GSE42536.mapped.pcl,242,yox1-del+yhp1-del-1-a,deletion,YDR451C|YML027W
Sameith_2015_PMID_26700642,GSE42536.mapped.pcl,243,yox1-del+yhp1-del-1-b,deletion,YDR451C|YML027W
Sameith_2015_PMID_26700642,GSE42536.mapped.pcl,244,yox1-del-1-a,deletion,YML027W
Sameith_2015_PMID_26700642,GSE42536.mapped.pcl,245,yox1-del-1-b,deletion,YML027W
Sameith_2015_PMID_26700642,GSE42536.mapped.pcl,246,ypr015c-del-1-a,deletion,YPR015C
Sameith_2015_PMID_26700642,GSE42536.mapped.pcl,247,ypr196w-del-1-a,deletion,YPR196W
Sameith_2015_PMID_26700642,GSE42536.mapped.pcl,248,ypr196w-del-1-b,deletion,YPR196W
Sameith_2015_PMID_26700642,GSE42536.mapped.pcl,249,yrm1-del+yrr1-del-1-a,deletion,YOR162C|YOR172W
Sameith_2015_PMID_26700642,GSE42536.mapped.pcl,250,yrm1-del+yrr1-del-1-b,deletion,YOR162C|YOR172W
Sameith_2015_PMID_26700642,GSE42536.mapped.pcl,251,yrm1-del-1-a,deletion,YOR172W
Sameith_2015_PMID_26700642,GSE42536.mapped.pcl,252,yrm1-del-1-b,deletion,YOR172W
Sameith_2015_PMID_26700642,GSE42536.mapped.pcl,253,yrr1-del+met28-del-2-a,deletion,YIR017C|YOR162C
Sameith_2015_PMID_26700642,GSE42536.mapped.pcl,254,yrr1-del+met28-del-2-b,deletion,YIR017C|YOR162C
Sameith_2015_PMID_26700642,GSE42536.mapped.pcl,255,yrr1-del-1-b,deletion,YOR162C
Sameith_2015_PMID_26700642,GSE42536.mapped.pcl,256,yrr1-del-1-d,deletion,YOR162C
Sameith_2015_PMID_26700642,GSE42536.mapped.pcl,257,zap1-del-3-a,deletion,YJL056C
Sameith_2015_PMID_26700642,GSE42536.mapped.pcl,258,zap1-del-3-b,deletion,YJL056C
Sameith_2015_PMID_26700642,GSE42536.mapped.pcl,259,dot6-del-1-a,deletion,YER088C
Sameith_2015_PMID_26700642,GSE42536.mapped.pcl,260,dot6-del-1-b,deletion,YER088C
Sameith_2015_PMID_26700642,GSE42536.mapped.pcl,261,isw2-del-1-b,deletion,YOR304W
Sameith_2015_PMID_26700642,GSE42536.mapped.pcl,262,isw2-del-1-c,deletion,YOR304W
Sameith_2015_PMID_26700642,GSE42536.mapped.pcl,263,nhp6a-del-1-b,deletion,YPR052C
Sameith_2015_PMID_26700642,GSE42536.mapped.pcl,264,nhp6b-del-3-a,deletion,YBR089C-A
Sameith_2015_PMID_26700642,GSE42536.mapped.pcl,265,nhp6b-del-3-b,deletion,YBR089C-A
Sameith_2015_PMID_26700642,GSE42536.mapped.pcl,266,rph1-del-2-a,deletion,YER169W
Sameith_2015_PMID_26700642,GSE42536.mapped.pcl,267,rph1-del-2-b,deletion,YER169W
Sameith_2015_PMID_26700642,GSE42536.mapped.pcl,268,snt1-del-1-a,deletion,YCR033W
Sameith_2015_PMID_26700642,GSE42536.mapped.pcl,269,snt1-del-1-b,deletion,YCR033W
Sameith_2015_PMID_26700642,GSE42536.mapped.pcl,270,sum1-del-1-a,deletion,YDR310C
Sameith_2015_PMID_26700642,GSE42536.mapped.pcl,271,sum1-del-1-b,deletion,YDR310C
Sameith_2015_PMID_26700642,GSE42536.mapped.pcl,272,tod6-del-1-a,deletion,YBL054W
Sameith_2015_PMID_26700642,GSE42536.mapped.pcl,273,tod6-del-1-b,deletion,YBL054W
Sameith_2015_PMID_26700642,GSE42536.mapped.pcl,274,cat8-del-1-b,deletion,YMR280C
Sameith_2015_PMID_26700642,GSE42536.mapped.pcl,275,gis1-del-1-a,deletion,YDR096W
Sameith_2015_PMID_26700642,GSE42536.mapped.pcl,276,gis1-del-1-b,deletion,YDR096W
Sameith_2015_PMID_26700642,GSE42536.mapped.pcl,277,msn2-del-2-a,deletion,YMR037C
Sameith_2015_PMID_26700642,GSE42536.mapped.pcl,278,msn2-del-2-b,deletion,YMR037C
Sameith_2015_PMID_26700642,GSE42536.mapped.pcl,279,msn4-del-1-a,deletion,YKL062W
Sameith_2015_PMID_26700642,GSE42536.mapped.pcl,280,msn4-del-1-b,deletion,YKL062W
Sameith_2015_PMID_26700642,GSE42536.mapped.pcl,281,nrg1-del-2-a,deletion,YDR043C
Sameith_2015_PMID_26700642,GSE42536.mapped.pcl,282,nrg1-del-2-b,deletion,YDR043C
Sameith_2015_PMID_26700642,GSE42536.mapped.pcl,283,nrg2-del-1-a,deletion,YBR066C
Sameith_2015_PMID_26700642,GSE42536.mapped.pcl,284,nrg2-del-1-b,deletion,YBR066C
Sameith_2015_PMID_26700642,GSE42536.mapped.pcl,285,sip4-del-1-a,deletion,YJL089W
Sameith_2015_PMID_26700642,GSE42536.mapped.pcl,286,sip4-del-1-b,deletion,YJL089W
Santos-Pereira_2013_PMID_24240235,GSE50186.remapped.final.pcl,3,"npl3∆, biological rep. 1",deletion,YDR432W
Santos-Pereira_2013_PMID_24240235,GSE50186.remapped.final.pcl,4,"npl3∆, biological rep. 2",deletion,YDR432W
Santos-Pereira_2013_PMID_24240235,GSE50186.remapped.final.pcl,5,"npl3∆, biological rep. 3",deletion,YDR432W
Santos-Pereira_2014_PMID_25294824,GSE56702.final.pcl,6,"sac3∆, biological rep. 1",deletion,YDR159W
Santos-Pereira_2014_PMID_25294824,GSE56702.final.pcl,7,"sac3∆, biological rep. 2",deletion,YDR159W
Santos-Pereira_2014_PMID_25294824,GSE56702.final.pcl,8,"sac3∆, biological rep. 3",deletion,YDR159W
Santos-Pereira_2014_PMID_25294824,GSE56702.final.pcl,9,"sus1∆, biological rep. 1",deletion,YBR111W-A
Santos-Pereira_2014_PMID_25294824,GSE56702.final.pcl,10,"sus1∆, biological rep. 2",deletion,YBR111W-A
Santos-Pereira_2014_PMID_25294824,GSE56702.final.pcl,11,"sus1∆, biological rep. 3",deletion,YBR111W-A
Santos-Pereira_2014_PMID_25294824,GSE56702.final.pcl,12,"thp1∆, biological rep. 1",deletion,YOL072W
Santos-Pereira_2014_PMID_25294824,GSE56702.final.pcl,13,"thp1∆, biological rep. 2",deletion,YOL072W
Santos-Pereira_2014_PMID_25294824,GSE56702.final.pcl,14,"thp1∆, biological rep. 3",deletion,YOL072W
Sapra_2004_PMID_15452114,2010.Sapra04.flt.knn.avg.pcl,6,"prp17 null cells, time 0 hours; src: prp17 null, 0 hours CH1 Cy5<->yeast genomic DNA CH2 Cy3",deletion,YDR364C
Sapra_2004_PMID_15452114,2010.Sapra04.flt.knn.avg.pcl,7,"prp17 null cells, time 5min; src: prp17 null, 5min CH1 Cy5<->yeast genomic DNA CH2 Cy3",deletion,YDR364C
Sapra_2004_PMID_15452114,2010.Sapra04.flt.knn.avg.pcl,8,"prp17 null cells, time 15min; src: prp17 null, 15min CH1 Cy5<->yeast genomic DNA CH2 Cy3",deletion,YDR364C
Sapra_2004_PMID_15452114,2010.Sapra04.flt.knn.avg.pcl,9,"prp17 null cells, time 30min; src: prp17 null, 30min CH1 Cy5<->yeast genomic DNA CH2 Cy3",deletion,YDR364C
Sapra_2004_PMID_15452114,2010.Sapra04.flt.knn.avg.pcl,10,"prp17 null cells, time 60min; src: prp17 null, 60min CH1 Cy5<->yeast genomic DNA CH2 Cy3",deletion,YDR364C
Sapra_2004_PMID_15452114,2010.Sapra04.flt.knn.avg.pcl,11,"prp17 null cells, time 120min; src: prp17 null, 120min CH1 Cy5<->yeast genomic DNA CH2 Cy3",deletion,YDR364C
Sariki_2016_PMID_27718307,GSE75447.mapped.pcl,2,Sen1ΔN_rep1,deletion,YLR430W
Sariki_2016_PMID_27718307,GSE75447.mapped.pcl,3,Sen1ΔN_rep2,deletion,YLR430W
Sen_2011_PMID_21835776,GSE30675.final.pcl,3,Snf2-null,deletion,YOR290C
Shivaswamy_2008_PMID_18212068,GSE7665_set0_family.pcl,13,Time course expression snf2 deletion T0 vs control set1,deletion,YOR290C
Shivaswamy_2008_PMID_18212068,GSE7665_set0_family.pcl,14,Time course expression snf2 deletion T0 vs control set2,deletion,YOR290C
Shivaswamy_2008_PMID_18212068,GSE7665_set0_family.pcl,15,Time course expression snf2 deletion T30 vs control,deletion,YOR290C
Shivaswamy_2008_PMID_18212068,GSE7665_set0_family.pcl,16,Time course expression snf2 deletion T60 vs control,deletion,YOR290C
Shivaswamy_2008_PMID_18212068,GSE7665_set0_family.pcl,17,Time course expression snf2 deletion T300 vs control,deletion,YOR290C
Shivaswamy_2008_PMID_18212068,GSE7665_set0_family.pcl,18,Time course expression snf2 deletion T900 vs control,deletion,YOR290C
Smith_2007_PMID_17551510,GSE5862_set0_family.pcl,0,delta ADR1 vs WT 02659R 1,deletion,YDR216W
Smith_2007_PMID_17551510,GSE5862_set0_family.pcl,1,delta PIP2  vs WT 02658R 1,deletion,YOR363C
Smith_2007_PMID_17551510,GSE5862_set0_family.pcl,5,delta OAF1  vs WT 03316R 1,deletion,YAL051W
Smith_2007_PMID_17551510,GSE5862_set0_family.pcl,11,delta ADR1 vs WT 03586R 1,deletion,YDR216W
Smith_2007_PMID_17551510,GSE5862_set0_family.pcl,13,delta PIP2 vs WT 04148R 1,deletion,YOR363C
Smith_2007_PMID_17551510,GSE5862_set0_family.pcl,17,delta OAF1  vs WT 05698R 1,deletion,YAL051W
Tamaki_2005_PMID_15743410,GSE970.final.pcl,0,Expression profile of gpa2 deletion mutant (1),deletion,YER020W
Tamaki_2005_PMID_15743410,GSE970.final.pcl,1,Expression profile of gpa2 deletion mutant (2),deletion,YER020W
Tamaki_2005_PMID_15743410,GSE970.final.pcl,2,Expression profile of gpr1 deletion mutant (1),deletion,YDL035C
Tamaki_2005_PMID_15743410,GSE970.final.pcl,3,Expression profile of gpr1 deletion mutant (2),deletion,YDL035C
Thibault_2011_PMID_22143797,GSE33844_final.pcl,6,Δalg5_rep1,deletion,YPL227C
Thibault_2011_PMID_22143797,GSE33844_final.pcl,7,Δalg5_rep2,deletion,YPL227C
Thibault_2011_PMID_22143797,GSE33844_final.pcl,8,Δalg5_rep3,deletion,YPL227C
Thibault_2011_PMID_22143797,GSE33844_final.pcl,9,Δlhs1_rep1,deletion,YKL073W
Thibault_2011_PMID_22143797,GSE33844_final.pcl,10,Δlhs1_rep2,deletion,YKL073W
Thibault_2011_PMID_22143797,GSE33844_final.pcl,11,Δlhs1_rep3,deletion,YKL073W
Thibault_2011_PMID_22143797,GSE33844_final.pcl,12,Δscj1_rep1,deletion,YMR214W
Thibault_2011_PMID_22143797,GSE33844_final.pcl,13,Δscj1_rep2,deletion,YMR214W
Thibault_2011_PMID_22143797,GSE33844_final.pcl,14,Δscj1_rep3,deletion,YMR214W
Thibault_2012_PMID_23000174,GSE39419_final.pcl,3,Δpah1_rep1,deletion,YMR165C
Thibault_2012_PMID_23000174,GSE39419_final.pcl,4,Δpah1_rep2,deletion,YMR165C
Thibault_2012_PMID_23000174,GSE39419_final.pcl,5,Δpah1_rep3,deletion,YMR165C
Thibault_2012_PMID_23000174,GSE39419_final.pcl,6,Δcho2_rep1,deletion,YGR157W
Thibault_2012_PMID_23000174,GSE39419_final.pcl,7,Δcho2_rep2,deletion,YGR157W
Thibault_2012_PMID_23000174,GSE39419_final.pcl,8,Δcho2_rep3,deletion,YGR157W
Thibault_2012_PMID_23000174,GSE39419_final.pcl,9,Δopi3_rep1,deletion,YJR073C
Thibault_2012_PMID_23000174,GSE39419_final.pcl,10,Δopi3_rep2,deletion,YJR073C
Thibault_2012_PMID_23000174,GSE39419_final.pcl,11,Δopi3_rep3,deletion,YJR073C
Travers_2000_PMID_10847680,2010.unfolded_protein_response.pcl,9,opi1,gene_named,YHL020C
Uluisik_2011_PMID_22114689,GSE29887.final.pcl,1,Gcn4Δ mutant cells,deletion,YEL009C
Uluisik_2011_PMID_22114689,GSE29887.final.pcl,2,Yap1Δ mutant cells,deletion,YML007W
Van_de_Vosse_2013_PMID_23452847,GSE36793.final.pcl,0,nup157∆ gene expression analysis,deletion,YER105C
Van_de_Vosse_2013_PMID_23452847,GSE36793.final.pcl,1,nup170∆ gene expression analysis,deletion,YBL079W
Van_de_Vosse_2013_PMID_23452847,GSE36793.final.pcl,2,nup188∆ gene expression analysis,deletion,YML103C
Verzijlbergen_2011_PMID_21998594,GSE30168_final.pcl,0,hat1-del+hat2-del+hif1-del-1-a,deletion,YEL056W|YLL022C|YPL001W
Verzijlbergen_2011_PMID_21998594,GSE30168_final.pcl,1,hat1-del+hat2-del+hif1-del-1-b,deletion,YEL056W|YLL022C|YPL001W
Verzijlbergen_2011_PMID_21998594,GSE30168_final.pcl,2,hat1-del+hat2-del-1-a,deletion,YEL056W|YPL001W
Verzijlbergen_2011_PMID_21998594,GSE30168_final.pcl,3,hat1-del+hat2-del-1-b,deletion,YEL056W|YPL001W
Verzijlbergen_2011_PMID_21998594,GSE30168_final.pcl,4,hat1-del+hif1-del-1-a,deletion,YLL022C|YPL001W
Verzijlbergen_2011_PMID_21998594,GSE30168_final.pcl,5,hat1-del+hif1-del-1-b,deletion,YLL022C|YPL001W
Verzijlbergen_2011_PMID_21998594,GSE30168_final.pcl,6,hat1-del+hif1-del-starved-1-a,deletion,YLL022C|YPL001W
Verzijlbergen_2011_PMID_21998594,GSE30168_final.pcl,7,hat1-del+hif1-del-starved-1-b,deletion,YLL022C|YPL001W
Verzijlbergen_2011_PMID_21998594,GSE30168_final.pcl,8,hat1-del-2-a,deletion,YPL001W
Verzijlbergen_2011_PMID_21998594,GSE30168_final.pcl,9,hat1-del-2-b,deletion,YPL001W
Verzijlbergen_2011_PMID_21998594,GSE30168_final.pcl,10,hat1-del-starved-1-a,deletion,YPL001W
Verzijlbergen_2011_PMID_21998594,GSE30168_final.pcl,11,hat1-del-starved-1-b,deletion,YPL001W
Verzijlbergen_2011_PMID_21998594,GSE30168_final.pcl,12,hat2-del+hif1-del-1-a,deletion,YEL056W|YLL022C
Verzijlbergen_2011_PMID_21998594,GSE30168_final.pcl,13,hat2-del+hif1-del-1-b,deletion,YEL056W|YLL022C
Verzijlbergen_2011_PMID_21998594,GSE30168_final.pcl,14,hat2-del+hif1-del-starved-1-a,deletion,YEL056W|YLL022C
Verzijlbergen_2011_PMID_21998594,GSE30168_final.pcl,15,hat2-del+hif1-del-starved-1-b,deletion,YEL056W|YLL022C
Verzijlbergen_2011_PMID_21998594,GSE30168_final.pcl,16,hat2-del-2-a,deletion,YEL056W
Verzijlbergen_2011_PMID_21998594,GSE30168_final.pcl,17,hat2-del-2-b,deletion,YEL056W
Verzijlbergen_2011_PMID_21998594,GSE30168_final.pcl,18,hat2-del-starved-1-a,deletion,YEL056W
Verzijlbergen_2011_PMID_21998594,GSE30168_final.pcl,19,hat2-del-starved-1-b,deletion,YEL056W
Verzijlbergen_2011_PMID_21998594,GSE30168_final.pcl,24,hif1-del-2-a,deletion,YLL022C
Verzijlbergen_2011_PMID_21998594,GSE30168_final.pcl,25,hif1-del-2-b,deletion,YLL022C
Verzijlbergen_2011_PMID_21998594,GSE30168_final.pcl,26,hif1-del-starved-1-a,deletion,YLL022C
Verzijlbergen_2011_PMID_21998594,GSE30168_final.pcl,27,hif1-del-starved-1-b,deletion,YLL022C
Wan_2011_PMID_21763693,GSE30228.final.pcl,1,asf1-del,deletion,YJL115W
Wan_2011_PMID_21763693,GSE30228.final.pcl,2,asf1-del-TSA,deletion,YJL115W
Wan_2011_PMID_21763693,GSE30228.final.pcl,3,chz1-del-glucose,deletion,YER030W
Wan_2011_PMID_21763693,GSE30228.final.pcl,4,chz1-del-TSA,deletion,YER030W
Wan_2011_PMID_21763693,GSE30228.final.pcl,5,nap1-del,deletion,YKR048C
Wan_2011_PMID_21763693,GSE30228.final.pcl,6,nap1-del-TSA,deletion,YKR048C
Wan_2011_PMID_21763693,GSE30228.final.pcl,7,rtt106-del,deletion,YNL206C
Wan_2011_PMID_21763693,GSE30228.final.pcl,8,rtt106-del-TSA,deletion,YNL206C
Wan_2011_PMID_21763693,GSE30228.final.pcl,9,vps75-del,deletion,YNL246W
Wan_2011_PMID_21763693,GSE30228.final.pcl,10,vps75-del-TSA,deletion,YNL246W
Zheng_2010_PMID_20237471,GSE19634.final.pcl,4,SEG1,gene_named,YMR086W
Zheng_2010_PMID_20237471,GSE19634.final.pcl,5,SEG2,gene_named,YKL105C
Zhou_2011_PMID_21700227,GSE23580_final.pcl,52,cbf1Δ vs wild type in high Pi conditions replicate 1,deletion,YJR060W
Zhou_2011_PMID_21700227,GSE23580_final.pcl,53,cbf1Δ vs wild type in high Pi conditions replicate 2,deletion,YJR060W
Zhou_2011_PMID_21700227,GSE23580_final.pcl,54,cbf1Δ vs wild type in high Pi conditions replicate 3,deletion,YJR060W
Zhou_2011_PMID_21700227,GSE23580_final.pcl,55,cbf1Δ vs wild type in high Pi conditions replicate 4,deletion,YJR060W
Zhou_2011_PMID_21700227,GSE23580_final.pcl,56,cbf1Δpho4Δ vs wild type in high Pi conditions replicate 1,deletion,YFR034C|YJR060W
Zhou_2011_PMID_21700227,GSE23580_final.pcl,57,cbf1Δpho4Δ vs wild type in high Pi conditions replicate 2,deletion,YFR034C|YJR060W
Zhou_2011_PMID_21700227,GSE23580_final.pcl,58,cbf1Δpho4Δ vs wild type in high Pi conditions replicate 3,deletion,YFR034C|YJR060W
Zhou_2011_PMID_21700227,GSE23580_final.pcl,59,cbf1Δpho4Δ vs wild type in high Pi conditions replicate 4,deletion,YFR034C|YJR060W
Zhou_2011_PMID_21700227,GSE23580_final.pcl,60,rtg3Δtye7Δ vs wild type in high Pi conditions replicate 1,deletion,YBL103C|YOR344C
Zhou_2011_PMID_21700227,GSE23580_final.pcl,61,rtg3Δtye7Δ vs wild type in high Pi conditions replicate 2,deletion,YBL103C|YOR344C
Zhou_2011_PMID_21700227,GSE23580_final.pcl,62,pho80Δ vs pho80Δpho4Δ in high Pi conditions replicate 1,deletion,YFR034C|YOL001W
Zhou_2011_PMID_21700227,GSE23580_final.pcl,63,pho80Δ vs pho80Δpho4Δ in high Pi conditions replicate 2,deletion,YFR034C|YOL001W
Zhou_2011_PMID_21700227,GSE23580_final.pcl,64,pho80Δcbf1Δ vs pho80Δpho4Δcbf1Δ in high Pi conditions replicate 1,deletion,YFR034C|YJR060W|YOL001W
Zhou_2011_PMID_21700227,GSE23580_final.pcl,65,pho80Δcbf1Δ vs pho80Δpho4Δcbf1Δ in high Pi conditions replicate 2,deletion,YFR034C|YJR060W|YOL001W
Zhou_2015_PMID_26150418,GSE23204.final.pcl,6,"pRAD7 Δrad23  Untreated, biological rep1",deletion,YEL037C
Zhou_2015_PMID_26150418,GSE23204.final.pcl,7,"pRAD7 Δrad23  Untreated, biological rep2",deletion,YEL037C
Zhou_2015_PMID_26150418,GSE23204.final.pcl,8,"psocs Δrad23  Untreated, biological rep1",deletion,YEL037C
Zhou_2015_PMID_26150418,GSE23204.final.pcl,9,"psocs Δrad23  Untreated, biological rep2",deletion,YEL037C
Zhou_2015_PMID_26150418,GSE23204.final.pcl,16,"pRAD7 Δrad23 15, biological rep1",deletion,YEL037C
Zhou_2015_PMID_26150418,GSE23204.final.pcl,17,"pRAD7 Δrad23 15, biological rep2",deletion,YEL037C
Zhou_2015_PMID_26150418,GSE23204.final.pcl,18,"psocs Δrad23 15, biological rep1",deletion,YEL037C
Zhou_2015_PMID_26150418,GSE23204.final.pcl,19,"psocs Δrad23 15, biological rep2",deletion,YEL037C
Zhou_2015_PMID_26150418,GSE23204.final.pcl,26,"pRAD7 Δrad23 60, biological rep1",deletion,YEL037C
Zhou_2015_PMID_26150418,GSE23204.final.pcl,27,"pRAD7 Δrad23 60, biological rep2",deletion,YEL037C
Zhou_2015_PMID_26150418,GSE23204.final.pcl,28,"psocs Δrad23 60, biological rep1",deletion,YEL037C
Zhou_2015_PMID_26150418,GSE23204.final.pcl,29,"psocs Δrad23 60, biological rep2",deletion,YEL037C
Zhu_2009_PMID_19158363,GSE13684_setA_family.pcl,6,"delta-pbf1 cells at T0, replicate #1",deletion,YBL054W
Zhu_2009_PMID_19158363,GSE13684_setA_family.pcl,7,"delta-pbf1 cells at T20, replicate #1",deletion,YBL054W
Zhu_2009_PMID_19158363,GSE13684_setA_family.pcl,8,"delta-pbf1 cells at T0, replicate #2",deletion,YBL054W
Zhu_2009_PMID_19158363,GSE13684_setA_family.pcl,9,"delta-pbf1 cells at T20, replicate #2",deletion,YBL054W
Zhu_2009_PMID_19158363,GSE13684_setA_family.pcl,10,"delta-pbf1 cells at T0, replicate #3",deletion,YBL054W
Zhu_2009_PMID_19158363,GSE13684_setA_family.pcl,11,"delta-pbf1 cells at T20, replicate #3",deletion,YBL054W
Zhu_2009_PMID_19158363,GSE13684_setA_family.pcl,12,"delta-pbf2 cells at T0, replicate #1",deletion,YER088C
Zhu_2009_PMID_19158363,GSE13684_setA_family.pcl,13,"delta-pbf2 cells at T20, replicate #1",deletion,YER088C
Zhu_2009_PMID_19158363,GSE13684_setA_family.pcl,14,"delta-pbf2 cells at T0, replicate #2",deletion,YER088C
Zhu_2009_PMID_19158363,GSE13684_setA_family.pcl,15,"delta-pbf2 cells at T20, replicate #2",deletion,YER088C
Zhu_2009_PMID_19158363,GSE13684_setA_family.pcl,16,"delta-pbf2 cells at T0, replicate #3",deletion,YER088C
Zhu_2009_PMID_19158363,GSE13684_setA_family.pcl,17,"delta-pbf2 cells at T20, replicate #3",deletion,YER088C
Zhu_2009_PMID_19158363,GSE13684_setA_family.pcl,18,"delta-pbf1 delta-pbf2 cells at T0, replicate #1",deletion,YBL054W|YER088C
Zhu_2009_PMID_19158363,GSE13684_setA_family.pcl,19,"delta-pbf1 delta-pbf2 cells at T20, replicate #1",deletion,YBL054W|YER088C
Zhu_2009_PMID_19158363,GSE13684_setA_family.pcl,20,"delta-pbf1 delta-pbf2 cells at T0, replicate #2",deletion,YBL054W|YER088C
Zhu_2009_PMID_19158363,GSE13684_setA_family.pcl,21,"delta-pbf1 delta-pbf2 cells at T20, replicate #2",deletion,YBL054W|YER088C
Zhu_2009_PMID_19158363,GSE13684_setA_family.pcl,22,"delta-pbf1 delta-pbf2 cells at T0, replicate #3",deletion,YBL054W|YER088C
Zhu_2009_PMID_19158363,GSE13684_setA_family.pcl,23,"delta-pbf1 delta-pbf2 cells at T20, replicate #3",deletion,YBL054W|YER088C
van_Wageningen_2010_PMID_21145464,GSE25644_s377.final.pcl,0,abc1-del-2-a,deletion,YGL119W
van_Wageningen_2010_PMID_21145464,GSE25644_s377.final.pcl,1,abc1-del-2-b,deletion,YGL119W
van_Wageningen_2010_PMID_21145464,GSE25644_s377.final.pcl,2,akl1-del-1-a,deletion,YBR059C
van_Wageningen_2010_PMID_21145464,GSE25644_s377.final.pcl,3,akl1-del-1-b,deletion,YBR059C
van_Wageningen_2010_PMID_21145464,GSE25644_s377.final.pcl,4,alk1-del-1-a,deletion,YGL021W
van_Wageningen_2010_PMID_21145464,GSE25644_s377.final.pcl,5,alk1-del-1-b,deletion,YGL021W
van_Wageningen_2010_PMID_21145464,GSE25644_s377.final.pcl,6,alk2-del-1-b,deletion,YBL009W
van_Wageningen_2010_PMID_21145464,GSE25644_s377.final.pcl,7,alk2-del-2-a,deletion,YBL009W
van_Wageningen_2010_PMID_21145464,GSE25644_s377.final.pcl,8,ark1-del+prk1-del-1-a,deletion,YIL095W|YNL020C
van_Wageningen_2010_PMID_21145464,GSE25644_s377.final.pcl,9,ark1-del+prk1-del-1-b,deletion,YIL095W|YNL020C
van_Wageningen_2010_PMID_21145464,GSE25644_s377.final.pcl,10,ark1-del-1-a,deletion,YNL020C
van_Wageningen_2010_PMID_21145464,GSE25644_s377.final.pcl,11,ark1-del-1-b,deletion,YNL020C
van_Wageningen_2010_PMID_21145464,GSE25644_s377.final.pcl,12,atg1-del-1-a,deletion,YGL180W
van_Wageningen_2010_PMID_21145464,GSE25644_s377.final.pcl,13,atg1-del-1-b,deletion,YGL180W
van_Wageningen_2010_PMID_21145464,GSE25644_s377.final.pcl,14,bck1-del+ptp3-del-1-a,deletion,YER075C|YJL095W
van_Wageningen_2010_PMID_21145464,GSE25644_s377.final.pcl,15,bck1-del+ptp3-del-1-b,deletion,YER075C|YJL095W
van_Wageningen_2010_PMID_21145464,GSE25644_s377.final.pcl,16,bck1-del-1-a,deletion,YJL095W
van_Wageningen_2010_PMID_21145464,GSE25644_s377.final.pcl,17,bck1-del-1-b,deletion,YJL095W
van_Wageningen_2010_PMID_21145464,GSE25644_s377.final.pcl,18,cdk8-del-2-a,deletion,YPL042C
van_Wageningen_2010_PMID_21145464,GSE25644_s377.final.pcl,19,cdk8-del-2-b,deletion,YPL042C
van_Wageningen_2010_PMID_21145464,GSE25644_s377.final.pcl,20,chk1-del-2-a,deletion,YBR274W
van_Wageningen_2010_PMID_21145464,GSE25644_s377.final.pcl,21,chk1-del-2-b,deletion,YBR274W
van_Wageningen_2010_PMID_21145464,GSE25644_s377.final.pcl,22,cka1-del-3-a,deletion,YIL035C
van_Wageningen_2010_PMID_21145464,GSE25644_s377.final.pcl,23,cka1-del-3-b,deletion,YIL035C
van_Wageningen_2010_PMID_21145464,GSE25644_s377.final.pcl,24,cka2-del-3-a,deletion,YOR061W
van_Wageningen_2010_PMID_21145464,GSE25644_s377.final.pcl,25,cka2-del-3-b,deletion,YOR061W
van_Wageningen_2010_PMID_21145464,GSE25644_s377.final.pcl,26,cki1-del-1-a,deletion,YLR133W
van_Wageningen_2010_PMID_21145464,GSE25644_s377.final.pcl,27,cki1-del-1-b,deletion,YLR133W
van_Wageningen_2010_PMID_21145464,GSE25644_s377.final.pcl,28,cla4-del-3-a,deletion,YNL298W
van_Wageningen_2010_PMID_21145464,GSE25644_s377.final.pcl,29,cla4-del-3-b,deletion,YNL298W
van_Wageningen_2010_PMID_21145464,GSE25644_s377.final.pcl,30,cmk1-del-1-a,deletion,YFR014C
van_Wageningen_2010_PMID_21145464,GSE25644_s377.final.pcl,31,cmk1-del-1-b,deletion,YFR014C
van_Wageningen_2010_PMID_21145464,GSE25644_s377.final.pcl,32,cmk2-del-1-a,deletion,YOL016C
van_Wageningen_2010_PMID_21145464,GSE25644_s377.final.pcl,33,cmk2-del-1-b,deletion,YOL016C
van_Wageningen_2010_PMID_21145464,GSE25644_s377.final.pcl,34,cmp2-del-1-a,deletion,YML057W
van_Wageningen_2010_PMID_21145464,GSE25644_s377.final.pcl,35,cmp2-del-1-b,deletion,YML057W
van_Wageningen_2010_PMID_21145464,GSE25644_s377.final.pcl,36,cna1-del-1-a,deletion,YLR433C
van_Wageningen_2010_PMID_21145464,GSE25644_s377.final.pcl,37,cna1-del-1-b,deletion,YLR433C
van_Wageningen_2010_PMID_21145464,GSE25644_s377.final.pcl,38,ctk1-del-3-a,deletion,YKL139W
van_Wageningen_2010_PMID_21145464,GSE25644_s377.final.pcl,39,ctk1-del-3-b,deletion,YKL139W
van_Wageningen_2010_PMID_21145464,GSE25644_s377.final.pcl,40,dbf20-del-1-a,deletion,YPR111W
van_Wageningen_2010_PMID_21145464,GSE25644_s377.final.pcl,41,dbf20-del-1-b,deletion,YPR111W
van_Wageningen_2010_PMID_21145464,GSE25644_s377.final.pcl,42,dun1-del-2-a,deletion,YDL101C
van_Wageningen_2010_PMID_21145464,GSE25644_s377.final.pcl,43,dun1-del-2-b,deletion,YDL101C
van_Wageningen_2010_PMID_21145464,GSE25644_s377.final.pcl,44,eki1-del-1-a,deletion,YDR147W
van_Wageningen_2010_PMID_21145464,GSE25644_s377.final.pcl,45,eki1-del-1-b,deletion,YDR147W
van_Wageningen_2010_PMID_21145464,GSE25644_s377.final.pcl,46,fab1-del-3-a,deletion,YFR019W
van_Wageningen_2010_PMID_21145464,GSE25644_s377.final.pcl,47,fab1-del-3-b,deletion,YFR019W
van_Wageningen_2010_PMID_21145464,GSE25644_s377.final.pcl,48,fmp48-del-1-a,deletion,YGR052W
van_Wageningen_2010_PMID_21145464,GSE25644_s377.final.pcl,49,fmp48-del-1-b,deletion,YGR052W
van_Wageningen_2010_PMID_21145464,GSE25644_s377.final.pcl,50,fus3-del+kss1-del-1-a,deletion,YBL016W|YGR040W
van_Wageningen_2010_PMID_21145464,GSE25644_s377.final.pcl,51,fus3-del+kss1-del-1-b,deletion,YBL016W|YGR040W
van_Wageningen_2010_PMID_21145464,GSE25644_s377.final.pcl,52,fus3-del-1-a,deletion,YBL016W
van_Wageningen_2010_PMID_21145464,GSE25644_s377.final.pcl,53,fus3-del-1-b,deletion,YBL016W
van_Wageningen_2010_PMID_21145464,GSE25644_s377.final.pcl,54,gcn2-del-1-a,deletion,YDR283C
van_Wageningen_2010_PMID_21145464,GSE25644_s377.final.pcl,55,gcn2-del-1-b,deletion,YDR283C
van_Wageningen_2010_PMID_21145464,GSE25644_s377.final.pcl,56,gin4-del-2-a,deletion,YDR507C
van_Wageningen_2010_PMID_21145464,GSE25644_s377.final.pcl,57,gin4-del-2-b,deletion,YDR507C
van_Wageningen_2010_PMID_21145464,GSE25644_s377.final.pcl,58,hal5-del+sat4-del-1-a,deletion,YCR008W|YJL165C
van_Wageningen_2010_PMID_21145464,GSE25644_s377.final.pcl,59,hal5-del+sat4-del-1-b,deletion,YCR008W|YJL165C
van_Wageningen_2010_PMID_21145464,GSE25644_s377.final.pcl,60,hal5-del-2-a,deletion,YJL165C
van_Wageningen_2010_PMID_21145464,GSE25644_s377.final.pcl,61,hal5-del-2-b,deletion,YJL165C
van_Wageningen_2010_PMID_21145464,GSE25644_s377.final.pcl,62,hog1-del-2-a,deletion,YLR113W
van_Wageningen_2010_PMID_21145464,GSE25644_s377.final.pcl,63,hog1-del-2-b,deletion,YLR113W
van_Wageningen_2010_PMID_21145464,GSE25644_s377.final.pcl,64,hrk1-del-1-a,deletion,YOR267C
van_Wageningen_2010_PMID_21145464,GSE25644_s377.final.pcl,65,hrk1-del-1-b,deletion,YOR267C
van_Wageningen_2010_PMID_21145464,GSE25644_s377.final.pcl,66,hsl1-del+cla4-del-1-a,deletion,YKL101W|YNL298W
van_Wageningen_2010_PMID_21145464,GSE25644_s377.final.pcl,67,hsl1-del+cla4-del-1-b,deletion,YKL101W|YNL298W
van_Wageningen_2010_PMID_21145464,GSE25644_s377.final.pcl,68,hsl1-del-1-a,deletion,YKL101W
van_Wageningen_2010_PMID_21145464,GSE25644_s377.final.pcl,69,hsl1-del-1-b,deletion,YKL101W
van_Wageningen_2010_PMID_21145464,GSE25644_s377.final.pcl,70,iks1-del-1-a,deletion,YJL057C
van_Wageningen_2010_PMID_21145464,GSE25644_s377.final.pcl,71,iks1-del-1-b,deletion,YJL057C
van_Wageningen_2010_PMID_21145464,GSE25644_s377.final.pcl,72,ime2-del-1-a,deletion,YJL106W
van_Wageningen_2010_PMID_21145464,GSE25644_s377.final.pcl,73,ime2-del-1-b,deletion,YJL106W
van_Wageningen_2010_PMID_21145464,GSE25644_s377.final.pcl,74,ire1-del-2-a,deletion,YHR079C
van_Wageningen_2010_PMID_21145464,GSE25644_s377.final.pcl,75,ire1-del-2-b,deletion,YHR079C
van_Wageningen_2010_PMID_21145464,GSE25644_s377.final.pcl,76,kcc4-del-1-a,deletion,YCL024W
van_Wageningen_2010_PMID_21145464,GSE25644_s377.final.pcl,77,kcc4-del-1-b,deletion,YCL024W
van_Wageningen_2010_PMID_21145464,GSE25644_s377.final.pcl,78,kin1-del-1-a,deletion,YDR122W
van_Wageningen_2010_PMID_21145464,GSE25644_s377.final.pcl,79,kin1-del-1-b,deletion,YDR122W
van_Wageningen_2010_PMID_21145464,GSE25644_s377.final.pcl,80,kin2-del-1-a,deletion,YLR096W
van_Wageningen_2010_PMID_21145464,GSE25644_s377.final.pcl,81,kin2-del-1-b,deletion,YLR096W
van_Wageningen_2010_PMID_21145464,GSE25644_s377.final.pcl,82,kin3-del-1-a,deletion,YAR018C
van_Wageningen_2010_PMID_21145464,GSE25644_s377.final.pcl,83,kin3-del-1-b,deletion,YAR018C
van_Wageningen_2010_PMID_21145464,GSE25644_s377.final.pcl,84,kin4-del-1-a,deletion,YOR233W
van_Wageningen_2010_PMID_21145464,GSE25644_s377.final.pcl,85,kin4-del-1-b,deletion,YOR233W
van_Wageningen_2010_PMID_21145464,GSE25644_s377.final.pcl,86,kin82-del-1-a,deletion,YCR091W
van_Wageningen_2010_PMID_21145464,GSE25644_s377.final.pcl,87,kin82-del-b,deletion,YCR091W
van_Wageningen_2010_PMID_21145464,GSE25644_s377.final.pcl,88,kkq8-del-1-a,deletion,YKL168C
van_Wageningen_2010_PMID_21145464,GSE25644_s377.final.pcl,89,kkq8-del-1-b,deletion,YKL168C
van_Wageningen_2010_PMID_21145464,GSE25644_s377.final.pcl,90,kns1-del-1-a,deletion,YLL019C
van_Wageningen_2010_PMID_21145464,GSE25644_s377.final.pcl,91,kns1-del-1-b,deletion,YLL019C
van_Wageningen_2010_PMID_21145464,GSE25644_s377.final.pcl,92,ksp1-del-1-a,deletion,YHR082C
van_Wageningen_2010_PMID_21145464,GSE25644_s377.final.pcl,93,ksp1-del-1-b,deletion,YHR082C
van_Wageningen_2010_PMID_21145464,GSE25644_s377.final.pcl,94,kss1-del+fus3-del+hog1-del-1-a,deletion,YBL016W|YGR040W|YLR113W
van_Wageningen_2010_PMID_21145464,GSE25644_s377.final.pcl,95,kss1-del+fus3-del+hog1-del-1-b,deletion,YBL016W|YGR040W|YLR113W
van_Wageningen_2010_PMID_21145464,GSE25644_s377.final.pcl,96,kss1-del-2-a,deletion,YGR040W
van_Wageningen_2010_PMID_21145464,GSE25644_s377.final.pcl,97,kss1-del-2-b,deletion,YGR040W
van_Wageningen_2010_PMID_21145464,GSE25644_s377.final.pcl,98,lcb4-del-1-a,deletion,YOR171C
van_Wageningen_2010_PMID_21145464,GSE25644_s377.final.pcl,99,lcb4-del-1-b,deletion,YOR171C
van_Wageningen_2010_PMID_21145464,GSE25644_s377.final.pcl,100,lcb5-del-1-a,deletion,YLR260W
van_Wageningen_2010_PMID_21145464,GSE25644_s377.final.pcl,101,lcb5-del-1-b,deletion,YLR260W
van_Wageningen_2010_PMID_21145464,GSE25644_s377.final.pcl,102,ltp1-del-2-a,deletion,YPR073C
van_Wageningen_2010_PMID_21145464,GSE25644_s377.final.pcl,103,ltp1-del-2-b,deletion,YPR073C
van_Wageningen_2010_PMID_21145464,GSE25644_s377.final.pcl,104,mck1-del-1-b,deletion,YNL307C
van_Wageningen_2010_PMID_21145464,GSE25644_s377.final.pcl,105,mck1-del-1a,deletion,YNL307C
van_Wageningen_2010_PMID_21145464,GSE25644_s377.final.pcl,106,mek1-del-2-a,deletion,YOR351C
van_Wageningen_2010_PMID_21145464,GSE25644_s377.final.pcl,107,mek1-del-2-b,deletion,YOR351C
van_Wageningen_2010_PMID_21145464,GSE25644_s377.final.pcl,108,mih1-del-1-a,deletion,YMR036C
van_Wageningen_2010_PMID_21145464,GSE25644_s377.final.pcl,109,mih1-del-1-b,deletion,YMR036C
van_Wageningen_2010_PMID_21145464,GSE25644_s377.final.pcl,110,mkk1-del-1-a,deletion,YOR231W
van_Wageningen_2010_PMID_21145464,GSE25644_s377.final.pcl,111,mkk1-del-1-b,deletion,YOR231W
van_Wageningen_2010_PMID_21145464,GSE25644_s377.final.pcl,112,mkk2-del-1-a,deletion,YPL140C
van_Wageningen_2010_PMID_21145464,GSE25644_s377.final.pcl,113,mkk2-del-1-b,deletion,YPL140C
van_Wageningen_2010_PMID_21145464,GSE25644_s377.final.pcl,114,mrk1-del-1-a,deletion,YDL079C
van_Wageningen_2010_PMID_21145464,GSE25644_s377.final.pcl,115,mrk1-del-1-b,deletion,YDL079C
van_Wageningen_2010_PMID_21145464,GSE25644_s377.final.pcl,116,msg5-del-1-a,deletion,YNL053W
van_Wageningen_2010_PMID_21145464,GSE25644_s377.final.pcl,117,msg5-del-1-b,deletion,YNL053W
van_Wageningen_2010_PMID_21145464,GSE25644_s377.final.pcl,118,nem1-del-1-a,deletion,YHR004C
van_Wageningen_2010_PMID_21145464,GSE25644_s377.final.pcl,119,nem1-del-1-b,deletion,YHR004C
van_Wageningen_2010_PMID_21145464,GSE25644_s377.final.pcl,120,npr1-del-1-a,deletion,YNL183C
van_Wageningen_2010_PMID_21145464,GSE25644_s377.final.pcl,121,npr1-del-1-b,deletion,YNL183C
van_Wageningen_2010_PMID_21145464,GSE25644_s377.final.pcl,122,oca1-del-4-a,deletion,YNL099C
van_Wageningen_2010_PMID_21145464,GSE25644_s377.final.pcl,123,oca1-del-4-b,deletion,YNL099C
van_Wageningen_2010_PMID_21145464,GSE25644_s377.final.pcl,124,oca2-del-1-a,deletion,YNL056W
van_Wageningen_2010_PMID_21145464,GSE25644_s377.final.pcl,125,oca2-del-1-b,deletion,YNL056W
van_Wageningen_2010_PMID_21145464,GSE25644_s377.final.pcl,126,pbs2-del+ptk2-del-1-a,deletion,YJL128C|YJR059W
van_Wageningen_2010_PMID_21145464,GSE25644_s377.final.pcl,127,pbs2-del+ptk2-del-1-b,deletion,YJL128C|YJR059W
van_Wageningen_2010_PMID_21145464,GSE25644_s377.final.pcl,128,pbs2-del-2-a,deletion,YJL128C
van_Wageningen_2010_PMID_21145464,GSE25644_s377.final.pcl,129,pbs2-del-2-b,deletion,YJL128C
van_Wageningen_2010_PMID_21145464,GSE25644_s377.final.pcl,130,pho85-del-2-a,deletion,YPL031C
van_Wageningen_2010_PMID_21145464,GSE25644_s377.final.pcl,131,pho85-del-2-b,deletion,YPL031C
van_Wageningen_2010_PMID_21145464,GSE25644_s377.final.pcl,132,pkh3-del-1-a,deletion,YDR466W
van_Wageningen_2010_PMID_21145464,GSE25644_s377.final.pcl,133,pkh3-del-1-b,deletion,YDR466W
van_Wageningen_2010_PMID_21145464,GSE25644_s377.final.pcl,134,ppg1-del-1-a,deletion,YNR032W
van_Wageningen_2010_PMID_21145464,GSE25644_s377.final.pcl,135,ppg1-del-1-b,deletion,YNR032W
van_Wageningen_2010_PMID_21145464,GSE25644_s377.final.pcl,136,pph21-del-1-a,deletion,YDL134C
van_Wageningen_2010_PMID_21145464,GSE25644_s377.final.pcl,137,pph21-del-1-b,deletion,YDL134C
van_Wageningen_2010_PMID_21145464,GSE25644_s377.final.pcl,138,pph22-del-3-a,deletion,YDL188C
van_Wageningen_2010_PMID_21145464,GSE25644_s377.final.pcl,139,pph22-del-3-b,deletion,YDL188C
van_Wageningen_2010_PMID_21145464,GSE25644_s377.final.pcl,140,pph3-del-1-a,deletion,YDR075W
van_Wageningen_2010_PMID_21145464,GSE25644_s377.final.pcl,141,pph3-del-1-b,deletion,YDR075W
van_Wageningen_2010_PMID_21145464,GSE25644_s377.final.pcl,142,ppq1-del-2-a,deletion,YPL179W
van_Wageningen_2010_PMID_21145464,GSE25644_s377.final.pcl,143,ppq1-del-2-b,deletion,YPL179W
van_Wageningen_2010_PMID_21145464,GSE25644_s377.final.pcl,144,pps1-del-1-a,deletion,YBR276C
van_Wageningen_2010_PMID_21145464,GSE25644_s377.final.pcl,145,pps1-del-1-b,deletion,YBR276C
van_Wageningen_2010_PMID_21145464,GSE25644_s377.final.pcl,146,ppt1-del-1-a,deletion,YGR123C
van_Wageningen_2010_PMID_21145464,GSE25644_s377.final.pcl,147,ppt1-del-1-b,deletion,YGR123C
van_Wageningen_2010_PMID_21145464,GSE25644_s377.final.pcl,148,ppz1-del-1-a,deletion,YML016C
van_Wageningen_2010_PMID_21145464,GSE25644_s377.final.pcl,149,ppz1-del-1-b,deletion,YML016C
van_Wageningen_2010_PMID_21145464,GSE25644_s377.final.pcl,150,ppz2-del-2-a,deletion,YDR436W
van_Wageningen_2010_PMID_21145464,GSE25644_s377.final.pcl,151,ppz2-del-2-b,deletion,YDR436W
van_Wageningen_2010_PMID_21145464,GSE25644_s377.final.pcl,152,prk1-del-1-a,deletion,YIL095W
van_Wageningen_2010_PMID_21145464,GSE25644_s377.final.pcl,153,prk1-del-1-b,deletion,YIL095W
van_Wageningen_2010_PMID_21145464,GSE25644_s377.final.pcl,154,prr1-del-1-a,deletion,YKL116C
van_Wageningen_2010_PMID_21145464,GSE25644_s377.final.pcl,155,prr1-del-1-b,deletion,YKL116C
van_Wageningen_2010_PMID_21145464,GSE25644_s377.final.pcl,156,prr2-del-1-a,deletion,YDL214C
van_Wageningen_2010_PMID_21145464,GSE25644_s377.final.pcl,157,prr2-del-1-b,deletion,YDL214C
van_Wageningen_2010_PMID_21145464,GSE25644_s377.final.pcl,158,psk1-del-2-a,deletion,YAL017W
van_Wageningen_2010_PMID_21145464,GSE25644_s377.final.pcl,159,psk1-del-2-b,deletion,YAL017W
van_Wageningen_2010_PMID_21145464,GSE25644_s377.final.pcl,160,psk2-del-2-a,deletion,YOL045W
van_Wageningen_2010_PMID_21145464,GSE25644_s377.final.pcl,161,psk2-del-2-b,deletion,YOL045W
van_Wageningen_2010_PMID_21145464,GSE25644_s377.final.pcl,162,psr1-del-1-a,deletion,YLL010C
van_Wageningen_2010_PMID_21145464,GSE25644_s377.final.pcl,163,psr1-del-1-b,deletion,YLL010C
van_Wageningen_2010_PMID_21145464,GSE25644_s377.final.pcl,164,psr2-del-1-a,deletion,YLR019W
van_Wageningen_2010_PMID_21145464,GSE25644_s377.final.pcl,165,psr2-del-1-b,deletion,YLR019W
van_Wageningen_2010_PMID_21145464,GSE25644_s377.final.pcl,166,ptc1-del+pph3-del-1-a,deletion,YDL006W|YDR075W
van_Wageningen_2010_PMID_21145464,GSE25644_s377.final.pcl,167,ptc1-del+pph3-del-1-b,deletion,YDL006W|YDR075W
van_Wageningen_2010_PMID_21145464,GSE25644_s377.final.pcl,168,ptc1-del+ptc2-del-1-a,deletion,YDL006W|YER089C
van_Wageningen_2010_PMID_21145464,GSE25644_s377.final.pcl,169,ptc1-del+ptc2-del-1-b,deletion,YDL006W|YER089C
van_Wageningen_2010_PMID_21145464,GSE25644_s377.final.pcl,170,ptc1-del-2-a,deletion,YDL006W
van_Wageningen_2010_PMID_21145464,GSE25644_s377.final.pcl,171,ptc1-del-2-b,deletion,YDL006W
van_Wageningen_2010_PMID_21145464,GSE25644_s377.final.pcl,172,ptc2-del-1-a,deletion,YER089C
van_Wageningen_2010_PMID_21145464,GSE25644_s377.final.pcl,173,ptc2-del-1-b,deletion,YER089C
van_Wageningen_2010_PMID_21145464,GSE25644_s377.final.pcl,174,ptc3-del-1-a,deletion,YBL056W
van_Wageningen_2010_PMID_21145464,GSE25644_s377.final.pcl,175,ptc3-del-1-b,deletion,YBL056W
van_Wageningen_2010_PMID_21145464,GSE25644_s377.final.pcl,176,ptc4-del-1-a,deletion,YBR125C
van_Wageningen_2010_PMID_21145464,GSE25644_s377.final.pcl,177,ptc4-del-1-b,deletion,YBR125C
van_Wageningen_2010_PMID_21145464,GSE25644_s377.final.pcl,178,ptc5-del-1-b,deletion,YOR090C
van_Wageningen_2010_PMID_21145464,GSE25644_s377.final.pcl,179,ptc5-del-a,deletion,YOR090C
van_Wageningen_2010_PMID_21145464,GSE25644_s377.final.pcl,180,ptc7-del-1-a,deletion,YHR076W
van_Wageningen_2010_PMID_21145464,GSE25644_s377.final.pcl,181,ptc7-del-1-b,deletion,YHR076W
van_Wageningen_2010_PMID_21145464,GSE25644_s377.final.pcl,182,ptk1-del-1-a,deletion,YKL198C
van_Wageningen_2010_PMID_21145464,GSE25644_s377.final.pcl,183,ptk1-del-1-b,deletion,YKL198C
van_Wageningen_2010_PMID_21145464,GSE25644_s377.final.pcl,184,ptk2-del-3-a,deletion,YJR059W
van_Wageningen_2010_PMID_21145464,GSE25644_s377.final.pcl,185,ptk2-del-3-b,deletion,YJR059W
van_Wageningen_2010_PMID_21145464,GSE25644_s377.final.pcl,186,ptp1-del-1-a,deletion,YDL230W
van_Wageningen_2010_PMID_21145464,GSE25644_s377.final.pcl,187,ptp1-del-1-b,deletion,YDL230W
van_Wageningen_2010_PMID_21145464,GSE25644_s377.final.pcl,188,ptp2-del+ptc2-del-1-a,deletion,YER089C|YOR208W
van_Wageningen_2010_PMID_21145464,GSE25644_s377.final.pcl,189,ptp2-del+ptc2-del-1-b,deletion,YER089C|YOR208W
van_Wageningen_2010_PMID_21145464,GSE25644_s377.final.pcl,190,ptp2-del+ptp3-del-1-a,deletion,YER075C|YOR208W
van_Wageningen_2010_PMID_21145464,GSE25644_s377.final.pcl,191,ptp2-del+ptp3-del-1-b,deletion,YER075C|YOR208W
van_Wageningen_2010_PMID_21145464,GSE25644_s377.final.pcl,192,ptp2-del-1-a,deletion,YOR208W
van_Wageningen_2010_PMID_21145464,GSE25644_s377.final.pcl,193,ptp2-del-1-b,deletion,YOR208W
van_Wageningen_2010_PMID_21145464,GSE25644_s377.final.pcl,194,ptp3-del-1-a,deletion,YER075C
van_Wageningen_2010_PMID_21145464,GSE25644_s377.final.pcl,195,ptp3-del-1-b,deletion,YER075C
van_Wageningen_2010_PMID_21145464,GSE25644_s377.final.pcl,196,rck1-del-1-a,deletion,YGL158W
van_Wageningen_2010_PMID_21145464,GSE25644_s377.final.pcl,197,rck1-del-1-b,deletion,YGL158W
van_Wageningen_2010_PMID_21145464,GSE25644_s377.final.pcl,198,rck2-del-1-a,deletion,YLR248W
van_Wageningen_2010_PMID_21145464,GSE25644_s377.final.pcl,199,rck2-del-1-b,deletion,YLR248W
van_Wageningen_2010_PMID_21145464,GSE25644_s377.final.pcl,200,sat4-del-2-a,deletion,YCR008W
van_Wageningen_2010_PMID_21145464,GSE25644_s377.final.pcl,201,sat4-del-2-b,deletion,YCR008W
van_Wageningen_2010_PMID_21145464,GSE25644_s377.final.pcl,202,scy1-del-1-a,deletion,YGL083W
van_Wageningen_2010_PMID_21145464,GSE25644_s377.final.pcl,203,scy1-del-1-b,deletion,YGL083W
van_Wageningen_2010_PMID_21145464,GSE25644_s377.final.pcl,204,sdp1-del-1-a,deletion,YIL113W
van_Wageningen_2010_PMID_21145464,GSE25644_s377.final.pcl,205,sdp1-del-1-b,deletion,YIL113W
van_Wageningen_2010_PMID_21145464,GSE25644_s377.final.pcl,206,sha3-del-1-a,deletion,YPL026C
van_Wageningen_2010_PMID_21145464,GSE25644_s377.final.pcl,207,sha3-del-1-b,deletion,YPL026C
van_Wageningen_2010_PMID_21145464,GSE25644_s377.final.pcl,208,sit4-del-1-a,deletion,YDL047W
van_Wageningen_2010_PMID_21145464,GSE25644_s377.final.pcl,209,sit4-del-1-b,deletion,YDL047W
van_Wageningen_2010_PMID_21145464,GSE25644_s377.final.pcl,210,siw14-del-2-a,deletion,YNL032W
van_Wageningen_2010_PMID_21145464,GSE25644_s377.final.pcl,211,siw14-del-2-b,deletion,YNL032W
van_Wageningen_2010_PMID_21145464,GSE25644_s377.final.pcl,212,skm1-del-3a,deletion,YOL113W
van_Wageningen_2010_PMID_21145464,GSE25644_s377.final.pcl,213,skm1-del-3b,deletion,YOL113W
van_Wageningen_2010_PMID_21145464,GSE25644_s377.final.pcl,214,sky1-del-2-a,deletion,YMR216C
van_Wageningen_2010_PMID_21145464,GSE25644_s377.final.pcl,215,sky1-del-2-b,deletion,YMR216C
van_Wageningen_2010_PMID_21145464,GSE25644_s377.final.pcl,216,slt2-del+cla4-del-2-a,deletion,YHR030C|YNL298W
van_Wageningen_2010_PMID_21145464,GSE25644_s377.final.pcl,217,slt2-del+cla4-del-2-b,deletion,YHR030C|YNL298W
van_Wageningen_2010_PMID_21145464,GSE25644_s377.final.pcl,218,slt2-del+ptp3-del-1-a,deletion,YER075C|YHR030C
van_Wageningen_2010_PMID_21145464,GSE25644_s377.final.pcl,219,slt2-del+ptp3-del-1-b,deletion,YER075C|YHR030C
van_Wageningen_2010_PMID_21145464,GSE25644_s377.final.pcl,220,slt2-del-2-a,deletion,YHR030C
van_Wageningen_2010_PMID_21145464,GSE25644_s377.final.pcl,221,slt2-del-2-b,deletion,YHR030C
van_Wageningen_2010_PMID_21145464,GSE25644_s377.final.pcl,222,smk1-del-2-a,deletion,YPR054W
van_Wageningen_2010_PMID_21145464,GSE25644_s377.final.pcl,223,smk1-del-2-b,deletion,YPR054W
van_Wageningen_2010_PMID_21145464,GSE25644_s377.final.pcl,224,snf1-del+rim11-del-1-a,deletion,YDR477W|YMR139W
van_Wageningen_2010_PMID_21145464,GSE25644_s377.final.pcl,225,snf1-del+rim11-del-1-b,deletion,YDR477W|YMR139W
van_Wageningen_2010_PMID_21145464,GSE25644_s377.final.pcl,226,sps1-del-3-a,deletion,YDR523C
van_Wageningen_2010_PMID_21145464,GSE25644_s377.final.pcl,227,sps1-del-3-b,deletion,YDR523C
van_Wageningen_2010_PMID_21145464,GSE25644_s377.final.pcl,228,ssk2-del-1-a,deletion,YNR031C
van_Wageningen_2010_PMID_21145464,GSE25644_s377.final.pcl,229,ssk2-del-1-b,deletion,YNR031C
van_Wageningen_2010_PMID_21145464,GSE25644_s377.final.pcl,230,ssk22-del-1-a,deletion,YCR073C
van_Wageningen_2010_PMID_21145464,GSE25644_s377.final.pcl,231,ssk22-del-1-b,deletion,YCR073C
van_Wageningen_2010_PMID_21145464,GSE25644_s377.final.pcl,232,ste11-del-2-a,deletion,YLR362W
van_Wageningen_2010_PMID_21145464,GSE25644_s377.final.pcl,233,ste11-del-2-b,deletion,YLR362W
van_Wageningen_2010_PMID_21145464,GSE25644_s377.final.pcl,234,ste20-del-3-a,deletion,YHL007C
van_Wageningen_2010_PMID_21145464,GSE25644_s377.final.pcl,235,ste20-del-3-b,deletion,YHL007C
van_Wageningen_2010_PMID_21145464,GSE25644_s377.final.pcl,236,ste7-del-1-a,deletion,YDL159W
van_Wageningen_2010_PMID_21145464,GSE25644_s377.final.pcl,237,ste7-del-1-b,deletion,YDL159W
van_Wageningen_2010_PMID_21145464,GSE25644_s377.final.pcl,238,swe1-del-1-a,deletion,YJL187C
van_Wageningen_2010_PMID_21145464,GSE25644_s377.final.pcl,239,swe1-del-1-b,deletion,YJL187C
van_Wageningen_2010_PMID_21145464,GSE25644_s377.final.pcl,240,tel1-del-1-a,deletion,YBL088C
van_Wageningen_2010_PMID_21145464,GSE25644_s377.final.pcl,241,tel1-del-1-b,deletion,YBL088C
van_Wageningen_2010_PMID_21145464,GSE25644_s377.final.pcl,242,tpk2-del-2-a,deletion,YPL203W
van_Wageningen_2010_PMID_21145464,GSE25644_s377.final.pcl,243,tpk2-del-2-b,deletion,YPL203W
van_Wageningen_2010_PMID_21145464,GSE25644_s377.final.pcl,244,twf1-del-1-a,deletion,YGR080W
van_Wageningen_2010_PMID_21145464,GSE25644_s377.final.pcl,245,twf1-del-1-b,deletion,YGR080W
van_Wageningen_2010_PMID_21145464,GSE25644_s377.final.pcl,246,vhs1-del-1-a,deletion,YDR247W
van_Wageningen_2010_PMID_21145464,GSE25644_s377.final.pcl,247,vhs1-del-1-b,deletion,YDR247W
van_Wageningen_2010_PMID_21145464,GSE25644_s377.final.pcl,248,vps15-del-1-a,deletion,YBR097W
van_Wageningen_2010_PMID_21145464,GSE25644_s377.final.pcl,249,vps15-del-1-b,deletion,YBR097W
van_Wageningen_2010_PMID_21145464,GSE25644_s377.final.pcl,337,ybr028c-del-1-a,deletion,YBR028C
van_Wageningen_2010_PMID_21145464,GSE25644_s377.final.pcl,338,ybr028c-del-1-b,deletion,YBR028C
van_Wageningen_2010_PMID_21145464,GSE25644_s377.final.pcl,339,yck3-del-1-a,deletion,YER123W
van_Wageningen_2010_PMID_21145464,GSE25644_s377.final.pcl,340,yck3-del-1-b,deletion,YER123W
van_Wageningen_2010_PMID_21145464,GSE25644_s377.final.pcl,341,ydl025c-del-2-a,deletion,YDL025C
van_Wageningen_2010_PMID_21145464,GSE25644_s377.final.pcl,342,ydl025c-del-2-b,deletion,YDL025C
van_Wageningen_2010_PMID_21145464,GSE25644_s377.final.pcl,343,ygk3-del-2-a,deletion,YOL128C
van_Wageningen_2010_PMID_21145464,GSE25644_s377.final.pcl,344,ygk3-del-2-b,deletion,YOL128C
van_Wageningen_2010_PMID_21145464,GSE25644_s377.final.pcl,345,ygl059w-del-1-a,deletion,YGL059W
van_Wageningen_2010_PMID_21145464,GSE25644_s377.final.pcl,346,ygl059w-del-1-b,deletion,YGL059W
van_Wageningen_2010_PMID_21145464,GSE25644_s377.final.pcl,347,ygr203w-del-1-a,deletion,YGR203W
van_Wageningen_2010_PMID_21145464,GSE25644_s377.final.pcl,348,ygr203w-del-1-b,deletion,YGR203W
van_Wageningen_2010_PMID_21145464,GSE25644_s377.final.pcl,349,yil042c-del-1-a,deletion,YIL042C
van_Wageningen_2010_PMID_21145464,GSE25644_s377.final.pcl,350,yil042c-del-1-b,deletion,YIL042C
van_Wageningen_2010_PMID_21145464,GSE25644_s377.final.pcl,351,ykl161c-del-1-a,deletion,YKL161C
van_Wageningen_2010_PMID_21145464,GSE25644_s377.final.pcl,352,ykl161c-del-1-b,deletion,YKL161C
van_Wageningen_2010_PMID_21145464,GSE25644_s377.final.pcl,353,ykl171w-del-1-a,deletion,YKL171W
van_Wageningen_2010_PMID_21145464,GSE25644_s377.final.pcl,354,ykl171w-del-1-b,deletion,YKL171W
van_Wageningen_2010_PMID_21145464,GSE25644_s377.final.pcl,355,ylr253w-del-2-a,deletion,YLR253W
van_Wageningen_2010_PMID_21145464,GSE25644_s377.final.pcl,356,ylr253w-del-2-b,deletion,YLR253W
van_Wageningen_2010_PMID_21145464,GSE25644_s377.final.pcl,357,ymr291w-del-2-a,deletion,YMR291W
van_Wageningen_2010_PMID_21145464,GSE25644_s377.final.pcl,358,ymr291w-del-2-b,deletion,YMR291W
van_Wageningen_2010_PMID_21145464,GSE25644_s377.final.pcl,359,ynr047w-del-1-a,deletion,YNR047W
van_Wageningen_2010_PMID_21145464,GSE25644_s377.final.pcl,360,ynr047w-del-1-b,deletion,YNR047W
van_Wageningen_2010_PMID_21145464,GSE25644_s377.final.pcl,361,ypk1-del-2-a,deletion,YKL126W
van_Wageningen_2010_PMID_21145464,GSE25644_s377.final.pcl,362,ypk1-del-2-b,deletion,YKL126W
van_Wageningen_2010_PMID_21145464,GSE25644_s377.final.pcl,363,ypk2-del-2-a,deletion,YMR104C
van_Wageningen_2010_PMID_21145464,GSE25644_s377.final.pcl,364,ypk2-del-2-b,deletion,YMR104C
van_Wageningen_2010_PMID_21145464,GSE25644_s377.final.pcl,365,ypl109c-del-2-a,deletion,YPL109C
van_Wageningen_2010_PMID_21145464,GSE25644_s377.final.pcl,366,ypl109c-del-2-b,deletion,YPL109C
van_Wageningen_2010_PMID_21145464,GSE25644_s377.final.pcl,367,ypl141c-del-1-a,deletion,YPL141C
van_Wageningen_2010_PMID_21145464,GSE25644_s377.final.pcl,368,ypl141c-del-1-b,deletion,YPL141C
van_Wageningen_2010_PMID_21145464,GSE25644_s377.final.pcl,369,ypl150w-del-2-a,deletion,YPL150W
van_Wageningen_2010_PMID_21145464,GSE25644_s377.final.pcl,370,ypl150w-del-2-b,deletion,YPL150W
van_Wageningen_2010_PMID_21145464,GSE25644_s377.final.pcl,371,ypl236c-del-1-a,deletion,YPL236C
van_Wageningen_2010_PMID_21145464,GSE25644_s377.final.pcl,372,ypl236c-del-1-b,deletion,YPL236C
van_Wageningen_2010_PMID_21145464,GSE25644_s377.final.pcl,373,ypr106w-del-1-a,deletion,YPR106W
van_Wageningen_2010_PMID_21145464,GSE25644_s377.final.pcl,374,ypr106w-del-1-b,deletion,YPR106W
van_Wageningen_2010_PMID_21145464,GSE25644_s377.final.pcl,375,yvh1-del-1-a,deletion,YIR026C
van_Wageningen_2010_PMID_21145464,GSE25644_s377.final.pcl,376,yvh1-del-1-b,deletion,YIR026C
van_de_Pasch_2013_PMID_23785440,GSE33929.remapped.final.pcl,0,cdc26-del-1-a,deletion,YFR036W
van_de_Pasch_2013_PMID_23785440,GSE33929.remapped.final.pcl,1,cdc26-del-1-b,deletion,YFR036W
van_de_Pasch_2013_PMID_23785440,GSE33929.remapped.final.pcl,2,ctf18-del-1-a,deletion,YMR078C
van_de_Pasch_2013_PMID_23785440,GSE33929.remapped.final.pcl,3,ctf18-del-1-b,deletion,YMR078C
van_de_Pasch_2013_PMID_23785440,GSE33929.remapped.final.pcl,4,ctf4-del-1-d,deletion,YPR135W
van_de_Pasch_2013_PMID_23785440,GSE33929.remapped.final.pcl,5,ctf4-del-2-a,deletion,YPR135W
van_de_Pasch_2013_PMID_23785440,GSE33929.remapped.final.pcl,6,rad18-del-3-a,deletion,YCR066W
van_de_Pasch_2013_PMID_23785440,GSE33929.remapped.final.pcl,7,rad18-del-4-b,deletion,YCR066W
van_de_Pasch_2013_PMID_23785440,GSE33929.remapped.final.pcl,8,rad50-del-1-b,deletion,YNL250W
van_de_Pasch_2013_PMID_23785440,GSE33929.remapped.final.pcl,9,rad50-del-2-a,deletion,YNL250W
van_de_Pasch_2013_PMID_23785440,GSE33929.remapped.final.pcl,10,rad52-del-1-a,deletion,YML032C
van_de_Pasch_2013_PMID_23785440,GSE33929.remapped.final.pcl,11,rad52-del-1-b,deletion,YML032C
van_de_Pasch_2013_PMID_23785440,GSE33929.remapped.final.pcl,12,rmi1-del-2-a,deletion,YPL024W
van_de_Pasch_2013_PMID_23785440,GSE33929.remapped.final.pcl,13,rmi1-del-2-b,deletion,YPL024W
van_de_Pasch_2013_PMID_23785440,GSE33929.remapped.final.pcl,14,sgs1-del-1-a,deletion,YMR190C
van_de_Pasch_2013_PMID_23785440,GSE33929.remapped.final.pcl,15,sgs1-del-1-b,deletion,YMR190C
van_de_Pasch_2013_PMID_23785440,GSE33929.remapped.final.pcl,16,slx5-del-1-a,deletion,YDL013W
van_de_Pasch_2013_PMID_23785440,GSE33929.remapped.final.pcl,17,slx5-del-1-b,deletion,YDL013W
van_de_Pasch_2013_PMID_23785440,GSE33929.remapped.final.pcl,18,slx8-del-2-a,deletion,YER116C
van_de_Pasch_2013_PMID_23785440,GSE33929.remapped.final.pcl,19,slx8-del-2-b,deletion,YER116C
van_de_Pasch_2013_PMID_23785440,GSE33929.remapped.final.pcl,20,cin8-del-2-a,deletion,YEL061C
van_de_Pasch_2013_PMID_23785440,GSE33929.remapped.final.pcl,21,cin8-del-2-b,deletion,YEL061C
van_de_Pasch_2013_PMID_23785440,GSE33929.remapped.final.pcl,22,csm1-del-1-a,deletion,YCR086W
van_de_Pasch_2013_PMID_23785440,GSE33929.remapped.final.pcl,23,csm1-del-1-b,deletion,YCR086W
van_de_Pasch_2013_PMID_23785440,GSE33929.remapped.final.pcl,24,ctf19-del-1-a,deletion,YPL018W
van_de_Pasch_2013_PMID_23785440,GSE33929.remapped.final.pcl,25,ctf19-del-1-b,deletion,YPL018W
van_de_Pasch_2013_PMID_23785440,GSE33929.remapped.final.pcl,26,mcm21-del-1-a,deletion,YDR318W
van_de_Pasch_2013_PMID_23785440,GSE33929.remapped.final.pcl,27,mcm21-del-1-b,deletion,YDR318W
van_de_Pasch_2013_PMID_23785440,GSE33929.remapped.final.pcl,28,pph22-del-3-a,deletion,YDL188C
van_de_Pasch_2013_PMID_23785440,GSE33929.remapped.final.pcl,29,pph22-del-3-b,deletion,YDL188C
van_de_Pasch_2013_PMID_23785440,GSE33929.remapped.final.pcl,30,rts1-del-2-a,deletion,YOR014W
van_de_Pasch_2013_PMID_23785440,GSE33929.remapped.final.pcl,31,rts1-del-2-b,deletion,YOR014W
van_de_Pasch_2013_PMID_23785440,GSE33929.remapped.final.pcl,32,ybp2-del-1-b,deletion,YGL060W
van_de_Pasch_2013_PMID_23785440,GSE33929.remapped.final.pcl,33,ybp2-del-2-a,deletion,YGL060W
