gene_set,interaction_type,ffa_type,interaction_score,standard_deviation,standard_error,p_value,fdr_corrected_p,effect_size,significant_p05,significant_fdr05
RPD3_SPT3_YAP6,trigenic,C14:0,0.3626801193643039,0.4780013288031863,0.2759741958575184,0.2587279372210898,0.31578076440317626,0.3626801193643039,False,False
RPD3_SPT3_YAP6,trigenic,C16:0,-1.5258094687408374,0.21710029271778566,0.1253429124417601,1.1505585597593182e-06,4.020836288288976e-05,1.5258094687408374,True,True
RPD3_SPT3_YAP6,trigenic,C18:0,-1.6594949167328399,0.21948219363135524,0.1267181035753925,3.237624734309108e-06,7.223950188427197e-05,1.6594949167328399,True,True
RPD3_SPT3_YAP6,trigenic,C16:1,0.04588708219810833,0.36087030397416886,0.20834856714202846,0.8397565637364215,0.8652037323344949,0.04588708219810833,False,False
RPD3_SPT3_YAP6,trigenic,C18:1,-0.7241893615640345,0.37678072881407165,0.21753445520626766,0.06690292518636376,0.09849214140837881,0.7241893615640345,False,False
RPD3_SPT3_YAP6,trigenic,Total Titer,-1.1430759577658418,0.1133072838355356,0.06541799082359182,1.0021354190925535e-08,1.9880150998741186e-06,1.1430759577658418,True,True
RPD3_TFC7_YAP6,trigenic,C14:0,0.5632548982280712,0.7565253117104194,0.4367800923647762,0.252692343398512,0.3089423513468109,0.5632548982280712,False,False
RPD3_TFC7_YAP6,trigenic,C16:0,-1.625133293911642,0.19338548875524147,0.11165116399020603,1.325830274456763e-06,4.020836288288976e-05,1.625133293911642,True,True
RPD3_TFC7_YAP6,trigenic,C18:0,-1.7056044558275827,0.1983167071073133,0.11449820423320752,1.1585059069396664e-05,0.00016543464351098436,1.7056044558275827,True,True
RPD3_TFC7_YAP6,trigenic,C16:1,0.2668426126132153,0.453170981095133,0.26163838792420185,0.36323263200496725,0.42308009665831425,0.2668426126132153,False,False
RPD3_TFC7_YAP6,trigenic,C18:1,-0.5994342596763089,0.11424129481809399,0.06595724231579797,0.0003680111524271279,0.002136259860430645,0.5994342596763089,True,True
RPD3_TFC7_YAP6,trigenic,Total Titer,-1.1366487946714625,0.09940350844010666,0.05739064235628882,8.125859984886574e-10,5.801864029209014e-07,1.1366487946714625,True,True
RPD3_SPT3_TFC7,trigenic,C14:0,0.6902523048766023,0.6427767904848999,0.37110735301530073,0.15092786419481907,0.197006389460879,0.6902523048766023,False,False
RPD3_SPT3_TFC7,trigenic,C16:0,-1.510715356277631,0.21299307255346095,0.12297160777426618,2.1830672414235863e-06,5.566821465630145e-05,1.510715356277631,True,True
RPD3_SPT3_TFC7,trigenic,C18:0,-1.5729128407019273,0.20919647164284685,0.12077963921651753,2.978347010795801e-06,6.85980569583291e-05,1.5729128407019273,True,True
RPD3_SPT3_TFC7,trigenic,C16:1,0.20996867113393103,0.39121701318364305,0.22586924787313767,0.40187110985911834,0.4608653033817164,0.20996867113393103,False,False
RPD3_SPT3_TFC7,trigenic,C18:1,-0.5683319140359113,0.3941291553970463,0.22755057396396455,0.09737011243766647,0.13473306255909662,0.5683319140359113,False,False
RPD3_SPT3_TFC7,trigenic,Total Titer,-1.0582169769989402,0.12569753772819564,0.07257150724384691,1.8603520057780543e-08,2.6565826642510613e-06,1.0582169769989402,True,True
MED4_RPD3_YAP6,trigenic,C14:0,2.149098505608353,0.49003607439485813,0.28292245946449884,0.001269198713456765,0.004948277277899395,2.149098505608353,True,True
MED4_RPD3_YAP6,trigenic,C16:0,-1.6892396800618519,0.19452810161650094,0.1123108518332337,1.3073627862514314e-06,4.020836288288976e-05,1.6892396800618519,True,True
MED4_RPD3_YAP6,trigenic,C18:0,-1.281264273970764,0.1926318268742626,0.11121603710034492,9.136259737263508e-05,0.0008053443768402648,1.281264273970764,True,True
MED4_RPD3_YAP6,trigenic,C16:1,-0.13422210023898318,0.3940090488167091,0.22748123039747542,0.5858838163924744,0.640614157586871,0.13422210023898318,False,False
MED4_RPD3_YAP6,trigenic,C18:1,-4.085824496562538,0.6308881434815133,0.36424343946759496,0.001584920247474031,0.00568155119552,4.085824496562538,True,True
MED4_RPD3_YAP6,trigenic,Total Titer,-1.4330000237080802,0.15182314072014322,0.08765513116398913,1.1672773458926144e-07,9.26040027741474e-06,1.4330000237080802,True,True
MED4_RFX1_YAP6,trigenic,C14:0,2.4459746275710152,0.4826880967620575,0.278680102600202,0.0007856627095481628,0.0034393605977980114,2.4459746275710152,True,True
MED4_RFX1_YAP6,trigenic,C16:0,-1.589331081601264,0.28577033087622855,0.16498957745779902,4.9381098677026e-05,0.00047773809110369215,1.589331081601264,True,True
MED4_RFX1_YAP6,trigenic,C18:0,-1.023264475288276,0.292545703977852,0.16890134094188147,0.0007442952216454302,0.003345785481281986,1.023264475288276,True,True
MED4_RFX1_YAP6,trigenic,C16:1,0.4123310550732002,0.38377926973496174,0.22157506469087815,0.14100369396247725,0.18575025367012687,0.4123310550732002,False,False
MED4_RFX1_YAP6,trigenic,C18:1,-4.3709278095647495,0.6291476258922113,0.36323855116888215,0.0013054831168703984,0.0050113706744379805,4.3709278095647495,True,True
MED4_RFX1_YAP6,trigenic,Total Titer,-1.235016899314382,0.20953476699935164,0.12097495413166116,1.8277496562468798e-05,0.00023667017910472543,1.235016899314382,True,True
MED4_RFX1_TFC7,trigenic,C14:0,2.556989441235457,0.6382555429376403,0.36849700952681747,0.004741542632330731,0.012005182409518233,2.556989441235457,True,True
MED4_RFX1_TFC7,trigenic,C16:0,-1.6433079494768983,0.2523671870496378,0.145704263377737,2.1466202530406875e-05,0.00025977743401204255,1.6433079494768983,True,True
MED4_RFX1_TFC7,trigenic,C18:0,-1.0443927480958717,0.23753753632319285,0.1371423605388359,0.0005575770648247325,0.002905912586020868,1.0443927480958717,True,True
MED4_RFX1_TFC7,trigenic,C16:1,0.2986383992823818,0.3823787148641797,0.22076645395921732,0.24661111385324763,0.3030465879933481,0.2986383992823818,False,False
MED4_RFX1_TFC7,trigenic,C18:1,-4.031405991576843,0.5242123435839154,0.3026541376806982,0.00039881310656753044,0.0022421461266867457,4.031405991576843,True,True
MED4_RFX1_TFC7,trigenic,Total Titer,-1.2486517084919417,0.16825921520582118,0.09714450319271604,6.373203288445595e-06,0.00012298559859324741,1.2486517084919417,True,True
GCN5_OPI1_TFC7,trigenic,C14:0,-0.25573985662256504,,,,,0.25573985662256504,False,False
GCN5_OPI1_TFC7,trigenic,C16:0,-1.2230676682615527,,,,,1.2230676682615527,False,False
GCN5_OPI1_TFC7,trigenic,C18:0,-0.8429487982463006,,,,,0.8429487982463006,False,False
GCN5_OPI1_TFC7,trigenic,C16:1,-0.6293437004210656,,,,,0.6293437004210656,False,False
GCN5_OPI1_TFC7,trigenic,C18:1,-3.4664037460319745,,,,,3.4664037460319745,False,False
GCN5_OPI1_TFC7,trigenic,Total Titer,-1.202041606706334,,,,,1.202041606706334,False,False
MED4_RGR1_YAP6,trigenic,C14:0,3.0421148255207147,0.73759845999802,0.4258526694337103,0.0005712820551966313,0.0029557636768869186,3.0421148255207147,True,True
MED4_RGR1_YAP6,trigenic,C16:0,-1.7312057632110442,0.2899412208208412,0.16739764189008136,0.00014973068407697632,0.0010908949839893989,1.7312057632110442,True,True
MED4_RGR1_YAP6,trigenic,C18:0,-1.2600798559461361,0.26961053540694807,0.1556597151935606,0.0002500684972652767,0.001614699555278154,1.2600798559461361,True,True
MED4_RGR1_YAP6,trigenic,C16:1,0.9114725236472685,0.4124109143077775,0.23810555239233502,0.013764148838471213,0.027374936687098735,0.9114725236472685,True,True
MED4_RGR1_YAP6,trigenic,C18:1,-3.7952555567043293,0.6936946264240748,0.4005047793013365,0.00092068832810277,0.0038668909780316344,3.7952555567043293,True,True
MED4_RGR1_YAP6,trigenic,Total Titer,-1.194261280580582,0.2292409367377922,0.1323523165348463,0.00040506536346929245,0.002259505230602147,1.194261280580582,True,True
MED4_TFC7_YAP6,trigenic,C14:0,1.7201601766084043,0.743162956584428,0.4290653330357777,0.011125874094864097,0.023364335599214605,1.7201601766084043,True,True
MED4_TFC7_YAP6,trigenic,C16:0,-2.099755443551359,0.21379348626870365,0.12343372684822461,6.458932675368345e-07,2.562043294562777e-05,2.099755443551359,True,True
MED4_TFC7_YAP6,trigenic,C18:0,-1.5893335271946405,0.1995170699661404,0.11519123405287657,3.271678957039725e-05,0.0003707902817978355,1.5893335271946405,True,True
MED4_TFC7_YAP6,trigenic,C16:1,0.6708477537604676,0.4866036280845492,0.28094073566326305,0.05949653560962953,0.08962136376640398,0.6708477537604676,False,False
MED4_TFC7_YAP6,trigenic,C18:1,-3.427200479049572,0.739379369986186,0.42688087829478044,0.0011875897189279616,0.004710772551747581,3.427200479049572,True,True
MED4_TFC7_YAP6,trigenic,Total Titer,-1.4717690677106017,0.13659369966841156,0.0788624092731643,3.177989627012323e-08,3.7818076561446645e-06,1.4717690677106017,True,True
GCN5_MED4_RFX1,trigenic,C14:0,0.42361218958684965,0.4530284581819764,0.2695772025009267,0.16093891722735898,0.20704574216276453,0.42361218958684965,False,False
GCN5_MED4_RFX1,trigenic,C16:0,-0.6346317648195805,0.23062865491693618,0.14197438160925366,0.009370232725202321,0.02077747256457906,0.6346317648195805,True,True
GCN5_MED4_RFX1,trigenic,C18:0,-0.48437021171891614,0.19600676813712173,0.11338308186571727,0.028914372365643537,0.04880582002144086,0.48437021171891614,True,True
GCN5_MED4_RFX1,trigenic,C16:1,-0.5843477838843789,0.36887448235200415,0.2403744866820026,0.07496397938653465,0.10791185742335835,0.5843477838843789,False,False
GCN5_MED4_RFX1,trigenic,C18:1,-2.850107352373771,0.44597946194216126,0.3010759077063467,0.004287152677290296,0.011090677578207503,2.850107352373771,True,True
GCN5_MED4_RFX1,trigenic,Total Titer,-0.781268554414428,0.20784214333474632,0.1316929157156852,0.0018854073269798377,0.006320097800298611,0.781268554414428,True,True
MED4_SPT3_TFC7,trigenic,C14:0,2.291545807804768,0.6875581074955741,0.3969618584460794,0.0037506062706498255,0.01020424435369647,2.291545807804768,True,True
MED4_SPT3_TFC7,trigenic,C16:0,-1.9607153562776312,0.24704920923780874,0.14263392745653306,2.150697875347163e-06,5.566821465630145e-05,1.9607153562776312,True,True
MED4_SPT3_TFC7,trigenic,C18:0,-1.4602308440795875,0.1803815055435591,0.10414331078240383,7.324978048561803e-07,2.7526496456174355e-05,1.4602308440795875,True,True
MED4_SPT3_TFC7,trigenic,C16:1,0.726592048626685,0.3945691865355785,0.2278046260602479,0.028793379645014605,0.048716760821185846,0.726592048626685,True,True
MED4_SPT3_TFC7,trigenic,C18:1,-2.771055856175542,0.6561364342779844,0.37882054695551554,0.00037833538847720227,0.002168860020812055,2.771055856175542,True,True
MED4_SPT3_TFC7,trigenic,Total Titer,-1.2918791706328983,0.14874920395086547,0.08588039294277473,1.9387389138536548e-07,1.1535496537429246e-05,1.2918791706328983,True,True
GCN5_MED4_YAP6,trigenic,C14:0,-0.29040109278119797,0.6784564417536973,0.39710786265993536,0.4887487876947487,0.5444097260749619,0.29040109278119797,False,False
GCN5_MED4_YAP6,trigenic,C16:0,-0.6379495751794044,0.30319353561683643,0.18184876378558146,0.01573857682873059,0.030453506384047802,0.6379495751794044,True,True
GCN5_MED4_YAP6,trigenic,C18:0,-0.5318567625907327,0.15793607595099787,0.0914554913447771,0.01606148135862351,0.03074503402160103,0.5318567625907327,True,True
GCN5_MED4_YAP6,trigenic,C16:1,-0.9058234538066596,0.5826607722726229,0.35438438328919025,0.03337942298596919,0.054537546938173906,0.9058234538066596,True,False
GCN5_MED4_YAP6,trigenic,C18:1,-2.538887227334266,0.7709437760338882,0.47166256721473104,0.002453653750687179,0.007551330939614853,2.538887227334266,True,True
GCN5_MED4_YAP6,trigenic,Total Titer,-0.8416549181762703,0.26986761970312434,0.1649840878866248,0.0018352247512847253,0.006268640216991959,0.8416549181762703,True,True
MED4_RFX1_RPD3,trigenic,C14:0,2.395235614246901,0.25582289383776385,0.15443047269279617,7.070938764508483e-06,0.00012945257122715532,2.395235614246901,True,True
MED4_RFX1_RPD3,trigenic,C16:0,-1.6448096046965328,0.23406940062332146,0.13895076161299683,4.015924320110997e-05,0.00041805985454883467,1.6448096046965328,True,True
MED4_RFX1_RPD3,trigenic,C18:0,-1.1800785138293948,0.23163241518188254,0.1393458917853108,0.0006223873878723474,0.003107584580005986,1.1800785138293948,True,True
MED4_RFX1_RPD3,trigenic,C16:1,0.16695842231043745,0.22730453330669076,0.13551603603743184,0.2692513616787773,0.32528844710430965,0.16695842231043745,False,False
MED4_RFX1_RPD3,trigenic,C18:1,-5.320322980126683,0.3139094000343964,0.1822272625318169,1.088031036378112e-07,9.26040027741474e-06,5.320322980126683,True,True
MED4_RFX1_RPD3,trigenic,Total Titer,-1.4456925016538813,0.18024200114203978,0.10604213346641635,1.3408421726257558e-06,4.020836288288976e-05,1.4456925016538813,True,True
MED4_SPT3_YAP6,trigenic,C14:0,2.1739682953181068,0.5123899327612791,0.2958284656097787,0.0007388252371689497,0.003345785481281986,2.1739682953181068,True,True
MED4_SPT3_YAP6,trigenic,C16:0,-1.8818815285351342,0.25729848866037075,0.1485513516901489,1.7633569384667425e-06,4.8424494387125154e-05,1.8818815285351342,True,True
MED4_SPT3_YAP6,trigenic,C18:0,-1.4469123485924555,0.22182412351628714,0.12807021742488117,1.0245277230813699e-05,0.00016255839872891069,1.4469123485924555,True,True
MED4_SPT3_YAP6,trigenic,C16:1,0.8662632294170025,0.4115091795119905,0.23758493556524976,0.016340671175194554,0.031195826789007786,0.8662632294170025,True,True
MED4_SPT3_YAP6,trigenic,C18:1,-3.1177425441224287,0.7298307761338587,0.4213679950637569,0.0010930910318345255,0.004384646049044108,3.1177425441224287,True,True
MED4_SPT3_YAP6,trigenic,Total Titer,-1.2664551451243033,0.1697562013783814,0.09800878856241682,6.788136985846904e-08,6.923899725563842e-06,1.2664551451243033,True,True
MED4_RGR1_SPT3,trigenic,C14:0,2.9491716471372103,0.6960949460867635,0.40189060450473096,0.0006852070743457173,0.003261585673885614,2.9491716471372103,True,True
MED4_RGR1_SPT3,trigenic,C16:0,-1.8152550479694283,0.39815289438935575,0.2298736807543232,0.00010611412997074687,0.0008854161323377989,1.8152550479694283,True,True
MED4_RGR1_SPT3,trigenic,C18:0,-1.3124107771974365,0.34003625266904436,0.1963200220127044,0.0007899931905306357,0.0034393605977980114,1.3124107771974365,True,True
MED4_RGR1_SPT3,trigenic,C16:1,1.2454462689864307,0.29623218615408065,0.1710297324186898,8.87911718088219e-05,0.0007992806371829641,1.2454462689864307,True,True
MED4_RGR1_SPT3,trigenic,C18:1,-3.069513719675768,0.6314860619756344,0.36458864787112927,4.455708276229764e-05,0.00044808108580676785,3.069513719675768,True,True
MED4_RGR1_SPT3,trigenic,Total Titer,-1.1075159485554145,0.3238316515601044,0.18696429120034738,0.00114366957929124,0.004561899886111426,1.1075159485554145,True,True
MED4_RFX1_RGR1,trigenic,C14:0,3.7918522340729313,0.8532498217139954,0.4926240142525755,0.0009724792715706254,0.004013584970528477,3.7918522340729313,True,True
MED4_RFX1_RGR1,trigenic,C16:0,-1.5740835685257655,0.30719110891188556,0.17735686942293677,0.00023777451357931412,0.0015719537286632435,1.5740835685257655,True,True
MED4_RFX1_RGR1,trigenic,C18:0,-1.0138853161244143,0.29057410320233973,0.16776303670340495,0.0009702437087524274,0.004013584970528477,1.0138853161244143,True,True
MED4_RFX1_RGR1,trigenic,C16:1,0.6502764705488575,0.20723304514599175,0.11964605440002421,0.004812472722972805,0.012141715633224675,0.6502764705488575,True,True
MED4_RFX1_RGR1,trigenic,C18:1,-4.397311412553721,0.44011481187276186,0.25410040510908055,9.517924264335065e-05,0.0008287558444799069,4.397311412553721,True,True
MED4_RFX1_RGR1,trigenic,Total Titer,-1.1565236679712596,0.24296518518598445,0.1402760150708354,0.00033459979372452153,0.001974415311729821,1.1565236679712596,True,True
FKH1_GCN5_RFX1,trigenic,C14:0,-0.9462393063911998,1.4721097306015054,0.8499489153502774,0.36518633634673403,0.4236706069933993,0.9462393063911998,False,False
FKH1_GCN5_RFX1,trigenic,C16:0,-1.7745506500484032,0.3304861498512274,0.19168537074121,5.0182572594925645e-05,0.00047773809110369215,1.7745506500484032,True,True
FKH1_GCN5_RFX1,trigenic,C18:0,-0.5774542841484829,0.21808614559160788,0.12595816008071195,0.010638872227992646,0.022607603484484373,0.5774542841484829,True,True
FKH1_GCN5_RFX1,trigenic,C16:1,-0.8280661119404478,0.4294358964771938,0.25541401382397677,0.015846168934450677,0.030496400590829604,0.8280661119404478,True,True
FKH1_GCN5_RFX1,trigenic,C18:1,-4.931274585617881,0.7862810349725139,0.46202419694059,0.0007345547681165687,0.003345785481281986,4.931274585617881,True,True
FKH1_GCN5_RFX1,trigenic,Total Titer,-1.5414907478405353,0.2441473730664186,0.14382999087878684,1.4736964540462694e-05,0.0001985319373941578,1.5414907478405353,True,True
MED4_RPD3_SPT3,trigenic,C14:0,1.884219297674333,0.29659336797217706,0.17123826083859414,6.651356458053925e-06,0.00012497548713290797,1.884219297674333,True,True
MED4_RPD3_SPT3,trigenic,C16:0,-1.6456724319525367,0.23703193913789006,0.13685045386779982,4.75972261870794e-06,9.440116527104081e-05,1.6456724319525367,True,True
MED4_RPD3_SPT3,trigenic,C18:0,-1.2060552952097614,0.17228893242892523,0.09947106151623324,4.934292223701675e-07,2.3487230984819973e-05,1.2060552952097614,True,True
MED4_RPD3_SPT3,trigenic,C16:1,0.8994647985379867,0.3280401268003601,0.18939405551318686,0.002258459974576077,0.007142610206565827,0.8994647985379867,True,True
MED4_RPD3_SPT3,trigenic,C18:1,-3.744306638691668,0.5200844409465313,0.3002708919818159,1.467610458294466e-05,0.0001985319373941578,3.744306638691668,True,True
MED4_RPD3_SPT3,trigenic,Total Titer,-1.1644326510277772,0.17625457486036977,0.10176062624153753,1.506314151189514e-07,9.777348217721027e-06,1.1644326510277772,True,True
FKH1_GCN5_SPT3,trigenic,C14:0,-1.5367769968221854,1.470085221319483,0.8487801001291314,0.19175282698959473,0.24037011066468686,1.5367769968221854,False,False
FKH1_GCN5_SPT3,trigenic,C16:0,-1.8661012493181737,0.4310694339895187,0.24955267028902037,0.001066386427006849,0.004301694400468306,1.8661012493181737,True,True
FKH1_GCN5_SPT3,trigenic,C18:0,-0.8105924886199687,0.23714071136192766,0.13695561855213273,0.0013139749412642843,0.0050169952302818125,0.8105924886199687,True,True
FKH1_GCN5_SPT3,trigenic,C16:1,-0.5661219817516061,0.44986609606134076,0.26687904287356107,0.06416929284756057,0.09585120312376202,0.5661219817516061,False,False
FKH1_GCN5_SPT3,trigenic,C18:1,-4.42678594200852,1.3324952787759514,0.7741026800277735,0.009922291630068969,0.021533483963128403,4.42678594200852,True,True
FKH1_GCN5_SPT3,trigenic,Total Titer,-1.5559095150268636,0.22902242224570307,0.13528307228996028,3.43611306470315e-05,0.0003833413637809452,1.5559095150268636,True,True
MED4_RFX1_SPT3,trigenic,C14:0,2.9545236699680535,0.46263773186081697,0.2671040190271206,0.00013736132907227194,0.0010216248849750226,2.9545236699680535,True,True
MED4_RFX1_SPT3,trigenic,C16:0,-1.4921121126695969,0.2964620883362231,0.171162466505437,1.8562366988605916e-05,0.00023667017910472543,1.4921121126695969,True,True
MED4_RFX1_SPT3,trigenic,C18:0,-0.918241603382135,0.25457775972386226,0.14698053810626377,0.0006826601833995749,0.003261585673885614,0.918241603382135,True,True
MED4_RFX1_SPT3,trigenic,C16:1,0.4765853544245342,0.26068468125471944,0.15050637089602406,0.018145631386502714,0.034005198976280675,0.4765853544245342,True,True
MED4_RFX1_SPT3,trigenic,C18:1,-3.720045621905038,0.4960426355977899,0.28639034919191547,2.8990011893270662e-05,0.00033932571298025006,3.720045621905038,True,True
MED4_RFX1_SPT3,trigenic,Total Titer,-1.078797539166235,0.1995164938983414,0.11519090145997773,4.040921958159416e-06,8.243480794645208e-05,1.078797539166235,True,True
MED4_RGR1_RPD3,trigenic,C14:0,3.3887589151675144,0.6775628117094304,0.39119107173331935,0.0004539350669141573,0.002474119372341285,3.3887589151675144,True,True
MED4_RGR1_RPD3,trigenic,C16:0,-1.6354257952179636,0.3132476832412743,0.18085363424237633,8.650131860465926e-05,0.0007918197626118809,1.6354257952179636,True,True
MED4_RGR1_RPD3,trigenic,C18:0,-1.244082383599333,0.28169903913271854,0.16263901607373402,0.00022822976381342563,0.0015229537510540738,1.244082383599333,True,True
MED4_RGR1_RPD3,trigenic,C16:1,0.8795026877221643,0.33786609724742434,0.19506708219584876,0.008054495567602293,0.018141671404631035,0.8795026877221643,True,True
MED4_RGR1_RPD3,trigenic,C18:1,-4.578300045889348,0.49896908034187404,0.288079932852681,1.09808174522108e-05,0.00016543464351098436,4.578300045889348,True,True
MED4_RGR1_RPD3,trigenic,Total Titer,-1.2290706205248965,0.29072121807067525,0.16784797351224026,0.0002587775613493992,0.0016471512544657342,1.2290706205248965,True,True
SPT3_TFC7_YAP6,trigenic,C14:0,0.492090528505992,0.7705676343073181,0.44488743109614326,0.31491501665446986,0.37226708922399254,0.492090528505992,False,False
SPT3_TFC7_YAP6,trigenic,C16:0,-1.726984584589831,0.21584852239523866,0.12462020250907402,4.9083936826122e-07,2.3487230984819973e-05,1.726984584589831,True,True
SPT3_TFC7_YAP6,trigenic,C18:0,-1.91377906521569,0.21478734320055795,0.12400753041536668,2.4771142621560216e-06,5.965389023656619e-05,1.91377906521569,True,True
SPT3_TFC7_YAP6,trigenic,C16:1,0.32956896032346394,0.48047965977084506,0.2774050609088372,0.28696775944490693,0.3437835238987643,0.32956896032346394,False,False
SPT3_TFC7_YAP6,trigenic,C18:1,-0.4664262504032033,0.40750348640730094,0.23527224757296625,0.14044845282344576,0.18536080465053656,0.4664262504032033,False,False
SPT3_TFC7_YAP6,trigenic,Total Titer,-1.2134530364042444,0.1140699612209096,0.06585832281734233,6.297970367441508e-09,1.9880150998741186e-06,1.2134530364042444,True,True
MED4_OPI1_SPT3,trigenic,C14:0,1.147558859726904,0.4760502881147665,0.27484776199085936,0.001591470923114846,0.00568155119552,1.147558859726904,True,True
MED4_OPI1_SPT3,trigenic,C16:0,-1.8259062757476334,0.3628352395621972,0.20948302323271695,2.04747077738876e-05,0.00025205071294061635,1.8259062757476334,True,True
MED4_OPI1_SPT3,trigenic,C18:0,-1.2778561921911176,0.32927085096201136,0.19010461443921442,0.0007008993702637412,0.003270863727897459,1.2778561921911176,True,True
MED4_OPI1_SPT3,trigenic,C16:1,0.09507273250637649,0.41691772991151044,0.24070756359433826,0.7078727944704362,0.7535259427847475,0.09507273250637649,False,False
MED4_OPI1_SPT3,trigenic,C18:1,-3.4579225334312227,1.512559804702295,0.8732768104102777,0.04148422454427081,0.06656120522384125,3.4579225334312227,True,False
MED4_OPI1_SPT3,trigenic,Total Titer,-1.3986612079624074,0.38493839111417255,0.22224428373118899,0.0041623977222726705,0.010886270965943908,1.3986612079624074,True,True
GCN5_MED4_TFC7,trigenic,C14:0,0.2752417594712435,0.9080060879659703,0.5282852374065875,0.625892962513459,0.6776511780812904,0.2752417594712435,False,False
GCN5_MED4_TFC7,trigenic,C16:0,-1.4347801694695923,0.6238159275448558,0.36351382829719314,0.03367485894169575,0.05489463306933964,1.4347801694695923,True,False
GCN5_MED4_TFC7,trigenic,C18:0,-1.0209145966379973,0.32933480233957185,0.190271672998189,0.0158166161686617,0.030496400590829604,1.0209145966379973,True,True
GCN5_MED4_TFC7,trigenic,C16:1,-1.1221465963329171,0.4905702471211742,0.3043739285664809,0.01041144457908394,0.02219036247601771,1.1221465963329171,True,True
GCN5_MED4_TFC7,trigenic,C18:1,-5.178510380222768,0.790065920183366,0.48209493683456545,3.8225549686021765e-05,0.0004073588429226797,5.178510380222768,True,True
GCN5_MED4_TFC7,trigenic,Total Titer,-1.5934624319488786,0.4443364805738036,0.2622121428486412,0.008628406613386819,0.01925213225611934,1.5934624319488786,True,True
RGR1_RPD3_YAP6,trigenic,C14:0,2.0290770975170282,0.7716936575402339,0.45580025250892015,0.003966254276953851,0.010527529939572676,2.0290770975170282,True,True
RGR1_RPD3_YAP6,trigenic,C16:0,-1.029576915705831,0.2543294425039308,0.14717302859946216,0.00011036699688804497,0.0008854161323377989,1.029576915705831,True,True
RGR1_RPD3_YAP6,trigenic,C18:0,-1.1086874098265307,0.2668942415944497,0.15446574365875906,0.00013574497472168545,0.0010202306521187728,1.1086874098265307,True,True
RGR1_RPD3_YAP6,trigenic,C16:1,0.742441408995669,0.4249328854181169,0.24596991850461605,0.03644357997225223,0.05927270182275191,0.742441408995669,True,False
RGR1_RPD3_YAP6,trigenic,C18:1,-0.5998470028906704,0.24485154777190557,0.14338335519055456,0.0214034531748315,0.03934192988380016,0.5998470028906704,True,True
RGR1_RPD3_YAP6,trigenic,Total Titer,-0.6063953033318943,0.21052888356769678,0.12244007924668454,0.009865690728839693,0.021475924330462016,0.6063953033318943,True,True
RGR1_SPT3_TFC7,trigenic,C14:0,1.6357034194499684,0.9135093604176021,0.5274148751443455,0.016844588242620917,0.03189540437453058,1.6357034194499684,True,True
RGR1_SPT3_TFC7,trigenic,C16:0,-1.3955352477423983,0.2971808636758526,0.171577451641259,0.0018166761644331508,0.0062360902952176426,1.3955352477423983,True,True
RGR1_SPT3_TFC7,trigenic,C18:0,-1.5050116875999606,0.2847707914442815,0.16441249309769873,0.0012751863013074072,0.004948277277899395,1.5050116875999606,True,True
RGR1_SPT3_TFC7,trigenic,C16:1,0.5355930728396134,0.3901934807333224,0.22527831113742075,0.07084396264484871,0.10239390552312141,0.5355930728396134,False,False
RGR1_SPT3_TFC7,trigenic,C18:1,-0.6939659910028171,0.45658752427447585,0.26361093004849345,0.053578351515377376,0.08244599780599018,0.6939659910028171,False,False
RGR1_SPT3_TFC7,trigenic,Total Titer,-0.9237589063625018,0.24959834765993613,0.1441056732107499,0.007804545303341737,0.017690302687574603,0.9237589063625018,True,True
GCN5_MED4_SPT3,trigenic,C14:0,-0.0980622504546309,0.43510394561436294,0.25954849507758965,0.7160171048519901,0.7607681739052395,0.0980622504546309,False,False
GCN5_MED4_SPT3,trigenic,C16:0,-0.7333511604555667,0.2602416592795742,0.15812054458100497,0.0025317407734999353,0.0077582099239440075,0.7333511604555667,True,True
GCN5_MED4_SPT3,trigenic,C18:0,-0.5761822930064533,0.15991079716379217,0.0925922596730848,0.0003972072945352956,0.0022421461266867457,0.5761822930064533,True,True
GCN5_MED4_SPT3,trigenic,C16:1,-0.39729504026562523,0.43341190198442725,0.2739325796579689,0.19915519254784342,0.24816196767741744,0.39729504026562523,False,False
GCN5_MED4_SPT3,trigenic,C18:1,-1.6150602839921189,0.6368014125408218,0.3993989088381723,0.007323741615038459,0.016922820430865567,1.6150602839921189,True,True
GCN5_MED4_SPT3,trigenic,Total Titer,-0.6979397840746007,0.22007843694567253,0.13816081693876983,0.002383169523034301,0.007430493622037077,0.6979397840746007,True,True
GCN5_MED4_RGR1,trigenic,C14:0,1.2429626326942627,0.7682666765425279,0.44833562825471107,0.030326160888762166,0.0508283541656718,1.2429626326942627,True,False
GCN5_MED4_RGR1,trigenic,C16:0,-0.7782656803599712,0.2716427203001126,0.16438812418910712,0.008214190228287066,0.018443181833323788,0.7782656803599712,True,True
GCN5_MED4_RGR1,trigenic,C18:0,-0.6003608616389479,0.19525835807883982,0.1129518230695265,0.02302845044372792,0.04121268994287723,0.6003608616389479,True,True
GCN5_MED4_RGR1,trigenic,C16:1,0.011576785845778481,0.453811023519628,0.2847313019207068,0.9689450443026097,0.9716668000450328,0.011576785845778481,False,False
GCN5_MED4_RGR1,trigenic,C18:1,-1.9397034510942501,0.585163126426881,0.3721372106535724,0.0044266630241815985,0.011328449459733552,1.9397034510942501,True,True
GCN5_MED4_RGR1,trigenic,Total Titer,-0.6496715618980615,0.2629746336114683,0.16123106971693393,0.006924404619785163,0.016104315630379822,0.6496715618980615,True,True
FKH1_GCN5_YAP6,trigenic,C14:0,-1.301490049913249,1.7491801088688315,1.009911459889113,0.2638865679953768,0.32043368970867186,1.301490049913249,False,False
FKH1_GCN5_YAP6,trigenic,C16:0,-1.9015177078197456,0.3256430804389722,0.18890223632246073,1.1250646383409446e-05,0.00016543464351098436,1.9015177078197456,True,True
FKH1_GCN5_YAP6,trigenic,C18:0,-0.9413616333560748,0.2771389168207928,0.1600424803922936,0.00267898210644546,0.008003318928878907,0.9413616333560748,True,True
FKH1_GCN5_YAP6,trigenic,C16:1,-0.5055679026395241,1.0840635307777697,0.6288845959188955,0.45517339519459066,0.5101943550532774,0.5055679026395241,False,False
FKH1_GCN5_YAP6,trigenic,C18:1,-4.216385400077167,3.034128025136017,1.7538618420155117,0.1270254375712805,0.17048150831935013,4.216385400077167,False,False
FKH1_GCN5_YAP6,trigenic,Total Titer,-1.5706480814804498,0.44909109548810433,0.26085504985211516,0.0008884187989846026,0.0038212712197289536,1.5706480814804498,True,True
MED4_RGR1_TFC7,trigenic,C14:0,2.964494630443241,0.8202216809710586,0.4735552083038081,0.0014876511367738487,0.005475169647714062,2.964494630443241,True,True
MED4_RGR1_TFC7,trigenic,C16:0,-1.9450722612708085,0.27948648931318343,0.16136159983982992,0.00012642994847267275,0.000981206339233569,1.9450722612708085,True,True
MED4_RGR1_TFC7,trigenic,C18:0,-1.4666472805359516,0.2281726111767589,0.13173551848460155,0.00037970238459594796,0.002168860020812055,1.4666472805359516,True,True
MED4_RGR1_TFC7,trigenic,C16:1,0.9722809824411076,0.368406095669216,0.21269935850572091,0.013532162292498207,0.026988725912971284,0.9722809824411076,True,True
MED4_RGR1_TFC7,trigenic,C18:1,-3.438012361748962,0.6084364929598145,0.35128097299514077,0.00033000774625935314,0.001963546090243151,3.438012361748962,True,True
MED4_RGR1_TFC7,trigenic,Total Titer,-1.2931862977689392,0.2151790824337179,0.1242337011670837,0.0006457119776752673,0.003179574841794075,1.2931862977689392,True,True
RFX1_TFC7_YAP6,trigenic,C14:0,1.2635533089862214,0.763101296325359,0.44057673885239845,0.03273026975956417,0.05400147823686733,1.2635533089862214,True,False
RFX1_TFC7_YAP6,trigenic,C16:0,-1.1400310896275632,0.3252853247822261,0.18780356982645308,0.0001397559838587359,0.0010287193038673963,1.1400310896275632,True,True
RFX1_TFC7_YAP6,trigenic,C18:0,-1.1141179496929907,0.3363928258219213,0.19421648854174517,0.0002690331716279637,0.0016849972328277728,1.1141179496929907,True,True
RFX1_TFC7_YAP6,trigenic,C16:1,0.21892216651158503,0.45201356801826875,0.2609701551727107,0.4473562398568034,0.5030115830830829,0.21892216651158503,False,False
RFX1_TFC7_YAP6,trigenic,C18:1,-0.8731552530910083,0.19782493758807423,0.11421428096889559,0.0004143627838870678,0.002290540276797033,0.8731552530910083,True,True
RFX1_TFC7_YAP6,trigenic,Total Titer,-0.7954684765350093,0.21595322545320902,0.12468065284777817,0.00022371002114462968,0.0015068769348798642,0.7954684765350093,True,True
MED4_RPD3_TFC7,trigenic,C14:0,1.976995486265924,0.8224099502956441,0.47481860618741695,0.010303855538530193,0.022026804953624426,1.976995486265924,True,True
MED4_RPD3_TFC7,trigenic,C16:0,-1.6679454146075385,0.20947596118427578,0.12094100257849724,1.3420634337180104e-07,9.582332916746594e-06,1.6679454146075385,True,True
MED4_RPD3_TFC7,trigenic,C18:0,-1.1694265806220707,0.18700321656802574,0.10796635742487555,1.407855843238437e-06,4.020836288288976e-05,1.1694265806220707,True,True
MED4_RPD3_TFC7,trigenic,C16:1,0.9387129057523278,0.38157177839973855,0.2203005689742533,0.012809732505545623,0.026206730684697924,0.9387129057523278,True,True
MED4_RPD3_TFC7,trigenic,C18:1,-3.9219476652693297,0.5232085188855131,0.3020745792208564,0.0005229870670040437,0.0028076147807585506,3.9219476652693297,True,True
MED4_RPD3_TFC7,trigenic,Total Titer,-1.1708965454079556,0.17096999242816135,0.09870957115174724,6.235520544350948e-07,2.562043294562777e-05,1.1708965454079556,True,True
RGR1_TFC7_YAP6,trigenic,C14:0,1.5639646048437053,0.908468728622062,0.5245046650203046,0.021683295224526056,0.03959558258391714,1.5639646048437053,True,True
RGR1_TFC7_YAP6,trigenic,C16:0,-1.4257952179631865,0.20602081602151961,0.11894617358869072,3.89457447647068e-06,8.178606400588428e-05,1.4257952179631865,True,True
RGR1_TFC7_YAP6,trigenic,C18:0,-1.5495375289393922,0.20139112303519782,0.11627321909677253,3.492556859296947e-05,0.00038364393808277235,1.5495375289393922,True,True
RGR1_TFC7_YAP6,trigenic,C16:1,0.6043408553851513,0.4589168704541268,0.2649557786923507,0.07892227302816512,0.11247605377666647,0.6043408553851513,False,False
RGR1_TFC7_YAP6,trigenic,C18:1,-0.7102735063865127,0.1392580497890298,0.08040067253251869,3.596034245112456e-05,0.0003890255228803475,0.7102735063865127,True,True
RGR1_TFC7_YAP6,trigenic,Total Titer,-0.9383653571037693,0.11406642534781485,0.06585628138005925,3.4432556628161137e-07,1.8911419563466962e-05,0.9383653571037693,True,True
RGR1_SPT3_YAP6,trigenic,C14:0,1.5318641571440743,0.7796408911894022,0.4501258783994411,0.01306668023050328,0.02657602251723485,1.5318641571440743,True,True
RGR1_SPT3_YAP6,trigenic,C16:0,-1.163051828604095,0.3356625896369677,0.1937948864837902,0.001390878982210575,0.005199411483237437,1.163051828604095,True,True
RGR1_SPT3_YAP6,trigenic,C18:0,-1.2925087517195863,0.32615912671058483,0.18830805960500943,0.0007556300566926577,0.00336306997013231,1.2925087517195863,True,True
RGR1_SPT3_YAP6,trigenic,C16:1,0.6395172141408327,0.3934304249784836,0.22714716176871638,0.04700446800205493,0.07359910121374391,0.6395172141408327,True,False
RGR1_SPT3_YAP6,trigenic,C18:1,-0.6413416388596351,0.43184838075029597,0.2493277788752874,0.07070045074571718,0.10239375625241799,0.6413416388596351,False,False
RGR1_SPT3_YAP6,trigenic,Total Titer,-0.7464761511328404,0.2537822862324244,0.14652127127184889,0.01276896351045953,0.026198390650770415,0.7464761511328404,True,True
OPI1_RGR1_RPD3,trigenic,C14:0,0.8222913003328105,0.7000968310102427,0.4042010938425676,0.09401420241206448,0.1305956041288211,0.8222913003328105,False,False
OPI1_RGR1_RPD3,trigenic,C16:0,-0.652970631931898,0.24699552544125375,0.1426029331021409,0.0014375431403661487,0.005318164778349379,0.652970631931898,True,True
OPI1_RGR1_RPD3,trigenic,C18:0,-0.8818165550100094,0.2894140759049165,0.16709329463097033,0.0006648751216722371,0.0032293934481222946,0.8818165550100094,True,True
OPI1_RGR1_RPD3,trigenic,C16:1,0.04202620110722144,0.3727252355779419,0.21519301509469146,0.8526093052630836,0.875918048860204,0.04202620110722144,False,False
OPI1_RGR1_RPD3,trigenic,C18:1,0.3068170958859069,1.116594900179469,0.6446663661943797,0.677052910080679,0.7247612860533805,0.3068170958859069,False,False
OPI1_RGR1_RPD3,trigenic,Total Titer,-0.4602883779418723,0.26188607685735693,0.15119999697061007,0.02544747662681135,0.044424201250717124,0.4602883779418723,True,True
FKH1_GCN5_RPD3,trigenic,C14:0,-1.2123425494999491,1.5280954464276684,0.8822713321453661,0.2709165488829597,0.3267473241595155,1.2123425494999491,False,False
FKH1_GCN5_RPD3,trigenic,C16:0,-1.6609400107781747,0.41250838391009703,0.23886671012736896,0.0009799028257038156,0.004020980560646692,1.6609400107781747,True,True
FKH1_GCN5_RPD3,trigenic,C18:0,-0.9390024158101353,0.25031351449670036,0.144558711156218,0.0017570369698596267,0.006119631202340358,0.9390024158101353,True,True
FKH1_GCN5_RPD3,trigenic,C16:1,0.2798076086301653,0.5766213087232139,0.3385192756025988,0.44289800525685097,0.4995721575882964,0.2798076086301653,False,False
FKH1_GCN5_RPD3,trigenic,C18:1,-3.520657218961989,0.9239780736728819,0.5403383786562493,0.0037729979122911317,0.01020424435369647,3.520657218961989,True,True
FKH1_GCN5_RPD3,trigenic,Total Titer,-1.2511436712903916,0.3865942164491328,0.2250247003073675,0.0009278160301302574,0.0038740388626491446,1.2511436712903916,True,True
GCN5_MED4_RPD3,trigenic,C14:0,-0.27351007532909577,0.4949806063414884,0.29313627152806465,0.4041757568711619,0.4619006488289032,0.27351007532909577,False,False
GCN5_MED4_RPD3,trigenic,C16:0,-0.510609867762612,0.2759228895708336,0.16674735342258878,0.018698869682977515,0.03476821081678632,0.510609867762612,True,True
GCN5_MED4_RPD3,trigenic,C18:0,-0.7246613392088219,0.14647901937823324,0.08486188724932855,0.00013122936540965746,0.0010075028699193056,0.7246613392088219,True,True
GCN5_MED4_RPD3,trigenic,C16:1,0.061212621248736276,0.4097576055659745,0.2615164705658201,0.8247489613088068,0.8534358817021566,0.061212621248736276,False,False
GCN5_MED4_RPD3,trigenic,C18:1,-2.529108914959894,0.47787820261075037,0.3169700315276212,0.003546707262796378,0.009777409210952178,2.529108914959894,True,True
GCN5_MED4_RPD3,trigenic,Total Titer,-0.6581816259780795,0.23966058645312235,0.1486247089172019,0.0038308239376798614,0.010282737937982785,0.6581816259780795,True,True
RGR1_RPD3_TFC7,trigenic,C14:0,1.9924854593638681,0.8516181448352093,0.49168196516737783,0.0076873395964565105,0.01753597594846629,1.9924854593638681,True,True
RGR1_RPD3_TFC7,trigenic,C16:0,-1.1459795607812044,0.2056437555878014,0.11872847764578276,0.00010974402469154931,0.0008854161323377989,1.1459795607812044,True,True
RGR1_RPD3_TFC7,trigenic,C18:0,-1.2119672076142758,0.22817045777359132,0.13173427521670308,0.00011249128299239963,0.0008924308450730371,1.2119672076142758,True,True
RGR1_RPD3_TFC7,trigenic,C16:1,0.8353878955436693,0.4184155622946332,0.24157233752393514,0.02344778439355455,0.04174992034164077,0.8353878955436693,True,True
RGR1_RPD3_TFC7,trigenic,C18:1,-0.543914671251905,0.2545910875045831,0.14698823290405064,0.02539981772038513,0.044424201250717124,0.543914671251905,True,True
RGR1_RPD3_TFC7,trigenic,Total Titer,-0.6596485228404614,0.20972558218960455,0.12108512133311918,0.007842795145654335,0.017720745993662013,0.6596485228404614,True,True
GCN5_RPD3_SPT3,trigenic,C14:0,-0.6040154365363648,0.5491260775035164,0.3171076926314356,0.11480091050572949,0.1567262908242655,0.6040154365363648,False,False
GCN5_RPD3_SPT3,trigenic,C16:0,-0.48131714859957486,0.23752134575109957,0.13835357905563417,0.0055500813631821355,0.013433078282413712,0.48131714859957486,True,True
GCN5_RPD3_SPT3,trigenic,C18:0,-0.37840785809352295,0.20880640695976824,0.12060254690677019,0.009957100583289025,0.02154354489838898,0.37840785809352295,True,True
GCN5_RPD3_SPT3,trigenic,C16:1,-0.21742266522964382,0.36303231395189284,0.2183927861775035,0.3537025022542657,0.41400587968777985,0.21742266522964382,False,False
GCN5_RPD3_SPT3,trigenic,C18:1,-0.2775901145146342,0.49577612586438413,0.2988618279938301,0.3961772746009533,0.45624286139529135,0.2775901145146342,False,False
GCN5_RPD3_SPT3,trigenic,Total Titer,-0.3823232067354332,0.2290220994740702,0.13528289014857428,0.022364576452227114,0.04043905064457686,0.3823232067354332,True,True
MED4_OPI1_TFC7,trigenic,C14:0,1.1778984000708035,0.7380730324250696,0.44586905984536696,0.04927498025751875,0.07631743146175356,1.1778984000708035,True,False
MED4_OPI1_TFC7,trigenic,C16:0,-1.6252651545554162,0.3387826567000949,0.21230012019262082,0.0019000068360963684,0.006339275144732743,1.6252651545554162,True,True
MED4_OPI1_TFC7,trigenic,C18:0,-1.0250148192056905,0.26043376837138993,0.15903092621315962,0.0006967523330758674,0.003270863727897459,1.0250148192056905,True,True
MED4_OPI1_TFC7,trigenic,C16:1,-0.13336440558831963,0.49664293041588964,0.2887317087155752,0.6599575535498494,0.7106293912598087,0.13336440558831963,False,False
MED4_OPI1_TFC7,trigenic,C18:1,-3.8104782961647006,1.5381411630355908,0.894233398865881,0.029969746043347234,0.050467921403183784,3.8104782961647006,True,False
MED4_OPI1_TFC7,trigenic,Total Titer,-1.3245262849535857,0.38242070714874454,0.23083557844232996,0.0069117257788238184,0.016104315630379822,1.3245262849535857,True,True
GCN5_OPI1_RFX1,trigenic,C14:0,0.7697594846027052,0.7577772881690774,0.4375533627069892,0.12302051782195123,0.16604281611507216,0.7697594846027052,False,False
GCN5_OPI1_RFX1,trigenic,C16:0,-0.5318566306247576,0.2543446006577967,0.14798640107441352,0.012994381655952791,0.026508538578143694,0.5318566306247576,True,True
GCN5_OPI1_RFX1,trigenic,C18:0,-0.5706990750578786,0.2648065617166026,0.1529240797497456,0.011888906993089421,0.024676394165889088,0.5706990750578786,True,True
GCN5_OPI1_RFX1,trigenic,C16:1,0.3215057938319634,0.2939442487403343,0.1804595869415755,0.12639240098807725,0.16995136404046546,0.3215057938319634,False,False
GCN5_OPI1_RFX1,trigenic,C18:1,-0.06256997962539046,0.31812399567838046,0.20278402825397077,0.7771089836532055,0.8183714075639952,0.06256997962539046,False,False
GCN5_OPI1_RFX1,trigenic,Total Titer,-0.3054885017435187,0.20671902886071206,0.1227273617229924,0.04332372552326058,0.06828507731480807,0.3054885017435187,True,False
MED4_OPI1_RFX1,trigenic,C14:0,1.6604195785511626,0.4290927494749503,0.2477368144166792,7.568211018482707e-05,0.0007017795671683964,1.6604195785511626,True,True
MED4_OPI1_RFX1,trigenic,C16:0,-1.6387722709351293,0.36372156616230866,0.2099947441338812,3.247637227099531e-05,0.0003707902817978355,1.6387722709351293,True,True
MED4_OPI1_RFX1,trigenic,C18:0,-1.087396405363993,0.33567531691028113,0.19380223457846377,0.0003061601757261556,0.0018369610543569337,1.087396405363993,True,True
MED4_OPI1_RFX1,trigenic,C16:1,-0.1643309479659658,0.4160079900741747,0.24018232505435996,0.5216194355485131,0.5783172002820471,0.1643309479659658,False,False
MED4_OPI1_RFX1,trigenic,C18:1,-4.605937044510711,1.4643864481799553,0.8454639100543372,0.027077441799397084,0.04645466099217239,4.605937044510711,True,True
MED4_OPI1_RFX1,trigenic,Total Titer,-1.4238305177552415,0.4042891938242236,0.23341647488487233,0.0027074799971424923,0.008054752991498914,1.4238305177552415,True,True
GCN5_SPT3_TFC7,trigenic,C14:0,-0.294900632724322,0.9558507253588459,0.551900663269739,0.6138711124019527,0.6661154623936083,0.294900632724322,False,False
GCN5_SPT3_TFC7,trigenic,C16:0,-1.3743650623348675,0.6104519109268143,0.3529212775201181,0.04216936938545257,0.06735778465595779,1.3743650623348675,True,False
GCN5_SPT3_TFC7,trigenic,C18:0,-0.9518621310577005,0.33630377593974103,0.19419495108874338,0.016599257465376827,0.031520930399678335,0.9518621310577005,True,True
GCN5_SPT3_TFC7,trigenic,C16:1,-1.0775339228694039,0.4682925958001644,0.2772434077792225,0.005399663790893072,0.013194910346051938,1.0775339228694039,True,True
GCN5_SPT3_TFC7,trigenic,C18:1,-3.936554306798505,0.7094705544066048,0.4185330242996995,8.955525346587834e-05,0.0007992806371829641,3.936554306798505,True,True
GCN5_SPT3_TFC7,trigenic,Total Titer,-1.428215749375065,0.4414363585072177,0.2564626793287577,0.0132011904426248,0.02662612987580256,1.428215749375065,True,True
MED4_OPI1_RPD3,trigenic,C14:0,1.1128366722942218,0.4457146950691936,0.2573334991799709,0.0015206381108205935,0.00553946740370359,1.1128366722942218,True,True
MED4_OPI1_RPD3,trigenic,C16:0,-1.6607823513127917,0.2792708120017219,0.16123707848599952,4.8326190796643687e-05,0.00047773809110369215,1.6607823513127917,True,True
MED4_OPI1_RPD3,trigenic,C18:0,-1.129833018308709,0.26328373350580947,0.1520069344128288,0.00017611956864982403,0.0012450432872868748,1.129833018308709,True,True
MED4_OPI1_RPD3,trigenic,C16:1,-0.2737359672787396,0.3974424188749459,0.22946348752482604,0.28961744171432513,0.3452201225108984,0.2737359672787396,False,False
MED4_OPI1_RPD3,trigenic,C18:1,-5.179806664620617,1.4629946701722516,0.8446603666469372,0.021434188690193645,0.03934192988380016,5.179806664620617,True,True
MED4_OPI1_RPD3,trigenic,Total Titer,-1.5339054775083394,0.36243772643291494,0.2092535189205194,0.005138954987716549,0.012829419095208445,1.5339054775083394,True,True
FKH1_GCN5_TFC7,trigenic,C14:0,-0.9160542316048215,1.7009014770774615,0.982038399097848,0.40432479764434803,0.4619006488289032,0.9160542316048215,False,False
FKH1_GCN5_TFC7,trigenic,C16:0,-2.249598684997207,0.7133224913953483,0.4122449617867045,0.005167275672848248,0.012855173625134666,2.249598684997207,True,True
FKH1_GCN5_TFC7,trigenic,C18:0,-0.9721186990415054,0.4105614385426602,0.23706222965849377,0.010172257873068524,0.021942574384806422,0.9721186990415054,True,True
FKH1_GCN5_TFC7,trigenic,C16:1,-0.948786006439823,0.535098060159157,0.31497285606643705,0.01592272499512415,0.030561359264835056,0.948786006439823,True,True
FKH1_GCN5_TFC7,trigenic,C18:1,-5.981152752170449,0.8178864791701754,0.4799651037758645,7.793445879311633e-06,0.00013814045109786165,5.981152752170449,True,True
FKH1_GCN5_TFC7,trigenic,Total Titer,-1.971849853805585,0.5196309667967169,0.3013688773510151,0.0015020928176208148,0.005499970624519292,1.971849853805585,True,True
MED4_OPI1_YAP6,trigenic,C14:0,1.2586822167560898,0.5834132822823084,0.33875779940014933,0.0071739965047903365,0.01663062826110487,1.2586822167560898,True,True
MED4_OPI1_YAP6,trigenic,C16:0,-1.6309462188755641,0.2744446355647164,0.1586886919149273,0.00010869378718236788,0.0008854161323377989,1.6309462188755641,True,True
MED4_OPI1_YAP6,trigenic,C18:0,-1.110198409591661,0.269162439866619,0.15564830876491018,0.00013453137234398227,0.0010202306521187728,1.110198409591661,True,True
MED4_OPI1_YAP6,trigenic,C16:1,-0.04462104121620225,0.5001862550185361,0.2887927512586365,0.8823472093195508,0.8997039879973495,0.04462104121620225,False,False
MED4_OPI1_YAP6,trigenic,C18:1,-4.018063834790518,1.5823720095938385,0.9207714597338006,0.02310347428425108,0.04123970159738818,4.018063834790518,True,True
MED4_OPI1_YAP6,trigenic,Total Titer,-1.3533925125985715,0.3603620004595906,0.20849277376787226,0.007672949151031672,0.01753597594846629,1.3533925125985715,True,True
GCN5_MED4_OPI1,trigenic,C14:0,0.1057170625159678,0.5574858534872353,0.32841604571048266,0.7576420332469684,0.8014169062790155,0.1057170625159678,False,False
GCN5_MED4_OPI1,trigenic,C16:0,-0.7995509367019769,0.31882006419199804,0.1905490592669724,0.005451282398449608,0.01323882868194905,0.7995509367019769,True,True
GCN5_MED4_OPI1,trigenic,C18:0,-0.8150776190848998,0.1859646540277541,0.10759704015787595,0.0019594233226265523,0.006476982649793326,0.8150776190848998,True,True
GCN5_MED4_OPI1,trigenic,C16:1,0.08160483455279355,0.474627651553046,0.2958280499610144,0.7927057066329004,0.8311187584961687,0.08160483455279355,False,False
GCN5_MED4_OPI1,trigenic,C18:1,-2.687157440254972,1.4971763285892365,0.878365790358688,0.07030593677030006,0.10223714634214713,2.687157440254972,False,False
GCN5_MED4_OPI1,trigenic,Total Titer,-0.803417747089346,0.3723826571667173,0.2217352467558698,0.0271961460710477,0.04645466099217239,0.803417747089346,True,True
GCN5_OPI1_YAP6,trigenic,C14:0,-0.2230048477136597,0.6978531321115952,0.40296046587792567,0.594801467382152,0.6483790041387123,0.2230048477136597,False,False
GCN5_OPI1_YAP6,trigenic,C16:0,-0.49764575515198417,0.20461377393736632,0.1195485191738611,0.0030142254107989874,0.008713186005305575,0.49764575515198417,True,True
GCN5_OPI1_YAP6,trigenic,C18:0,-0.5688626119828655,0.21914582507685149,0.12656974364932133,0.005194572320539326,0.01287821054467041,0.5688626119828655,True,True
GCN5_OPI1_YAP6,trigenic,C16:1,0.44359799977239733,0.4740622379729552,0.2804928826558584,0.15813263745050343,0.20454112887619466,0.44359799977239733,False,False
GCN5_OPI1_YAP6,trigenic,C18:1,0.16833987210341794,0.4325704919826659,0.26412020006837106,0.5504065691988644,0.6055320345269479,0.16833987210341794,False,False
GCN5_OPI1_YAP6,trigenic,Total Titer,-0.2640107283934139,0.18238473634991312,0.10911378022775135,0.04331898050411054,0.06828507731480807,0.2640107283934139,True,False
GCN5_TFC7_YAP6,trigenic,C14:0,0.02784053810790521,1.039424612345806,0.6001488542947575,0.9642730845724623,0.9683417473765655,0.02784053810790521,False,False
GCN5_TFC7_YAP6,trigenic,C16:0,-1.448392938166367,0.6092844081935797,0.3522481317163126,0.037931145559116475,0.06141233090523619,1.448392938166367,True,False
GCN5_TFC7_YAP6,trigenic,C18:0,-1.0234148482848873,0.35160711590015936,0.2030290384201062,0.011041334451697304,0.023324002362461172,1.0234148482848873,True,True
GCN5_TFC7_YAP6,trigenic,C16:1,-1.0114822302403894,0.5655094701269809,0.33221214456686726,0.014911117211680924,0.029088900790000493,1.0114822302403894,True,True
GCN5_TFC7_YAP6,trigenic,C18:1,-4.049516465861358,0.6276432731868453,0.3724232753624297,0.00026068360189723805,0.0016471512544657342,4.049516465861358,True,True
GCN5_TFC7_YAP6,trigenic,Total Titer,-1.4705015460591166,0.4309060877033912,0.25042185439319886,0.014652087584440254,0.028661891877507787,1.4705015460591166,True,True
FKH1_RFX1_TFC7,trigenic,C14:0,2.758033461414504,0.6802681994343719,0.3927530280645767,0.0021428791941782155,0.006923148165806542,2.758033461414504,True,True
FKH1_RFX1_TFC7,trigenic,C16:0,-1.611344438019764,0.30671472813235706,0.17708183085163923,1.1491383295147983e-05,0.00016543464351098436,1.611344438019764,True,True
FKH1_RFX1_TFC7,trigenic,C18:0,-0.7034268714140319,0.26391540110854544,0.15237162787330677,0.002763072389795118,0.008186031893417902,0.7034268714140319,True,True
FKH1_RFX1_TFC7,trigenic,C16:1,-0.4162069981189296,0.3645168138317379,0.21045388058989858,0.12916461726424622,0.17302727340838986,0.4162069981189296,False,False
FKH1_RFX1_TFC7,trigenic,C18:1,-4.758199663347652,0.8535098465067008,0.4927741396366399,0.0006809298447314482,0.003261585673885614,4.758199663347652,True,True
FKH1_RFX1_TFC7,trigenic,Total Titer,-1.3441516875443917,0.21327860273709232,0.1231364587026475,1.3891587953285267e-06,4.020836288288976e-05,1.3441516875443917,True,True
GCN5_SPT3_YAP6,trigenic,C14:0,-0.5107382785690309,0.6189841940234456,0.3574324409985547,0.19189210515248112,0.24037011066468686,0.5107382785690309,False,False
GCN5_SPT3_YAP6,trigenic,C16:0,-0.7036841536266589,0.23976428741405462,0.13963722324206973,0.000490309523817789,0.0026521287879234952,0.7036841536266589,True,True
GCN5_SPT3_YAP6,trigenic,C18:0,-0.5726710919238129,0.20692965000240568,0.11951943694628205,0.0034286165437911187,0.009525417168353536,0.5726710919238129,True,True
GCN5_SPT3_YAP6,trigenic,C16:1,-0.4555320886580141,0.49677501647309935,0.29330256458800397,0.15946472043172877,0.20589115802577637,0.4555320886580141,False,False
GCN5_SPT3_YAP6,trigenic,C18:1,-0.8129394263864071,0.5672072190365679,0.33856818074825074,0.04908087085588142,0.07618204737195507,0.8129394263864071,True,False
GCN5_SPT3_YAP6,trigenic,Total Titer,-0.6246112767970322,0.19633471973841912,0.11690534807855789,0.000597578170069113,0.0030476486673524763,0.6246112767970322,True,True
RGR1_RPD3_SPT3,trigenic,C14:0,2.003819056541073,0.7466285904515944,0.4310662176818989,0.003235127948628902,0.009176120196108657,2.003819056541073,True,True
RGR1_RPD3_SPT3,trigenic,C16:0,-0.9175879166509691,0.3517058877911493,0.2030574889917964,0.003809089341294092,0.010262980338430119,0.9175879166509691,True,True
RGR1_RPD3_SPT3,trigenic,C18:0,-0.9239042176018604,0.36398442290555805,0.21014650454535452,0.003301310019673931,0.009316740529830777,0.9239042176018604,True,True
RGR1_RPD3_SPT3,trigenic,C16:1,0.6590693050748753,0.35557834351184286,0.2052932523445637,0.021532231218396758,0.03942054638444945,0.6590693050748753,True,True
RGR1_RPD3_SPT3,trigenic,C18:1,-0.65573236888513,0.4826574441300884,0.2786624052948833,0.06640267369553943,0.09847127306040866,0.65573236888513,False,False
RGR1_RPD3_SPT3,trigenic,Total Titer,-0.5305656260768092,0.3167018400079045,0.1828478925814135,0.030710640219873575,0.05123223625464891,0.5305656260768092,True,False
FKH1_RFX1_RPD3,trigenic,C14:0,2.3480067263488187,0.2874646625677463,0.16596780031599323,0.00025102472077853655,0.001614699555278154,2.3480067263488187,True,True
FKH1_RFX1_RPD3,trigenic,C16:0,-1.7296938703637879,0.4273264064567903,0.24671701579966335,0.0005350539869928284,0.002845657850285763,1.7296938703637879,True,True
FKH1_RFX1_RPD3,trigenic,C18:0,-0.9215085392177698,0.3255112819944602,0.18793402628376182,0.001732196774722583,0.006062688711529041,0.9215085392177698,True,True
FKH1_RFX1_RPD3,trigenic,C16:1,-0.8620676382185386,0.22459927317729475,0.12967245082870543,0.000869413296035404,0.003762188444662293,0.8620676382185386,True,True
FKH1_RFX1_RPD3,trigenic,C18:1,-6.499757833396552,1.0479266735287072,0.6050207470527882,0.0004170451484364346,0.002290540276797033,6.499757833396552,True,True
FKH1_RFX1_RPD3,trigenic,Total Titer,-1.7223235282559717,0.31637152214955117,0.18265718347697502,0.000914419378361897,0.0038668909780316344,1.7223235282559717,True,True
GCN5_OPI1_RGR1,trigenic,C14:0,1.4048934688622459,0.8723471320121576,0.5036936687821074,0.023030620850431394,0.04121268994287723,1.4048934688622459,True,True
GCN5_OPI1_RGR1,trigenic,C16:0,-0.11009339992432343,0.17052973979925826,0.10014845810279223,0.2977125067274846,0.3536884023351481,0.11009339992432343,False,False
GCN5_OPI1_RGR1,trigenic,C18:0,-0.2586025768641441,0.13781019672990058,0.07963763284713382,0.020856813055205148,0.03852520047805252,0.2586025768641441,True,True
GCN5_OPI1_RGR1,trigenic,C16:1,0.8580645053319329,0.3503042871985857,0.2113503093756602,0.005124552545787919,0.012829419095208445,0.8580645053319329,True,True
GCN5_OPI1_RGR1,trigenic,C18:1,0.5765642739519072,0.381368358181346,0.23636344496014247,0.06914103984014774,0.100748372338501,0.5765642739519072,False,False
GCN5_OPI1_RGR1,trigenic,Total Titer,0.1325017155881274,0.1709439759332662,0.10275391632636335,0.24416906236173874,0.30058053539014046,0.1325017155881274,False,False
GCN5_RGR1_SPT3,trigenic,C14:0,0.4114377988073574,0.82797727919562,0.47807907018535584,0.41479662277465823,0.47159998194443625,0.4114377988073574,False,False
GCN5_RGR1_SPT3,trigenic,C16:0,-0.30538392741603904,0.3158338825176296,0.18326646371814032,0.16171076026026543,0.2076645374565279,0.30538392741603904,False,False
GCN5_RGR1_SPT3,trigenic,C18:0,-0.09460374003198713,0.3006623179104193,0.17362088659395872,0.6128617664210174,0.666032421955261,0.09460374003198713,False,False
GCN5_RGR1_SPT3,trigenic,C16:1,-0.4424248408453444,0.4718400277480034,0.27924110130559776,0.1518310286099973,0.1974633049681932,0.4424248408453444,False,False
GCN5_RGR1_SPT3,trigenic,C18:1,-0.749515911405835,0.5455598455856393,0.3264948977823748,0.05786488211397822,0.08771873849125361,0.749515911405835,False,False
GCN5_RGR1_SPT3,trigenic,Total Titer,-0.30105593515547735,0.28642964307941543,0.16782451101070237,0.13359465258684877,0.17729847945540897,0.30105593515547735,False,False
MED4_OPI1_RGR1,trigenic,C14:0,2.3078490211893348,0.6493547635646375,0.3749051475436093,0.0028062647025295373,0.008279640485975577,2.3078490211893348,True,True
MED4_OPI1_RGR1,trigenic,C16:0,-1.3561752550807293,0.3284342652530082,0.18962161145492124,0.0005484973875475863,0.002879611284624828,1.3561752550807293,True,True
MED4_OPI1_RGR1,trigenic,C18:0,-0.7414859469192829,0.27968180023274924,0.16147436265181694,0.003234418402210837,0.009176120196108657,0.7414859469192829,True,True
MED4_OPI1_RGR1,trigenic,C16:1,0.1837658903623578,0.3836440696950527,0.22149700691144225,0.4519752699890842,0.5074061993273681,0.1837658903623578,False,False
MED4_OPI1_RGR1,trigenic,C18:1,-4.078228782047121,1.4913594298546302,0.8610367682850576,0.031277233730900855,0.051934755543867936,4.078228782047121,True,False
MED4_OPI1_RGR1,trigenic,Total Titer,-1.0786351225788935,0.38601961223212283,0.2228685270346911,0.01111190373351234,0.023364335599214605,1.0786351225788935,True,True
GCN5_RGR1_RPD3,trigenic,C14:0,1.0611750403697817,0.8444667947174869,0.48759839504935737,0.06383272765743442,0.09554835963817228,1.0611750403697817,False,False
GCN5_RGR1_RPD3,trigenic,C16:0,-0.2155606206786974,0.23834738529313912,0.13882630022342496,0.1622382497332444,0.20796788206379985,0.2155606206786974,False,False
GCN5_RGR1_RPD3,trigenic,C18:0,-0.33471547125074097,0.21345035820816935,0.12328268706911848,0.04306542055049656,0.06817895847683934,0.33471547125074097,True,False
GCN5_RGR1_RPD3,trigenic,C16:1,0.45917206107789976,0.44358229332444465,0.26334958840599837,0.12015937908676966,0.16341675555800672,0.45917206107789976,False,False
GCN5_RGR1_RPD3,trigenic,C18:1,-0.30387848161376585,0.3659421161838455,0.22808977919191856,0.25093016511547384,0.3073141301757261,0.30387848161376585,False,False
GCN5_RGR1_RPD3,trigenic,Total Titer,-0.10318631725503247,0.2679402915595148,0.1573163044043651,0.5340826953766351,0.5903019264689124,0.10318631725503247,False,False
GCN5_RGR1_TFC7,trigenic,C14:0,1.053121957654728,1.09877606071706,0.6372996988605459,0.1393598653325716,0.18426471082862247,1.053121957654728,False,False
GCN5_RGR1_TFC7,trigenic,C16:0,-1.0735884768539519,0.5926299764512248,0.34271856147746965,0.07813440160911078,0.1115759254978102,1.0735884768539519,False,False
GCN5_RGR1_TFC7,trigenic,C18:0,-0.7150290791960723,0.31902210789628294,0.18570326191845418,0.04215915901141676,0.06735778465595779,0.7150290791960723,True,False
GCN5_RGR1_TFC7,trigenic,C16:1,-0.8759045540657242,0.4629514157470921,0.2808046426754235,0.01721371338197919,0.03242900093597135,0.8759045540657242,True,True
GCN5_RGR1_TFC7,trigenic,C18:1,-3.992979940777628,0.5783151245538828,0.3464742245683432,0.0006451936678615322,0.003179574841794075,3.992979940777628,True,True
GCN5_RGR1_TFC7,trigenic,Total Titer,-1.1804490505238672,0.4257874100519977,0.247577058476345,0.026609571758200445,0.04589187013370801,1.1804490505238672,True,True
FKH1_RFX1_RGR1,trigenic,C14:0,3.264242976826827,0.6520085628520375,0.3764373192765649,0.0007450698760838037,0.003345785481281986,3.264242976826827,True,True
FKH1_RFX1_RGR1,trigenic,C16:0,-1.5810484313497453,0.4283292204995408,0.24729599075719247,0.0003005974522058974,0.0018369610543569337,1.5810484313497453,True,True
FKH1_RFX1_RGR1,trigenic,C18:0,-0.7608057174173206,0.29117391439290635,0.16810933785574156,0.0022608261998373624,0.007142610206565827,0.7608057174173206,True,True
FKH1_RFX1_RGR1,trigenic,C16:1,-0.41406485343044386,0.30928531316805097,0.17856595881397194,0.052926233763323394,0.08161842528512506,0.41406485343044386,False,False
FKH1_RFX1_RGR1,trigenic,C18:1,-5.911752532801752,1.216653137513829,0.702435016454012,0.0007587711447230028,0.00336306997013231,5.911752532801752,True,True
FKH1_RFX1_RGR1,trigenic,Total Titer,-1.453405568281057,0.2362574802582588,0.1364033198251684,0.00029084791721900594,0.0018057861990814802,1.453405568281057,True,True
OPI1_RFX1_RPD3,trigenic,C14:0,0.19232882293905273,0.37833140824913275,0.21842974039552698,0.40212756863698784,0.4608653033817164,0.19232882293905273,False,False
OPI1_RFX1_RPD3,trigenic,C16:0,-1.1713148226105792,0.3051849572466376,0.17619861721897062,0.00010138691006544853,0.0008617887355563125,1.1713148226105792,True,True
OPI1_RFX1_RPD3,trigenic,C18:0,-1.4032389750701815,0.32837140871009374,0.18958532121294927,4.953189243295242e-05,0.00047773809110369215,1.4032389750701815,True,True
OPI1_RFX1_RPD3,trigenic,C16:1,-0.21107990869108173,0.24052757875047448,0.13886866233911535,0.18028583432241674,0.22742771326184727,0.21107990869108173,False,False
OPI1_RFX1_RPD3,trigenic,C18:1,0.6473819425577556,0.5271686654542933,0.304360970908372,0.1447589740708486,0.1899961534679888,0.6473819425577556,False,False
OPI1_RFX1_RPD3,trigenic,Total Titer,-0.8446983374140462,0.25923525048226154,0.14966954164937377,0.0006601141536091149,0.0032282294909377262,0.8446983374140462,True,True
FKH1_OPI1_TFC7,trigenic,C14:0,1.9485404257237757,0.6533823794372196,0.37723049265183695,0.009686370641809994,0.021223313523445746,1.9485404257237757,True,True
FKH1_OPI1_TFC7,trigenic,C16:0,-1.4854117901433757,0.39639069804278343,0.22885627621926466,0.004051950013280514,0.01063636878486135,1.4854117901433757,True,True
FKH1_OPI1_TFC7,trigenic,C18:0,-0.7038529934795501,0.30819190706782507,0.17793468050767294,0.006213173127487481,0.014738224627993561,0.7038529934795501,True,True
FKH1_OPI1_TFC7,trigenic,C16:1,-0.06531030974073326,0.4325204734389587,0.2497158117700072,0.8039581661297914,0.8367727851554971,0.06531030974073326,False,False
FKH1_OPI1_TFC7,trigenic,C18:1,-3.7441787877710597,1.1361367656718167,0.6559488674968542,0.010257526290067709,0.021993614928253285,3.7441787877710597,True,True
FKH1_OPI1_TFC7,trigenic,Total Titer,-1.1410145564364353,0.18437065143104134,0.10644644523437839,2.506465976326311e-06,5.965389023656619e-05,1.1410145564364353,True,True
FKH1_GCN5_RGR1,trigenic,C14:0,0.20733118584460897,1.5809303471130778,0.9127747403032103,0.8344800786647029,0.8611948132894905,0.20733118584460897,False,False
FKH1_GCN5_RGR1,trigenic,C16:0,-1.581621328991487,0.3586690517994296,0.20788798068815761,0.0008961365678399336,0.003831386284058159,1.581621328991487,True,True
FKH1_GCN5_RGR1,trigenic,C18:0,-0.7237750947869952,0.16640995786782925,0.09613719615099292,0.0007342209039638004,0.003345785481281986,0.7237750947869952,True,True
FKH1_GCN5_RGR1,trigenic,C16:1,0.3108452769056731,0.40726248319639907,0.24300651322488587,0.2343039800973319,0.28976938398095586,0.3108452769056731,False,False
FKH1_GCN5_RGR1,trigenic,C18:1,-3.4014235156328754,1.0325231688548058,0.6022915417913801,0.011669877154868669,0.02429239734278784,3.4014235156328754,True,True
FKH1_GCN5_RGR1,trigenic,Total Titer,-1.1116870929639284,0.2138973435765137,0.12676136719893785,0.0003050462017033517,0.0018369610543569337,1.1116870929639284,True,True
FKH1_RGR1_TFC7,trigenic,C14:0,3.0220560117160034,0.8324587292599502,0.4806202714274861,0.0012249721795947188,0.004805660089179282,3.0220560117160034,True,True
FKH1_RGR1_TFC7,trigenic,C16:0,-1.7700129239811098,0.3059174092926954,0.17662149860493062,0.0016374512101415828,0.005787822594262823,1.7700129239811098,True,True
FKH1_RGR1_TFC7,trigenic,C18:0,-1.0178948898905067,0.181523288660418,0.1048025195722785,4.040074224631596e-05,0.00041805985454883467,1.0178948898905067,True,True
FKH1_RGR1_TFC7,trigenic,C16:1,0.09036670839385996,0.39036585588005784,0.22537783197479008,0.7081455288635372,0.7535259427847475,0.09036670839385996,False,False
FKH1_RGR1_TFC7,trigenic,C18:1,-3.744236190225211,1.0781469722617367,0.6224684446612937,0.007746912339327006,0.017615590478597076,3.744236190225211,True,True
FKH1_RGR1_TFC7,trigenic,Total Titer,-1.2939775630626809,0.14849165785085158,0.08573169863260297,9.781718287360519e-06,0.00015873061039035024,1.2939775630626809,True,True
FKH1_GCN5_OPI1,trigenic,C14:0,-0.9863452447151912,1.5248851338824239,0.8804179099948918,0.3514949620271375,0.4120975416869888,0.9863452447151912,False,False
FKH1_GCN5_OPI1,trigenic,C16:0,-1.5048260176611366,0.42798418689819007,0.24777625192903535,0.0026428129522890753,0.007928438856867226,1.5048260176611366,True,True
FKH1_GCN5_OPI1,trigenic,C18:0,-0.7342705595508383,0.2645851232682971,0.152796263947182,0.006300574266275394,0.01484689777597568,0.7342705595508383,True,True
FKH1_GCN5_OPI1,trigenic,C16:1,0.4156915445532632,0.4629900517940893,0.27425873079396285,0.16569381205017164,0.21125961036396884,0.4156915445532632,False,False
FKH1_GCN5_OPI1,trigenic,C18:1,-3.453033866469499,1.0982940793270957,0.6398987144862058,0.014057234408879626,0.02788018157761126,3.453033866469499,True,True
FKH1_GCN5_OPI1,trigenic,Total Titer,-1.0922903759159683,0.2494921475896064,0.14685547403509422,0.00021157616164679816,0.0014387178991982273,1.0922903759159683,True,True
GCN5_OPI1_RPD3,trigenic,C14:0,0.7568361446064795,0.661602571002085,0.38203419530205673,0.09051545415586704,0.12647364827258134,0.7568361446064795,False,False
GCN5_OPI1_RPD3,trigenic,C16:0,-0.457291484095641,0.2225288178276899,0.12977907328595864,0.006187367056958104,0.014725933595560287,0.457291484095641,True,True
GCN5_OPI1_RPD3,trigenic,C18:0,-0.7152911274899063,0.2286591789419013,0.1320603744355023,0.001988451710005945,0.006512635417175434,0.7152911274899063,True,True
GCN5_OPI1_RPD3,trigenic,C16:1,1.0450134888173355,0.3639232203278126,0.21888648236290445,0.0024432820969206848,0.007551330939614853,1.0450134888173355,True,True
GCN5_OPI1_RPD3,trigenic,C18:1,0.46800383944142165,0.3596301130821665,0.2247183629596799,0.10327467264000356,0.1424019154605638,0.46800383944142165,False,False
GCN5_OPI1_RPD3,trigenic,Total Titer,-0.12492237227596581,0.21777703181977784,0.12894455480499525,0.36551973936685433,0.4236706069933993,0.12492237227596581,False,False
FKH1_RFX1_SPT3,trigenic,C14:0,2.3869387264356523,0.3558537618728401,0.20545226520942522,1.4419386870967443e-05,0.0001985319373941578,2.3869387264356523,True,True
FKH1_RFX1_SPT3,trigenic,C16:0,-1.5388497493009754,0.4415644633689753,0.2549373617906506,0.0018477855239473762,0.006268640216991959,1.5388497493009754,True,True
FKH1_RFX1_SPT3,trigenic,C18:0,-0.6652704924450017,0.28564465490819607,0.16491701840382475,0.006415937850275055,0.015069011924659176,0.6652704924450017,True,True
FKH1_RFX1_SPT3,trigenic,C16:1,-0.7264564910331162,0.35269784210577937,0.20363019408237187,0.01533122177502233,0.029826954624975328,0.7264564910331162,True,True
FKH1_RFX1_SPT3,trigenic,C18:1,-6.617039200983929,1.4285241368574166,0.8247587949585073,0.0019313916709946533,0.006414016991117128,6.617039200983929,True,True
FKH1_RFX1_SPT3,trigenic,Total Titer,-1.5568453184173783,0.15801767824918989,0.09123154907388945,3.885780883061685e-06,8.178606400588428e-05,1.5568453184173783,True,True
FKH1_RGR1_RPD3,trigenic,C14:0,3.1872072460210505,0.6820540969416597,0.3937841164711544,0.000576654352751671,0.0029620950206093026,3.1872072460210505,True,True
FKH1_RGR1_RPD3,trigenic,C16:0,-1.3725358030313202,0.4674372941187186,0.26987504758871245,0.002216778403918207,0.0071296386504396386,1.3725358030313202,True,True
FKH1_RGR1_RPD3,trigenic,C18:0,-0.751642415362763,0.3164787193320217,0.18271907379913077,0.0037633479794361158,0.01020424435369647,0.751642415362763,True,True
FKH1_RGR1_RPD3,trigenic,C16:1,-0.23038766124659382,0.3802857204823216,0.21955806308943918,0.33397186322051287,0.3921972209530365,0.23038766124659382,False,False
FKH1_RGR1_RPD3,trigenic,C18:1,-5.279537884152063,1.2561492051927008,0.7252380817603404,0.00155082327477718,0.005592362718135891,5.279537884152063,True,True
FKH1_RGR1_RPD3,trigenic,Total Titer,-1.2709620511581394,0.3465706758012659,0.20009267296709135,0.0018628953710855267,0.006274091013938991,1.2709620511581394,True,True
FKH1_RFX1_YAP6,trigenic,C14:0,2.63166143153669,0.5881518301641064,0.34071584144301653,0.000185192001972867,0.001296344013810069,2.63166143153669,True,True
FKH1_RFX1_YAP6,trigenic,C16:0,-1.5992599423744407,0.3653759188405352,0.2115144661052439,1.776640862005685e-05,0.00023491140286519615,1.5992599423744407,True,True
FKH1_RFX1_YAP6,trigenic,C18:0,-0.8784204404379774,0.3642560085344569,0.21030597899596157,0.003004029632465377,0.008713186005305575,0.8784204404379774,True,True
FKH1_RFX1_YAP6,trigenic,C16:1,-0.5900403660389739,0.6796202808667626,0.39244900491076257,0.2155444856306583,0.26765002215702616,0.5900403660389739,False,False
FKH1_RFX1_YAP6,trigenic,C18:1,-5.958386156093581,3.0489195827441393,1.7602946152569012,0.06674855565089288,0.09849214140837881,5.958386156093581,False,False
FKH1_RFX1_YAP6,trigenic,Total Titer,-1.545875898268303,0.3598098952313384,0.20788076036793499,0.002558185036145577,0.007805744084649325,1.545875898268303,True,True
FKH1_RPD3_SPT3,trigenic,C14:0,1.9665653038629758,0.32538931517037445,0.18786360870504365,0.00015974161178244906,0.0011405551081266863,1.9665653038629758,True,True
FKH1_RPD3_SPT3,trigenic,C16:0,-1.4280868085301548,0.5052567687877446,0.2917101314694848,0.0034105064840601607,0.009512115740699042,1.4280868085301548,True,True
FKH1_RPD3_SPT3,trigenic,C18:0,-0.7144020310700026,0.31886042882335464,0.1840941544150833,0.00525424241992245,0.012960545105660455,0.7144020310700026,True,True
FKH1_RPD3_SPT3,trigenic,C16:1,-0.5448712370216149,0.34661340115282196,0.20011734046031354,0.04288063209322446,0.06804926803852879,0.5448712370216149,True,False
FKH1_RPD3_SPT3,trigenic,C18:1,-5.632502313221058,1.484310457471401,0.85696704218209,0.0029644204226950688,0.008639168088997057,5.632502313221058,True,True
FKH1_RPD3_SPT3,trigenic,Total Titer,-1.4020911825752758,0.299778158254662,0.1730770003654993,0.0032386306574501145,0.009176120196108657,1.4020911825752758,True,True
GCN5_RFX1_RGR1,trigenic,C14:0,1.2629321069602994,0.7274954684334551,0.4200722452844326,0.027576467392062654,0.04699187999506619,1.2629321069602994,True,True
GCN5_RFX1_RGR1,trigenic,C16:0,-0.16120045602488453,0.21831067003531915,0.12736862182443454,0.2655297505639629,0.32188156519977845,0.16120045602488453,False,False
GCN5_RFX1_RGR1,trigenic,C18:0,0.015801691067094836,0.21480001281843386,0.12406161490774133,0.905203570460946,0.9154608347154609,0.015801691067094836,False,False
GCN5_RFX1_RGR1,trigenic,C16:1,0.028062095419157274,0.2897605211341514,0.17818990412645686,0.8811417432068205,0.8997039879973495,0.028062095419157274,False,False
GCN5_RFX1_RGR1,trigenic,C18:1,-0.8840193198396253,0.2925697066256396,0.18952417871550167,0.02715027965380723,0.04645466099217239,0.8840193198396253,True,True
GCN5_RFX1_RGR1,trigenic,Total Titer,-0.11735316173230004,0.19009740619393856,0.11341705176766267,0.33138922700745765,0.38980544989015614,0.11735316173230004,False,False
FKH1_RGR1_SPT3,trigenic,C14:0,2.760069066977935,0.7343687995683216,0.4239880241152328,0.0006198623718776108,0.003107584580005986,2.760069066977935,True,True
FKH1_RGR1_SPT3,trigenic,C16:0,-1.5497098246826746,0.5576596369576211,0.32196494151367155,0.0014212283837617967,0.0052851930521141816,1.5497098246826746,True,True
FKH1_RGR1_SPT3,trigenic,C18:0,-0.6989889387211861,0.4770677841281458,0.2754352135880833,0.04242946864576447,0.06762196565418713,0.6989889387211861,True,False
FKH1_RGR1_SPT3,trigenic,C16:1,-0.3680388665376917,0.41749004273456597,0.2410379885567901,0.16561630190205712,0.21125961036396884,0.3680388665376917,False,False
FKH1_RGR1_SPT3,trigenic,C18:1,-5.328150587510858,1.7859289777688645,1.0311065760684073,0.0019705528071847223,0.006483754397833602,5.328150587510858,True,True
FKH1_RGR1_SPT3,trigenic,Total Titer,-1.3657890779797723,0.3711885144545567,0.2143057887404356,0.002330397042958232,0.007297822318737622,1.3657890779797723,True,True
FKH1_OPI1_YAP6,trigenic,C14:0,1.941368214161069,0.6568734040021642,0.37924603662415535,0.0006911525886823533,0.0032680989954913925,1.941368214161069,True,True
FKH1_OPI1_YAP6,trigenic,C16:0,-1.6303421988458502,0.4159091624980429,0.2401252669266769,0.0019984709311664517,0.006515562761885143,1.6303421988458502,True,True
FKH1_OPI1_YAP6,trigenic,C18:0,-1.0388240820480705,0.38986421973595536,0.22508821221195724,0.0011942349613638381,0.004710960013335804,1.0388240820480705,True,True
FKH1_OPI1_YAP6,trigenic,C16:1,-0.30015798317077547,0.7248084622451512,0.4184683607881567,0.5089287690010398,0.5651246361846693,0.30015798317077547,False,False
FKH1_OPI1_YAP6,trigenic,C18:1,-4.95199948076871,3.1449045632794084,1.8157114961850491,0.08862769956583838,0.12456727852363898,4.95199948076871,False,False
FKH1_OPI1_YAP6,trigenic,Total Titer,-1.4617374320381904,0.3376995456181294,0.19497092356784138,0.005414718111194983,0.013194910346051938,1.4617374320381904,True,True
FKH1_OPI1_SPT3,trigenic,C14:0,1.9256160670898188,0.47163887316082626,0.2723008303796948,4.123721657056656e-05,0.0004206196090197789,1.9256160670898188,True,True
FKH1_OPI1_SPT3,trigenic,C16:0,-1.581887097804561,0.5492547353564157,0.3171123693117032,0.002064219031289838,0.006699329037913383,1.581887097804561,True,True
FKH1_OPI1_SPT3,trigenic,C18:0,-0.9399290914988088,0.40949374734001887,0.23642132525822848,0.0037193777987596377,0.010174849610399928,0.9399290914988088,True,True
FKH1_OPI1_SPT3,trigenic,C16:1,-0.2901903161671666,0.41993943885277557,0.2424521480649904,0.2737519713657286,0.32961029941843206,0.2901903161671666,False,False
FKH1_OPI1_SPT3,trigenic,C18:1,-5.135501102224966,1.6257514691034871,0.9386280483223279,0.003880803466098426,0.010377878931813769,5.135501102224966,True,True
FKH1_OPI1_SPT3,trigenic,Total Titer,-1.4304506256497396,0.20644179960241918,0.11918922857244749,8.699263656097855e-06,0.0001444482383826481,1.4304506256497396,True,True
GCN5_RFX1_YAP6,trigenic,C14:0,0.3011627499210974,0.5762643290394563,0.33277269224251566,0.3995356493707487,0.4593694905808608,0.3011627499210974,False,False
GCN5_RFX1_YAP6,trigenic,C16:0,-0.1973876031338606,0.3008708137733354,0.17467302349029795,0.2919972452113502,0.3474767218015067,0.1973876031338606,False,False
GCN5_RFX1_YAP6,trigenic,C18:0,0.04686856203375456,0.29508637004768756,0.17040224290549658,0.791744046192024,0.8311187584961687,0.04686856203375456,False,False
GCN5_RFX1_YAP6,trigenic,C16:1,-0.3661042421159042,0.422725316003599,0.2516548290683062,0.20715021353663698,0.257674655862646,0.3661042421159042,False,False
GCN5_RFX1_YAP6,trigenic,C18:1,-1.0192418897018367,0.3959789095872645,0.2442406644795678,0.013528054549317936,0.026988725912971284,1.0192418897018367,True,True
GCN5_RFX1_YAP6,trigenic,Total Titer,-0.23134307248274633,0.22942479552686637,0.13551014212459916,0.1235258842154574,0.16641034213176714,0.23134307248274633,False,False
FKH1_SPT3_TFC7,trigenic,C14:0,2.3193880158105937,0.6808197275902413,0.39307145299383356,0.004015576613876748,0.010579784879365306,2.3193880158105937,True,True
FKH1_SPT3_TFC7,trigenic,C16:0,-1.7171204256232255,0.38114407744779905,0.2200536357145184,0.003896803962035289,0.010381783689899986,1.7171204256232255,True,True
FKH1_SPT3_TFC7,trigenic,C18:0,-0.9823925467783612,0.23392024357578242,0.1350539155973808,0.000538044551524619,0.002845657850285763,0.9823925467783612,True,True
FKH1_SPT3_TFC7,trigenic,C16:1,-0.1489292623658649,0.45164288286797016,0.2607561400014012,0.590381292700243,0.6445447140488891,0.1489292623658649,False,False
FKH1_SPT3_TFC7,trigenic,C18:1,-4.041010791987531,1.355774476058997,0.7827567587130858,0.01243203051534092,0.025654536959402938,4.041010791987531,True,True
FKH1_SPT3_TFC7,trigenic,Total Titer,-1.352349681840812,0.15139485646218093,0.08740786113236491,8.223034119847483e-06,0.00013979158003740721,1.352349681840812,True,True
GCN5_RFX1_TFC7,trigenic,C14:0,0.6067089818799367,0.9409168441998333,0.5432792176167103,0.31298209386363807,0.37059571313206896,0.6067089818799367,False,False
GCN5_RFX1_TFC7,trigenic,C16:0,-0.8618956318909472,0.6227145022170404,0.35999171291226223,0.10735283818031305,0.14740370473219908,0.8618956318909472,False,False
GCN5_RFX1_TFC7,trigenic,C18:0,-0.35773210231403274,0.3698884673616585,0.2135823694822113,0.17096649402977704,0.21720654223711888,0.35773210231403274,False,False
GCN5_RFX1_TFC7,trigenic,C16:1,-0.8623621831132064,0.4144407962723418,0.24701885205027393,0.016885802315927956,0.03189540437453058,0.8623621831132064,True,True
GCN5_RFX1_TFC7,trigenic,C18:1,-4.152947534483056,0.570800184106982,0.3405750332867967,0.0007430722904189224,0.003345785481281986,4.152947534483056,True,True
GCN5_RFX1_TFC7,trigenic,Total Titer,-1.0147365041753824,0.44516107722360665,0.2585998477237401,0.030695810426971892,0.05123223625464891,1.0147365041753824,True,False
FKH1_RPD3_YAP6,trigenic,C14:0,2.2609516080282015,0.5720016225920022,0.3302452907803952,0.0006025945433796309,0.0030514361983904714,2.2609516080282015,True,True
FKH1_RPD3_YAP6,trigenic,C16:0,-1.587324506587299,0.39003790827177426,0.22518849133486746,0.001538109867684767,0.005574672312319409,1.587324506587299,True,True
FKH1_RPD3_YAP6,trigenic,C18:0,-0.9912225565087063,0.3473701205494481,0.20055423260765662,0.0016055253967841576,0.005703209618427306,0.9912225565087063,True,True
FKH1_RPD3_YAP6,trigenic,C16:1,-0.24960169497198503,0.6789265468978729,0.39197842461147003,0.5629881136922292,0.6184207895019257,0.24960169497198503,False,False
FKH1_RPD3_YAP6,trigenic,C18:1,-5.058443852083009,3.0740471639526055,1.7748019576096425,0.0893094426958605,0.125278864606767,5.058443852083009,False,False
FKH1_RPD3_YAP6,trigenic,Total Titer,-1.4254298713365738,0.4145841748298665,0.23936028493978231,0.0032255136890366742,0.009176120196108657,1.4254298713365738,True,True
FKH1_TFC7_YAP6,trigenic,C14:0,2.243327505389595,0.8192770724341012,0.47300983831071686,0.0025999448974314276,0.007865806839389193,2.243327505389595,True,True
FKH1_TFC7_YAP6,trigenic,C16:0,-1.9468839118548447,0.275351103759664,0.1589740338773026,5.726989187326836e-07,2.5556689248446007e-05,1.9468839118548447,True,True
FKH1_TFC7_YAP6,trigenic,C18:0,-1.2745087293509751,0.3132047623393964,0.1808288538481233,0.00024774433978502763,0.001614699555278154,1.2745087293509751,True,True
FKH1_TFC7_YAP6,trigenic,C16:1,-0.06196488221551366,0.7350365523122305,0.4243735513416807,0.8901785785902512,0.9053953064294008,0.06196488221551366,False,False
FKH1_TFC7_YAP6,trigenic,C18:1,-3.749068433183707,3.014959687431935,1.7406877871346977,0.15644683546234495,0.2027278412343272,3.749068433183707,False,False
FKH1_TFC7_YAP6,trigenic,Total Titer,-1.4838162474396088,0.3438118183960236,0.19849984590151895,0.0043694793630801865,0.011262845722885391,1.4838162474396088,True,True
GCN5_RPD3_YAP6,trigenic,C14:0,0.2853104089747003,0.7686255486839808,0.4438158969938818,0.53966764181525,0.5955528535642789,0.2853104089747003,False,False
GCN5_RPD3_YAP6,trigenic,C16:0,-0.31252323941470284,0.2491485188173042,0.14501003787549105,0.05710501721559291,0.0871217570340456,0.31252323941470284,False,False
GCN5_RPD3_YAP6,trigenic,C18:0,-0.35781978727449637,0.21041328454859098,0.12152991084266332,0.02606618002051886,0.04528285288236123,0.35781978727449637,True,True
GCN5_RPD3_YAP6,trigenic,C16:1,0.2972108606735704,0.5413463762157381,0.31851199099969224,0.3773564677625698,0.43597494819170685,0.2972108606735704,False,False
GCN5_RPD3_YAP6,trigenic,C18:1,-0.03423860699899017,0.47282231765688165,0.2861946620703984,0.9088760031670264,0.9178747754756108,0.03423860699899017,False,False
GCN5_RPD3_YAP6,trigenic,Total Titer,-0.1680143086382826,0.24347818809652333,0.14345137054313184,0.27796326835989627,0.3341174639881581,0.1680143086382826,False,False
GCN5_OPI1_SPT3,trigenic,C14:0,0.052491571190251385,0.6750776046975949,0.38981285661538645,0.8958435055111207,0.9085685553053127,0.052491571190251385,False,False
GCN5_OPI1_SPT3,trigenic,C16:0,-0.45977390404148766,0.3011854634296832,0.1748536837915733,0.03301057328019752,0.054182872004738,0.45977390404148766,True,False
GCN5_OPI1_SPT3,trigenic,C18:0,-0.48705791233740814,0.36740143954653715,0.21214666715476077,0.06333562079007216,0.09500343118510823,0.48705791233740814,False,False
GCN5_OPI1_SPT3,trigenic,C16:1,0.5517411619796095,0.352869719035079,0.21276810914056035,0.03198264311474941,0.052982847294503664,0.5517411619796095,True,False
GCN5_OPI1_SPT3,trigenic,C18:1,0.6155728292006282,0.5884545609095565,0.3504473236563057,0.12298668150051073,0.16604281611507216,0.6155728292006282,False,False
GCN5_OPI1_SPT3,trigenic,Total Titer,-0.154360857764835,0.2365318939977578,0.13952370877561668,0.3001356764571015,0.3559748720770273,0.154360857764835,False,False
GCN5_RFX1_RPD3,trigenic,C14:0,0.37403041552069816,0.5397641496920924,0.3117037880619616,0.28819088079723243,0.3440941285772976,0.37403041552069816,False,False
GCN5_RFX1_RPD3,trigenic,C16:0,-0.4371209006491481,0.2662776637203647,0.1548252165308493,0.025115399257846782,0.044168460763799516,0.4371209006491481,True,True
GCN5_RFX1_RPD3,trigenic,C18:0,-0.4371628211293912,0.24542141211362364,0.14173505435329664,0.02404178367636245,0.04248968699238314,0.4371628211293912,True,True
GCN5_RFX1_RPD3,trigenic,C16:1,0.360861008280728,0.30719804183881655,0.1876738332848206,0.11975595889125668,0.1631789210846513,0.360861008280728,False,False
GCN5_RFX1_RPD3,trigenic,C18:1,-0.6775971593612806,0.31172803391514925,0.19944554548961296,0.04435381642063829,0.06975468045007872,0.6775971593612806,True,False
GCN5_RFX1_RPD3,trigenic,Total Titer,-0.29044731626156706,0.2421087754373996,0.14267669536068825,0.07521606573513173,0.1080568831687808,0.29044731626156706,False,False
GCN5_RGR1_YAP6,trigenic,C14:0,1.0177226266158357,0.8236539368347232,0.4755832296058667,0.06861229170762928,0.10018236457923785,1.0177226266158357,False,False
GCN5_RGR1_YAP6,trigenic,C16:0,-0.006762157797058688,0.418008162138119,0.2420327611703186,0.9792434685442073,0.9806168815435681,0.006762157797058688,False,False
GCN5_RGR1_YAP6,trigenic,C18:0,0.07030549932334962,0.4363272142588929,0.2519366621968549,0.7985459275670972,0.8323529814349013,0.07030549932334962,False,False
GCN5_RGR1_YAP6,trigenic,C16:1,-0.4584306781896199,0.5548779681703263,0.3261816087962258,0.19873490900406665,0.2480711976029783,0.4584306781896199,False,False
GCN5_RGR1_YAP6,trigenic,C18:1,-0.5799232959706413,0.5603565988493464,0.33474404530046076,0.14398810411454344,0.18933242419481403,0.5799232959706413,False,False
GCN5_RGR1_YAP6,trigenic,Total Titer,-0.10918254539691374,0.29908758943133434,0.175030135695913,0.5652168876478139,0.6199152961298604,0.10918254539691374,False,False
FKH1_RPD3_TFC7,trigenic,C14:0,2.2211863288797153,0.6217326134527117,0.3589574917408927,0.009542687118344606,0.02109436099844597,2.2211863288797153,True,True
FKH1_RPD3_TFC7,trigenic,C16:0,-1.3728830633602678,0.3737282166090159,0.21577208646297413,0.003626848520458914,0.009959884013875634,1.3728830633602678,True,True
FKH1_RPD3_TFC7,trigenic,C18:0,-0.6578172708056058,0.28114352112220203,0.16231828760082262,0.006556297372655839,0.015348184669102522,0.6578172708056058,True,True
FKH1_RPD3_TFC7,trigenic,C16:1,0.053500063594920544,0.3590971833513306,0.20732485547312715,0.8115349318478602,0.8429014186230891,0.053500063594920544,False,False
FKH1_RPD3_TFC7,trigenic,C18:1,-3.6170046290513165,0.9405401260259543,0.5430210949447292,0.0043888681622974435,0.011272129021152426,3.6170046290513165,True,True
FKH1_RPD3_TFC7,trigenic,Total Titer,-1.0420025987953045,0.3192162198106107,0.18429957043735085,0.005131616829526786,0.012829419095208445,1.0420025987953045,True,True
GCN5_RPD3_TFC7,trigenic,C14:0,-0.7258779070835413,0.9707521869672752,0.5605034123254585,0.24702116836432575,0.3030465879933481,0.7258779070835413,False,False
GCN5_RPD3_TFC7,trigenic,C16:0,-0.6990796782272688,0.6154222872114162,0.3557870807199292,0.1601005642023723,0.20633899429692024,0.6990796782272688,False,False
GCN5_RPD3_TFC7,trigenic,C18:0,-0.18100429477357416,0.36363521169759067,0.2099725176938658,0.43850946139270053,0.4961897867422951,0.18100429477357416,False,False
GCN5_RPD3_TFC7,trigenic,C16:1,-0.9582265050239993,0.45461719907373876,0.26954935471604213,0.011533908693831085,0.024150178320807607,0.9582265050239993,True,True
GCN5_RPD3_TFC7,trigenic,C18:1,-3.477644190235646,0.571880907032119,0.3411788297194609,0.0013017248056419461,0.0050113706744379805,3.477644190235646,True,True
GCN5_RPD3_TFC7,trigenic,Total Titer,-0.8761317928927075,0.4513330168909137,0.2621416609324029,0.0428881941419299,0.06804926803852879,0.8761317928927075,True,False
FKH1_OPI1_RPD3,trigenic,C14:0,2.14687086178422,0.3735461904037055,0.22099153800846336,2.3385980841617027e-05,0.0002782931720152426,2.14687086178422,True,True
FKH1_OPI1_RPD3,trigenic,C16:0,-1.4274103060968761,0.498782568549747,0.29218302288474257,0.003506479198430723,0.009703977316587351,1.4274103060968761,True,True
FKH1_OPI1_RPD3,trigenic,C18:0,-0.8311438189931888,0.3874955627826394,0.23275752388382262,0.008246465704057515,0.018457606622874812,0.8311438189931888,True,True
FKH1_OPI1_RPD3,trigenic,C16:1,-0.4653658716185909,0.3213610438541756,0.18558594688175342,0.0581764588218896,0.08800421948904485,0.4653658716185909,False,False
FKH1_OPI1_RPD3,trigenic,C18:1,-5.05554828965148,1.3054882902932134,0.7587415551415824,0.002304864121200456,0.00724966071602258,5.05554828965148,True,True
FKH1_OPI1_RPD3,trigenic,Total Titer,-1.3593359009508892,0.3034519495562234,0.17739271379960767,0.0028277118278863256,0.008308585370826488,1.3593359009508892,True,True
FKH1_OPI1_RFX1,trigenic,C14:0,2.4900866510030237,0.39926565787747526,0.23051613505373336,1.136128801992875e-05,0.00016543464351098436,2.4900866510030237,True,True
FKH1_OPI1_RFX1,trigenic,C16:0,-1.5636370933000046,0.4534804958673639,0.26181708636126755,0.0013750578013926873,0.005167322474707256,1.5636370933000046,True,True
FKH1_OPI1_RFX1,trigenic,C18:0,-0.9067072284170856,0.34602305267642575,0.19977650260855048,0.0022591773307669705,0.007142610206565827,0.9067072284170856,True,True
FKH1_OPI1_RFX1,trigenic,C16:1,-0.44616020564588954,0.34224265073221527,0.19759388652841556,0.06777186363473287,0.0991580135967198,0.44616020564588954,False,False
FKH1_OPI1_RFX1,trigenic,C18:1,-5.286165258403997,1.2217776924314072,0.7053936796151529,0.0025813278249362526,0.007842842838316955,5.286165258403997,True,True
FKH1_OPI1_RFX1,trigenic,Total Titer,-1.4478588518339177,0.2055670247014014,0.11868417704786455,7.932434866964044e-06,0.00013814045109786165,1.4478588518339177,True,True
FKH1_SPT3_YAP6,trigenic,C14:0,2.3480384544092825,0.7883472024416502,0.45515246954457517,0.0013459162255842205,0.005111618005676242,2.3480384544092825,True,True
FKH1_SPT3_YAP6,trigenic,C16:0,-1.7400453404052123,0.5417411848477165,0.312774418902936,0.0013732936574961663,0.005167322474707256,1.7400453404052123,True,True
FKH1_SPT3_YAP6,trigenic,C18:0,-1.0753587366207737,0.5652893272269733,0.3263699452445155,0.026336639425173614,0.04564165181935428,1.0753587366207737,True,True
FKH1_SPT3_YAP6,trigenic,C16:1,-0.3760752562205876,0.7309453248781991,0.42201148008132666,0.4172358701088199,0.473619095799201,0.3760752562205876,False,False
FKH1_SPT3_YAP6,trigenic,C18:1,-5.52973561277609,3.226388455149111,1.8627562430906401,0.06686243437688955,0.09849214140837881,5.52973561277609,False,False
FKH1_SPT3_YAP6,trigenic,Total Titer,-1.5801998883446857,0.4390557901770661,0.25348897864799297,0.002395746704330959,0.007437231073444802,1.5801998883446857,True,True
GCN5_RFX1_SPT3,trigenic,C14:0,0.07010565444134365,0.44867470041342156,0.25912764163295715,0.7955013820758161,0.8316075941466071,0.07010565444134365,False,False
GCN5_RFX1_SPT3,trigenic,C16:0,-0.22411763935049223,0.2571287250273443,0.14958156087263907,0.17844841994003646,0.22550826873838237,0.22411763935049223,False,False
GCN5_RFX1_SPT3,trigenic,C18:0,-0.008275659594457085,0.2311009802387899,0.13346968499885448,0.953146320012787,0.9598680853161211,0.008275659594457085,False,False
GCN5_RFX1_SPT3,trigenic,C16:1,-0.07788369493181957,0.2792241689652043,0.17249145169559524,0.6721856793952656,0.7206314941264559,0.07788369493181957,False,False
GCN5_RFX1_SPT3,trigenic,C18:1,-0.7410881874555413,0.48841428994313785,0.2947935595966568,0.056500603178666786,0.0865695937115195,0.7410881874555413,False,False
GCN5_RFX1_SPT3,trigenic,Total Titer,-0.17881950973638894,0.20270453445184047,0.12047459945382695,0.17675344098209544,0.22376233486031233,0.17881950973638894,False,False
FKH1_RGR1_YAP6,trigenic,C14:0,3.5474743628921965,1.1515036654186104,0.6648209512022755,0.002242548832157576,0.007142610206565827,3.5474743628921965,True,True
FKH1_RGR1_YAP6,trigenic,C16:0,-1.4560232467857945,0.4899064210932194,0.2828476040958964,0.0018124858331907134,0.0062360902952176426,1.4560232467857945,True,True
FKH1_RGR1_YAP6,trigenic,C18:0,-0.7575958215432101,0.4998135387068855,0.2885674811170398,0.04843131106766019,0.07533759499413806,0.7575958215432101,True,False
FKH1_RGR1_YAP6,trigenic,C16:1,-0.08966047006687505,0.6958998244050607,0.4017779509492751,0.8346593988744082,0.8611948132894905,0.08966047006687505,False,False
FKH1_RGR1_YAP6,trigenic,C18:1,-5.01116673423414,3.1277000016563745,1.805778437900701,0.08743338824843394,0.12313104380548684,5.01116673423414,False,False
FKH1_RGR1_YAP6,trigenic,Total Titer,-1.2447572503693425,0.4394045134273793,0.253690314110434,0.006102709829798769,0.014573026148750237,1.2447572503693425,True,True
FKH1_OPI1_RGR1,trigenic,C14:0,3.1866578496056537,0.638020800293628,0.3683614807981066,0.000987175845723387,0.004027677450551419,3.1866578496056537,True,True
FKH1_OPI1_RGR1,trigenic,C16:0,-1.048546830184785,0.5140117943615059,0.296764847841258,0.011632923004281759,0.024286277851044372,1.048546830184785,True,True
FKH1_OPI1_RGR1,trigenic,C18:0,-0.41953674603795976,0.3365539659042402,0.19430952281164918,0.06531058650757093,0.09714949743001175,0.41953674603795976,False,False
FKH1_OPI1_RGR1,trigenic,C16:1,0.042765910444963584,0.3529992722350278,0.2038042248486353,0.8414969634113882,0.8657475963627251,0.042765910444963584,False,False
FKH1_OPI1_RGR1,trigenic,C18:1,-4.298438294481766,1.3842867630312785,0.7992183352717445,0.005651451369321769,0.013586317433319001,4.298438294481766,True,True
FKH1_OPI1_RGR1,trigenic,Total Titer,-0.8953603936710466,0.18994695203765977,0.10966592389069178,0.0009206196340716399,0.0038668909780316344,0.8953603936710466,True,True
FKH1_MED4_SPT3,trigenic,C14:0,1.7691249233934339,0.38866047422778044,0.22439322941877662,5.8594254054966655e-05,0.000550477597305871,1.7691249233934339,True,True
FKH1_MED4_SPT3,trigenic,C16:0,-0.761491941758546,0.42199776828950075,0.2436405251193646,0.030928773792679776,0.05147586127732718,0.761491941758546,True,False
FKH1_MED4_SPT3,trigenic,C18:0,-0.47166970506984596,0.25462160148785107,0.14700585016050444,0.015460672801838271,0.029997066251392736,0.47166970506984596,True,True
FKH1_MED4_SPT3,trigenic,C16:1,-0.07745191889304603,0.36653769992327645,0.21162063971884995,0.7275982598512725,0.7719244539878285,0.07745191889304603,False,False
FKH1_MED4_SPT3,trigenic,C18:1,-2.2409735456223947,1.2923897005877183,0.746161541532219,0.06647500506318904,0.09847127306040866,2.2409735456223947,False,False
FKH1_MED4_SPT3,trigenic,Total Titer,-0.6426941927220091,0.1774052667147311,0.10242497849340736,9.766601466321134e-05,0.0008401630658979867,0.6426941927220091,True,True
FKH1_MED4_RGR1,trigenic,C14:0,2.7813268674885907,0.6337032104321522,0.3658687191293331,0.0017875880039732728,0.006195814732218043,2.7813268674885907,True,True
FKH1_MED4_RGR1,trigenic,C16:0,-0.6330858830486186,0.37727311427346344,0.2178187340837926,0.03278291219659635,0.05400147823686733,0.6330858830486186,True,False
FKH1_MED4_RGR1,trigenic,C18:0,-0.40729172025813387,0.25958303467227856,0.1498703349451,0.037623683702957544,0.06105297764525383,0.40729172025813387,True,False
FKH1_MED4_RGR1,trigenic,C16:1,0.3453237650870582,0.2867803719199794,0.1655727249263011,0.08514035949681387,0.12013876814372548,0.3453237650870582,False,False
FKH1_MED4_RGR1,trigenic,C18:1,-2.025143253368888,1.029957101140524,0.5946460095972481,0.047191578233285236,0.07373038699904959,2.025143253368888,True,False
FKH1_MED4_RGR1,trigenic,Total Titer,-0.4498615350689592,0.22785137908481226,0.13155005504984382,0.02274173244179245,0.041004032735959116,0.4498615350689592,True,True
RFX1_RGR1_SPT3,trigenic,C14:0,1.4072947820699708,0.6688950306463962,0.38618672600329984,0.018403427996484645,0.03439803033897915,1.4072947820699708,True,True
RFX1_RGR1_SPT3,trigenic,C16:0,-0.032525352461044266,0.34598771600507516,0.19975610097183397,0.8765091630979243,0.8966010636846962,0.032525352461044266,False,False
RFX1_RGR1_SPT3,trigenic,C18:0,-0.6183478542908594,0.3351659153529504,0.19350813145221327,0.022006123009710166,0.03998058989550396,0.6183478542908594,True,True
RFX1_RGR1_SPT3,trigenic,C16:1,0.5480911482564956,0.28953675315350913,0.16716412237346873,0.013260478593771108,0.026670371030852312,0.5480911482564956,True,True
RFX1_RGR1_SPT3,trigenic,C18:1,1.3499814583550087,0.8740619924383966,0.5046399266227289,0.0652701172161656,0.09714949743001175,1.3499814583550087,False,False
RFX1_RGR1_SPT3,trigenic,Total Titer,0.07570548588736004,0.2888234227216158,0.166752280856594,0.6694437399046782,0.7187711733713387,0.07570548588736004,False,False
OPI1_RGR1_YAP6,trigenic,C14:0,0.9705630394813971,0.7579005574100163,0.43757409083964033,0.0674919324221479,0.09895121098442218,0.9705630394813971,False,False
OPI1_RGR1_YAP6,trigenic,C16:0,-0.04546980882663676,0.31773674442654576,0.1834453949261015,0.8122075294295312,0.8429014186230891,0.04546980882663676,False,False
OPI1_RGR1_YAP6,trigenic,C18:0,-0.42354520137343266,0.3251652033681972,0.1877342176957281,0.050223351048265474,0.07761790616550118,0.42354520137343266,False,False
OPI1_RGR1_YAP6,trigenic,C16:1,0.9667097327005079,0.3758199092408005,0.2169797257669969,0.014356356476618704,0.028316128520181644,0.9667097327005079,True,True
OPI1_RGR1_YAP6,trigenic,C18:1,3.3732219508289276,0.7712907387427382,0.4453049156365853,0.012699861585862893,0.0261317036665882,3.3732219508289276,True,True
OPI1_RGR1_YAP6,trigenic,Total Titer,0.4013488598524446,0.19463566142924,0.11237295152007257,0.011977925193936256,0.02478909735788547,0.4013488598524446,True,True
FKH1_MED4_RFX1,trigenic,C14:0,2.4701898172964687,0.34902171358253803,0.2015077802899028,1.9216821190326527e-05,0.00024071597069987968,2.4701898172964687,True,True
FKH1_MED4_RFX1,trigenic,C16:0,-0.4036237925741988,0.279064062383193,0.16111771153808702,0.04455691333745859,0.06992007939108888,0.4036237925741988,True,False
FKH1_MED4_RFX1,trigenic,C18:0,-0.13708447506458987,0.23235833605189352,0.13415214786801427,0.3567878626118808,0.4162525063805276,0.13708447506458987,False,False
FKH1_MED4_RFX1,trigenic,C16:1,-0.04904674561362388,0.270493616716353,0.1561695624252619,0.7621125296760218,0.8049531748353249,0.04904674561362388,False,False
FKH1_MED4_RFX1,trigenic,C18:1,-2.8878395183934096,0.7654008000750234,0.4419043579612698,0.005885023863435368,0.01410035918957333,2.8878395183934096,True,True
FKH1_MED4_RFX1,trigenic,Total Titer,-0.4488953171345431,0.1855019225489875,0.10709958491885105,0.0033925867392861075,0.0094992428700011,0.4488953171345431,True,True
FKH1_MED4_YAP6,trigenic,C14:0,1.9973214837376991,0.6055260702431593,0.3496006396562243,0.0007630494890216166,0.00336306997013231,1.9973214837376991,True,True
FKH1_MED4_YAP6,trigenic,C16:0,-0.6017333532079809,0.24811303198175982,0.14324812580412327,0.0042864023081976566,0.011090677578207503,0.6017333532079809,True,True
FKH1_MED4_YAP6,trigenic,C18:0,-0.5287812461553951,0.2920891733508037,0.1686377628614618,0.02294779831259719,0.04121268994287723,0.5287812461553951,True,True
FKH1_MED4_YAP6,trigenic,C16:1,0.23070563584879178,0.7109147974556406,0.41044684968190237,0.6025810542834729,0.6558580377414629,0.23070563584879178,False,False
FKH1_MED4_YAP6,trigenic,C18:1,-1.5637622220750926,3.1652884355141593,1.8274801303069097,0.46478669456523924,0.518527656124345,1.5637622220750926,False,False
FKH1_MED4_YAP6,trigenic,Total Titer,-0.46425480794993623,0.37121141523814555,0.21431901051400531,0.0951631217397062,0.13193489111097131,0.46425480794993623,False,False
RFX1_RPD3_SPT3,trigenic,C14:0,0.5194501360131851,0.288069609072623,0.16631706634342916,0.013103340029458455,0.02657602251723485,0.5194501360131851,True,True
RFX1_RPD3_SPT3,trigenic,C16:0,-0.25103318137963915,0.31982910280756083,0.18465341860062176,0.21598324695739457,0.26772923320760367,0.25103318137963915,False,False
RFX1_RPD3_SPT3,trigenic,C18:0,-0.84484906778808,0.25509107240996465,0.14727689932376342,0.0010405078765576281,0.0042211512719440136,0.84484906778808,True,True
RFX1_RPD3_SPT3,trigenic,C16:1,0.2598220681068135,0.33231953651196633,0.19186477386215545,0.26252829093676144,0.3193274271360267,0.2598220681068135,False,False
RFX1_RPD3_SPT3,trigenic,C18:1,1.823875246202713,1.3872898180725082,0.8009521499081896,0.13234321405219918,0.17642652329035208,1.823875246202713,False,False
RFX1_RPD3_SPT3,trigenic,Total Titer,-0.10273204770585331,0.344144479744016,0.1986919080203314,0.6386228597735837,0.6898286261396955,0.10273204770585331,False,False
OPI1_RGR1_SPT3,trigenic,C14:0,0.6990994240522075,0.7277710609874616,0.42017881796953055,0.14808105844054675,0.1939997719753218,0.6990994240522075,False,False
OPI1_RGR1_SPT3,trigenic,C16:0,0.05316604776795142,0.5373723692195749,0.3102520820239886,0.8702787813865758,0.8915050931277118,0.05316604776795142,False,False
OPI1_RGR1_SPT3,trigenic,C18:0,-0.35814944469919796,0.43086498981054017,0.24876001785150073,0.18860389144382883,0.23708306072340457,0.35814944469919796,False,False
OPI1_RGR1_SPT3,trigenic,C16:1,0.7852416272266594,0.3656572910749644,0.21111233543328006,0.00971992089939322,0.021223313523445746,0.7852416272266594,True,True
OPI1_RGR1_SPT3,trigenic,C18:1,2.695100341772908,1.198719930384905,0.6920812744906945,0.03839468410519875,0.06202218201609029,2.695100341772908,True,False
OPI1_RGR1_SPT3,trigenic,Total Titer,0.3514312697885338,0.28944318778090217,0.1671101023804073,0.09359294979679245,0.13026387164699768,0.3514312697885338,False,False
FKH1_MED4_TFC7,trigenic,C14:0,2.0827384321996396,0.6576700129609758,0.37970595902096405,0.0074739775173842116,0.017214257894878474,2.0827384321996396,True,True
FKH1_MED4_TFC7,trigenic,C16:0,-0.48500392305890516,0.21484835523560072,0.1240427557302224,0.004010007708029395,0.010579784879365306,0.48500392305890516,True,True
FKH1_MED4_TFC7,trigenic,C18:0,-0.31133932066524284,0.19171193823745877,0.11068493914826175,0.02088130614146544,0.03852520047805252,0.31133932066524284,True,True
FKH1_MED4_TFC7,trigenic,C16:1,0.4539355214448766,0.37556390868512857,0.216831923777267,0.10767416017689868,0.14744492420601185,0.4539355214448766,False,False
FKH1_MED4_TFC7,trigenic,C18:1,-0.058156839812254724,0.7631431823803021,0.4406009217774951,0.8992711381870642,0.9107511952703032,0.058156839812254724,False,False
FKH1_MED4_TFC7,trigenic,Total Titer,-0.159923146848173,0.19344201303439282,0.11168379829798979,0.1846864150094647,0.23256807816006667,0.159923146848173,False,False
OPI1_RPD3_YAP6,trigenic,C14:0,-0.17455442948772504,0.6596517545355525,0.3808501180525102,0.6608654282864328,0.7106293912598087,0.17455442948772504,False,False
OPI1_RPD3_YAP6,trigenic,C16:0,-0.4418658362995156,0.44035832839240885,0.25424099943725087,0.16704388812941584,0.21260131216471106,0.4418658362995156,False,False
OPI1_RPD3_YAP6,trigenic,C18:0,-0.7367225509165538,0.41887856004687746,0.24183964940082753,0.0219956465150124,0.03998058989550396,0.7367225509165538,True,True
OPI1_RPD3_YAP6,trigenic,C16:1,0.6470013321462282,0.8044934404174969,0.4644745043863301,0.26006828857970055,0.31687501373021537,0.6470013321462282,False,False
OPI1_RPD3_YAP6,trigenic,C18:1,3.162220966181147,3.3247696138977494,1.9195566315773538,0.24034938828400843,0.296389401096342,3.162220966181147,False,False
OPI1_RPD3_YAP6,trigenic,Total Titer,0.04789922052379292,0.2866291246391448,0.16548540226799707,0.789338541903255,0.8300260956096084,0.04789922052379292,False,False
RFX1_RGR1_RPD3,trigenic,C14:0,1.7676704423058616,0.63844178746704,0.3686045378560014,0.009703238547767112,0.021223313523445746,1.7676704423058616,True,True
RFX1_RGR1_RPD3,trigenic,C16:0,-0.13084752814528566,0.27823900942433116,0.16064136699019244,0.44200526566613174,0.4993540501354716,0.13084752814528566,False,False
RFX1_RGR1_RPD3,trigenic,C18:0,-0.8307277628032343,0.2745883187851011,0.1585336397669049,0.0018524973190270355,0.006268640216991959,0.8307277628032343,True,True
RFX1_RGR1_RPD3,trigenic,C16:1,0.5638225233125598,0.330610047775785,0.19087780008014457,0.041027605496836816,0.06597682505572407,0.5638225233125598,True,False
RFX1_RGR1_RPD3,trigenic,C18:1,1.5800381008789426,0.9028778613404855,0.5212767762902829,0.07709465044855701,0.11031178440935814,1.5800381008789426,False,False
RFX1_RGR1_RPD3,trigenic,Total Titer,0.00801622152310455,0.273603107554902,0.15796482779794083,0.9610921069937821,0.9665067104134654,0.00801622152310455,False,False
OPI1_RGR1_TFC7,trigenic,C14:0,0.5590751437364632,0.8104596471424272,0.46791909544500954,0.2876803917908075,0.34405996606136774,0.5590751437364632,False,False
OPI1_RGR1_TFC7,trigenic,C16:0,0.03160314696483035,0.34316884215950094,0.1981286233982801,0.8833228229497787,0.8997039879973495,0.03160314696483035,False,False
OPI1_RGR1_TFC7,trigenic,C18:0,-0.39262059478140254,0.21694695693440746,0.12525438398595032,0.01459323381233002,0.028625189401108888,0.39262059478140254,True,True
OPI1_RGR1_TFC7,trigenic,C16:1,0.7406682822007855,0.40781427670751175,0.23545168243645445,0.02802253178530867,0.04763830403502473,0.7406682822007855,True,True
OPI1_RGR1_TFC7,trigenic,C18:1,3.0183410625520413,0.7775381340081121,0.44891185097478287,0.016486194761602402,0.03138971482609097,3.0183410625520413,True,True
OPI1_RGR1_TFC7,trigenic,Total Titer,0.35368506381208387,0.10952918473480532,0.0632367042907601,0.00011013954567995476,0.0008854161323377989,0.35368506381208387,True,True
OPI1_RPD3_SPT3,trigenic,C14:0,-0.10306776946725371,0.5539985923136611,0.319851236402966,0.7574999968153913,0.8014169062790155,0.10306776946725371,False,False
OPI1_RPD3_SPT3,trigenic,C16:0,-0.4754198655840445,0.4554745834492098,0.262968373363434,0.13589661939116304,0.18001889841426794,0.4754198655840445,False,False
OPI1_RPD3_SPT3,trigenic,C18:0,-0.7978548500743756,0.4031148128967503,0.23273844574026442,0.009679910927379076,0.021223313523445746,0.7978548500743756,True,True
OPI1_RPD3_SPT3,trigenic,C16:1,0.6039910833227344,0.3273910977559172,0.18901933841966587,0.02819186293601006,0.0478123281147534,0.6039910833227344,True,True
OPI1_RPD3_SPT3,trigenic,C18:1,3.6935964627042237,1.1300866975148338,0.6524558590178045,0.017263460621933735,0.03243713390542286,3.6935964627042237,True,True
OPI1_RPD3_SPT3,trigenic,Total Titer,0.06279841733950464,0.3893289877104727,0.22477919585796596,0.7966922466578661,0.8316348890551409,0.06279841733950464,False,False
OPI1_RFX1_RGR1,trigenic,C14:0,1.1817116119691593,0.6285222968770254,0.36287751729363255,0.033304360069806416,0.054537546938173906,1.1817116119691593,True,False
OPI1_RFX1_RGR1,trigenic,C16:0,-0.04843626380646415,0.4419949629679297,0.2551859108499929,0.8580254926088662,0.8802158070728886,0.04843626380646415,False,False
OPI1_RFX1_RGR1,trigenic,C18:0,-0.44746395857332955,0.3552079586981874,0.20507941057269596,0.05932919732588138,0.08955823866951228,0.44746395857332955,False,False
OPI1_RFX1_RGR1,trigenic,C16:1,1.0087392809088058,0.24460381509040274,0.14122207848725346,0.00018786499404055412,0.0013022874344170452,1.0087392809088058,True,True
OPI1_RFX1_RGR1,trigenic,C18:1,3.3865618245630973,0.5930998423349417,0.3424263536284032,0.006262115888439945,0.014805134915053381,3.3865618245630973,True,True
OPI1_RFX1_RGR1,trigenic,Total Titer,0.40681811907886645,0.2471853703719128,0.1427125401239612,0.02602290886321268,0.04528285288236123,0.40681811907886645,True,True
FKH1_MED4_RPD3,trigenic,C14:0,1.7622649827416055,0.35167436674557917,0.20303929030765133,0.00011681265925789219,0.0009165300957157695,1.7622649827416055,True,True
FKH1_MED4_RPD3,trigenic,C16:0,-0.09344496988499484,0.35785698847609193,0.2066088286280605,0.6789676886978038,0.725722948697952,0.09344496988499484,False,False
FKH1_MED4_RPD3,trigenic,C18:0,-0.1618118576014136,0.2482942891725712,0.14335277469203078,0.3157458538212301,0.37263229690637734,0.1618118576014136,False,False
FKH1_MED4_RPD3,trigenic,C16:1,0.14840711459804634,0.2598301648480207,0.15001301561858957,0.3563877255571213,0.4162525063805276,0.14840711459804634,False,False
FKH1_MED4_RPD3,trigenic,C18:1,-2.1633168312149325,0.8675722915600194,0.5008930960736376,0.0254196169506975,0.044424201250717124,2.1633168312149325,True,True
FKH1_MED4_RPD3,trigenic,Total Titer,-0.23638306931300734,0.31234776773535367,0.18033406778278516,0.2660702488752609,0.3219900977914174,0.23638306931300734,False,False
RFX1_RGR1_YAP6,trigenic,C14:0,1.6883703299217316,0.691036583051027,0.3989701572443896,0.010677457018118286,0.02262226798497465,1.6883703299217316,True,True
RFX1_RGR1_YAP6,trigenic,C16:0,0.19457716959899662,0.32407627755200163,0.18710552608262004,0.3245064935706867,0.3823393340090269,0.19457716959899662,False,False
RFX1_RGR1_YAP6,trigenic,C18:0,-0.4961783225777583,0.32178811210040886,0.18578445314319253,0.026413748530292214,0.04566444661169162,0.4961783225777583,True,True
RFX1_RGR1_YAP6,trigenic,C16:1,0.7805004585528481,0.3576756501167967,0.20650413287750696,0.03282442794789975,0.05400147823686733,0.7805004585528481,True,False
RFX1_RGR1_YAP6,trigenic,C18:1,2.704525433364068,0.5750621212650451,0.332012270513131,0.007589021203161073,0.017423026170601305,2.704525433364068,True,True
RFX1_RGR1_YAP6,trigenic,Total Titer,0.3866836260631694,0.210053254050121,0.12127430276999422,0.014453597909127813,0.028429390928697684,0.3866836260631694,True,True
OPI1_RFX1_TFC7,trigenic,C14:0,0.35367268998846146,0.6621104555117038,0.38226964972294797,0.4114981288526913,0.4685959553442131,0.35367268998846146,False,False
OPI1_RFX1_TFC7,trigenic,C16:0,-0.2835904752388645,0.29254195393724913,0.16889917585492986,0.12945192648333448,0.17308740732041353,0.2835904752388645,False,False
OPI1_RFX1_TFC7,trigenic,C18:0,-0.5331614678283432,0.28599244529033585,0.16511781527457473,0.014233988131501452,0.02815254162296963,0.5331614678283432,True,True
OPI1_RFX1_TFC7,trigenic,C16:1,0.9152714833682556,0.378562059865192,0.21856290716814783,0.013375732009478059,0.026826608580807116,0.9152714833682556,True,True
OPI1_RFX1_TFC7,trigenic,C18:1,4.105712163873569,0.6910077584916929,0.3989535153772989,0.005361273468442063,0.013154464798857844,4.105712163873569,True,True
OPI1_RFX1_TFC7,trigenic,Total Titer,0.3260539134733016,0.2115597660273207,0.12214408786556787,0.03008937458333194,0.05055014929999766,0.3260539134733016,True,False
RFX1_RGR1_TFC7,trigenic,C14:0,1.5857903376366598,0.9396929416953684,0.5425319728434124,0.023506290643951155,0.041749978904928174,1.5857903376366598,True,True
RFX1_RGR1_TFC7,trigenic,C16:0,-0.05719557800007502,0.41479244167396406,0.23948052785828527,0.8238659669090438,0.8534358817021566,0.05719557800007502,False,False
RFX1_RGR1_TFC7,trigenic,C18:0,-0.6709420541096729,0.22405264679912337,0.12935685594212204,0.005264086947677216,0.012960545105660455,0.6709420541096729,True,True
RFX1_RGR1_TFC7,trigenic,C16:1,0.8288844781534717,0.9279117325622971,0.5357300885790544,0.23457521560363093,0.28976938398095586,0.8288844781534717,False,False
RFX1_RGR1_TFC7,trigenic,C18:1,2.4834803238411634,3.7086938126796585,2.1412153710925,0.36539846035275425,0.4236706069933993,2.4834803238411634,False,False
RFX1_RGR1_TFC7,trigenic,Total Titer,0.22148218695022837,0.6842891022316935,0.3950744973769956,0.626400248646571,0.6776511780812904,0.22148218695022837,False,False
FKH1_GCN5_MED4,trigenic,C14:0,0.7560387683500904,1.5156677976556854,0.877502078488018,0.4589020537717361,0.5127637971721746,0.7560387683500904,False,False
FKH1_GCN5_MED4,trigenic,C16:0,-0.026822993875441625,0.32219490438911524,0.1924319403888951,0.8932043867138106,0.9071805577719214,0.026822993875441625,False,False
FKH1_GCN5_MED4,trigenic,C18:0,-0.19400280726085173,0.1622222915220498,0.09392299766512521,0.07992066629677752,0.11338238123902704,0.19400280726085173,False,False
FKH1_GCN5_MED4,trigenic,C16:1,0.9108825970826668,0.4478462436332671,0.28156559670816633,0.018469233125452345,0.034430894129433356,0.9108825970826668,True,True
FKH1_GCN5_MED4,trigenic,C18:1,0.9014867887925617,0.7218542543158737,0.4450153520210692,0.09253574070359116,0.12904398215305488,0.9014867887925617,False,False
FKH1_GCN5_MED4,trigenic,Total Titer,0.214265168056188,0.3063976075320992,0.1850317175554043,0.2812355713936838,0.33748268567242057,0.214265168056188,False,False
OPI1_SPT3_TFC7,trigenic,C14:0,-0.32815998957983794,0.7009765970898175,0.404709027025434,0.4581499594139278,0.5127258166481887,0.32815998957983794,False,False
OPI1_SPT3_TFC7,trigenic,C16:0,-0.1178506551262668,0.7102257903236704,0.4100490512287858,0.7949417924342645,0.8316075941466071,0.1178506551262668,False,False
OPI1_SPT3_TFC7,trigenic,C18:0,-0.6731677310398054,0.42349158855514224,0.2445029826518536,0.038566555968294836,0.062159189529035014,0.6731677310398054,True,False
OPI1_SPT3_TFC7,trigenic,C16:1,0.5329957224048256,0.39116925481143633,0.22584167456408807,0.07054410221933294,0.10237497761098317,0.5329957224048256,False,False
OPI1_SPT3_TFC7,trigenic,C18:1,3.41243500232056,0.5564625986170584,0.3212738311055174,0.00015388705691643523,0.0011098521074579268,3.41243500232056,True,True
OPI1_SPT3_TFC7,trigenic,Total Titer,0.1946424610416162,0.3541473903614275,0.20446709115797368,0.40502347914850767,0.4619596870799273,0.1946424610416162,False,False
RFX1_RPD3_TFC7,trigenic,C14:0,0.7869226954156288,0.6084241567321186,0.3512738506707598,0.12048047796931538,0.1635419415781201,0.7869226954156288,False,False
RFX1_RPD3_TFC7,trigenic,C16:0,0.04100702219353858,0.23954039987733738,0.13829871435097132,0.7769215640661136,0.8183714075639952,0.04100702219353858,False,False
RFX1_RPD3_TFC7,trigenic,C18:0,-0.6735446421581237,0.2311870125352442,0.13347588392036863,0.004212827407776398,0.010977951712234847,0.6735446421581237,True,True
RFX1_RPD3_TFC7,trigenic,C16:1,0.5528908911991326,0.328037779208715,0.18939270013051862,0.08003462205107792,0.11338238123902704,0.5528908911991326,False,False
RFX1_RPD3_TFC7,trigenic,C18:1,2.3092067991902336,0.38326575700947313,0.22127858798058503,0.0033224402510505513,0.009339458028543675,2.3092067991902336,True,True
RFX1_RPD3_TFC7,trigenic,Total Titer,0.17321811855923763,0.18821426949477593,0.10866555915813765,0.15138763443707526,0.1972459324599849,0.17321811855923763,False,False
OPI1_TFC7_YAP6,trigenic,C14:0,-0.3892064478098449,0.7800383239128695,0.4503553362893198,0.42253418066317394,0.4788720714182638,0.3892064478098449,False,False
OPI1_TFC7_YAP6,trigenic,C16:0,-0.2657647180229745,0.6533219236712624,0.3771955884990875,0.5417162905836739,0.5968910979579369,0.2657647180229745,False,False
OPI1_TFC7_YAP6,trigenic,C18:0,-0.8116025992327569,0.3757655714654279,0.21694835383775835,0.013139125978408828,0.02657602251723485,0.8116025992327569,True,True
OPI1_TFC7_YAP6,trigenic,C16:1,0.7227144320304177,0.5403256903949005,0.31195718279956625,0.055414148977481315,0.08508753197832615,0.7227144320304177,False,False
OPI1_TFC7_YAP6,trigenic,C18:1,3.6201790499959063,1.019930065814854,0.5888568980527987,0.02074058571462367,0.03846435896166572,3.6201790499959063,True,True
OPI1_TFC7_YAP6,trigenic,Total Titer,0.15210630053596552,0.26555698953364076,0.15331939939243414,0.38614247264375745,0.4454050492207477,0.15210630053596552,False,False
OPI1_RPD3_TFC7,trigenic,C14:0,-0.27668705612026034,0.624302912897963,0.36044145481750645,0.49877093317965304,0.5547078602652216,0.27668705612026034,False,False
OPI1_RPD3_TFC7,trigenic,C16:0,-0.03190208569140007,0.6493534556977781,0.37490439244632595,0.9389696973206332,0.9469270676369097,0.03190208569140007,False,False
OPI1_RPD3_TFC7,trigenic,C18:0,-0.4474997483531109,0.3824039788159066,0.22078104010854763,0.1077958689573364,0.14744492420601185,0.4474997483531109,False,False
OPI1_RPD3_TFC7,trigenic,C16:1,0.701756558644558,0.5266649438117709,0.30407014708246505,0.07701556307216273,0.11031178440935814,0.701756558644558,False,False
OPI1_RPD3_TFC7,trigenic,C18:1,3.46693145722979,1.7183596861612283,0.9920954273697862,0.07108910225111043,0.10254064445917746,3.46693145722979,False,False
OPI1_RPD3_TFC7,trigenic,Total Titer,0.33343066636917884,0.25598708915181206,0.14779421483086744,0.10331119356942864,0.1424019154605638,0.33343066636917884,False,False
RFX1_SPT3_TFC7,trigenic,C14:0,0.9183803994061832,0.6632400072499218,0.38292179672307175,0.0792553068859494,0.1127256755310117,0.9183803994061832,False,False
RFX1_SPT3_TFC7,trigenic,C16:0,0.1191356821454137,0.2544394601959077,0.14690069083657037,0.4448416085721363,0.50097304183045,0.1191356821454137,False,False
RFX1_SPT3_TFC7,trigenic,C18:0,-0.6576349666148462,0.23740261249742656,0.13706446223170962,0.004527139978162342,0.011503124357323532,0.6576349666148462,True,True
RFX1_SPT3_TFC7,trigenic,C16:1,0.5119290682340025,0.3611014706950389,0.20848203131055046,0.08233924266933301,0.11641627577406687,0.5119290682340025,False,False
RFX1_SPT3_TFC7,trigenic,C18:1,2.663702177803449,0.46793606067898874,0.27016301059654724,0.0003043138114435795,0.0018369610543569337,2.663702177803449,True,True
RFX1_SPT3_TFC7,trigenic,Total Titer,0.2387258173523017,0.17720184118103163,0.10230753070676593,0.04810149137425501,0.07498791450047615,0.2387258173523017,True,False
RFX1_SPT3_YAP6,trigenic,C14:0,0.7024408897884062,0.4787679463674865,0.27641680271463265,0.06300123333469099,0.09470080126519867,0.7024408897884062,False,False
RFX1_SPT3_YAP6,trigenic,C16:0,0.0801352349658393,0.33811214548912655,0.19520913821442915,0.6897106518397687,0.7361037450128473,0.0801352349658393,False,False
RFX1_SPT3_YAP6,trigenic,C18:0,-0.6791669928755972,0.3212842722777798,0.1854935610859692,0.005580662266219116,0.013461462358379894,0.6791669928755972,True,True
RFX1_SPT3_YAP6,trigenic,C16:1,0.568930199554166,0.3752910352313813,0.21667438021529134,0.0672355427136131,0.09877814299901183,0.568930199554166,False,False
RFX1_SPT3_YAP6,trigenic,C18:1,2.9343156110866313,0.6793215781479671,0.3922064960100502,0.0016849646389089923,0.005926427350645421,2.9343156110866313,True,True
RFX1_SPT3_YAP6,trigenic,Total Titer,0.2508168407911482,0.22656754305445342,0.13080883197212081,0.08989042182804696,0.12584659055926575,0.2508168407911482,False,False
OPI1_SPT3_YAP6,trigenic,C14:0,-0.1683415742795642,0.5962249102637537,0.34721153641920827,0.6413116356098287,0.6916865677121113,0.1683415742795642,False,False
OPI1_SPT3_YAP6,trigenic,C16:0,-0.3709440566886111,0.3365898117352548,0.2054239168632967,0.12142993431451532,0.1645179755228917,0.3709440566886111,False,False
OPI1_SPT3_YAP6,trigenic,C18:0,-0.9364742593193229,0.3551024922447841,0.20848709745038083,0.0026109190769401103,0.007865806839389193,0.9364742593193229,True,True
OPI1_SPT3_YAP6,trigenic,C16:1,0.9720885241292523,0.44526817483466113,0.2739483809117724,0.02237174370393258,0.04043905064457686,0.9720885241292523,True,True
OPI1_SPT3_YAP6,trigenic,C18:1,4.536594553746473,0.9711101595532853,0.666745733842023,0.05781815205684726,0.08771873849125361,4.536594553746473,False,False
OPI1_SPT3_YAP6,trigenic,Total Titer,0.21808077245471846,0.29723610507504333,0.1949921999330255,0.3751092485106926,0.43408104284705756,0.21808077245471846,False,False
OPI1_RFX1_YAP6,trigenic,C14:0,0.5154824585573081,0.5701504092464851,0.3291764922570335,0.163571070494692,0.20930061708460587,0.5154824585573081,False,False
OPI1_RFX1_YAP6,trigenic,C16:0,-0.3716922225152459,0.3677242844918398,0.21230571463892625,0.10683855531308817,0.14698020904343922,0.3716922225152459,False,False
OPI1_RFX1_YAP6,trigenic,C18:0,-0.6600250528458469,0.37252174643750224,0.21507553058468146,0.010207010330451904,0.02195122101187548,0.6600250528458469,True,True
OPI1_RFX1_YAP6,trigenic,C16:1,1.164822971824103,0.36627181928733105,0.21146713346211457,0.009322057604888467,0.020735044018350048,1.164822971824103,True,True
OPI1_RFX1_YAP6,trigenic,C18:1,5.069669945673144,0.3104226502280105,0.17922260067169896,1.1137339495093102e-08,1.9880150998741186e-06,5.069669945673144,True,True
OPI1_RFX1_YAP6,trigenic,Total Titer,0.4018418580119827,0.25984219544847237,0.15001996148899888,0.023791540563101066,0.042151761692442086,0.4018418580119827,True,True
OPI1_RFX1_SPT3,trigenic,C14:0,0.4041871020424521,0.4492190342477499,0.25935673034804213,0.1501096533447035,0.19629723898922766,0.4041871020424521,False,False
OPI1_RFX1_SPT3,trigenic,C16:0,-0.5659311408976029,0.3804017209896523,0.2196250360135727,0.026948542195346814,0.04636447982524729,0.5659311408976029,True,True
OPI1_RFX1_SPT3,trigenic,C18:0,-0.8705729720056823,0.3772436467426074,0.21780172099692047,0.0044864576009315815,0.011440466882375534,0.8705729720056823,True,True
OPI1_RFX1_SPT3,trigenic,C16:1,1.247226926758735,0.31688277324883773,0.1829523544367716,0.0003606930070174652,0.0021109410410694277,1.247226926758735,True,True
OPI1_RFX1_SPT3,trigenic,C18:1,5.474539239306592,0.9668876969330443,0.5582328721004305,0.0030358256120748273,0.008740239867021882,5.474539239306592,True,True
OPI1_RFX1_SPT3,trigenic,Total Titer,0.3178223706196477,0.3244495867779315,0.1873210562647016,0.1324434404532615,0.17642652329035208,0.3178223706196477,False,False
FKH1_MED4_OPI1,trigenic,C14:0,2.328605852324248,0.6008434229447014,0.34689711197793954,0.0002077169695675618,0.001426056887223453,2.328605852324248,True,True
FKH1_MED4_OPI1,trigenic,C16:0,-0.6417149746188735,0.4685860401048758,0.27053827639305084,0.057354109272706566,0.08731521113158314,0.6417149746188735,False,False
FKH1_MED4_OPI1,trigenic,C18:0,-0.4127172271868116,0.311286119495435,0.17972112488568345,0.05674353115694264,0.08675563435986519,0.4127172271868116,False,False
FKH1_MED4_OPI1,trigenic,C16:1,0.7007557754229072,0.793229951941609,0.45797152628276183,0.1985001414376517,0.2480711976029783,0.7007557754229072,False,False
FKH1_MED4_OPI1,trigenic,C18:1,0.007816844424020974,3.1876844996145843,1.8404105039440777,0.996827154598263,0.996827154598263,0.007816844424020974,False,False
FKH1_MED4_OPI1,trigenic,Total Titer,-0.19225398563680018,0.4956324445196239,0.28615352526251714,0.5322927485427615,0.5892356937357082,0.19225398563680018,False,False
RFX1_RPD3_YAP6,trigenic,C14:0,1.1018737924550672,0.5906031452323157,0.34098488488411716,0.024196818702228784,0.04265809519355889,1.1018737924550672,True,True
RFX1_RPD3_YAP6,trigenic,C16:0,-0.14214659299942833,0.4110711793332381,0.23733205604414193,0.5696609567917008,0.6238311704743472,0.14214659299942833,False,False
RFX1_RPD3_YAP6,trigenic,C18:0,-0.7581170102112711,0.31578776181487106,0.18232014929060525,0.002945980415989924,0.008620614823839367,0.7581170102112711,True,True
RFX1_RPD3_YAP6,trigenic,C16:1,1.1436207600597124,0.977950211892906,0.5646198180904209,0.15398643030425818,0.19990238406770972,1.1436207600597124,False,False
RFX1_RPD3_YAP6,trigenic,C18:1,4.761834282376371,3.3718354767078025,1.94673012014038,0.13353122811968365,0.17729847945540897,4.761834282376371,False,False
RFX1_RPD3_YAP6,trigenic,Total Titer,0.4410182587941551,0.4296162153326182,0.24803903757051535,0.1728832921024237,0.21925163509969897,0.4410182587941551,False,False
