seed_gene,seed_orf,class,graph,k,n_reached,n_metabolic,n_on_locus,n_reactions_touched,n_reactions_off_locus,share_off_locus,out_degree
FKH1,YIL131C,regulator,physical,1,49,1,0,1,1,1.0,49
FKH1,YIL131C,regulator,physical,2,4675,924,12,2233,2177,0.9749216300940439,49
FKH1,YIL131C,regulator,physical,3,5717,1158,13,2709,2645,0.976375046142488,49
GCN5,YGR252W,regulator,physical,1,284,31,2,65,51,0.7846153846153846,284
GCN5,YGR252W,regulator,physical,2,5398,1097,12,2656,2600,0.9789156626506024,284
GCN5,YGR252W,regulator,physical,3,5718,1158,13,2709,2645,0.976375046142488,284
MED4,YOR174W,regulator,physical,1,71,3,0,19,19,1.0,71
MED4,YOR174W,regulator,physical,2,5237,1041,12,2581,2525,0.9783029833397908,71
MED4,YOR174W,regulator,physical,3,5717,1158,13,2709,2645,0.976375046142488,71
OPI1,YHL020C,regulator,physical,1,27,0,0,0,0,,27
OPI1,YHL020C,regulator,physical,2,5233,1035,11,2538,2500,0.9850275807722616,27
OPI1,YHL020C,regulator,physical,3,5718,1158,13,2709,2645,0.976375046142488,27
RFX1,YLR176C,regulator,physical,1,21,0,0,0,0,,21
RFX1,YLR176C,regulator,physical,2,5033,974,11,2402,2360,0.9825145711906744,21
RFX1,YLR176C,regulator,physical,3,5718,1158,13,2709,2645,0.976375046142488,21
RGR1,YLR071C,regulator,physical,1,61,2,1,16,8,0.5,61
RGR1,YLR071C,regulator,physical,2,5021,975,12,2440,2384,0.9770491803278688,61
RGR1,YLR071C,regulator,physical,3,5718,1158,13,2709,2645,0.976375046142488,61
RPD3,YNL330C,regulator,physical,1,92,6,1,13,12,0.9230769230769231,92
RPD3,YNL330C,regulator,physical,2,5368,1081,13,2623,2559,0.975600457491422,92
RPD3,YNL330C,regulator,physical,3,5718,1158,13,2709,2645,0.976375046142488,92
SPT3,YDR392W,regulator,physical,1,42,0,0,0,0,,42
SPT3,YDR392W,regulator,physical,2,5218,1021,11,2520,2478,0.9833333333333333,42
SPT3,YDR392W,regulator,physical,3,5718,1158,13,2709,2645,0.976375046142488,42
TFC7,YOR110W,regulator,physical,1,27,1,0,1,1,1.0,27
TFC7,YOR110W,regulator,physical,2,5196,1039,11,2534,2496,0.9850039463299132,27
TFC7,YOR110W,regulator,physical,3,5718,1158,13,2709,2645,0.976375046142488,27
YAP6,YDR259C,regulator,physical,1,50,2,0,3,3,1.0,50
YAP6,YDR259C,regulator,physical,2,4287,813,11,2113,2057,0.9734973970657832,50
YAP6,YDR259C,regulator,physical,3,5717,1157,13,2708,2644,0.9763663220088626,50
ACC1,YNR016C,pathway enzyme,physical,1,123,13,0,29,29,1.0,123
ACC1,YNR016C,pathway enzyme,physical,2,5532,1115,12,2658,2594,0.9759217456734387,123
ACC1,YNR016C,pathway enzyme,physical,3,5718,1157,12,2709,2645,0.976375046142488,123
FAS1,YKL182W,pathway enzyme,physical,1,110,10,1,21,19,0.9047619047619048,110
FAS1,YKL182W,pathway enzyme,physical,2,5460,1108,11,2657,2601,0.9789235980429055,110
FAS1,YKL182W,pathway enzyme,physical,3,5718,1157,12,2709,2645,0.976375046142488,110
FAS2,YPL231W,pathway enzyme,physical,1,93,6,1,9,7,0.7777777777777778,93
FAS2,YPL231W,pathway enzyme,physical,2,5510,1114,12,2667,2603,0.9760029996250469,93
FAS2,YPL231W,pathway enzyme,physical,3,5718,1157,12,2709,2645,0.976375046142488,93
ELO1,YJL196C,pathway enzyme,physical,1,43,14,2,138,133,0.9637681159420289,43
ELO1,YJL196C,pathway enzyme,physical,2,4754,954,12,2424,2362,0.9744224422442245,43
ELO1,YJL196C,pathway enzyme,physical,3,5715,1157,12,2707,2645,0.9770964166974511,43
ELO2,YCR034W,pathway enzyme,physical,1,82,33,2,132,128,0.9696969696969697,82
ELO2,YCR034W,pathway enzyme,physical,2,4808,985,10,2431,2394,0.9847799259563965,82
ELO2,YCR034W,pathway enzyme,physical,3,5717,1157,12,2708,2645,0.9767355982274741,82
ELO3,YLR372W,pathway enzyme,physical,1,103,37,1,134,132,0.9850746268656716,103
ELO3,YLR372W,pathway enzyme,physical,2,5193,1048,12,2562,2499,0.9754098360655737,103
ELO3,YLR372W,pathway enzyme,physical,3,5718,1157,12,2708,2645,0.9767355982274741,103
OLE1,YGL055W,pathway enzyme,physical,1,52,11,2,136,124,0.9117647058823529,52
OLE1,YGL055W,pathway enzyme,physical,2,5352,1083,11,2657,2599,0.9781708694015807,52
OLE1,YGL055W,pathway enzyme,physical,3,5718,1157,12,2707,2645,0.9770964166974511,52
FAA1,YOR317W,pathway enzyme,physical,1,39,4,0,17,17,1.0,39
FAA1,YOR317W,pathway enzyme,physical,2,5136,1047,11,2606,2552,0.9792785878741366,39
FAA1,YOR317W,pathway enzyme,physical,3,5718,1157,12,2707,2645,0.9770964166974511,39
FAA2,YER015W,pathway enzyme,physical,1,6,1,0,6,6,1.0,6
FAA2,YER015W,pathway enzyme,physical,2,2342,472,8,1307,1258,0.9625095638867636,6
FAA2,YER015W,pathway enzyme,physical,3,5690,1153,12,2697,2641,0.9792361883574342,6
FAA3,YIL009W,pathway enzyme,physical,1,12,2,0,3,3,1.0,12
FAA3,YIL009W,pathway enzyme,physical,2,4080,858,9,2001,1969,0.984007996001999,12
FAA3,YIL009W,pathway enzyme,physical,3,5716,1157,12,2705,2645,0.977818853974122,12
FAA4,YMR246W,pathway enzyme,physical,1,89,7,0,29,29,1.0,89
FAA4,YMR246W,pathway enzyme,physical,2,5266,1070,12,2613,2549,0.9755070799846919,89
FAA4,YMR246W,pathway enzyme,physical,3,5718,1157,12,2709,2645,0.976375046142488,89
POX1,YGL205W,pathway enzyme,physical,1,15,1,0,1,1,1.0,15
POX1,YGL205W,pathway enzyme,physical,2,2026,412,9,878,845,0.9624145785876993,15
POX1,YGL205W,pathway enzyme,physical,3,5700,1153,12,2691,2645,0.9829059829059829,15
SLC1,YDL052C,pathway enzyme,physical,1,40,12,1,163,161,0.9877300613496932,40
SLC1,YDL052C,pathway enzyme,physical,2,5117,1034,11,2520,2474,0.9817460317460317,40
SLC1,YDL052C,pathway enzyme,physical,3,5718,1157,12,2709,2645,0.976375046142488,40
YAL054C,YAL054C,adjacent enzyme,physical,1,20,2,0,2,2,1.0,20
YAL054C,YAL054C,adjacent enzyme,physical,2,4106,850,13,1904,1840,0.9663865546218487,20
YAL054C,YAL054C,adjacent enzyme,physical,3,5713,1156,13,2707,2643,0.9763575914296269,20
YAR035W,YAR035W,adjacent enzyme,physical,1,8,2,0,3,3,1.0,8
YAR035W,YAR035W,adjacent enzyme,physical,2,4807,907,12,2220,2160,0.972972972972973,8
YAR035W,YAR035W,adjacent enzyme,physical,3,5718,1157,13,2709,2645,0.976375046142488,8
YBL011W,YBL011W,adjacent enzyme,physical,1,28,4,2,30,20,0.6666666666666666,28
YBL011W,YBL011W,adjacent enzyme,physical,2,4271,816,11,2194,2142,0.9762989972652689,28
YBL011W,YBL011W,adjacent enzyme,physical,3,5715,1157,13,2709,2645,0.976375046142488,28
YBR029C,YBR029C,adjacent enzyme,physical,1,13,1,0,1,1,1.0,13
YBR029C,YBR029C,adjacent enzyme,physical,2,4822,951,11,2344,2306,0.9837883959044369,13
YBR029C,YBR029C,adjacent enzyme,physical,3,5716,1157,13,2695,2631,0.976252319109462,13
YBR041W,YBR041W,adjacent enzyme,physical,1,28,17,3,119,97,0.8151260504201681,28
YBR041W,YBR041W,adjacent enzyme,physical,2,1932,482,9,1663,1626,0.9777510523150932,28
YBR041W,YBR041W,adjacent enzyme,physical,3,5703,1150,13,2696,2632,0.9762611275964391,28
YBR042C,YBR042C,adjacent enzyme,physical,1,17,1,0,2,2,1.0,17
YBR042C,YBR042C,adjacent enzyme,physical,2,4691,976,13,2517,2453,0.9745729042510926,17
YBR042C,YBR042C,adjacent enzyme,physical,3,5715,1157,13,2707,2643,0.9763575914296269,17
YBR159W,YBR159W,adjacent enzyme,physical,1,134,51,2,202,198,0.9801980198019802,134
YBR159W,YBR159W,adjacent enzyme,physical,2,5258,1055,13,2583,2519,0.9752226093689508,134
YBR159W,YBR159W,adjacent enzyme,physical,3,5718,1157,13,2702,2638,0.9763138415988157,134
YBR204C,YBR204C,adjacent enzyme,physical,1,4,0,0,0,0,,4
YBR204C,YBR204C,adjacent enzyme,physical,2,4238,837,10,2099,2063,0.9828489757027156,4
YBR204C,YBR204C,adjacent enzyme,physical,3,5716,1156,13,2709,2645,0.976375046142488,4
YBR208C,YBR208C,adjacent enzyme,physical,1,20,2,0,2,2,1.0,20
YBR208C,YBR208C,adjacent enzyme,physical,2,5002,993,10,2431,2395,0.9851912793089264,20
YBR208C,YBR208C,adjacent enzyme,physical,3,5718,1157,13,2707,2643,0.9763575914296269,20
YBR218C,YBR218C,adjacent enzyme,physical,1,27,2,0,2,2,1.0,27
YBR218C,YBR218C,adjacent enzyme,physical,2,5109,1040,11,2505,2467,0.9848303393213573,27
YBR218C,YBR218C,adjacent enzyme,physical,3,5718,1157,13,2709,2645,0.976375046142488,27
YCR048W,YCR048W,adjacent enzyme,physical,1,30,2,0,9,9,1.0,30
YCR048W,YCR048W,adjacent enzyme,physical,2,5074,1023,10,2508,2472,0.9856459330143541,30
YCR048W,YCR048W,adjacent enzyme,physical,3,5718,1157,13,2701,2637,0.9763050721954831,30
YCR068W,YCR068W,adjacent enzyme,physical,1,8,1,0,1,1,1.0,8
YCR068W,YCR068W,adjacent enzyme,physical,2,4516,894,11,2426,2384,0.9826875515251443,8
YCR068W,YCR068W,adjacent enzyme,physical,3,5713,1155,13,2706,2642,0.9763488543976349,8
YDL015C,YDL015C,adjacent enzyme,physical,1,56,17,4,57,48,0.8421052631578947,56
YDL015C,YDL015C,adjacent enzyme,physical,2,3249,752,10,2075,2037,0.9816867469879518,56
YDL015C,YDL015C,adjacent enzyme,physical,3,5709,1155,13,2702,2638,0.9763138415988157,56
YDL040C,YDL040C,adjacent enzyme,physical,1,78,2,0,1,1,1.0,78
YDL040C,YDL040C,adjacent enzyme,physical,2,5209,1049,11,2574,2520,0.9790209790209791,78
YDL040C,YDL040C,adjacent enzyme,physical,3,5718,1157,13,2709,2645,0.976375046142488,78
YDL141W,YDL141W,adjacent enzyme,physical,1,14,0,0,0,0,,14
YDL141W,YDL141W,adjacent enzyme,physical,2,4649,957,11,2147,2109,0.9823008849557522,14
YDL141W,YDL141W,adjacent enzyme,physical,3,5715,1157,13,2708,2644,0.9763663220088626,14
YDR071C,YDR071C,adjacent enzyme,physical,1,47,1,0,2,2,1.0,47
YDR071C,YDR071C,adjacent enzyme,physical,2,5371,1090,12,2638,2592,0.9825625473843821,47
YDR071C,YDR071C,adjacent enzyme,physical,3,5718,1157,13,2708,2644,0.9763663220088626,47
YDR256C,YDR256C,adjacent enzyme,physical,1,20,0,0,0,0,,20
YDR256C,YDR256C,adjacent enzyme,physical,2,5376,1068,11,2555,2513,0.9835616438356164,20
YDR256C,YDR256C,adjacent enzyme,physical,3,5718,1157,13,2708,2644,0.9763663220088626,20
YEL066W,YEL066W,adjacent enzyme,physical,1,10,0,0,0,0,,10
YEL066W,YEL066W,adjacent enzyme,physical,2,4453,901,10,2312,2276,0.9844290657439446,10
YEL066W,YEL066W,adjacent enzyme,physical,3,5713,1155,13,2707,2643,0.9763575914296269,10
YER024W,YER024W,adjacent enzyme,physical,1,15,1,0,1,1,1.0,15
YER024W,YER024W,adjacent enzyme,physical,2,4602,862,6,2207,2162,0.9796103307657453,15
YER024W,YER024W,adjacent enzyme,physical,3,5715,1157,13,2709,2645,0.976375046142488,15
YFL017C,YFL017C,adjacent enzyme,physical,1,14,1,0,2,2,1.0,14
YFL017C,YFL017C,adjacent enzyme,physical,2,4695,883,10,2352,2302,0.9787414965986394,14
YFL017C,YFL017C,adjacent enzyme,physical,3,5715,1157,13,2708,2644,0.9763663220088626,14
YGL062W,YGL062W,adjacent enzyme,physical,1,31,2,0,2,2,1.0,31
YGL062W,YGL062W,adjacent enzyme,physical,2,5356,1080,13,2573,2509,0.9751263116984066,31
YGL062W,YGL062W,adjacent enzyme,physical,3,5718,1157,13,2709,2645,0.976375046142488,31
YGL169W,YGL169W,adjacent enzyme,physical,1,4,0,0,0,0,,4
YGL169W,YGL169W,adjacent enzyme,physical,2,5030,993,12,2361,2315,0.9805167301990682,4
YGL169W,YGL169W,adjacent enzyme,physical,3,5718,1157,13,2708,2644,0.9763663220088626,4
YGR015C,YGR015C,adjacent enzyme,physical,1,5,0,0,0,0,,5
YGR015C,YGR015C,adjacent enzyme,physical,2,4147,728,9,2140,2088,0.9757009345794393,5
YGR015C,YGR015C,adjacent enzyme,physical,3,5710,1156,13,2707,2643,0.9763575914296269,5
YGR177C,YGR177C,adjacent enzyme,physical,1,8,0,0,0,0,,8
YGR177C,YGR177C,adjacent enzyme,physical,2,1927,308,4,1085,1072,0.9880184331797235,8
YGR177C,YGR177C,adjacent enzyme,physical,3,5698,1151,13,2707,2643,0.9763575914296269,8
YGR209C,YGR209C,adjacent enzyme,physical,1,80,13,0,26,26,1.0,80
YGR209C,YGR209C,adjacent enzyme,physical,2,5416,1101,13,2679,2615,0.9761104889884286,80
YGR209C,YGR209C,adjacent enzyme,physical,3,5718,1157,13,2705,2641,0.9763401109057301,80
YHR013C,YHR013C,adjacent enzyme,physical,1,60,6,0,8,8,1.0,60
YHR013C,YHR013C,adjacent enzyme,physical,2,5376,1085,12,2651,2605,0.982648057336854,60
YHR013C,YHR013C,adjacent enzyme,physical,3,5718,1157,13,2709,2645,0.976375046142488,60
YIL124W,YIL124W,adjacent enzyme,physical,1,38,9,1,90,82,0.9111111111111111,38
YIL124W,YIL124W,adjacent enzyme,physical,2,5436,1108,13,2678,2614,0.9761015683345781,38
YIL124W,YIL124W,adjacent enzyme,physical,3,5718,1157,13,2701,2637,0.9763050721954831,38
YIL160C,YIL160C,adjacent enzyme,physical,1,7,0,0,0,0,,7
YIL160C,YIL160C,adjacent enzyme,physical,2,2483,502,8,1326,1287,0.9705882352941176,7
YIL160C,YIL160C,adjacent enzyme,physical,3,5698,1153,13,2686,2622,0.9761727475800447,7
YIR031C,YIR031C,adjacent enzyme,physical,1,22,0,0,0,0,,22
YIR031C,YIR031C,adjacent enzyme,physical,2,5218,1023,11,2461,2419,0.982933766761479,22
YIR031C,YIR031C,adjacent enzyme,physical,3,5718,1157,13,2709,2645,0.976375046142488,22
YJL130C,YJL130C,adjacent enzyme,physical,1,132,15,1,34,22,0.6470588235294118,132
YJL130C,YJL130C,adjacent enzyme,physical,2,5296,1080,12,2542,2486,0.977970102281668,132
YJL130C,YJL130C,adjacent enzyme,physical,3,5718,1157,13,2708,2644,0.9763663220088626,132
YJR019C,YJR019C,adjacent enzyme,physical,1,26,0,0,0,0,,26
YJR019C,YJR019C,adjacent enzyme,physical,2,4799,974,11,2383,2331,0.9781787662610155,26
YJR019C,YJR019C,adjacent enzyme,physical,3,5716,1157,13,2699,2635,0.9762875138940348,26
YJR109C,YJR109C,adjacent enzyme,physical,1,38,9,1,11,9,0.8181818181818182,38
YJR109C,YJR109C,adjacent enzyme,physical,2,5074,1032,11,2550,2512,0.9850980392156863,38
YJR109C,YJR109C,adjacent enzyme,physical,3,5717,1157,13,2709,2645,0.976375046142488,38
YKL094W,YKL094W,adjacent enzyme,physical,1,19,6,1,31,23,0.7419354838709677,19
YKL094W,YKL094W,adjacent enzyme,physical,2,5327,1081,13,2614,2550,0.9755164498852333,19
YKL094W,YKL094W,adjacent enzyme,physical,3,5718,1157,13,2705,2641,0.9763401109057301,19
YKL140W,YKL140W,adjacent enzyme,physical,1,25,5,0,46,46,1.0,25
YKL140W,YKL140W,adjacent enzyme,physical,2,5301,1074,13,2612,2548,0.9754977029096478,25
YKL140W,YKL140W,adjacent enzyme,physical,3,5718,1157,13,2709,2645,0.976375046142488,25
YKL188C,YKL188C,adjacent enzyme,physical,1,54,16,0,48,48,1.0,54
YKL188C,YKL188C,adjacent enzyme,physical,2,5312,1043,11,2587,2528,0.9771936606107461,54
YKL188C,YKL188C,adjacent enzyme,physical,3,5718,1157,13,2709,2645,0.976375046142488,54
YKR009C,YKR009C,adjacent enzyme,physical,1,25,0,0,0,0,,25
YKR009C,YKR009C,adjacent enzyme,physical,2,4400,916,11,2382,2323,0.9752308984047019,25
YKR009C,YKR009C,adjacent enzyme,physical,3,5712,1154,13,2669,2605,0.9760209816410641,25
YKR067W,YKR067W,adjacent enzyme,physical,1,22,4,2,30,20,0.6666666666666666,22
YKR067W,YKR067W,adjacent enzyme,physical,2,5274,1063,11,2528,2490,0.9849683544303798,22
YKR067W,YKR067W,adjacent enzyme,physical,3,5718,1157,13,2697,2633,0.9762699295513534,22
YKR089C,YKR089C,adjacent enzyme,physical,1,12,0,0,0,0,,12
YKR089C,YKR089C,adjacent enzyme,physical,2,5243,1053,12,2549,2503,0.9819537073362102,12
YKR089C,YKR089C,adjacent enzyme,physical,3,5718,1157,13,2693,2629,0.9762346825102116,12
YLL012W,YLL012W,adjacent enzyme,physical,1,19,8,0,32,32,1.0,19
YLL012W,YLL012W,adjacent enzyme,physical,2,4645,867,12,2190,2144,0.9789954337899544,19
YLL012W,YLL012W,adjacent enzyme,physical,3,5717,1157,13,2701,2637,0.9763050721954831,19
YLR043C,YLR043C,adjacent enzyme,physical,1,51,8,0,15,15,1.0,51
YLR043C,YLR043C,adjacent enzyme,physical,2,5181,1058,11,2591,2553,0.9853338479351602,51
YLR043C,YLR043C,adjacent enzyme,physical,3,5717,1156,13,2709,2645,0.976375046142488,51
YLR109W,YLR109W,adjacent enzyme,physical,1,70,6,0,27,27,1.0,70
YLR109W,YLR109W,adjacent enzyme,physical,2,5320,1087,12,2632,2576,0.9787234042553191,70
YLR109W,YLR109W,adjacent enzyme,physical,3,5718,1157,13,2709,2645,0.976375046142488,70
YLR153C,YLR153C,adjacent enzyme,physical,1,80,10,0,16,16,1.0,80
YLR153C,YLR153C,adjacent enzyme,physical,2,5017,1029,12,2538,2492,0.9818754925137904,80
YLR153C,YLR153C,adjacent enzyme,physical,3,5717,1157,13,2708,2644,0.9763663220088626,80
YLR284C,YLR284C,adjacent enzyme,physical,1,12,1,0,2,2,1.0,12
YLR284C,YLR284C,adjacent enzyme,physical,2,5296,1061,13,2631,2567,0.975674648422653,12
YLR284C,YLR284C,adjacent enzyme,physical,3,5718,1157,13,2703,2639,0.9763226045135035,12
YML059C,YML059C,adjacent enzyme,physical,1,13,2,0,9,9,1.0,13
YML059C,YML059C,adjacent enzyme,physical,2,3622,619,7,1612,1583,0.9820099255583127,13
YML059C,YML059C,adjacent enzyme,physical,3,5714,1156,13,2696,2632,0.9762611275964391,13
YMR165C,YMR165C,adjacent enzyme,physical,1,48,0,0,0,0,,48
YMR165C,YMR165C,adjacent enzyme,physical,2,5072,1007,12,2471,2415,0.9773371104815864,48
YMR165C,YMR165C,adjacent enzyme,physical,3,5718,1157,13,2701,2637,0.9763050721954831,48
YMR313C,YMR313C,adjacent enzyme,physical,1,15,2,0,21,21,1.0,15
YMR313C,YMR313C,adjacent enzyme,physical,2,4931,971,11,2457,2419,0.9845339845339846,15
YMR313C,YMR313C,adjacent enzyme,physical,3,5717,1156,13,2698,2634,0.9762787249814677,15
YNL036W,YNL036W,adjacent enzyme,physical,1,10,0,0,0,0,,10
YNL036W,YNL036W,adjacent enzyme,physical,2,4917,943,10,2390,2356,0.9857740585774059,10
YNL036W,YNL036W,adjacent enzyme,physical,3,5717,1157,13,2708,2644,0.9763663220088626,10
YNL104C,YNL104C,adjacent enzyme,physical,1,40,5,0,22,22,1.0,40
YNL104C,YNL104C,adjacent enzyme,physical,2,4649,1002,13,2481,2417,0.9742039500201531,40
YNL104C,YNL104C,adjacent enzyme,physical,3,5718,1157,13,2708,2644,0.9763663220088626,40
YNL117W,YNL117W,adjacent enzyme,physical,1,30,1,0,8,8,1.0,30
YNL117W,YNL117W,adjacent enzyme,physical,2,4294,909,12,2382,2326,0.9764903442485307,30
YNL117W,YNL117W,adjacent enzyme,physical,3,5714,1157,13,2708,2644,0.9763663220088626,30
YNL277W,YNL277W,adjacent enzyme,physical,1,11,0,0,0,0,,11
YNL277W,YNL277W,adjacent enzyme,physical,2,4979,988,11,2368,2330,0.9839527027027027,11
YNL277W,YNL277W,adjacent enzyme,physical,3,5716,1157,13,2708,2644,0.9763663220088626,11
YNR019W,YNR019W,adjacent enzyme,physical,1,34,6,0,18,18,1.0,34
YNR019W,YNR019W,adjacent enzyme,physical,2,5266,1073,13,2643,2579,0.975785092697692,34
YNR019W,YNR019W,adjacent enzyme,physical,3,5718,1157,13,2709,2645,0.976375046142488,34
YOR081C,YOR081C,adjacent enzyme,physical,1,31,6,0,13,13,1.0,31
YOR081C,YOR081C,adjacent enzyme,physical,2,5529,1117,12,2658,2612,0.9826937547027841,31
YOR081C,YOR081C,adjacent enzyme,physical,3,5718,1157,13,2709,2645,0.976375046142488,31
YOR108W,YOR108W,adjacent enzyme,physical,1,15,1,0,2,2,1.0,15
YOR108W,YOR108W,adjacent enzyme,physical,2,4937,991,11,2518,2476,0.9833200953137411,15
YOR108W,YOR108W,adjacent enzyme,physical,3,5718,1157,13,2709,2645,0.976375046142488,15
YOR175C,YOR175C,adjacent enzyme,physical,1,6,0,0,0,0,,6
YOR175C,YOR175C,adjacent enzyme,physical,2,4758,982,11,2497,2455,0.9831798157789348,6
YOR175C,YOR175C,adjacent enzyme,physical,3,5714,1156,13,2705,2641,0.9763401109057301,6
YOR245C,YOR245C,adjacent enzyme,physical,1,17,2,2,10,0,0.0,17
YOR245C,YOR245C,adjacent enzyme,physical,2,5326,1060,12,2552,2506,0.981974921630094,17
YOR245C,YOR245C,adjacent enzyme,physical,3,5718,1157,13,2677,2613,0.9760926410160627,17
YOR253W,YOR253W,adjacent enzyme,physical,1,28,2,0,1,1,1.0,28
YOR253W,YOR253W,adjacent enzyme,physical,2,4865,977,12,2496,2450,0.9815705128205128,28
YOR253W,YOR253W,adjacent enzyme,physical,3,5717,1157,13,2709,2645,0.976375046142488,28
YOR303W,YOR303W,adjacent enzyme,physical,1,21,1,0,1,1,1.0,21
YOR303W,YOR303W,adjacent enzyme,physical,2,5435,1083,12,2641,2595,0.9825823551684968,21
YOR303W,YOR303W,adjacent enzyme,physical,3,5718,1157,13,2709,2645,0.976375046142488,21
YOR311C,YOR311C,adjacent enzyme,physical,1,16,0,0,0,0,,16
YOR311C,YOR311C,adjacent enzyme,physical,2,5186,1042,12,2557,2511,0.9820101681658193,16
YOR311C,YOR311C,adjacent enzyme,physical,3,5718,1157,13,2701,2637,0.9763050721954831,16
YOR377W,YOR377W,adjacent enzyme,physical,1,7,0,0,0,0,,7
YOR377W,YOR377W,adjacent enzyme,physical,2,5072,1017,12,2533,2470,0.9751283063560995,7
YOR377W,YOR377W,adjacent enzyme,physical,3,5718,1157,13,2709,2645,0.976375046142488,7
YPL028W,YPL028W,adjacent enzyme,physical,1,34,2,0,3,3,1.0,34
YPL028W,YPL028W,adjacent enzyme,physical,2,5303,1068,11,2594,2556,0.9853508095605242,34
YPL028W,YPL028W,adjacent enzyme,physical,3,5718,1157,13,2707,2643,0.9763575914296269,34
YPL147W,YPL147W,adjacent enzyme,physical,1,45,13,0,58,58,1.0,45
YPL147W,YPL147W,adjacent enzyme,physical,2,4891,968,9,2403,2369,0.9858510195588848,45
YPL147W,YPL147W,adjacent enzyme,physical,3,5717,1157,13,2709,2645,0.976375046142488,45
YPR193C,YPR193C,adjacent enzyme,physical,1,10,0,0,0,0,,10
YPR193C,YPR193C,adjacent enzyme,physical,2,4200,792,8,2119,2085,0.9839546956111374,10
YPR193C,YPR193C,adjacent enzyme,physical,3,5714,1157,13,2709,2645,0.976375046142488,10
FKH1,YIL131C,regulator,regulatory,1,2991,506,8,1264,1214,0.9604430379746836,2991
FKH1,YIL131C,regulator,regulatory,2,5971,1070,13,2523,2459,0.974633372968688,2991
FKH1,YIL131C,regulator,regulatory,3,6359,1116,13,2620,2556,0.9755725190839695,2991
GCN5,YGR252W,regulator,regulatory,1,873,198,2,530,515,0.9716981132075472,873
GCN5,YGR252W,regulator,regulatory,2,3900,818,11,1980,1920,0.9696969696969697,873
GCN5,YGR252W,regulator,regulatory,3,5429,1051,13,2553,2489,0.9749314531923228,873
MED4,YOR174W,regulator,regulatory,1,747,153,1,533,527,0.9887429643527205,747
MED4,YOR174W,regulator,regulatory,2,3479,736,11,1913,1857,0.970726607422896,747
MED4,YOR174W,regulator,regulatory,3,5652,1024,12,2535,2471,0.9747534516765286,747
OPI1,YHL020C,regulator,regulatory,1,47,22,2,258,255,0.9883720930232558,47
OPI1,YHL020C,regulator,regulatory,2,224,57,4,376,359,0.9547872340425532,47
OPI1,YHL020C,regulator,regulatory,3,1219,338,6,1100,1065,0.9681818181818181,47
RFX1,YLR176C,regulator,regulatory,1,598,129,3,430,404,0.9395348837209302,598
RFX1,YLR176C,regulator,regulatory,2,2250,516,9,1128,1081,0.9583333333333334,598
RFX1,YLR176C,regulator,regulatory,3,5286,1032,13,2503,2439,0.9744306831801838,598
RGR1,YLR071C,regulator,regulatory,1,408,102,0,450,450,1.0,408
RGR1,YLR071C,regulator,regulatory,2,2352,537,9,1451,1413,0.9738111647139903,408
RGR1,YLR071C,regulator,regulatory,3,4537,916,12,2294,2238,0.9755884917175239,408
RPD3,YNL330C,regulator,regulatory,1,326,70,0,220,220,1.0,326
RPD3,YNL330C,regulator,regulatory,2,1151,287,7,857,820,0.9568261376896149,326
RPD3,YNL330C,regulator,regulatory,3,3064,651,10,1883,1832,0.9729155602761551,326
SPT3,YDR392W,regulator,regulatory,1,523,146,0,323,323,1.0,523
SPT3,YDR392W,regulator,regulatory,2,3091,666,11,1566,1510,0.9642401021711366,523
SPT3,YDR392W,regulator,regulatory,3,5632,1078,13,2611,2547,0.9754883186518575,523
TFC7,YOR110W,regulator,regulatory,1,859,153,2,717,708,0.9874476987447699,859
TFC7,YOR110W,regulator,regulatory,2,2375,529,12,1557,1501,0.9640333975594091,859
TFC7,YOR110W,regulator,regulatory,3,5660,1046,13,2473,2409,0.9741205014152851,859
YAP6,YDR259C,regulator,regulatory,1,1170,222,2,657,647,0.984779299847793,1170
YAP6,YDR259C,regulator,regulatory,2,2835,618,10,1426,1379,0.9670406732117812,1170
YAP6,YDR259C,regulator,regulatory,3,5366,1035,13,2470,2406,0.974089068825911,1170
ACC1,YNR016C,pathway enzyme,regulatory,1,0,0,0,0,0,,0
ACC1,YNR016C,pathway enzyme,regulatory,2,0,0,0,0,0,,0
ACC1,YNR016C,pathway enzyme,regulatory,3,0,0,0,0,0,,0
FAS1,YKL182W,pathway enzyme,regulatory,1,0,0,0,0,0,,0
FAS1,YKL182W,pathway enzyme,regulatory,2,0,0,0,0,0,,0
FAS1,YKL182W,pathway enzyme,regulatory,3,0,0,0,0,0,,0
FAS2,YPL231W,pathway enzyme,regulatory,1,0,0,0,0,0,,0
FAS2,YPL231W,pathway enzyme,regulatory,2,0,0,0,0,0,,0
FAS2,YPL231W,pathway enzyme,regulatory,3,0,0,0,0,0,,0
ELO1,YJL196C,pathway enzyme,regulatory,1,0,0,0,0,0,,0
ELO1,YJL196C,pathway enzyme,regulatory,2,0,0,0,0,0,,0
ELO1,YJL196C,pathway enzyme,regulatory,3,0,0,0,0,0,,0
ELO2,YCR034W,pathway enzyme,regulatory,1,0,0,0,0,0,,0
ELO2,YCR034W,pathway enzyme,regulatory,2,0,0,0,0,0,,0
ELO2,YCR034W,pathway enzyme,regulatory,3,0,0,0,0,0,,0
ELO3,YLR372W,pathway enzyme,regulatory,1,0,0,0,0,0,,0
ELO3,YLR372W,pathway enzyme,regulatory,2,0,0,0,0,0,,0
ELO3,YLR372W,pathway enzyme,regulatory,3,0,0,0,0,0,,0
OLE1,YGL055W,pathway enzyme,regulatory,1,0,0,0,0,0,,0
OLE1,YGL055W,pathway enzyme,regulatory,2,0,0,0,0,0,,0
OLE1,YGL055W,pathway enzyme,regulatory,3,0,0,0,0,0,,0
FAA1,YOR317W,pathway enzyme,regulatory,1,0,0,0,0,0,,0
FAA1,YOR317W,pathway enzyme,regulatory,2,0,0,0,0,0,,0
FAA1,YOR317W,pathway enzyme,regulatory,3,0,0,0,0,0,,0
FAA2,YER015W,pathway enzyme,regulatory,1,0,0,0,0,0,,0
FAA2,YER015W,pathway enzyme,regulatory,2,0,0,0,0,0,,0
FAA2,YER015W,pathway enzyme,regulatory,3,0,0,0,0,0,,0
FAA3,YIL009W,pathway enzyme,regulatory,1,0,0,0,0,0,,0
FAA3,YIL009W,pathway enzyme,regulatory,2,0,0,0,0,0,,0
FAA3,YIL009W,pathway enzyme,regulatory,3,0,0,0,0,0,,0
FAA4,YMR246W,pathway enzyme,regulatory,1,0,0,0,0,0,,0
FAA4,YMR246W,pathway enzyme,regulatory,2,0,0,0,0,0,,0
FAA4,YMR246W,pathway enzyme,regulatory,3,0,0,0,0,0,,0
POX1,YGL205W,pathway enzyme,regulatory,1,0,0,0,0,0,,0
POX1,YGL205W,pathway enzyme,regulatory,2,0,0,0,0,0,,0
POX1,YGL205W,pathway enzyme,regulatory,3,0,0,0,0,0,,0
SLC1,YDL052C,pathway enzyme,regulatory,1,0,0,0,0,0,,0
SLC1,YDL052C,pathway enzyme,regulatory,2,0,0,0,0,0,,0
SLC1,YDL052C,pathway enzyme,regulatory,3,0,0,0,0,0,,0
YAL054C,YAL054C,adjacent enzyme,regulatory,1,0,0,0,0,0,,0
YAL054C,YAL054C,adjacent enzyme,regulatory,2,0,0,0,0,0,,0
YAL054C,YAL054C,adjacent enzyme,regulatory,3,0,0,0,0,0,,0
YAR035W,YAR035W,adjacent enzyme,regulatory,1,0,0,0,0,0,,0
YAR035W,YAR035W,adjacent enzyme,regulatory,2,0,0,0,0,0,,0
YAR035W,YAR035W,adjacent enzyme,regulatory,3,0,0,0,0,0,,0
YBL011W,YBL011W,adjacent enzyme,regulatory,1,0,0,0,0,0,,0
YBL011W,YBL011W,adjacent enzyme,regulatory,2,0,0,0,0,0,,0
YBL011W,YBL011W,adjacent enzyme,regulatory,3,0,0,0,0,0,,0
YBR029C,YBR029C,adjacent enzyme,regulatory,1,0,0,0,0,0,,0
YBR029C,YBR029C,adjacent enzyme,regulatory,2,0,0,0,0,0,,0
YBR029C,YBR029C,adjacent enzyme,regulatory,3,0,0,0,0,0,,0
YBR041W,YBR041W,adjacent enzyme,regulatory,1,0,0,0,0,0,,0
YBR041W,YBR041W,adjacent enzyme,regulatory,2,0,0,0,0,0,,0
YBR041W,YBR041W,adjacent enzyme,regulatory,3,0,0,0,0,0,,0
YBR042C,YBR042C,adjacent enzyme,regulatory,1,0,0,0,0,0,,0
YBR042C,YBR042C,adjacent enzyme,regulatory,2,0,0,0,0,0,,0
YBR042C,YBR042C,adjacent enzyme,regulatory,3,0,0,0,0,0,,0
YBR159W,YBR159W,adjacent enzyme,regulatory,1,0,0,0,0,0,,0
YBR159W,YBR159W,adjacent enzyme,regulatory,2,0,0,0,0,0,,0
YBR159W,YBR159W,adjacent enzyme,regulatory,3,0,0,0,0,0,,0
YBR204C,YBR204C,adjacent enzyme,regulatory,1,0,0,0,0,0,,0
YBR204C,YBR204C,adjacent enzyme,regulatory,2,0,0,0,0,0,,0
YBR204C,YBR204C,adjacent enzyme,regulatory,3,0,0,0,0,0,,0
YBR208C,YBR208C,adjacent enzyme,regulatory,1,0,0,0,0,0,,0
YBR208C,YBR208C,adjacent enzyme,regulatory,2,0,0,0,0,0,,0
YBR208C,YBR208C,adjacent enzyme,regulatory,3,0,0,0,0,0,,0
YBR218C,YBR218C,adjacent enzyme,regulatory,1,0,0,0,0,0,,0
YBR218C,YBR218C,adjacent enzyme,regulatory,2,0,0,0,0,0,,0
YBR218C,YBR218C,adjacent enzyme,regulatory,3,0,0,0,0,0,,0
YCR048W,YCR048W,adjacent enzyme,regulatory,1,0,0,0,0,0,,0
YCR048W,YCR048W,adjacent enzyme,regulatory,2,0,0,0,0,0,,0
YCR048W,YCR048W,adjacent enzyme,regulatory,3,0,0,0,0,0,,0
YCR068W,YCR068W,adjacent enzyme,regulatory,1,0,0,0,0,0,,0
YCR068W,YCR068W,adjacent enzyme,regulatory,2,0,0,0,0,0,,0
YCR068W,YCR068W,adjacent enzyme,regulatory,3,0,0,0,0,0,,0
YDL015C,YDL015C,adjacent enzyme,regulatory,1,0,0,0,0,0,,0
YDL015C,YDL015C,adjacent enzyme,regulatory,2,0,0,0,0,0,,0
YDL015C,YDL015C,adjacent enzyme,regulatory,3,0,0,0,0,0,,0
YDL040C,YDL040C,adjacent enzyme,regulatory,1,0,0,0,0,0,,0
YDL040C,YDL040C,adjacent enzyme,regulatory,2,0,0,0,0,0,,0
YDL040C,YDL040C,adjacent enzyme,regulatory,3,0,0,0,0,0,,0
YDL141W,YDL141W,adjacent enzyme,regulatory,1,0,0,0,0,0,,0
YDL141W,YDL141W,adjacent enzyme,regulatory,2,0,0,0,0,0,,0
YDL141W,YDL141W,adjacent enzyme,regulatory,3,0,0,0,0,0,,0
YDR071C,YDR071C,adjacent enzyme,regulatory,1,0,0,0,0,0,,0
YDR071C,YDR071C,adjacent enzyme,regulatory,2,0,0,0,0,0,,0
YDR071C,YDR071C,adjacent enzyme,regulatory,3,0,0,0,0,0,,0
YDR256C,YDR256C,adjacent enzyme,regulatory,1,0,0,0,0,0,,0
YDR256C,YDR256C,adjacent enzyme,regulatory,2,0,0,0,0,0,,0
YDR256C,YDR256C,adjacent enzyme,regulatory,3,0,0,0,0,0,,0
YEL066W,YEL066W,adjacent enzyme,regulatory,1,0,0,0,0,0,,0
YEL066W,YEL066W,adjacent enzyme,regulatory,2,0,0,0,0,0,,0
YEL066W,YEL066W,adjacent enzyme,regulatory,3,0,0,0,0,0,,0
YER024W,YER024W,adjacent enzyme,regulatory,1,0,0,0,0,0,,0
YER024W,YER024W,adjacent enzyme,regulatory,2,0,0,0,0,0,,0
YER024W,YER024W,adjacent enzyme,regulatory,3,0,0,0,0,0,,0
YFL017C,YFL017C,adjacent enzyme,regulatory,1,0,0,0,0,0,,0
YFL017C,YFL017C,adjacent enzyme,regulatory,2,0,0,0,0,0,,0
YFL017C,YFL017C,adjacent enzyme,regulatory,3,0,0,0,0,0,,0
YGL062W,YGL062W,adjacent enzyme,regulatory,1,0,0,0,0,0,,0
YGL062W,YGL062W,adjacent enzyme,regulatory,2,0,0,0,0,0,,0
YGL062W,YGL062W,adjacent enzyme,regulatory,3,0,0,0,0,0,,0
YGL169W,YGL169W,adjacent enzyme,regulatory,1,0,0,0,0,0,,0
YGL169W,YGL169W,adjacent enzyme,regulatory,2,0,0,0,0,0,,0
YGL169W,YGL169W,adjacent enzyme,regulatory,3,0,0,0,0,0,,0
YGR015C,YGR015C,adjacent enzyme,regulatory,1,0,0,0,0,0,,0
YGR015C,YGR015C,adjacent enzyme,regulatory,2,0,0,0,0,0,,0
YGR015C,YGR015C,adjacent enzyme,regulatory,3,0,0,0,0,0,,0
YGR177C,YGR177C,adjacent enzyme,regulatory,1,0,0,0,0,0,,0
YGR177C,YGR177C,adjacent enzyme,regulatory,2,0,0,0,0,0,,0
YGR177C,YGR177C,adjacent enzyme,regulatory,3,0,0,0,0,0,,0
YGR209C,YGR209C,adjacent enzyme,regulatory,1,1,0,0,0,0,,1
YGR209C,YGR209C,adjacent enzyme,regulatory,2,1,0,0,0,0,,1
YGR209C,YGR209C,adjacent enzyme,regulatory,3,1,0,0,0,0,,1
YHR013C,YHR013C,adjacent enzyme,regulatory,1,0,0,0,0,0,,0
YHR013C,YHR013C,adjacent enzyme,regulatory,2,0,0,0,0,0,,0
YHR013C,YHR013C,adjacent enzyme,regulatory,3,0,0,0,0,0,,0
YIL124W,YIL124W,adjacent enzyme,regulatory,1,0,0,0,0,0,,0
YIL124W,YIL124W,adjacent enzyme,regulatory,2,0,0,0,0,0,,0
YIL124W,YIL124W,adjacent enzyme,regulatory,3,0,0,0,0,0,,0
YIL160C,YIL160C,adjacent enzyme,regulatory,1,0,0,0,0,0,,0
YIL160C,YIL160C,adjacent enzyme,regulatory,2,0,0,0,0,0,,0
YIL160C,YIL160C,adjacent enzyme,regulatory,3,0,0,0,0,0,,0
YIR031C,YIR031C,adjacent enzyme,regulatory,1,0,0,0,0,0,,0
YIR031C,YIR031C,adjacent enzyme,regulatory,2,0,0,0,0,0,,0
YIR031C,YIR031C,adjacent enzyme,regulatory,3,0,0,0,0,0,,0
YJL130C,YJL130C,adjacent enzyme,regulatory,1,0,0,0,0,0,,0
YJL130C,YJL130C,adjacent enzyme,regulatory,2,0,0,0,0,0,,0
YJL130C,YJL130C,adjacent enzyme,regulatory,3,0,0,0,0,0,,0
YJR019C,YJR019C,adjacent enzyme,regulatory,1,0,0,0,0,0,,0
YJR019C,YJR019C,adjacent enzyme,regulatory,2,0,0,0,0,0,,0
YJR019C,YJR019C,adjacent enzyme,regulatory,3,0,0,0,0,0,,0
YJR109C,YJR109C,adjacent enzyme,regulatory,1,0,0,0,0,0,,0
YJR109C,YJR109C,adjacent enzyme,regulatory,2,0,0,0,0,0,,0
YJR109C,YJR109C,adjacent enzyme,regulatory,3,0,0,0,0,0,,0
YKL094W,YKL094W,adjacent enzyme,regulatory,1,0,0,0,0,0,,0
YKL094W,YKL094W,adjacent enzyme,regulatory,2,0,0,0,0,0,,0
YKL094W,YKL094W,adjacent enzyme,regulatory,3,0,0,0,0,0,,0
YKL140W,YKL140W,adjacent enzyme,regulatory,1,0,0,0,0,0,,0
YKL140W,YKL140W,adjacent enzyme,regulatory,2,0,0,0,0,0,,0
YKL140W,YKL140W,adjacent enzyme,regulatory,3,0,0,0,0,0,,0
YKL188C,YKL188C,adjacent enzyme,regulatory,1,0,0,0,0,0,,0
YKL188C,YKL188C,adjacent enzyme,regulatory,2,0,0,0,0,0,,0
YKL188C,YKL188C,adjacent enzyme,regulatory,3,0,0,0,0,0,,0
YKR009C,YKR009C,adjacent enzyme,regulatory,1,0,0,0,0,0,,0
YKR009C,YKR009C,adjacent enzyme,regulatory,2,0,0,0,0,0,,0
YKR009C,YKR009C,adjacent enzyme,regulatory,3,0,0,0,0,0,,0
YKR067W,YKR067W,adjacent enzyme,regulatory,1,0,0,0,0,0,,0
YKR067W,YKR067W,adjacent enzyme,regulatory,2,0,0,0,0,0,,0
YKR067W,YKR067W,adjacent enzyme,regulatory,3,0,0,0,0,0,,0
YKR089C,YKR089C,adjacent enzyme,regulatory,1,0,0,0,0,0,,0
YKR089C,YKR089C,adjacent enzyme,regulatory,2,0,0,0,0,0,,0
YKR089C,YKR089C,adjacent enzyme,regulatory,3,0,0,0,0,0,,0
YLL012W,YLL012W,adjacent enzyme,regulatory,1,0,0,0,0,0,,0
YLL012W,YLL012W,adjacent enzyme,regulatory,2,0,0,0,0,0,,0
YLL012W,YLL012W,adjacent enzyme,regulatory,3,0,0,0,0,0,,0
YLR043C,YLR043C,adjacent enzyme,regulatory,1,0,0,0,0,0,,0
YLR043C,YLR043C,adjacent enzyme,regulatory,2,0,0,0,0,0,,0
YLR043C,YLR043C,adjacent enzyme,regulatory,3,0,0,0,0,0,,0
YLR109W,YLR109W,adjacent enzyme,regulatory,1,0,0,0,0,0,,0
YLR109W,YLR109W,adjacent enzyme,regulatory,2,0,0,0,0,0,,0
YLR109W,YLR109W,adjacent enzyme,regulatory,3,0,0,0,0,0,,0
YLR153C,YLR153C,adjacent enzyme,regulatory,1,0,0,0,0,0,,0
YLR153C,YLR153C,adjacent enzyme,regulatory,2,0,0,0,0,0,,0
YLR153C,YLR153C,adjacent enzyme,regulatory,3,0,0,0,0,0,,0
YLR284C,YLR284C,adjacent enzyme,regulatory,1,0,0,0,0,0,,0
YLR284C,YLR284C,adjacent enzyme,regulatory,2,0,0,0,0,0,,0
YLR284C,YLR284C,adjacent enzyme,regulatory,3,0,0,0,0,0,,0
YML059C,YML059C,adjacent enzyme,regulatory,1,0,0,0,0,0,,0
YML059C,YML059C,adjacent enzyme,regulatory,2,0,0,0,0,0,,0
YML059C,YML059C,adjacent enzyme,regulatory,3,0,0,0,0,0,,0
YMR165C,YMR165C,adjacent enzyme,regulatory,1,3,2,0,17,17,1.0,3
YMR165C,YMR165C,adjacent enzyme,regulatory,2,87,31,4,109,92,0.8440366972477065,3
YMR165C,YMR165C,adjacent enzyme,regulatory,3,340,102,4,587,570,0.9710391822827938,3
YMR313C,YMR313C,adjacent enzyme,regulatory,1,0,0,0,0,0,,0
YMR313C,YMR313C,adjacent enzyme,regulatory,2,0,0,0,0,0,,0
YMR313C,YMR313C,adjacent enzyme,regulatory,3,0,0,0,0,0,,0
YNL036W,YNL036W,adjacent enzyme,regulatory,1,0,0,0,0,0,,0
YNL036W,YNL036W,adjacent enzyme,regulatory,2,0,0,0,0,0,,0
YNL036W,YNL036W,adjacent enzyme,regulatory,3,0,0,0,0,0,,0
YNL104C,YNL104C,adjacent enzyme,regulatory,1,0,0,0,0,0,,0
YNL104C,YNL104C,adjacent enzyme,regulatory,2,0,0,0,0,0,,0
YNL104C,YNL104C,adjacent enzyme,regulatory,3,0,0,0,0,0,,0
YNL117W,YNL117W,adjacent enzyme,regulatory,1,0,0,0,0,0,,0
YNL117W,YNL117W,adjacent enzyme,regulatory,2,0,0,0,0,0,,0
YNL117W,YNL117W,adjacent enzyme,regulatory,3,0,0,0,0,0,,0
YNL277W,YNL277W,adjacent enzyme,regulatory,1,0,0,0,0,0,,0
YNL277W,YNL277W,adjacent enzyme,regulatory,2,0,0,0,0,0,,0
YNL277W,YNL277W,adjacent enzyme,regulatory,3,0,0,0,0,0,,0
YNR019W,YNR019W,adjacent enzyme,regulatory,1,0,0,0,0,0,,0
YNR019W,YNR019W,adjacent enzyme,regulatory,2,0,0,0,0,0,,0
YNR019W,YNR019W,adjacent enzyme,regulatory,3,0,0,0,0,0,,0
YOR081C,YOR081C,adjacent enzyme,regulatory,1,0,0,0,0,0,,0
YOR081C,YOR081C,adjacent enzyme,regulatory,2,0,0,0,0,0,,0
YOR081C,YOR081C,adjacent enzyme,regulatory,3,0,0,0,0,0,,0
YOR108W,YOR108W,adjacent enzyme,regulatory,1,0,0,0,0,0,,0
YOR108W,YOR108W,adjacent enzyme,regulatory,2,0,0,0,0,0,,0
YOR108W,YOR108W,adjacent enzyme,regulatory,3,0,0,0,0,0,,0
YOR175C,YOR175C,adjacent enzyme,regulatory,1,0,0,0,0,0,,0
YOR175C,YOR175C,adjacent enzyme,regulatory,2,0,0,0,0,0,,0
YOR175C,YOR175C,adjacent enzyme,regulatory,3,0,0,0,0,0,,0
YOR245C,YOR245C,adjacent enzyme,regulatory,1,0,0,0,0,0,,0
YOR245C,YOR245C,adjacent enzyme,regulatory,2,0,0,0,0,0,,0
YOR245C,YOR245C,adjacent enzyme,regulatory,3,0,0,0,0,0,,0
YOR253W,YOR253W,adjacent enzyme,regulatory,1,0,0,0,0,0,,0
YOR253W,YOR253W,adjacent enzyme,regulatory,2,0,0,0,0,0,,0
YOR253W,YOR253W,adjacent enzyme,regulatory,3,0,0,0,0,0,,0
YOR303W,YOR303W,adjacent enzyme,regulatory,1,0,0,0,0,0,,0
YOR303W,YOR303W,adjacent enzyme,regulatory,2,0,0,0,0,0,,0
YOR303W,YOR303W,adjacent enzyme,regulatory,3,0,0,0,0,0,,0
YOR311C,YOR311C,adjacent enzyme,regulatory,1,0,0,0,0,0,,0
YOR311C,YOR311C,adjacent enzyme,regulatory,2,0,0,0,0,0,,0
YOR311C,YOR311C,adjacent enzyme,regulatory,3,0,0,0,0,0,,0
YOR377W,YOR377W,adjacent enzyme,regulatory,1,0,0,0,0,0,,0
YOR377W,YOR377W,adjacent enzyme,regulatory,2,0,0,0,0,0,,0
YOR377W,YOR377W,adjacent enzyme,regulatory,3,0,0,0,0,0,,0
YPL028W,YPL028W,adjacent enzyme,regulatory,1,0,0,0,0,0,,0
YPL028W,YPL028W,adjacent enzyme,regulatory,2,0,0,0,0,0,,0
YPL028W,YPL028W,adjacent enzyme,regulatory,3,0,0,0,0,0,,0
YPL147W,YPL147W,adjacent enzyme,regulatory,1,0,0,0,0,0,,0
YPL147W,YPL147W,adjacent enzyme,regulatory,2,0,0,0,0,0,,0
YPL147W,YPL147W,adjacent enzyme,regulatory,3,0,0,0,0,0,,0
YPR193C,YPR193C,adjacent enzyme,regulatory,1,0,0,0,0,0,,0
YPR193C,YPR193C,adjacent enzyme,regulatory,2,0,0,0,0,0,,0
YPR193C,YPR193C,adjacent enzyme,regulatory,3,0,0,0,0,0,,0
FKH1,YIL131C,regulator,tflink,1,2066,476,8,1164,1114,0.9570446735395189,2066
FKH1,YIL131C,regulator,tflink,2,5062,1120,13,2678,2614,0.9761015683345781,2066
FKH1,YIL131C,regulator,tflink,3,5073,1121,13,2678,2614,0.9761015683345781,2066
GCN5,YGR252W,regulator,tflink,1,880,288,7,858,815,0.9498834498834499,880
GCN5,YGR252W,regulator,tflink,2,5039,1118,13,2676,2612,0.976083707025411,880
GCN5,YGR252W,regulator,tflink,3,5073,1121,13,2678,2614,0.9761015683345781,880
MED4,YOR174W,regulator,tflink,1,0,0,0,0,0,,0
MED4,YOR174W,regulator,tflink,2,0,0,0,0,0,,0
MED4,YOR174W,regulator,tflink,3,0,0,0,0,0,,0
OPI1,YHL020C,regulator,tflink,1,320,127,8,665,634,0.9533834586466166,320
OPI1,YHL020C,regulator,tflink,2,4166,994,13,2556,2492,0.974960876369327,320
OPI1,YHL020C,regulator,tflink,3,5068,1121,13,2678,2614,0.9761015683345781,320
RFX1,YLR176C,regulator,tflink,1,735,192,1,564,552,0.9787234042553191,735
RFX1,YLR176C,regulator,tflink,2,4911,1099,13,2655,2591,0.975894538606403,735
RFX1,YLR176C,regulator,tflink,3,5073,1121,13,2678,2614,0.9761015683345781,735
RGR1,YLR071C,regulator,tflink,1,648,158,3,404,399,0.9876237623762376,648
RGR1,YLR071C,regulator,tflink,2,5023,1117,13,2676,2612,0.976083707025411,648
RGR1,YLR071C,regulator,tflink,3,5073,1121,13,2678,2614,0.9761015683345781,648
RPD3,YNL330C,regulator,tflink,1,248,63,0,167,167,1.0,248
RPD3,YNL330C,regulator,tflink,2,4968,1105,13,2656,2592,0.9759036144578314,248
RPD3,YNL330C,regulator,tflink,3,5073,1121,13,2678,2614,0.9761015683345781,248
SPT3,YDR392W,regulator,tflink,1,1,1,0,2,2,1.0,1
SPT3,YDR392W,regulator,tflink,2,1,1,0,2,2,1.0,1
SPT3,YDR392W,regulator,tflink,3,1,1,0,2,2,1.0,1
TFC7,YOR110W,regulator,tflink,1,0,0,0,0,0,,0
TFC7,YOR110W,regulator,tflink,2,0,0,0,0,0,,0
TFC7,YOR110W,regulator,tflink,3,0,0,0,0,0,,0
YAP6,YDR259C,regulator,tflink,1,822,230,5,604,584,0.9668874172185431,822
YAP6,YDR259C,regulator,tflink,2,5036,1117,13,2676,2612,0.976083707025411,822
YAP6,YDR259C,regulator,tflink,3,5073,1121,13,2678,2614,0.9761015683345781,822
ACC1,YNR016C,pathway enzyme,tflink,1,0,0,0,0,0,,0
ACC1,YNR016C,pathway enzyme,tflink,2,0,0,0,0,0,,0
ACC1,YNR016C,pathway enzyme,tflink,3,0,0,0,0,0,,0
FAS1,YKL182W,pathway enzyme,tflink,1,0,0,0,0,0,,0
FAS1,YKL182W,pathway enzyme,tflink,2,0,0,0,0,0,,0
FAS1,YKL182W,pathway enzyme,tflink,3,0,0,0,0,0,,0
FAS2,YPL231W,pathway enzyme,tflink,1,0,0,0,0,0,,0
FAS2,YPL231W,pathway enzyme,tflink,2,0,0,0,0,0,,0
FAS2,YPL231W,pathway enzyme,tflink,3,0,0,0,0,0,,0
ELO1,YJL196C,pathway enzyme,tflink,1,0,0,0,0,0,,0
ELO1,YJL196C,pathway enzyme,tflink,2,0,0,0,0,0,,0
ELO1,YJL196C,pathway enzyme,tflink,3,0,0,0,0,0,,0
ELO2,YCR034W,pathway enzyme,tflink,1,0,0,0,0,0,,0
ELO2,YCR034W,pathway enzyme,tflink,2,0,0,0,0,0,,0
ELO2,YCR034W,pathway enzyme,tflink,3,0,0,0,0,0,,0
ELO3,YLR372W,pathway enzyme,tflink,1,0,0,0,0,0,,0
ELO3,YLR372W,pathway enzyme,tflink,2,0,0,0,0,0,,0
ELO3,YLR372W,pathway enzyme,tflink,3,0,0,0,0,0,,0
OLE1,YGL055W,pathway enzyme,tflink,1,0,0,0,0,0,,0
OLE1,YGL055W,pathway enzyme,tflink,2,0,0,0,0,0,,0
OLE1,YGL055W,pathway enzyme,tflink,3,0,0,0,0,0,,0
FAA1,YOR317W,pathway enzyme,tflink,1,0,0,0,0,0,,0
FAA1,YOR317W,pathway enzyme,tflink,2,0,0,0,0,0,,0
FAA1,YOR317W,pathway enzyme,tflink,3,0,0,0,0,0,,0
FAA2,YER015W,pathway enzyme,tflink,1,0,0,0,0,0,,0
FAA2,YER015W,pathway enzyme,tflink,2,0,0,0,0,0,,0
FAA2,YER015W,pathway enzyme,tflink,3,0,0,0,0,0,,0
FAA3,YIL009W,pathway enzyme,tflink,1,0,0,0,0,0,,0
FAA3,YIL009W,pathway enzyme,tflink,2,0,0,0,0,0,,0
FAA3,YIL009W,pathway enzyme,tflink,3,0,0,0,0,0,,0
FAA4,YMR246W,pathway enzyme,tflink,1,0,0,0,0,0,,0
FAA4,YMR246W,pathway enzyme,tflink,2,0,0,0,0,0,,0
FAA4,YMR246W,pathway enzyme,tflink,3,0,0,0,0,0,,0
POX1,YGL205W,pathway enzyme,tflink,1,0,0,0,0,0,,0
POX1,YGL205W,pathway enzyme,tflink,2,0,0,0,0,0,,0
POX1,YGL205W,pathway enzyme,tflink,3,0,0,0,0,0,,0
SLC1,YDL052C,pathway enzyme,tflink,1,0,0,0,0,0,,0
SLC1,YDL052C,pathway enzyme,tflink,2,0,0,0,0,0,,0
SLC1,YDL052C,pathway enzyme,tflink,3,0,0,0,0,0,,0
YAL054C,YAL054C,adjacent enzyme,tflink,1,0,0,0,0,0,,0
YAL054C,YAL054C,adjacent enzyme,tflink,2,0,0,0,0,0,,0
YAL054C,YAL054C,adjacent enzyme,tflink,3,0,0,0,0,0,,0
YAR035W,YAR035W,adjacent enzyme,tflink,1,0,0,0,0,0,,0
YAR035W,YAR035W,adjacent enzyme,tflink,2,0,0,0,0,0,,0
YAR035W,YAR035W,adjacent enzyme,tflink,3,0,0,0,0,0,,0
YBL011W,YBL011W,adjacent enzyme,tflink,1,0,0,0,0,0,,0
YBL011W,YBL011W,adjacent enzyme,tflink,2,0,0,0,0,0,,0
YBL011W,YBL011W,adjacent enzyme,tflink,3,0,0,0,0,0,,0
YBR029C,YBR029C,adjacent enzyme,tflink,1,0,0,0,0,0,,0
YBR029C,YBR029C,adjacent enzyme,tflink,2,0,0,0,0,0,,0
YBR029C,YBR029C,adjacent enzyme,tflink,3,0,0,0,0,0,,0
YBR041W,YBR041W,adjacent enzyme,tflink,1,0,0,0,0,0,,0
YBR041W,YBR041W,adjacent enzyme,tflink,2,0,0,0,0,0,,0
YBR041W,YBR041W,adjacent enzyme,tflink,3,0,0,0,0,0,,0
YBR042C,YBR042C,adjacent enzyme,tflink,1,0,0,0,0,0,,0
YBR042C,YBR042C,adjacent enzyme,tflink,2,0,0,0,0,0,,0
YBR042C,YBR042C,adjacent enzyme,tflink,3,0,0,0,0,0,,0
YBR159W,YBR159W,adjacent enzyme,tflink,1,0,0,0,0,0,,0
YBR159W,YBR159W,adjacent enzyme,tflink,2,0,0,0,0,0,,0
YBR159W,YBR159W,adjacent enzyme,tflink,3,0,0,0,0,0,,0
YBR204C,YBR204C,adjacent enzyme,tflink,1,0,0,0,0,0,,0
YBR204C,YBR204C,adjacent enzyme,tflink,2,0,0,0,0,0,,0
YBR204C,YBR204C,adjacent enzyme,tflink,3,0,0,0,0,0,,0
YBR208C,YBR208C,adjacent enzyme,tflink,1,0,0,0,0,0,,0
YBR208C,YBR208C,adjacent enzyme,tflink,2,0,0,0,0,0,,0
YBR208C,YBR208C,adjacent enzyme,tflink,3,0,0,0,0,0,,0
YBR218C,YBR218C,adjacent enzyme,tflink,1,0,0,0,0,0,,0
YBR218C,YBR218C,adjacent enzyme,tflink,2,0,0,0,0,0,,0
YBR218C,YBR218C,adjacent enzyme,tflink,3,0,0,0,0,0,,0
YCR048W,YCR048W,adjacent enzyme,tflink,1,0,0,0,0,0,,0
YCR048W,YCR048W,adjacent enzyme,tflink,2,0,0,0,0,0,,0
YCR048W,YCR048W,adjacent enzyme,tflink,3,0,0,0,0,0,,0
YCR068W,YCR068W,adjacent enzyme,tflink,1,0,0,0,0,0,,0
YCR068W,YCR068W,adjacent enzyme,tflink,2,0,0,0,0,0,,0
YCR068W,YCR068W,adjacent enzyme,tflink,3,0,0,0,0,0,,0
YDL015C,YDL015C,adjacent enzyme,tflink,1,0,0,0,0,0,,0
YDL015C,YDL015C,adjacent enzyme,tflink,2,0,0,0,0,0,,0
YDL015C,YDL015C,adjacent enzyme,tflink,3,0,0,0,0,0,,0
YDL040C,YDL040C,adjacent enzyme,tflink,1,0,0,0,0,0,,0
YDL040C,YDL040C,adjacent enzyme,tflink,2,0,0,0,0,0,,0
YDL040C,YDL040C,adjacent enzyme,tflink,3,0,0,0,0,0,,0
YDL141W,YDL141W,adjacent enzyme,tflink,1,0,0,0,0,0,,0
YDL141W,YDL141W,adjacent enzyme,tflink,2,0,0,0,0,0,,0
YDL141W,YDL141W,adjacent enzyme,tflink,3,0,0,0,0,0,,0
YDR071C,YDR071C,adjacent enzyme,tflink,1,0,0,0,0,0,,0
YDR071C,YDR071C,adjacent enzyme,tflink,2,0,0,0,0,0,,0
YDR071C,YDR071C,adjacent enzyme,tflink,3,0,0,0,0,0,,0
YDR256C,YDR256C,adjacent enzyme,tflink,1,0,0,0,0,0,,0
YDR256C,YDR256C,adjacent enzyme,tflink,2,0,0,0,0,0,,0
YDR256C,YDR256C,adjacent enzyme,tflink,3,0,0,0,0,0,,0
YEL066W,YEL066W,adjacent enzyme,tflink,1,0,0,0,0,0,,0
YEL066W,YEL066W,adjacent enzyme,tflink,2,0,0,0,0,0,,0
YEL066W,YEL066W,adjacent enzyme,tflink,3,0,0,0,0,0,,0
YER024W,YER024W,adjacent enzyme,tflink,1,0,0,0,0,0,,0
YER024W,YER024W,adjacent enzyme,tflink,2,0,0,0,0,0,,0
YER024W,YER024W,adjacent enzyme,tflink,3,0,0,0,0,0,,0
YFL017C,YFL017C,adjacent enzyme,tflink,1,0,0,0,0,0,,0
YFL017C,YFL017C,adjacent enzyme,tflink,2,0,0,0,0,0,,0
YFL017C,YFL017C,adjacent enzyme,tflink,3,0,0,0,0,0,,0
YGL062W,YGL062W,adjacent enzyme,tflink,1,0,0,0,0,0,,0
YGL062W,YGL062W,adjacent enzyme,tflink,2,0,0,0,0,0,,0
YGL062W,YGL062W,adjacent enzyme,tflink,3,0,0,0,0,0,,0
YGL169W,YGL169W,adjacent enzyme,tflink,1,0,0,0,0,0,,0
YGL169W,YGL169W,adjacent enzyme,tflink,2,0,0,0,0,0,,0
YGL169W,YGL169W,adjacent enzyme,tflink,3,0,0,0,0,0,,0
YGR015C,YGR015C,adjacent enzyme,tflink,1,0,0,0,0,0,,0
YGR015C,YGR015C,adjacent enzyme,tflink,2,0,0,0,0,0,,0
YGR015C,YGR015C,adjacent enzyme,tflink,3,0,0,0,0,0,,0
YGR177C,YGR177C,adjacent enzyme,tflink,1,0,0,0,0,0,,0
YGR177C,YGR177C,adjacent enzyme,tflink,2,0,0,0,0,0,,0
YGR177C,YGR177C,adjacent enzyme,tflink,3,0,0,0,0,0,,0
YGR209C,YGR209C,adjacent enzyme,tflink,1,0,0,0,0,0,,0
YGR209C,YGR209C,adjacent enzyme,tflink,2,0,0,0,0,0,,0
YGR209C,YGR209C,adjacent enzyme,tflink,3,0,0,0,0,0,,0
YHR013C,YHR013C,adjacent enzyme,tflink,1,0,0,0,0,0,,0
YHR013C,YHR013C,adjacent enzyme,tflink,2,0,0,0,0,0,,0
YHR013C,YHR013C,adjacent enzyme,tflink,3,0,0,0,0,0,,0
YIL124W,YIL124W,adjacent enzyme,tflink,1,0,0,0,0,0,,0
YIL124W,YIL124W,adjacent enzyme,tflink,2,0,0,0,0,0,,0
YIL124W,YIL124W,adjacent enzyme,tflink,3,0,0,0,0,0,,0
YIL160C,YIL160C,adjacent enzyme,tflink,1,0,0,0,0,0,,0
YIL160C,YIL160C,adjacent enzyme,tflink,2,0,0,0,0,0,,0
YIL160C,YIL160C,adjacent enzyme,tflink,3,0,0,0,0,0,,0
YIR031C,YIR031C,adjacent enzyme,tflink,1,0,0,0,0,0,,0
YIR031C,YIR031C,adjacent enzyme,tflink,2,0,0,0,0,0,,0
YIR031C,YIR031C,adjacent enzyme,tflink,3,0,0,0,0,0,,0
YJL130C,YJL130C,adjacent enzyme,tflink,1,0,0,0,0,0,,0
YJL130C,YJL130C,adjacent enzyme,tflink,2,0,0,0,0,0,,0
YJL130C,YJL130C,adjacent enzyme,tflink,3,0,0,0,0,0,,0
YJR019C,YJR019C,adjacent enzyme,tflink,1,0,0,0,0,0,,0
YJR019C,YJR019C,adjacent enzyme,tflink,2,0,0,0,0,0,,0
YJR019C,YJR019C,adjacent enzyme,tflink,3,0,0,0,0,0,,0
YJR109C,YJR109C,adjacent enzyme,tflink,1,0,0,0,0,0,,0
YJR109C,YJR109C,adjacent enzyme,tflink,2,0,0,0,0,0,,0
YJR109C,YJR109C,adjacent enzyme,tflink,3,0,0,0,0,0,,0
YKL094W,YKL094W,adjacent enzyme,tflink,1,0,0,0,0,0,,0
YKL094W,YKL094W,adjacent enzyme,tflink,2,0,0,0,0,0,,0
YKL094W,YKL094W,adjacent enzyme,tflink,3,0,0,0,0,0,,0
YKL140W,YKL140W,adjacent enzyme,tflink,1,0,0,0,0,0,,0
YKL140W,YKL140W,adjacent enzyme,tflink,2,0,0,0,0,0,,0
YKL140W,YKL140W,adjacent enzyme,tflink,3,0,0,0,0,0,,0
YKL188C,YKL188C,adjacent enzyme,tflink,1,0,0,0,0,0,,0
YKL188C,YKL188C,adjacent enzyme,tflink,2,0,0,0,0,0,,0
YKL188C,YKL188C,adjacent enzyme,tflink,3,0,0,0,0,0,,0
YKR009C,YKR009C,adjacent enzyme,tflink,1,0,0,0,0,0,,0
YKR009C,YKR009C,adjacent enzyme,tflink,2,0,0,0,0,0,,0
YKR009C,YKR009C,adjacent enzyme,tflink,3,0,0,0,0,0,,0
YKR067W,YKR067W,adjacent enzyme,tflink,1,2207,548,4,1441,1428,0.9909784871616932,2207
YKR067W,YKR067W,adjacent enzyme,tflink,2,5056,1120,13,2666,2602,0.9759939984996249,2207
YKR067W,YKR067W,adjacent enzyme,tflink,3,5073,1120,13,2666,2602,0.9759939984996249,2207
YKR089C,YKR089C,adjacent enzyme,tflink,1,0,0,0,0,0,,0
YKR089C,YKR089C,adjacent enzyme,tflink,2,0,0,0,0,0,,0
YKR089C,YKR089C,adjacent enzyme,tflink,3,0,0,0,0,0,,0
YLL012W,YLL012W,adjacent enzyme,tflink,1,0,0,0,0,0,,0
YLL012W,YLL012W,adjacent enzyme,tflink,2,0,0,0,0,0,,0
YLL012W,YLL012W,adjacent enzyme,tflink,3,0,0,0,0,0,,0
YLR043C,YLR043C,adjacent enzyme,tflink,1,0,0,0,0,0,,0
YLR043C,YLR043C,adjacent enzyme,tflink,2,0,0,0,0,0,,0
YLR043C,YLR043C,adjacent enzyme,tflink,3,0,0,0,0,0,,0
YLR109W,YLR109W,adjacent enzyme,tflink,1,0,0,0,0,0,,0
YLR109W,YLR109W,adjacent enzyme,tflink,2,0,0,0,0,0,,0
YLR109W,YLR109W,adjacent enzyme,tflink,3,0,0,0,0,0,,0
YLR153C,YLR153C,adjacent enzyme,tflink,1,0,0,0,0,0,,0
YLR153C,YLR153C,adjacent enzyme,tflink,2,0,0,0,0,0,,0
YLR153C,YLR153C,adjacent enzyme,tflink,3,0,0,0,0,0,,0
YLR284C,YLR284C,adjacent enzyme,tflink,1,0,0,0,0,0,,0
YLR284C,YLR284C,adjacent enzyme,tflink,2,0,0,0,0,0,,0
YLR284C,YLR284C,adjacent enzyme,tflink,3,0,0,0,0,0,,0
YML059C,YML059C,adjacent enzyme,tflink,1,0,0,0,0,0,,0
YML059C,YML059C,adjacent enzyme,tflink,2,0,0,0,0,0,,0
YML059C,YML059C,adjacent enzyme,tflink,3,0,0,0,0,0,,0
YMR165C,YMR165C,adjacent enzyme,tflink,1,0,0,0,0,0,,0
YMR165C,YMR165C,adjacent enzyme,tflink,2,0,0,0,0,0,,0
YMR165C,YMR165C,adjacent enzyme,tflink,3,0,0,0,0,0,,0
YMR313C,YMR313C,adjacent enzyme,tflink,1,0,0,0,0,0,,0
YMR313C,YMR313C,adjacent enzyme,tflink,2,0,0,0,0,0,,0
YMR313C,YMR313C,adjacent enzyme,tflink,3,0,0,0,0,0,,0
YNL036W,YNL036W,adjacent enzyme,tflink,1,0,0,0,0,0,,0
YNL036W,YNL036W,adjacent enzyme,tflink,2,0,0,0,0,0,,0
YNL036W,YNL036W,adjacent enzyme,tflink,3,0,0,0,0,0,,0
YNL104C,YNL104C,adjacent enzyme,tflink,1,0,0,0,0,0,,0
YNL104C,YNL104C,adjacent enzyme,tflink,2,0,0,0,0,0,,0
YNL104C,YNL104C,adjacent enzyme,tflink,3,0,0,0,0,0,,0
YNL117W,YNL117W,adjacent enzyme,tflink,1,0,0,0,0,0,,0
YNL117W,YNL117W,adjacent enzyme,tflink,2,0,0,0,0,0,,0
YNL117W,YNL117W,adjacent enzyme,tflink,3,0,0,0,0,0,,0
YNL277W,YNL277W,adjacent enzyme,tflink,1,0,0,0,0,0,,0
YNL277W,YNL277W,adjacent enzyme,tflink,2,0,0,0,0,0,,0
YNL277W,YNL277W,adjacent enzyme,tflink,3,0,0,0,0,0,,0
YNR019W,YNR019W,adjacent enzyme,tflink,1,0,0,0,0,0,,0
YNR019W,YNR019W,adjacent enzyme,tflink,2,0,0,0,0,0,,0
YNR019W,YNR019W,adjacent enzyme,tflink,3,0,0,0,0,0,,0
YOR081C,YOR081C,adjacent enzyme,tflink,1,0,0,0,0,0,,0
YOR081C,YOR081C,adjacent enzyme,tflink,2,0,0,0,0,0,,0
YOR081C,YOR081C,adjacent enzyme,tflink,3,0,0,0,0,0,,0
YOR108W,YOR108W,adjacent enzyme,tflink,1,0,0,0,0,0,,0
YOR108W,YOR108W,adjacent enzyme,tflink,2,0,0,0,0,0,,0
YOR108W,YOR108W,adjacent enzyme,tflink,3,0,0,0,0,0,,0
YOR175C,YOR175C,adjacent enzyme,tflink,1,0,0,0,0,0,,0
YOR175C,YOR175C,adjacent enzyme,tflink,2,0,0,0,0,0,,0
YOR175C,YOR175C,adjacent enzyme,tflink,3,0,0,0,0,0,,0
YOR245C,YOR245C,adjacent enzyme,tflink,1,0,0,0,0,0,,0
YOR245C,YOR245C,adjacent enzyme,tflink,2,0,0,0,0,0,,0
YOR245C,YOR245C,adjacent enzyme,tflink,3,0,0,0,0,0,,0
YOR253W,YOR253W,adjacent enzyme,tflink,1,0,0,0,0,0,,0
YOR253W,YOR253W,adjacent enzyme,tflink,2,0,0,0,0,0,,0
YOR253W,YOR253W,adjacent enzyme,tflink,3,0,0,0,0,0,,0
YOR303W,YOR303W,adjacent enzyme,tflink,1,0,0,0,0,0,,0
YOR303W,YOR303W,adjacent enzyme,tflink,2,0,0,0,0,0,,0
YOR303W,YOR303W,adjacent enzyme,tflink,3,0,0,0,0,0,,0
YOR311C,YOR311C,adjacent enzyme,tflink,1,0,0,0,0,0,,0
YOR311C,YOR311C,adjacent enzyme,tflink,2,0,0,0,0,0,,0
YOR311C,YOR311C,adjacent enzyme,tflink,3,0,0,0,0,0,,0
YOR377W,YOR377W,adjacent enzyme,tflink,1,0,0,0,0,0,,0
YOR377W,YOR377W,adjacent enzyme,tflink,2,0,0,0,0,0,,0
YOR377W,YOR377W,adjacent enzyme,tflink,3,0,0,0,0,0,,0
YPL028W,YPL028W,adjacent enzyme,tflink,1,0,0,0,0,0,,0
YPL028W,YPL028W,adjacent enzyme,tflink,2,0,0,0,0,0,,0
YPL028W,YPL028W,adjacent enzyme,tflink,3,0,0,0,0,0,,0
YPL147W,YPL147W,adjacent enzyme,tflink,1,0,0,0,0,0,,0
YPL147W,YPL147W,adjacent enzyme,tflink,2,0,0,0,0,0,,0
YPL147W,YPL147W,adjacent enzyme,tflink,3,0,0,0,0,0,,0
YPR193C,YPR193C,adjacent enzyme,tflink,1,0,0,0,0,0,,0
YPR193C,YPR193C,adjacent enzyme,tflink,2,0,0,0,0,0,,0
YPR193C,YPR193C,adjacent enzyme,tflink,3,0,0,0,0,0,,0
FKH1,YIL131C,regulator,string12_0_neighborhood,1,0,0,0,0,0,,0
FKH1,YIL131C,regulator,string12_0_neighborhood,2,0,0,0,0,0,,0
FKH1,YIL131C,regulator,string12_0_neighborhood,3,0,0,0,0,0,,0
GCN5,YGR252W,regulator,string12_0_neighborhood,1,0,0,0,0,0,,0
GCN5,YGR252W,regulator,string12_0_neighborhood,2,0,0,0,0,0,,0
GCN5,YGR252W,regulator,string12_0_neighborhood,3,0,0,0,0,0,,0
MED4,YOR174W,regulator,string12_0_neighborhood,1,0,0,0,0,0,,0
MED4,YOR174W,regulator,string12_0_neighborhood,2,0,0,0,0,0,,0
MED4,YOR174W,regulator,string12_0_neighborhood,3,0,0,0,0,0,,0
OPI1,YHL020C,regulator,string12_0_neighborhood,1,0,0,0,0,0,,0
OPI1,YHL020C,regulator,string12_0_neighborhood,2,0,0,0,0,0,,0
OPI1,YHL020C,regulator,string12_0_neighborhood,3,0,0,0,0,0,,0
RFX1,YLR176C,regulator,string12_0_neighborhood,1,0,0,0,0,0,,0
RFX1,YLR176C,regulator,string12_0_neighborhood,2,0,0,0,0,0,,0
RFX1,YLR176C,regulator,string12_0_neighborhood,3,0,0,0,0,0,,0
RGR1,YLR071C,regulator,string12_0_neighborhood,1,0,0,0,0,0,,0
RGR1,YLR071C,regulator,string12_0_neighborhood,2,0,0,0,0,0,,0
RGR1,YLR071C,regulator,string12_0_neighborhood,3,0,0,0,0,0,,0
RPD3,YNL330C,regulator,string12_0_neighborhood,1,96,28,0,50,50,1.0,96
RPD3,YNL330C,regulator,string12_0_neighborhood,2,1874,783,10,1505,1448,0.9621262458471761,96
RPD3,YNL330C,regulator,string12_0_neighborhood,3,2189,863,10,1642,1585,0.9652862362971986,96
SPT3,YDR392W,regulator,string12_0_neighborhood,1,0,0,0,0,0,,0
SPT3,YDR392W,regulator,string12_0_neighborhood,2,0,0,0,0,0,,0
SPT3,YDR392W,regulator,string12_0_neighborhood,3,0,0,0,0,0,,0
TFC7,YOR110W,regulator,string12_0_neighborhood,1,0,0,0,0,0,,0
TFC7,YOR110W,regulator,string12_0_neighborhood,2,0,0,0,0,0,,0
TFC7,YOR110W,regulator,string12_0_neighborhood,3,0,0,0,0,0,,0
YAP6,YDR259C,regulator,string12_0_neighborhood,1,34,22,0,45,45,1.0,34
YAP6,YDR259C,regulator,string12_0_neighborhood,2,1710,776,9,1487,1430,0.9616677874915938,34
YAP6,YDR259C,regulator,string12_0_neighborhood,3,2185,864,10,1642,1585,0.9652862362971986,34
ACC1,YNR016C,pathway enzyme,string12_0_neighborhood,1,244,123,1,370,351,0.9486486486486486,244
ACC1,YNR016C,pathway enzyme,string12_0_neighborhood,2,2020,833,9,1608,1551,0.9645522388059702,244
ACC1,YNR016C,pathway enzyme,string12_0_neighborhood,3,2188,863,9,1642,1585,0.9652862362971986,244
FAS1,YKL182W,pathway enzyme,string12_0_neighborhood,1,126,77,0,269,269,1.0,126
FAS1,YKL182W,pathway enzyme,string12_0_neighborhood,2,1887,808,9,1557,1500,0.9633911368015414,126
FAS1,YKL182W,pathway enzyme,string12_0_neighborhood,3,2189,862,9,1641,1584,0.9652650822669104,126
FAS2,YPL231W,pathway enzyme,string12_0_neighborhood,1,123,78,0,275,275,1.0,123
FAS2,YPL231W,pathway enzyme,string12_0_neighborhood,2,1878,802,9,1549,1492,0.9632020658489348,123
FAS2,YPL231W,pathway enzyme,string12_0_neighborhood,3,2189,862,9,1641,1584,0.9652650822669104,123
ELO1,YJL196C,pathway enzyme,string12_0_neighborhood,1,0,0,0,0,0,,0
ELO1,YJL196C,pathway enzyme,string12_0_neighborhood,2,0,0,0,0,0,,0
ELO1,YJL196C,pathway enzyme,string12_0_neighborhood,3,0,0,0,0,0,,0
ELO2,YCR034W,pathway enzyme,string12_0_neighborhood,1,0,0,0,0,0,,0
ELO2,YCR034W,pathway enzyme,string12_0_neighborhood,2,0,0,0,0,0,,0
ELO2,YCR034W,pathway enzyme,string12_0_neighborhood,3,0,0,0,0,0,,0
ELO3,YLR372W,pathway enzyme,string12_0_neighborhood,1,0,0,0,0,0,,0
ELO3,YLR372W,pathway enzyme,string12_0_neighborhood,2,0,0,0,0,0,,0
ELO3,YLR372W,pathway enzyme,string12_0_neighborhood,3,0,0,0,0,0,,0
OLE1,YGL055W,pathway enzyme,string12_0_neighborhood,1,110,53,5,146,112,0.7671232876712328,110
OLE1,YGL055W,pathway enzyme,string12_0_neighborhood,2,1838,785,9,1569,1514,0.9649458253664754,110
OLE1,YGL055W,pathway enzyme,string12_0_neighborhood,3,2187,862,9,1640,1585,0.9664634146341463,110
FAA1,YOR317W,pathway enzyme,string12_0_neighborhood,1,105,65,3,328,299,0.9115853658536586,105
FAA1,YOR317W,pathway enzyme,string12_0_neighborhood,2,1780,802,9,1568,1513,0.9649234693877551,105
FAA1,YOR317W,pathway enzyme,string12_0_neighborhood,3,2186,862,9,1640,1585,0.9664634146341463,105
FAA2,YER015W,pathway enzyme,string12_0_neighborhood,1,95,58,3,294,265,0.9013605442176871,95
FAA2,YER015W,pathway enzyme,string12_0_neighborhood,2,1777,799,9,1566,1517,0.9687100893997446,95
FAA2,YER015W,pathway enzyme,string12_0_neighborhood,3,2187,862,9,1634,1585,0.9700122399020807,95
FAA3,YIL009W,pathway enzyme,string12_0_neighborhood,1,92,56,3,294,265,0.9013605442176871,92
FAA3,YIL009W,pathway enzyme,string12_0_neighborhood,2,1807,794,9,1563,1510,0.9660908509277031,92
FAA3,YIL009W,pathway enzyme,string12_0_neighborhood,3,2187,862,9,1638,1585,0.9676434676434676,92
FAA4,YMR246W,pathway enzyme,string12_0_neighborhood,1,92,54,3,279,251,0.899641577060932,92
FAA4,YMR246W,pathway enzyme,string12_0_neighborhood,2,1813,790,9,1560,1503,0.9634615384615385,92
FAA4,YMR246W,pathway enzyme,string12_0_neighborhood,3,2188,862,9,1642,1585,0.9652862362971986,92
POX1,YGL205W,pathway enzyme,string12_0_neighborhood,1,129,83,6,381,346,0.9081364829396326,129
POX1,YGL205W,pathway enzyme,string12_0_neighborhood,2,1742,793,9,1518,1479,0.974308300395257,129
POX1,YGL205W,pathway enzyme,string12_0_neighborhood,3,2184,862,9,1624,1585,0.9759852216748769,129
SLC1,YDL052C,pathway enzyme,string12_0_neighborhood,1,197,122,6,455,404,0.8879120879120879,197
SLC1,YDL052C,pathway enzyme,string12_0_neighborhood,2,2025,833,9,1597,1544,0.9668127739511584,197
SLC1,YDL052C,pathway enzyme,string12_0_neighborhood,3,2190,863,9,1638,1585,0.9676434676434676,197
YAL054C,YAL054C,adjacent enzyme,string12_0_neighborhood,1,339,215,4,583,554,0.9502572898799314,339
YAL054C,YAL054C,adjacent enzyme,string12_0_neighborhood,2,2024,845,10,1630,1573,0.9650306748466257,339
YAL054C,YAL054C,adjacent enzyme,string12_0_neighborhood,3,2190,863,10,1641,1584,0.9652650822669104,339
YAR035W,YAR035W,adjacent enzyme,string12_0_neighborhood,1,0,0,0,0,0,,0
YAR035W,YAR035W,adjacent enzyme,string12_0_neighborhood,2,0,0,0,0,0,,0
YAR035W,YAR035W,adjacent enzyme,string12_0_neighborhood,3,0,0,0,0,0,,0
YBL011W,YBL011W,adjacent enzyme,string12_0_neighborhood,1,0,0,0,0,0,,0
YBL011W,YBL011W,adjacent enzyme,string12_0_neighborhood,2,0,0,0,0,0,,0
YBL011W,YBL011W,adjacent enzyme,string12_0_neighborhood,3,0,0,0,0,0,,0
YBR029C,YBR029C,adjacent enzyme,string12_0_neighborhood,1,26,21,0,89,89,1.0,26
YBR029C,YBR029C,adjacent enzyme,string12_0_neighborhood,2,1461,718,9,1419,1380,0.9725158562367865,26
YBR029C,YBR029C,adjacent enzyme,string12_0_neighborhood,3,2178,862,10,1628,1571,0.964987714987715,26
YBR041W,YBR041W,adjacent enzyme,string12_0_neighborhood,1,0,0,0,0,0,,0
YBR041W,YBR041W,adjacent enzyme,string12_0_neighborhood,2,0,0,0,0,0,,0
YBR041W,YBR041W,adjacent enzyme,string12_0_neighborhood,3,0,0,0,0,0,,0
YBR042C,YBR042C,adjacent enzyme,string12_0_neighborhood,1,160,101,6,463,412,0.8898488120950324,160
YBR042C,YBR042C,adjacent enzyme,string12_0_neighborhood,2,1971,824,10,1590,1533,0.9641509433962264,160
YBR042C,YBR042C,adjacent enzyme,string12_0_neighborhood,3,2188,863,10,1640,1583,0.9652439024390244,160
YBR159W,YBR159W,adjacent enzyme,string12_0_neighborhood,1,372,177,6,564,527,0.9343971631205674,372
YBR159W,YBR159W,adjacent enzyme,string12_0_neighborhood,2,2064,834,10,1599,1542,0.9643527204502814,372
YBR159W,YBR159W,adjacent enzyme,string12_0_neighborhood,3,2190,863,10,1635,1578,0.9651376146788991,372
YBR204C,YBR204C,adjacent enzyme,string12_0_neighborhood,1,50,28,0,68,68,1.0,50
YBR204C,YBR204C,adjacent enzyme,string12_0_neighborhood,2,1668,732,10,1453,1396,0.9607708189951824,50
YBR204C,YBR204C,adjacent enzyme,string12_0_neighborhood,3,2182,861,10,1642,1585,0.9652862362971986,50
YBR208C,YBR208C,adjacent enzyme,string12_0_neighborhood,1,936,481,7,963,910,0.944963655244029,936
YBR208C,YBR208C,adjacent enzyme,string12_0_neighborhood,2,2128,852,10,1628,1571,0.964987714987715,936
YBR208C,YBR208C,adjacent enzyme,string12_0_neighborhood,3,2190,863,10,1640,1583,0.9652439024390244,936
YBR218C,YBR218C,adjacent enzyme,string12_0_neighborhood,1,71,58,0,87,86,0.9885057471264368,71
YBR218C,YBR218C,adjacent enzyme,string12_0_neighborhood,2,1697,774,10,1525,1468,0.9626229508196721,71
YBR218C,YBR218C,adjacent enzyme,string12_0_neighborhood,3,2186,862,10,1642,1585,0.9652862362971986,71
YCR048W,YCR048W,adjacent enzyme,string12_0_neighborhood,1,0,0,0,0,0,,0
YCR048W,YCR048W,adjacent enzyme,string12_0_neighborhood,2,0,0,0,0,0,,0
YCR048W,YCR048W,adjacent enzyme,string12_0_neighborhood,3,0,0,0,0,0,,0
YCR068W,YCR068W,adjacent enzyme,string12_0_neighborhood,1,0,0,0,0,0,,0
YCR068W,YCR068W,adjacent enzyme,string12_0_neighborhood,2,0,0,0,0,0,,0
YCR068W,YCR068W,adjacent enzyme,string12_0_neighborhood,3,0,0,0,0,0,,0
YDL015C,YDL015C,adjacent enzyme,string12_0_neighborhood,1,0,0,0,0,0,,0
YDL015C,YDL015C,adjacent enzyme,string12_0_neighborhood,2,0,0,0,0,0,,0
YDL015C,YDL015C,adjacent enzyme,string12_0_neighborhood,3,0,0,0,0,0,,0
YDL040C,YDL040C,adjacent enzyme,string12_0_neighborhood,1,0,0,0,0,0,,0
YDL040C,YDL040C,adjacent enzyme,string12_0_neighborhood,2,0,0,0,0,0,,0
YDL040C,YDL040C,adjacent enzyme,string12_0_neighborhood,3,0,0,0,0,0,,0
YDL141W,YDL141W,adjacent enzyme,string12_0_neighborhood,1,314,183,5,517,482,0.9323017408123792,314
YDL141W,YDL141W,adjacent enzyme,string12_0_neighborhood,2,2072,839,10,1608,1551,0.9645522388059702,314
YDL141W,YDL141W,adjacent enzyme,string12_0_neighborhood,3,2190,863,10,1641,1584,0.9652650822669104,314
YDR071C,YDR071C,adjacent enzyme,string12_0_neighborhood,1,31,15,0,24,24,1.0,31
YDR071C,YDR071C,adjacent enzyme,string12_0_neighborhood,2,1638,707,6,1343,1312,0.9769173492181683,31
YDR071C,YDR071C,adjacent enzyme,string12_0_neighborhood,3,2187,863,10,1641,1584,0.9652650822669104,31
YDR256C,YDR256C,adjacent enzyme,string12_0_neighborhood,1,127,52,1,95,77,0.8105263157894737,127
YDR256C,YDR256C,adjacent enzyme,string12_0_neighborhood,2,1765,794,10,1529,1472,0.9627207325049052,127
YDR256C,YDR256C,adjacent enzyme,string12_0_neighborhood,3,2182,862,10,1641,1584,0.9652650822669104,127
YEL066W,YEL066W,adjacent enzyme,string12_0_neighborhood,1,26,11,0,15,15,1.0,26
YEL066W,YEL066W,adjacent enzyme,string12_0_neighborhood,2,1418,669,6,1315,1284,0.976425855513308,26
YEL066W,YEL066W,adjacent enzyme,string12_0_neighborhood,3,2177,861,10,1639,1582,0.9652226967663209,26
YER024W,YER024W,adjacent enzyme,string12_0_neighborhood,1,0,0,0,0,0,,0
YER024W,YER024W,adjacent enzyme,string12_0_neighborhood,2,0,0,0,0,0,,0
YER024W,YER024W,adjacent enzyme,string12_0_neighborhood,3,0,0,0,0,0,,0
YFL017C,YFL017C,adjacent enzyme,string12_0_neighborhood,1,26,15,0,25,25,1.0,26
YFL017C,YFL017C,adjacent enzyme,string12_0_neighborhood,2,1605,734,10,1428,1371,0.9600840336134454,26
YFL017C,YFL017C,adjacent enzyme,string12_0_neighborhood,3,2180,862,10,1640,1583,0.9652439024390244,26
YGL062W,YGL062W,adjacent enzyme,string12_0_neighborhood,1,77,64,0,108,107,0.9907407407407407,77
YGL062W,YGL062W,adjacent enzyme,string12_0_neighborhood,2,1729,792,10,1548,1491,0.9631782945736435,77
YGL062W,YGL062W,adjacent enzyme,string12_0_neighborhood,3,2186,862,10,1642,1585,0.9652862362971986,77
YGL169W,YGL169W,adjacent enzyme,string12_0_neighborhood,1,291,139,1,193,192,0.9948186528497409,291
YGL169W,YGL169W,adjacent enzyme,string12_0_neighborhood,2,2074,834,10,1601,1544,0.9643972517176764,291
YGL169W,YGL169W,adjacent enzyme,string12_0_neighborhood,3,2190,863,10,1641,1584,0.9652650822669104,291
YGR015C,YGR015C,adjacent enzyme,string12_0_neighborhood,1,90,51,1,227,221,0.973568281938326,90
YGR015C,YGR015C,adjacent enzyme,string12_0_neighborhood,2,1789,797,10,1527,1470,0.962671905697446,90
YGR015C,YGR015C,adjacent enzyme,string12_0_neighborhood,3,2185,862,10,1641,1584,0.9652650822669104,90
YGR177C,YGR177C,adjacent enzyme,string12_0_neighborhood,1,2,1,0,1,1,1.0,2
YGR177C,YGR177C,adjacent enzyme,string12_0_neighborhood,2,114,50,0,140,140,1.0,2
YGR177C,YGR177C,adjacent enzyme,string12_0_neighborhood,3,1891,807,10,1551,1494,0.9632495164410058,2
YGR209C,YGR209C,adjacent enzyme,string12_0_neighborhood,1,144,79,0,135,135,1.0,144
YGR209C,YGR209C,adjacent enzyme,string12_0_neighborhood,2,1949,818,10,1587,1530,0.9640831758034026,144
YGR209C,YGR209C,adjacent enzyme,string12_0_neighborhood,3,2189,863,10,1638,1581,0.9652014652014652,144
YHR013C,YHR013C,adjacent enzyme,string12_0_neighborhood,1,0,0,0,0,0,,0
YHR013C,YHR013C,adjacent enzyme,string12_0_neighborhood,2,0,0,0,0,0,,0
YHR013C,YHR013C,adjacent enzyme,string12_0_neighborhood,3,0,0,0,0,0,,0
YIL124W,YIL124W,adjacent enzyme,string12_0_neighborhood,1,183,110,5,386,357,0.9248704663212435,183
YIL124W,YIL124W,adjacent enzyme,string12_0_neighborhood,2,1833,820,10,1586,1529,0.9640605296343001,183
YIL124W,YIL124W,adjacent enzyme,string12_0_neighborhood,3,2185,863,10,1634,1577,0.9651162790697675,183
YIL160C,YIL160C,adjacent enzyme,string12_0_neighborhood,1,282,169,6,560,511,0.9125,282
YIL160C,YIL160C,adjacent enzyme,string12_0_neighborhood,2,1957,831,10,1591,1534,0.9641734758013828,282
YIL160C,YIL160C,adjacent enzyme,string12_0_neighborhood,3,2189,863,10,1624,1567,0.9649014778325123,282
YIR031C,YIR031C,adjacent enzyme,string12_0_neighborhood,1,57,46,1,72,70,0.9722222222222222,57
YIR031C,YIR031C,adjacent enzyme,string12_0_neighborhood,2,1627,764,10,1475,1418,0.9613559322033899,57
YIR031C,YIR031C,adjacent enzyme,string12_0_neighborhood,3,2176,862,10,1642,1585,0.9652862362971986,57
YJL130C,YJL130C,adjacent enzyme,string12_0_neighborhood,1,221,136,1,166,165,0.9939759036144579,221
YJL130C,YJL130C,adjacent enzyme,string12_0_neighborhood,2,2049,832,10,1589,1532,0.9641283826305853,221
YJL130C,YJL130C,adjacent enzyme,string12_0_neighborhood,3,2189,862,10,1641,1584,0.9652650822669104,221
YJR019C,YJR019C,adjacent enzyme,string12_0_neighborhood,1,49,34,0,210,206,0.9809523809523809,49
YJR019C,YJR019C,adjacent enzyme,string12_0_neighborhood,2,1630,737,10,1494,1437,0.9618473895582329,49
YJR019C,YJR019C,adjacent enzyme,string12_0_neighborhood,3,2183,862,10,1632,1575,0.9650735294117647,49
YJR109C,YJR109C,adjacent enzyme,string12_0_neighborhood,1,190,128,1,152,151,0.993421052631579,190
YJR109C,YJR109C,adjacent enzyme,string12_0_neighborhood,2,2009,823,10,1583,1526,0.9639924194567278,190
YJR109C,YJR109C,adjacent enzyme,string12_0_neighborhood,3,2188,862,10,1642,1585,0.9652862362971986,190
YKL094W,YKL094W,adjacent enzyme,string12_0_neighborhood,1,215,118,7,508,455,0.8956692913385826,215
YKL094W,YKL094W,adjacent enzyme,string12_0_neighborhood,2,1954,826,10,1586,1529,0.9640605296343001,215
YKL094W,YKL094W,adjacent enzyme,string12_0_neighborhood,3,2187,862,10,1638,1581,0.9652014652014652,215
YKL140W,YKL140W,adjacent enzyme,string12_0_neighborhood,1,106,63,2,378,372,0.9841269841269841,106
YKL140W,YKL140W,adjacent enzyme,string12_0_neighborhood,2,1811,809,10,1556,1499,0.9633676092544987,106
YKL140W,YKL140W,adjacent enzyme,string12_0_neighborhood,3,2186,862,10,1642,1585,0.9652862362971986,106
YKL188C,YKL188C,adjacent enzyme,string12_0_neighborhood,1,6,4,0,3,3,1.0,6
YKL188C,YKL188C,adjacent enzyme,string12_0_neighborhood,2,451,272,2,525,522,0.9942857142857143,6
YKL188C,YKL188C,adjacent enzyme,string12_0_neighborhood,3,2105,850,10,1620,1563,0.9648148148148148,6
YKR009C,YKR009C,adjacent enzyme,string12_0_neighborhood,1,247,145,8,555,504,0.9081081081081082,247
YKR009C,YKR009C,adjacent enzyme,string12_0_neighborhood,2,1967,827,10,1557,1500,0.9633911368015414,247
YKR009C,YKR009C,adjacent enzyme,string12_0_neighborhood,3,2189,863,10,1606,1549,0.9645080946450809,247
YKR067W,YKR067W,adjacent enzyme,string12_0_neighborhood,1,0,0,0,0,0,,0
YKR067W,YKR067W,adjacent enzyme,string12_0_neighborhood,2,0,0,0,0,0,,0
YKR067W,YKR067W,adjacent enzyme,string12_0_neighborhood,3,0,0,0,0,0,,0
YKR089C,YKR089C,adjacent enzyme,string12_0_neighborhood,1,73,59,6,384,332,0.8645833333333334,73
YKR089C,YKR089C,adjacent enzyme,string12_0_neighborhood,2,1784,794,10,1541,1484,0.9630110317975341,73
YKR089C,YKR089C,adjacent enzyme,string12_0_neighborhood,3,2184,862,10,1626,1569,0.9649446494464945,73
YLL012W,YLL012W,adjacent enzyme,string12_0_neighborhood,1,103,62,2,302,296,0.9801324503311258,103
YLL012W,YLL012W,adjacent enzyme,string12_0_neighborhood,2,1840,808,10,1541,1484,0.9630110317975341,103
YLL012W,YLL012W,adjacent enzyme,string12_0_neighborhood,3,2186,862,10,1634,1577,0.9651162790697675,103
YLR043C,YLR043C,adjacent enzyme,string12_0_neighborhood,1,149,87,0,142,142,1.0,149
YLR043C,YLR043C,adjacent enzyme,string12_0_neighborhood,2,1956,815,10,1587,1530,0.9640831758034026,149
YLR043C,YLR043C,adjacent enzyme,string12_0_neighborhood,3,2189,863,10,1642,1585,0.9652862362971986,149
YLR109W,YLR109W,adjacent enzyme,string12_0_neighborhood,1,43,19,0,43,43,1.0,43
YLR109W,YLR109W,adjacent enzyme,string12_0_neighborhood,2,1584,704,10,1421,1364,0.9598874032371569,43
YLR109W,YLR109W,adjacent enzyme,string12_0_neighborhood,3,2179,861,10,1641,1584,0.9652650822669104,43
YLR153C,YLR153C,adjacent enzyme,string12_0_neighborhood,1,345,226,4,601,572,0.9517470881863561,345
YLR153C,YLR153C,adjacent enzyme,string12_0_neighborhood,2,2041,845,10,1624,1567,0.9649014778325123,345
YLR153C,YLR153C,adjacent enzyme,string12_0_neighborhood,3,2190,863,10,1641,1584,0.9652650822669104,345
YLR284C,YLR284C,adjacent enzyme,string12_0_neighborhood,1,219,110,6,445,396,0.8898876404494382,219
YLR284C,YLR284C,adjacent enzyme,string12_0_neighborhood,2,1884,810,10,1563,1506,0.963531669865643,219
YLR284C,YLR284C,adjacent enzyme,string12_0_neighborhood,3,2186,862,10,1636,1579,0.965158924205379,219
YML059C,YML059C,adjacent enzyme,string12_0_neighborhood,1,177,101,4,290,260,0.896551724137931,177
YML059C,YML059C,adjacent enzyme,string12_0_neighborhood,2,1967,817,10,1561,1504,0.9634849455477258,177
YML059C,YML059C,adjacent enzyme,string12_0_neighborhood,3,2189,862,10,1630,1573,0.9650306748466257,177
YMR165C,YMR165C,adjacent enzyme,string12_0_neighborhood,1,0,0,0,0,0,,0
YMR165C,YMR165C,adjacent enzyme,string12_0_neighborhood,2,0,0,0,0,0,,0
YMR165C,YMR165C,adjacent enzyme,string12_0_neighborhood,3,0,0,0,0,0,,0
YMR313C,YMR313C,adjacent enzyme,string12_0_neighborhood,1,58,45,6,350,298,0.8514285714285714,58
YMR313C,YMR313C,adjacent enzyme,string12_0_neighborhood,2,1691,783,10,1515,1458,0.9623762376237623,58
YMR313C,YMR313C,adjacent enzyme,string12_0_neighborhood,3,2185,863,10,1630,1573,0.9650306748466257,58
YNL036W,YNL036W,adjacent enzyme,string12_0_neighborhood,1,159,106,1,211,210,0.995260663507109,159
YNL036W,YNL036W,adjacent enzyme,string12_0_neighborhood,2,1959,824,10,1601,1544,0.9643972517176764,159
YNL036W,YNL036W,adjacent enzyme,string12_0_neighborhood,3,2187,861,10,1640,1583,0.9652439024390244,159
YNL104C,YNL104C,adjacent enzyme,string12_0_neighborhood,1,231,167,2,282,263,0.9326241134751773,231
YNL104C,YNL104C,adjacent enzyme,string12_0_neighborhood,2,1990,833,10,1590,1533,0.9641509433962264,231
YNL104C,YNL104C,adjacent enzyme,string12_0_neighborhood,3,2190,863,10,1641,1584,0.9652650822669104,231
YNL117W,YNL117W,adjacent enzyme,string12_0_neighborhood,1,63,51,1,81,79,0.9753086419753086,63
YNL117W,YNL117W,adjacent enzyme,string12_0_neighborhood,2,1693,779,10,1518,1461,0.9624505928853755,63
YNL117W,YNL117W,adjacent enzyme,string12_0_neighborhood,3,2181,862,10,1641,1584,0.9652650822669104,63
YNL277W,YNL277W,adjacent enzyme,string12_0_neighborhood,1,249,157,1,388,370,0.9536082474226805,249
YNL277W,YNL277W,adjacent enzyme,string12_0_neighborhood,2,1977,832,10,1601,1544,0.9643972517176764,249
YNL277W,YNL277W,adjacent enzyme,string12_0_neighborhood,3,2188,862,10,1641,1584,0.9652650822669104,249
YNR019W,YNR019W,adjacent enzyme,string12_0_neighborhood,1,0,0,0,0,0,,0
YNR019W,YNR019W,adjacent enzyme,string12_0_neighborhood,2,0,0,0,0,0,,0
YNR019W,YNR019W,adjacent enzyme,string12_0_neighborhood,3,0,0,0,0,0,,0
YOR081C,YOR081C,adjacent enzyme,string12_0_neighborhood,1,66,51,6,372,320,0.8602150537634409,66
YOR081C,YOR081C,adjacent enzyme,string12_0_neighborhood,2,1764,789,10,1532,1475,0.9627937336814621,66
YOR081C,YOR081C,adjacent enzyme,string12_0_neighborhood,3,2185,862,10,1642,1585,0.9652862362971986,66
YOR108W,YOR108W,adjacent enzyme,string12_0_neighborhood,1,247,178,2,306,287,0.9379084967320261,247
YOR108W,YOR108W,adjacent enzyme,string12_0_neighborhood,2,2024,834,10,1607,1550,0.9645301804604853,247
YOR108W,YOR108W,adjacent enzyme,string12_0_neighborhood,3,2190,863,10,1642,1585,0.9652862362971986,247
YOR175C,YOR175C,adjacent enzyme,string12_0_neighborhood,1,0,0,0,0,0,,0
YOR175C,YOR175C,adjacent enzyme,string12_0_neighborhood,2,0,0,0,0,0,,0
YOR175C,YOR175C,adjacent enzyme,string12_0_neighborhood,3,0,0,0,0,0,,0
YOR245C,YOR245C,adjacent enzyme,string12_0_neighborhood,1,0,0,0,0,0,,0
YOR245C,YOR245C,adjacent enzyme,string12_0_neighborhood,2,0,0,0,0,0,,0
YOR245C,YOR245C,adjacent enzyme,string12_0_neighborhood,3,0,0,0,0,0,,0
YOR253W,YOR253W,adjacent enzyme,string12_0_neighborhood,1,4,1,0,1,1,1.0,4
YOR253W,YOR253W,adjacent enzyme,string12_0_neighborhood,2,262,179,3,357,324,0.907563025210084,4
YOR253W,YOR253W,adjacent enzyme,string12_0_neighborhood,3,2049,835,10,1618,1561,0.9647713226205191,4
YOR303W,YOR303W,adjacent enzyme,string12_0_neighborhood,1,184,123,1,144,143,0.9930555555555556,184
YOR303W,YOR303W,adjacent enzyme,string12_0_neighborhood,2,2001,818,10,1582,1525,0.9639696586599241,184
YOR303W,YOR303W,adjacent enzyme,string12_0_neighborhood,3,2190,863,10,1642,1585,0.9652862362971986,184
YOR311C,YOR311C,adjacent enzyme,string12_0_neighborhood,1,24,18,0,128,124,0.96875,24
YOR311C,YOR311C,adjacent enzyme,string12_0_neighborhood,2,1180,593,10,1280,1223,0.95546875,24
YOR311C,YOR311C,adjacent enzyme,string12_0_neighborhood,3,2169,860,10,1633,1576,0.9650949173300674,24
YOR377W,YOR377W,adjacent enzyme,string12_0_neighborhood,1,2,1,0,1,1,1.0,2
YOR377W,YOR377W,adjacent enzyme,string12_0_neighborhood,2,114,50,0,140,140,1.0,2
YOR377W,YOR377W,adjacent enzyme,string12_0_neighborhood,3,1891,807,10,1551,1494,0.9632495164410058,2
YPL028W,YPL028W,adjacent enzyme,string12_0_neighborhood,1,278,173,6,488,439,0.8995901639344263,278
YPL028W,YPL028W,adjacent enzyme,string12_0_neighborhood,2,1958,830,10,1608,1551,0.9645522388059702,278
YPL028W,YPL028W,adjacent enzyme,string12_0_neighborhood,3,2189,863,10,1640,1583,0.9652439024390244,278
YPL147W,YPL147W,adjacent enzyme,string12_0_neighborhood,1,9,6,0,5,5,1.0,9
YPL147W,YPL147W,adjacent enzyme,string12_0_neighborhood,2,903,514,10,996,939,0.9427710843373494,9
YPL147W,YPL147W,adjacent enzyme,string12_0_neighborhood,3,2157,858,10,1635,1578,0.9651376146788991,9
YPR193C,YPR193C,adjacent enzyme,string12_0_neighborhood,1,23,12,0,16,16,1.0,23
YPR193C,YPR193C,adjacent enzyme,string12_0_neighborhood,2,1396,668,6,1306,1275,0.9762633996937213,23
YPR193C,YPR193C,adjacent enzyme,string12_0_neighborhood,3,2173,861,10,1640,1583,0.9652439024390244,23
FKH1,YIL131C,regulator,string12_0_fusion,1,0,0,0,0,0,,0
FKH1,YIL131C,regulator,string12_0_fusion,2,0,0,0,0,0,,0
FKH1,YIL131C,regulator,string12_0_fusion,3,0,0,0,0,0,,0
GCN5,YGR252W,regulator,string12_0_fusion,1,10,1,0,2,2,1.0,10
GCN5,YGR252W,regulator,string12_0_fusion,2,184,34,0,99,99,1.0,10
GCN5,YGR252W,regulator,string12_0_fusion,3,999,294,4,757,727,0.9603698811096433,10
MED4,YOR174W,regulator,string12_0_fusion,1,0,0,0,0,0,,0
MED4,YOR174W,regulator,string12_0_fusion,2,0,0,0,0,0,,0
MED4,YOR174W,regulator,string12_0_fusion,3,0,0,0,0,0,,0
OPI1,YHL020C,regulator,string12_0_fusion,1,0,0,0,0,0,,0
OPI1,YHL020C,regulator,string12_0_fusion,2,0,0,0,0,0,,0
OPI1,YHL020C,regulator,string12_0_fusion,3,0,0,0,0,0,,0
RFX1,YLR176C,regulator,string12_0_fusion,1,0,0,0,0,0,,0
RFX1,YLR176C,regulator,string12_0_fusion,2,0,0,0,0,0,,0
RFX1,YLR176C,regulator,string12_0_fusion,3,0,0,0,0,0,,0
RGR1,YLR071C,regulator,string12_0_fusion,1,0,0,0,0,0,,0
RGR1,YLR071C,regulator,string12_0_fusion,2,0,0,0,0,0,,0
RGR1,YLR071C,regulator,string12_0_fusion,3,0,0,0,0,0,,0
RPD3,YNL330C,regulator,string12_0_fusion,1,24,0,0,0,0,,24
RPD3,YNL330C,regulator,string12_0_fusion,2,297,55,0,111,111,1.0,24
RPD3,YNL330C,regulator,string12_0_fusion,3,1436,459,7,950,913,0.9610526315789474,24
SPT3,YDR392W,regulator,string12_0_fusion,1,5,1,0,8,8,1.0,5
SPT3,YDR392W,regulator,string12_0_fusion,2,23,5,0,13,13,1.0,5
SPT3,YDR392W,regulator,string12_0_fusion,3,184,36,1,88,87,0.9886363636363636,5
TFC7,YOR110W,regulator,string12_0_fusion,1,1,1,0,1,1,1.0,1
TFC7,YOR110W,regulator,string12_0_fusion,2,6,4,0,4,4,1.0,1
TFC7,YOR110W,regulator,string12_0_fusion,3,32,13,0,18,18,1.0,1
YAP6,YDR259C,regulator,string12_0_fusion,1,0,0,0,0,0,,0
YAP6,YDR259C,regulator,string12_0_fusion,2,0,0,0,0,0,,0
YAP6,YDR259C,regulator,string12_0_fusion,3,0,0,0,0,0,,0
ACC1,YNR016C,pathway enzyme,string12_0_fusion,1,14,6,0,7,7,1.0,14
ACC1,YNR016C,pathway enzyme,string12_0_fusion,2,139,51,1,85,83,0.9764705882352941,14
ACC1,YNR016C,pathway enzyme,string12_0_fusion,3,846,295,5,599,571,0.9532554257095158,14
FAS1,YKL182W,pathway enzyme,string12_0_fusion,1,14,9,1,13,11,0.8461538461538461,14
FAS1,YKL182W,pathway enzyme,string12_0_fusion,2,117,59,2,104,101,0.9711538461538461,14
FAS1,YKL182W,pathway enzyme,string12_0_fusion,3,769,316,4,668,643,0.9625748502994012,14
FAS2,YPL231W,pathway enzyme,string12_0_fusion,1,4,2,1,3,1,0.3333333333333333,4
FAS2,YPL231W,pathway enzyme,string12_0_fusion,2,45,17,1,32,30,0.9375,4
FAS2,YPL231W,pathway enzyme,string12_0_fusion,3,340,142,2,298,291,0.9765100671140939,4
ELO1,YJL196C,pathway enzyme,string12_0_fusion,1,0,0,0,0,0,,0
ELO1,YJL196C,pathway enzyme,string12_0_fusion,2,0,0,0,0,0,,0
ELO1,YJL196C,pathway enzyme,string12_0_fusion,3,0,0,0,0,0,,0
ELO2,YCR034W,pathway enzyme,string12_0_fusion,1,0,0,0,0,0,,0
ELO2,YCR034W,pathway enzyme,string12_0_fusion,2,0,0,0,0,0,,0
ELO2,YCR034W,pathway enzyme,string12_0_fusion,3,0,0,0,0,0,,0
ELO3,YLR372W,pathway enzyme,string12_0_fusion,1,0,0,0,0,0,,0
ELO3,YLR372W,pathway enzyme,string12_0_fusion,2,0,0,0,0,0,,0
ELO3,YLR372W,pathway enzyme,string12_0_fusion,3,0,0,0,0,0,,0
OLE1,YGL055W,pathway enzyme,string12_0_fusion,1,6,4,4,26,0,0.0,6
OLE1,YGL055W,pathway enzyme,string12_0_fusion,2,46,15,4,46,20,0.43478260869565216,6
OLE1,YGL055W,pathway enzyme,string12_0_fusion,3,344,105,4,390,360,0.9230769230769231,6
FAA1,YOR317W,pathway enzyme,string12_0_fusion,1,13,7,1,9,7,0.7777777777777778,13
FAA1,YOR317W,pathway enzyme,string12_0_fusion,2,110,40,4,113,87,0.7699115044247787,13
FAA1,YOR317W,pathway enzyme,string12_0_fusion,3,798,287,6,523,494,0.9445506692160612,13
FAA2,YER015W,pathway enzyme,string12_0_fusion,1,6,4,1,6,4,0.6666666666666666,6
FAA2,YER015W,pathway enzyme,string12_0_fusion,2,51,22,4,52,32,0.6153846153846154,6
FAA2,YER015W,pathway enzyme,string12_0_fusion,3,487,164,4,308,288,0.935064935064935,6
FAA3,YIL009W,pathway enzyme,string12_0_fusion,1,4,2,1,3,1,0.3333333333333333,4
FAA3,YIL009W,pathway enzyme,string12_0_fusion,2,57,20,4,82,58,0.7073170731707317,4
FAA3,YIL009W,pathway enzyme,string12_0_fusion,3,462,167,6,302,275,0.9105960264900662,4
FAA4,YMR246W,pathway enzyme,string12_0_fusion,1,6,3,1,5,3,0.6,6
FAA4,YMR246W,pathway enzyme,string12_0_fusion,2,96,36,4,84,56,0.6666666666666666,6
FAA4,YMR246W,pathway enzyme,string12_0_fusion,3,794,260,4,554,526,0.9494584837545126,6
POX1,YGL205W,pathway enzyme,string12_0_fusion,1,6,3,0,4,4,1.0,6
POX1,YGL205W,pathway enzyme,string12_0_fusion,2,46,24,0,162,162,1.0,6
POX1,YGL205W,pathway enzyme,string12_0_fusion,3,466,169,1,449,441,0.9821826280623608,6
SLC1,YDL052C,pathway enzyme,string12_0_fusion,1,7,2,0,65,65,1.0,7
SLC1,YDL052C,pathway enzyme,string12_0_fusion,2,81,18,0,81,81,1.0,7
SLC1,YDL052C,pathway enzyme,string12_0_fusion,3,637,157,2,510,491,0.9627450980392157,7
YAL054C,YAL054C,adjacent enzyme,string12_0_fusion,1,10,6,0,10,10,1.0,10
YAL054C,YAL054C,adjacent enzyme,string12_0_fusion,2,80,43,0,79,79,1.0,10
YAL054C,YAL054C,adjacent enzyme,string12_0_fusion,3,639,232,4,684,657,0.9605263157894737,10
YAR035W,YAR035W,adjacent enzyme,string12_0_fusion,1,3,3,0,3,3,1.0,3
YAR035W,YAR035W,adjacent enzyme,string12_0_fusion,2,55,24,0,33,33,1.0,3
YAR035W,YAR035W,adjacent enzyme,string12_0_fusion,3,354,133,4,296,279,0.9425675675675675,3
YBL011W,YBL011W,adjacent enzyme,string12_0_fusion,1,3,2,0,20,20,1.0,3
YBL011W,YBL011W,adjacent enzyme,string12_0_fusion,2,35,13,0,61,61,1.0,3
YBL011W,YBL011W,adjacent enzyme,string12_0_fusion,3,227,92,2,161,158,0.9813664596273292,3
YBR029C,YBR029C,adjacent enzyme,string12_0_fusion,1,4,1,0,3,3,1.0,4
YBR029C,YBR029C,adjacent enzyme,string12_0_fusion,2,120,27,0,58,58,1.0,4
YBR029C,YBR029C,adjacent enzyme,string12_0_fusion,3,919,286,2,633,613,0.9684044233807267,4
YBR041W,YBR041W,adjacent enzyme,string12_0_fusion,1,5,3,0,5,5,1.0,5
YBR041W,YBR041W,adjacent enzyme,string12_0_fusion,2,37,14,0,28,28,1.0,5
YBR041W,YBR041W,adjacent enzyme,string12_0_fusion,3,300,108,0,276,276,1.0,5
YBR042C,YBR042C,adjacent enzyme,string12_0_fusion,1,2,0,0,0,0,,2
YBR042C,YBR042C,adjacent enzyme,string12_0_fusion,2,16,1,0,2,2,1.0,2
YBR042C,YBR042C,adjacent enzyme,string12_0_fusion,3,138,20,0,49,49,1.0,2
YBR159W,YBR159W,adjacent enzyme,string12_0_fusion,1,3,1,0,16,16,1.0,3
YBR159W,YBR159W,adjacent enzyme,string12_0_fusion,2,45,14,0,52,52,1.0,3
YBR159W,YBR159W,adjacent enzyme,string12_0_fusion,3,386,114,0,270,270,1.0,3
YBR204C,YBR204C,adjacent enzyme,string12_0_fusion,1,0,0,0,0,0,,0
YBR204C,YBR204C,adjacent enzyme,string12_0_fusion,2,0,0,0,0,0,,0
YBR204C,YBR204C,adjacent enzyme,string12_0_fusion,3,0,0,0,0,0,,0
YBR208C,YBR208C,adjacent enzyme,string12_0_fusion,1,8,4,0,5,5,1.0,8
YBR208C,YBR208C,adjacent enzyme,string12_0_fusion,2,68,27,2,31,28,0.9032258064516129,8
YBR208C,YBR208C,adjacent enzyme,string12_0_fusion,3,579,198,4,529,508,0.9603024574669187,8
YBR218C,YBR218C,adjacent enzyme,string12_0_fusion,1,6,4,0,7,7,1.0,6
YBR218C,YBR218C,adjacent enzyme,string12_0_fusion,2,101,43,0,82,82,1.0,6
YBR218C,YBR218C,adjacent enzyme,string12_0_fusion,3,678,251,1,607,605,0.9967051070840197,6
YCR048W,YCR048W,adjacent enzyme,string12_0_fusion,1,3,1,0,1,1,1.0,3
YCR048W,YCR048W,adjacent enzyme,string12_0_fusion,2,41,9,0,46,46,1.0,3
YCR048W,YCR048W,adjacent enzyme,string12_0_fusion,3,358,74,0,214,214,1.0,3
YCR068W,YCR068W,adjacent enzyme,string12_0_fusion,1,6,1,0,2,2,1.0,6
YCR068W,YCR068W,adjacent enzyme,string12_0_fusion,2,80,13,0,28,28,1.0,6
YCR068W,YCR068W,adjacent enzyme,string12_0_fusion,3,673,190,3,496,481,0.969758064516129,6
YDL015C,YDL015C,adjacent enzyme,string12_0_fusion,1,1,0,0,0,0,,1
YDL015C,YDL015C,adjacent enzyme,string12_0_fusion,2,5,1,0,1,1,1.0,1
YDL015C,YDL015C,adjacent enzyme,string12_0_fusion,3,20,8,1,20,12,0.6,1
YDL040C,YDL040C,adjacent enzyme,string12_0_fusion,1,2,0,0,0,0,,2
YDL040C,YDL040C,adjacent enzyme,string12_0_fusion,2,62,6,0,30,30,1.0,2
YDL040C,YDL040C,adjacent enzyme,string12_0_fusion,3,551,167,3,396,374,0.9444444444444444,2
YDL141W,YDL141W,adjacent enzyme,string12_0_fusion,1,4,2,0,2,2,1.0,4
YDL141W,YDL141W,adjacent enzyme,string12_0_fusion,2,30,14,0,24,24,1.0,4
YDL141W,YDL141W,adjacent enzyme,string12_0_fusion,3,206,99,1,255,247,0.9686274509803922,4
YDR071C,YDR071C,adjacent enzyme,string12_0_fusion,1,0,0,0,0,0,,0
YDR071C,YDR071C,adjacent enzyme,string12_0_fusion,2,0,0,0,0,0,,0
YDR071C,YDR071C,adjacent enzyme,string12_0_fusion,3,0,0,0,0,0,,0
YDR256C,YDR256C,adjacent enzyme,string12_0_fusion,1,5,1,0,1,1,1.0,5
YDR256C,YDR256C,adjacent enzyme,string12_0_fusion,2,47,30,0,65,65,1.0,5
YDR256C,YDR256C,adjacent enzyme,string12_0_fusion,3,361,173,1,442,440,0.995475113122172,5
YEL066W,YEL066W,adjacent enzyme,string12_0_fusion,1,1,0,0,0,0,,1
YEL066W,YEL066W,adjacent enzyme,string12_0_fusion,2,1,0,0,0,0,,1
YEL066W,YEL066W,adjacent enzyme,string12_0_fusion,3,1,0,0,0,0,,1
YER024W,YER024W,adjacent enzyme,string12_0_fusion,1,2,2,0,2,2,1.0,2
YER024W,YER024W,adjacent enzyme,string12_0_fusion,2,46,19,0,26,26,1.0,2
YER024W,YER024W,adjacent enzyme,string12_0_fusion,3,318,114,4,274,257,0.9379562043795621,2
YFL017C,YFL017C,adjacent enzyme,string12_0_fusion,1,2,1,0,2,2,1.0,2
YFL017C,YFL017C,adjacent enzyme,string12_0_fusion,2,21,14,0,18,18,1.0,2
YFL017C,YFL017C,adjacent enzyme,string12_0_fusion,3,217,80,1,185,183,0.9891891891891892,2
YGL062W,YGL062W,adjacent enzyme,string12_0_fusion,1,6,5,0,43,43,1.0,6
YGL062W,YGL062W,adjacent enzyme,string12_0_fusion,2,72,42,0,109,109,1.0,6
YGL062W,YGL062W,adjacent enzyme,string12_0_fusion,3,466,209,1,470,468,0.9957446808510638,6
YGL169W,YGL169W,adjacent enzyme,string12_0_fusion,1,18,4,0,5,5,1.0,18
YGL169W,YGL169W,adjacent enzyme,string12_0_fusion,2,206,58,0,89,89,1.0,18
YGL169W,YGL169W,adjacent enzyme,string12_0_fusion,3,1185,392,4,814,775,0.952088452088452,18
YGR015C,YGR015C,adjacent enzyme,string12_0_fusion,1,0,0,0,0,0,,0
YGR015C,YGR015C,adjacent enzyme,string12_0_fusion,2,0,0,0,0,0,,0
YGR015C,YGR015C,adjacent enzyme,string12_0_fusion,3,0,0,0,0,0,,0
YGR177C,YGR177C,adjacent enzyme,string12_0_fusion,1,0,0,0,0,0,,0
YGR177C,YGR177C,adjacent enzyme,string12_0_fusion,2,0,0,0,0,0,,0
YGR177C,YGR177C,adjacent enzyme,string12_0_fusion,3,0,0,0,0,0,,0
YGR209C,YGR209C,adjacent enzyme,string12_0_fusion,1,2,0,0,0,0,,2
YGR209C,YGR209C,adjacent enzyme,string12_0_fusion,2,17,3,1,8,6,0.75,2
YGR209C,YGR209C,adjacent enzyme,string12_0_fusion,3,135,37,5,121,89,0.7355371900826446,2
YHR013C,YHR013C,adjacent enzyme,string12_0_fusion,1,3,3,0,3,3,1.0,3
YHR013C,YHR013C,adjacent enzyme,string12_0_fusion,2,26,12,0,27,27,1.0,3
YHR013C,YHR013C,adjacent enzyme,string12_0_fusion,3,169,71,1,210,192,0.9142857142857143,3
YIL124W,YIL124W,adjacent enzyme,string12_0_fusion,1,3,2,0,3,3,1.0,3
YIL124W,YIL124W,adjacent enzyme,string12_0_fusion,2,38,22,0,28,28,1.0,3
YIL124W,YIL124W,adjacent enzyme,string12_0_fusion,3,306,122,3,437,422,0.965675057208238,3
YIL160C,YIL160C,adjacent enzyme,string12_0_fusion,1,13,4,0,9,9,1.0,13
YIL160C,YIL160C,adjacent enzyme,string12_0_fusion,2,130,42,0,80,80,1.0,13
YIL160C,YIL160C,adjacent enzyme,string12_0_fusion,3,864,291,2,558,545,0.9767025089605734,13
YIR031C,YIR031C,adjacent enzyme,string12_0_fusion,1,5,3,0,3,3,1.0,5
YIR031C,YIR031C,adjacent enzyme,string12_0_fusion,2,57,25,0,40,40,1.0,5
YIR031C,YIR031C,adjacent enzyme,string12_0_fusion,3,483,166,0,356,352,0.9887640449438202,5
YJL130C,YJL130C,adjacent enzyme,string12_0_fusion,1,6,6,0,21,21,1.0,6
YJL130C,YJL130C,adjacent enzyme,string12_0_fusion,2,46,29,0,51,51,1.0,6
YJL130C,YJL130C,adjacent enzyme,string12_0_fusion,3,321,146,4,273,252,0.9230769230769231,6
YJR019C,YJR019C,adjacent enzyme,string12_0_fusion,1,0,0,0,0,0,,0
YJR019C,YJR019C,adjacent enzyme,string12_0_fusion,2,0,0,0,0,0,,0
YJR019C,YJR019C,adjacent enzyme,string12_0_fusion,3,0,0,0,0,0,,0
YJR109C,YJR109C,adjacent enzyme,string12_0_fusion,1,8,7,0,10,10,1.0,8
YJR109C,YJR109C,adjacent enzyme,string12_0_fusion,2,51,32,0,45,45,1.0,8
YJR109C,YJR109C,adjacent enzyme,string12_0_fusion,3,394,143,0,252,252,1.0,8
YKL094W,YKL094W,adjacent enzyme,string12_0_fusion,1,0,0,0,0,0,,0
YKL094W,YKL094W,adjacent enzyme,string12_0_fusion,2,0,0,0,0,0,,0
YKL094W,YKL094W,adjacent enzyme,string12_0_fusion,3,0,0,0,0,0,,0
YKL140W,YKL140W,adjacent enzyme,string12_0_fusion,1,11,0,0,0,0,,11
YKL140W,YKL140W,adjacent enzyme,string12_0_fusion,2,184,36,0,107,107,1.0,11
YKL140W,YKL140W,adjacent enzyme,string12_0_fusion,3,1193,380,6,845,802,0.9491124260355029,11
YKL188C,YKL188C,adjacent enzyme,string12_0_fusion,1,3,2,0,3,3,1.0,3
YKL188C,YKL188C,adjacent enzyme,string12_0_fusion,2,23,15,0,34,34,1.0,3
YKL188C,YKL188C,adjacent enzyme,string12_0_fusion,3,229,120,1,223,220,0.9865470852017937,3
YKR009C,YKR009C,adjacent enzyme,string12_0_fusion,1,2,0,0,0,0,,2
YKR009C,YKR009C,adjacent enzyme,string12_0_fusion,2,9,2,0,3,3,1.0,2
YKR009C,YKR009C,adjacent enzyme,string12_0_fusion,3,45,11,1,16,14,0.875,2
YKR067W,YKR067W,adjacent enzyme,string12_0_fusion,1,4,3,0,21,21,1.0,4
YKR067W,YKR067W,adjacent enzyme,string12_0_fusion,2,71,29,0,70,70,1.0,4
YKR067W,YKR067W,adjacent enzyme,string12_0_fusion,3,436,184,2,379,376,0.9920844327176781,4
YKR089C,YKR089C,adjacent enzyme,string12_0_fusion,1,0,0,0,0,0,,0
YKR089C,YKR089C,adjacent enzyme,string12_0_fusion,2,0,0,0,0,0,,0
YKR089C,YKR089C,adjacent enzyme,string12_0_fusion,3,0,0,0,0,0,,0
YLL012W,YLL012W,adjacent enzyme,string12_0_fusion,1,3,0,0,0,0,,3
YLL012W,YLL012W,adjacent enzyme,string12_0_fusion,2,77,16,0,26,26,1.0,3
YLL012W,YLL012W,adjacent enzyme,string12_0_fusion,3,669,186,3,362,359,0.9917127071823204,3
YLR043C,YLR043C,adjacent enzyme,string12_0_fusion,1,1,0,0,0,0,,1
YLR043C,YLR043C,adjacent enzyme,string12_0_fusion,2,12,3,1,12,10,0.8333333333333334,1
YLR043C,YLR043C,adjacent enzyme,string12_0_fusion,3,96,26,5,102,70,0.6862745098039216,1
YLR109W,YLR109W,adjacent enzyme,string12_0_fusion,1,0,0,0,0,0,,0
YLR109W,YLR109W,adjacent enzyme,string12_0_fusion,2,0,0,0,0,0,,0
YLR109W,YLR109W,adjacent enzyme,string12_0_fusion,3,0,0,0,0,0,,0
YLR153C,YLR153C,adjacent enzyme,string12_0_fusion,1,10,6,0,9,9,1.0,10
YLR153C,YLR153C,adjacent enzyme,string12_0_fusion,2,109,57,4,119,93,0.7815126050420168,10
YLR153C,YLR153C,adjacent enzyme,string12_0_fusion,3,812,297,5,789,761,0.9645120405576679,10
YLR284C,YLR284C,adjacent enzyme,string12_0_fusion,1,6,6,0,14,14,1.0,6
YLR284C,YLR284C,adjacent enzyme,string12_0_fusion,2,82,50,0,110,110,1.0,6
YLR284C,YLR284C,adjacent enzyme,string12_0_fusion,3,568,241,2,569,555,0.9753954305799648,6
YML059C,YML059C,adjacent enzyme,string12_0_fusion,1,4,2,0,9,9,1.0,4
YML059C,YML059C,adjacent enzyme,string12_0_fusion,2,31,10,0,31,31,1.0,4
YML059C,YML059C,adjacent enzyme,string12_0_fusion,3,287,68,0,155,155,1.0,4
YMR165C,YMR165C,adjacent enzyme,string12_0_fusion,1,2,0,0,0,0,,2
YMR165C,YMR165C,adjacent enzyme,string12_0_fusion,2,17,3,0,11,11,1.0,2
YMR165C,YMR165C,adjacent enzyme,string12_0_fusion,3,131,42,0,98,98,1.0,2
YMR313C,YMR313C,adjacent enzyme,string12_0_fusion,1,2,1,0,1,1,1.0,2
YMR313C,YMR313C,adjacent enzyme,string12_0_fusion,2,32,17,0,66,62,0.9393939393939394,2
YMR313C,YMR313C,adjacent enzyme,string12_0_fusion,3,238,93,0,155,151,0.9741935483870968,2
YNL036W,YNL036W,adjacent enzyme,string12_0_fusion,1,1,1,0,1,1,1.0,1
YNL036W,YNL036W,adjacent enzyme,string12_0_fusion,2,10,7,0,12,12,1.0,1
YNL036W,YNL036W,adjacent enzyme,string12_0_fusion,3,105,52,0,115,114,0.991304347826087,1
YNL104C,YNL104C,adjacent enzyme,string12_0_fusion,1,3,2,0,4,4,1.0,3
YNL104C,YNL104C,adjacent enzyme,string12_0_fusion,2,59,22,0,30,30,1.0,3
YNL104C,YNL104C,adjacent enzyme,string12_0_fusion,3,451,144,1,319,317,0.9937304075235109,3
YNL117W,YNL117W,adjacent enzyme,string12_0_fusion,1,9,4,0,16,16,1.0,9
YNL117W,YNL117W,adjacent enzyme,string12_0_fusion,2,128,47,0,130,130,1.0,9
YNL117W,YNL117W,adjacent enzyme,string12_0_fusion,3,949,320,4,761,732,0.961892247043364,9
YNL277W,YNL277W,adjacent enzyme,string12_0_fusion,1,18,14,0,22,22,1.0,18
YNL277W,YNL277W,adjacent enzyme,string12_0_fusion,2,143,73,0,159,159,1.0,18
YNL277W,YNL277W,adjacent enzyme,string12_0_fusion,3,902,340,3,759,739,0.9736495388669302,18
YNR019W,YNR019W,adjacent enzyme,string12_0_fusion,1,8,2,0,2,2,1.0,8
YNR019W,YNR019W,adjacent enzyme,string12_0_fusion,2,124,33,0,105,105,1.0,8
YNR019W,YNR019W,adjacent enzyme,string12_0_fusion,3,898,278,4,690,661,0.9579710144927536,8
YOR081C,YOR081C,adjacent enzyme,string12_0_fusion,1,2,1,0,1,1,1.0,2
YOR081C,YOR081C,adjacent enzyme,string12_0_fusion,2,21,9,0,59,59,1.0,2
YOR081C,YOR081C,adjacent enzyme,string12_0_fusion,3,155,62,2,162,158,0.9753086419753086,2
YOR108W,YOR108W,adjacent enzyme,string12_0_fusion,1,8,2,0,4,4,1.0,8
YOR108W,YOR108W,adjacent enzyme,string12_0_fusion,2,142,39,0,74,74,1.0,8
YOR108W,YOR108W,adjacent enzyme,string12_0_fusion,3,953,305,3,648,610,0.941358024691358,8
YOR175C,YOR175C,adjacent enzyme,string12_0_fusion,1,5,0,0,0,0,,5
YOR175C,YOR175C,adjacent enzyme,string12_0_fusion,2,49,11,0,22,22,1.0,5
YOR175C,YOR175C,adjacent enzyme,string12_0_fusion,3,529,154,1,428,426,0.9953271028037384,5
YOR245C,YOR245C,adjacent enzyme,string12_0_fusion,1,10,3,1,10,2,0.2,10
YOR245C,YOR245C,adjacent enzyme,string12_0_fusion,2,113,27,1,37,29,0.7837837837837838,10
YOR245C,YOR245C,adjacent enzyme,string12_0_fusion,3,800,236,2,545,525,0.963302752293578,10
YOR253W,YOR253W,adjacent enzyme,string12_0_fusion,1,0,0,0,0,0,,0
YOR253W,YOR253W,adjacent enzyme,string12_0_fusion,2,0,0,0,0,0,,0
YOR253W,YOR253W,adjacent enzyme,string12_0_fusion,3,0,0,0,0,0,,0
YOR303W,YOR303W,adjacent enzyme,string12_0_fusion,1,8,4,0,7,7,1.0,8
YOR303W,YOR303W,adjacent enzyme,string12_0_fusion,2,77,25,0,47,47,1.0,8
YOR303W,YOR303W,adjacent enzyme,string12_0_fusion,3,527,187,0,390,390,1.0,8
YOR311C,YOR311C,adjacent enzyme,string12_0_fusion,1,3,0,0,0,0,,3
YOR311C,YOR311C,adjacent enzyme,string12_0_fusion,2,16,3,0,7,7,1.0,3
YOR311C,YOR311C,adjacent enzyme,string12_0_fusion,3,160,36,0,113,113,1.0,3
YOR377W,YOR377W,adjacent enzyme,string12_0_fusion,1,0,0,0,0,0,,0
YOR377W,YOR377W,adjacent enzyme,string12_0_fusion,2,0,0,0,0,0,,0
YOR377W,YOR377W,adjacent enzyme,string12_0_fusion,3,0,0,0,0,0,,0
YPL028W,YPL028W,adjacent enzyme,string12_0_fusion,1,11,4,0,4,4,1.0,11
YPL028W,YPL028W,adjacent enzyme,string12_0_fusion,2,79,37,0,87,87,1.0,11
YPL028W,YPL028W,adjacent enzyme,string12_0_fusion,3,559,219,1,393,388,0.9872773536895675,11
YPL147W,YPL147W,adjacent enzyme,string12_0_fusion,1,4,3,0,4,4,1.0,4
YPL147W,YPL147W,adjacent enzyme,string12_0_fusion,2,19,9,0,29,29,1.0,4
YPL147W,YPL147W,adjacent enzyme,string12_0_fusion,3,150,62,0,138,138,1.0,4
YPR193C,YPR193C,adjacent enzyme,string12_0_fusion,1,0,0,0,0,0,,0
YPR193C,YPR193C,adjacent enzyme,string12_0_fusion,2,0,0,0,0,0,,0
YPR193C,YPR193C,adjacent enzyme,string12_0_fusion,3,0,0,0,0,0,,0
FKH1,YIL131C,regulator,string12_0_cooccurence,1,8,0,0,0,0,,8
FKH1,YIL131C,regulator,string12_0_cooccurence,2,29,5,0,1,1,1.0,8
FKH1,YIL131C,regulator,string12_0_cooccurence,3,56,6,0,2,2,1.0,8
GCN5,YGR252W,regulator,string12_0_cooccurence,1,0,0,0,0,0,,0
GCN5,YGR252W,regulator,string12_0_cooccurence,2,0,0,0,0,0,,0
GCN5,YGR252W,regulator,string12_0_cooccurence,3,0,0,0,0,0,,0
MED4,YOR174W,regulator,string12_0_cooccurence,1,3,1,0,16,16,1.0,3
MED4,YOR174W,regulator,string12_0_cooccurence,2,21,2,0,22,22,1.0,3
MED4,YOR174W,regulator,string12_0_cooccurence,3,157,12,0,111,111,1.0,3
OPI1,YHL020C,regulator,string12_0_cooccurence,1,0,0,0,0,0,,0
OPI1,YHL020C,regulator,string12_0_cooccurence,2,0,0,0,0,0,,0
OPI1,YHL020C,regulator,string12_0_cooccurence,3,0,0,0,0,0,,0
RFX1,YLR176C,regulator,string12_0_cooccurence,1,0,0,0,0,0,,0
RFX1,YLR176C,regulator,string12_0_cooccurence,2,0,0,0,0,0,,0
RFX1,YLR176C,regulator,string12_0_cooccurence,3,0,0,0,0,0,,0
RGR1,YLR071C,regulator,string12_0_cooccurence,1,0,0,0,0,0,,0
RGR1,YLR071C,regulator,string12_0_cooccurence,2,0,0,0,0,0,,0
RGR1,YLR071C,regulator,string12_0_cooccurence,3,0,0,0,0,0,,0
RPD3,YNL330C,regulator,string12_0_cooccurence,1,3,0,0,0,0,,3
RPD3,YNL330C,regulator,string12_0_cooccurence,2,4,0,0,0,0,,3
RPD3,YNL330C,regulator,string12_0_cooccurence,3,4,0,0,0,0,,3
SPT3,YDR392W,regulator,string12_0_cooccurence,1,1,0,0,0,0,,1
SPT3,YDR392W,regulator,string12_0_cooccurence,2,7,1,0,1,1,1.0,1
SPT3,YDR392W,regulator,string12_0_cooccurence,3,23,4,0,2,2,1.0,1
TFC7,YOR110W,regulator,string12_0_cooccurence,1,0,0,0,0,0,,0
TFC7,YOR110W,regulator,string12_0_cooccurence,2,0,0,0,0,0,,0
TFC7,YOR110W,regulator,string12_0_cooccurence,3,0,0,0,0,0,,0
YAP6,YDR259C,regulator,string12_0_cooccurence,1,0,0,0,0,0,,0
YAP6,YDR259C,regulator,string12_0_cooccurence,2,0,0,0,0,0,,0
YAP6,YDR259C,regulator,string12_0_cooccurence,3,0,0,0,0,0,,0
ACC1,YNR016C,pathway enzyme,string12_0_cooccurence,1,1,1,0,1,1,1.0,1
ACC1,YNR016C,pathway enzyme,string12_0_cooccurence,2,1,1,0,1,1,1.0,1
ACC1,YNR016C,pathway enzyme,string12_0_cooccurence,3,1,1,0,1,1,1.0,1
FAS1,YKL182W,pathway enzyme,string12_0_cooccurence,1,1,1,1,2,0,0.0,1
FAS1,YKL182W,pathway enzyme,string12_0_cooccurence,2,1,1,1,2,0,0.0,1
FAS1,YKL182W,pathway enzyme,string12_0_cooccurence,3,1,1,1,2,0,0.0,1
FAS2,YPL231W,pathway enzyme,string12_0_cooccurence,1,1,1,1,2,0,0.0,1
FAS2,YPL231W,pathway enzyme,string12_0_cooccurence,2,1,1,1,2,0,0.0,1
FAS2,YPL231W,pathway enzyme,string12_0_cooccurence,3,1,1,1,2,0,0.0,1
ELO1,YJL196C,pathway enzyme,string12_0_cooccurence,1,3,3,2,13,8,0.6153846153846154,3
ELO1,YJL196C,pathway enzyme,string12_0_cooccurence,2,8,4,2,17,12,0.7058823529411765,3
ELO1,YJL196C,pathway enzyme,string12_0_cooccurence,3,33,6,2,18,13,0.7222222222222222,3
ELO2,YCR034W,pathway enzyme,string12_0_cooccurence,1,3,3,2,10,4,0.4,3
ELO2,YCR034W,pathway enzyme,string12_0_cooccurence,2,14,5,2,18,12,0.6666666666666666,3
ELO2,YCR034W,pathway enzyme,string12_0_cooccurence,3,106,12,2,70,64,0.9142857142857143,3
ELO3,YLR372W,pathway enzyme,string12_0_cooccurence,1,2,2,2,6,0,0.0,2
ELO3,YLR372W,pathway enzyme,string12_0_cooccurence,2,4,4,2,18,12,0.6666666666666666,2
ELO3,YLR372W,pathway enzyme,string12_0_cooccurence,3,18,5,2,18,12,0.6666666666666666,2
OLE1,YGL055W,pathway enzyme,string12_0_cooccurence,1,0,0,0,0,0,,0
OLE1,YGL055W,pathway enzyme,string12_0_cooccurence,2,0,0,0,0,0,,0
OLE1,YGL055W,pathway enzyme,string12_0_cooccurence,3,0,0,0,0,0,,0
FAA1,YOR317W,pathway enzyme,string12_0_cooccurence,1,3,3,3,24,0,0.0,3
FAA1,YOR317W,pathway enzyme,string12_0_cooccurence,2,3,3,3,24,0,0.0,3
FAA1,YOR317W,pathway enzyme,string12_0_cooccurence,3,3,3,3,24,0,0.0,3
FAA2,YER015W,pathway enzyme,string12_0_cooccurence,1,3,3,3,18,0,0.0,3
FAA2,YER015W,pathway enzyme,string12_0_cooccurence,2,3,3,3,18,0,0.0,3
FAA2,YER015W,pathway enzyme,string12_0_cooccurence,3,3,3,3,18,0,0.0,3
FAA3,YIL009W,pathway enzyme,string12_0_cooccurence,1,3,3,3,22,0,0.0,3
FAA3,YIL009W,pathway enzyme,string12_0_cooccurence,2,3,3,3,22,0,0.0,3
FAA3,YIL009W,pathway enzyme,string12_0_cooccurence,3,3,3,3,22,0,0.0,3
FAA4,YMR246W,pathway enzyme,string12_0_cooccurence,1,3,3,3,26,0,0.0,3
FAA4,YMR246W,pathway enzyme,string12_0_cooccurence,2,3,3,3,26,0,0.0,3
FAA4,YMR246W,pathway enzyme,string12_0_cooccurence,3,3,3,3,26,0,0.0,3
POX1,YGL205W,pathway enzyme,string12_0_cooccurence,1,0,0,0,0,0,,0
POX1,YGL205W,pathway enzyme,string12_0_cooccurence,2,0,0,0,0,0,,0
POX1,YGL205W,pathway enzyme,string12_0_cooccurence,3,0,0,0,0,0,,0
SLC1,YDL052C,pathway enzyme,string12_0_cooccurence,1,0,0,0,0,0,,0
SLC1,YDL052C,pathway enzyme,string12_0_cooccurence,2,0,0,0,0,0,,0
SLC1,YDL052C,pathway enzyme,string12_0_cooccurence,3,0,0,0,0,0,,0
YAL054C,YAL054C,adjacent enzyme,string12_0_cooccurence,1,1,1,0,2,2,1.0,1
YAL054C,YAL054C,adjacent enzyme,string12_0_cooccurence,2,1,1,0,2,2,1.0,1
YAL054C,YAL054C,adjacent enzyme,string12_0_cooccurence,3,1,1,0,2,2,1.0,1
YAR035W,YAR035W,adjacent enzyme,string12_0_cooccurence,1,4,4,0,7,7,1.0,4
YAR035W,YAR035W,adjacent enzyme,string12_0_cooccurence,2,6,5,0,10,10,1.0,4
YAR035W,YAR035W,adjacent enzyme,string12_0_cooccurence,3,14,5,0,10,10,1.0,4
YBL011W,YBL011W,adjacent enzyme,string12_0_cooccurence,1,1,1,0,16,16,1.0,1
YBL011W,YBL011W,adjacent enzyme,string12_0_cooccurence,2,1,1,0,16,16,1.0,1
YBL011W,YBL011W,adjacent enzyme,string12_0_cooccurence,3,1,1,0,16,16,1.0,1
YBR029C,YBR029C,adjacent enzyme,string12_0_cooccurence,1,0,0,0,0,0,,0
YBR029C,YBR029C,adjacent enzyme,string12_0_cooccurence,2,0,0,0,0,0,,0
YBR029C,YBR029C,adjacent enzyme,string12_0_cooccurence,3,0,0,0,0,0,,0
YBR041W,YBR041W,adjacent enzyme,string12_0_cooccurence,1,0,0,0,0,0,,0
YBR041W,YBR041W,adjacent enzyme,string12_0_cooccurence,2,0,0,0,0,0,,0
YBR041W,YBR041W,adjacent enzyme,string12_0_cooccurence,3,0,0,0,0,0,,0
YBR042C,YBR042C,adjacent enzyme,string12_0_cooccurence,1,1,0,0,0,0,,1
YBR042C,YBR042C,adjacent enzyme,string12_0_cooccurence,2,1,0,0,0,0,,1
YBR042C,YBR042C,adjacent enzyme,string12_0_cooccurence,3,1,0,0,0,0,,1
YBR159W,YBR159W,adjacent enzyme,string12_0_cooccurence,1,1,1,0,1,1,1.0,1
YBR159W,YBR159W,adjacent enzyme,string12_0_cooccurence,2,5,3,0,12,12,1.0,1
YBR159W,YBR159W,adjacent enzyme,string12_0_cooccurence,3,9,6,0,19,19,1.0,1
YBR204C,YBR204C,adjacent enzyme,string12_0_cooccurence,1,0,0,0,0,0,,0
YBR204C,YBR204C,adjacent enzyme,string12_0_cooccurence,2,0,0,0,0,0,,0
YBR204C,YBR204C,adjacent enzyme,string12_0_cooccurence,3,0,0,0,0,0,,0
YBR208C,YBR208C,adjacent enzyme,string12_0_cooccurence,1,0,0,0,0,0,,0
YBR208C,YBR208C,adjacent enzyme,string12_0_cooccurence,2,0,0,0,0,0,,0
YBR208C,YBR208C,adjacent enzyme,string12_0_cooccurence,3,0,0,0,0,0,,0
YBR218C,YBR218C,adjacent enzyme,string12_0_cooccurence,1,1,1,0,1,1,1.0,1
YBR218C,YBR218C,adjacent enzyme,string12_0_cooccurence,2,1,1,0,1,1,1.0,1
YBR218C,YBR218C,adjacent enzyme,string12_0_cooccurence,3,1,1,0,1,1,1.0,1
YCR048W,YCR048W,adjacent enzyme,string12_0_cooccurence,1,1,1,0,34,34,1.0,1
YCR048W,YCR048W,adjacent enzyme,string12_0_cooccurence,2,1,1,0,34,34,1.0,1
YCR048W,YCR048W,adjacent enzyme,string12_0_cooccurence,3,1,1,0,34,34,1.0,1
YCR068W,YCR068W,adjacent enzyme,string12_0_cooccurence,1,5,0,0,0,0,,5
YCR068W,YCR068W,adjacent enzyme,string12_0_cooccurence,2,15,2,0,81,81,1.0,5
YCR068W,YCR068W,adjacent enzyme,string12_0_cooccurence,3,46,9,0,230,230,1.0,5
YDL015C,YDL015C,adjacent enzyme,string12_0_cooccurence,1,0,0,0,0,0,,0
YDL015C,YDL015C,adjacent enzyme,string12_0_cooccurence,2,0,0,0,0,0,,0
YDL015C,YDL015C,adjacent enzyme,string12_0_cooccurence,3,0,0,0,0,0,,0
YDL040C,YDL040C,adjacent enzyme,string12_0_cooccurence,1,1,0,0,0,0,,1
YDL040C,YDL040C,adjacent enzyme,string12_0_cooccurence,2,1,0,0,0,0,,1
YDL040C,YDL040C,adjacent enzyme,string12_0_cooccurence,3,1,0,0,0,0,,1
YDL141W,YDL141W,adjacent enzyme,string12_0_cooccurence,1,0,0,0,0,0,,0
YDL141W,YDL141W,adjacent enzyme,string12_0_cooccurence,2,0,0,0,0,0,,0
YDL141W,YDL141W,adjacent enzyme,string12_0_cooccurence,3,0,0,0,0,0,,0
YDR071C,YDR071C,adjacent enzyme,string12_0_cooccurence,1,0,0,0,0,0,,0
YDR071C,YDR071C,adjacent enzyme,string12_0_cooccurence,2,0,0,0,0,0,,0
YDR071C,YDR071C,adjacent enzyme,string12_0_cooccurence,3,0,0,0,0,0,,0
YDR256C,YDR256C,adjacent enzyme,string12_0_cooccurence,1,1,1,0,1,1,1.0,1
YDR256C,YDR256C,adjacent enzyme,string12_0_cooccurence,2,1,1,0,1,1,1.0,1
YDR256C,YDR256C,adjacent enzyme,string12_0_cooccurence,3,1,1,0,1,1,1.0,1
YEL066W,YEL066W,adjacent enzyme,string12_0_cooccurence,1,2,1,0,1,1,1.0,2
YEL066W,YEL066W,adjacent enzyme,string12_0_cooccurence,2,2,1,0,1,1,1.0,2
YEL066W,YEL066W,adjacent enzyme,string12_0_cooccurence,3,2,1,0,1,1,1.0,2
YER024W,YER024W,adjacent enzyme,string12_0_cooccurence,1,5,4,0,7,7,1.0,5
YER024W,YER024W,adjacent enzyme,string12_0_cooccurence,2,13,5,0,10,10,1.0,5
YER024W,YER024W,adjacent enzyme,string12_0_cooccurence,3,27,8,0,13,13,1.0,5
YFL017C,YFL017C,adjacent enzyme,string12_0_cooccurence,1,0,0,0,0,0,,0
YFL017C,YFL017C,adjacent enzyme,string12_0_cooccurence,2,0,0,0,0,0,,0
YFL017C,YFL017C,adjacent enzyme,string12_0_cooccurence,3,0,0,0,0,0,,0
YGL062W,YGL062W,adjacent enzyme,string12_0_cooccurence,1,1,1,0,1,1,1.0,1
YGL062W,YGL062W,adjacent enzyme,string12_0_cooccurence,2,1,1,0,1,1,1.0,1
YGL062W,YGL062W,adjacent enzyme,string12_0_cooccurence,3,1,1,0,1,1,1.0,1
YGL169W,YGL169W,adjacent enzyme,string12_0_cooccurence,1,0,0,0,0,0,,0
YGL169W,YGL169W,adjacent enzyme,string12_0_cooccurence,2,0,0,0,0,0,,0
YGL169W,YGL169W,adjacent enzyme,string12_0_cooccurence,3,0,0,0,0,0,,0
YGR015C,YGR015C,adjacent enzyme,string12_0_cooccurence,1,1,0,0,0,0,,1
YGR015C,YGR015C,adjacent enzyme,string12_0_cooccurence,2,1,0,0,0,0,,1
YGR015C,YGR015C,adjacent enzyme,string12_0_cooccurence,3,1,0,0,0,0,,1
YGR177C,YGR177C,adjacent enzyme,string12_0_cooccurence,1,0,0,0,0,0,,0
YGR177C,YGR177C,adjacent enzyme,string12_0_cooccurence,2,0,0,0,0,0,,0
YGR177C,YGR177C,adjacent enzyme,string12_0_cooccurence,3,0,0,0,0,0,,0
YGR209C,YGR209C,adjacent enzyme,string12_0_cooccurence,1,2,2,0,7,7,1.0,2
YGR209C,YGR209C,adjacent enzyme,string12_0_cooccurence,2,3,2,0,7,7,1.0,2
YGR209C,YGR209C,adjacent enzyme,string12_0_cooccurence,3,3,2,0,7,7,1.0,2
YHR013C,YHR013C,adjacent enzyme,string12_0_cooccurence,1,0,0,0,0,0,,0
YHR013C,YHR013C,adjacent enzyme,string12_0_cooccurence,2,0,0,0,0,0,,0
YHR013C,YHR013C,adjacent enzyme,string12_0_cooccurence,3,0,0,0,0,0,,0
YIL124W,YIL124W,adjacent enzyme,string12_0_cooccurence,1,6,3,0,6,6,1.0,6
YIL124W,YIL124W,adjacent enzyme,string12_0_cooccurence,2,9,6,0,18,18,1.0,6
YIL124W,YIL124W,adjacent enzyme,string12_0_cooccurence,3,10,7,0,54,54,1.0,6
YIL160C,YIL160C,adjacent enzyme,string12_0_cooccurence,1,1,1,0,2,2,1.0,1
YIL160C,YIL160C,adjacent enzyme,string12_0_cooccurence,2,1,1,0,2,2,1.0,1
YIL160C,YIL160C,adjacent enzyme,string12_0_cooccurence,3,1,1,0,2,2,1.0,1
YIR031C,YIR031C,adjacent enzyme,string12_0_cooccurence,1,1,1,0,2,2,1.0,1
YIR031C,YIR031C,adjacent enzyme,string12_0_cooccurence,2,1,1,0,2,2,1.0,1
YIR031C,YIR031C,adjacent enzyme,string12_0_cooccurence,3,1,1,0,2,2,1.0,1
YJL130C,YJL130C,adjacent enzyme,string12_0_cooccurence,1,2,2,0,1,1,1.0,2
YJL130C,YJL130C,adjacent enzyme,string12_0_cooccurence,2,2,2,0,1,1,1.0,2
YJL130C,YJL130C,adjacent enzyme,string12_0_cooccurence,3,2,2,0,1,1,1.0,2
YJR019C,YJR019C,adjacent enzyme,string12_0_cooccurence,1,0,0,0,0,0,,0
YJR019C,YJR019C,adjacent enzyme,string12_0_cooccurence,2,0,0,0,0,0,,0
YJR019C,YJR019C,adjacent enzyme,string12_0_cooccurence,3,0,0,0,0,0,,0
YJR109C,YJR109C,adjacent enzyme,string12_0_cooccurence,1,2,2,0,2,2,1.0,2
YJR109C,YJR109C,adjacent enzyme,string12_0_cooccurence,2,2,2,0,2,2,1.0,2
YJR109C,YJR109C,adjacent enzyme,string12_0_cooccurence,3,2,2,0,2,2,1.0,2
YKL094W,YKL094W,adjacent enzyme,string12_0_cooccurence,1,0,0,0,0,0,,0
YKL094W,YKL094W,adjacent enzyme,string12_0_cooccurence,2,0,0,0,0,0,,0
YKL094W,YKL094W,adjacent enzyme,string12_0_cooccurence,3,0,0,0,0,0,,0
YKL140W,YKL140W,adjacent enzyme,string12_0_cooccurence,1,0,0,0,0,0,,0
YKL140W,YKL140W,adjacent enzyme,string12_0_cooccurence,2,0,0,0,0,0,,0
YKL140W,YKL140W,adjacent enzyme,string12_0_cooccurence,3,0,0,0,0,0,,0
YKL188C,YKL188C,adjacent enzyme,string12_0_cooccurence,1,1,1,0,15,15,1.0,1
YKL188C,YKL188C,adjacent enzyme,string12_0_cooccurence,2,1,1,0,15,15,1.0,1
YKL188C,YKL188C,adjacent enzyme,string12_0_cooccurence,3,1,1,0,15,15,1.0,1
YKR009C,YKR009C,adjacent enzyme,string12_0_cooccurence,1,2,2,0,3,3,1.0,2
YKR009C,YKR009C,adjacent enzyme,string12_0_cooccurence,2,15,5,0,4,4,1.0,2
YKR009C,YKR009C,adjacent enzyme,string12_0_cooccurence,3,44,19,0,25,25,1.0,2
YKR067W,YKR067W,adjacent enzyme,string12_0_cooccurence,1,1,1,0,4,4,1.0,1
YKR067W,YKR067W,adjacent enzyme,string12_0_cooccurence,2,1,1,0,4,4,1.0,1
YKR067W,YKR067W,adjacent enzyme,string12_0_cooccurence,3,1,1,0,4,4,1.0,1
YKR089C,YKR089C,adjacent enzyme,string12_0_cooccurence,1,2,2,0,48,44,0.9166666666666666,2
YKR089C,YKR089C,adjacent enzyme,string12_0_cooccurence,2,2,2,0,48,44,0.9166666666666666,2
YKR089C,YKR089C,adjacent enzyme,string12_0_cooccurence,3,2,2,0,48,44,0.9166666666666666,2
YLL012W,YLL012W,adjacent enzyme,string12_0_cooccurence,1,0,0,0,0,0,,0
YLL012W,YLL012W,adjacent enzyme,string12_0_cooccurence,2,0,0,0,0,0,,0
YLL012W,YLL012W,adjacent enzyme,string12_0_cooccurence,3,0,0,0,0,0,,0
YLR043C,YLR043C,adjacent enzyme,string12_0_cooccurence,1,1,1,0,9,9,1.0,1
YLR043C,YLR043C,adjacent enzyme,string12_0_cooccurence,2,2,2,0,11,11,1.0,1
YLR043C,YLR043C,adjacent enzyme,string12_0_cooccurence,3,3,2,0,11,11,1.0,1
YLR109W,YLR109W,adjacent enzyme,string12_0_cooccurence,1,0,0,0,0,0,,0
YLR109W,YLR109W,adjacent enzyme,string12_0_cooccurence,2,0,0,0,0,0,,0
YLR109W,YLR109W,adjacent enzyme,string12_0_cooccurence,3,0,0,0,0,0,,0
YLR153C,YLR153C,adjacent enzyme,string12_0_cooccurence,1,1,1,0,2,2,1.0,1
YLR153C,YLR153C,adjacent enzyme,string12_0_cooccurence,2,1,1,0,2,2,1.0,1
YLR153C,YLR153C,adjacent enzyme,string12_0_cooccurence,3,1,1,0,2,2,1.0,1
YLR284C,YLR284C,adjacent enzyme,string12_0_cooccurence,1,1,1,0,2,2,1.0,1
YLR284C,YLR284C,adjacent enzyme,string12_0_cooccurence,2,1,1,0,2,2,1.0,1
YLR284C,YLR284C,adjacent enzyme,string12_0_cooccurence,3,1,1,0,2,2,1.0,1
YML059C,YML059C,adjacent enzyme,string12_0_cooccurence,1,1,0,0,0,0,,1
YML059C,YML059C,adjacent enzyme,string12_0_cooccurence,2,4,0,0,0,0,,1
YML059C,YML059C,adjacent enzyme,string12_0_cooccurence,3,12,0,0,0,0,,1
YMR165C,YMR165C,adjacent enzyme,string12_0_cooccurence,1,0,0,0,0,0,,0
YMR165C,YMR165C,adjacent enzyme,string12_0_cooccurence,2,0,0,0,0,0,,0
YMR165C,YMR165C,adjacent enzyme,string12_0_cooccurence,3,0,0,0,0,0,,0
YMR313C,YMR313C,adjacent enzyme,string12_0_cooccurence,1,2,2,0,52,48,0.9230769230769231,2
YMR313C,YMR313C,adjacent enzyme,string12_0_cooccurence,2,2,2,0,52,48,0.9230769230769231,2
YMR313C,YMR313C,adjacent enzyme,string12_0_cooccurence,3,2,2,0,52,48,0.9230769230769231,2
YNL036W,YNL036W,adjacent enzyme,string12_0_cooccurence,1,0,0,0,0,0,,0
YNL036W,YNL036W,adjacent enzyme,string12_0_cooccurence,2,0,0,0,0,0,,0
YNL036W,YNL036W,adjacent enzyme,string12_0_cooccurence,3,0,0,0,0,0,,0
YNL104C,YNL104C,adjacent enzyme,string12_0_cooccurence,1,1,1,0,1,1,1.0,1
YNL104C,YNL104C,adjacent enzyme,string12_0_cooccurence,2,1,1,0,1,1,1.0,1
YNL104C,YNL104C,adjacent enzyme,string12_0_cooccurence,3,1,1,0,1,1,1.0,1
YNL117W,YNL117W,adjacent enzyme,string12_0_cooccurence,1,1,1,0,1,1,1.0,1
YNL117W,YNL117W,adjacent enzyme,string12_0_cooccurence,2,1,1,0,1,1,1.0,1
YNL117W,YNL117W,adjacent enzyme,string12_0_cooccurence,3,1,1,0,1,1,1.0,1
YNL277W,YNL277W,adjacent enzyme,string12_0_cooccurence,1,0,0,0,0,0,,0
YNL277W,YNL277W,adjacent enzyme,string12_0_cooccurence,2,0,0,0,0,0,,0
YNL277W,YNL277W,adjacent enzyme,string12_0_cooccurence,3,0,0,0,0,0,,0
YNR019W,YNR019W,adjacent enzyme,string12_0_cooccurence,1,1,1,0,42,42,1.0,1
YNR019W,YNR019W,adjacent enzyme,string12_0_cooccurence,2,1,1,0,42,42,1.0,1
YNR019W,YNR019W,adjacent enzyme,string12_0_cooccurence,3,1,1,0,42,42,1.0,1
YOR081C,YOR081C,adjacent enzyme,string12_0_cooccurence,1,2,2,0,64,60,0.9375,2
YOR081C,YOR081C,adjacent enzyme,string12_0_cooccurence,2,2,2,0,64,60,0.9375,2
YOR081C,YOR081C,adjacent enzyme,string12_0_cooccurence,3,2,2,0,64,60,0.9375,2
YOR108W,YOR108W,adjacent enzyme,string12_0_cooccurence,1,1,1,0,2,2,1.0,1
YOR108W,YOR108W,adjacent enzyme,string12_0_cooccurence,2,1,1,0,2,2,1.0,1
YOR108W,YOR108W,adjacent enzyme,string12_0_cooccurence,3,1,1,0,2,2,1.0,1
YOR175C,YOR175C,adjacent enzyme,string12_0_cooccurence,1,0,0,0,0,0,,0
YOR175C,YOR175C,adjacent enzyme,string12_0_cooccurence,2,0,0,0,0,0,,0
YOR175C,YOR175C,adjacent enzyme,string12_0_cooccurence,3,0,0,0,0,0,,0
YOR245C,YOR245C,adjacent enzyme,string12_0_cooccurence,1,0,0,0,0,0,,0
YOR245C,YOR245C,adjacent enzyme,string12_0_cooccurence,2,0,0,0,0,0,,0
YOR245C,YOR245C,adjacent enzyme,string12_0_cooccurence,3,0,0,0,0,0,,0
YOR253W,YOR253W,adjacent enzyme,string12_0_cooccurence,1,1,1,0,1,1,1.0,1
YOR253W,YOR253W,adjacent enzyme,string12_0_cooccurence,2,4,1,0,1,1,1.0,1
YOR253W,YOR253W,adjacent enzyme,string12_0_cooccurence,3,7,2,0,3,3,1.0,1
YOR303W,YOR303W,adjacent enzyme,string12_0_cooccurence,1,2,2,0,2,2,1.0,2
YOR303W,YOR303W,adjacent enzyme,string12_0_cooccurence,2,2,2,0,2,2,1.0,2
YOR303W,YOR303W,adjacent enzyme,string12_0_cooccurence,3,2,2,0,2,2,1.0,2
YOR311C,YOR311C,adjacent enzyme,string12_0_cooccurence,1,0,0,0,0,0,,0
YOR311C,YOR311C,adjacent enzyme,string12_0_cooccurence,2,0,0,0,0,0,,0
YOR311C,YOR311C,adjacent enzyme,string12_0_cooccurence,3,0,0,0,0,0,,0
YOR377W,YOR377W,adjacent enzyme,string12_0_cooccurence,1,0,0,0,0,0,,0
YOR377W,YOR377W,adjacent enzyme,string12_0_cooccurence,2,0,0,0,0,0,,0
YOR377W,YOR377W,adjacent enzyme,string12_0_cooccurence,3,0,0,0,0,0,,0
YPL028W,YPL028W,adjacent enzyme,string12_0_cooccurence,1,1,1,0,18,18,1.0,1
YPL028W,YPL028W,adjacent enzyme,string12_0_cooccurence,2,1,1,0,18,18,1.0,1
YPL028W,YPL028W,adjacent enzyme,string12_0_cooccurence,3,1,1,0,18,18,1.0,1
YPL147W,YPL147W,adjacent enzyme,string12_0_cooccurence,1,1,1,0,15,15,1.0,1
YPL147W,YPL147W,adjacent enzyme,string12_0_cooccurence,2,1,1,0,15,15,1.0,1
YPL147W,YPL147W,adjacent enzyme,string12_0_cooccurence,3,1,1,0,15,15,1.0,1
YPR193C,YPR193C,adjacent enzyme,string12_0_cooccurence,1,1,1,0,2,2,1.0,1
YPR193C,YPR193C,adjacent enzyme,string12_0_cooccurence,2,2,1,0,2,2,1.0,1
YPR193C,YPR193C,adjacent enzyme,string12_0_cooccurence,3,2,1,0,2,2,1.0,1
FKH1,YIL131C,regulator,string12_0_coexpression,1,454,36,3,66,42,0.6363636363636364,454
FKH1,YIL131C,regulator,string12_0_coexpression,2,5705,1142,13,2703,2639,0.9763226045135035,454
FKH1,YIL131C,regulator,string12_0_coexpression,3,6432,1154,13,2709,2645,0.976375046142488,454
GCN5,YGR252W,regulator,string12_0_coexpression,1,397,30,0,78,78,1.0,397
GCN5,YGR252W,regulator,string12_0_coexpression,2,5523,1142,13,2706,2642,0.9763488543976349,397
GCN5,YGR252W,regulator,string12_0_coexpression,3,6414,1154,13,2709,2645,0.976375046142488,397
MED4,YOR174W,regulator,string12_0_coexpression,1,71,3,0,19,19,1.0,71
MED4,YOR174W,regulator,string12_0_coexpression,2,4316,862,12,1875,1813,0.9669333333333333,71
MED4,YOR174W,regulator,string12_0_coexpression,3,6333,1154,13,2709,2645,0.976375046142488,71
OPI1,YHL020C,regulator,string12_0_coexpression,1,234,52,7,366,339,0.9262295081967213,234
OPI1,YHL020C,regulator,string12_0_coexpression,2,5567,1145,13,2704,2640,0.9763313609467456,234
OPI1,YHL020C,regulator,string12_0_coexpression,3,6409,1154,13,2709,2645,0.976375046142488,234
RFX1,YLR176C,regulator,string12_0_coexpression,1,120,7,0,92,92,1.0,120
RFX1,YLR176C,regulator,string12_0_coexpression,2,5250,1065,13,2618,2554,0.975553857906799,120
RFX1,YLR176C,regulator,string12_0_coexpression,3,6402,1154,13,2709,2645,0.976375046142488,120
RGR1,YLR071C,regulator,string12_0_coexpression,1,301,17,2,110,108,0.9818181818181818,301
RGR1,YLR071C,regulator,string12_0_coexpression,2,5414,1117,13,2497,2433,0.97436924309171,301
RGR1,YLR071C,regulator,string12_0_coexpression,3,6407,1154,13,2709,2645,0.976375046142488,301
RPD3,YNL330C,regulator,string12_0_coexpression,1,763,96,6,234,206,0.8803418803418803,763
RPD3,YNL330C,regulator,string12_0_coexpression,2,5901,1154,13,2709,2645,0.976375046142488,763
RPD3,YNL330C,regulator,string12_0_coexpression,3,6440,1154,13,2709,2645,0.976375046142488,763
SPT3,YDR392W,regulator,string12_0_coexpression,1,233,18,0,61,61,1.0,233
SPT3,YDR392W,regulator,string12_0_coexpression,2,5428,1119,13,2679,2615,0.9761104889884286,233
SPT3,YDR392W,regulator,string12_0_coexpression,3,6414,1154,13,2709,2645,0.976375046142488,233
TFC7,YOR110W,regulator,string12_0_coexpression,1,44,7,0,15,15,1.0,44
TFC7,YOR110W,regulator,string12_0_coexpression,2,4598,989,13,2325,2261,0.9724731182795698,44
TFC7,YOR110W,regulator,string12_0_coexpression,3,6330,1154,13,2709,2645,0.976375046142488,44
YAP6,YDR259C,regulator,string12_0_coexpression,1,246,65,2,120,118,0.9833333333333333,246
YAP6,YDR259C,regulator,string12_0_coexpression,2,5538,1148,13,2708,2644,0.9763663220088626,246
YAP6,YDR259C,regulator,string12_0_coexpression,3,6414,1154,13,2709,2645,0.976375046142488,246
ACC1,YNR016C,pathway enzyme,string12_0_coexpression,1,773,321,9,1115,1074,0.9632286995515695,773
ACC1,YNR016C,pathway enzyme,string12_0_coexpression,2,5955,1151,12,2708,2644,0.9763663220088626,773
ACC1,YNR016C,pathway enzyme,string12_0_coexpression,3,6445,1153,12,2709,2645,0.976375046142488,773
FAS1,YKL182W,pathway enzyme,string12_0_coexpression,1,804,304,12,1053,989,0.9392212725546059,804
FAS1,YKL182W,pathway enzyme,string12_0_coexpression,2,5975,1152,12,2709,2645,0.976375046142488,804
FAS1,YKL182W,pathway enzyme,string12_0_coexpression,3,6446,1153,12,2709,2645,0.976375046142488,804
FAS2,YPL231W,pathway enzyme,string12_0_coexpression,1,752,300,12,1082,1018,0.9408502772643254,752
FAS2,YPL231W,pathway enzyme,string12_0_coexpression,2,5954,1153,12,2709,2645,0.976375046142488,752
FAS2,YPL231W,pathway enzyme,string12_0_coexpression,3,6443,1153,12,2709,2645,0.976375046142488,752
ELO1,YJL196C,pathway enzyme,string12_0_coexpression,1,189,125,9,788,734,0.9314720812182741,189
ELO1,YJL196C,pathway enzyme,string12_0_coexpression,2,5433,1139,12,2696,2634,0.9770029673590505,189
ELO1,YJL196C,pathway enzyme,string12_0_coexpression,3,6405,1153,12,2707,2645,0.9770964166974511,189
ELO2,YCR034W,pathway enzyme,string12_0_coexpression,1,334,127,9,817,765,0.9363525091799265,334
ELO2,YCR034W,pathway enzyme,string12_0_coexpression,2,5557,1149,12,2708,2645,0.9767355982274741,334
ELO2,YCR034W,pathway enzyme,string12_0_coexpression,3,6414,1153,12,2708,2645,0.9767355982274741,334
ELO3,YLR372W,pathway enzyme,string12_0_coexpression,1,566,192,8,865,813,0.9398843930635838,566
ELO3,YLR372W,pathway enzyme,string12_0_coexpression,2,5695,1149,12,2707,2644,0.976727004063539,566
ELO3,YLR372W,pathway enzyme,string12_0_coexpression,3,6424,1153,12,2708,2645,0.9767355982274741,566
OLE1,YGL055W,pathway enzyme,string12_0_coexpression,1,644,309,11,979,917,0.9366700715015321,644
OLE1,YGL055W,pathway enzyme,string12_0_coexpression,2,5775,1153,12,2707,2645,0.9770964166974511,644
OLE1,YGL055W,pathway enzyme,string12_0_coexpression,3,6434,1153,12,2707,2645,0.9770964166974511,644
FAA1,YOR317W,pathway enzyme,string12_0_coexpression,1,558,217,7,1047,1004,0.958930276981853,558
FAA1,YOR317W,pathway enzyme,string12_0_coexpression,2,5863,1152,12,2707,2645,0.9770964166974511,558
FAA1,YOR317W,pathway enzyme,string12_0_coexpression,3,6433,1153,12,2707,2645,0.9770964166974511,558
FAA2,YER015W,pathway enzyme,string12_0_coexpression,1,581,193,8,947,898,0.9482576557550159,581
FAA2,YER015W,pathway enzyme,string12_0_coexpression,2,5873,1152,12,2701,2645,0.9792669381710477,581
FAA2,YER015W,pathway enzyme,string12_0_coexpression,3,6437,1153,12,2701,2645,0.9792669381710477,581
FAA3,YIL009W,pathway enzyme,string12_0_coexpression,1,413,144,11,854,796,0.9320843091334895,413
FAA3,YIL009W,pathway enzyme,string12_0_coexpression,2,5810,1152,12,2705,2645,0.977818853974122,413
FAA3,YIL009W,pathway enzyme,string12_0_coexpression,3,6428,1153,12,2705,2645,0.977818853974122,413
FAA4,YMR246W,pathway enzyme,string12_0_coexpression,1,440,139,10,815,765,0.9386503067484663,440
FAA4,YMR246W,pathway enzyme,string12_0_coexpression,2,5821,1151,12,2708,2644,0.9763663220088626,440
FAA4,YMR246W,pathway enzyme,string12_0_coexpression,3,6429,1153,12,2709,2645,0.976375046142488,440
POX1,YGL205W,pathway enzyme,string12_0_coexpression,1,492,263,10,875,834,0.9531428571428572,492
POX1,YGL205W,pathway enzyme,string12_0_coexpression,2,5700,1152,12,2690,2644,0.9828996282527881,492
POX1,YGL205W,pathway enzyme,string12_0_coexpression,3,6426,1153,12,2691,2645,0.9829059829059829,492
SLC1,YDL052C,pathway enzyme,string12_0_coexpression,1,327,161,6,987,956,0.9685916919959473,327
SLC1,YDL052C,pathway enzyme,string12_0_coexpression,2,5563,1153,12,2709,2645,0.976375046142488,327
SLC1,YDL052C,pathway enzyme,string12_0_coexpression,3,6419,1153,12,2709,2645,0.976375046142488,327
YAL054C,YAL054C,adjacent enzyme,string12_0_coexpression,1,748,417,11,1059,1000,0.9442870632672332,748
YAL054C,YAL054C,adjacent enzyme,string12_0_coexpression,2,5895,1153,13,2708,2644,0.9763663220088626,748
YAL054C,YAL054C,adjacent enzyme,string12_0_coexpression,3,6430,1153,13,2708,2644,0.9763663220088626,748
YAR035W,YAR035W,adjacent enzyme,string12_0_coexpression,1,181,113,5,372,328,0.8817204301075269,181
YAR035W,YAR035W,adjacent enzyme,string12_0_coexpression,2,5134,1130,13,2688,2624,0.9761904761904762,181
YAR035W,YAR035W,adjacent enzyme,string12_0_coexpression,3,6401,1153,13,2709,2645,0.976375046142488,181
YBL011W,YBL011W,adjacent enzyme,string12_0_coexpression,1,193,54,5,453,436,0.9624724061810155,193
YBL011W,YBL011W,adjacent enzyme,string12_0_coexpression,2,5319,1121,13,2695,2631,0.976252319109462,193
YBL011W,YBL011W,adjacent enzyme,string12_0_coexpression,3,6383,1153,13,2709,2645,0.976375046142488,193
YBR029C,YBR029C,adjacent enzyme,string12_0_coexpression,1,186,100,11,600,562,0.9366666666666666,186
YBR029C,YBR029C,adjacent enzyme,string12_0_coexpression,2,5192,1140,13,2689,2625,0.9761993306061733,186
YBR029C,YBR029C,adjacent enzyme,string12_0_coexpression,3,6382,1153,13,2695,2631,0.976252319109462,186
YBR041W,YBR041W,adjacent enzyme,string12_0_coexpression,1,184,98,12,941,877,0.9319872476089267,184
YBR041W,YBR041W,adjacent enzyme,string12_0_coexpression,2,5259,1137,13,2686,2622,0.9761727475800447,184
YBR041W,YBR041W,adjacent enzyme,string12_0_coexpression,3,6362,1153,13,2696,2632,0.9762611275964391,184
YBR042C,YBR042C,adjacent enzyme,string12_0_coexpression,1,225,127,10,799,755,0.9449311639549437,225
YBR042C,YBR042C,adjacent enzyme,string12_0_coexpression,2,5407,1148,13,2702,2638,0.9763138415988157,225
YBR042C,YBR042C,adjacent enzyme,string12_0_coexpression,3,6389,1153,13,2707,2643,0.9763575914296269,225
YBR159W,YBR159W,adjacent enzyme,string12_0_coexpression,1,572,235,6,713,678,0.9509116409537167,572
YBR159W,YBR159W,adjacent enzyme,string12_0_coexpression,2,5906,1153,13,2702,2638,0.9763138415988157,572
YBR159W,YBR159W,adjacent enzyme,string12_0_coexpression,3,6437,1153,13,2702,2638,0.9763138415988157,572
YBR204C,YBR204C,adjacent enzyme,string12_0_coexpression,1,248,80,0,601,597,0.9933444259567388,248
YBR204C,YBR204C,adjacent enzyme,string12_0_coexpression,2,5384,1138,13,2702,2638,0.9763138415988157,248
YBR204C,YBR204C,adjacent enzyme,string12_0_coexpression,3,6389,1153,13,2709,2645,0.976375046142488,248
YBR208C,YBR208C,adjacent enzyme,string12_0_coexpression,1,967,471,9,1143,1094,0.9571303587051618,967
YBR208C,YBR208C,adjacent enzyme,string12_0_coexpression,2,6001,1152,13,2706,2642,0.9763488543976349,967
YBR208C,YBR208C,adjacent enzyme,string12_0_coexpression,3,6439,1153,13,2707,2643,0.9763575914296269,967
YBR218C,YBR218C,adjacent enzyme,string12_0_coexpression,1,291,229,4,431,410,0.951276102088167,291
YBR218C,YBR218C,adjacent enzyme,string12_0_coexpression,2,5420,1147,13,2692,2628,0.9762258543833581,291
YBR218C,YBR218C,adjacent enzyme,string12_0_coexpression,3,6421,1153,13,2709,2645,0.976375046142488,291
YCR048W,YCR048W,adjacent enzyme,string12_0_coexpression,1,197,103,8,731,691,0.945280437756498,197
YCR048W,YCR048W,adjacent enzyme,string12_0_coexpression,2,5408,1140,13,2698,2634,0.9762787249814677,197
YCR048W,YCR048W,adjacent enzyme,string12_0_coexpression,3,6409,1153,13,2701,2637,0.9763050721954831,197
YCR068W,YCR068W,adjacent enzyme,string12_0_coexpression,1,170,35,3,418,374,0.8947368421052632,170
YCR068W,YCR068W,adjacent enzyme,string12_0_coexpression,2,5335,1112,13,2671,2607,0.9760389367278173,170
YCR068W,YCR068W,adjacent enzyme,string12_0_coexpression,3,6413,1153,13,2709,2645,0.976375046142488,170
YDL015C,YDL015C,adjacent enzyme,string12_0_coexpression,1,246,114,8,376,337,0.8962765957446809,246
YDL015C,YDL015C,adjacent enzyme,string12_0_coexpression,2,5442,1146,13,2700,2636,0.9762962962962963,246
YDL015C,YDL015C,adjacent enzyme,string12_0_coexpression,3,6407,1153,13,2702,2638,0.9763138415988157,246
YDL040C,YDL040C,adjacent enzyme,string12_0_coexpression,1,381,42,2,124,122,0.9838709677419355,381
YDL040C,YDL040C,adjacent enzyme,string12_0_coexpression,2,5512,1130,13,2696,2632,0.9762611275964391,381
YDL040C,YDL040C,adjacent enzyme,string12_0_coexpression,3,6426,1153,13,2709,2645,0.976375046142488,381
YDL141W,YDL141W,adjacent enzyme,string12_0_coexpression,1,303,177,6,483,454,0.9399585921325052,303
YDL141W,YDL141W,adjacent enzyme,string12_0_coexpression,2,5499,1148,13,2707,2643,0.9763575914296269,303
YDL141W,YDL141W,adjacent enzyme,string12_0_coexpression,3,6422,1153,13,2708,2644,0.9763663220088626,303
YDR071C,YDR071C,adjacent enzyme,string12_0_coexpression,1,155,43,0,136,136,1.0,155
YDR071C,YDR071C,adjacent enzyme,string12_0_coexpression,2,5302,1125,13,2685,2621,0.9761638733705773,155
YDR071C,YDR071C,adjacent enzyme,string12_0_coexpression,3,6388,1153,13,2708,2644,0.9763663220088626,155
YDR256C,YDR256C,adjacent enzyme,string12_0_coexpression,1,558,263,8,671,622,0.9269746646795827,558
YDR256C,YDR256C,adjacent enzyme,string12_0_coexpression,2,5822,1148,13,2707,2643,0.9763575914296269,558
YDR256C,YDR256C,adjacent enzyme,string12_0_coexpression,3,6436,1153,13,2708,2644,0.9763663220088626,558
YEL066W,YEL066W,adjacent enzyme,string12_0_coexpression,1,56,21,0,24,24,1.0,56
YEL066W,YEL066W,adjacent enzyme,string12_0_coexpression,2,4402,1024,13,2346,2282,0.9727195225916454,56
YEL066W,YEL066W,adjacent enzyme,string12_0_coexpression,3,6306,1153,13,2708,2644,0.9763663220088626,56
YER024W,YER024W,adjacent enzyme,string12_0_coexpression,1,199,119,5,377,333,0.883289124668435,199
YER024W,YER024W,adjacent enzyme,string12_0_coexpression,2,5095,1134,13,2665,2601,0.9759849906191369,199
YER024W,YER024W,adjacent enzyme,string12_0_coexpression,3,6393,1153,13,2709,2645,0.976375046142488,199
YFL017C,YFL017C,adjacent enzyme,string12_0_coexpression,1,173,64,0,105,105,1.0,173
YFL017C,YFL017C,adjacent enzyme,string12_0_coexpression,2,5456,1142,13,2702,2638,0.9763138415988157,173
YFL017C,YFL017C,adjacent enzyme,string12_0_coexpression,3,6404,1153,13,2708,2644,0.9763663220088626,173
YGL062W,YGL062W,adjacent enzyme,string12_0_coexpression,1,502,313,5,650,615,0.9461538461538461,502
YGL062W,YGL062W,adjacent enzyme,string12_0_coexpression,2,5623,1150,13,2709,2645,0.976375046142488,502
YGL062W,YGL062W,adjacent enzyme,string12_0_coexpression,3,6430,1153,13,2709,2645,0.976375046142488,502
YGL169W,YGL169W,adjacent enzyme,string12_0_coexpression,1,490,119,1,172,171,0.9941860465116279,490
YGL169W,YGL169W,adjacent enzyme,string12_0_coexpression,2,5479,1135,13,2704,2640,0.9763313609467456,490
YGL169W,YGL169W,adjacent enzyme,string12_0_coexpression,3,6425,1153,13,2708,2644,0.9763663220088626,490
YGR015C,YGR015C,adjacent enzyme,string12_0_coexpression,1,228,99,3,371,341,0.9191374663072777,228
YGR015C,YGR015C,adjacent enzyme,string12_0_coexpression,2,5623,1145,13,2707,2643,0.9763575914296269,228
YGR015C,YGR015C,adjacent enzyme,string12_0_coexpression,3,6417,1153,13,2708,2644,0.9763663220088626,228
YGR177C,YGR177C,adjacent enzyme,string12_0_coexpression,1,130,59,4,263,245,0.9315589353612167,130
YGR177C,YGR177C,adjacent enzyme,string12_0_coexpression,2,5107,1131,13,2694,2630,0.9762435040831478,130
YGR177C,YGR177C,adjacent enzyme,string12_0_coexpression,3,6374,1153,13,2709,2645,0.976375046142488,130
YGR209C,YGR209C,adjacent enzyme,string12_0_coexpression,1,820,227,1,389,387,0.9948586118251928,820
YGR209C,YGR209C,adjacent enzyme,string12_0_coexpression,2,5868,1152,13,2704,2640,0.9763313609467456,820
YGR209C,YGR209C,adjacent enzyme,string12_0_coexpression,3,6441,1153,13,2705,2641,0.9763401109057301,820
YHR013C,YHR013C,adjacent enzyme,string12_0_coexpression,1,414,42,0,101,101,1.0,414
YHR013C,YHR013C,adjacent enzyme,string12_0_coexpression,2,5511,1140,13,2691,2627,0.9762170196952805,414
YHR013C,YHR013C,adjacent enzyme,string12_0_coexpression,3,6431,1153,13,2709,2645,0.976375046142488,414
YIL124W,YIL124W,adjacent enzyme,string12_0_coexpression,1,705,295,10,1058,999,0.944234404536862,705
YIL124W,YIL124W,adjacent enzyme,string12_0_coexpression,2,5877,1152,13,2701,2637,0.9763050721954831,705
YIL124W,YIL124W,adjacent enzyme,string12_0_coexpression,3,6431,1153,13,2701,2637,0.9763050721954831,705
YIL160C,YIL160C,adjacent enzyme,string12_0_coexpression,1,707,391,8,986,934,0.947261663286004,707
YIL160C,YIL160C,adjacent enzyme,string12_0_coexpression,2,5873,1151,13,2690,2626,0.9762081784386617,707
YIL160C,YIL160C,adjacent enzyme,string12_0_coexpression,3,6441,1153,13,2691,2627,0.9762170196952805,707
YIR031C,YIR031C,adjacent enzyme,string12_0_coexpression,1,330,226,9,535,486,0.908411214953271,330
YIR031C,YIR031C,adjacent enzyme,string12_0_coexpression,2,5487,1144,13,2707,2643,0.9763575914296269,330
YIR031C,YIR031C,adjacent enzyme,string12_0_coexpression,3,6421,1153,13,2709,2645,0.976375046142488,330
YJL130C,YJL130C,adjacent enzyme,string12_0_coexpression,1,625,246,4,444,433,0.9752252252252253,625
YJL130C,YJL130C,adjacent enzyme,string12_0_coexpression,2,5741,1151,13,2708,2644,0.9763663220088626,625
YJL130C,YJL130C,adjacent enzyme,string12_0_coexpression,3,6441,1153,13,2708,2644,0.9763663220088626,625
YJR019C,YJR019C,adjacent enzyme,string12_0_coexpression,1,268,123,10,566,511,0.9028268551236749,268
YJR019C,YJR019C,adjacent enzyme,string12_0_coexpression,2,5471,1137,13,2696,2632,0.9762611275964391,268
YJR019C,YJR019C,adjacent enzyme,string12_0_coexpression,3,6416,1153,13,2699,2635,0.9762875138940348,268
YJR109C,YJR109C,adjacent enzyme,string12_0_coexpression,1,402,220,1,346,345,0.9971098265895953,402
YJR109C,YJR109C,adjacent enzyme,string12_0_coexpression,2,5646,1149,13,2709,2645,0.976375046142488,402
YJR109C,YJR109C,adjacent enzyme,string12_0_coexpression,3,6428,1153,13,2709,2645,0.976375046142488,402
YKL094W,YKL094W,adjacent enzyme,string12_0_coexpression,1,281,146,9,708,653,0.922316384180791,281
YKL094W,YKL094W,adjacent enzyme,string12_0_coexpression,2,5543,1145,13,2700,2636,0.9762962962962963,281
YKL094W,YKL094W,adjacent enzyme,string12_0_coexpression,3,6414,1153,13,2705,2641,0.9763401109057301,281
YKL140W,YKL140W,adjacent enzyme,string12_0_coexpression,1,290,124,7,897,849,0.9464882943143813,290
YKL140W,YKL140W,adjacent enzyme,string12_0_coexpression,2,5656,1146,13,2706,2642,0.9763488543976349,290
YKL140W,YKL140W,adjacent enzyme,string12_0_coexpression,3,6420,1153,13,2709,2645,0.976375046142488,290
YKL188C,YKL188C,adjacent enzyme,string12_0_coexpression,1,218,104,7,508,457,0.8996062992125984,218
YKL188C,YKL188C,adjacent enzyme,string12_0_coexpression,2,5326,1137,13,2706,2642,0.9763488543976349,218
YKL188C,YKL188C,adjacent enzyme,string12_0_coexpression,3,6401,1153,13,2709,2645,0.976375046142488,218
YKR009C,YKR009C,adjacent enzyme,string12_0_coexpression,1,589,273,6,1009,958,0.9494549058473737,589
YKR009C,YKR009C,adjacent enzyme,string12_0_coexpression,2,5811,1153,13,2673,2609,0.9760568649457538,589
YKR009C,YKR009C,adjacent enzyme,string12_0_coexpression,3,6433,1153,13,2673,2609,0.9760568649457538,589
YKR067W,YKR067W,adjacent enzyme,string12_0_coexpression,1,299,106,5,778,732,0.9408740359897172,299
YKR067W,YKR067W,adjacent enzyme,string12_0_coexpression,2,5480,1146,13,2696,2632,0.9762611275964391,299
YKR067W,YKR067W,adjacent enzyme,string12_0_coexpression,3,6396,1153,13,2697,2633,0.9762699295513534,299
YKR089C,YKR089C,adjacent enzyme,string12_0_coexpression,1,156,95,8,878,821,0.9350797266514806,156
YKR089C,YKR089C,adjacent enzyme,string12_0_coexpression,2,5171,1127,13,2679,2615,0.9761104889884286,156
YKR089C,YKR089C,adjacent enzyme,string12_0_coexpression,3,6389,1153,13,2693,2629,0.9762346825102116,156
YLL012W,YLL012W,adjacent enzyme,string12_0_coexpression,1,281,115,7,700,671,0.9585714285714285,281
YLL012W,YLL012W,adjacent enzyme,string12_0_coexpression,2,5690,1148,13,2699,2635,0.9762875138940348,281
YLL012W,YLL012W,adjacent enzyme,string12_0_coexpression,3,6423,1153,13,2701,2637,0.9763050721954831,281
YLR043C,YLR043C,adjacent enzyme,string12_0_coexpression,1,880,250,3,425,421,0.9905882352941177,880
YLR043C,YLR043C,adjacent enzyme,string12_0_coexpression,2,5871,1152,13,2708,2644,0.9763663220088626,880
YLR043C,YLR043C,adjacent enzyme,string12_0_coexpression,3,6439,1153,13,2709,2645,0.976375046142488,880
YLR109W,YLR109W,adjacent enzyme,string12_0_coexpression,1,351,165,0,247,247,1.0,351
YLR109W,YLR109W,adjacent enzyme,string12_0_coexpression,2,5486,1145,13,2706,2642,0.9763488543976349,351
YLR109W,YLR109W,adjacent enzyme,string12_0_coexpression,3,6413,1153,13,2709,2645,0.976375046142488,351
YLR153C,YLR153C,adjacent enzyme,string12_0_coexpression,1,720,440,13,1083,1019,0.9409048938134811,720
YLR153C,YLR153C,adjacent enzyme,string12_0_coexpression,2,5932,1153,13,2708,2644,0.9763663220088626,720
YLR153C,YLR153C,adjacent enzyme,string12_0_coexpression,3,6434,1153,13,2708,2644,0.9763663220088626,720
YLR284C,YLR284C,adjacent enzyme,string12_0_coexpression,1,621,297,7,909,855,0.9405940594059405,621
YLR284C,YLR284C,adjacent enzyme,string12_0_coexpression,2,5855,1153,13,2703,2639,0.9763226045135035,621
YLR284C,YLR284C,adjacent enzyme,string12_0_coexpression,3,6434,1153,13,2703,2639,0.9763226045135035,621
YML059C,YML059C,adjacent enzyme,string12_0_coexpression,1,484,200,7,820,783,0.9548780487804878,484
YML059C,YML059C,adjacent enzyme,string12_0_coexpression,2,5735,1152,13,2697,2633,0.9762699295513534,484
YML059C,YML059C,adjacent enzyme,string12_0_coexpression,3,6420,1153,13,2697,2633,0.9762699295513534,484
YMR165C,YMR165C,adjacent enzyme,string12_0_coexpression,1,217,66,4,475,430,0.9052631578947369,217
YMR165C,YMR165C,adjacent enzyme,string12_0_coexpression,2,5360,1131,13,2689,2625,0.9761993306061733,217
YMR165C,YMR165C,adjacent enzyme,string12_0_coexpression,3,6398,1153,13,2701,2637,0.9763050721954831,217
YMR313C,YMR313C,adjacent enzyme,string12_0_coexpression,1,106,63,7,839,784,0.9344457687723481,106
YMR313C,YMR313C,adjacent enzyme,string12_0_coexpression,2,4930,1120,13,2685,2621,0.9761638733705773,106
YMR313C,YMR313C,adjacent enzyme,string12_0_coexpression,3,6383,1153,13,2698,2634,0.9762787249814677,106
YNL036W,YNL036W,adjacent enzyme,string12_0_coexpression,1,337,168,3,343,310,0.9037900874635568,337
YNL036W,YNL036W,adjacent enzyme,string12_0_coexpression,2,5584,1146,13,2706,2642,0.9763488543976349,337
YNL036W,YNL036W,adjacent enzyme,string12_0_coexpression,3,6412,1153,13,2708,2644,0.9763663220088626,337
YNL104C,YNL104C,adjacent enzyme,string12_0_coexpression,1,392,281,2,614,595,0.9690553745928339,392
YNL104C,YNL104C,adjacent enzyme,string12_0_coexpression,2,5614,1146,13,2708,2644,0.9763663220088626,392
YNL104C,YNL104C,adjacent enzyme,string12_0_coexpression,3,6426,1153,13,2708,2644,0.9763663220088626,392
YNL117W,YNL117W,adjacent enzyme,string12_0_coexpression,1,467,267,9,690,641,0.9289855072463769,467
YNL117W,YNL117W,adjacent enzyme,string12_0_coexpression,2,5787,1146,13,2706,2642,0.9763488543976349,467
YNL117W,YNL117W,adjacent enzyme,string12_0_coexpression,3,6437,1153,13,2708,2644,0.9763663220088626,467
YNL277W,YNL277W,adjacent enzyme,string12_0_coexpression,1,624,362,7,788,740,0.9390862944162437,624
YNL277W,YNL277W,adjacent enzyme,string12_0_coexpression,2,5864,1152,13,2707,2643,0.9763575914296269,624
YNL277W,YNL277W,adjacent enzyme,string12_0_coexpression,3,6429,1153,13,2708,2644,0.9763663220088626,624
YNR019W,YNR019W,adjacent enzyme,string12_0_coexpression,1,206,108,9,794,741,0.9332493702770781,206
YNR019W,YNR019W,adjacent enzyme,string12_0_coexpression,2,5382,1135,13,2697,2633,0.9762699295513534,206
YNR019W,YNR019W,adjacent enzyme,string12_0_coexpression,3,6396,1153,13,2709,2645,0.976375046142488,206
YOR081C,YOR081C,adjacent enzyme,string12_0_coexpression,1,87,60,11,726,664,0.9146005509641874,87
YOR081C,YOR081C,adjacent enzyme,string12_0_coexpression,2,4894,1118,13,2693,2629,0.9762346825102116,87
YOR081C,YOR081C,adjacent enzyme,string12_0_coexpression,3,6330,1153,13,2709,2645,0.976375046142488,87
YOR108W,YOR108W,adjacent enzyme,string12_0_coexpression,1,564,280,4,639,615,0.9624413145539906,564
YOR108W,YOR108W,adjacent enzyme,string12_0_coexpression,2,5685,1148,13,2709,2645,0.976375046142488,564
YOR108W,YOR108W,adjacent enzyme,string12_0_coexpression,3,6427,1153,13,2709,2645,0.976375046142488,564
YOR175C,YOR175C,adjacent enzyme,string12_0_coexpression,1,145,85,12,846,800,0.9456264775413712,145
YOR175C,YOR175C,adjacent enzyme,string12_0_coexpression,2,5138,1128,13,2683,2619,0.9761461051062243,145
YOR175C,YOR175C,adjacent enzyme,string12_0_coexpression,3,6361,1153,13,2705,2641,0.9763401109057301,145
YOR245C,YOR245C,adjacent enzyme,string12_0_coexpression,1,283,171,10,1127,1070,0.9494232475598935,283
YOR245C,YOR245C,adjacent enzyme,string12_0_coexpression,2,5383,1148,13,2675,2611,0.9760747663551402,283
YOR245C,YOR245C,adjacent enzyme,string12_0_coexpression,3,6392,1153,13,2677,2613,0.9760926410160627,283
YOR253W,YOR253W,adjacent enzyme,string12_0_coexpression,1,377,27,0,119,119,1.0,377
YOR253W,YOR253W,adjacent enzyme,string12_0_coexpression,2,5491,1133,13,2694,2630,0.9762435040831478,377
YOR253W,YOR253W,adjacent enzyme,string12_0_coexpression,3,6415,1153,13,2709,2645,0.976375046142488,377
YOR303W,YOR303W,adjacent enzyme,string12_0_coexpression,1,375,227,1,345,344,0.9971014492753624,375
YOR303W,YOR303W,adjacent enzyme,string12_0_coexpression,2,5624,1151,13,2709,2645,0.976375046142488,375
YOR303W,YOR303W,adjacent enzyme,string12_0_coexpression,3,6438,1153,13,2709,2645,0.976375046142488,375
YOR311C,YOR311C,adjacent enzyme,string12_0_coexpression,1,150,76,3,547,529,0.9670932358318098,150
YOR311C,YOR311C,adjacent enzyme,string12_0_coexpression,2,5172,1133,13,2684,2620,0.9761549925484352,150
YOR311C,YOR311C,adjacent enzyme,string12_0_coexpression,3,6368,1153,13,2701,2637,0.9763050721954831,150
YOR377W,YOR377W,adjacent enzyme,string12_0_coexpression,1,128,67,3,209,205,0.9808612440191388,128
YOR377W,YOR377W,adjacent enzyme,string12_0_coexpression,2,5148,1126,13,2690,2626,0.9762081784386617,128
YOR377W,YOR377W,adjacent enzyme,string12_0_coexpression,3,6385,1153,13,2709,2645,0.976375046142488,128
YPL028W,YPL028W,adjacent enzyme,string12_0_coexpression,1,715,421,13,939,875,0.9318423855165069,715
YPL028W,YPL028W,adjacent enzyme,string12_0_coexpression,2,5930,1153,13,2707,2643,0.9763575914296269,715
YPL028W,YPL028W,adjacent enzyme,string12_0_coexpression,3,6438,1153,13,2707,2643,0.9763575914296269,715
YPL147W,YPL147W,adjacent enzyme,string12_0_coexpression,1,243,127,7,566,515,0.9098939929328622,243
YPL147W,YPL147W,adjacent enzyme,string12_0_coexpression,2,5345,1144,13,2708,2644,0.9763663220088626,243
YPL147W,YPL147W,adjacent enzyme,string12_0_coexpression,3,6397,1153,13,2709,2645,0.976375046142488,243
YPR193C,YPR193C,adjacent enzyme,string12_0_coexpression,1,90,36,0,67,67,1.0,90
YPR193C,YPR193C,adjacent enzyme,string12_0_coexpression,2,4967,1101,13,2525,2461,0.9746534653465346,90
YPR193C,YPR193C,adjacent enzyme,string12_0_coexpression,3,6386,1153,13,2709,2645,0.976375046142488,90
FKH1,YIL131C,regulator,string12_0_experimental,1,637,44,5,91,41,0.45054945054945056,637
FKH1,YIL131C,regulator,string12_0_experimental,2,5642,1147,13,2707,2643,0.9763575914296269,637
FKH1,YIL131C,regulator,string12_0_experimental,3,6010,1154,13,2709,2645,0.976375046142488,637
GCN5,YGR252W,regulator,string12_0_experimental,1,733,72,6,163,134,0.8220858895705522,733
GCN5,YGR252W,regulator,string12_0_experimental,2,5746,1146,13,2708,2644,0.9763663220088626,733
GCN5,YGR252W,regulator,string12_0_experimental,3,6012,1154,13,2709,2645,0.976375046142488,733
MED4,YOR174W,regulator,string12_0_experimental,1,129,4,0,20,20,1.0,129
MED4,YOR174W,regulator,string12_0_experimental,2,5230,1048,12,2571,2509,0.9758848697005056,129
MED4,YOR174W,regulator,string12_0_experimental,3,6001,1153,13,2709,2645,0.976375046142488,129
OPI1,YHL020C,regulator,string12_0_experimental,1,386,75,7,500,452,0.904,386
OPI1,YHL020C,regulator,string12_0_experimental,2,5658,1148,13,2708,2644,0.9763663220088626,386
OPI1,YHL020C,regulator,string12_0_experimental,3,6011,1154,13,2709,2645,0.976375046142488,386
RFX1,YLR176C,regulator,string12_0_experimental,1,182,13,0,97,97,1.0,182
RFX1,YLR176C,regulator,string12_0_experimental,2,5415,1120,13,2679,2615,0.9761104889884286,182
RFX1,YLR176C,regulator,string12_0_experimental,3,6003,1154,13,2709,2645,0.976375046142488,182
RGR1,YLR071C,regulator,string12_0_experimental,1,450,39,3,194,184,0.9484536082474226,450
RGR1,YLR071C,regulator,string12_0_experimental,2,5553,1131,13,2684,2620,0.9761549925484352,450
RGR1,YLR071C,regulator,string12_0_experimental,3,6007,1153,13,2709,2645,0.976375046142488,450
RPD3,YNL330C,regulator,string12_0_experimental,1,1085,122,7,318,289,0.9088050314465409,1085
RPD3,YNL330C,regulator,string12_0_experimental,2,5739,1150,13,2709,2645,0.976375046142488,1085
RPD3,YNL330C,regulator,string12_0_experimental,3,6011,1154,13,2709,2645,0.976375046142488,1085
SPT3,YDR392W,regulator,string12_0_experimental,1,299,20,0,128,128,1.0,299
SPT3,YDR392W,regulator,string12_0_experimental,2,5546,1128,13,2688,2624,0.9761904761904762,299
SPT3,YDR392W,regulator,string12_0_experimental,3,6007,1153,13,2709,2645,0.976375046142488,299
TFC7,YOR110W,regulator,string12_0_experimental,1,48,7,0,14,14,1.0,48
TFC7,YOR110W,regulator,string12_0_experimental,2,5138,1043,12,2582,2536,0.9821843532145623,48
TFC7,YOR110W,regulator,string12_0_experimental,3,6001,1153,13,2709,2645,0.976375046142488,48
YAP6,YDR259C,regulator,string12_0_experimental,1,262,45,2,107,105,0.9813084112149533,262
YAP6,YDR259C,regulator,string12_0_experimental,2,5546,1133,13,2698,2634,0.9762787249814677,262
YAP6,YDR259C,regulator,string12_0_experimental,3,6007,1153,13,2709,2645,0.976375046142488,262
ACC1,YNR016C,pathway enzyme,string12_0_experimental,1,309,56,1,321,316,0.9844236760124611,309
ACC1,YNR016C,pathway enzyme,string12_0_experimental,2,5647,1143,12,2705,2641,0.9763401109057301,309
ACC1,YNR016C,pathway enzyme,string12_0_experimental,3,6011,1153,12,2709,2645,0.976375046142488,309
FAS1,YKL182W,pathway enzyme,string12_0_experimental,1,739,215,11,580,517,0.8913793103448275,739
FAS1,YKL182W,pathway enzyme,string12_0_experimental,2,5728,1148,12,2707,2643,0.9763575914296269,739
FAS1,YKL182W,pathway enzyme,string12_0_experimental,3,6011,1153,12,2709,2645,0.976375046142488,739
FAS2,YPL231W,pathway enzyme,string12_0_experimental,1,700,207,11,588,525,0.8928571428571429,700
FAS2,YPL231W,pathway enzyme,string12_0_experimental,2,5707,1148,12,2707,2643,0.9763575914296269,700
FAS2,YPL231W,pathway enzyme,string12_0_experimental,3,6011,1153,12,2709,2645,0.976375046142488,700
ELO1,YJL196C,pathway enzyme,string12_0_experimental,1,81,37,5,220,211,0.9590909090909091,81
ELO1,YJL196C,pathway enzyme,string12_0_experimental,2,5205,1101,12,2625,2563,0.9763809523809523,81
ELO1,YJL196C,pathway enzyme,string12_0_experimental,3,5996,1153,12,2707,2645,0.9770964166974511,81
ELO2,YCR034W,pathway enzyme,string12_0_experimental,1,218,87,7,482,463,0.9605809128630706,218
ELO2,YCR034W,pathway enzyme,string12_0_experimental,2,5426,1131,12,2678,2615,0.9764749813293503,218
ELO2,YCR034W,pathway enzyme,string12_0_experimental,3,6002,1152,12,2708,2645,0.9767355982274741,218
ELO3,YLR372W,pathway enzyme,string12_0_experimental,1,376,134,6,603,579,0.9601990049751243,376
ELO3,YLR372W,pathway enzyme,string12_0_experimental,2,5582,1142,12,2706,2643,0.9767184035476718,376
ELO3,YLR372W,pathway enzyme,string12_0_experimental,3,6007,1152,12,2708,2645,0.9767355982274741,376
OLE1,YGL055W,pathway enzyme,string12_0_experimental,1,521,125,10,453,410,0.9050772626931567,521
OLE1,YGL055W,pathway enzyme,string12_0_experimental,2,5620,1142,12,2691,2629,0.976960237829803,521
OLE1,YGL055W,pathway enzyme,string12_0_experimental,3,6010,1153,12,2707,2645,0.9770964166974511,521
FAA1,YOR317W,pathway enzyme,string12_0_experimental,1,498,100,7,705,659,0.9347517730496454,498
FAA1,YOR317W,pathway enzyme,string12_0_experimental,2,5629,1143,12,2703,2641,0.9770625231224566,498
FAA1,YOR317W,pathway enzyme,string12_0_experimental,3,6008,1152,12,2707,2645,0.9770964166974511,498
FAA2,YER015W,pathway enzyme,string12_0_experimental,1,542,87,7,274,234,0.8540145985401459,542
FAA2,YER015W,pathway enzyme,string12_0_experimental,2,5554,1143,12,2696,2640,0.9792284866468842,542
FAA2,YER015W,pathway enzyme,string12_0_experimental,3,6007,1152,12,2701,2645,0.9792669381710477,542
FAA3,YIL009W,pathway enzyme,string12_0_experimental,1,388,70,5,304,272,0.8947368421052632,388
FAA3,YIL009W,pathway enzyme,string12_0_experimental,2,5496,1135,12,2692,2632,0.9777117384843982,388
FAA3,YIL009W,pathway enzyme,string12_0_experimental,3,6004,1152,12,2705,2645,0.977818853974122,388
FAA4,YMR246W,pathway enzyme,string12_0_experimental,1,451,81,6,553,509,0.9204339963833634,451
FAA4,YMR246W,pathway enzyme,string12_0_experimental,2,5562,1142,12,2704,2640,0.9763313609467456,451
FAA4,YMR246W,pathway enzyme,string12_0_experimental,3,6007,1153,12,2709,2645,0.976375046142488,451
POX1,YGL205W,pathway enzyme,string12_0_experimental,1,309,140,7,420,384,0.9142857142857143,309
POX1,YGL205W,pathway enzyme,string12_0_experimental,2,5310,1126,12,2675,2629,0.982803738317757,309
POX1,YGL205W,pathway enzyme,string12_0_experimental,3,6000,1153,12,2691,2645,0.9829059829059829,309
SLC1,YDL052C,pathway enzyme,string12_0_experimental,1,265,84,5,542,512,0.9446494464944649,265
SLC1,YDL052C,pathway enzyme,string12_0_experimental,2,5445,1137,12,2702,2638,0.9763138415988157,265
SLC1,YDL052C,pathway enzyme,string12_0_experimental,3,6005,1153,12,2709,2645,0.976375046142488,265
YAL054C,YAL054C,adjacent enzyme,string12_0_experimental,1,230,121,1,241,237,0.983402489626556,230
YAL054C,YAL054C,adjacent enzyme,string12_0_experimental,2,5205,1109,13,2667,2603,0.9760029996250469,230
YAL054C,YAL054C,adjacent enzyme,string12_0_experimental,3,6002,1152,13,2708,2644,0.9763663220088626,230
YAR035W,YAR035W,adjacent enzyme,string12_0_experimental,1,76,37,1,129,111,0.8604651162790697,76
YAR035W,YAR035W,adjacent enzyme,string12_0_experimental,2,4333,976,13,2309,2245,0.9722823733217844,76
YAR035W,YAR035W,adjacent enzyme,string12_0_experimental,3,5971,1153,13,2709,2645,0.976375046142488,76
YBL011W,YBL011W,adjacent enzyme,string12_0_experimental,1,247,46,3,278,270,0.9712230215827338,247
YBL011W,YBL011W,adjacent enzyme,string12_0_experimental,2,5522,1135,13,2688,2624,0.9761904761904762,247
YBL011W,YBL011W,adjacent enzyme,string12_0_experimental,3,6004,1152,13,2709,2645,0.976375046142488,247
YBR029C,YBR029C,adjacent enzyme,string12_0_experimental,1,130,42,0,441,441,1.0,130
YBR029C,YBR029C,adjacent enzyme,string12_0_experimental,2,5279,1091,13,2646,2582,0.9758125472411187,130
YBR029C,YBR029C,adjacent enzyme,string12_0_experimental,3,6002,1152,13,2695,2631,0.976252319109462,130
YBR041W,YBR041W,adjacent enzyme,string12_0_experimental,1,191,58,7,342,311,0.9093567251461988,191
YBR041W,YBR041W,adjacent enzyme,string12_0_experimental,2,5210,1112,13,2661,2597,0.9759488913942127,191
YBR041W,YBR041W,adjacent enzyme,string12_0_experimental,3,5990,1152,13,2696,2632,0.9762611275964391,191
YBR042C,YBR042C,adjacent enzyme,string12_0_experimental,1,202,65,5,408,382,0.9362745098039216,202
YBR042C,YBR042C,adjacent enzyme,string12_0_experimental,2,5421,1118,13,2667,2603,0.9760029996250469,202
YBR042C,YBR042C,adjacent enzyme,string12_0_experimental,3,6008,1153,13,2707,2643,0.9763575914296269,202
YBR159W,YBR159W,adjacent enzyme,string12_0_experimental,1,234,71,6,275,264,0.96,234
YBR159W,YBR159W,adjacent enzyme,string12_0_experimental,2,5452,1129,13,2681,2617,0.9761283103319657,234
YBR159W,YBR159W,adjacent enzyme,string12_0_experimental,3,6003,1152,13,2702,2638,0.9763138415988157,234
YBR204C,YBR204C,adjacent enzyme,string12_0_experimental,1,201,48,0,160,160,1.0,201
YBR204C,YBR204C,adjacent enzyme,string12_0_experimental,2,5261,1099,13,2658,2594,0.9759217456734387,201
YBR204C,YBR204C,adjacent enzyme,string12_0_experimental,3,5998,1152,13,2709,2645,0.976375046142488,201
YBR208C,YBR208C,adjacent enzyme,string12_0_experimental,1,494,175,4,398,377,0.9472361809045227,494
YBR208C,YBR208C,adjacent enzyme,string12_0_experimental,2,5517,1141,13,2704,2640,0.9763313609467456,494
YBR208C,YBR208C,adjacent enzyme,string12_0_experimental,3,6007,1153,13,2707,2643,0.9763575914296269,494
YBR218C,YBR218C,adjacent enzyme,string12_0_experimental,1,110,56,3,111,108,0.972972972972973,110
YBR218C,YBR218C,adjacent enzyme,string12_0_experimental,2,5220,1093,13,2649,2585,0.975839939599849,110
YBR218C,YBR218C,adjacent enzyme,string12_0_experimental,3,5998,1153,13,2709,2645,0.976375046142488,110
YCR048W,YCR048W,adjacent enzyme,string12_0_experimental,1,87,25,0,365,365,1.0,87
YCR048W,YCR048W,adjacent enzyme,string12_0_experimental,2,5113,1059,13,2623,2559,0.975600457491422,87
YCR048W,YCR048W,adjacent enzyme,string12_0_experimental,3,5995,1152,13,2701,2637,0.9763050721954831,87
YCR068W,YCR068W,adjacent enzyme,string12_0_experimental,1,63,14,1,159,154,0.9685534591194969,63
YCR068W,YCR068W,adjacent enzyme,string12_0_experimental,2,5140,1026,12,2579,2519,0.9767351686700272,63
YCR068W,YCR068W,adjacent enzyme,string12_0_experimental,3,5997,1152,13,2709,2645,0.976375046142488,63
YDL015C,YDL015C,adjacent enzyme,string12_0_experimental,1,194,64,8,299,257,0.8595317725752508,194
YDL015C,YDL015C,adjacent enzyme,string12_0_experimental,2,5281,1107,13,2665,2601,0.9759849906191369,194
YDL015C,YDL015C,adjacent enzyme,string12_0_experimental,3,6000,1153,13,2702,2638,0.9763138415988157,194
YDL040C,YDL040C,adjacent enzyme,string12_0_experimental,1,276,18,0,87,87,1.0,276
YDL040C,YDL040C,adjacent enzyme,string12_0_experimental,2,5604,1136,13,2700,2636,0.9762962962962963,276
YDL040C,YDL040C,adjacent enzyme,string12_0_experimental,3,6009,1152,13,2709,2645,0.976375046142488,276
YDL141W,YDL141W,adjacent enzyme,string12_0_experimental,1,32,8,1,20,19,0.95,32
YDL141W,YDL141W,adjacent enzyme,string12_0_experimental,2,4764,1004,13,2539,2475,0.9747932256794013,32
YDL141W,YDL141W,adjacent enzyme,string12_0_experimental,3,5990,1152,13,2708,2644,0.9763663220088626,32
YDR071C,YDR071C,adjacent enzyme,string12_0_experimental,1,98,19,0,28,28,1.0,98
YDR071C,YDR071C,adjacent enzyme,string12_0_experimental,2,5366,1094,13,2666,2602,0.9759939984996249,98
YDR071C,YDR071C,adjacent enzyme,string12_0_experimental,3,6007,1152,13,2708,2644,0.9763663220088626,98
YDR256C,YDR256C,adjacent enzyme,string12_0_experimental,1,343,143,5,495,451,0.9111111111111111,343
YDR256C,YDR256C,adjacent enzyme,string12_0_experimental,2,5544,1132,13,2692,2628,0.9762258543833581,343
YDR256C,YDR256C,adjacent enzyme,string12_0_experimental,3,6007,1153,13,2708,2644,0.9763663220088626,343
YEL066W,YEL066W,adjacent enzyme,string12_0_experimental,1,33,6,0,5,5,1.0,33
YEL066W,YEL066W,adjacent enzyme,string12_0_experimental,2,5026,1009,13,2499,2435,0.974389755902361,33
YEL066W,YEL066W,adjacent enzyme,string12_0_experimental,3,5992,1152,13,2708,2644,0.9763663220088626,33
YER024W,YER024W,adjacent enzyme,string12_0_experimental,1,66,31,1,122,104,0.8524590163934426,66
YER024W,YER024W,adjacent enzyme,string12_0_experimental,2,5052,1054,13,2473,2409,0.9741205014152851,66
YER024W,YER024W,adjacent enzyme,string12_0_experimental,3,5998,1153,13,2709,2645,0.976375046142488,66
YFL017C,YFL017C,adjacent enzyme,string12_0_experimental,1,100,36,0,54,54,1.0,100
YFL017C,YFL017C,adjacent enzyme,string12_0_experimental,2,4986,1054,13,2559,2495,0.9749902305588121,100
YFL017C,YFL017C,adjacent enzyme,string12_0_experimental,3,5991,1152,13,2708,2644,0.9763663220088626,100
YGL062W,YGL062W,adjacent enzyme,string12_0_experimental,1,127,44,3,144,141,0.9791666666666666,127
YGL062W,YGL062W,adjacent enzyme,string12_0_experimental,2,5253,1090,13,2649,2585,0.975839939599849,127
YGL062W,YGL062W,adjacent enzyme,string12_0_experimental,3,5997,1153,13,2709,2645,0.976375046142488,127
YGL169W,YGL169W,adjacent enzyme,string12_0_experimental,1,27,3,0,4,4,1.0,27
YGL169W,YGL169W,adjacent enzyme,string12_0_experimental,2,2955,432,8,1127,1086,0.963620230700976,27
YGL169W,YGL169W,adjacent enzyme,string12_0_experimental,3,5916,1152,13,2708,2644,0.9763663220088626,27
YGR015C,YGR015C,adjacent enzyme,string12_0_experimental,1,175,58,6,217,171,0.7880184331797235,175
YGR015C,YGR015C,adjacent enzyme,string12_0_experimental,2,5285,1117,13,2679,2615,0.9761104889884286,175
YGR015C,YGR015C,adjacent enzyme,string12_0_experimental,3,6001,1152,13,2708,2644,0.9763663220088626,175
YGR177C,YGR177C,adjacent enzyme,string12_0_experimental,1,80,19,0,60,60,1.0,80
YGR177C,YGR177C,adjacent enzyme,string12_0_experimental,2,4908,1041,13,2608,2544,0.9754601226993865,80
YGR177C,YGR177C,adjacent enzyme,string12_0_experimental,3,5986,1152,13,2709,2645,0.976375046142488,80
YGR209C,YGR209C,adjacent enzyme,string12_0_experimental,1,929,215,2,550,544,0.9890909090909091,929
YGR209C,YGR209C,adjacent enzyme,string12_0_experimental,2,5692,1150,13,2705,2641,0.9763401109057301,929
YGR209C,YGR209C,adjacent enzyme,string12_0_experimental,3,6012,1153,13,2705,2641,0.9763401109057301,929
YHR013C,YHR013C,adjacent enzyme,string12_0_experimental,1,285,24,0,67,67,1.0,285
YHR013C,YHR013C,adjacent enzyme,string12_0_experimental,2,5553,1139,13,2685,2621,0.9761638733705773,285
YHR013C,YHR013C,adjacent enzyme,string12_0_experimental,3,6008,1153,13,2709,2645,0.976375046142488,285
YIL124W,YIL124W,adjacent enzyme,string12_0_experimental,1,742,228,12,715,652,0.9118881118881119,742
YIL124W,YIL124W,adjacent enzyme,string12_0_experimental,2,5675,1147,13,2700,2636,0.9762962962962963,742
YIL124W,YIL124W,adjacent enzyme,string12_0_experimental,3,6011,1153,13,2701,2637,0.9763050721954831,742
YIL160C,YIL160C,adjacent enzyme,string12_0_experimental,1,407,185,8,485,438,0.9030927835051547,407
YIL160C,YIL160C,adjacent enzyme,string12_0_experimental,2,5395,1140,13,2686,2622,0.9761727475800447,407
YIL160C,YIL160C,adjacent enzyme,string12_0_experimental,3,6006,1153,13,2691,2627,0.9762170196952805,407
YIR031C,YIR031C,adjacent enzyme,string12_0_experimental,1,53,24,1,35,33,0.9428571428571428,53
YIR031C,YIR031C,adjacent enzyme,string12_0_experimental,2,4645,990,13,2316,2252,0.9723661485319517,53
YIR031C,YIR031C,adjacent enzyme,string12_0_experimental,3,5981,1152,13,2709,2645,0.976375046142488,53
YJL130C,YJL130C,adjacent enzyme,string12_0_experimental,1,479,131,1,293,285,0.9726962457337884,479
YJL130C,YJL130C,adjacent enzyme,string12_0_experimental,2,5634,1145,13,2706,2642,0.9763488543976349,479
YJL130C,YJL130C,adjacent enzyme,string12_0_experimental,3,6008,1153,13,2708,2644,0.9763663220088626,479
YJR019C,YJR019C,adjacent enzyme,string12_0_experimental,1,59,22,4,87,61,0.7011494252873564,59
YJR019C,YJR019C,adjacent enzyme,string12_0_experimental,2,4469,980,13,2463,2399,0.9740154283394235,59
YJR019C,YJR019C,adjacent enzyme,string12_0_experimental,3,5978,1152,13,2699,2635,0.9762875138940348,59
YJR109C,YJR109C,adjacent enzyme,string12_0_experimental,1,191,56,0,268,268,1.0,191
YJR109C,YJR109C,adjacent enzyme,string12_0_experimental,2,5392,1122,13,2676,2612,0.976083707025411,191
YJR109C,YJR109C,adjacent enzyme,string12_0_experimental,3,6004,1153,13,2709,2645,0.976375046142488,191
YKL094W,YKL094W,adjacent enzyme,string12_0_experimental,1,195,60,1,322,314,0.9751552795031055,195
YKL094W,YKL094W,adjacent enzyme,string12_0_experimental,2,5126,1087,13,2655,2591,0.975894538606403,195
YKL094W,YKL094W,adjacent enzyme,string12_0_experimental,3,5993,1153,13,2705,2641,0.9763401109057301,195
YKL140W,YKL140W,adjacent enzyme,string12_0_experimental,1,203,68,8,376,322,0.8563829787234043,203
YKL140W,YKL140W,adjacent enzyme,string12_0_experimental,2,5244,1105,13,2657,2593,0.9759126834776063,203
YKL140W,YKL140W,adjacent enzyme,string12_0_experimental,3,5999,1152,13,2709,2645,0.976375046142488,203
YKL188C,YKL188C,adjacent enzyme,string12_0_experimental,1,107,35,6,140,112,0.8,107
YKL188C,YKL188C,adjacent enzyme,string12_0_experimental,2,5421,1113,13,2668,2604,0.9760119940029985,107
YKL188C,YKL188C,adjacent enzyme,string12_0_experimental,3,6004,1152,13,2709,2645,0.976375046142488,107
YKR009C,YKR009C,adjacent enzyme,string12_0_experimental,1,259,85,3,315,295,0.9365079365079365,259
YKR009C,YKR009C,adjacent enzyme,string12_0_experimental,2,5434,1127,13,2656,2592,0.9759036144578314,259
YKR009C,YKR009C,adjacent enzyme,string12_0_experimental,3,6009,1153,13,2673,2609,0.9760568649457538,259
YKR067W,YKR067W,adjacent enzyme,string12_0_experimental,1,269,35,3,218,200,0.9174311926605505,269
YKR067W,YKR067W,adjacent enzyme,string12_0_experimental,2,5571,1135,13,2678,2614,0.9761015683345781,269
YKR067W,YKR067W,adjacent enzyme,string12_0_experimental,3,6005,1152,13,2697,2633,0.9762699295513534,269
YKR089C,YKR089C,adjacent enzyme,string12_0_experimental,1,43,8,0,54,50,0.9259259259259259,43
YKR089C,YKR089C,adjacent enzyme,string12_0_experimental,2,4579,915,12,2208,2146,0.9719202898550725,43
YKR089C,YKR089C,adjacent enzyme,string12_0_experimental,3,5980,1152,13,2693,2629,0.9762346825102116,43
YLL012W,YLL012W,adjacent enzyme,string12_0_experimental,1,203,69,7,316,270,0.8544303797468354,203
YLL012W,YLL012W,adjacent enzyme,string12_0_experimental,2,5241,1114,13,2663,2599,0.9759669545625235,203
YLL012W,YLL012W,adjacent enzyme,string12_0_experimental,3,5997,1153,13,2701,2637,0.9763050721954831,203
YLR043C,YLR043C,adjacent enzyme,string12_0_experimental,1,923,213,2,531,529,0.9962335216572504,923
YLR043C,YLR043C,adjacent enzyme,string12_0_experimental,2,5699,1150,13,2709,2645,0.976375046142488,923
YLR043C,YLR043C,adjacent enzyme,string12_0_experimental,3,6011,1153,13,2709,2645,0.976375046142488,923
YLR109W,YLR109W,adjacent enzyme,string12_0_experimental,1,163,46,0,104,104,1.0,163
YLR109W,YLR109W,adjacent enzyme,string12_0_experimental,2,5494,1134,13,2703,2639,0.9763226045135035,163
YLR109W,YLR109W,adjacent enzyme,string12_0_experimental,3,6009,1153,13,2709,2645,0.976375046142488,163
YLR153C,YLR153C,adjacent enzyme,string12_0_experimental,1,329,139,1,268,263,0.9813432835820896,329
YLR153C,YLR153C,adjacent enzyme,string12_0_experimental,2,5453,1135,13,2691,2627,0.9762170196952805,329
YLR153C,YLR153C,adjacent enzyme,string12_0_experimental,3,6006,1153,13,2708,2644,0.9763663220088626,329
YLR284C,YLR284C,adjacent enzyme,string12_0_experimental,1,715,211,8,563,509,0.9040852575488455,715
YLR284C,YLR284C,adjacent enzyme,string12_0_experimental,2,5610,1146,13,2702,2638,0.9763138415988157,715
YLR284C,YLR284C,adjacent enzyme,string12_0_experimental,3,6012,1153,13,2703,2639,0.9763226045135035,715
YML059C,YML059C,adjacent enzyme,string12_0_experimental,1,336,41,1,178,177,0.9943820224719101,336
YML059C,YML059C,adjacent enzyme,string12_0_experimental,2,5531,1141,13,2691,2627,0.9762170196952805,336
YML059C,YML059C,adjacent enzyme,string12_0_experimental,3,6006,1153,13,2697,2633,0.9762699295513534,336
YMR165C,YMR165C,adjacent enzyme,string12_0_experimental,1,239,49,2,520,518,0.9961538461538462,239
YMR165C,YMR165C,adjacent enzyme,string12_0_experimental,2,5436,1116,13,2666,2602,0.9759939984996249,239
YMR165C,YMR165C,adjacent enzyme,string12_0_experimental,3,6006,1152,13,2701,2637,0.9763050721954831,239
YMR313C,YMR313C,adjacent enzyme,string12_0_experimental,1,47,17,0,207,203,0.9806763285024155,47
YMR313C,YMR313C,adjacent enzyme,string12_0_experimental,2,4652,981,13,2318,2254,0.9723899913718723,47
YMR313C,YMR313C,adjacent enzyme,string12_0_experimental,3,5987,1152,13,2698,2634,0.9762787249814677,47
YNL036W,YNL036W,adjacent enzyme,string12_0_experimental,1,65,19,0,26,26,1.0,65
YNL036W,YNL036W,adjacent enzyme,string12_0_experimental,2,5176,1059,13,2507,2443,0.974471479856402,65
YNL036W,YNL036W,adjacent enzyme,string12_0_experimental,3,5997,1152,13,2708,2644,0.9763663220088626,65
YNL104C,YNL104C,adjacent enzyme,string12_0_experimental,1,96,42,2,165,143,0.8666666666666667,96
YNL104C,YNL104C,adjacent enzyme,string12_0_experimental,2,4864,1068,13,2626,2562,0.9756283320639756,96
YNL104C,YNL104C,adjacent enzyme,string12_0_experimental,3,5987,1153,13,2708,2644,0.9763663220088626,96
YNL117W,YNL117W,adjacent enzyme,string12_0_experimental,1,52,25,1,86,84,0.9767441860465116,52
YNL117W,YNL117W,adjacent enzyme,string12_0_experimental,2,5002,1056,13,2597,2533,0.9753561802079322,52
YNL117W,YNL117W,adjacent enzyme,string12_0_experimental,3,5993,1152,13,2708,2644,0.9763663220088626,52
YNL277W,YNL277W,adjacent enzyme,string12_0_experimental,1,358,162,1,420,418,0.9952380952380953,358
YNL277W,YNL277W,adjacent enzyme,string12_0_experimental,2,5417,1140,13,2702,2638,0.9763138415988157,358
YNL277W,YNL277W,adjacent enzyme,string12_0_experimental,3,6006,1153,13,2708,2644,0.9763663220088626,358
YNR019W,YNR019W,adjacent enzyme,string12_0_experimental,1,110,29,1,337,336,0.9970326409495549,110
YNR019W,YNR019W,adjacent enzyme,string12_0_experimental,2,5358,1105,13,2647,2583,0.9758216849263317,110
YNR019W,YNR019W,adjacent enzyme,string12_0_experimental,3,6003,1152,13,2709,2645,0.976375046142488,110
YOR081C,YOR081C,adjacent enzyme,string12_0_experimental,1,38,9,0,130,126,0.9692307692307692,38
YOR081C,YOR081C,adjacent enzyme,string12_0_experimental,2,5255,1054,13,2593,2529,0.975318164288469,38
YOR081C,YOR081C,adjacent enzyme,string12_0_experimental,3,6003,1152,13,2709,2645,0.976375046142488,38
YOR108W,YOR108W,adjacent enzyme,string12_0_experimental,1,94,44,2,149,127,0.8523489932885906,94
YOR108W,YOR108W,adjacent enzyme,string12_0_experimental,2,4918,1084,13,2648,2584,0.9758308157099698,94
YOR108W,YOR108W,adjacent enzyme,string12_0_experimental,3,5983,1153,13,2709,2645,0.976375046142488,94
YOR175C,YOR175C,adjacent enzyme,string12_0_experimental,1,27,11,1,86,78,0.9069767441860465,27
YOR175C,YOR175C,adjacent enzyme,string12_0_experimental,2,5082,1027,13,2567,2503,0.9750681729645501,27
YOR175C,YOR175C,adjacent enzyme,string12_0_experimental,3,5993,1152,13,2705,2641,0.9763401109057301,27
YOR245C,YOR245C,adjacent enzyme,string12_0_experimental,1,76,27,4,318,294,0.9245283018867925,76
YOR245C,YOR245C,adjacent enzyme,string12_0_experimental,2,5164,1070,13,2593,2529,0.975318164288469,76
YOR245C,YOR245C,adjacent enzyme,string12_0_experimental,3,5993,1152,13,2677,2613,0.9760926410160627,76
YOR253W,YOR253W,adjacent enzyme,string12_0_experimental,1,217,12,0,97,97,1.0,217
YOR253W,YOR253W,adjacent enzyme,string12_0_experimental,2,5488,1123,13,2668,2604,0.9760119940029985,217
YOR253W,YOR253W,adjacent enzyme,string12_0_experimental,3,6006,1152,13,2709,2645,0.976375046142488,217
YOR303W,YOR303W,adjacent enzyme,string12_0_experimental,1,137,48,0,244,244,1.0,137
YOR303W,YOR303W,adjacent enzyme,string12_0_experimental,2,5417,1112,13,2665,2601,0.9759849906191369,137
YOR303W,YOR303W,adjacent enzyme,string12_0_experimental,3,6003,1152,13,2709,2645,0.976375046142488,137
YOR311C,YOR311C,adjacent enzyme,string12_0_experimental,1,122,39,2,361,357,0.9889196675900277,122
YOR311C,YOR311C,adjacent enzyme,string12_0_experimental,2,5088,1066,13,2615,2551,0.9755258126195029,122
YOR311C,YOR311C,adjacent enzyme,string12_0_experimental,3,5988,1153,13,2701,2637,0.9763050721954831,122
YOR377W,YOR377W,adjacent enzyme,string12_0_experimental,1,75,28,0,85,85,1.0,75
YOR377W,YOR377W,adjacent enzyme,string12_0_experimental,2,4894,1024,13,2555,2491,0.9749510763209394,75
YOR377W,YOR377W,adjacent enzyme,string12_0_experimental,3,5991,1153,13,2709,2645,0.976375046142488,75
YPL028W,YPL028W,adjacent enzyme,string12_0_experimental,1,448,198,8,569,522,0.9173989455184535,448
YPL028W,YPL028W,adjacent enzyme,string12_0_experimental,2,5637,1146,13,2706,2642,0.9763488543976349,448
YPL028W,YPL028W,adjacent enzyme,string12_0_experimental,3,6011,1153,13,2707,2643,0.9763575914296269,448
YPL147W,YPL147W,adjacent enzyme,string12_0_experimental,1,109,42,6,187,159,0.8502673796791443,109
YPL147W,YPL147W,adjacent enzyme,string12_0_experimental,2,5406,1102,13,2668,2604,0.9760119940029985,109
YPL147W,YPL147W,adjacent enzyme,string12_0_experimental,3,6006,1152,13,2709,2645,0.976375046142488,109
YPR193C,YPR193C,adjacent enzyme,string12_0_experimental,1,50,11,0,17,17,1.0,50
YPR193C,YPR193C,adjacent enzyme,string12_0_experimental,2,5248,1064,13,2595,2531,0.9753371868978805,50
YPR193C,YPR193C,adjacent enzyme,string12_0_experimental,3,6001,1153,13,2709,2645,0.976375046142488,50
FKH1,YIL131C,regulator,string12_0_database,1,16,1,0,1,1,1.0,16
FKH1,YIL131C,regulator,string12_0_database,2,177,12,0,14,14,1.0,16
FKH1,YIL131C,regulator,string12_0_database,3,1218,290,1,716,713,0.9958100558659218,16
GCN5,YGR252W,regulator,string12_0_database,1,34,1,0,1,1,1.0,34
GCN5,YGR252W,regulator,string12_0_database,2,195,32,0,70,70,1.0,34
GCN5,YGR252W,regulator,string12_0_database,3,1791,548,4,1085,1072,0.9880184331797235,34
MED4,YOR174W,regulator,string12_0_database,1,27,0,0,0,0,,27
MED4,YOR174W,regulator,string12_0_database,2,394,166,3,443,416,0.9390519187358917,27
MED4,YOR174W,regulator,string12_0_database,3,2084,818,13,1735,1671,0.9631123919308358,27
OPI1,YHL020C,regulator,string12_0_database,1,0,0,0,0,0,,0
OPI1,YHL020C,regulator,string12_0_database,2,0,0,0,0,0,,0
OPI1,YHL020C,regulator,string12_0_database,3,0,0,0,0,0,,0
RFX1,YLR176C,regulator,string12_0_database,1,1,0,0,0,0,,1
RFX1,YLR176C,regulator,string12_0_database,2,4,0,0,0,0,,1
RFX1,YLR176C,regulator,string12_0_database,3,60,33,0,74,74,1.0,1
RGR1,YLR071C,regulator,string12_0_database,1,27,0,0,0,0,,27
RGR1,YLR071C,regulator,string12_0_database,2,394,166,3,443,416,0.9390519187358917,27
RGR1,YLR071C,regulator,string12_0_database,3,2084,818,13,1735,1671,0.9631123919308358,27
RPD3,YNL330C,regulator,string12_0_database,1,36,2,0,2,2,1.0,36
RPD3,YNL330C,regulator,string12_0_database,2,326,136,2,275,266,0.9672727272727273,36
RPD3,YNL330C,regulator,string12_0_database,3,2361,785,10,1682,1625,0.9661117717003567,36
SPT3,YDR392W,regulator,string12_0_database,1,23,0,0,0,0,,23
SPT3,YDR392W,regulator,string12_0_database,2,144,21,0,57,57,1.0,23
SPT3,YDR392W,regulator,string12_0_database,3,1467,462,4,888,876,0.9864864864864865,23
TFC7,YOR110W,regulator,string12_0_database,1,8,0,0,0,0,,8
TFC7,YOR110W,regulator,string12_0_database,2,104,11,0,40,40,1.0,8
TFC7,YOR110W,regulator,string12_0_database,3,891,275,1,570,562,0.9859649122807017,8
YAP6,YDR259C,regulator,string12_0_database,1,16,12,0,27,27,1.0,16
YAP6,YDR259C,regulator,string12_0_database,2,558,296,5,727,698,0.9601100412654745,16
YAP6,YDR259C,regulator,string12_0_database,3,2661,902,13,2180,2116,0.9706422018348624,16
ACC1,YNR016C,pathway enzyme,string12_0_database,1,146,89,3,270,249,0.9222222222222223,146
ACC1,YNR016C,pathway enzyme,string12_0_database,2,1218,599,11,1311,1249,0.9527078565980168,146
ACC1,YNR016C,pathway enzyme,string12_0_database,3,3131,972,12,2395,2331,0.9732776617954071,146
FAS1,YKL182W,pathway enzyme,string12_0_database,1,46,22,7,76,29,0.3815789473684211,46
FAS1,YKL182W,pathway enzyme,string12_0_database,2,760,435,11,968,906,0.9359504132231405,46
FAS1,YKL182W,pathway enzyme,string12_0_database,3,2688,947,12,2333,2269,0.9725675096442349,46
FAS2,YPL231W,pathway enzyme,string12_0_database,1,42,18,7,72,25,0.3472222222222222,42
FAS2,YPL231W,pathway enzyme,string12_0_database,2,672,384,11,910,848,0.9318681318681319,42
FAS2,YPL231W,pathway enzyme,string12_0_database,3,2576,924,12,2122,2058,0.9698397737983034,42
ELO1,YJL196C,pathway enzyme,string12_0_database,1,9,8,4,49,24,0.4897959183673469,9
ELO1,YJL196C,pathway enzyme,string12_0_database,2,330,172,12,576,514,0.8923611111111112,9
ELO1,YJL196C,pathway enzyme,string12_0_database,3,1863,839,12,1990,1928,0.9688442211055276,9
ELO2,YCR034W,pathway enzyme,string12_0_database,1,9,8,4,50,24,0.48,9
ELO2,YCR034W,pathway enzyme,string12_0_database,2,330,172,12,577,514,0.8908145580589255,9
ELO2,YCR034W,pathway enzyme,string12_0_database,3,1863,839,12,1991,1928,0.9683576092415871,9
ELO3,YLR372W,pathway enzyme,string12_0_database,1,9,8,4,50,24,0.48,9
ELO3,YLR372W,pathway enzyme,string12_0_database,2,330,172,12,577,514,0.8908145580589255,9
ELO3,YLR372W,pathway enzyme,string12_0_database,3,1863,839,12,1991,1928,0.9683576092415871,9
OLE1,YGL055W,pathway enzyme,string12_0_database,1,59,36,4,114,99,0.868421052631579,59
OLE1,YGL055W,pathway enzyme,string12_0_database,2,835,438,9,1138,1079,0.9481546572934973,59
OLE1,YGL055W,pathway enzyme,string12_0_database,3,2861,987,12,2499,2437,0.9751900760304122,59
FAA1,YOR317W,pathway enzyme,string12_0_database,1,100,45,7,289,237,0.8200692041522492,100
FAA1,YOR317W,pathway enzyme,string12_0_database,2,829,444,12,1442,1380,0.957004160887656,100
FAA1,YOR317W,pathway enzyme,string12_0_database,3,2835,988,12,2423,2361,0.974411886091622,100
FAA2,YER015W,pathway enzyme,string12_0_database,1,102,45,7,276,230,0.8333333333333334,102
FAA2,YER015W,pathway enzyme,string12_0_database,2,845,456,12,1440,1384,0.9611111111111111,102
FAA2,YER015W,pathway enzyme,string12_0_database,3,2870,990,12,2420,2364,0.9768595041322314,102
FAA3,YIL009W,pathway enzyme,string12_0_database,1,99,44,7,285,235,0.8245614035087719,99
FAA3,YIL009W,pathway enzyme,string12_0_database,2,841,453,12,1445,1385,0.9584775086505191,99
FAA3,YIL009W,pathway enzyme,string12_0_database,3,2871,990,12,2424,2364,0.9752475247524752,99
FAA4,YMR246W,pathway enzyme,string12_0_database,1,96,42,7,287,233,0.8118466898954704,96
FAA4,YMR246W,pathway enzyme,string12_0_database,2,829,443,12,1443,1379,0.9556479556479557,96
FAA4,YMR246W,pathway enzyme,string12_0_database,3,2835,988,12,2425,2361,0.9736082474226804,96
POX1,YGL205W,pathway enzyme,string12_0_database,1,200,105,11,432,388,0.8981481481481481,200
POX1,YGL205W,pathway enzyme,string12_0_database,2,1396,709,12,1638,1592,0.9719169719169719,200
POX1,YGL205W,pathway enzyme,string12_0_database,3,3269,1017,12,2515,2469,0.9817097415506958,200
SLC1,YDL052C,pathway enzyme,string12_0_database,1,118,62,6,367,313,0.8528610354223434,118
SLC1,YDL052C,pathway enzyme,string12_0_database,2,1354,611,12,1980,1916,0.9676767676767677,118
SLC1,YDL052C,pathway enzyme,string12_0_database,3,3360,1012,12,2515,2451,0.9745526838966203,118
YAL054C,YAL054C,adjacent enzyme,string12_0_database,1,241,131,2,437,418,0.9565217391304348,241
YAL054C,YAL054C,adjacent enzyme,string12_0_database,2,1506,749,13,1682,1618,0.9619500594530321,241
YAL054C,YAL054C,adjacent enzyme,string12_0_database,3,3286,1017,13,2475,2411,0.9741414141414141,241
YAR035W,YAR035W,adjacent enzyme,string12_0_database,1,2,2,0,3,3,1.0,2
YAR035W,YAR035W,adjacent enzyme,string12_0_database,2,18,10,1,43,25,0.5813953488372093,2
YAR035W,YAR035W,adjacent enzyme,string12_0_database,3,582,344,13,779,715,0.9178433889602053,2
YBL011W,YBL011W,adjacent enzyme,string12_0_database,1,35,21,1,164,156,0.9512195121951219,35
YBL011W,YBL011W,adjacent enzyme,string12_0_database,2,622,337,8,1463,1408,0.9624060150375939,35
YBL011W,YBL011W,adjacent enzyme,string12_0_database,3,2647,963,13,2390,2326,0.9732217573221758,35
YBR029C,YBR029C,adjacent enzyme,string12_0_database,1,22,19,1,203,195,0.9605911330049262,22
YBR029C,YBR029C,adjacent enzyme,string12_0_database,2,462,255,7,1389,1335,0.9611231101511879,22
YBR029C,YBR029C,adjacent enzyme,string12_0_database,3,2411,934,13,2411,2347,0.9734549979261717,22
YBR041W,YBR041W,adjacent enzyme,string12_0_database,1,23,1,1,18,0,0.0,23
YBR041W,YBR041W,adjacent enzyme,string12_0_database,2,242,110,12,441,379,0.8594104308390023,23
YBR041W,YBR041W,adjacent enzyme,string12_0_database,3,1415,710,13,1644,1580,0.9610705596107056,23
YBR042C,YBR042C,adjacent enzyme,string12_0_database,1,94,49,7,234,180,0.7692307692307693,94
YBR042C,YBR042C,adjacent enzyme,string12_0_database,2,1182,561,13,1790,1726,0.964245810055866,94
YBR042C,YBR042C,adjacent enzyme,string12_0_database,3,3171,1004,13,2504,2440,0.9744408945686901,94
YBR159W,YBR159W,adjacent enzyme,string12_0_database,1,157,71,5,275,248,0.9018181818181819,157
YBR159W,YBR159W,adjacent enzyme,string12_0_database,2,1377,648,13,1552,1488,0.9587628865979382,157
YBR159W,YBR159W,adjacent enzyme,string12_0_database,3,3177,1011,13,2505,2441,0.9744510978043912,157
YBR204C,YBR204C,adjacent enzyme,string12_0_database,1,0,0,0,0,0,,0
YBR204C,YBR204C,adjacent enzyme,string12_0_database,2,0,0,0,0,0,,0
YBR204C,YBR204C,adjacent enzyme,string12_0_database,3,0,0,0,0,0,,0
YBR208C,YBR208C,adjacent enzyme,string12_0_database,1,221,125,2,332,313,0.9427710843373494,221
YBR208C,YBR208C,adjacent enzyme,string12_0_database,2,1438,666,13,1476,1412,0.9566395663956639,221
YBR208C,YBR208C,adjacent enzyme,string12_0_database,3,3406,1011,13,2431,2367,0.9736733854380913,221
YBR218C,YBR218C,adjacent enzyme,string12_0_database,1,79,59,2,93,74,0.7956989247311828,79
YBR218C,YBR218C,adjacent enzyme,string12_0_database,2,1120,585,13,1186,1122,0.9460370994940978,79
YBR218C,YBR218C,adjacent enzyme,string12_0_database,3,3048,997,13,2487,2423,0.9742661841576197,79
YCR048W,YCR048W,adjacent enzyme,string12_0_database,1,16,12,0,134,134,1.0,16
YCR048W,YCR048W,adjacent enzyme,string12_0_database,2,241,143,6,1010,958,0.9485148514851485,16
YCR048W,YCR048W,adjacent enzyme,string12_0_database,3,1677,820,13,2221,2157,0.9711841512832058,16
YCR068W,YCR068W,adjacent enzyme,string12_0_database,1,15,15,4,345,315,0.9130434782608695,15
YCR068W,YCR068W,adjacent enzyme,string12_0_database,2,226,138,8,1089,1035,0.9504132231404959,15
YCR068W,YCR068W,adjacent enzyme,string12_0_database,3,1732,804,13,2163,2099,0.9704114655570967,15
YDL015C,YDL015C,adjacent enzyme,string12_0_database,1,14,10,4,43,34,0.7906976744186046,14
YDL015C,YDL015C,adjacent enzyme,string12_0_database,2,339,167,11,487,425,0.8726899383983573,14
YDL015C,YDL015C,adjacent enzyme,string12_0_database,3,1862,828,13,1905,1841,0.9664041994750656,14
YDL040C,YDL040C,adjacent enzyme,string12_0_database,1,7,2,0,1,1,1.0,7
YDL040C,YDL040C,adjacent enzyme,string12_0_database,2,42,5,0,3,3,1.0,7
YDL040C,YDL040C,adjacent enzyme,string12_0_database,3,380,88,1,179,161,0.8994413407821229,7
YDL141W,YDL141W,adjacent enzyme,string12_0_database,1,9,9,1,7,6,0.8571428571428571,9
YDL141W,YDL141W,adjacent enzyme,string12_0_database,2,268,174,4,428,407,0.9509345794392523,9
YDL141W,YDL141W,adjacent enzyme,string12_0_database,3,1741,783,13,1638,1574,0.960927960927961,9
YDR071C,YDR071C,adjacent enzyme,string12_0_database,1,21,9,0,9,9,1.0,21
YDR071C,YDR071C,adjacent enzyme,string12_0_database,2,399,233,0,443,442,0.9977426636568849,21
YDR071C,YDR071C,adjacent enzyme,string12_0_database,3,2198,869,10,1858,1801,0.9693218514531755,21
YDR256C,YDR256C,adjacent enzyme,string12_0_database,1,39,24,1,83,65,0.7831325301204819,39
YDR256C,YDR256C,adjacent enzyme,string12_0_database,2,835,457,13,958,894,0.9331941544885177,39
YDR256C,YDR256C,adjacent enzyme,string12_0_database,3,2689,962,13,2047,1983,0.9687347337567171,39
YEL066W,YEL066W,adjacent enzyme,string12_0_database,1,20,10,0,10,10,1.0,20
YEL066W,YEL066W,adjacent enzyme,string12_0_database,2,336,199,0,377,376,0.9973474801061007,20
YEL066W,YEL066W,adjacent enzyme,string12_0_database,3,1948,801,10,1757,1700,0.9675583380762663,20
YER024W,YER024W,adjacent enzyme,string12_0_database,1,2,2,0,3,3,1.0,2
YER024W,YER024W,adjacent enzyme,string12_0_database,2,18,10,1,43,25,0.5813953488372093,2
YER024W,YER024W,adjacent enzyme,string12_0_database,3,582,344,13,779,715,0.9178433889602053,2
YFL017C,YFL017C,adjacent enzyme,string12_0_database,1,25,14,0,17,17,1.0,25
YFL017C,YFL017C,adjacent enzyme,string12_0_database,2,403,240,0,450,449,0.9977777777777778,25
YFL017C,YFL017C,adjacent enzyme,string12_0_database,3,2199,869,10,1859,1802,0.9693383539537386,25
YGL062W,YGL062W,adjacent enzyme,string12_0_database,1,83,61,2,95,76,0.8,83
YGL062W,YGL062W,adjacent enzyme,string12_0_database,2,1136,596,13,1202,1138,0.9467554076539102,83
YGL062W,YGL062W,adjacent enzyme,string12_0_database,3,3053,998,13,2487,2423,0.9742661841576197,83
YGL169W,YGL169W,adjacent enzyme,string12_0_database,1,16,12,0,12,12,1.0,16
YGL169W,YGL169W,adjacent enzyme,string12_0_database,2,359,229,2,420,411,0.9785714285714285,16
YGL169W,YGL169W,adjacent enzyme,string12_0_database,3,2173,836,10,1915,1858,0.9702349869451697,16
YGR015C,YGR015C,adjacent enzyme,string12_0_database,1,139,67,5,262,218,0.8320610687022901,139
YGR015C,YGR015C,adjacent enzyme,string12_0_database,2,1358,677,13,1601,1537,0.9600249843847595,139
YGR015C,YGR015C,adjacent enzyme,string12_0_database,3,3356,1019,13,2531,2467,0.9747135519557487,139
YGR177C,YGR177C,adjacent enzyme,string12_0_database,1,15,11,0,3,3,1.0,15
YGR177C,YGR177C,adjacent enzyme,string12_0_database,2,152,79,0,203,203,1.0,15
YGR177C,YGR177C,adjacent enzyme,string12_0_database,3,1554,639,10,1609,1552,0.9645742697327533,15
YGR209C,YGR209C,adjacent enzyme,string12_0_database,1,17,16,0,25,25,1.0,17
YGR209C,YGR209C,adjacent enzyme,string12_0_database,2,522,288,4,467,454,0.9721627408993576,17
YGR209C,YGR209C,adjacent enzyme,string12_0_database,3,2606,892,13,1975,1911,0.9675949367088608,17
YHR013C,YHR013C,adjacent enzyme,string12_0_database,1,7,2,0,1,1,1.0,7
YHR013C,YHR013C,adjacent enzyme,string12_0_database,2,42,5,0,3,3,1.0,7
YHR013C,YHR013C,adjacent enzyme,string12_0_database,3,380,88,1,179,161,0.8994413407821229,7
YIL124W,YIL124W,adjacent enzyme,string12_0_database,1,257,150,3,438,411,0.9383561643835616,257
YIL124W,YIL124W,adjacent enzyme,string12_0_database,2,1647,814,13,1922,1858,0.9667013527575442,257
YIL124W,YIL124W,adjacent enzyme,string12_0_database,3,3417,1025,13,2529,2465,0.9746935547647292,257
YIL160C,YIL160C,adjacent enzyme,string12_0_database,1,146,69,2,288,269,0.9340277777777778,146
YIL160C,YIL160C,adjacent enzyme,string12_0_database,2,1403,651,13,1365,1301,0.9531135531135531,146
YIL160C,YIL160C,adjacent enzyme,string12_0_database,3,3302,1017,13,2512,2448,0.9745222929936306,146
YIR031C,YIR031C,adjacent enzyme,string12_0_database,1,79,64,1,92,91,0.9891304347826086,79
YIR031C,YIR031C,adjacent enzyme,string12_0_database,2,1039,552,9,1137,1082,0.951627088830255,79
YIR031C,YIR031C,adjacent enzyme,string12_0_database,3,2882,987,13,2451,2387,0.9738882088943288,79
YJL130C,YJL130C,adjacent enzyme,string12_0_database,1,84,63,1,87,86,0.9885057471264368,84
YJL130C,YJL130C,adjacent enzyme,string12_0_database,2,1014,539,5,1055,1032,0.9781990521327014,84
YJL130C,YJL130C,adjacent enzyme,string12_0_database,3,3077,979,13,2391,2327,0.97323295692179,84
YJR019C,YJR019C,adjacent enzyme,string12_0_database,1,26,16,2,49,29,0.5918367346938775,26
YJR019C,YJR019C,adjacent enzyme,string12_0_database,2,778,421,13,905,841,0.9292817679558011,26
YJR019C,YJR019C,adjacent enzyme,string12_0_database,3,2611,942,13,2199,2135,0.9708958617553434,26
YJR109C,YJR109C,adjacent enzyme,string12_0_database,1,76,56,1,77,76,0.987012987012987,76
YJR109C,YJR109C,adjacent enzyme,string12_0_database,2,950,512,5,1001,978,0.977022977022977,76
YJR109C,YJR109C,adjacent enzyme,string12_0_database,3,2952,948,13,2365,2301,0.972938689217759,76
YKL094W,YKL094W,adjacent enzyme,string12_0_database,1,49,36,5,288,240,0.8333333333333334,49
YKL094W,YKL094W,adjacent enzyme,string12_0_database,2,888,481,12,1487,1425,0.9583053127101546,49
YKL094W,YKL094W,adjacent enzyme,string12_0_database,3,2714,948,13,2368,2304,0.972972972972973,49
YKL140W,YKL140W,adjacent enzyme,string12_0_database,1,143,71,5,353,305,0.8640226628895185,143
YKL140W,YKL140W,adjacent enzyme,string12_0_database,2,1377,687,13,1798,1734,0.96440489432703,143
YKL140W,YKL140W,adjacent enzyme,string12_0_database,3,3363,1019,13,2532,2468,0.9747235387045814,143
YKL188C,YKL188C,adjacent enzyme,string12_0_database,1,14,6,0,43,43,1.0,14
YKL188C,YKL188C,adjacent enzyme,string12_0_database,2,597,317,9,788,732,0.9289340101522843,14
YKL188C,YKL188C,adjacent enzyme,string12_0_database,3,2714,933,13,1981,1917,0.9676930843008581,14
YKR009C,YKR009C,adjacent enzyme,string12_0_database,1,121,52,5,275,231,0.84,121
YKR009C,YKR009C,adjacent enzyme,string12_0_database,2,1032,519,13,1158,1094,0.9447322970639033,121
YKR009C,YKR009C,adjacent enzyme,string12_0_database,3,3057,989,13,2162,2098,0.9703977798334875,121
YKR067W,YKR067W,adjacent enzyme,string12_0_database,1,35,21,1,152,144,0.9473684210526315,35
YKR067W,YKR067W,adjacent enzyme,string12_0_database,2,622,337,8,1451,1396,0.9620951068228808,35
YKR067W,YKR067W,adjacent enzyme,string12_0_database,3,2647,963,13,2378,2314,0.9730866274179983,35
YKR089C,YKR089C,adjacent enzyme,string12_0_database,1,43,39,5,529,495,0.9357277882797732,43
YKR089C,YKR089C,adjacent enzyme,string12_0_database,2,611,355,10,1479,1422,0.9614604462474645,43
YKR089C,YKR089C,adjacent enzyme,string12_0_database,3,2725,974,13,2395,2331,0.9732776617954071,43
YLL012W,YLL012W,adjacent enzyme,string12_0_database,1,140,69,5,300,256,0.8533333333333334,140
YLL012W,YLL012W,adjacent enzyme,string12_0_database,2,1368,679,13,1617,1553,0.9604205318491033,140
YLL012W,YLL012W,adjacent enzyme,string12_0_database,3,3371,1019,13,2524,2460,0.9746434231378764,140
YLR043C,YLR043C,adjacent enzyme,string12_0_database,1,19,17,0,25,25,1.0,19
YLR043C,YLR043C,adjacent enzyme,string12_0_database,2,524,288,4,471,458,0.9723991507430998,19
YLR043C,YLR043C,adjacent enzyme,string12_0_database,3,2606,892,13,1979,1915,0.9676604345629105,19
YLR109W,YLR109W,adjacent enzyme,string12_0_database,1,6,4,0,16,16,1.0,6
YLR109W,YLR109W,adjacent enzyme,string12_0_database,2,326,193,1,489,471,0.9631901840490797,6
YLR109W,YLR109W,adjacent enzyme,string12_0_database,3,1756,799,13,2040,1976,0.9686274509803922,6
YLR153C,YLR153C,adjacent enzyme,string12_0_database,1,240,131,2,437,418,0.9565217391304348,240
YLR153C,YLR153C,adjacent enzyme,string12_0_database,2,1506,749,13,1682,1618,0.9619500594530321,240
YLR153C,YLR153C,adjacent enzyme,string12_0_database,3,3286,1017,13,2475,2411,0.9741414141414141,240
YLR284C,YLR284C,adjacent enzyme,string12_0_database,1,187,102,6,372,327,0.8790322580645161,187
YLR284C,YLR284C,adjacent enzyme,string12_0_database,2,1417,685,13,1482,1418,0.9568151147098516,187
YLR284C,YLR284C,adjacent enzyme,string12_0_database,3,3321,1008,13,2327,2263,0.9724967769660507,187
YML059C,YML059C,adjacent enzyme,string12_0_database,1,66,48,0,206,198,0.9611650485436893,66
YML059C,YML059C,adjacent enzyme,string12_0_database,2,903,526,8,1485,1430,0.9629629629629629,66
YML059C,YML059C,adjacent enzyme,string12_0_database,3,2878,992,13,2426,2362,0.9736191261335532,66
YMR165C,YMR165C,adjacent enzyme,string12_0_database,1,24,24,1,384,376,0.9791666666666666,24
YMR165C,YMR165C,adjacent enzyme,string12_0_database,2,268,158,7,1069,1015,0.9494855004677268,24
YMR165C,YMR165C,adjacent enzyme,string12_0_database,3,2050,870,13,2216,2152,0.9711191335740073,24
YMR313C,YMR313C,adjacent enzyme,string12_0_database,1,18,15,4,334,304,0.9101796407185628,18
YMR313C,YMR313C,adjacent enzyme,string12_0_database,2,244,148,8,1091,1037,0.9505041246562786,18
YMR313C,YMR313C,adjacent enzyme,string12_0_database,3,1810,827,13,2162,2098,0.9703977798334875,18
YNL036W,YNL036W,adjacent enzyme,string12_0_database,1,3,3,1,4,3,0.75,3
YNL036W,YNL036W,adjacent enzyme,string12_0_database,2,263,163,4,395,374,0.9468354430379747,3
YNL036W,YNL036W,adjacent enzyme,string12_0_database,3,1561,724,13,1613,1549,0.9603223806571606,3
YNL104C,YNL104C,adjacent enzyme,string12_0_database,1,104,75,1,218,217,0.9954128440366973,104
YNL104C,YNL104C,adjacent enzyme,string12_0_database,2,1239,623,10,1345,1288,0.9576208178438662,104
YNL104C,YNL104C,adjacent enzyme,string12_0_database,3,3121,1001,13,2405,2341,0.9733887733887734,104
YNL117W,YNL117W,adjacent enzyme,string12_0_database,1,82,66,1,100,99,0.99,82
YNL117W,YNL117W,adjacent enzyme,string12_0_database,2,1044,555,9,1139,1084,0.95171202809482,82
YNL117W,YNL117W,adjacent enzyme,string12_0_database,3,2885,988,13,2451,2387,0.9738882088943288,82
YNL277W,YNL277W,adjacent enzyme,string12_0_database,1,316,187,6,546,500,0.9157509157509157,316
YNL277W,YNL277W,adjacent enzyme,string12_0_database,2,1809,861,13,1802,1738,0.9644839067702553,316
YNL277W,YNL277W,adjacent enzyme,string12_0_database,3,3493,1024,13,2537,2473,0.974773354355538,316
YNR019W,YNR019W,adjacent enzyme,string12_0_database,1,16,12,0,142,142,1.0,16
YNR019W,YNR019W,adjacent enzyme,string12_0_database,2,241,144,6,1018,966,0.9489194499017681,16
YNR019W,YNR019W,adjacent enzyme,string12_0_database,3,1677,820,13,2229,2165,0.9712875729026469,16
YOR081C,YOR081C,adjacent enzyme,string12_0_database,1,43,39,5,545,511,0.9376146788990826,43
YOR081C,YOR081C,adjacent enzyme,string12_0_database,2,611,355,10,1495,1438,0.9618729096989966,43
YOR081C,YOR081C,adjacent enzyme,string12_0_database,3,2725,974,13,2411,2347,0.9734549979261717,43
YOR108W,YOR108W,adjacent enzyme,string12_0_database,1,103,74,1,218,217,0.9954128440366973,103
YOR108W,YOR108W,adjacent enzyme,string12_0_database,2,1227,611,10,1333,1276,0.9572393098274569,103
YOR108W,YOR108W,adjacent enzyme,string12_0_database,3,3120,1000,13,2401,2337,0.973344439816743,103
YOR175C,YOR175C,adjacent enzyme,string12_0_database,1,51,39,5,383,349,0.9112271540469974,51
YOR175C,YOR175C,adjacent enzyme,string12_0_database,2,680,361,10,1538,1481,0.9629388816644994,51
YOR175C,YOR175C,adjacent enzyme,string12_0_database,3,2858,984,13,2477,2413,0.9741622930964877,51
YOR245C,YOR245C,adjacent enzyme,string12_0_database,1,15,14,0,258,254,0.9844961240310077,15
YOR245C,YOR245C,adjacent enzyme,string12_0_database,2,190,136,6,1018,966,0.9489194499017681,15
YOR245C,YOR245C,adjacent enzyme,string12_0_database,3,1686,797,13,2128,2064,0.9699248120300752,15
YOR253W,YOR253W,adjacent enzyme,string12_0_database,1,12,5,0,3,3,1.0,12
YOR253W,YOR253W,adjacent enzyme,string12_0_database,2,238,84,1,177,159,0.8983050847457628,12
YOR253W,YOR253W,adjacent enzyme,string12_0_database,3,1820,645,13,1403,1339,0.9543834640057021,12
YOR303W,YOR303W,adjacent enzyme,string12_0_database,1,76,56,1,77,76,0.987012987012987,76
YOR303W,YOR303W,adjacent enzyme,string12_0_database,2,950,512,5,1001,978,0.977022977022977,76
YOR303W,YOR303W,adjacent enzyme,string12_0_database,3,2952,948,13,2365,2301,0.972938689217759,76
YOR311C,YOR311C,adjacent enzyme,string12_0_database,1,38,30,4,234,208,0.8888888888888888,38
YOR311C,YOR311C,adjacent enzyme,string12_0_database,2,646,364,9,1588,1532,0.964735516372796,38
YOR311C,YOR311C,adjacent enzyme,string12_0_database,3,2716,968,13,2460,2396,0.9739837398373984,38
YOR377W,YOR377W,adjacent enzyme,string12_0_database,1,15,11,0,3,3,1.0,15
YOR377W,YOR377W,adjacent enzyme,string12_0_database,2,152,79,0,203,203,1.0,15
YOR377W,YOR377W,adjacent enzyme,string12_0_database,3,1554,639,10,1609,1552,0.9645742697327533,15
YPL028W,YPL028W,adjacent enzyme,string12_0_database,1,126,67,2,303,284,0.9372937293729373,126
YPL028W,YPL028W,adjacent enzyme,string12_0_database,2,1310,625,13,1349,1285,0.9525574499629355,126
YPL028W,YPL028W,adjacent enzyme,string12_0_database,3,3198,1005,13,2514,2450,0.9745425616547335,126
YPL147W,YPL147W,adjacent enzyme,string12_0_database,1,5,5,0,25,25,1.0,5
YPL147W,YPL147W,adjacent enzyme,string12_0_database,2,243,142,2,265,263,0.9924528301886792,5
YPL147W,YPL147W,adjacent enzyme,string12_0_database,3,2056,749,10,1422,1365,0.959915611814346,5
YPR193C,YPR193C,adjacent enzyme,string12_0_database,1,20,10,0,11,11,1.0,20
YPR193C,YPR193C,adjacent enzyme,string12_0_database,2,336,199,0,378,377,0.9973544973544973,20
YPR193C,YPR193C,adjacent enzyme,string12_0_database,3,1948,801,10,1758,1701,0.9675767918088737,20
FKH1,YIL131C,regulator,yeast9_metabolic,1,0,0,0,0,0,,0
FKH1,YIL131C,regulator,yeast9_metabolic,2,0,0,0,0,0,,0
FKH1,YIL131C,regulator,yeast9_metabolic,3,0,0,0,0,0,,0
GCN5,YGR252W,regulator,yeast9_metabolic,1,0,0,0,0,0,,0
GCN5,YGR252W,regulator,yeast9_metabolic,2,0,0,0,0,0,,0
GCN5,YGR252W,regulator,yeast9_metabolic,3,0,0,0,0,0,,0
MED4,YOR174W,regulator,yeast9_metabolic,1,0,0,0,0,0,,0
MED4,YOR174W,regulator,yeast9_metabolic,2,0,0,0,0,0,,0
MED4,YOR174W,regulator,yeast9_metabolic,3,0,0,0,0,0,,0
OPI1,YHL020C,regulator,yeast9_metabolic,1,0,0,0,0,0,,0
OPI1,YHL020C,regulator,yeast9_metabolic,2,0,0,0,0,0,,0
OPI1,YHL020C,regulator,yeast9_metabolic,3,0,0,0,0,0,,0
RFX1,YLR176C,regulator,yeast9_metabolic,1,0,0,0,0,0,,0
RFX1,YLR176C,regulator,yeast9_metabolic,2,0,0,0,0,0,,0
RFX1,YLR176C,regulator,yeast9_metabolic,3,0,0,0,0,0,,0
RGR1,YLR071C,regulator,yeast9_metabolic,1,0,0,0,0,0,,0
RGR1,YLR071C,regulator,yeast9_metabolic,2,0,0,0,0,0,,0
RGR1,YLR071C,regulator,yeast9_metabolic,3,0,0,0,0,0,,0
RPD3,YNL330C,regulator,yeast9_metabolic,1,0,0,0,0,0,,0
RPD3,YNL330C,regulator,yeast9_metabolic,2,0,0,0,0,0,,0
RPD3,YNL330C,regulator,yeast9_metabolic,3,0,0,0,0,0,,0
SPT3,YDR392W,regulator,yeast9_metabolic,1,0,0,0,0,0,,0
SPT3,YDR392W,regulator,yeast9_metabolic,2,0,0,0,0,0,,0
SPT3,YDR392W,regulator,yeast9_metabolic,3,0,0,0,0,0,,0
TFC7,YOR110W,regulator,yeast9_metabolic,1,0,0,0,0,0,,0
TFC7,YOR110W,regulator,yeast9_metabolic,2,0,0,0,0,0,,0
TFC7,YOR110W,regulator,yeast9_metabolic,3,0,0,0,0,0,,0
YAP6,YDR259C,regulator,yeast9_metabolic,1,0,0,0,0,0,,0
YAP6,YDR259C,regulator,yeast9_metabolic,2,0,0,0,0,0,,0
YAP6,YDR259C,regulator,yeast9_metabolic,3,0,0,0,0,0,,0
ACC1,YNR016C,pathway enzyme,yeast9_metabolic,1,31,31,2,37,34,0.918918918918919,31
ACC1,YNR016C,pathway enzyme,yeast9_metabolic,2,228,228,2,429,426,0.993006993006993,31
ACC1,YNR016C,pathway enzyme,yeast9_metabolic,3,689,689,4,1053,1022,0.9705603038936372,31
FAS1,YKL182W,pathway enzyme,yeast9_metabolic,1,25,25,2,45,42,0.9333333333333333,25
FAS1,YKL182W,pathway enzyme,yeast9_metabolic,2,129,129,4,348,317,0.9109195402298851,25
FAS1,YKL182W,pathway enzyme,yeast9_metabolic,3,551,551,9,899,847,0.9421579532814238,25
FAS2,YPL231W,pathway enzyme,yeast9_metabolic,1,25,25,2,45,42,0.9333333333333333,25
FAS2,YPL231W,pathway enzyme,yeast9_metabolic,2,129,129,4,348,317,0.9109195402298851,25
FAS2,YPL231W,pathway enzyme,yeast9_metabolic,3,551,551,9,899,847,0.9421579532814238,25
ELO1,YJL196C,pathway enzyme,yeast9_metabolic,1,6,6,4,33,14,0.42424242424242425,6
ELO1,YJL196C,pathway enzyme,yeast9_metabolic,2,28,28,8,257,216,0.8404669260700389,6
ELO1,YJL196C,pathway enzyme,yeast9_metabolic,3,44,44,9,558,499,0.8942652329749103,6
ELO2,YCR034W,pathway enzyme,yeast9_metabolic,1,14,14,5,141,119,0.8439716312056738,14
ELO2,YCR034W,pathway enzyme,yeast9_metabolic,2,40,40,8,493,451,0.9148073022312373,14
ELO2,YCR034W,pathway enzyme,yeast9_metabolic,3,74,74,11,820,758,0.9243902439024391,14
ELO3,YLR372W,pathway enzyme,yeast9_metabolic,1,13,13,5,141,119,0.8439716312056738,13
ELO3,YLR372W,pathway enzyme,yeast9_metabolic,2,40,40,8,493,451,0.9148073022312373,13
ELO3,YLR372W,pathway enzyme,yeast9_metabolic,3,74,74,11,820,758,0.9243902439024391,13
OLE1,YGL055W,pathway enzyme,yeast9_metabolic,1,13,13,5,130,103,0.7923076923076923,13
OLE1,YGL055W,pathway enzyme,yeast9_metabolic,2,37,37,8,480,439,0.9145833333333333,13
OLE1,YGL055W,pathway enzyme,yeast9_metabolic,3,64,64,9,849,790,0.9305064782096584,13
FAA1,YOR317W,pathway enzyme,yeast9_metabolic,1,25,25,8,230,189,0.8217391304347826,25
FAA1,YOR317W,pathway enzyme,yeast9_metabolic,2,43,43,9,557,498,0.8940754039497307,25
FAA1,YOR317W,pathway enzyme,yeast9_metabolic,3,75,75,11,908,847,0.9328193832599119,25
FAA2,YER015W,pathway enzyme,yeast9_metabolic,1,9,9,4,92,56,0.6086956521739131,9
FAA2,YER015W,pathway enzyme,yeast9_metabolic,2,43,43,11,358,303,0.8463687150837989,9
FAA2,YER015W,pathway enzyme,yeast9_metabolic,3,177,177,12,824,768,0.9320388349514563,9
FAA3,YIL009W,pathway enzyme,yeast9_metabolic,1,3,3,3,22,0,0.0,3
FAA3,YIL009W,pathway enzyme,yeast9_metabolic,2,31,31,9,302,245,0.8112582781456954,3
FAA3,YIL009W,pathway enzyme,yeast9_metabolic,3,55,55,11,615,556,0.9040650406504065,3
FAA4,YMR246W,pathway enzyme,yeast9_metabolic,1,25,25,8,232,189,0.8146551724137931,25
FAA4,YMR246W,pathway enzyme,yeast9_metabolic,2,43,43,9,559,498,0.8908765652951699,25
FAA4,YMR246W,pathway enzyme,yeast9_metabolic,3,75,75,11,910,847,0.9307692307692308,25
POX1,YGL205W,pathway enzyme,yeast9_metabolic,1,11,11,1,105,95,0.9047619047619048,11
POX1,YGL205W,pathway enzyme,yeast9_metabolic,2,82,82,6,255,227,0.8901960784313725,11
POX1,YGL205W,pathway enzyme,yeast9_metabolic,3,425,425,12,970,924,0.9525773195876288,11
SLC1,YDL052C,pathway enzyme,yeast9_metabolic,1,16,16,3,216,192,0.8888888888888888,16
SLC1,YDL052C,pathway enzyme,yeast9_metabolic,2,37,37,8,478,435,0.9100418410041841,16
SLC1,YDL052C,pathway enzyme,yeast9_metabolic,3,85,85,9,1010,949,0.9396039603960396,16
YAL054C,YAL054C,adjacent enzyme,yeast9_metabolic,1,51,51,3,107,104,0.9719626168224299,51
YAL054C,YAL054C,adjacent enzyme,yeast9_metabolic,2,264,264,3,455,452,0.9934065934065934,51
YAL054C,YAL054C,adjacent enzyme,yeast9_metabolic,3,661,661,5,1004,973,0.9691235059760956,51
YAR035W,YAR035W,adjacent enzyme,yeast9_metabolic,1,25,25,3,35,32,0.9142857142857143,25
YAR035W,YAR035W,adjacent enzyme,yeast9_metabolic,2,129,129,3,302,299,0.9900662251655629,25
YAR035W,YAR035W,adjacent enzyme,yeast9_metabolic,3,571,571,5,886,855,0.9650112866817155,25
YBL011W,YBL011W,adjacent enzyme,yeast9_metabolic,1,12,12,5,137,109,0.7956204379562044,12
YBL011W,YBL011W,adjacent enzyme,yeast9_metabolic,2,35,35,9,441,398,0.9024943310657596,12
YBL011W,YBL011W,adjacent enzyme,yeast9_metabolic,3,50,50,10,640,579,0.9046875,12
YBR029C,YBR029C,adjacent enzyme,yeast9_metabolic,1,9,9,1,92,84,0.9130434782608695,9
YBR029C,YBR029C,adjacent enzyme,yeast9_metabolic,2,62,62,4,816,792,0.9705882352941176,9
YBR029C,YBR029C,adjacent enzyme,yeast9_metabolic,3,436,436,10,1607,1546,0.9620410703173615,9
YBR041W,YBR041W,adjacent enzyme,yeast9_metabolic,1,8,8,3,48,33,0.6875,8
YBR041W,YBR041W,adjacent enzyme,yeast9_metabolic,2,36,36,11,228,173,0.7587719298245614,8
YBR041W,YBR041W,adjacent enzyme,yeast9_metabolic,3,153,153,13,722,658,0.9113573407202216,8
YBR042C,YBR042C,adjacent enzyme,yeast9_metabolic,1,12,12,5,159,138,0.8679245283018868,12
YBR042C,YBR042C,adjacent enzyme,yeast9_metabolic,2,52,52,9,699,656,0.9384835479256081,12
YBR042C,YBR042C,adjacent enzyme,yeast9_metabolic,3,245,245,10,1124,1063,0.9457295373665481,12
YBR159W,YBR159W,adjacent enzyme,yeast9_metabolic,1,4,4,3,14,7,0.5,4
YBR159W,YBR159W,adjacent enzyme,yeast9_metabolic,2,15,15,6,142,119,0.8380281690140845,4
YBR159W,YBR159W,adjacent enzyme,yeast9_metabolic,3,40,40,9,487,444,0.9117043121149897,4
YBR204C,YBR204C,adjacent enzyme,yeast9_metabolic,1,10,10,2,156,138,0.8846153846153846,10
YBR204C,YBR204C,adjacent enzyme,yeast9_metabolic,2,31,31,9,400,357,0.8925,10
YBR204C,YBR204C,adjacent enzyme,yeast9_metabolic,3,46,46,10,591,530,0.8967851099830795,10
YBR208C,YBR208C,adjacent enzyme,yeast9_metabolic,1,50,50,1,58,57,0.9827586206896551,50
YBR208C,YBR208C,adjacent enzyme,yeast9_metabolic,2,323,323,3,524,521,0.9942748091603053,50
YBR208C,YBR208C,adjacent enzyme,yeast9_metabolic,3,704,704,4,1064,1043,0.9802631578947368,50
YBR218C,YBR218C,adjacent enzyme,yeast9_metabolic,1,42,42,1,78,77,0.9871794871794872,42
YBR218C,YBR218C,adjacent enzyme,yeast9_metabolic,2,372,372,3,480,477,0.99375,42
YBR218C,YBR218C,adjacent enzyme,yeast9_metabolic,3,686,686,4,984,963,0.9786585365853658,42
YCR048W,YCR048W,adjacent enzyme,yeast9_metabolic,1,18,18,6,284,255,0.897887323943662,18
YCR048W,YCR048W,adjacent enzyme,yeast9_metabolic,2,41,41,9,522,479,0.9176245210727969,18
YCR048W,YCR048W,adjacent enzyme,yeast9_metabolic,3,69,69,10,912,851,0.9331140350877193,18
YCR068W,YCR068W,adjacent enzyme,yeast9_metabolic,1,10,10,2,156,138,0.8846153846153846,10
YCR068W,YCR068W,adjacent enzyme,yeast9_metabolic,2,31,31,9,400,357,0.8925,10
YCR068W,YCR068W,adjacent enzyme,yeast9_metabolic,3,46,46,10,591,530,0.8967851099830795,10
YDL015C,YDL015C,adjacent enzyme,yeast9_metabolic,1,14,14,6,135,112,0.8296296296296296,14
YDL015C,YDL015C,adjacent enzyme,yeast9_metabolic,2,40,40,9,487,444,0.9117043121149897,14
YDL015C,YDL015C,adjacent enzyme,yeast9_metabolic,3,74,74,12,814,751,0.9226044226044227,14
YDL040C,YDL040C,adjacent enzyme,yeast9_metabolic,1,38,38,3,71,68,0.9577464788732394,38
YDL040C,YDL040C,adjacent enzyme,yeast9_metabolic,2,328,328,3,571,568,0.9947460595446584,38
YDL040C,YDL040C,adjacent enzyme,yeast9_metabolic,3,735,735,5,1315,1284,0.976425855513308,38
YDL141W,YDL141W,adjacent enzyme,yeast9_metabolic,1,33,33,3,38,35,0.9210526315789473,33
YDL141W,YDL141W,adjacent enzyme,yeast9_metabolic,2,229,229,3,429,426,0.993006993006993,33
YDL141W,YDL141W,adjacent enzyme,yeast9_metabolic,3,690,690,5,1053,1022,0.9705603038936372,33
YDR071C,YDR071C,adjacent enzyme,yeast9_metabolic,1,29,29,3,40,37,0.925,29
YDR071C,YDR071C,adjacent enzyme,yeast9_metabolic,2,146,146,3,322,319,0.9906832298136646,29
YDR071C,YDR071C,adjacent enzyme,yeast9_metabolic,3,618,618,5,981,950,0.9683995922528033,29
YDR256C,YDR256C,adjacent enzyme,yeast9_metabolic,1,4,4,1,27,9,0.3333333333333333,4
YDR256C,YDR256C,adjacent enzyme,yeast9_metabolic,2,70,70,2,231,203,0.8787878787878788,4
YDR256C,YDR256C,adjacent enzyme,yeast9_metabolic,3,351,351,7,703,657,0.9345661450924608,4
YEL066W,YEL066W,adjacent enzyme,yeast9_metabolic,1,23,23,3,29,26,0.896551724137931,23
YEL066W,YEL066W,adjacent enzyme,yeast9_metabolic,2,124,124,3,295,292,0.9898305084745763,23
YEL066W,YEL066W,adjacent enzyme,yeast9_metabolic,3,543,543,5,869,838,0.9643268124280783,23
YER024W,YER024W,adjacent enzyme,yeast9_metabolic,1,25,25,3,35,32,0.9142857142857143,25
YER024W,YER024W,adjacent enzyme,yeast9_metabolic,2,129,129,3,302,299,0.9900662251655629,25
YER024W,YER024W,adjacent enzyme,yeast9_metabolic,3,571,571,5,886,855,0.9650112866817155,25
YFL017C,YFL017C,adjacent enzyme,yeast9_metabolic,1,26,26,3,40,37,0.925,26
YFL017C,YFL017C,adjacent enzyme,yeast9_metabolic,2,235,235,3,413,410,0.9927360774818402,26
YFL017C,YFL017C,adjacent enzyme,yeast9_metabolic,3,642,642,5,1001,970,0.9690309690309691,26
YGL062W,YGL062W,adjacent enzyme,yeast9_metabolic,1,42,42,1,78,77,0.9871794871794872,42
YGL062W,YGL062W,adjacent enzyme,yeast9_metabolic,2,372,372,3,480,477,0.99375,42
YGL062W,YGL062W,adjacent enzyme,yeast9_metabolic,3,686,686,4,984,963,0.9786585365853658,42
YGL169W,YGL169W,adjacent enzyme,yeast9_metabolic,1,16,16,1,44,43,0.9772727272727273,16
YGL169W,YGL169W,adjacent enzyme,yeast9_metabolic,2,261,261,3,429,426,0.993006993006993,16
YGL169W,YGL169W,adjacent enzyme,yeast9_metabolic,3,650,650,3,1162,1159,0.9974182444061962,16
YGR015C,YGR015C,adjacent enzyme,yeast9_metabolic,1,49,49,3,89,86,0.9662921348314607,49
YGR015C,YGR015C,adjacent enzyme,yeast9_metabolic,2,227,227,3,410,407,0.9926829268292683,49
YGR015C,YGR015C,adjacent enzyme,yeast9_metabolic,3,610,610,5,910,879,0.9659340659340659,49
YGR177C,YGR177C,adjacent enzyme,yeast9_metabolic,1,47,47,3,89,86,0.9662921348314607,47
YGR177C,YGR177C,adjacent enzyme,yeast9_metabolic,2,259,259,3,449,446,0.9933184855233853,47
YGR177C,YGR177C,adjacent enzyme,yeast9_metabolic,3,628,628,5,925,894,0.9664864864864865,47
YGR209C,YGR209C,adjacent enzyme,yeast9_metabolic,1,63,63,1,133,115,0.8646616541353384,63
YGR209C,YGR209C,adjacent enzyme,yeast9_metabolic,2,339,339,2,659,631,0.9575113808801214,63
YGR209C,YGR209C,adjacent enzyme,yeast9_metabolic,3,764,764,9,1446,1391,0.9619640387275242,63
YHR013C,YHR013C,adjacent enzyme,yeast9_metabolic,1,38,38,3,71,68,0.9577464788732394,38
YHR013C,YHR013C,adjacent enzyme,yeast9_metabolic,2,328,328,3,571,568,0.9947460595446584,38
YHR013C,YHR013C,adjacent enzyme,yeast9_metabolic,3,735,735,5,1315,1284,0.976425855513308,38
YIL124W,YIL124W,adjacent enzyme,yeast9_metabolic,1,6,6,1,76,68,0.8947368421052632,6
YIL124W,YIL124W,adjacent enzyme,yeast9_metabolic,2,25,25,6,236,207,0.8771186440677966,6
YIL124W,YIL124W,adjacent enzyme,yeast9_metabolic,3,41,41,9,530,487,0.9188679245283019,6
YIL160C,YIL160C,adjacent enzyme,yeast9_metabolic,1,10,10,2,100,72,0.72,10
YIL160C,YIL160C,adjacent enzyme,yeast9_metabolic,2,73,73,8,230,183,0.7956521739130434,10
YIL160C,YIL160C,adjacent enzyme,yeast9_metabolic,3,414,414,13,936,872,0.9316239316239316,10
YIR031C,YIR031C,adjacent enzyme,yeast9_metabolic,1,34,34,3,53,50,0.9433962264150944,34
YIR031C,YIR031C,adjacent enzyme,yeast9_metabolic,2,268,268,3,469,466,0.9936034115138592,34
YIR031C,YIR031C,adjacent enzyme,yeast9_metabolic,3,710,710,5,1080,1049,0.9712962962962963,34
YJL130C,YJL130C,adjacent enzyme,yeast9_metabolic,1,73,73,1,117,116,0.9914529914529915,73
YJL130C,YJL130C,adjacent enzyme,yeast9_metabolic,2,424,424,3,656,653,0.9954268292682927,73
YJL130C,YJL130C,adjacent enzyme,yeast9_metabolic,3,803,803,4,1361,1340,0.9845701689933872,73
YJR019C,YJR019C,adjacent enzyme,yeast9_metabolic,1,6,6,2,74,46,0.6216216216216216,6
YJR019C,YJR019C,adjacent enzyme,yeast9_metabolic,2,24,24,9,162,111,0.6851851851851852,6
YJR019C,YJR019C,adjacent enzyme,yeast9_metabolic,3,167,167,13,583,519,0.8902229845626072,6
YJR109C,YJR109C,adjacent enzyme,yeast9_metabolic,1,66,66,1,111,110,0.990990990990991,66
YJR109C,YJR109C,adjacent enzyme,yeast9_metabolic,2,404,404,3,632,629,0.995253164556962,66
YJR109C,YJR109C,adjacent enzyme,yeast9_metabolic,3,786,786,4,1349,1328,0.9844329132690882,66
YKL094W,YKL094W,adjacent enzyme,yeast9_metabolic,1,9,9,2,88,70,0.7954545454545454,9
YKL094W,YKL094W,adjacent enzyme,yeast9_metabolic,2,26,26,9,236,193,0.8177966101694916,9
YKL094W,YKL094W,adjacent enzyme,yeast9_metabolic,3,43,43,10,555,494,0.8900900900900901,9
YKL140W,YKL140W,adjacent enzyme,yeast9_metabolic,1,9,9,2,92,74,0.8043478260869565,9
YKL140W,YKL140W,adjacent enzyme,yeast9_metabolic,2,26,26,9,240,197,0.8208333333333333,9
YKL140W,YKL140W,adjacent enzyme,yeast9_metabolic,3,43,43,10,559,498,0.8908765652951699,9
YKL188C,YKL188C,adjacent enzyme,yeast9_metabolic,1,9,9,4,87,57,0.6551724137931034,9
YKL188C,YKL188C,adjacent enzyme,yeast9_metabolic,2,56,56,10,214,162,0.7570093457943925,9
YKL188C,YKL188C,adjacent enzyme,yeast9_metabolic,3,288,288,13,806,742,0.9205955334987593,9
YKR009C,YKR009C,adjacent enzyme,yeast9_metabolic,1,3,3,1,42,24,0.5714285714285714,3
YKR009C,YKR009C,adjacent enzyme,yeast9_metabolic,2,16,16,2,96,68,0.7083333333333334,3
YKR009C,YKR009C,adjacent enzyme,yeast9_metabolic,3,132,132,8,321,274,0.8535825545171339,3
YKR067W,YKR067W,adjacent enzyme,yeast9_metabolic,1,17,17,6,188,159,0.8457446808510638,17
YKR067W,YKR067W,adjacent enzyme,yeast9_metabolic,2,37,37,9,470,427,0.9085106382978724,17
YKR067W,YKR067W,adjacent enzyme,yeast9_metabolic,3,64,64,10,839,778,0.9272943980929678,17
YKR089C,YKR089C,adjacent enzyme,yeast9_metabolic,1,13,13,3,168,146,0.8690476190476191,13
YKR089C,YKR089C,adjacent enzyme,yeast9_metabolic,2,32,32,9,398,355,0.8919597989949749,13
YKR089C,YKR089C,adjacent enzyme,yeast9_metabolic,3,49,49,10,623,562,0.9020866773675762,13
YLL012W,YLL012W,adjacent enzyme,yeast9_metabolic,1,9,9,2,84,66,0.7857142857142857,9
YLL012W,YLL012W,adjacent enzyme,yeast9_metabolic,2,26,26,9,232,189,0.8146551724137931,9
YLL012W,YLL012W,adjacent enzyme,yeast9_metabolic,3,43,43,10,551,490,0.8892921960072595,9
YLR043C,YLR043C,adjacent enzyme,yeast9_metabolic,1,33,33,1,57,39,0.6842105263157895,33
YLR043C,YLR043C,adjacent enzyme,yeast9_metabolic,2,216,216,2,470,442,0.9404255319148936,33
YLR043C,YLR043C,adjacent enzyme,yeast9_metabolic,3,675,675,8,1081,1034,0.9565217391304348,33
YLR109W,YLR109W,adjacent enzyme,yeast9_metabolic,1,4,4,1,28,10,0.35714285714285715,4
YLR109W,YLR109W,adjacent enzyme,yeast9_metabolic,2,70,70,2,232,204,0.8793103448275862,4
YLR109W,YLR109W,adjacent enzyme,yeast9_metabolic,3,351,351,7,704,658,0.9346590909090909,4
YLR153C,YLR153C,adjacent enzyme,yeast9_metabolic,1,36,36,3,80,77,0.9625,36
YLR153C,YLR153C,adjacent enzyme,yeast9_metabolic,2,224,224,3,407,404,0.9926289926289926,36
YLR153C,YLR153C,adjacent enzyme,yeast9_metabolic,3,660,660,5,1001,970,0.9690309690309691,36
YLR284C,YLR284C,adjacent enzyme,yeast9_metabolic,1,5,5,1,76,58,0.7631578947368421,5
YLR284C,YLR284C,adjacent enzyme,yeast9_metabolic,2,16,16,2,126,98,0.7777777777777778,5
YLR284C,YLR284C,adjacent enzyme,yeast9_metabolic,3,132,132,8,351,304,0.8660968660968661,5
YML059C,YML059C,adjacent enzyme,yeast9_metabolic,1,6,6,2,174,160,0.9195402298850575,6
YML059C,YML059C,adjacent enzyme,yeast9_metabolic,2,35,35,9,436,393,0.9013761467889908,6
YML059C,YML059C,adjacent enzyme,yeast9_metabolic,3,52,52,10,673,612,0.9093610698365527,6
YMR165C,YMR165C,adjacent enzyme,yeast9_metabolic,1,10,10,1,252,244,0.9682539682539683,10
YMR165C,YMR165C,adjacent enzyme,yeast9_metabolic,2,34,34,6,482,453,0.9398340248962656,10
YMR165C,YMR165C,adjacent enzyme,yeast9_metabolic,3,83,83,9,993,950,0.9566968781470292,10
YMR313C,YMR313C,adjacent enzyme,yeast9_metabolic,1,12,12,3,165,143,0.8666666666666667,12
YMR313C,YMR313C,adjacent enzyme,yeast9_metabolic,2,32,32,9,403,360,0.8933002481389578,12
YMR313C,YMR313C,adjacent enzyme,yeast9_metabolic,3,49,49,10,628,567,0.9028662420382165,12
YNL036W,YNL036W,adjacent enzyme,yeast9_metabolic,1,9,9,1,8,7,0.875,9
YNL036W,YNL036W,adjacent enzyme,yeast9_metabolic,2,154,154,3,240,237,0.9875,9
YNL036W,YNL036W,adjacent enzyme,yeast9_metabolic,3,592,592,3,866,863,0.9965357967667436,9
YNL104C,YNL104C,adjacent enzyme,yeast9_metabolic,1,48,48,3,79,76,0.9620253164556962,48
YNL104C,YNL104C,adjacent enzyme,yeast9_metabolic,2,283,283,3,482,479,0.9937759336099585,48
YNL104C,YNL104C,adjacent enzyme,yeast9_metabolic,3,670,670,5,1009,978,0.9692765113974232,48
YNL117W,YNL117W,adjacent enzyme,yeast9_metabolic,1,38,38,3,74,71,0.9594594594594594,38
YNL117W,YNL117W,adjacent enzyme,yeast9_metabolic,2,273,273,5,548,517,0.9434306569343066,38
YNL117W,YNL117W,adjacent enzyme,yeast9_metabolic,3,717,717,8,1100,1053,0.9572727272727273,38
YNL277W,YNL277W,adjacent enzyme,yeast9_metabolic,1,27,27,3,37,34,0.918918918918919,27
YNL277W,YNL277W,adjacent enzyme,yeast9_metabolic,2,162,162,3,341,338,0.9912023460410557,27
YNL277W,YNL277W,adjacent enzyme,yeast9_metabolic,3,593,593,5,973,942,0.9681397738951696,27
YNR019W,YNR019W,adjacent enzyme,yeast9_metabolic,1,18,18,6,292,263,0.9006849315068494,18
YNR019W,YNR019W,adjacent enzyme,yeast9_metabolic,2,41,41,9,530,487,0.9188679245283019,18
YNR019W,YNR019W,adjacent enzyme,yeast9_metabolic,3,69,69,10,920,859,0.933695652173913,18
YOR081C,YOR081C,adjacent enzyme,yeast9_metabolic,1,13,13,3,184,162,0.8804347826086957,13
YOR081C,YOR081C,adjacent enzyme,yeast9_metabolic,2,32,32,9,414,371,0.8961352657004831,13
YOR081C,YOR081C,adjacent enzyme,yeast9_metabolic,3,49,49,10,639,578,0.9045383411580594,13
YOR108W,YOR108W,adjacent enzyme,yeast9_metabolic,1,29,29,3,46,43,0.9347826086956522,29
YOR108W,YOR108W,adjacent enzyme,yeast9_metabolic,2,231,231,3,425,422,0.9929411764705882,29
YOR108W,YOR108W,adjacent enzyme,yeast9_metabolic,3,666,666,5,1004,973,0.9691235059760956,29
YOR175C,YOR175C,adjacent enzyme,yeast9_metabolic,1,13,13,4,152,128,0.8421052631578947,13
YOR175C,YOR175C,adjacent enzyme,yeast9_metabolic,2,37,37,9,474,431,0.9092827004219409,13
YOR175C,YOR175C,adjacent enzyme,yeast9_metabolic,3,85,85,10,1006,945,0.9393638170974155,13
YOR245C,YOR245C,adjacent enzyme,yeast9_metabolic,1,23,23,6,320,291,0.909375,23
YOR245C,YOR245C,adjacent enzyme,yeast9_metabolic,2,41,41,9,498,455,0.9136546184738956,23
YOR245C,YOR245C,adjacent enzyme,yeast9_metabolic,3,69,69,10,888,827,0.9313063063063063,23
YOR253W,YOR253W,adjacent enzyme,yeast9_metabolic,1,38,38,3,71,68,0.9577464788732394,38
YOR253W,YOR253W,adjacent enzyme,yeast9_metabolic,2,328,328,3,571,568,0.9947460595446584,38
YOR253W,YOR253W,adjacent enzyme,yeast9_metabolic,3,735,735,5,1315,1284,0.976425855513308,38
YOR303W,YOR303W,adjacent enzyme,yeast9_metabolic,1,66,66,1,111,110,0.990990990990991,66
YOR303W,YOR303W,adjacent enzyme,yeast9_metabolic,2,404,404,3,632,629,0.995253164556962,66
YOR303W,YOR303W,adjacent enzyme,yeast9_metabolic,3,786,786,4,1349,1328,0.9844329132690882,66
YOR311C,YOR311C,adjacent enzyme,yeast9_metabolic,1,10,10,1,252,244,0.9682539682539683,10
YOR311C,YOR311C,adjacent enzyme,yeast9_metabolic,2,34,34,6,482,453,0.9398340248962656,10
YOR311C,YOR311C,adjacent enzyme,yeast9_metabolic,3,83,83,9,993,950,0.9566968781470292,10
YOR377W,YOR377W,adjacent enzyme,yeast9_metabolic,1,47,47,3,89,86,0.9662921348314607,47
YOR377W,YOR377W,adjacent enzyme,yeast9_metabolic,2,259,259,3,449,446,0.9933184855233853,47
YOR377W,YOR377W,adjacent enzyme,yeast9_metabolic,3,628,628,5,925,894,0.9664864864864865,47
YPL028W,YPL028W,adjacent enzyme,yeast9_metabolic,1,39,39,3,56,53,0.9464285714285714,39
YPL028W,YPL028W,adjacent enzyme,yeast9_metabolic,2,185,185,3,366,363,0.9918032786885246,39
YPL028W,YPL028W,adjacent enzyme,yeast9_metabolic,3,596,596,5,900,869,0.9655555555555555,39
YPL147W,YPL147W,adjacent enzyme,yeast9_metabolic,1,9,9,4,87,57,0.6551724137931034,9
YPL147W,YPL147W,adjacent enzyme,yeast9_metabolic,2,56,56,10,214,162,0.7570093457943925,9
YPL147W,YPL147W,adjacent enzyme,yeast9_metabolic,3,288,288,13,806,742,0.9205955334987593,9
YPR193C,YPR193C,adjacent enzyme,yeast9_metabolic,1,23,23,3,30,27,0.9,23
YPR193C,YPR193C,adjacent enzyme,yeast9_metabolic,2,124,124,3,296,293,0.9898648648648649,23
YPR193C,YPR193C,adjacent enzyme,yeast9_metabolic,3,543,543,5,870,839,0.964367816091954,23
FKH1,YIL131C,regulator,union,1,3644,629,11,1430,1368,0.9566433566433566,3644
FKH1,YIL131C,regulator,union,2,6916,1161,13,2709,2645,0.976375046142488,3644
FKH1,YIL131C,regulator,union,3,6964,1161,13,2709,2645,0.976375046142488,3644
GCN5,YGR252W,regulator,union,1,2114,463,9,1231,1176,0.9553208773354996,2114
GCN5,YGR252W,regulator,union,2,6878,1161,13,2709,2645,0.976375046142488,2114
GCN5,YGR252W,regulator,union,3,6961,1161,13,2709,2645,0.976375046142488,2114
MED4,YOR174W,regulator,union,1,870,158,1,567,561,0.9894179894179894,870
MED4,YOR174W,regulator,union,2,6474,1161,13,2709,2645,0.976375046142488,870
MED4,YOR174W,regulator,union,3,6960,1161,13,2709,2645,0.976375046142488,870
OPI1,YHL020C,regulator,union,1,721,193,11,1037,982,0.9469623915139826,721
OPI1,YHL020C,regulator,union,2,6353,1160,13,2709,2645,0.976375046142488,721
OPI1,YHL020C,regulator,union,3,6955,1161,13,2709,2645,0.976375046142488,721
RFX1,YLR176C,regulator,union,1,1426,314,4,946,910,0.9619450317124736,1426
RFX1,YLR176C,regulator,union,2,6806,1161,13,2709,2645,0.976375046142488,1426
RFX1,YLR176C,regulator,union,3,6962,1161,13,2709,2645,0.976375046142488,1426
RGR1,YLR071C,regulator,union,1,1406,257,5,910,897,0.9857142857142858,1406
RGR1,YLR071C,regulator,union,2,6555,1161,13,2709,2645,0.976375046142488,1406
RGR1,YLR071C,regulator,union,3,6962,1161,13,2709,2645,0.976375046142488,1406
RPD3,YNL330C,regulator,union,1,1564,248,7,677,648,0.9571639586410635,1564
RPD3,YNL330C,regulator,union,2,6852,1161,13,2709,2645,0.976375046142488,1564
RPD3,YNL330C,regulator,union,3,6961,1161,13,2709,2645,0.976375046142488,1564
SPT3,YDR392W,regulator,union,1,878,175,0,468,468,1.0,878
SPT3,YDR392W,regulator,union,2,6503,1161,13,2709,2645,0.976375046142488,878
SPT3,YDR392W,regulator,union,3,6959,1161,13,2709,2645,0.976375046142488,878
TFC7,YOR110W,regulator,union,1,920,161,2,731,722,0.987688098495212,920
TFC7,YOR110W,regulator,union,2,6457,1161,13,2709,2645,0.976375046142488,920
TFC7,YOR110W,regulator,union,3,6960,1161,13,2709,2645,0.976375046142488,920
YAP6,YDR259C,regulator,union,1,2032,461,6,1100,1076,0.9781818181818182,2032
YAP6,YDR259C,regulator,union,2,6840,1161,13,2709,2645,0.976375046142488,2032
YAP6,YDR259C,regulator,union,3,6960,1161,13,2709,2645,0.976375046142488,2032
ACC1,YNR016C,pathway enzyme,union,1,924,377,11,1287,1224,0.951048951048951,924
ACC1,YNR016C,pathway enzyme,union,2,6334,1160,12,2709,2645,0.976375046142488,924
ACC1,YNR016C,pathway enzyme,union,3,6956,1160,12,2709,2645,0.976375046142488,924
FAS1,YKL182W,pathway enzyme,union,1,970,367,12,1243,1179,0.9485116653258246,970
FAS1,YKL182W,pathway enzyme,union,2,6366,1160,12,2709,2645,0.976375046142488,970
FAS1,YKL182W,pathway enzyme,union,3,6958,1160,12,2709,2645,0.976375046142488,970
FAS2,YPL231W,pathway enzyme,union,1,918,361,12,1277,1213,0.9498825371965545,918
FAS2,YPL231W,pathway enzyme,union,2,6450,1160,12,2709,2645,0.976375046142488,918
FAS2,YPL231W,pathway enzyme,union,3,6959,1160,12,2709,2645,0.976375046142488,918
ELO1,YJL196C,pathway enzyme,union,1,223,133,10,800,746,0.9325,223
ELO1,YJL196C,pathway enzyme,union,2,5880,1159,12,2707,2645,0.9770964166974511,223
ELO1,YJL196C,pathway enzyme,union,3,6948,1160,12,2707,2645,0.9770964166974511,223
ELO2,YCR034W,pathway enzyme,union,1,446,168,11,950,895,0.9421052631578948,446
ELO2,YCR034W,pathway enzyme,union,2,5943,1159,12,2708,2645,0.9767355982274741,446
ELO2,YCR034W,pathway enzyme,union,3,6949,1160,12,2708,2645,0.9767355982274741,446
ELO3,YLR372W,pathway enzyme,union,1,701,238,9,1029,975,0.9475218658892128,701
ELO3,YLR372W,pathway enzyme,union,2,6120,1159,12,2708,2645,0.9767355982274741,701
ELO3,YLR372W,pathway enzyme,union,3,6952,1160,12,2708,2645,0.9767355982274741,701
OLE1,YGL055W,pathway enzyme,union,1,885,350,12,1142,1080,0.9457092819614711,885
OLE1,YGL055W,pathway enzyme,union,2,6215,1160,12,2707,2645,0.9770964166974511,885
OLE1,YGL055W,pathway enzyme,union,3,6956,1160,12,2707,2645,0.9770964166974511,885
FAA1,YOR317W,pathway enzyme,union,1,754,264,12,1272,1210,0.9512578616352201,754
FAA1,YOR317W,pathway enzyme,union,2,6533,1160,12,2707,2645,0.9770964166974511,754
FAA1,YOR317W,pathway enzyme,union,3,6957,1160,12,2707,2645,0.9770964166974511,754
FAA2,YER015W,pathway enzyme,union,1,758,225,9,996,947,0.9508032128514057,758
FAA2,YER015W,pathway enzyme,union,2,6616,1159,12,2701,2645,0.9792669381710477,758
FAA2,YER015W,pathway enzyme,union,3,6960,1160,12,2701,2645,0.9792669381710477,758
FAA3,YIL009W,pathway enzyme,union,1,535,173,12,981,921,0.9388379204892966,535
FAA3,YIL009W,pathway enzyme,union,2,6562,1159,12,2705,2645,0.977818853974122,535
FAA3,YIL009W,pathway enzyme,union,3,6958,1160,12,2705,2645,0.977818853974122,535
FAA4,YMR246W,pathway enzyme,union,1,620,181,12,1019,955,0.9371933267909716,620
FAA4,YMR246W,pathway enzyme,union,2,6602,1159,12,2709,2645,0.976375046142488,620
FAA4,YMR246W,pathway enzyme,union,3,6959,1160,12,2709,2645,0.976375046142488,620
POX1,YGL205W,pathway enzyme,union,1,573,300,12,927,881,0.9503775620280475,573
POX1,YGL205W,pathway enzyme,union,2,6390,1160,12,2691,2645,0.9829059829059829,573
POX1,YGL205W,pathway enzyme,union,3,6955,1160,12,2691,2645,0.9829059829059829,573
SLC1,YDL052C,pathway enzyme,union,1,461,213,10,1172,1111,0.9479522184300341,461
SLC1,YDL052C,pathway enzyme,union,2,6405,1159,12,2709,2645,0.976375046142488,461
SLC1,YDL052C,pathway enzyme,union,3,6957,1160,12,2709,2645,0.976375046142488,461
YAL054C,YAL054C,adjacent enzyme,union,1,876,478,12,1167,1104,0.9460154241645244,876
YAL054C,YAL054C,adjacent enzyme,union,2,6362,1160,13,2708,2644,0.9763663220088626,876
YAL054C,YAL054C,adjacent enzyme,union,3,6958,1160,13,2708,2644,0.9763663220088626,876
YAR035W,YAR035W,adjacent enzyme,union,1,210,131,8,395,348,0.8810126582278481,210
YAR035W,YAR035W,adjacent enzyme,union,2,5905,1158,13,2709,2645,0.976375046142488,210
YAR035W,YAR035W,adjacent enzyme,union,3,6943,1160,13,2709,2645,0.976375046142488,210
YBL011W,YBL011W,adjacent enzyme,union,1,323,90,9,699,664,0.949928469241774,323
YBL011W,YBL011W,adjacent enzyme,union,2,5948,1159,13,2709,2645,0.976375046142488,323
YBL011W,YBL011W,adjacent enzyme,union,3,6946,1160,13,2709,2645,0.976375046142488,323
YBR029C,YBR029C,adjacent enzyme,union,1,262,130,11,862,824,0.9559164733178654,262
YBR029C,YBR029C,adjacent enzyme,union,2,5844,1158,13,2695,2631,0.976252319109462,262
YBR029C,YBR029C,adjacent enzyme,union,3,6943,1160,13,2695,2631,0.976252319109462,262
YBR041W,YBR041W,adjacent enzyme,union,1,296,115,13,993,929,0.9355488418932527,296
YBR041W,YBR041W,adjacent enzyme,union,2,5871,1156,13,2694,2630,0.9762435040831478,296
YBR041W,YBR041W,adjacent enzyme,union,3,6950,1160,13,2696,2632,0.9762611275964391,296
YBR042C,YBR042C,adjacent enzyme,union,1,349,173,12,1036,972,0.9382239382239382,349
YBR042C,YBR042C,adjacent enzyme,union,2,5980,1160,13,2707,2643,0.9763575914296269,349
YBR042C,YBR042C,adjacent enzyme,union,3,6947,1160,13,2707,2643,0.9763575914296269,349
YBR159W,YBR159W,adjacent enzyme,union,1,748,318,12,997,933,0.9358074222668004,748
YBR159W,YBR159W,adjacent enzyme,union,2,6176,1160,13,2702,2638,0.9763138415988157,748
YBR159W,YBR159W,adjacent enzyme,union,3,6952,1160,13,2702,2638,0.9763138415988157,748
YBR204C,YBR204C,adjacent enzyme,union,1,342,108,2,655,637,0.9725190839694656,342
YBR204C,YBR204C,adjacent enzyme,union,2,5819,1158,13,2709,2645,0.976375046142488,342
YBR204C,YBR204C,adjacent enzyme,union,3,6949,1160,13,2709,2645,0.976375046142488,342
YBR208C,YBR208C,adjacent enzyme,union,1,1253,575,10,1288,1231,0.9557453416149069,1253
YBR208C,YBR208C,adjacent enzyme,union,2,6254,1160,13,2707,2643,0.9763575914296269,1253
YBR208C,YBR208C,adjacent enzyme,union,3,6954,1160,13,2707,2643,0.9763575914296269,1253
YBR218C,YBR218C,adjacent enzyme,union,1,381,270,4,503,482,0.9582504970178927,381
YBR218C,YBR218C,adjacent enzyme,union,2,5918,1158,13,2709,2645,0.976375046142488,381
YBR218C,YBR218C,adjacent enzyme,union,3,6948,1160,13,2709,2645,0.976375046142488,381
YCR048W,YCR048W,adjacent enzyme,union,1,247,116,10,816,773,0.9473039215686274,247
YCR048W,YCR048W,adjacent enzyme,union,2,5840,1155,13,2701,2637,0.9763050721954831,247
YCR048W,YCR048W,adjacent enzyme,union,3,6944,1160,13,2701,2637,0.9763050721954831,247
YCR068W,YCR068W,adjacent enzyme,union,1,213,50,6,496,447,0.9012096774193549,213
YCR068W,YCR068W,adjacent enzyme,union,2,5955,1156,13,2709,2645,0.976375046142488,213
YCR068W,YCR068W,adjacent enzyme,union,3,6948,1160,13,2709,2645,0.976375046142488,213
YDL015C,YDL015C,adjacent enzyme,union,1,330,141,11,585,533,0.9111111111111111,330
YDL015C,YDL015C,adjacent enzyme,union,2,6073,1159,13,2702,2638,0.9763138415988157,330
YDL015C,YDL015C,adjacent enzyme,union,3,6952,1160,13,2702,2638,0.9763138415988157,330
YDL040C,YDL040C,adjacent enzyme,union,1,476,78,3,193,190,0.9844559585492227,476
YDL040C,YDL040C,adjacent enzyme,union,2,6113,1160,13,2709,2645,0.976375046142488,476
YDL040C,YDL040C,adjacent enzyme,union,3,6952,1160,13,2709,2645,0.976375046142488,476
YDL141W,YDL141W,adjacent enzyme,union,1,450,260,7,650,613,0.943076923076923,450
YDL141W,YDL141W,adjacent enzyme,union,2,5879,1159,13,2708,2644,0.9763663220088626,450
YDL141W,YDL141W,adjacent enzyme,union,3,6949,1160,13,2708,2644,0.9763663220088626,450
YDR071C,YDR071C,adjacent enzyme,union,1,243,78,3,184,181,0.9836956521739131,243
YDR071C,YDR071C,adjacent enzyme,union,2,5917,1158,13,2708,2644,0.9763663220088626,243
YDR071C,YDR071C,adjacent enzyme,union,3,6949,1160,13,2708,2644,0.9763663220088626,243
YDR256C,YDR256C,adjacent enzyme,union,1,646,296,8,732,683,0.9330601092896175,646
YDR256C,YDR256C,adjacent enzyme,union,2,6189,1160,13,2708,2644,0.9763663220088626,646
YDR256C,YDR256C,adjacent enzyme,union,3,6955,1160,13,2708,2644,0.9763663220088626,646
YEL066W,YEL066W,adjacent enzyme,union,1,109,48,3,57,54,0.9473684210526315,109
YEL066W,YEL066W,adjacent enzyme,union,2,5607,1149,13,2706,2642,0.9763488543976349,109
YEL066W,YEL066W,adjacent enzyme,union,3,6939,1160,13,2708,2644,0.9763663220088626,109
YER024W,YER024W,adjacent enzyme,union,1,230,135,8,397,350,0.8816120906801007,230
YER024W,YER024W,adjacent enzyme,union,2,5861,1158,13,2709,2645,0.976375046142488,230
YER024W,YER024W,adjacent enzyme,union,3,6944,1160,13,2709,2645,0.976375046142488,230
YFL017C,YFL017C,adjacent enzyme,union,1,236,99,3,154,151,0.9805194805194806,236
YFL017C,YFL017C,adjacent enzyme,union,2,6085,1156,13,2708,2644,0.9763663220088626,236
YFL017C,YFL017C,adjacent enzyme,union,3,6952,1160,13,2708,2644,0.9763663220088626,236
YGL062W,YGL062W,adjacent enzyme,union,1,575,343,5,705,670,0.950354609929078,575
YGL062W,YGL062W,adjacent enzyme,union,2,6108,1160,13,2709,2645,0.976375046142488,575
YGL062W,YGL062W,adjacent enzyme,union,3,6953,1160,13,2709,2645,0.976375046142488,575
YGL169W,YGL169W,adjacent enzyme,union,1,583,169,1,259,258,0.9961389961389961,583
YGL169W,YGL169W,adjacent enzyme,union,2,5980,1160,13,2708,2644,0.9763663220088626,583
YGL169W,YGL169W,adjacent enzyme,union,3,6948,1160,13,2708,2644,0.9763663220088626,583
YGR015C,YGR015C,adjacent enzyme,union,1,325,167,8,524,473,0.9026717557251909,325
YGR015C,YGR015C,adjacent enzyme,union,2,5961,1160,13,2708,2644,0.9763663220088626,325
YGR015C,YGR015C,adjacent enzyme,union,3,6946,1160,13,2708,2644,0.9763663220088626,325
YGR177C,YGR177C,adjacent enzyme,union,1,216,114,5,339,320,0.943952802359882,216
YGR177C,YGR177C,adjacent enzyme,union,2,5816,1160,13,2709,2645,0.976375046142488,216
YGR177C,YGR177C,adjacent enzyme,union,3,6944,1160,13,2709,2645,0.976375046142488,216
YGR209C,YGR209C,adjacent enzyme,union,1,1125,320,4,728,702,0.9642857142857143,1125
YGR209C,YGR209C,adjacent enzyme,union,2,6414,1160,13,2705,2641,0.9763401109057301,1125
YGR209C,YGR209C,adjacent enzyme,union,3,6958,1160,13,2705,2641,0.9763401109057301,1125
YHR013C,YHR013C,adjacent enzyme,union,1,519,82,3,175,172,0.9828571428571429,519
YHR013C,YHR013C,adjacent enzyme,union,2,6077,1159,13,2709,2645,0.976375046142488,519
YHR013C,YHR013C,adjacent enzyme,union,3,6952,1160,13,2709,2645,0.976375046142488,519
YIL124W,YIL124W,adjacent enzyme,union,1,937,329,13,1135,1071,0.9436123348017621,937
YIL124W,YIL124W,adjacent enzyme,union,2,6324,1159,13,2701,2637,0.9763050721954831,937
YIL124W,YIL124W,adjacent enzyme,union,3,6953,1160,13,2701,2637,0.9763050721954831,937
YIL160C,YIL160C,adjacent enzyme,union,1,803,437,9,1099,1046,0.9517743403093721,803
YIL160C,YIL160C,adjacent enzyme,union,2,6151,1160,13,2691,2627,0.9762170196952805,803
YIL160C,YIL160C,adjacent enzyme,union,3,6956,1160,13,2691,2627,0.9762170196952805,803
YIR031C,YIR031C,adjacent enzyme,union,1,399,265,9,583,534,0.9159519725557461,399
YIR031C,YIR031C,adjacent enzyme,union,2,6034,1157,13,2709,2645,0.976375046142488,399
YIR031C,YIR031C,adjacent enzyme,union,3,6951,1160,13,2709,2645,0.976375046142488,399
YJL130C,YJL130C,adjacent enzyme,union,1,824,314,5,596,573,0.9614093959731543,824
YJL130C,YJL130C,adjacent enzyme,union,2,6231,1160,13,2708,2644,0.9763663220088626,824
YJL130C,YJL130C,adjacent enzyme,union,3,6957,1160,13,2708,2644,0.9763663220088626,824
YJR019C,YJR019C,adjacent enzyme,union,1,320,139,10,615,560,0.9105691056910569,320
YJR019C,YJR019C,adjacent enzyme,union,2,5904,1160,13,2699,2635,0.9762875138940348,320
YJR019C,YJR019C,adjacent enzyme,union,3,6949,1160,13,2699,2635,0.9762875138940348,320
YJR109C,YJR109C,adjacent enzyme,union,1,521,270,2,626,623,0.9952076677316294,521
YJR109C,YJR109C,adjacent enzyme,union,2,6110,1160,13,2709,2645,0.976375046142488,521
YJR109C,YJR109C,adjacent enzyme,union,3,6949,1160,13,2709,2645,0.976375046142488,521
YKL094W,YKL094W,adjacent enzyme,union,1,455,217,11,967,908,0.9389865563598759,455
YKL094W,YKL094W,adjacent enzyme,union,2,6082,1160,13,2705,2641,0.9763401109057301,455
YKL094W,YKL094W,adjacent enzyme,union,3,6953,1160,13,2705,2641,0.9763401109057301,455
YKL140W,YKL140W,adjacent enzyme,union,1,361,163,10,1030,970,0.941747572815534,361
YKL140W,YKL140W,adjacent enzyme,union,2,5991,1160,13,2709,2645,0.976375046142488,361
YKL140W,YKL140W,adjacent enzyme,union,3,6950,1160,13,2709,2645,0.976375046142488,361
YKL188C,YKL188C,adjacent enzyme,union,1,279,121,9,534,481,0.900749063670412,279
YKL188C,YKL188C,adjacent enzyme,union,2,5857,1159,13,2709,2645,0.976375046142488,279
YKL188C,YKL188C,adjacent enzyme,union,3,6946,1160,13,2709,2645,0.976375046142488,279
YKR009C,YKR009C,adjacent enzyme,union,1,675,311,9,1074,1021,0.9506517690875232,675
YKR009C,YKR009C,adjacent enzyme,union,2,6157,1159,13,2673,2609,0.9760568649457538,675
YKR009C,YKR009C,adjacent enzyme,union,3,6954,1160,13,2673,2609,0.9760568649457538,675
YKR067W,YKR067W,adjacent enzyme,union,1,2414,603,11,1902,1843,0.9689800210304942,2414
YKR067W,YKR067W,adjacent enzyme,union,2,6680,1160,13,2697,2633,0.9762699295513534,2414
YKR067W,YKR067W,adjacent enzyme,union,3,6959,1160,13,2697,2633,0.9762699295513534,2414
YKR089C,YKR089C,adjacent enzyme,union,1,213,125,9,1064,1007,0.9464285714285714,213
YKR089C,YKR089C,adjacent enzyme,union,2,5875,1159,13,2693,2629,0.9762346825102116,213
YKR089C,YKR089C,adjacent enzyme,union,3,6951,1160,13,2693,2629,0.9762346825102116,213
YLL012W,YLL012W,adjacent enzyme,union,1,353,160,11,870,811,0.9321839080459771,353
YLL012W,YLL012W,adjacent enzyme,union,2,5966,1160,13,2701,2637,0.9763050721954831,353
YLL012W,YLL012W,adjacent enzyme,union,3,6950,1160,13,2701,2637,0.9763050721954831,353
YLR043C,YLR043C,adjacent enzyme,union,1,1117,304,4,668,646,0.9670658682634731,1117
YLR043C,YLR043C,adjacent enzyme,union,2,6305,1160,13,2709,2645,0.976375046142488,1117
YLR043C,YLR043C,adjacent enzyme,union,3,6955,1160,13,2709,2645,0.976375046142488,1117
YLR109W,YLR109W,adjacent enzyme,union,1,430,179,1,303,285,0.9405940594059405,430
YLR109W,YLR109W,adjacent enzyme,union,2,6015,1160,13,2709,2645,0.976375046142488,430
YLR109W,YLR109W,adjacent enzyme,union,3,6952,1160,13,2709,2645,0.976375046142488,430
YLR153C,YLR153C,adjacent enzyme,union,1,876,488,13,1188,1124,0.9461279461279462,876
YLR153C,YLR153C,adjacent enzyme,union,2,6375,1160,13,2708,2644,0.9763663220088626,876
YLR153C,YLR153C,adjacent enzyme,union,3,6959,1160,13,2708,2644,0.9763663220088626,876
YLR284C,YLR284C,adjacent enzyme,union,1,937,351,10,972,915,0.941358024691358,937
YLR284C,YLR284C,adjacent enzyme,union,2,6339,1160,13,2703,2639,0.9763226045135035,937
YLR284C,YLR284C,adjacent enzyme,union,3,6956,1160,13,2703,2639,0.9763226045135035,937
YML059C,YML059C,adjacent enzyme,union,1,658,245,7,1012,975,0.9634387351778656,658
YML059C,YML059C,adjacent enzyme,union,2,6166,1160,13,2697,2633,0.9762699295513534,658
YML059C,YML059C,adjacent enzyme,union,3,6952,1160,13,2697,2633,0.9762699295513534,658
YMR165C,YMR165C,adjacent enzyme,union,1,355,107,7,860,809,0.9406976744186046,355
YMR165C,YMR165C,adjacent enzyme,union,2,5986,1155,13,2701,2637,0.9763050721954831,355
YMR165C,YMR165C,adjacent enzyme,union,3,6951,1160,13,2701,2637,0.9763050721954831,355
YMR313C,YMR313C,adjacent enzyme,union,1,167,91,8,1048,993,0.9475190839694656,167
YMR313C,YMR313C,adjacent enzyme,union,2,5771,1157,13,2698,2634,0.9762787249814677,167
YMR313C,YMR313C,adjacent enzyme,union,3,6946,1160,13,2698,2634,0.9762787249814677,167
YNL036W,YNL036W,adjacent enzyme,union,1,407,201,3,388,355,0.9149484536082474,407
YNL036W,YNL036W,adjacent enzyme,union,2,6096,1160,13,2708,2644,0.9763663220088626,407
YNL036W,YNL036W,adjacent enzyme,union,3,6953,1160,13,2708,2644,0.9763663220088626,407
YNL104C,YNL104C,adjacent enzyme,union,1,477,319,5,666,641,0.9624624624624625,477
YNL104C,YNL104C,adjacent enzyme,union,2,6091,1160,13,2708,2644,0.9763663220088626,477
YNL104C,YNL104C,adjacent enzyme,union,3,6952,1160,13,2708,2644,0.9763663220088626,477
YNL117W,YNL117W,adjacent enzyme,union,1,532,303,9,759,710,0.9354413702239789,532
YNL117W,YNL117W,adjacent enzyme,union,2,6070,1160,13,2708,2644,0.9763663220088626,532
YNL117W,YNL117W,adjacent enzyme,union,3,6953,1160,13,2708,2644,0.9763663220088626,532
YNL277W,YNL277W,adjacent enzyme,union,1,712,400,9,832,783,0.9411057692307693,712
YNL277W,YNL277W,adjacent enzyme,union,2,6216,1160,13,2708,2644,0.9763663220088626,712
YNL277W,YNL277W,adjacent enzyme,union,3,6952,1160,13,2708,2644,0.9763663220088626,712
YNR019W,YNR019W,adjacent enzyme,union,1,271,127,12,899,837,0.9310344827586207,271
YNR019W,YNR019W,adjacent enzyme,union,2,5887,1159,13,2709,2645,0.976375046142488,271
YNR019W,YNR019W,adjacent enzyme,union,3,6947,1160,13,2709,2645,0.976375046142488,271
YOR081C,YOR081C,adjacent enzyme,union,1,154,94,11,1013,951,0.9387956564659428,154
YOR081C,YOR081C,adjacent enzyme,union,2,5812,1156,13,2709,2645,0.976375046142488,154
YOR081C,YOR081C,adjacent enzyme,union,3,6947,1160,13,2709,2645,0.976375046142488,154
YOR108W,YOR108W,adjacent enzyme,union,1,624,321,6,676,650,0.9615384615384616,624
YOR108W,YOR108W,adjacent enzyme,union,2,6117,1159,13,2709,2645,0.976375046142488,624
YOR108W,YOR108W,adjacent enzyme,union,3,6951,1160,13,2709,2645,0.976375046142488,624
YOR175C,YOR175C,adjacent enzyme,union,1,177,101,12,1000,954,0.954,177
YOR175C,YOR175C,adjacent enzyme,union,2,5787,1154,13,2704,2640,0.9763313609467456,177
YOR175C,YOR175C,adjacent enzyme,union,3,6946,1160,13,2705,2641,0.9763401109057301,177
YOR245C,YOR245C,adjacent enzyme,union,1,335,191,12,1198,1136,0.9482470784641068,335
YOR245C,YOR245C,adjacent enzyme,union,2,5897,1159,13,2677,2613,0.9760926410160627,335
YOR245C,YOR245C,adjacent enzyme,union,3,6950,1160,13,2677,2613,0.9760926410160627,335
YOR253W,YOR253W,adjacent enzyme,union,1,478,65,3,191,188,0.9842931937172775,478
YOR253W,YOR253W,adjacent enzyme,union,2,6076,1155,13,2709,2645,0.976375046142488,478
YOR253W,YOR253W,adjacent enzyme,union,3,6950,1160,13,2709,2645,0.976375046142488,478
YOR303W,YOR303W,adjacent enzyme,union,1,474,275,1,633,632,0.9984202211690363,474
YOR303W,YOR303W,adjacent enzyme,union,2,6287,1160,13,2709,2645,0.976375046142488,474
YOR303W,YOR303W,adjacent enzyme,union,3,6958,1160,13,2709,2645,0.976375046142488,474
YOR311C,YOR311C,adjacent enzyme,union,1,240,107,7,816,782,0.9583333333333334,240
YOR311C,YOR311C,adjacent enzyme,union,2,5856,1157,13,2701,2637,0.9763050721954831,240
YOR311C,YOR311C,adjacent enzyme,union,3,6946,1160,13,2701,2637,0.9763050721954831,240
YOR377W,YOR377W,adjacent enzyme,union,1,208,117,4,295,290,0.9830508474576272,208
YOR377W,YOR377W,adjacent enzyme,union,2,6048,1159,13,2709,2645,0.976375046142488,208
YOR377W,YOR377W,adjacent enzyme,union,3,6945,1160,13,2709,2645,0.976375046142488,208
YPL028W,YPL028W,adjacent enzyme,union,1,817,469,13,1096,1032,0.9416058394160584,817
YPL028W,YPL028W,adjacent enzyme,union,2,6220,1160,13,2707,2643,0.9763575914296269,817
YPL028W,YPL028W,adjacent enzyme,union,3,6956,1160,13,2707,2643,0.9763575914296269,817
YPL147W,YPL147W,adjacent enzyme,union,1,303,149,9,625,572,0.9152,303
YPL147W,YPL147W,adjacent enzyme,union,2,5877,1160,13,2709,2645,0.976375046142488,303
YPL147W,YPL147W,adjacent enzyme,union,3,6948,1160,13,2709,2645,0.976375046142488,303
YPR193C,YPR193C,adjacent enzyme,union,1,153,67,3,105,102,0.9714285714285714,153
YPR193C,YPR193C,adjacent enzyme,union,2,5795,1155,13,2709,2645,0.976375046142488,153
YPR193C,YPR193C,adjacent enzyme,union,3,6947,1160,13,2709,2645,0.976375046142488,153
