gene_set,interaction_type,ffa_type,interaction_score,epistatic_fold,standard_error,p_value,fdr_corrected_p,effect_size,significant_p05,significant_fdr05
FKH1:GCN5,digenic,C140,-0.07147174571432968,0.9310225826012598,0.20111865337176577,0.7223116389236817,0.761542622507396,0.07147174571432968,False,False
FKH1:MED4,digenic,C140,-0.8271938159086926,0.4372746393708496,0.1895538104257373,1.2776417533219016e-05,3.2768532015250846e-05,0.8271938159086926,True,True
FKH1:OPI1,digenic,C140,-1.4828549729048381,0.22698871579174767,0.18955381042573702,5.163208095473634e-15,6.085209541093925e-14,1.4828549729048381,True,True
FKH1:RFX1,digenic,C140,-1.5706809596670446,0.20790356020387213,0.18955381042573685,1.1692319299225143e-16,1.7276710606317746e-15,1.5706809596670446,True,True
FKH1:RGR1,digenic,C140,-1.8308397190893198,0.16027892198036003,0.18955381042573702,4.5164290750165235e-22,2.794540490166474e-20,1.8308397190893198,True,True
FKH1:RPD3,digenic,C140,-1.3757612448926757,0.2526471961946754,0.18955381042573685,3.931668017549958e-13,2.971260562881266e-12,1.3757612448926757,True,True
FKH1:SPT3,digenic,C140,-1.2939436085609306,0.27418736057425874,0.18955381042573688,8.715686349258324e-12,5.1979093287745424e-11,1.2939436085609306,True,True
FKH1:YAP6,digenic,C140,-1.3732305306638513,0.2532873837731907,0.1895538104257368,4.3390311236560974e-13,3.229805122119952e-12,1.3732305306638513,True,True
FKH1:TFC7,digenic,C140,-1.5967277494095171,0.20255825609084774,0.189553810425737,3.6505183703265426e-17,6.023355311038795e-16,1.5967277494095171,True,True
GCN5:MED4,digenic,C140,-0.4418360234646343,0.6428550399555569,0.2121164695428694,0.03725233337144001,0.056133653025457544,0.4418360234646343,True,False
GCN5:OPI1,digenic,C140,-0.40046275985488783,0.6700099205907447,0.2011186533717664,0.04646147359903418,0.06784197472425345,0.40046275985488783,True,False
GCN5:RFX1,digenic,C140,-0.6205685327947619,0.5376386854634347,0.2011186533717666,0.002031527167952261,0.003875167430197954,0.6205685327947619,True,True
GCN5:RGR1,digenic,C140,-0.9112882340578049,0.4020060124796972,0.20111865337176618,5.867803855071123e-06,1.578566797967503e-05,0.9112882340578049,True,True
GCN5:RPD3,digenic,C140,-0.34001347778400665,0.7117607297405837,0.20111865337176596,0.09091105577308271,0.12312167608119273,0.34001347778400665,False,False
GCN5:SPT3,digenic,C140,-0.23837020690540056,0.7879109470208394,0.20111865337176602,0.23592977351453182,0.2841489972985237,0.23837020690540056,False,False
GCN5:YAP6,digenic,C140,-0.32883331941547833,0.7197629772630204,0.20111865337176615,0.1020445436445302,0.13633481539552617,0.32883331941547833,False,False
GCN5:TFC7,digenic,C140,-0.4283176587466395,0.6516043940843728,0.20111865337176602,0.03319833496612993,0.05071967842047628,0.4283176587466395,True,False
MED4:OPI1,digenic,C140,-0.9084227501487023,0.40315960625267105,0.1895538104257367,1.6477594762320268e-06,4.6741601188243744e-06,0.9084227501487023,True,True
MED4:RFX1,digenic,C140,-1.500892195657847,0.22293117316926978,0.18955381042573688,2.4130890345118924e-15,3.0604935233530184e-14,1.500892195657847,True,True
MED4:RGR1,digenic,C140,-1.4736985128518296,0.22907667346290647,0.18955381042573696,7.570681670737752e-15,8.61491362532227e-14,1.4736985128518296,True,True
MED4:RPD3,digenic,C140,-0.7535346437547352,0.47069985258634073,0.1895538104257368,7.028844144448902e-05,0.00016182687681405613,0.7535346437547352,True,True
MED4:SPT3,digenic,C140,-1.1024552792838087,0.3320547947408559,0.18955381042573696,6.02528533766549e-09,2.3484379859404865e-08,1.1024552792838087,True,True
MED4:YAP6,digenic,C140,-1.0512578065575082,0.3494978718138715,0.18955381042573682,2.923460463900385e-08,1.0299736153955093e-07,1.0512578065575082,True,True
MED4:TFC7,digenic,C140,-0.9217763162426197,0.3978117735901816,0.1895538104257369,1.156934366457836e-06,3.3786578843458927e-06,0.9217763162426197,True,True
OPI1:RFX1,digenic,C140,-0.5602639714563836,0.5710583008597695,0.18955381042573666,0.0031196157087863864,0.005767220897426985,0.5602639714563836,True,True
OPI1:RGR1,digenic,C140,-0.8534825212695336,0.4259290391856112,0.189553810425737,6.713126202848741e-06,1.786557779790391e-05,0.8534825212695336,True,True
OPI1:RPD3,digenic,C140,-0.34526721700549645,0.7080311302286743,0.18955381042573702,0.06853493180219754,0.09624054253074547,0.34526721700549645,False,False
OPI1:SPT3,digenic,C140,-0.2525058420587262,0.776851674412953,0.18955381042573685,0.18282523096545167,0.22512062021865317,0.2525058420587262,False,False
OPI1:YAP6,digenic,C140,-0.2706630133392837,0.7628735312978288,0.18955381042573716,0.15332196878674131,0.19336146382022154,0.2706630133392837,False,False
OPI1:TFC7,digenic,C140,-0.18693827582137224,0.829494934698821,0.18955381042573716,0.32403418215948154,0.3743218673720965,0.18693827582137224,False,False
RFX1:RGR1,digenic,C140,-1.1478543834241366,0.31731687984719065,0.1895538104257368,1.3993041189825818e-09,6.0230916425771995e-09,1.1478543834241366,True,True
RFX1:RPD3,digenic,C140,-0.7262552470084609,0.48371700339126117,0.1895538104257368,0.00012741950085754894,0.000286043777435314,0.7262552470084609,True,True
RFX1:SPT3,digenic,C140,-0.7078471275707977,0.49270378486766,0.18955381042573677,0.00018825247534342193,0.00041323714099775546,0.7078471275707977,True,True
RFX1:YAP6,digenic,C140,-0.7510895392380241,0.4718521711174393,0.18955381042573685,7.419759496330168e-05,0.0001696434619253318,0.7510895392380241,True,True
RFX1:TFC7,digenic,C140,-0.7965756898404228,0.45087024325687536,0.18955381042573663,2.641322097457886e-05,6.537272191208268e-05,0.7965756898404228,True,True
RGR1:RPD3,digenic,C140,-1.1705099502563536,0.31020870991271143,0.18955381042573713,6.612996251445461e-10,3.0031496738215623e-09,1.1705099502563536,True,True
RGR1:SPT3,digenic,C140,-0.8812701834071985,0.4142563957662521,0.1895538104257368,3.3325388478955466e-06,9.13909545544762e-06,0.8812701834071985,True,True
RGR1:YAP6,digenic,C140,-0.9981750177688216,0.3685514276099434,0.18955381042573713,1.3948975776781862e-07,4.512903927782367e-07,0.9981750177688216,True,True
RGR1:TFC7,digenic,C140,-0.8139017815593784,0.4431257090609948,0.18955381042573688,1.7565895507215723e-05,4.4362848347305016e-05,0.8139017815593784,True,True
RPD3:SPT3,digenic,C140,-0.30394500675425973,0.737901444930303,0.189553810425737,0.1088295791948536,0.14390195816894816,0.30394500675425973,False,False
RPD3:YAP6,digenic,C140,-0.4144412362006079,0.6607093580530492,0.18955381042573677,0.028786050869235566,0.044528422438348765,0.4144412362006079,True,True
RPD3:TFC7,digenic,C140,-0.34897678393361153,0.7054095069137966,0.1895538104257368,0.06561520491135625,0.09240263565041634,0.34897678393361153,False,False
SPT3:YAP6,digenic,C140,-0.30474391269203616,0.7373121665048131,0.18955381042573677,0.10790291961865141,0.14300386937411633,0.30474391269203616,False,False
SPT3:TFC7,digenic,C140,-0.4001977272472235,0.6701875186007521,0.1895538104257369,0.03474981178195846,0.052764284760949194,0.4001977272472235,True,False
YAP6:TFC7,digenic,C140,-0.26687976477127795,0.76576513787695,0.1895538104257368,0.15914981703306186,0.19969368677152247,0.26687976477127795,False,False
FKH1:GCN5:MED4,trigenic,C140,0.672660301096702,1.9594431017256178,0.28447151649725344,0.018049733084037674,0.02927575084282429,0.672660301096702,True,True
FKH1:GCN5:OPI1,trigenic,C140,0.6494112971720319,1.914413476581109,0.27636815985382435,0.01878324599964205,0.03028568980398311,0.6494112971720319,True,True
FKH1:GCN5:RFX1,trigenic,C140,0.6526839020283322,1.9206888582430388,0.2763681598538245,0.01819398089519398,0.029431439683402026,0.6526839020283322,True,True
FKH1:GCN5:RGR1,trigenic,C140,1.2479522793539788,3.4832030229167485,0.27636815985382446,6.315476222109105e-06,1.6852618490264186e-05,1.2479522793539788,True,True
FKH1:GCN5:RPD3,trigenic,C140,0.5119539194564559,1.668548220759186,0.27636815985382424,0.0639634522132172,0.09046259670155003,0.5119539194564559,False,False
FKH1:GCN5:SPT3,trigenic,C140,0.3331211758194539,1.3953163668302462,0.276368159853824,0.22806707795136916,0.2763603514955391,0.3331211758194539,False,False
FKH1:GCN5:YAP6,trigenic,C140,0.4712484330272583,1.601992926194125,0.2763681598538246,0.08816694814421314,0.12022765656029065,0.4712484330272583,False,False
FKH1:GCN5:TFC7,trigenic,C140,0.8027819896270322,2.231740980511514,0.2763681598538241,0.0036753984387576755,0.006688684658768564,0.8027819896270322,True,True
FKH1:MED4:OPI1,trigenic,C140,1.7459904500441576,5.731575504247682,0.2680695695035755,7.356694635420013e-11,3.659863160334579e-10,1.7459904500441576,True,True
FKH1:MED4:RFX1,trigenic,C140,1.8938310110097034,6.6447761924907365,0.2680695695035758,1.6096368965799168e-12,1.0767165727122416e-11,1.8938310110097034,True,True
FKH1:MED4:RGR1,trigenic,C140,2.043081610649608,7.714345215885892,0.26806956950357613,2.508215740449987e-14,2.4108093039276573e-13,2.043081610649608,True,True
FKH1:MED4:RPD3,trigenic,C140,1.3311478639226881,3.785386002752323,0.2680695695035758,6.84605448256679e-07,2.0353134948171537e-06,1.3311478639226881,True,True
FKH1:MED4:SPT3,trigenic,C140,1.312902653910867,3.716947079945133,0.2680695695035757,9.70048208102236e-07,2.841265461601224e-06,1.312902653910867,True,True
FKH1:MED4:YAP6,trigenic,C140,1.5801845433159056,4.855851843557259,0.26806956950357597,3.754063647218416e-09,1.5155179054343926e-08,1.5801845433159056,True,True
FKH1:MED4:TFC7,trigenic,C140,1.757569083607556,5.798325005029405,0.26806956950357586,5.5125343253827636e-11,2.8572821895963017e-10,1.757569083607556,True,True
FKH1:OPI1:RFX1,trigenic,C140,1.955479936765295,7.067310071826995,0.26806956950357563,2.9938459795657486e-13,2.2976027285039465e-12,1.955479936765295,True,True
FKH1:OPI1:RGR1,trigenic,C140,2.4294979102844225,11.353180333642516,0.268069569503576,1.2698311759028766e-19,4.190442880479493e-18,2.4294979102844225,True,True
FKH1:OPI1:RPD3,trigenic,C140,1.762368978623345,5.826223257099219,0.276367527130845,1.8070454949440489e-10,8.726707512168821e-10,1.762368978623345,True,True
FKH1:OPI1:SPT3,trigenic,C140,1.584118153709231,4.874990490148951,0.26806956950357574,3.4345059414273925e-09,1.399243161322271e-08,1.584118153709231,True,True
FKH1:OPI1:YAP6,trigenic,C140,1.6121559649763288,5.013608748980287,0.26806956950357597,1.810606384130753e-09,7.660257779014724e-09,1.6121559649763288,True,True
FKH1:OPI1:TFC7,trigenic,C140,1.7560467518052794,5.789504745858241,0.26806956950357586,5.726310549255264e-11,2.9526288769597456e-10,1.7560467518052794,True,True
FKH1:RFX1:RGR1,trigenic,C140,2.389458088898655,10.907581401700366,0.2680695695035759,4.941316246965153e-19,1.2873429169725005e-17,2.389458088898655,True,True
FKH1:RFX1:RPD3,trigenic,C140,1.7513431690721681,5.762337273616071,0.26806956950357597,6.439342663973017e-11,3.2692047370939935e-10,1.7513431690721681,True,True
FKH1:RFX1:SPT3,trigenic,C140,1.8060412919355224,6.086305771125059,0.2680695695035757,1.6145547771687642e-11,9.239359707497553e-11,1.8060412919355224,True,True
FKH1:RFX1:YAP6,trigenic,C140,2.065338834446439,7.8879701609049135,0.2763671053147207,7.828458331388294e-14,6.681184265581389e-13,2.065338834446439,True,True
FKH1:RFX1:TFC7,trigenic,C140,2.2826391385556595,9.802516501261154,0.2680695695035757,1.664468901893412e-17,2.959041434312229e-16,2.2826391385556595,True,True
FKH1:RGR1:RPD3,trigenic,C140,2.474875150099508,11.880223775747838,0.268069569503576,2.650992327327297e-20,1.1410793061104453e-18,2.474875150099508,True,True
FKH1:RGR1:SPT3,trigenic,C140,2.0447700659832666,7.727381545744592,0.2680695695035757,2.3886960956712846e-14,2.318440328151541e-13,2.0447700659832666,True,True
FKH1:RGR1:YAP6,trigenic,C140,2.7651019157538492,15.880658397414033,0.2680695695035761,6.036492352220845e-25,8.537324898140909e-23,2.7651019157538492,True,True
FKH1:RGR1:TFC7,trigenic,C140,2.4433907221377176,11.512008663389377,0.2680695695035761,7.88422575828482e-20,2.787636964536418e-18,2.4433907221377176,True,True
FKH1:RPD3:SPT3,trigenic,C140,1.6103308781916736,5.004466822850976,0.2680695695035757,1.88826874328004e-09,7.921127355284913e-09,1.6103308781916736,True,True
FKH1:RPD3:YAP6,trigenic,C140,1.883028326274606,6.573381093823316,0.26806956950357586,2.149855465967405e-12,1.3820499424076175e-11,1.883028326274606,True,True
FKH1:RPD3:TFC7,trigenic,C140,1.958457940236137,7.088387915118242,0.26806956950357586,2.7565798992746587e-13,2.1658842065729464e-12,1.958457940236137,True,True
FKH1:SPT3:YAP6,trigenic,C140,1.9384869362496544,6.948229898329692,0.2680695695035758,4.784519289818469e-13,3.534831415612152e-12,1.9384869362496544,True,True
FKH1:SPT3:TFC7,trigenic,C140,2.0343925019580755,7.647604809056839,0.2680695695035757,3.222674205074637e-14,2.9817266009569075e-13,2.0343925019580755,True,True
FKH1:YAP6:TFC7,trigenic,C140,2.0068653458315278,7.439959057692416,0.26806956950357597,7.080991372433746e-14,6.095809964095138e-13,2.0068653458315278,True,True
GCN5:MED4:OPI1,trigenic,C140,0.46447811201397415,1.591183552576747,0.28447151649725333,0.10251622947446473,0.13678041398884108,0.46447811201397415,False,False
GCN5:MED4:RFX1,trigenic,C140,0.8178371665566747,2.265594431251334,0.28447151649725316,0.004041104686280119,0.007243001603045982,0.8178371665566747,True,True
GCN5:MED4:RGR1,trigenic,C140,1.1331315923195635,3.105366029453238,0.2844715164972536,6.796869232460373e-05,0.00015721730233962078,1.1331315923195635,True,True
GCN5:MED4:RPD3,trigenic,C140,0.18575436954485805,1.2041264539206546,0.2844715164972529,0.5137688126062202,0.5662896967457517,0.18575436954485805,False,False
GCN5:MED4:SPT3,trigenic,C140,0.4895499769057902,1.6315818052235354,0.28447151649725333,0.08526709324109998,0.1167557708280622,0.4895499769057902,False,False
GCN5:MED4:YAP6,trigenic,C140,0.27519894324510896,1.3167926158071916,0.28447151649725333,0.3333420052980831,0.3837309130757003,0.27519894324510896,False,False
GCN5:MED4:TFC7,trigenic,C140,0.5283763360096108,1.6961760516300712,0.2844715164972533,0.06325479559750179,0.08958833711234158,0.5283763360096108,False,False
GCN5:OPI1:RFX1,trigenic,C140,0.568258188235258,1.7651897439035944,0.27636815985382424,0.03976673639301065,0.0595598623737981,0.568258188235258,True,False
GCN5:OPI1:RGR1,trigenic,C140,0.9179770874935007,2.504219445791488,0.2763681598538241,0.0008951148281528716,0.0018121956643585744,0.9179770874935007,True,True
GCN5:OPI1:RPD3,trigenic,C140,0.46341386614356916,1.58949104283486,0.276368159853824,0.09358178482389526,0.126392860812628,0.46341386614356916,False,False
GCN5:OPI1:SPT3,trigenic,C140,0.17242963998530025,1.1881882167334423,0.276368159853824,0.5326848357330412,0.5820728337480251,0.17242963998530025,False,False
GCN5:OPI1:YAP6,trigenic,C140,0.06379371502551723,1.0658725025996474,0.2763681598538243,0.8174478502415345,0.8421158915079284,0.06379371502551723,False,False
GCN5:OPI1:TFC7,trigenic,C140,0.008042150677275595,1.0080745756348806,0.3074122546575412,0.9791290818115402,0.9791290818115402,0.008042150677275595,False,False
GCN5:RFX1:RGR1,trigenic,C140,0.9100266575940595,2.484388760329146,0.2763681598538242,0.0009919299111350176,0.001995826601238481,0.9100266575940595,True,True
GCN5:RFX1:RPD3,trigenic,C140,0.4468209274698012,1.5633343239862807,0.2763681598538241,0.10593014264313831,0.14095543174288566,0.4468209274698012,False,False
GCN5:RFX1:SPT3,trigenic,C140,0.3100540064904601,1.3634987499259847,0.27636815985382407,0.26191024141698793,0.3109006462863526,0.3100540064904601,False,False
GCN5:RFX1:YAP6,trigenic,C140,0.4155525720624623,1.5152077708940197,0.27636815985382424,0.13267935074872464,0.17147853425749007,0.4155525720624623,False,False
GCN5:RFX1:TFC7,trigenic,C140,0.5623575003772334,1.7548045801520955,0.2763681598538242,0.04186970127826742,0.06233233724133044,0.5623575003772334,True,False
GCN5:RGR1:RPD3,trigenic,C140,0.8879481978664684,2.430138369388422,0.2763681598538238,0.001313938594013498,0.002575840015986858,0.8879481978664684,True,True
GCN5:RGR1:SPT3,trigenic,C140,0.4320204890705376,1.540366675519273,0.2763681598538242,0.11800404435853629,0.15514475951520706,0.4320204890705376,False,False
GCN5:RGR1:YAP6,trigenic,C140,0.7910380396343332,2.20568482659618,0.2763681598538243,0.004206292410636555,0.007503116191946288,0.7910380396343332,True,True
GCN5:RGR1:TFC7,trigenic,C140,0.7031651837812771,2.02013670280914,0.28451870778690325,0.013457771270095323,0.02239192194520062,0.7031651837812771,True,True
GCN5:RPD3:SPT3,trigenic,C140,-0.1319301140777399,0.8764022411181218,0.2763681598538244,0.6330980401598767,0.678319328742725,0.1319301140777399,False,False
GCN5:RPD3:YAP6,trigenic,C140,0.3257549085505478,1.38507585701936,0.276368159853824,0.23851800368653264,0.2867412245491237,0.3257549085505478,False,False
GCN5:RPD3:TFC7,trigenic,C140,-0.3953077757578287,0.6734727287684603,0.2763681598538241,0.15261183887144694,0.1927113781667506,0.3953077757578287,False,False
GCN5:SPT3:YAP6,trigenic,C140,-0.08095738937831398,0.9222329875283248,0.27636815985382435,0.7695732669652948,0.801133053938635,0.08095738937831398,False,False
GCN5:SPT3:TFC7,trigenic,C140,0.01915997289831939,1.0193447031014526,0.2763681598538239,0.9447287657803902,0.9504893070351488,0.01915997289831939,False,False
GCN5:YAP6:TFC7,trigenic,C140,0.1273528978262033,1.1358177746878573,0.2763681598538243,0.6449357415903423,0.6880241208776281,0.1273528978262033,False,False
MED4:OPI1:RFX1,trigenic,C140,1.3252049069362037,3.7629563318609898,0.2680695695035754,7.672795799977678e-07,2.2540260658688135e-06,1.3252049069362037,True,True
MED4:OPI1:RGR1,trigenic,C140,1.6728554907660351,5.327358321152372,0.26806956950357574,4.3651425248480024e-10,2.028869060844846e-09,1.6728554907660351,True,True
MED4:OPI1:RPD3,trigenic,C140,0.8395920922665263,2.315422305460167,0.2680695695035756,0.0017362384482017173,0.003357179811952539,0.8395920922665263,True,True
MED4:OPI1:SPT3,trigenic,C140,0.9623802360873609,2.617920331806104,0.26806956950357547,0.0003306283624280272,0.0007009038090015994,0.9623802360873609,True,True
MED4:OPI1:YAP6,trigenic,C140,1.0418178677719123,2.8343648343921264,0.27636815985382435,0.00016346091429434855,0.000362839249218397,1.0418178677719123,True,True
MED4:OPI1:TFC7,trigenic,C140,0.9685029690395708,2.6339983293030103,0.2763681598538245,0.00045764741999191,0.0009538335700884019,0.9685029690395708,True,True
MED4:RFX1:RGR1,trigenic,C140,2.8319193261924216,16.978015923277155,0.26806956950357574,4.3704453412216345e-26,7.211234813015697e-24,2.8319193261924216,True,True
MED4:RFX1:RPD3,trigenic,C140,1.8986432094662833,6.676829235174812,0.2763675271308449,6.420467581199922e-12,3.875770064260928e-11,1.8986432094662833,True,True
MED4:RFX1:SPT3,trigenic,C140,2.398238084651866,11.003771576822135,0.2680695695035755,3.6750653592103667e-19,1.0152701990362519e-17,2.398238084651866,True,True
MED4:RFX1:YAP6,trigenic,C140,2.02908826163838,7.607147467865177,0.26806956950357574,3.753563184684917e-14,3.409199589759695e-13,2.02908826163838,True,True
MED4:RFX1:TFC7,trigenic,C140,2.096262936743951,8.13570937098018,0.26806956950357574,5.288770726988853e-15,6.159862376139958e-14,2.096262936743951,True,True
MED4:RGR1:RPD3,trigenic,C140,2.461349514197666,11.7206180124657,0.2680695695035757,4.2411595266493575e-20,1.6149030505318708e-18,2.461349514197666,True,True
MED4:RGR1:SPT3,trigenic,C140,2.2727364885456542,9.705924658075304,0.2680695695035757,2.2878476486473073e-17,3.905119262346266e-16,2.2727364885456542,True,True
MED4:RGR1:YAP6,trigenic,C140,2.333391577361404,10.312859146291208,0.26806956950357563,3.191876249430474e-18,6.583244764450352e-17,2.333391577361404,True,True
MED4:RGR1:TFC7,trigenic,C140,2.1889188980728207,8.925558458354828,0.26806956950357613,3.2013791741377227e-16,4.463894904783585e-15,2.1889188980728207,True,True
MED4:RPD3:SPT3,trigenic,C140,1.5021728103259377,4.491437517555839,0.2680695695035758,2.0986277202556695e-08,7.582633003843477e-08,1.5021728103259377,True,True
MED4:RPD3:YAP6,trigenic,C140,1.6464765088236795,5.188665364075893,0.2680695695035755,8.150185085063839e-10,3.6509878887842537e-09,1.6464765088236795,True,True
MED4:RPD3:TFC7,trigenic,C140,1.4836780312193565,4.409132822435856,0.2680695695035757,3.118053996137003e-08,1.0907680057157713e-07,1.4836780312193565,True,True
MED4:SPT3:YAP6,trigenic,C140,1.8049214719672961,6.079494019069634,0.2680695695035758,1.6616144407612188e-11,9.454013197434522e-11,1.8049214719672961,True,True
MED4:SPT3:TFC7,trigenic,C140,1.854321813761372,6.387364958381535,0.26806956950357563,4.602819373218106e-12,2.8303050804260405e-11,1.854321813761372,True,True
MED4:YAP6:TFC7,trigenic,C140,1.434384832224626,4.19706231698634,0.2680695695035758,8.756954272084758e-08,2.8994597757069934e-07,1.434384832224626,True,True
OPI1:RFX1:RGR1,trigenic,C140,0.7196139706403228,2.053640292161837,0.26806956950357563,0.007265361505874947,0.012596686323671098,0.7196139706403228,True,True
OPI1:RFX1:RPD3,trigenic,C140,0.06782222928850123,1.0701750457883905,0.26806956950357547,0.8002664022999686,0.8278617954827261,0.06782222928850123,False,False
OPI1:RFX1:SPT3,trigenic,C140,0.3246853474169622,1.3835952256696453,0.2680695695035756,0.22581949911170107,0.2743083486142136,0.3246853474169622,False,False
OPI1:RFX1:YAP6,trigenic,C140,0.4140873114290703,1.5129892223687609,0.26806956950357597,0.12241862153814001,0.16009832935635218,0.4140873114290703,False,False
OPI1:RFX1:TFC7,trigenic,C140,0.3061018158875013,1.3581205777606284,0.26806956950357547,0.2535061736079661,0.3020109649481185,0.3061018158875013,False,False
OPI1:RGR1:RPD3,trigenic,C140,0.38774822644522067,1.4736587092848972,0.26806956950357586,0.14805207452537053,0.18813665290615417,0.38774822644522067,False,False
OPI1:RGR1:SPT3,trigenic,C140,0.4014402291717944,1.4939748150492649,0.26806956950357563,0.13425733875936854,0.173291741032301,0.4014402291717944,False,False
OPI1:RGR1:YAP6,trigenic,C140,0.6524685760947442,1.9202753286449268,0.26806956950357574,0.014934958345951259,0.024560811897826818,0.6524685760947442,True,True
OPI1:RGR1:TFC7,trigenic,C140,0.3091487875328449,1.3622650434803423,0.26806956950357597,0.24881152652482985,0.29713318607910927,0.3091487875328449,False,False
OPI1:RPD3:SPT3,trigenic,C140,-0.022218488846306117,0.978026523818454,0.2680695695035758,0.9339443380697745,0.9434743823357926,0.022218488846306117,False,False
OPI1:RPD3:YAP6,trigenic,C140,-0.11530875269312711,0.891090974691142,0.26806956950357574,0.6670902551268134,0.7086044555531602,0.11530875269312711,False,False
OPI1:RPD3:TFC7,trigenic,C140,-0.16541185003708925,0.8475445709346255,0.26806956950357586,0.5372029223603187,0.5863626164682642,0.16541185003708925,False,False
OPI1:SPT3:YAP6,trigenic,C140,-0.05372805876905268,0.9476897873905205,0.2763681598538245,0.8458567732331252,0.8686703376564252,0.05372805876905268,False,False
OPI1:SPT3:TFC7,trigenic,C140,-0.1832961742832505,0.8325215477467267,0.2680695695035755,0.4941245485280501,0.5465735229528151,0.1832961742832505,False,False
OPI1:YAP6:TFC7,trigenic,C140,-0.2195166496643045,0.8029067894532305,0.26806956950357586,0.4128552210734465,0.4649905220281138,0.2195166496643045,False,False
RFX1:RGR1:RPD3,trigenic,C140,1.1414796849237692,3.1313984218639916,0.26806956950357574,2.0612821493451265e-05,5.1662514629156334e-05,1.1414796849237692,True,True
RFX1:RGR1:SPT3,trigenic,C140,0.7782231087296274,2.177599468261857,0.2680695695035755,0.0036953114721741667,0.006712584142114541,0.7782231087296274,True,True
RFX1:RGR1:YAP6,trigenic,C140,1.0684116640806423,2.9107525735280997,0.2680695695035759,6.731660311762953e-05,0.00015607362315328628,1.0684116640806423,True,True
RFX1:RGR1:TFC7,trigenic,C140,0.9933289023282457,2.7002082571897623,0.2680695695035757,0.00021098309644787013,0.00046108888627680223,0.9933289023282457,True,True
RFX1:RPD3:SPT3,trigenic,C140,0.25011105467185457,1.2841680216273705,0.2680695695035757,0.3508158344310588,0.40244226661268623,0.25011105467185457,False,False
RFX1:RPD3:YAP6,trigenic,C140,0.8166011143078244,2.2627957681628272,0.26806956950357547,0.002317317935192776,0.0043697995349349485,0.8166011143078244,True,True
RFX1:RPD3:TFC7,trigenic,C140,0.508278748559607,1.6624272755476859,0.2680695695035757,0.05795074950632905,0.0825485496564975,0.508278748559607,False,False
RFX1:SPT3:YAP6,trigenic,C140,0.4544950684477061,1.5753777242545275,0.26806956950357547,0.08999255072525941,0.1222121059231918,0.4544950684477061,False,False
RFX1:SPT3:TFC7,trigenic,C140,0.6390248019811868,1.8946323364029227,0.2680695695035757,0.017134814237079177,0.027854624129242014,0.6390248019811868,True,True
RFX1:YAP6:TFC7,trigenic,C140,0.9614139045965606,2.6153917748579394,0.2680695695035756,0.0003352304471843532,0.0007080191328232891,0.9614139045965606,True,True
RGR1:RPD3:SPT3,trigenic,C140,1.465044666012877,4.3277365387197735,0.268069569503576,4.62474109084672e-08,1.58975474997856e-07,1.465044666012877,True,True
RGR1:RPD3:YAP6,trigenic,C140,1.5235711018008151,4.588582265769293,0.2763681598538243,3.5310622402146325e-08,1.2222907754589113e-07,1.5235711018008151,True,True
RGR1:RPD3:TFC7,trigenic,C140,1.455266338313663,4.285624739679022,0.2680695695035759,5.6769489674001617e-08,1.9247189992212875e-07,1.455266338313663,True,True
RGR1:SPT3:YAP6,trigenic,C140,1.0891812601673494,2.9718399125145085,0.2680695695035757,4.8434723401884135e-05,0.00011610260573333,1.0891812601673494,True,True
RGR1:SPT3:TFC7,trigenic,C140,1.1499263425139294,3.1579602937065734,0.2680695695035756,1.78949763372123e-05,4.507894802503862e-05,1.1499263425139294,True,True
RGR1:YAP6:TFC7,trigenic,C140,1.107279928847194,3.0261159388145917,0.26806956950357574,3.6186601800198625e-05,8.823826547339074e-05,1.107279928847194,True,True
RPD3:SPT3:YAP6,trigenic,C140,0.3092297436010083,1.3623753315662435,0.26806956950357574,0.24868762741372985,0.29713318607910927,0.3092297436010083,False,False
RPD3:SPT3:TFC7,trigenic,C140,0.5575976969308871,1.7464719019509352,0.26806956950357586,0.03752108765261761,0.05645270026761616,0.5575976969308871,True,False
RPD3:YAP6:TFC7,trigenic,C140,0.46255438079183464,1.588125485489161,0.2680695695035762,0.08443717634821088,0.11594008957660024,0.46255438079183464,False,False
SPT3:YAP6:TFC7,trigenic,C140,0.41412505907044606,1.513046335221263,0.26806956950357586,0.12238454936014985,0.16009832935635218,0.41412505907044606,False,False
FKH1:GCN5,digenic,C160,0.9398431133225884,2.559579822853628,0.19680170096919514,1.7918620686054865e-06,5.0396120679529305e-06,0.9398431133225884,True,True
FKH1:MED4,digenic,C160,0.34117175753553086,1.4065948133742612,0.18548509395605547,0.06586392139789451,0.09262113946578916,0.34117175753553086,False,False
FKH1:OPI1,digenic,C160,0.9300053284894435,2.534522682759233,0.18548509395605528,5.333529853299351e-07,1.6296896773970238e-06,0.9300053284894435,True,True
FKH1:RFX1,digenic,C160,0.7582587508749108,2.1345561885897433,0.185485093956055,4.35151759254239e-05,0.0001048175770466415,0.7582587508749108,True,True
FKH1:RGR1,digenic,C160,0.8387756534937034,2.3135326764027093,0.18548509395605467,6.123924345567501e-06,1.6385635411113042e-05,0.8387756534937034,True,True
FKH1:RPD3,digenic,C160,1.2243609844386234,3.401991462572484,0.1854850939560551,4.0878172118274184e-11,2.1526271487814597e-10,1.2243609844386234,True,True
FKH1:SPT3,digenic,C160,0.7825749899168367,2.187096773002965,0.185485093956055,2.4530979302708236e-05,6.0866339623261036e-05,0.7825749899168367,True,True
FKH1:YAP6,digenic,C160,0.928282050834847,2.5301587576622264,0.18548509395605484,5.597289948988147e-07,1.699790505981063e-06,0.928282050834847,True,True
FKH1:TFC7,digenic,C160,0.935845718498882,2.5493685944718667,0.1854850939560549,4.5258343502332677e-07,1.400180002103417e-06,0.935845718498882,True,True
GCN5:MED4,digenic,C160,0.8947650110338699,2.4467607601207932,0.20756345226940295,1.6266327496669093e-05,4.118584199923888e-05,0.8947650110338699,True,True
GCN5:OPI1,digenic,C160,0.158150811327937,1.171342833155933,0.19680170096919586,0.42162519203859894,0.4732527665739376,0.158150811327937,False,False
GCN5:RFX1,digenic,C160,0.21381686475461548,1.2383958400991442,0.19680170096919522,0.2772762280312966,0.3275697681992645,0.21381686475461548,False,False
GCN5:RGR1,digenic,C160,0.1385972376612279,1.1486613692850567,0.19680170096919508,0.4812782378920579,0.5329591224979164,0.1385972376612279,False,False
GCN5:RPD3,digenic,C160,0.5692898214815003,1.767011711969158,0.19680170096919505,0.0038193640106355055,0.006912560092375047,0.5692898214815003,True,True
GCN5:SPT3,digenic,C160,0.352825577835518,1.4230829045845976,0.19680170096919528,0.07300532538087612,0.10165298470754904,0.352825577835518,False,False
GCN5:YAP6,digenic,C160,0.2923678664759901,1.3395957193660482,0.19680170096919533,0.13738595088078553,0.17640997583914095,0.2923678664759901,False,False
GCN5:TFC7,digenic,C160,1.1371155141372105,3.117762241303507,0.19680170096919525,7.560456860786182e-09,2.9123938880071285e-08,1.1371155141372105,True,True
MED4:OPI1,digenic,C160,1.5536382338209698,4.728642832871562,0.18548509395605522,5.4719102560518845e-17,8.598716116652962e-16,1.5536382338209698,True,True
MED4:RFX1,digenic,C160,1.12113081291005,3.06832194030487,0.1854850939560551,1.5004371487012257e-09,6.430444923005253e-09,1.12113081291005,True,True
MED4:RGR1,digenic,C160,1.2944752828486972,3.649080736457276,0.18548509395605509,2.975759263490093e-12,1.8544899976393832e-11,1.2944752828486972,True,True
MED4:RPD3,digenic,C160,1.5593238541443575,4.755604675432893,0.18548509395605522,4.2158558138415385e-17,6.731769767263101e-16,1.5593238541443575,True,True
MED4:SPT3,digenic,C160,1.1859627496068645,3.273837190182281,0.18548509395605528,1.6176650318478181e-10,7.850433242790882e-10,1.1859627496068645,True,True
MED4:YAP6,digenic,C160,1.236348192164464,3.443017241926382,0.18548509395605514,2.6379197158340026e-11,1.434912372898716e-10,1.236348192164464,True,True
MED4:TFC7,digenic,C160,1.3922319642709151,4.0238210626278414,0.18548509395605534,6.100949110550698e-14,5.298192648636133e-13,1.3922319642709151,True,True
OPI1:RFX1,digenic,C160,0.6060792699401434,1.8332296912743429,0.18548509395605503,0.001084879687921254,0.0021610279497827796,0.6060792699401434,True,True
OPI1:RGR1,digenic,C160,0.25937074926655845,1.2961142491676068,0.1854850939560551,0.1620117634038405,0.20277072790114042,0.25937074926655845,False,False
OPI1:RPD3,digenic,C160,1.0972483350434117,2.995910928411845,0.18548509395605528,3.307468714705836e-09,1.3530553832887512e-08,1.0972483350434117,True,True
OPI1:SPT3,digenic,C160,0.6219946386935825,1.8626396320573466,0.18548509395605522,0.0007984247761188121,0.0016264208402420246,0.6219946386935825,True,True
OPI1:YAP6,digenic,C160,0.5834286501198391,1.7921726416518762,0.18548509395605522,0.0016584816178642952,0.0032194054935012787,0.5834286501198391,True,True
OPI1:TFC7,digenic,C160,0.5360565326440723,1.7092531703750593,0.1854850939560555,0.0038521136253353004,0.0069406343386425665,0.5360565326440723,True,True
RFX1:RGR1,digenic,C160,0.4061498301198353,1.501027434730952,0.18548509395605495,0.028548693058915855,0.0442303695278978,0.4061498301198353,True,True
RFX1:RPD3,digenic,C160,1.0485364249577145,2.853471790333115,0.18548509395605503,1.5772480369348212e-08,5.804741845968302e-08,1.0485364249577145,True,True
RFX1:SPT3,digenic,C160,0.39562770290016785,1.4853162356755132,0.18548509395605503,0.032930034807605355,0.05038753394053988,0.39562770290016785,True,False
RFX1:YAP6,digenic,C160,0.3618371434170127,1.435965066552766,0.18548509395605506,0.051085447214705905,0.07383152225191073,0.3618371434170127,False,False
RFX1:TFC7,digenic,C160,0.4534625536400376,1.5737519628823426,0.18548509395605495,0.014495719524255695,0.023917937215021896,0.4534625536400376,True,True
RGR1:RPD3,digenic,C160,0.8928076712458755,2.441976301866068,0.18548509395605495,1.4840901987081673e-06,4.2463852506389764e-06,0.8928076712458755,True,True
RGR1:SPT3,digenic,C160,0.493738661968522,1.6384303206837607,0.18548509395605503,0.007770607317904027,0.013425656622556697,0.493738661968522,True,True
RGR1:YAP6,digenic,C160,0.4645715305716275,1.5913322055925576,0.18548509395605517,0.012257954987666625,0.020638393601683604,0.4645715305716275,True,True
RGR1:TFC7,digenic,C160,0.7670069836461578,2.1533117021745247,0.18548509395605509,3.547370410391741e-05,8.671349892068699e-05,0.7670069836461578,True,True
RPD3:SPT3,digenic,C160,0.918918105579577,2.5065770706913413,0.18548509395605503,7.265293629292403e-07,2.1470569232834264e-06,0.918918105579577,True,True
RPD3:YAP6,digenic,C160,0.9933530393583614,2.700273432984357,0.1854850939560549,8.535165288254923e-08,2.835507931333011e-07,0.9933530393583614,True,True
RPD3:TFC7,digenic,C160,1.0317095771009093,2.8058585683147483,0.1854850939560554,2.6635861722932314e-08,9.485432771835609e-08,1.0317095771009093,True,True
SPT3:YAP6,digenic,C160,0.6668813128347384,1.948152159575175,0.18548509395605503,0.00032397265107415445,0.0006882680784622595,0.6668813128347384,True,True
SPT3:TFC7,digenic,C160,0.7484618399085563,2.113746234733772,0.1854850939560551,5.456534186918507e-05,0.0001295436173872739,0.7484618399085563,True,True
YAP6:TFC7,digenic,C160,0.8971839126440253,2.4526863975407793,0.1854850939560551,1.318401871669129e-06,3.816426470621162e-06,0.8971839126440253,True,True
FKH1:GCN5:MED4,trigenic,C160,-0.16628977755481866,0.8468008147630759,0.27836541954394944,0.5502540794970467,0.5979709535697874,0.16628977755481866,False,False
FKH1:GCN5:OPI1,trigenic,C160,-1.4840841030829266,0.22670988850370305,0.2704359990538523,4.070945976005138e-08,1.4042635945104832e-07,1.4840841030829266,True,True
FKH1:GCN5:RFX1,trigenic,C160,-1.981226871698206,0.1378999479406465,0.27043599905385235,2.370404796788156e-13,1.892500603887318e-12,1.981226871698206,True,True
FKH1:GCN5:RGR1,trigenic,C160,-1.6154684354185702,0.19879752482441815,0.27043599905385185,2.3211678117909376e-09,9.61487922038924e-09,1.6154684354185702,True,True
FKH1:GCN5:RPD3,trigenic,C160,-2.0685571567641006,0.12636797941639805,0.2704359990538524,2.0259367020536388e-14,2.0056773350331024e-13,2.0685571567641006,True,True
FKH1:GCN5:SPT3,trigenic,C160,-2.2112215350307447,0.10956672714193143,0.2704359990538518,2.9219328470059906e-16,4.192338432660769e-15,2.2112215350307447,True,True
FKH1:GCN5:YAP6,trigenic,C160,-2.1098558999778936,0.12125543808582737,0.2704359990538525,6.108700551461181e-15,7.032108774356475e-14,2.1098558999778936,True,True
FKH1:GCN5:TFC7,trigenic,C160,-2.429902526933108,0.08804541422067633,0.27043599905385207,2.58429313187318e-19,7.75287939561954e-18,2.429902526933108,True,True
FKH1:MED4:OPI1,trigenic,C160,-0.8489429562142483,0.4278669671148724,0.262315535490701,0.0012107195392577971,0.0023924398081142098,0.8489429562142483,True,True
FKH1:MED4:RFX1,trigenic,C160,-0.5238679144564788,0.5922254348600019,0.2623155354907011,0.045815331828421305,0.06729551707735473,0.5238679144564788,True,False
FKH1:MED4:RGR1,trigenic,C160,-0.7475040992802555,0.47354700529336735,0.262315535490701,0.004376912829465679,0.007793423922969465,0.7475040992802555,True,True
FKH1:MED4:RPD3,trigenic,C160,-0.6149685675772929,0.5406578892295493,0.26231553549070113,0.0190584944897191,0.030679527715157577,0.6149685675772929,True,True
FKH1:MED4:SPT3,trigenic,C160,-0.8141381293902332,0.4430209896364541,0.26231553549070097,0.001911431109234313,0.003660187230448684,0.8141381293902332,True,True
FKH1:MED4:YAP6,trigenic,C160,-0.7105317676704148,0.49138282647188847,0.2623155354907012,0.00675491896849056,0.011752846711433486,0.7105317676704148,True,True
FKH1:MED4:TFC7,trigenic,C160,-0.7089218240941153,0.49217456225082695,0.26231553549070086,0.006880906605710193,0.011951048315180861,0.7089218240941153,True,True
FKH1:OPI1:RFX1,trigenic,C160,-1.4633769984810603,0.23145333591839815,0.2623155354907011,2.4233697629204763e-08,8.661141029932388e-08,1.4633769984810603,True,True
FKH1:OPI1:RGR1,trigenic,C160,-0.9534882413641314,0.3853943275849293,0.26231553549070097,0.0002780987561176635,0.0005959259059664218,0.9534882413641314,True,True
FKH1:OPI1:RPD3,trigenic,C160,-1.6994856603930188,0.18277750959286881,0.27043537991208444,3.294235493025622e-10,1.5383458198563046e-09,1.6994856603930188,True,True
FKH1:OPI1:SPT3,trigenic,C160,-1.510660650277089,0.22076408191966362,0.2623155354907011,8.464144766531045e-09,3.2478695034363314e-08,1.510660650277089,True,True
FKH1:OPI1:YAP6,trigenic,C160,-1.5343479361142531,0.2155962278594029,0.2623155354907009,4.9380813491469894e-09,1.9633335484560317e-08,1.5343479361142531,True,True
FKH1:OPI1:TFC7,trigenic,C160,-1.4571493037877974,0.23289925432620565,0.262315535490701,2.776935402489232e-08,9.818450173086928e-08,1.4571493037877974,True,True
FKH1:RFX1:RGR1,trigenic,C160,-1.4250785228206784,0.24048957854686215,0.2623155354907009,5.5511346521465846e-08,1.8885303455756422e-07,1.4250785228206784,True,True
FKH1:RFX1:RPD3,trigenic,C160,-1.9074096047354236,0.14846447057756854,0.2623155354907011,3.5569616052181977e-13,2.7087630685892424e-12,1.9074096047354236,True,True
FKH1:RFX1:SPT3,trigenic,C160,-1.3720965179355393,0.25357477781376164,0.2623155354907011,1.6886014990617935e-07,5.410082472722251e-07,1.3720965179355393,True,True
FKH1:RFX1:YAP6,trigenic,C160,-1.4081902175715693,0.24458552944138015,0.2704349671501182,1.91783022866318e-07,6.104990116966392e-07,1.4081902175715693,True,True
FKH1:RFX1:TFC7,trigenic,C160,-1.5201763155365695,0.2186733280478795,0.2623155354907009,6.823155640029935e-09,2.6386422201678265e-08,1.5201763155365695,True,True
FKH1:RGR1:RPD3,trigenic,C160,-1.5706750162331953,0.20790479586860128,0.26231553549070075,2.12787846691939e-09,8.888606254220236e-09,1.5706750162331953,True,True
FKH1:RGR1:SPT3,trigenic,C160,-1.4280890796754653,0.2397666597377628,0.2623155354907007,5.204893263234789e-08,1.7768428726215315e-07,1.4280890796754653,True,True
FKH1:RGR1:YAP6,trigenic,C160,-1.3254022597809425,0.26569605875112434,0.26231553549070097,4.356030126785688e-07,1.3518714186576273e-06,1.3254022597809425,True,True
FKH1:RGR1:TFC7,trigenic,C160,-1.7165976082590788,0.1796764387297048,0.26231553549070086,5.988755023157646e-11,3.0561172540856025e-10,1.7165976082590788,True,True
FKH1:RPD3:SPT3,trigenic,C160,-1.6283496875711703,0.19625318609524578,0.2623155354907008,5.380017568851293e-10,2.4658413857235093e-09,1.6283496875711703,True,True
FKH1:RPD3:YAP6,trigenic,C160,-1.76586106211594,0.171039447471474,0.26231553549070113,1.6755343499230876e-11,9.478737179564896e-11,1.76586106211594,True,True
FKH1:RPD3:TFC7,trigenic,C160,-1.6352858595788924,0.19489665026099454,0.2623155354907011,4.545534059866884e-10,2.0930598694270768e-09,1.6352858595788924,True,True
FKH1:SPT3:YAP6,trigenic,C160,-1.5790089295682899,0.20617933522430126,0.262315535490701,1.7495433466894042e-09,7.433682030997898e-09,1.5790089295682899,True,True
FKH1:SPT3:TFC7,trigenic,C160,-1.6488668236632456,0.1922676583838176,0.26231553549070097,3.2613897315977693e-10,1.5302255138776263e-09,1.6488668236632456,True,True
FKH1:YAP6:TFC7,trigenic,C160,-1.8454112918726966,0.1579603397235144,0.2623155354907011,1.991439077008854e-12,1.3056454875753412e-11,1.8454112918726966,True,True
GCN5:MED4:OPI1,trigenic,C160,-0.9404532057529381,0.3904508406868101,0.2783654195439498,0.0007288658834391829,0.0015001605501139108,0.9404532057529381,True,True
GCN5:MED4:RFX1,trigenic,C160,-0.8982942448941307,0.4072637598276808,0.27836541954394933,0.00125081269249033,0.0024569535031060056,0.8982942448941307,True,True
GCN5:MED4:RGR1,trigenic,C160,-1.0170565585675888,0.3616578938638297,0.27836541954394944,0.00025851423164428643,0.0005575797153112061,1.0170565585675888,True,True
GCN5:MED4:RPD3,trigenic,C160,-0.8271208826898379,0.4373065323808383,0.2783654195439492,0.0029649438752524845,0.00552786146233514,0.8271208826898379,True,True
GCN5:MED4:SPT3,trigenic,C160,-1.0291628337943075,0.3573059598703254,0.2783654195439494,0.00021802080620612348,0.00047437494097596095,1.0291628337943075,True,True
GCN5:MED4:YAP6,trigenic,C160,-0.8918709353314771,0.40988816067692035,0.2783654195439491,0.0013555254976736909,0.002652115104144178,0.8918709353314771,True,True
GCN5:MED4:TFC7,trigenic,C160,-1.8173581484938959,0.1624543648258529,0.27836541954394944,6.635279175894709e-11,3.3514930531304907e-10,1.8173581484938959,True,True
GCN5:OPI1:RFX1,trigenic,C160,-0.5815089523383354,0.5590541437221466,0.2704359990538525,0.03153429172755576,0.04855201992267528,0.5815089523383354,True,True
GCN5:OPI1:RGR1,trigenic,C160,-0.03417755281067808,0.9663999023848189,0.2704359990538523,0.8994315682693386,0.9170311561139497,0.03417755281067808,False,False
GCN5:OPI1:RPD3,trigenic,C160,-0.5322736930079813,0.5872681829715253,0.2704359990538524,0.04904436696729356,0.07100145417905214,0.5322736930079813,True,False
GCN5:OPI1:SPT3,trigenic,C160,-0.4595085136768009,0.6315939890433065,0.2704359990538521,0.0892928846683517,0.1214285107440497,0.4595085136768009,False,False
GCN5:OPI1:YAP6,trigenic,C160,-0.606539820451782,0.5452342171212893,0.2704359990538524,0.0249082922979078,0.039017736352735324,0.606539820451782,True,True
GCN5:OPI1:TFC7,trigenic,C160,-1.6584754931185568,0.19042906935046047,0.30081374154562995,3.521732272303105e-08,1.2222907754589113e-07,1.6584754931185568,True,True
GCN5:RFX1:RGR1,trigenic,C160,-0.09073866466899982,0.9132563458654684,0.2704359990538522,0.7372273432207261,0.7747930677160497,0.09073866466899982,False,False
GCN5:RFX1:RPD3,trigenic,C160,-0.5248126814016127,0.5916661840675081,0.27043599905385224,0.05230475760684235,0.07517011353070632,0.5248126814016127,False,False
GCN5:RFX1:SPT3,trigenic,C160,-0.2272073382639701,0.7967555672469099,0.27043599905385185,0.40082318239609416,0.45298510339284614,0.2272073382639701,False,False
GCN5:RFX1:YAP6,trigenic,C160,-0.19175374796622435,0.8255101270119224,0.2704359990538522,0.47829091880498364,0.5302441317098923,0.19175374796622435,False,False
GCN5:RFX1:TFC7,trigenic,C160,-0.9640344518889559,0.3813512349974665,0.2704359990538523,0.0003642148500699305,0.0007623101513091568,0.9640344518889559,True,True
GCN5:RGR1:RPD3,trigenic,C160,-0.22962830720694855,0.7948289798086289,0.2704359990538518,0.3958233864339441,0.4483582981345591,0.22962830720694855,False,False
GCN5:RGR1:SPT3,trigenic,C160,-0.2756366866514842,0.7590886677144382,0.27043599905385185,0.3080934304902757,0.3577981974056596,0.2756366866514842,False,False
GCN5:RGR1:YAP6,trigenic,C160,0.08963685145969658,1.0937770080506481,0.27043599905385224,0.7403022579745079,0.7763763086808928,0.08963685145969658,False,False
GCN5:RGR1:TFC7,trigenic,C160,-1.1212067621338797,0.32588629000283015,0.27841159788652675,5.645572818111623e-05,0.0001337109351658016,1.1212067621338797,True,True
GCN5:RPD3:SPT3,trigenic,C160,-0.6377440719294137,0.5284833005847124,0.270435999053852,0.0183634488069101,0.029657119606592168,0.6377440719294137,True,True
GCN5:RPD3:YAP6,trigenic,C160,-0.3882899606126533,0.6782156589221539,0.2704359990538521,0.1510614141293949,0.19148629960064142,0.3882899606126533,False,False
GCN5:RPD3:TFC7,trigenic,C160,-0.8620044570986205,0.4223147216107859,0.2704359990538526,0.0014352734060143475,0.0028026048756493176,0.8620044570986205,True,True
GCN5:SPT3:YAP6,trigenic,C160,-0.7832210936539348,0.45693181814301964,0.2704359990538521,0.0037778124093858613,0.006849879643391946,0.7832210936539348,True,True
GCN5:SPT3:TFC7,trigenic,C160,-1.5783079383816316,0.20632391579009532,0.27043599905385185,5.341739106769189e-09,2.1069010819527876e-08,1.5783079383816316,True,True
GCN5:YAP6:TFC7,trigenic,C160,-1.6177397100951376,0.19834651341979684,0.2704359990538523,2.2045650042010663e-09,9.170249387222924e-09,1.6177397100951376,True,True
MED4:OPI1:RFX1,trigenic,C160,-2.034997402981475,0.13068082188409966,0.2623155354907009,8.63998555255502e-15,9.719983746624397e-14,2.034997402981475,True,True
MED4:OPI1:RGR1,trigenic,C160,-1.6992029383463432,0.18282919213001927,0.26231553549070086,9.31275358252634e-11,4.5868786301995403e-10,1.6992029383463432,True,True
MED4:OPI1:RPD3,trigenic,C160,-2.320667913949525,0.09820796922115468,0.2623155354907009,9.001898351332472e-19,2.173629114102231e-17,2.320667913949525,True,True
MED4:OPI1:SPT3,trigenic,C160,-2.316361962358669,0.09863175973838402,0.26231553549070075,1.0426344891450935e-18,2.3459276005764603e-17,2.316361962358669,True,True
MED4:OPI1:YAP6,trigenic,C160,-2.074507776223545,0.1256182445647642,0.27043599905385196,1.7069387494580336e-14,1.7762619625449852e-13,2.074507776223545,True,True
MED4:OPI1:TFC7,trigenic,C160,-2.0862318400922795,0.12415408794636631,0.2704359990538525,1.2162189157798777e-14,1.3231392600242626e-13,2.0862318400922795,True,True
MED4:RFX1:RGR1,trigenic,C160,-2.089658771901047,0.12372934854534959,0.2623155354907009,1.636242446465095e-15,2.103740288312265e-14,2.089658771901047,True,True
MED4:RFX1:RPD3,trigenic,C160,-2.405399804354293,0.09022941428481311,0.270435379912084,5.865884760890958e-19,1.451806478320512e-17,2.405399804354293,True,True
MED4:RFX1:SPT3,trigenic,C160,-1.9820588938731984,0.13778525984416548,0.26231553549070064,4.1562087727717835e-14,3.740587895494605e-13,1.9820588938731984,True,True
MED4:RFX1:YAP6,trigenic,C160,-2.2853548743157908,0.10173795151336847,0.2623155354907011,2.979383586915135e-18,6.275722874565922e-17,2.2853548743157908,True,True
MED4:RFX1:TFC7,trigenic,C160,-2.3199299172431473,0.09828047312951203,0.2623155354907008,9.231592942212417e-19,2.176018336378641e-17,2.3199299172431473,True,True
MED4:RGR1:RPD3,trigenic,C160,-2.4690606027737316,0.08466435511686413,0.2623155354907009,4.841994871874205e-21,2.5229341700818226e-19,2.4690606027737316,True,True
MED4:RGR1:SPT3,trigenic,C160,-2.540468652223631,0.07882944753659764,0.2623155354907007,3.4995593541227085e-22,2.3097091737209876e-20,2.540468652223631,True,True
MED4:RGR1:YAP6,trigenic,C160,-2.444363396098823,0.0867813626747863,0.26231553549070064,1.1809804920422017e-20,5.314412214189908e-19,2.444363396098823,True,True
MED4:RGR1:TFC7,trigenic,C160,-2.5810914219912937,0.0756913477231432,0.26231553549070097,7.597939170368344e-23,6.268299815553884e-21,2.5810914219912937,True,True
MED4:RPD3:SPT3,trigenic,C160,-2.5511674978428234,0.07799055901848424,0.2623155354907009,2.345931351935777e-22,1.680858238123e-20,2.5511674978428234,True,True
MED4:RPD3:YAP6,trigenic,C160,-2.6294343350973137,0.07211924602898603,0.2623155354907008,1.1964034124293472e-23,1.0767630711864125e-21,2.6294343350973137,True,True
MED4:RPD3:TFC7,trigenic,C160,-2.5318016473899276,0.07951563202624334,0.262315535490701,4.832809644004763e-22,2.8144009103321855e-20,2.5318016473899276,True,True
MED4:SPT3:YAP6,trigenic,C160,-2.5508165765062274,0.07801793237236293,0.26231553549070097,2.376971245830505e-22,1.680858238123e-20,2.5508165765062274,True,True
MED4:SPT3:TFC7,trigenic,C160,-2.6851537336822657,0.06821070690708658,0.2623155354907007,1.3628051653140202e-24,1.6864713920761e-22,2.6851537336822657,True,True
MED4:YAP6:TFC7,trigenic,C160,-2.8593701074101316,0.057304844796685836,0.2623155354907009,1.1462751692892004e-27,2.837031043990771e-25,2.8593701074101316,True,True
OPI1:RFX1:RGR1,trigenic,C160,-0.1488772468972117,0.8616748816725457,0.2623155354907009,0.5703403987926583,0.6184413962811957,0.1488772468972117,False,False
OPI1:RFX1:RPD3,trigenic,C160,-1.5324972487555226,0.21599559851401479,0.2623155354907009,5.1518938192791155e-09,2.0401499524345296e-08,1.5324972487555226,True,True
OPI1:RFX1:SPT3,trigenic,C160,-0.6803998266750066,0.5064144738668771,0.2623155354907008,0.00949155921884629,0.016145435784635443,0.6803998266750066,True,True
OPI1:RFX1:YAP6,trigenic,C160,-0.5052505382644417,0.6033543931268586,0.2623155354907009,0.054089706432314574,0.0776069700985383,0.5052505382644417,False,False
OPI1:RFX1:TFC7,trigenic,C160,-0.42351889531787756,0.654738804051722,0.26231553549070075,0.10641037211499112,0.14140438710582712,0.42351889531787756,False,False
OPI1:RGR1:RPD3,trigenic,C160,-0.955299615526913,0.3846968661299909,0.26231553549070075,0.00027074279680603465,0.0005814216243773846,0.955299615526913,True,True
OPI1:RGR1:SPT3,trigenic,C160,-0.09895831361717855,0.905780465947803,0.2623155354907009,0.7059884551801153,0.7467185583635836,0.09895831361717855,False,False
OPI1:RGR1:YAP6,trigenic,C160,-0.13673567204349224,0.8722007427047637,0.2623155354907008,0.602182804687803,0.6472974773517102,0.13673567204349224,False,False
OPI1:RGR1:TFC7,trigenic,C160,-0.12109600694108469,0.8859488982660222,0.2623155354907012,0.6443376915997017,0.6880241208776281,0.12109600694108469,False,False
OPI1:RPD3:SPT3,trigenic,C160,-0.8755577723384032,0.41662957040791393,0.2623155354907009,0.0008444337495866802,0.001716610702445202,0.8755577723384032,True,True
OPI1:RPD3:YAP6,trigenic,C160,-0.8497930406853813,0.427503398604284,0.26231553549070097,0.0011970447561369271,0.0023701486171511157,0.8497930406853813,True,True
OPI1:RPD3:TFC7,trigenic,C160,-0.5228009363815955,0.5928576636415301,0.26231553549070136,0.046258911533964574,0.06774273691670411,0.5228009363815955,True,False
OPI1:SPT3:YAP6,trigenic,C160,-0.5726415553776285,0.5640335432654721,0.2704359990538523,0.03421952718030436,0.05219927874961682,0.5726415553776285,True,False
OPI1:SPT3:TFC7,trigenic,C160,-0.39102702066094075,0.6763618800473415,0.26231553549070075,0.13604703325371698,0.1749176141833504,0.39102702066094075,False,False
OPI1:YAP6:TFC7,trigenic,C160,-0.49463578026465527,0.6097929654873716,0.26231553549070075,0.059341882555387124,0.08440871225550756,0.49463578026465527,False,False
RFX1:RGR1:RPD3,trigenic,C160,-0.579435033662242,0.5602147796680368,0.26231553549070075,0.02717994035590512,0.042375025121804834,0.579435033662242,True,True
RFX1:RGR1:SPT3,trigenic,C160,-0.22188307284414466,0.8010090185655464,0.2623155354907008,0.3976290327553047,0.449888848488859,0.22188307284414466,False,False
RFX1:RGR1:YAP6,trigenic,C160,-0.035961638871027546,0.9646772988836133,0.2623155354907009,0.8909572397260843,0.9112062679016771,0.035961638871027546,False,False
RFX1:RGR1:TFC7,trigenic,C160,-0.3125969797467967,0.7315446804885314,0.2623155354907008,0.233385543192964,0.28177035092809066,0.3125969797467967,False,False
RFX1:RPD3:SPT3,trigenic,C160,-0.68355708086944,0.5048181160249601,0.2623155354907008,0.00916444014356572,0.01561582743912231,0.68355708086944,True,True
RFX1:RPD3:YAP6,trigenic,C160,-0.6108449739847113,0.5428919456420475,0.2623155354907009,0.019876826228057427,0.0319448992950923,0.6108449739847113,True,True
RFX1:RPD3:TFC7,trigenic,C160,-0.5170997363436098,0.5962473171409867,0.262315535490701,0.0486908259207477,0.07083295211540612,0.5170997363436098,True,False
RFX1:SPT3:YAP6,trigenic,C160,-0.19272007692222348,0.8247127979758326,0.26231553549070086,0.4625295283876797,0.5156579201619402,0.19272007692222348,False,False
RFX1:SPT3:TFC7,trigenic,C160,-0.21529243956366395,0.8063056100351972,0.26231553549070064,0.41179527844106945,0.4643249722740988,0.21529243956366395,False,False
RFX1:YAP6:TFC7,trigenic,C160,-1.3103321873926355,0.26973044044914174,0.26231553549070075,5.875900761692285e-07,1.7789424324389486e-06,1.3103321873926355,True,True
RGR1:RPD3:SPT3,trigenic,C160,-1.2578511544640925,0.2842642105491963,0.2623155354907008,1.6252590410740551e-06,4.623581754779639e-06,1.2578511544640925,True,True
RGR1:RPD3:YAP6,trigenic,C160,-1.4550888090064487,0.23337963676712023,0.27043599905385185,7.426716133683005e-08,2.483935463630465e-07,1.4550888090064487,True,True
RGR1:RPD3:TFC7,trigenic,C160,-1.5461307608040549,0.2130708028409217,0.2623155354907011,3.7658323710794e-09,1.5155179054343926e-08,1.5461307608040549,True,True
RGR1:SPT3:YAP6,trigenic,C160,-1.3142580415474296,0.2686735939488141,0.2623155354907011,5.436838678637129e-07,1.6561447051848486e-06,1.3142580415474296,True,True
RGR1:SPT3:TFC7,trigenic,C160,-1.5983564947951592,0.2022286087945468,0.2623155354907008,1.1063485118615429e-09,4.867933452190789e-09,1.5983564947951592,True,True
RGR1:YAP6:TFC7,trigenic,C160,-1.6188439357807907,0.1981276149838989,0.26231553549070086,6.770452300847277e-10,3.0478936752807164e-09,1.6188439357807907,True,True
RPD3:SPT3:YAP6,trigenic,C160,-2.163831493176485,0.11488409904962682,0.26231553549070086,1.5977312433813134e-16,2.326108721981618e-15,2.163831493176485,True,True
RPD3:SPT3:TFC7,trigenic,C160,-2.2085360341899745,0.10986136412665191,0.26231553549070097,3.784589899944683e-17,6.142203280238092e-16,2.2085360341899745,True,True
RPD3:YAP6:TFC7,trigenic,C160,-2.2744975625827704,0.10284857042583154,0.2623155354907017,4.289222004506459e-18,8.66597915196203e-17,2.2744975625827704,True,True
SPT3:YAP6:TFC7,trigenic,C160,-1.9142038897576357,0.14745917963260752,0.262315535490701,2.935270692092907e-13,2.270248425915608e-12,1.9142038897576357,True,True
FKH1:GCN5,digenic,C180,0.725042019885064,2.0648178615528385,0.20230756232989205,0.0003385533435133238,0.0007131230001663629,0.725042019885064,True,True
FKH1:MED4,digenic,C180,0.3439528183247784,1.4105120836146507,0.1906743540425712,0.07125080796747567,0.09963036707316512,0.3439528183247784,False,False
FKH1:OPI1,digenic,C180,0.6404628930065385,1.8973589502517871,0.19067435404257096,0.0007824327353414194,0.0015971307381195984,0.6404628930065385,True,True
FKH1:RFX1,digenic,C180,0.31595175755272353,1.371564086421848,0.19067435404257144,0.09751485970166943,0.13081261667297117,0.31595175755272353,False,False
FKH1:RGR1,digenic,C180,0.5000086007207578,1.648735450952365,0.19067435404257113,0.008733415516650238,0.01493278300774393,0.5000086007207578,True,True
FKH1:RPD3,digenic,C180,0.8920865383957949,2.4402159473367004,0.19067435404257083,2.888587193573062e-06,7.987992518540032e-06,0.8920865383957949,True,True
FKH1:SPT3,digenic,C180,0.4339911437118864,1.543405199214839,0.19067435404257163,0.022840889228899385,0.03623794925738845,0.4339911437118864,True,True
FKH1:YAP6,digenic,C180,0.649762994515453,1.9150868891267925,0.19067435404257113,0.0006551036261407641,0.001351151228915326,0.649762994515453,True,True
FKH1:TFC7,digenic,C180,0.546175249742106,1.726636419424637,0.19067435404257108,0.004177472665450848,0.0074651587342894205,0.546175249742106,True,True
GCN5:MED4,digenic,C180,1.0186971628607313,2.7695840953986566,0.21337039187467524,1.803212128849021e-06,5.057167160228132e-06,1.0186971628607313,True,True
GCN5:OPI1,digenic,C180,0.4438897849957952,1.5587586775599744,0.20230756232989205,0.028225818822048363,0.04379868437904056,0.4438897849957952,True,True
GCN5:RFX1,digenic,C180,0.2542931640811343,1.289549798539691,0.20230756232989183,0.20876695578443305,0.2545311406731388,0.2542931640811343,False,False
GCN5:RGR1,digenic,C180,0.40308146912606735,1.4964287994441676,0.20230756232989194,0.046325083729907755,0.06774273691670411,0.40308146912606735,True,False
GCN5:RPD3,digenic,C180,1.0748751757670854,2.9296271892427375,0.2023075623298916,1.0779086989973055e-07,3.557098706691108e-07,1.0748751757670854,True,True
GCN5:SPT3,digenic,C180,0.5558937950071103,1.7434986189280666,0.20230756232989228,0.006000285723170133,0.010569898337968741,0.5558937950071103,True,True
GCN5:YAP6,digenic,C180,0.33766669947653893,1.4016732471142783,0.20230756232989186,0.09510231645045872,0.12827151673835713,0.33766669947653893,False,False
GCN5:TFC7,digenic,C180,1.337222753275576,3.8084517940063742,0.20230756232989186,3.84708187927905e-11,2.036690406677144e-10,1.337222753275576,True,True
MED4:OPI1,digenic,C180,1.3383283193527304,3.812664617464555,0.19067435404257088,2.2358738159728104e-12,1.4280742437503755e-11,1.3383283193527304,True,True
MED4:RFX1,digenic,C180,0.8479130637717704,2.33476924954229,0.19067435404257083,8.711139696538298e-06,2.299740879886111e-05,0.8479130637717704,True,True
MED4:RGR1,digenic,C180,1.0515003067623643,2.8619416891416622,0.1906743540425709,3.494957835371573e-08,1.2183127665555834e-07,1.0515003067623643,True,True
MED4:RPD3,digenic,C180,1.2914569423360398,3.6380831737802835,0.1906743540425709,1.2604958740778258e-11,7.427922115101473e-11,1.2914569423360398,True,True
MED4:SPT3,digenic,C180,0.91330806237454,2.4925544355997253,0.190674354042571,1.668776482960689e-06,4.72025348037452e-06,0.91330806237454,True,True
MED4:YAP6,digenic,C180,0.9857806169278076,2.6799030457993087,0.1906743540425709,2.3413205870224023e-07,7.405454891859995e-07,0.9857806169278076,True,True
MED4:TFC7,digenic,C180,1.090941299511293,2.9770750733775517,0.19067435404257105,1.055942341878865e-08,3.959783782045744e-08,1.090941299511293,True,True
OPI1:RFX1,digenic,C180,0.5942797019551046,1.811725492529026,0.1906743540425709,0.0018287149989509625,0.003522807591200162,0.5942797019551046,True,True
OPI1:RGR1,digenic,C180,0.261115143659134,1.298377156723799,0.19067435404257121,0.17086496259539752,0.21250793086613512,0.261115143659134,False,False
OPI1:RPD3,digenic,C180,1.0644361247744114,2.899203733904954,0.19067435404257077,2.371103320966288e-08,8.535971955478636e-08,1.0644361247744114,True,True
OPI1:SPT3,digenic,C180,0.6065363170268061,1.834067755066642,0.1906743540425709,0.0014676444974252522,0.002860173331596456,0.6065363170268061,True,True
OPI1:YAP6,digenic,C180,0.588344619552503,1.8010045986048606,0.19067435404257108,0.0020314250089619175,0.003875167430197954,0.588344619552503,True,True
OPI1:TFC7,digenic,C180,0.4646320000673667,1.5914284355580428,0.19067435404257102,0.014818574241041629,0.024409964224012,0.4646320000673667,True,True
RFX1:RGR1,digenic,C180,0.3593309126915315,1.432370712803558,0.19067435404257121,0.059493765667255144,0.08450334004387747,0.3593309126915315,False,False
RFX1:RPD3,digenic,C180,0.9981791054100086,2.713336627494756,0.19067435404257096,1.6499019496506719e-07,5.303256266734302e-07,0.9981791054100086,True,True
RFX1:SPT3,digenic,C180,0.3162763061610951,1.3720092978798601,0.1906743540425712,0.09717123175228463,0.13069302701444924,0.3162763061610951,False,False
RFX1:YAP6,digenic,C180,0.27875804947983984,1.3214875705813551,0.19067435404257096,0.1437525007960862,0.18386947776243584,0.27875804947983984,False,False
RFX1:TFC7,digenic,C180,0.36479824589326226,1.4402234078481475,0.1906743540425705,0.05572240538330391,0.0794887339041367,0.36479824589326226,False,False
RGR1:RPD3,digenic,C180,0.9480051286327309,2.580556642663967,0.19067435404257155,6.631549843093349e-07,1.9787769057556605e-06,0.9480051286327309,True,True
RGR1:SPT3,digenic,C180,0.46907497718731694,1.5985148464087324,0.1906743540425706,0.01389043999117038,0.023033762419080953,0.46907497718731694,True,True
RGR1:YAP6,digenic,C180,0.4829984863183915,1.6209274514421452,0.19067435404257105,0.011305652860936051,0.019132643303122546,0.4829984863183915,True,True
RGR1:TFC7,digenic,C180,0.7669816662687464,2.153257186659574,0.1906743540425712,5.75912514379751e-05,0.00013607479456705335,0.7669816662687464,True,True
RPD3:SPT3,digenic,C180,0.8573280943382391,2.3568549791572497,0.1906743540425707,6.914786935211406e-06,1.830384776967725e-05,0.8573280943382391,True,True
RPD3:YAP6,digenic,C180,0.9444777003033629,2.571469949807948,0.1906743540425708,7.294484645380341e-07,2.1492677972995645e-06,0.9444777003033629,True,True
RPD3:TFC7,digenic,C180,0.952180272431682,2.591353360970299,0.1906743540425704,5.921769470454056e-07,1.787363346265096e-06,0.952180272431682,True,True
SPT3:YAP6,digenic,C180,0.6601634198929897,1.9351085437950255,0.19067435404257083,0.0005356674439611839,0.0011117626195420798,0.6601634198929897,True,True
SPT3:TFC7,digenic,C180,0.7124456053353062,2.0389716861185403,0.19067435404257066,0.00018663492431147586,0.0004105968334852469,0.7124456053353062,True,True
YAP6:TFC7,digenic,C180,0.8313914522147519,2.2965120048267624,0.19067435404257108,1.2990272287800355e-05,3.323092910832649e-05,0.8313914522147519,True,True
FKH1:GCN5:MED4,trigenic,C180,-0.2788159172682767,0.7566791819661021,0.28615316426400744,0.3298783084141391,0.38062881740092974,0.2788159172682767,False,False
FKH1:GCN5:OPI1,trigenic,C180,-1.1861829619423832,0.30538470725044586,0.27800190478738657,1.9828260760910203e-05,4.982227957690635e-05,1.1861829619423832,True,True
FKH1:GCN5:RFX1,trigenic,C180,-1.2655144274210237,0.28209414184617393,0.2780019047873866,5.309313709146275e-06,1.4322126899331913e-05,1.2655144274210237,True,True
FKH1:GCN5:RGR1,trigenic,C180,-1.3939890950084455,0.24808369869731825,0.27800190478738623,5.322275877651288e-07,1.6296896773970238e-06,1.3939890950084455,True,True
FKH1:GCN5:RPD3,trigenic,C180,-2.0937558706482324,0.12322345424356022,0.2780019047873861,5.018210461140375e-14,4.396485271264576e-13,2.0937558706482324,True,True
FKH1:GCN5:SPT3,trigenic,C180,-1.9145247238133563,0.147411877294459,0.27800190478738607,5.708846602958896e-12,3.4673362803247276e-11,1.9145247238133563,True,True
FKH1:GCN5:YAP6,trigenic,C180,-1.6873821473948383,0.1850032017318655,0.27800190478738657,1.281666728375878e-09,5.540829961100957e-09,1.6873821473948383,True,True
FKH1:GCN5:TFC7,trigenic,C180,-1.749778877958223,0.17381237294827645,0.2780019047873862,3.0913764712258054e-10,1.4573631935778795e-09,1.749778877958223,True,True
FKH1:MED4:OPI1,trigenic,C180,-0.6081791084843404,0.5443411533885573,0.2696542574837332,0.02410802433890401,0.03799942821638784,0.6081791084843404,True,True
FKH1:MED4:RFX1,trigenic,C180,-0.23223998932169188,0.7927558475374028,0.26965425748373356,0.38909983623479616,0.4422604338374836,0.23223998932169188,False,False
FKH1:MED4:RGR1,trigenic,C180,-0.5309268106922594,0.5880596970202365,0.2696542574837335,0.04896264050136271,0.07100145417905214,0.5309268106922594,True,False
FKH1:MED4:RPD3,trigenic,C180,-0.4082027892015154,0.6648440419587329,0.26965425748373306,0.13007640871632523,0.16833417598583264,0.4082027892015154,False,False
FKH1:MED4:SPT3,trigenic,C180,-0.5940759597236611,0.5520724674421267,0.2696542574837333,0.027587527408826466,0.04290274309954096,0.5940759597236611,True,True
FKH1:MED4:YAP6,trigenic,C180,-0.5985613785656954,0.5496017364685061,0.2696542574837335,0.026436664453031646,0.041281226827289165,0.5985613785656954,True,True
FKH1:MED4:TFC7,trigenic,C180,-0.44711851602236363,0.6394681165660199,0.26965425748373323,0.09729369788853443,0.13069302701444924,0.44711851602236363,False,False
FKH1:OPI1:RFX1,trigenic,C180,-0.973672907814487,0.3776932548856067,0.2696542574837333,0.0003052307912336042,0.0006526533117090026,0.973672907814487,True,True
FKH1:OPI1:RGR1,trigenic,C180,-0.46261357798120684,0.6296358906769596,0.2696542574837335,0.08623885542599899,0.11792329678416988,0.46261357798120684,False,False
FKH1:OPI1:RPD3,trigenic,C180,-1.1623822204835914,0.3127402764882964,0.27800126832407707,2.8995943908389123e-05,7.158599618280606e-05,1.1623822204835914,True,True
FKH1:OPI1:SPT3,trigenic,C180,-1.0242482256548444,0.3590663007987307,0.2696542574837334,0.00014564733763883337,0.0003247541987892906,1.0242482256548444,True,True
FKH1:OPI1:YAP6,trigenic,C180,-1.0929603045321048,0.3352226622443148,0.2696542574837331,5.0523643526751903e-05,0.00012081269267115471,1.0929603045321048,True,True
FKH1:OPI1:TFC7,trigenic,C180,-0.7968093340541909,0.45076491233883714,0.2696542574837331,0.0031274045509302227,0.005767220897426985,0.7968093340541909,True,True
FKH1:RFX1:RGR1,trigenic,C180,-0.7881228063172535,0.4546975500074833,0.26965425748373373,0.00346992878849895,0.006373338591120521,0.7881228063172535,True,True
FKH1:RFX1:RPD3,trigenic,C180,-1.179710205196701,0.30736779928678076,0.2696542574837332,1.214885836614659e-05,3.1567899691562005e-05,1.179710205196701,True,True
FKH1:RFX1:SPT3,trigenic,C180,-0.6687577212411775,0.512344657495787,0.26965425748373334,0.013136166526944666,0.02200474595884132,0.6687577212411775,True,True
FKH1:RFX1:YAP6,trigenic,C180,-0.8517855438537318,0.4266524447737149,0.2780008440143955,0.0021842265611797637,0.004150449703585348,0.8517855438537318,True,True
FKH1:RFX1:TFC7,trigenic,C180,-0.7597350114987702,0.4677903696564409,0.2696542574837331,0.00484079793419506,0.008603931696325152,0.7597350114987702,True,True
FKH1:RGR1:RPD3,trigenic,C180,-1.0386865599789017,0.3539192284939315,0.2696542574837331,0.0001171954329840422,0.0002654999511537798,1.0386865599789017,True,True
FKH1:RGR1:SPT3,trigenic,C180,-0.7400040248931525,0.4771119951923674,0.26965425748373323,0.006064567916106401,0.01066416027876614,0.7400040248931525,True,True
FKH1:RGR1:YAP6,trigenic,C180,-0.7919217385157071,0.4529734617648574,0.2696542574837334,0.003316134742678931,0.006102181032067179,0.7919217385157071,True,True
FKH1:RGR1:TFC7,trigenic,C180,-1.0730784010432848,0.3419542232435631,0.26965425748373334,6.907190499080651e-05,0.0001593967038249381,1.0730784010432848,True,True
FKH1:RPD3:SPT3,trigenic,C180,-0.9840198056972295,0.37380544939459703,0.26965425748373284,0.0002630677800099337,0.00056616761349964,0.9840198056972295,True,True
FKH1:RPD3:YAP6,trigenic,C180,-1.2342359841539179,0.29105704963957835,0.2696542574837331,4.714537364857043e-06,1.2787375318379377e-05,1.2342359841539179,True,True
FKH1:RPD3:TFC7,trigenic,C180,-0.961822972015073,0.3821955187927634,0.26965425748373323,0.0003612639921639439,0.0007577359157675942,0.961822972015073,True,True
FKH1:SPT3:YAP6,trigenic,C180,-1.038212406778573,0.3540870802193514,0.2696542574837331,0.00011804002538648194,0.0002661950458601757,1.038212406778573,True,True
FKH1:SPT3:TFC7,trigenic,C180,-1.011942742666263,0.36351208270173546,0.2696542574837332,0.00017491114273205033,0.00038652239130520047,1.011942742666263,True,True
FKH1:YAP6:TFC7,trigenic,C180,-1.2616774604924885,0.2831786069370295,0.26965425748373334,2.8845897681380986e-06,7.987992518540032e-06,1.2616774604924885,True,True
GCN5:MED4:OPI1,trigenic,C180,-1.1367566442422867,0.3208579926473763,0.2861531642640075,7.110846090725062e-05,0.000162956889579116,1.1367566442422867,True,True
GCN5:MED4:RFX1,trigenic,C180,-0.8916832347534911,0.4099651041425296,0.2861531642640073,0.0018325716257253368,0.003522807591200162,0.8916832347534911,True,True
GCN5:MED4:RGR1,trigenic,C180,-0.8748727790427793,0.41691505663731565,0.28615316426400766,0.0022329711737168532,0.004226847919655229,0.8748727790427793,True,True
GCN5:MED4:RPD3,trigenic,C180,-1.146956134303043,0.31760203750775723,0.2861531642640067,6.118599286277047e-05,0.00014354059937000653,1.146956134303043,True,True
GCN5:MED4:SPT3,trigenic,C180,-1.023022083865671,0.3595068370199665,0.28615316426400733,0.0003501132005311275,0.0007359067272310323,1.023022083865671,True,True
GCN5:MED4:YAP6,trigenic,C180,-0.7510573392615751,0.4718673649908566,0.28615316426400744,0.008673323815427635,0.014855693040265327,0.7510573392615751,True,True
GCN5:MED4:TFC7,trigenic,C180,-1.8433750740948196,0.15828230906406116,0.2861531642640072,1.179734142197035e-10,5.75338325504958e-10,1.8433750740948196,True,True
GCN5:OPI1:RFX1,trigenic,C180,-0.7662627343787036,0.4647467086530284,0.2780019047873865,0.00584554398480707,0.010334086687426785,0.7662627343787036,True,True
GCN5:OPI1:RGR1,trigenic,C180,-0.3884402234182903,0.6781137559907192,0.2780019047873865,0.16233617614355889,0.2029202201794486,0.3884402234182903,False,False
GCN5:OPI1:RPD3,trigenic,C180,-0.9999947959796259,0.3678813556285308,0.2780019047873861,0.00032181084624432734,0.000685145672649213,0.9999947959796259,True,True
GCN5:OPI1:SPT3,trigenic,C180,-0.5343160087541244,0.586070019844411,0.2780019047873863,0.05460741084692587,0.07823637733495892,0.5343160087541244,False,False
GCN5:OPI1:YAP6,trigenic,C180,-0.907942960953648,0.40335308428625694,0.27800190478738646,0.0010909385234470353,0.0021687332092621787,0.907942960953648,True,True
GCN5:OPI1:TFC7,trigenic,C180,-1.773436130671089,0.16974870682773893,0.30922951614608374,9.750331256402097e-09,3.6984015110490714e-08,1.773436130671089,True,True
GCN5:RFX1:RGR1,trigenic,C180,0.33517998893335865,1.3981920216665105,0.2780019047873864,0.2279427693416236,0.2763603514955391,0.33517998893335865,False,False
GCN5:RFX1:RPD3,trigenic,C180,-0.4262572959288782,0.6529483195614513,0.27800190478738585,0.12520463416788763,0.1630955102976431,0.4262572959288782,False,False
GCN5:RFX1:SPT3,trigenic,C180,0.17371338017339388,1.1897145211778486,0.27800190478738596,0.5320603265372166,0.5820328433943032,0.17371338017339388,False,False
GCN5:RFX1:YAP6,trigenic,C180,0.36793255504723965,1.4447445949569049,0.2780019047873861,0.18567270190313,0.22834282594297975,0.36793255504723965,False,False
GCN5:RFX1:TFC7,trigenic,C180,-0.555234410388219,0.5739377084657182,0.2780019047873861,0.04579994337417678,0.06729551707735473,0.555234410388219,True,False
GCN5:RGR1:RPD3,trigenic,C180,-0.30811175334635227,0.7348331933519338,0.2780019047873856,0.2677287933141368,0.31704725524042515,0.30811175334635227,False,False
GCN5:RGR1:SPT3,trigenic,C180,0.10291625383219516,1.1083985810555024,0.2780019047873861,0.7112336141229321,0.7510232012955738,0.10291625383219516,False,False
GCN5:RGR1:YAP6,trigenic,C180,0.4701718541909674,1.6002691825533464,0.2780019047873865,0.09078828727147864,0.12312167608119273,0.4701718541909674,False,False
GCN5:RGR1:TFC7,trigenic,C180,-0.8706316247341612,0.41868701263944613,0.2862006345240365,0.0023498654052241785,0.0044227504775131874,0.8706316247341612,True,True
GCN5:RPD3:SPT3,trigenic,C180,-0.5319521359803948,0.5874570535475409,0.27800190478738585,0.05568614786074813,0.0794887339041367,0.5319521359803948,False,False
GCN5:RPD3:YAP6,trigenic,C180,-0.3162668261627295,0.7288649439829573,0.27800190478738596,0.2552697260343938,0.3037464288149638,0.3162668261627295,False,False
GCN5:RPD3:TFC7,trigenic,C180,-0.5821178569989636,0.5587138366662813,0.2780019047873862,0.03626579061836004,0.0548139430720251,0.5821178569989636,True,False
GCN5:SPT3:YAP6,trigenic,C180,-0.4562830998358764,0.6336344299015625,0.27800190478738634,0.10073622073820128,0.13476872774435036,0.4562830998358764,False,False
GCN5:SPT3:TFC7,trigenic,C180,-1.3854032829191547,0.2502228688322161,0.27800190478738585,6.246662760863114e-07,1.8796948733296302e-06,1.3854032829191547,True,True
GCN5:YAP6:TFC7,trigenic,C180,-1.2906693757416794,0.27508658516084933,0.27800190478738634,3.439457921074235e-06,9.380339784747913e-06,1.2906693757416794,True,True
MED4:OPI1:RFX1,trigenic,C180,-1.5632062715326636,0.20946339686224666,0.26965425748373323,6.7481044991139585e-09,2.619852334950125e-08,1.5632062715326636,True,True
MED4:OPI1:RGR1,trigenic,C180,-1.167145765280029,0.31125406679516127,0.2696542574837333,1.5026155568924347e-05,3.8143317982654114e-05,1.167145765280029,True,True
MED4:OPI1:RPD3,trigenic,C180,-1.7659547475399866,0.1710234243188886,0.2696542574837329,5.793943187559579e-11,2.9720226713388514e-10,1.7659547475399866,True,True
MED4:OPI1:SPT3,trigenic,C180,-1.8950206527461084,0.15031523059204904,0.2696542574837332,2.1012518778248545e-12,1.3596335680043177e-11,1.8950206527461084,True,True
MED4:OPI1:YAP6,trigenic,C180,-1.6379925940106168,0.1943698300898953,0.2780019047873863,3.815045589613131e-09,1.52910734158583e-08,1.6379925940106168,True,True
MED4:OPI1:TFC7,trigenic,C180,-1.5738996983806635,0.2072354487808142,0.2780019047873867,1.5008094638076227e-08,5.5647991354664656e-08,1.5738996983806635,True,True
MED4:RFX1:RGR1,trigenic,C180,-1.550844946680581,0.21206871135008057,0.2696542574837335,8.859397584396668e-09,3.3864106596728576e-08,1.550844946680581,True,True
MED4:RFX1:RPD3,trigenic,C180,-1.8397950456065502,0.1588499797720521,0.2780012683240774,3.6424471369334054e-11,1.93872186320649e-10,1.8397950456065502,True,True
MED4:RFX1:SPT3,trigenic,C180,-1.3987067533678414,0.24691608093873882,0.269654257483733,2.1366568592282431e-07,6.779776572551157e-07,1.3987067533678414,True,True
MED4:RFX1:YAP6,trigenic,C180,-1.6821850807966305,0.18596717844803431,0.26965425748373334,4.42341996119422e-10,2.0463484867206906e-09,1.6821850807966305,True,True
MED4:RFX1:TFC7,trigenic,C180,-1.699168648603243,0.1828354614035339,0.26965425748373306,2.951857722324105e-10,1.404970742836954e-09,1.699168648603243,True,True
MED4:RGR1:RPD3,trigenic,C180,-2.066125124708681,0.12667568441566096,0.26965425748373295,1.8287888179583688e-14,1.8540703634296784e-13,2.066125124708681,True,True
MED4:RGR1:SPT3,trigenic,C180,-2.167753618962591,0.1144343916433279,0.26965425748373295,9.05662405895022e-16,1.195474375781429e-14,2.167753618962591,True,True
MED4:RGR1:YAP6,trigenic,C180,-2.009508389430779,0.13405456111133687,0.26965425748373306,9.18198316407419e-14,7.703528247824956e-13,2.009508389430779,True,True
MED4:RGR1:TFC7,trigenic,C180,-2.1347273415161196,0.1182768351630821,0.26965425748373323,2.4422120034837217e-15,3.0604935233530184e-14,2.1347273415161196,True,True
MED4:RPD3:SPT3,trigenic,C180,-2.130896787155233,0.11873076986553087,0.26965425748373295,2.737386884067157e-15,3.3048939210079084e-14,2.130896787155233,True,True
MED4:RPD3:YAP6,trigenic,C180,-2.2038544650131784,0.11037689350431515,0.2696542574837331,3.010895881555835e-16,4.2582670324861096e-15,2.2038544650131784,True,True
MED4:RPD3:TFC7,trigenic,C180,-1.9492300541824763,0.14238365709491194,0.2696542574837329,4.879013347165018e-13,3.577943121254347e-12,1.9492300541824763,True,True
MED4:SPT3:YAP6,trigenic,C180,-2.0914878318039354,0.12350324699478933,0.2696542574837334,8.75235398089488e-15,9.73576454054599e-14,2.0914878318039354,True,True
MED4:SPT3:TFC7,trigenic,C180,-2.182925153717834,0.11271134993691678,0.26965425748373295,5.713550363490467e-16,7.748513506651455e-15,2.182925153717834,True,True
MED4:YAP6:TFC7,trigenic,C180,-2.3034855931138276,0.09990999052087757,0.26965425748373323,1.315001692546747e-17,2.5526503443554504e-16,2.3034855931138276,True,True
OPI1:RFX1:RGR1,trigenic,C180,-0.47240813562841133,0.6234989888294911,0.26965425748373334,0.07979046758899204,0.11001749709345698,0.47240813562841133,False,False
OPI1:RFX1:RPD3,trigenic,C180,-1.7889866482569934,0.1671294447991251,0.2696542574837329,3.258870628499199e-11,1.753414088159895e-10,1.7889866482569934,True,True
OPI1:RFX1:SPT3,trigenic,C180,-0.9426373487599704,0.38959897085495454,0.2696542574837332,0.0004727742302021125,0.0009832909409665785,0.9426373487599704,True,True
OPI1:RFX1:YAP6,trigenic,C180,-0.7462766295046805,0.47412862681807366,0.2696542574837333,0.005648260102293168,0.010003179787603286,0.7462766295046805,True,True
OPI1:RFX1:TFC7,trigenic,C180,-0.6160369865052471,0.5400805485829065,0.26965425748373295,0.02233958620138802,0.03549950295244645,0.6160369865052471,True,True
OPI1:RGR1:RPD3,trigenic,C180,-1.2467550684982966,0.2874359953214275,0.26965425748373306,3.772606449876252e-06,1.0260660399388707e-05,1.2467550684982966,True,True
OPI1:RGR1:SPT3,trigenic,C180,-0.40892026119316005,0.6643672060584721,0.26965425748373334,0.12940273450172635,0.16768155387003808,0.40892026119316005,False,False
OPI1:RGR1:YAP6,trigenic,C180,-0.47374902294740684,0.6226635072104987,0.2696542574837333,0.0789389917105844,0.10899526052089059,0.47374902294740684,False,False
OPI1:RGR1:TFC7,trigenic,C180,-0.4245080088159823,0.654091513237715,0.26965425748373345,0.11542555570158503,0.15195651614969305,0.4245080088159823,False,False
OPI1:RPD3:SPT3,trigenic,C180,-1.1260115611448893,0.32432422758206897,0.269654257483733,2.9699233863319424e-05,7.313990429026426e-05,1.1260115611448893,True,True
OPI1:RPD3:YAP6,trigenic,C180,-1.0789904487383473,0.3399385378513755,0.26965425748373306,6.297285070028739e-05,0.0001473832675964173,1.0789904487383473,True,True
OPI1:RPD3:TFC7,trigenic,C180,-0.7751388286743168,0.46063982654325586,0.2696542574837331,0.00404583826917619,0.007243001603045982,0.7751388286743168,True,True
OPI1:SPT3:YAP6,trigenic,C180,-0.996995627213908,0.3689863501039939,0.2780019047873866,0.00033541512453951774,0.0007080191328232891,0.996995627213908,True,True
OPI1:SPT3:TFC7,trigenic,C180,-0.7525502452280338,0.47116343696619956,0.269654257483733,0.005257846583213261,0.009328437486346108,0.7525502452280338,True,True
OPI1:YAP6:TFC7,trigenic,C180,-0.8722038475728193,0.41802926055783796,0.2696542574837333,0.001218446035964079,0.0024029115051881237,0.8722038475728193,True,True
RFX1:RGR1:RPD3,trigenic,C180,-1.110652180159998,0.32934409933112535,0.2696542574837331,3.808491366053724e-05,9.218597683112926e-05,1.110652180159998,True,True
RFX1:RGR1:SPT3,trigenic,C180,-0.6466835713155329,0.5237799784382682,0.26965425748373323,0.016476078194344292,0.026872022096212273,0.6466835713155329,True,True
RFX1:RGR1:YAP6,trigenic,C180,-0.5436979201435381,0.580597275394622,0.26965425748373345,0.04377092447648451,0.06487008268221506,0.5436979201435381,True,False
RFX1:RGR1:TFC7,trigenic,C180,-0.7351367910766422,0.47943987139290534,0.269654257483733,0.0064064309828234765,0.01118583187477115,0.7351367910766422,True,True
RFX1:RPD3:SPT3,trigenic,C180,-1.1058297897473017,0.3309361608439649,0.26965425748373273,4.1151575020245794e-05,9.93659982196179e-05,1.1058297897473017,True,True
RFX1:RPD3:YAP6,trigenic,C180,-1.0382330459926596,0.3540797722157134,0.2696542574837329,0.00011800314231020373,0.0002661950458601757,1.0382330459926596,True,True
RFX1:RPD3:TFC7,trigenic,C180,-0.9731064011392968,0.3779072812536328,0.2696542574837333,0.0003077128721060562,0.0006565425503986974,0.9731064011392968,True,True
RFX1:SPT3:YAP6,trigenic,C180,-0.6707902284374377,0.5113043708456386,0.26965425748373295,0.01286105743331006,0.021580418405045695,0.6707902284374377,True,True
RFX1:SPT3:TFC7,trigenic,C180,-0.6982951457050024,0.4974326314592861,0.269654257483733,0.009608908286796461,0.016317014071918517,0.6982951457050024,True,True
RFX1:YAP6:TFC7,trigenic,C180,-1.1791476472486309,0.30754076013093773,0.26965425748373295,1.226557713089017e-05,3.1736621593757304e-05,1.1791476472486309,True,True
RGR1:RPD3:SPT3,trigenic,C180,-1.221495585793119,0.29478895489812246,0.269654257483733,5.902324912834169e-06,1.583550586370143e-05,1.221495585793119,True,True
RGR1:RPD3:YAP6,trigenic,C180,-1.4716774815955407,0.22954011273494304,0.278001904787386,1.1982167786419722e-07,3.9279291750183855e-07,1.4716774815955407,True,True
RGR1:RPD3:TFC7,trigenic,C180,-1.5382553577232116,0.21475544621379067,0.26965425748373334,1.1665297480705573e-08,4.3579790588296294e-08,1.5382553577232116,True,True
RGR1:SPT3:YAP6,trigenic,C180,-1.3406474489638178,0.261676191743245,0.26965425748373334,6.635898310210902e-07,1.9787769057556605e-06,1.3406474489638178,True,True
RGR1:SPT3:TFC7,trigenic,C180,-1.5925172848276261,0.2034129184540711,0.26965425748373306,3.509934415621339e-09,1.4241127342070185e-08,1.5925172848276261,True,True
RGR1:YAP6:TFC7,trigenic,C180,-1.6204412125981587,0.19781140294391422,0.26965425748373334,1.8629246908446006e-09,7.848065718877254e-09,1.6204412125981587,True,True
RPD3:SPT3:YAP6,trigenic,C180,-2.238006547819754,0.10667093598268726,0.2696542574837329,1.045144552449678e-16,1.567716828674517e-15,2.238006547819754,True,True
RPD3:SPT3:TFC7,trigenic,C180,-2.1987744611939712,0.11093903517688539,0.26965425748373295,3.519334976068801e-16,4.839085592094602e-15,2.1987744611939712,True,True
RPD3:YAP6:TFC7,trigenic,C180,-2.297193962184816,0.10054056891050656,0.2696542574837339,1.6088871219199388e-17,2.9496263901865544e-16,2.297193962184816,True,True
SPT3:YAP6:TFC7,trigenic,C180,-1.9440819911499074,0.1431185471435526,0.2696542574837332,5.614298496032661e-13,4.057047818300974e-12,1.9440819911499074,True,True
FKH1:GCN5,digenic,C161,-0.050643501503808475,0.9506175038426289,0.15629581667897646,0.7459203205476065,0.7797899866337173,0.050643501503808475,False,False
FKH1:MED4,digenic,C161,-0.21445797419122825,0.806978724952858,0.14730840281800262,0.14543589977976704,0.18554322265717701,0.21445797419122825,False,False
FKH1:OPI1,digenic,C161,-0.12906464976409793,0.8789171419228992,0.14730840281800245,0.3809470452527334,0.43449029354862445,0.12906464976409793,False,False
FKH1:RFX1,digenic,C161,0.23772476510136809,1.268360047829478,0.1473084028180028,0.10657307609054627,0.1414307578145319,0.23772476510136809,False,False
FKH1:RGR1,digenic,C161,-0.16366403077283476,0.8490272209877398,0.1473084028180023,0.26655550653281745,0.31603587002094524,0.16366403077283476,False,False
FKH1:RPD3,digenic,C161,0.2179196450354839,1.2434871432391346,0.14730840281800237,0.13904868316862887,0.17831372582505514,0.2179196450354839,False,False
FKH1:SPT3,digenic,C161,0.1067515509983672,1.112657781421067,0.14730840281800242,0.4686479607904137,0.5213050350365276,0.1067515509983672,False,False
FKH1:YAP6,digenic,C161,-0.010707707368634134,0.9893494160611219,0.1473084028180026,0.9420535649752374,0.948761983037116,0.010707707368634134,False,False
FKH1:TFC7,digenic,C161,-0.20831861709129784,0.8119482948903424,0.14730840281800245,0.15731300425627004,0.1976394342813545,0.20831861709129784,False,False
GCN5:MED4,digenic,C161,-0.5784011840486284,0.5607942569961288,0.1648425756758674,0.00045011729921603404,0.0009401184097550079,0.5784011840486284,True,True
GCN5:OPI1,digenic,C161,-0.4785297374472958,0.6196938349865994,0.15629581667897627,0.002200893863017738,0.004174109050550883,0.4785297374472958,True,True
GCN5:RFX1,digenic,C161,-0.11588574676031826,0.890576968788856,0.15629581667897624,0.4584198096684141,0.5116523242071364,0.11588574676031826,False,False
GCN5:RGR1,digenic,C161,-0.38662888177758925,0.6793431647776054,0.15629581667897624,0.0133722124839702,0.022287020806617,0.38662888177758925,True,True
GCN5:RPD3,digenic,C161,-0.28909881681702787,0.7489381940574594,0.15629581667897594,0.06435823555552969,0.09076161424497776,0.28909881681702787,False,False
GCN5:SPT3,digenic,C161,-0.12499479132753799,0.8825014992338809,0.1562958166789764,0.42386599481388276,0.475229144808317,0.12499479132753799,False,False
GCN5:YAP6,digenic,C161,-0.16043517304832133,0.8517730396318687,0.15629581667897616,0.3046634474662314,0.354843309401846,0.16043517304832133,False,False
GCN5:TFC7,digenic,C161,0.07006383589201914,1.072576647955958,0.15629581667897624,0.6539532234016028,0.6953960162917151,0.07006383589201914,False,False
MED4:OPI1,digenic,C161,-0.22501538343701433,0.7985039349299048,0.14730840281800273,0.12663369423780263,0.16474028553932274,0.22501538343701433,False,False
MED4:RFX1,digenic,C161,-0.26147077490007015,0.7699183760370256,0.14730840281800275,0.0758997255794304,0.1053867157414251,0.26147077490007015,False,False
MED4:RGR1,digenic,C161,-0.4443469331846806,0.6412429137857798,0.14730840281800278,0.0025576197485033796,0.004795537028443837,0.4443469331846806,True,True
MED4:RPD3,digenic,C161,-0.034078091788071474,0.9664960262875686,0.14730840281800262,0.8170519084692762,0.8421158915079284,0.034078091788071474,False,False
MED4:SPT3,digenic,C161,-0.31548478136459096,0.7294351719637955,0.14730840281800275,0.03222070555747055,0.04953182997188796,0.31548478136459096,True,True
MED4:YAP6,digenic,C161,-0.2942785524700924,0.7450689217465634,0.1473084028180026,0.04574878466276782,0.06729551707735473,0.2942785524700924,True,False
MED4:TFC7,digenic,C161,-0.20943450644747275,0.8110427557650112,0.14730840281800256,0.155101235143356,0.1953565175469751,0.20943450644747275,False,False
OPI1:RFX1,digenic,C161,-0.16276138192044542,0.8497939404215614,0.14730840281800242,0.2692019585552514,0.3184109187212651,0.16276138192044542,False,False
OPI1:RGR1,digenic,C161,-0.4257426775430789,0.6532844252473395,0.14730840281800253,0.0038506388965871773,0.0069406343386425665,0.4257426775430789,True,True
OPI1:RPD3,digenic,C161,0.062001279000797604,1.0639637055375915,0.14730840281800242,0.6738322085910873,0.7142332831961203,0.062001279000797604,False,False
OPI1:SPT3,digenic,C161,-0.19793025277722776,0.8204270736521962,0.14730840281800264,0.17906309217949234,0.22159057657212178,0.19793025277722776,False,False
OPI1:YAP6,digenic,C161,-0.23617766445581778,0.7896403704429937,0.14730840281800253,0.10887127946317392,0.14390195816894816,0.23617766445581778,False,False
OPI1:TFC7,digenic,C161,-0.12700485170636155,0.8807293995463605,0.14730840281800245,0.38859410252328785,0.44219328907822414,0.12700485170636155,False,False
RFX1:RGR1,digenic,C161,-0.29855105784080527,0.7418924014589396,0.14730840281800248,0.042692325956526674,0.0633664208350246,0.29855105784080527,True,False
RFX1:RPD3,digenic,C161,0.15707936247702947,1.1700884713355957,0.1473084028180024,0.2862745132216876,0.3369937789411067,0.15707936247702947,False,False
RFX1:SPT3,digenic,C161,-0.07759472082792562,0.9253393713340521,0.14730840281800248,0.5983671161954647,0.6438950489494675,0.07759472082792562,False,False
RFX1:YAP6,digenic,C161,-0.10506192264090264,0.9002687738402303,0.14730840281800264,0.4757154132067475,0.5285432157749703,0.10506192264090264,False,False
RFX1:TFC7,digenic,C161,-0.05008111243489766,0.9511522710950391,0.14730840281800225,0.7338756708717626,0.7720902382179011,0.05008111243489766,False,False
RGR1:RPD3,digenic,C161,-0.21298081377099412,0.8081716428339563,0.14730840281800267,0.14822887804727297,0.18813665290615417,0.21298081377099412,False,False
RGR1:SPT3,digenic,C161,-0.3189691198324167,0.7268979956916853,0.14730840281800248,0.030363557131241635,0.04682230772574645,0.3189691198324167,True,True
RGR1:YAP6,digenic,C161,-0.3534492484622048,0.702261632541454,0.14730840281800256,0.01642273600428532,0.026829222185218594,0.3534492484622048,True,True
RGR1:TFC7,digenic,C161,-0.29475547557933524,0.7447136658814034,0.1473084028180024,0.04539870988362905,0.06698170310699367,0.29475547557933524,True,False
RPD3:SPT3,digenic,C161,0.0076061390501100945,1.0076351392055118,0.1473084028180027,0.9588202355383703,0.9627099728022176,0.0076061390501100945,False,False
RPD3:YAP6,digenic,C161,-0.15182403888942425,0.859139442571886,0.14730840281800228,0.30270296232634397,0.35297518575156717,0.15182403888942425,False,False
RPD3:TFC7,digenic,C161,-0.264926028298737,0.7672627036042499,0.14730840281800228,0.0721065516858728,0.100542938266217,0.264926028298737,False,False
SPT3:YAP6,digenic,C161,-0.1553880166695351,0.8560829385799918,0.14730840281800264,0.2914947154900175,0.342324754845928,0.1553880166695351,False,False
SPT3:TFC7,digenic,C161,-0.10494115918884339,0.9003774999700797,0.1473084028180025,0.47622277623360965,0.5285432157749703,0.10494115918884339,False,False
YAP6:TFC7,digenic,C161,-0.1482949550001016,0.862176774083848,0.14730840281800234,0.31408031349331034,0.3632470915401603,0.1482949550001016,False,False
FKH1:GCN5:MED4,trigenic,C161,0.4357317836711374,1.5460940514608437,0.22107202513263605,0.04872448524302179,0.07083295211540612,0.4357317836711374,True,False
FKH1:GCN5:OPI1,trigenic,C161,0.25049543194820173,1.2846617215113256,0.21477464434178206,0.24348608957797502,0.2918295746757812,0.25049543194820173,False,False
FKH1:GCN5:RFX1,trigenic,C161,-0.44996403577843314,0.6376510838342626,0.21477464434178248,0.03616637534418364,0.05474726542926881,0.44996403577843314,True,False
FKH1:GCN5:RGR1,trigenic,C161,0.21669112202227914,1.2419604286610564,0.2147746443417821,0.3130114665431297,0.3624343296815186,0.21669112202227914,False,False
FKH1:GCN5:RPD3,trigenic,C161,0.0422047558557912,1.0431080393654069,0.2147746443417822,0.8442132273896474,0.8678827571295441,0.0422047558557912,False,False
FKH1:GCN5:SPT3,trigenic,C161,-0.268587905714341,0.7644582196102436,0.214774644341782,0.21109619669274948,0.25705440925685363,0.268587905714341,False,False
FKH1:GCN5:YAP6,trigenic,C161,-0.17810389547786754,0.8368554734726671,0.2147746443417822,0.40695763209469527,0.4593934501411041,0.17810389547786754,False,False
FKH1:GCN5:TFC7,trigenic,C161,-0.23025874928876577,0.7943280440939787,0.21477464434178206,0.2836775171475143,0.3343342166381419,0.23025874928876577,False,False
FKH1:MED4:OPI1,trigenic,C161,0.4459609067436494,1.5619904020489426,0.20832554111673834,0.03229885019676184,0.04957497937177399,0.4459609067436494,True,True
FKH1:MED4:RFX1,trigenic,C161,-0.06030936265349096,0.9414732318704342,0.20832554111673857,0.7722020174732714,0.8022241162932144,0.06030936265349096,False,False
FKH1:MED4:RGR1,trigenic,C161,0.26575958193566196,1.3044214145140176,0.20832554111673843,0.2020638137980918,0.24696688353100107,0.26575958193566196,False,False
FKH1:MED4:RPD3,trigenic,C161,0.029174422998480498,1.0296041654598083,0.20832554111673837,0.8886264360962087,0.9097623285783316,0.029174422998480498,False,False
FKH1:MED4:SPT3,trigenic,C161,-0.08273421609701326,0.9205957942503323,0.20832554111673854,0.6912648945341346,0.7319275353890837,0.08273421609701326,False,False
FKH1:MED4:YAP6,trigenic,C161,0.16572846963282162,1.1802525837926292,0.20832554111673843,0.42630735514943996,0.47742565791622804,0.16572846963282162,False,False
FKH1:MED4:TFC7,trigenic,C161,0.36685862695511995,1.4431938759798186,0.20832554111673834,0.07824055679422572,0.10818177545570315,0.36685862695511995,False,False
FKH1:OPI1:RFX1,trigenic,C161,-0.3747536921629946,0.6874585843764185,0.20832554111673818,0.07203687297651822,0.100542938266217,0.3747536921629946,False,False
FKH1:OPI1:RGR1,trigenic,C161,0.02085427779572896,1.0210732477513924,0.20832554111673815,0.9202615393727234,0.9315530920030635,0.02085427779572896,False,False
FKH1:OPI1:RPD3,trigenic,C161,-0.45464546499762726,0.6346729418382528,0.2147741526322706,0.0342722640735363,0.05219929451200144,0.45464546499762726,True,False
FKH1:OPI1:SPT3,trigenic,C161,-0.24961222002698116,0.7791028449810458,0.2083255411167383,0.23084559860146947,0.27938525992109386,0.24961222002698116,False,False
FKH1:OPI1:YAP6,trigenic,C161,-0.2830671121953907,0.7534692191893899,0.20832554111673815,0.17421854418597071,0.2161357878998885,0.2830671121953907,False,False
FKH1:OPI1:TFC7,trigenic,C161,-0.055163342691264994,0.9463305591479942,0.20832554111673826,0.7911681986310335,0.8193059797538945,0.055163342691264994,False,False
FKH1:RFX1:RGR1,trigenic,C161,-0.37823879147896666,0.6850668929960194,0.20832554111673832,0.06942958796244182,0.09735877065554872,0.37823879147896666,False,False
FKH1:RFX1:RPD3,trigenic,C161,-0.8084222381406283,0.4455605003037963,0.20832554111673834,0.00010421113694271686,0.00023662620544332498,0.8084222381406283,True,True
FKH1:RFX1:SPT3,trigenic,C161,-0.6267732446505385,0.5343131200941382,0.20832554111673832,0.0026243359277083426,0.0049020614498703,0.6267732446505385,True,True
FKH1:RFX1:YAP6,trigenic,C161,-0.5077721939256075,0.6018348577833865,0.21477382482530433,0.018068165419157213,0.02927575084282429,0.5077721939256075,True,True
FKH1:RFX1:TFC7,trigenic,C161,-0.3614670145555825,0.6966535751242869,0.20832554111673818,0.08272193127937334,0.11390085113571573,0.3614670145555825,False,False
FKH1:RGR1:RPD3,trigenic,C161,-0.2628245403886137,0.768876792299684,0.20832554111673818,0.2070909628699663,0.2527990792124126,0.2628245403886137,False,False
FKH1:RGR1:SPT3,trigenic,C161,-0.3899690763088496,0.6770778119195725,0.20832554111673815,0.06121745340378399,0.08682704709132687,0.3899690763088496,False,False
FKH1:RGR1:YAP6,trigenic,C161,-0.09407237212770242,0.9102168855243006,0.20832554111673823,0.6515829106463445,0.6943671491279667,0.09407237212770242,False,False
FKH1:RGR1:TFC7,trigenic,C161,0.05711049541819946,1.0587727934749271,0.20832554111673823,0.7839765499446318,0.8127086748117126,0.05711049541819946,False,False
FKH1:RPD3:SPT3,trigenic,C161,-0.5137414123265401,0.5982530749334034,0.2083255411167382,0.013661187558555972,0.022692241078809416,0.5137414123265401,True,True
FKH1:RPD3:YAP6,trigenic,C161,-0.2242373977816664,0.7991254012516151,0.208325541116738,0.2817574466069086,0.3324670704896776,0.2242373977816664,False,False
FKH1:RPD3:TFC7,trigenic,C161,0.09350448340468409,1.0980155261782174,0.2083255411167381,0.6535483018875705,0.6953960162917151,0.09350448340468409,False,False
FKH1:SPT3:YAP6,trigenic,C161,-0.32016740232674723,0.7260274882093847,0.20832554111673834,0.12432734832056984,0.16216610650509108,0.32016740232674723,False,False
FKH1:SPT3:TFC7,trigenic,C161,-0.1163835738533121,0.8901337257837391,0.2083255411167383,0.5763923838691025,0.6243199781514349,0.1163835738533121,False,False
FKH1:YAP6:TFC7,trigenic,C161,-0.050964682817572826,0.9503122322902406,0.20832554111673812,0.8067354777256923,0.8336828005724796,0.050964682817572826,False,False
GCN5:MED4:OPI1,trigenic,C161,0.12146487419747626,1.1291497029390793,0.22107202513263624,0.5827064449334204,0.6304692682886188,0.12146487419747626,False,False
GCN5:MED4:RFX1,trigenic,C161,-0.2955934034501697,0.7440899109123027,0.221072025132636,0.1811929518686004,0.2233885707969046,0.2955934034501697,False,False
GCN5:MED4:RGR1,trigenic,C161,0.14397099413308634,1.1548506105959817,0.22107202513263616,0.5148914315147826,0.5663805746662608,0.14397099413308634,False,False
GCN5:MED4:RPD3,trigenic,C161,-0.07167992190702971,0.9308287860373115,0.22107202513263569,0.7457579554788725,0.7797899866337173,0.07167992190702971,False,False
GCN5:MED4:SPT3,trigenic,C161,-0.11704609103459829,0.8895441922063906,0.22107202513263619,0.5964948664384382,0.6425788006246506,0.11704609103459829,False,False
GCN5:MED4:YAP6,trigenic,C161,-0.44126105910553814,0.6432247649707645,0.22107202513263585,0.04593328423110219,0.06736881687228322,0.44126105910553814,True,False
GCN5:MED4:TFC7,trigenic,C161,-0.4362415527599173,0.6464615525019498,0.22107202513263588,0.048461328259135496,0.07065790129093394,0.4362415527599173,True,False
GCN5:OPI1:RFX1,trigenic,C161,0.20578073833399713,1.2284838150551107,0.21477464434178217,0.3380002417091309,0.38819053282139165,0.20578073833399713,False,False
GCN5:OPI1:RGR1,trigenic,C161,0.5687957715217271,1.7661389355192785,0.21477464434178212,0.00808886966201635,0.013926923418080325,0.5687957715217271,True,True
GCN5:OPI1:RPD3,trigenic,C161,0.4226998122537396,1.52607611784973,0.21477464434178192,0.04905555016007239,0.07100145417905214,0.4226998122537396,True,False
GCN5:OPI1:SPT3,trigenic,C161,0.33056395058679455,1.3917527869895618,0.21477464434178226,0.12377500328923308,0.1616586454569139,0.33056395058679455,False,False
GCN5:OPI1:YAP6,trigenic,C161,0.3128721637578513,1.3673467233876353,0.21477464434178226,0.14518643013567717,0.1854639559152521,0.3128721637578513,False,False
GCN5:OPI1:TFC7,trigenic,C161,-0.17484064989516812,0.8395907989919726,0.23890001545510972,0.46425585080029763,0.517000328787733,0.17484064989516812,False,False
GCN5:RFX1:RGR1,trigenic,C161,0.140087795374649,1.1503747920096479,0.21477464434178237,0.514236805428718,0.5662896967457517,0.140087795374649,False,False
GCN5:RFX1:RPD3,trigenic,C161,0.07941098072826136,1.082649178598195,0.21477464434178217,0.7115755179952001,0.7510232012955738,0.07941098072826136,False,False
GCN5:RFX1:SPT3,trigenic,C161,0.006732451260105465,1.006755165154876,0.21477464434178206,0.9749931406149459,0.9759789779664272,0.006732451260105465,False,False
GCN5:RFX1:YAP6,trigenic,C161,-0.10601515394983951,0.8994110183431951,0.21477464434178214,0.6215808419703108,0.6667010114307775,0.10601515394983951,False,False
GCN5:RFX1:TFC7,trigenic,C161,-0.3076177230461741,0.7351963129036715,0.21477464434178206,0.15206331097273332,0.1925098182391381,0.3076177230461741,False,False
GCN5:RGR1:RPD3,trigenic,C161,0.27763010835589075,1.3199978507217967,0.21477464434178192,0.1961294567632913,0.24039180781671082,0.27763010835589075,False,False
GCN5:RGR1:SPT3,trigenic,C161,-0.10206647858216877,0.9029695215400064,0.21477464434178217,0.6346259520129374,0.679221289181414,0.10206647858216877,False,False
GCN5:RGR1:YAP6,trigenic,C161,-0.07588012519945786,0.9269273151267083,0.21477464434178226,0.7238626961717256,0.762366031074477,0.07588012519945786,False,False
GCN5:RGR1:TFC7,trigenic,C161,-0.22805901964520658,0.7960772742506478,0.2211086990116241,0.30233736526921007,0.3529646127553278,0.22805901964520658,False,False
GCN5:RPD3:SPT3,trigenic,C161,-0.17332722758008423,0.8408624164471082,0.21477464434178212,0.419655512883538,0.4715765695286068,0.17332722758008423,False,False
GCN5:RPD3:YAP6,trigenic,C161,0.2252633436217799,1.2526525508196,0.21477464434178187,0.2942536809809322,0.34511693942959554,0.2252633436217799,False,False
GCN5:RPD3:TFC7,trigenic,C161,-0.4323626605701265,0.6489739767301883,0.21477464434178214,0.04410419641266618,0.06516888723662614,0.4323626605701265,True,False
GCN5:SPT3:YAP6,trigenic,C161,-0.11529871188971064,0.891099922005364,0.21477464434178237,0.591381060071182,0.6384593778303927,0.11529871188971064,False,False
GCN5:SPT3:TFC7,trigenic,C161,-0.38008516989398755,0.6838031672888955,0.21477464434178217,0.0767783081050553,0.10645731796079097,0.38008516989398755,False,False
GCN5:YAP6:TFC7,trigenic,C161,-0.3121672974928069,0.7318590797968024,0.21477464434178217,0.14609485977549527,0.18614402982978162,0.3121672974928069,False,False
MED4:OPI1:RFX1,trigenic,C161,-0.13026094637009722,0.8778663249987431,0.20832554111673815,0.5317899750999461,0.5820328433943032,0.13026094637009722,False,False
MED4:OPI1:RGR1,trigenic,C161,0.1877609090091974,1.2065450068199561,0.2083255411167383,0.3674362363246847,0.42053395833692236,0.1877609090091974,False,False
MED4:OPI1:RPD3,trigenic,C161,-0.23896086437677305,0.7874456989478568,0.20832554111673818,0.2513588690173302,0.2998135907556107,0.23896086437677305,False,False
MED4:OPI1:SPT3,trigenic,C161,0.10564433224197578,1.1114265076265408,0.20832554111673818,0.6120764025584879,0.6572186968903504,0.10564433224197578,False,False
MED4:OPI1:YAP6,trigenic,C161,0.0077836809389957295,1.007814052533269,0.2147746443417821,0.9710900714632051,0.9730558408386367,0.0077836809389957295,False,False
MED4:OPI1:TFC7,trigenic,C161,-0.06896975338101985,0.9333549104816132,0.2147746443417824,0.748114798577897,0.7812591250971709,0.06896975338101985,False,False
MED4:RFX1:RGR1,trigenic,C161,0.5099208756196383,1.6651594350247443,0.20832554111673846,0.014376661847608321,0.023761093871673186,0.5099208756196383,True,True
MED4:RFX1:RPD3,trigenic,C161,0.06216498463604814,1.0641378966495343,0.21477415263227068,0.7722420028559933,0.8022241162932144,0.06216498463604814,False,False
MED4:RFX1:SPT3,trigenic,C161,0.3562923878395534,1.4280250243801076,0.20832554111673815,0.08721643163529587,0.11909554112957642,0.3562923878395534,False,False
MED4:RFX1:YAP6,trigenic,C161,0.3110069705652524,1.3647987345716401,0.20832554111673837,0.13546616731781377,0.1743972765209826,0.3110069705652524,False,False
MED4:RFX1:TFC7,trigenic,C161,0.2183564131740603,1.244030377429088,0.20832554111673807,0.294569508907079,0.34511693942959554,0.2183564131740603,False,False
MED4:RGR1:RPD3,trigenic,C161,0.6171124647502856,1.853568063885706,0.20832554111673815,0.0030539908311797343,0.005661893113984901,0.6171124647502856,True,True
MED4:RGR1:SPT3,trigenic,C161,0.8841694315587767,2.4209727726256176,0.20832554111673826,2.19402009195826e-05,5.471233982465183e-05,0.8841694315587767,True,True
MED4:RGR1:YAP6,trigenic,C161,0.6863901605025785,1.9865315145429943,0.20832554111673818,0.0009849315144874456,0.0019859107929583934,0.6863901605025785,True,True
MED4:RGR1:TFC7,trigenic,C161,0.6999580928018978,2.0136683185051005,0.2083255411167381,0.0007796377093982232,0.0015947134964963657,0.6999580928018978,True,True
MED4:RPD3:SPT3,trigenic,C161,0.5730447317531122,1.7736591548619043,0.20832554111673826,0.0059464883226355205,0.010493802922297978,0.5730447317531122,True,True
MED4:RPD3:YAP6,trigenic,C161,-0.18308631024589062,0.8326962824145461,0.20832554111673796,0.3794841517468197,0.43332100372474225,0.18308631024589062,False,False
MED4:RPD3:TFC7,trigenic,C161,0.7200143954172149,2.054462785279964,0.20832554111673798,0.000547851980245625,0.0011346725113873823,0.7200143954172149,True,True
MED4:SPT3:YAP6,trigenic,C161,0.6186935074422707,1.8565009520269464,0.20832554111673848,0.0029795497283958863,0.005544650810360765,0.6186935074422707,True,True
MED4:SPT3:TFC7,trigenic,C161,0.5204244291231594,1.6827417027411122,0.20832554111673815,0.012485015402576722,0.020985000421988042,0.5204244291231594,True,True
MED4:YAP6:TFC7,trigenic,C161,0.48141415491998973,1.6183613984622027,0.208325541116738,0.020839794765823635,0.03322286122087826,0.48141415491998973,True,True
OPI1:RFX1:RGR1,trigenic,C161,0.793164710233742,2.2103805830622716,0.2083255411167381,0.00014047352947493014,0.0003146352809506354,0.793164710233742,True,True
OPI1:RFX1:RPD3,trigenic,C161,-0.23486772432857306,0.7906754298352368,0.20832554111673798,0.25957033737212587,0.30849295798127807,0.23486772432857306,False,False
OPI1:RFX1:SPT3,trigenic,C161,0.8275940320131485,2.2878077211177423,0.2083255411167381,7.10923932035106e-05,0.000162956889579116,0.8275940320131485,True,True
OPI1:RFX1:YAP6,trigenic,C161,0.7851710995827885,2.1927820927393387,0.20832554111673818,0.0001639276770929922,0.00036306129825964715,0.7851710995827885,True,True
OPI1:RFX1:TFC7,trigenic,C161,0.627148214086377,1.872263663616221,0.20832554111673796,0.0026088320522039596,0.0048823132924043855,0.627148214086377,True,True
OPI1:RGR1:RPD3,trigenic,C161,-0.044863733833730324,0.9561277608210202,0.20832554111673798,0.829491348990112,0.8536345483370176,0.044863733833730324,False,False
OPI1:RGR1:SPT3,trigenic,C161,0.6492003800883432,1.914009736652975,0.20832554111673807,0.0018314928665913452,0.003522807591200162,0.6492003800883432,True,True
OPI1:RGR1:YAP6,trigenic,C161,0.7695024388708227,2.158691905348098,0.208325541116738,0.00022097117466059576,0.0004797400502499776,0.7695024388708227,True,True
OPI1:RGR1:TFC7,trigenic,C161,0.6020015147992762,1.825769450331745,0.20832554111673823,0.003855907965912537,0.0069406343386425665,0.6020015147992762,True,True
OPI1:RPD3:SPT3,trigenic,C161,0.4265228926003304,1.531921596210238,0.20832554111673815,0.04062015453685896,0.060654529398929666,0.4265228926003304,True,False
OPI1:RPD3:YAP6,trigenic,C161,0.5029798177126037,1.6536414865782407,0.20832554111673798,0.015761433012939467,0.02579143583935549,0.5029798177126037,True,True
OPI1:RPD3:TFC7,trigenic,C161,0.6083499751497619,1.8373971452237923,0.2083255411167383,0.0034981904393719785,0.0064133491388486275,0.6083499751497619,True,True
OPI1:SPT3:YAP6,trigenic,C161,0.7059005374874844,2.025670055614648,0.21477464434178245,0.0010136756587679403,0.0020314552675713784,0.7059005374874844,True,True
OPI1:SPT3:TFC7,trigenic,C161,0.42270047011113143,1.526077121790515,0.20832554111673823,0.04245440493455638,0.06310789922704327,0.42270047011113143,True,False
OPI1:YAP6:TFC7,trigenic,C161,0.5433167998455635,1.7217079629588627,0.20832554111673798,0.009106811594919747,0.015544385308569912,0.5433167998455635,True,True
RFX1:RGR1:RPD3,trigenic,C161,0.467286344046538,1.5956582452457455,0.20832554111673815,0.024893052171786608,0.039017736352735324,0.467286344046538,True,True
RFX1:RGR1:SPT3,trigenic,C161,0.48234668076571996,1.6198712661799204,0.20832554111673815,0.02059374896559405,0.03288356689667437,0.48234668076571996,True,True
RFX1:RGR1:YAP6,trigenic,C161,0.6535372956906498,1.9223286615412987,0.20832554111673826,0.0017063004141236165,0.0033057483561299028,0.6535372956906498,True,True
RFX1:RGR1:TFC7,trigenic,C161,0.67691428610377,1.9677962978913,0.20832554111673798,0.0011568528814018388,0.002295159023222085,0.67691428610377,True,True
RFX1:RPD3:SPT3,trigenic,C161,0.2120893564120101,1.2362583477534286,0.2083255411167381,0.3086461218024579,0.3577981974056596,0.2120893564120101,False,False
RFX1:RPD3:YAP6,trigenic,C161,0.7899080192440588,2.203193765507599,0.20832554111673798,0.0001496193981760094,0.0003328611330207849,0.7899080192440588,True,True
RFX1:RPD3:TFC7,trigenic,C161,0.5316539653217967,1.7017446088234813,0.208325541116738,0.010709591762010123,0.018154958637654147,0.5316539653217967,True,True
RFX1:SPT3:YAP6,trigenic,C161,0.4701642225207372,1.6002569698732672,0.20832554111673834,0.02401603153561295,0.037920049793073084,0.4701642225207372,True,True
RFX1:SPT3:TFC7,trigenic,C161,0.42713094913229543,1.5328533744014705,0.2083255411167381,0.040334653318050626,0.06031919453907873,0.42713094913229543,True,False
RFX1:YAP6:TFC7,trigenic,C161,0.2000378269603368,1.2214489609877088,0.208325541116738,0.33694576908514706,0.38742893309441995,0.2000378269603368,False,False
RGR1:RPD3:SPT3,trigenic,C161,0.5664196794787886,1.7619474085468587,0.20832554111673826,0.00654962077809865,0.011415712271686026,0.5664196794787886,True,True
RGR1:RPD3:YAP6,trigenic,C161,0.6616539678515142,1.9379950666004164,0.21477464434178214,0.0020652196728907055,0.003931860531080382,0.6616539678515142,True,True
RGR1:RPD3:TFC7,trigenic,C161,0.800311898609152,2.2262351798750672,0.20832554111673823,0.0001222145971789894,0.0002749828436527262,0.800311898609152,True,True
RGR1:SPT3:YAP6,trigenic,C161,0.5530035801419575,1.7384668083118904,0.20832554111673834,0.007942216219330405,0.01369824748630157,0.5530035801419575,True,True
RGR1:SPT3:TFC7,trigenic,C161,0.4690140387895715,1.5984174384431928,0.2083255411167381,0.02436327750137616,0.038285150359305395,0.4690140387895715,True,True
RGR1:YAP6:TFC7,trigenic,C161,0.522369177647129,1.6860173963514946,0.20832554111673812,0.012160033514300705,0.020543401329620643,0.522369177647129,True,True
RPD3:SPT3:YAP6,trigenic,C161,0.01675035478929998,1.0168914285599362,0.20832554111673815,0.9359153807292288,0.9445017603689464,0.01675035478929998,False,False
RPD3:SPT3:TFC7,trigenic,C161,0.2406880176960906,1.272124093186539,0.20832554111673832,0.24794888937393678,0.2968191057801661,0.2406880176960906,False,False
RPD3:YAP6:TFC7,trigenic,C161,0.2895970078300919,1.3358890267172807,0.20832554111673846,0.1644931600593793,0.20535716072986823,0.2895970078300919,False,False
SPT3:YAP6:TFC7,trigenic,C161,0.2980933636928903,1.34728756975063,0.20832554111673843,0.15245839974804795,0.1927113781667506,0.2980933636928903,False,False
FKH1:GCN5,digenic,C181,0.5876031066449339,1.7996696254594817,0.2705497617585051,0.029864299867042737,0.04612426968544822,0.5876031066449339,True,True
FKH1:MED4,digenic,C181,0.30424990180561706,1.3556077825963053,0.2549924504332398,0.23280194174934632,0.2814089405761329,0.30424990180561706,False,False
FKH1:OPI1,digenic,C181,1.5482382042934641,4.703176842382326,0.2549924504332391,1.2656152800585078e-09,5.4954347686751e-09,1.5482382042934641,True,True
FKH1:RFX1,digenic,C181,2.1691229093594497,8.750605599618085,0.2549924504332396,1.7908311710583656e-17,3.110390981311898e-16,2.1691229093594497,True,True
FKH1:RGR1,digenic,C181,1.6226590206379712,5.06654446750648,0.2549924504332395,1.971340474270727e-10,9.473917813242813e-10,1.6226590206379712,True,True
FKH1:RPD3,digenic,C181,2.350407805720239,10.489846672063805,0.25499245043323926,3.039420196328899e-20,1.2537608309856707e-18,2.350407805720239,True,True
FKH1:SPT3,digenic,C181,1.7664891302888612,5.850277700504849,0.2549924504332392,4.279992719036082e-12,2.6482454949035755e-11,1.7664891302888612,True,True
FKH1:YAP6,digenic,C181,1.6622805986646139,5.271318909319264,0.2549924504332396,7.080575678990229e-11,3.540287839495114e-10,1.6622805986646139,True,True
FKH1:TFC7,digenic,C181,1.2306724377668607,3.423530873905421,0.2549924504332394,1.3908643886026606e-06,4.002778327664634e-06,1.2306724377668607,True,True
GCN5:MED4,digenic,C181,-0.23095331970601773,0.793776518891675,0.28534429471242123,0.4182938731554793,0.4705806072999142,0.23095331970601773,False,False
GCN5:OPI1,digenic,C181,-0.3313148857953788,0.7179790520370564,0.2705497617585054,0.22072645899889853,0.26845109878244416,0.3313148857953788,False,False
GCN5:RFX1,digenic,C181,0.4675143731038019,1.5960221431791988,0.27054976175850504,0.08398531877012168,0.11547981330891731,0.4675143731038019,False,False
GCN5:RGR1,digenic,C181,-0.03170224103477193,0.9687950065352469,0.2705497617585053,0.9067197001274081,0.9212448361044402,0.03170224103477193,False,False
GCN5:RPD3,digenic,C181,0.2629823378177794,1.3008037437160738,0.2705497617585049,0.33103589461768657,0.3815198319808029,0.2629823378177794,False,False
GCN5:SPT3,digenic,C181,0.0778734866164203,1.0809858908361332,0.27054976175850537,0.7734736218341428,0.8026613056769407,0.0778734866164203,False,False
GCN5:YAP6,digenic,C181,0.1626904948492054,1.1766724471407142,0.2705497617585054,0.5476182265399951,0.5957604882138409,0.1626904948492054,False,False
GCN5:TFC7,digenic,C181,1.3421866019035678,3.827403369681723,0.2705497617585051,7.014556248443476e-07,2.079164876035641e-06,1.3421866019035678,True,True
MED4:OPI1,digenic,C181,1.5505650491966219,4.7141331473145085,0.2549924504332396,1.1956403318809558e-09,5.237539506912152e-09,1.5505650491966219,True,True
MED4:RFX1,digenic,C181,1.7869657565311892,5.971306552836965,0.2549924504332396,2.418933870580703e-12,1.535092648637754e-11,1.7869657565311892,True,True
MED4:RGR1,digenic,C181,1.3904878288388416,4.016809090432306,0.25499245043323987,4.951177762711133e-08,1.6960781955308035e-07,1.3904878288388416,True,True
MED4:RPD3,digenic,C181,2.316359451218492,10.138696617757011,0.2549924504332394,1.0462598696512305e-19,3.5717147274300626e-18,2.316359451218492,True,True
MED4:SPT3,digenic,C181,1.0832826600896253,2.954361816202656,0.2549924504332394,2.1540548534261155e-05,5.3851371335652884e-05,1.0832826600896253,True,True
MED4:YAP6,digenic,C181,1.3458475537369097,3.8414409889104815,0.25499245043323987,1.306087298646712e-07,4.253376400198174e-07,1.3458475537369097,True,True
MED4:TFC7,digenic,C181,1.3280416884851565,3.77364617215486,0.2549924504332396,1.907215985181851e-07,6.090786533322685e-07,1.3280416884851565,True,True
OPI1:RFX1,digenic,C181,0.2612724885635901,1.2985814658265482,0.2549924504332393,0.30553859201746225,0.3554444254962252,0.2612724885635901,False,False
OPI1:RGR1,digenic,C181,-0.15623800589355288,0.855355586471852,0.2549924504332395,0.5400640072823031,0.5888363074994274,0.15623800589355288,False,False
OPI1:RPD3,digenic,C181,0.8027792106959476,2.2317347786657478,0.2549924504332395,0.0016425285299484513,0.00319470185589188,0.8027792106959476,True,True
OPI1:SPT3,digenic,C181,-0.16264964840496154,0.8498888961907338,0.25499245043323915,0.5235643993561667,0.5740074810217111,0.16264964840496154,False,False
OPI1:YAP6,digenic,C181,0.01986723330472928,1.020065900257474,0.25499245043323954,0.9378972380217216,0.9455379487184363,0.01986723330472928,False,False
OPI1:TFC7,digenic,C181,0.17254748366840833,1.1883282454597162,0.2549924504332396,0.49861101881551884,0.5509206569501827,0.17254748366840833,False,False
RFX1:RGR1,digenic,C181,0.8234317268471159,2.2783049576414394,0.25499245043323915,0.0012411984427068948,0.0024429154240155583,0.8234317268471159,True,True
RFX1:RPD3,digenic,C181,1.5085278053637488,4.5200714686336445,0.2549924504332394,3.2992441673019424e-09,1.3530553832887512e-08,1.5085278053637488,True,True
RFX1:SPT3,digenic,C181,0.7407992700398336,2.097611402610886,0.2549924504332393,0.0036704055867941123,0.006688684658768564,0.7407992700398336,True,True
RFX1:YAP6,digenic,C181,0.6835148895750852,1.9808279018779187,0.2549924504332393,0.007350569572142318,0.012722139644092476,0.6835148895750852,True,True
RFX1:TFC7,digenic,C181,0.7792312824206027,2.1797959737987407,0.25499245043323965,0.00224386510559158,0.004239363462854321,0.7792312824206027,True,True
RGR1:RPD3,digenic,C181,0.943114259840648,2.567966292686434,0.2549924504332396,0.00021679467442171801,0.000472746096205949,0.943114259840648,True,True
RGR1:SPT3,digenic,C181,0.40406324167733043,1.4978986735873605,0.25499245043323915,0.11305527927232545,0.14903425629773928,0.40406324167733043,False,False
RGR1:YAP6,digenic,C181,0.34099619426779443,1.4063478886685326,0.25499245043323954,0.1811313974073656,0.2233885707969046,0.34099619426779443,False,False
RGR1:TFC7,digenic,C181,0.49519816057335797,1.6408233533400407,0.2549924504332395,0.052135760624769545,0.07513013539813952,0.49519816057335797,False,False
RPD3:SPT3,digenic,C181,0.7534626969076228,2.124343252386259,0.2549924504332391,0.0031282804261800923,0.005767220897426985,0.7534626969076228,True,True
RPD3:YAP6,digenic,C181,0.6724686030413727,1.959067516294137,0.25499245043323904,0.00835911011839362,0.014342320653742954,0.6724686030413727,True,True
RPD3:TFC7,digenic,C181,0.47193154198979526,1.6030876357803245,0.25499245043323954,0.06420312028270561,0.09067202436501934,0.47193154198979526,False,False
SPT3:YAP6,digenic,C181,0.29937963705633186,1.3490216648855986,0.2549924504332392,0.24036596647269093,0.2884391597672291,0.29937963705633186,False,False
SPT3:TFC7,digenic,C181,0.3455560750179263,1.4127753103353766,0.25499245043323954,0.17536595383478204,0.21728697659128188,0.3455560750179263,False,False
YAP6:TFC7,digenic,C181,0.37010120787384193,1.4478811442204094,0.25499245043323976,0.14666287248145474,0.18662756266920333,0.37010120787384193,False,False
FKH1:GCN5:MED4,trigenic,C181,0.3264611698372022,1.3860544279989755,0.38267808442982065,0.39360603073159584,0.44635735443789215,0.3264611698372022,False,False
FKH1:GCN5:OPI1,trigenic,C181,-1.9958665693861621,0.13589583995251647,0.3717772496610468,7.941739281902666e-08,2.647246427300889e-07,1.9958665693861621,True,True
FKH1:GCN5:RFX1,trigenic,C181,-3.1320760554187563,0.04362713082969212,0.37177724966104697,3.619727755254218e-17,6.023355311038795e-16,3.1320760554187563,True,True
FKH1:GCN5:RGR1,trigenic,C181,-2.131462382100514,0.11866363532951239,0.37177724966104664,9.857042240915932e-09,3.724607564315562e-08,2.131462382100514,True,True
FKH1:GCN5:RPD3,trigenic,C181,-2.5945361929273427,0.07468050538974351,0.3717772496610465,2.97842332954204e-12,1.8544899976393832e-11,2.5945361929273427,True,True
FKH1:GCN5:SPT3,trigenic,C181,-2.6696957365611347,0.06927329943544815,0.37177724966104614,6.92533350931112e-13,4.932431780012957e-12,2.6696957365611347,True,True
FKH1:GCN5:YAP6,trigenic,C181,-2.6238390267081133,0.07252390649562578,0.3717772496610469,1.6945560608937515e-12,1.1259130874394725e-11,2.6238390267081133,True,True
FKH1:GCN5:TFC7,trigenic,C181,-3.3521336300593356,0.0350095768701645,0.3717772496610465,1.9417507850755248e-19,6.007291491327405e-18,3.3521336300593356,True,True
FKH1:MED4:OPI1,trigenic,C181,-1.037124662138694,0.3544724460947464,0.36061378170543634,0.004027517429741689,0.007236374329299949,1.037124662138694,True,True
FKH1:MED4:RFX1,trigenic,C181,-2.0054445935570584,0.134600439902384,0.3606137817054366,2.67929209548072e-08,9.507165500092878e-08,2.0054445935570584,True,True
FKH1:MED4:RGR1,trigenic,C181,-1.4886074656325545,0.22568671332513934,0.36061378170543684,3.6595958100413233e-05,8.901719537938355e-05,1.4886074656325545,True,True
FKH1:MED4:RPD3,trigenic,C181,-2.1777545888249414,0.11329564054043444,0.36061378170543645,1.5505103292035575e-09,6.616401835825525e-09,2.1777545888249414,True,True
FKH1:MED4:SPT3,trigenic,C181,-1.4425418516540274,0.2363262882150236,0.36061378170543634,6.327814434451164e-05,0.000147593507283135,1.4425418516540274,True,True
FKH1:MED4:YAP6,trigenic,C181,-1.3263978839218944,0.2654316569851076,0.36061378170543695,0.00023491569596696064,0.0005088983348080767,1.3263978839218944,True,True
FKH1:MED4:TFC7,trigenic,C181,-0.7943792166325259,0.45186165607368334,0.3606137817054363,0.027605098337785447,0.04290274309954096,0.7943792166325259,True,True
FKH1:OPI1:RFX1,trigenic,C181,-2.7812982633985266,0.061958017313888156,0.36061378170543634,1.2320390525193561e-14,1.325781154341481e-13,2.7812982633985266,True,True
FKH1:OPI1:RGR1,trigenic,C181,-2.201018403058932,0.11069037352687693,0.36061378170543634,1.0374861981174733e-09,4.58531846489419e-09,2.201018403058932,True,True
FKH1:OPI1:RPD3,trigenic,C181,-3.3185484806428627,0.036205346392939895,0.37177639850652405,4.409145614634102e-19,1.1797443671588545e-17,3.3185484806428627,True,True
FKH1:OPI1:SPT3,trigenic,C181,-2.581126772899009,0.07568867201258968,0.36061378170543623,8.210573380173495e-13,5.764870671185645e-12,2.581126772899009,True,True
FKH1:OPI1:YAP6,trigenic,C181,-2.689549460332831,0.06791152931806778,0.36061378170543634,8.767601137253934e-14,7.418739423830252e-13,2.689549460332831,True,True
FKH1:OPI1:TFC7,trigenic,C181,-2.4163304516428514,0.08924851905843559,0.36061378170543634,2.075586206196419e-11,1.1543990697384579e-10,2.4163304516428514,True,True
FKH1:RFX1:RGR1,trigenic,C181,-3.6493933277207375,0.026006901660093323,0.36061378170543656,4.5064720805955304e-24,4.957119288655084e-22,3.6493933277207375,True,True
FKH1:RFX1:RPD3,trigenic,C181,-4.613120032282777,0.009920816701610765,0.3606137817054366,1.80775131348441e-37,1.7896738003495659e-34,4.613120032282777,True,True
FKH1:RFX1:SPT3,trigenic,C181,-3.946607343718326,0.019320137297670615,0.36061378170543684,7.088804215530784e-28,2.837031043990771e-25,3.946607343718326,True,True
FKH1:RFX1:YAP6,trigenic,C181,-3.477121616053516,0.03089621433378656,0.37177583106909334,8.540831655997782e-21,4.227711669718902e-19,3.477121616053516,True,True
FKH1:RFX1:TFC7,trigenic,C181,-3.2126911834666796,0.04024815223136245,0.3606137817054367,5.151680701045142e-19,1.3077343318037669e-17,3.2126911834666796,True,True
FKH1:RGR1:RPD3,trigenic,C181,-3.820932492178802,0.021907362922034986,0.36061378170543634,3.1221032112969266e-26,6.181764358367914e-24,3.820932492178802,True,True
FKH1:RGR1:SPT3,trigenic,C181,-3.078709623095487,0.046018599691584276,0.36061378170543634,1.3725749682424555e-17,2.6131715741539057e-16,3.078709623095487,True,True
FKH1:RGR1:YAP6,trigenic,C181,-2.9965811751566216,0.049957572930619934,0.36061378170543656,9.596936066798682e-17,1.4845260478329212e-15,2.9965811751566216,True,True
FKH1:RGR1:TFC7,trigenic,C181,-2.6571492546930413,0.07014791080561551,0.3606137817054366,1.7267842040232854e-13,1.4012429196582397e-12,2.6571492546930413,True,True
FKH1:RPD3:SPT3,trigenic,C181,-3.6446293424612017,0.02613109374599756,0.3606137817054363,5.157239986314373e-24,5.105667586451229e-22,3.6446293424612017,True,True
FKH1:RPD3:YAP6,trigenic,C181,-3.2584183087805085,0.03844916465398585,0.36061378170543645,1.6287198578193741e-19,5.2013956749715495e-18,3.2584183087805085,True,True
FKH1:RPD3:TFC7,trigenic,C181,-2.5728424191074226,0.07631830821306225,0.3606137817054366,9.705467676989882e-13,6.7664880283239314e-12,2.5728424191074226,True,True
FKH1:SPT3:YAP6,trigenic,C181,-3.07042868851826,0.046401258906227136,0.36061378170543645,1.6738012153685338e-17,2.959041434312229e-16,3.07042868851826,True,True
FKH1:SPT3:TFC7,trigenic,C181,-2.4887276768983444,0.08301552197705245,0.3606137817054366,5.150485726998456e-12,3.147519055387945e-11,2.4887276768983444,True,True
FKH1:YAP6:TFC7,trigenic,C181,-2.4376022864024156,0.08737008896627058,0.3606137817054366,1.3838019871610135e-11,8.058611572290609e-11,2.4376022864024156,True,True
GCN5:MED4:OPI1,trigenic,C181,-1.6620261608722817,0.18975411796770708,0.38267808442982115,1.4045777699519306e-05,3.58384534085673e-05,1.6620261608722817,True,True
GCN5:MED4:RFX1,trigenic,C181,-2.488840715408505,0.08300613855648188,0.3826780844298204,7.834460784017664e-11,3.8780580880887437e-10,2.488840715408505,True,True
GCN5:MED4:RGR1,trigenic,C181,-1.537618968980699,0.21489215765835265,0.38267808442982104,5.868220791388071e-05,0.00013799379058133468,1.537618968980699,True,True
GCN5:MED4:RPD3,trigenic,C181,-2.1468541494831124,0.11685117651180219,0.38267808442982015,2.0223468932794737e-08,7.333785437167322e-08,2.1468541494831124,True,True
GCN5:MED4:SPT3,trigenic,C181,-1.555509771684353,0.21108175170959623,0.3826780844298207,4.807372467393757e-05,0.00011551695977475289,1.555509771684353,True,True
GCN5:MED4:YAP6,trigenic,C181,-2.174306260833577,0.11368699544124017,0.3826780844298208,1.3327241025318453e-08,4.960138577092206e-08,2.174306260833577,True,True
GCN5:MED4:TFC7,trigenic,C181,-3.0136908824163227,0.04911008429810736,0.38267808442982043,3.4002454283332217e-15,4.055714426566132e-14,3.0136908824163227,True,True
GCN5:OPI1:RFX1,trigenic,C181,-0.20002468641558757,0.81871054179983,0.37177724966104675,0.5905612159670597,0.6382703098333943,0.20002468641558757,False,False
GCN5:OPI1:RGR1,trigenic,C181,0.4917048737165025,1.635101486565083,0.3717772496610463,0.18597534054322395,0.22843124955061006,0.4917048737165025,False,False
GCN5:OPI1:RPD3,trigenic,C181,-0.039838977680817345,0.9609441601524945,0.3717772496610464,0.9146634828087661,0.9268340306864672,0.039838977680817345,False,False
GCN5:OPI1:SPT3,trigenic,C181,0.5280527808358311,1.6956273338679475,0.3717772496610463,0.15550662212265187,0.19561824129787211,0.5280527808358311,False,False
GCN5:OPI1:YAP6,trigenic,C181,0.1242394739604995,1.1322869917850402,0.3717772496610466,0.738245860655341,0.7750407232754906,0.1242394739604995,False,False
GCN5:OPI1:TFC7,trigenic,C181,-1.574036328456185,0.20720713612002112,0.4135385299418401,0.0001410824636502035,0.0003152858668480846,1.574036328456185,True,True
GCN5:RFX1:RGR1,trigenic,C181,-1.0821980981895767,0.3388498811349779,0.3717772496610464,0.0036041508413472783,0.006583227551538387,1.0821980981895767,True,True
GCN5:RFX1:RPD3,trigenic,C181,-1.2239847922132687,0.2940560768597783,0.37177724966104647,0.0009938813276874456,0.001995826601238481,1.2239847922132687,True,True
GCN5:RFX1:SPT3,trigenic,C181,-0.8870203196904412,0.411881200427305,0.37177724966104636,0.017037759465293466,0.027742404392500877,0.8870203196904412,True,True
GCN5:RFX1:YAP6,trigenic,C181,-1.0833242478975302,0.33846850022660296,0.3717772496610464,0.0035693647577878748,0.006531739575249531,1.0833242478975302,True,True
GCN5:RFX1:TFC7,trigenic,C181,-2.2695991966721083,0.10335359624800318,0.3717772496610466,1.02975530240357e-09,4.571559414258001e-09,2.2695991966721083,True,True
GCN5:RGR1:RPD3,trigenic,C181,-0.8383000045556834,0.43244505352418194,0.37177724966104586,0.0241430710586949,0.03799942821638784,0.8383000045556834,True,True
GCN5:RGR1:SPT3,trigenic,C181,-0.9143837150550642,0.40076353453283803,0.3717772496610464,0.013913323158192333,0.023033762419080953,0.9143837150550642,True,True
GCN5:RGR1:YAP6,trigenic,C181,-0.6166985939255785,0.539723345461535,0.3717772496610465,0.09715908667574404,0.13069302701444924,0.6166985939255785,False,False
GCN5:RGR1:TFC7,trigenic,C181,-2.15616472475989,0.11576827388270194,0.3827415673139678,1.7661500360776345e-08,6.428266675429626e-08,2.15616472475989,True,True
GCN5:RPD3:SPT3,trigenic,C181,-0.6747540856178498,0.5092816448907357,0.37177724966104647,0.06953284777856555,0.0973656567196321,0.6747540856178498,False,False
GCN5:RPD3:YAP6,trigenic,C181,-0.3281846100728739,0.7202300457102849,0.3717772496610463,0.3773739148101313,0.43140897882451495,0.3281846100728739,False,False
GCN5:RPD3:TFC7,trigenic,C181,-1.7260498607920898,0.17798609302913476,0.3717772496610464,3.4388717658704866e-06,9.380339784747913e-06,1.7260498607920898,True,True
GCN5:SPT3:YAP6,trigenic,C181,-0.7935963827226737,0.4522155271937041,0.37177724966104664,0.03279355109344716,0.05025637087076267,0.7935963827226737,True,False
GCN5:SPT3:TFC7,trigenic,C181,-1.9708841120078482,0.1393336152213433,0.37177724966104636,1.1501251970131447e-07,3.782803804129612e-07,1.9708841120078482,True,True
GCN5:YAP6:TFC7,trigenic,C181,-2.0137070149804557,0.13349289614155732,0.3717772496610464,6.079934616818538e-08,2.0473249219899157e-07,2.0137070149804557,True,True
MED4:OPI1:RFX1,trigenic,C181,-2.63177853296679,0.07195038224848314,0.3606137817054366,2.919613891416731e-13,2.270248425915608e-12,2.63177853296679,True,True
MED4:OPI1:RGR1,trigenic,C181,-2.097521671454823,0.12276029189610163,0.36061378170543673,6.00809751863767e-09,2.3484379859404865e-08,2.097521671454823,True,True
MED4:OPI1:RPD3,trigenic,C181,-3.232957827988262,0.039440667380118775,0.36061378170543634,3.0984960435053324e-19,9.022091420794938e-18,3.232957827988262,True,True
MED4:OPI1:SPT3,trigenic,C181,-1.8246763065722682,0.16126983766851297,0.36061378170543623,4.1943595541266783e-07,1.305791181945098e-06,1.8246763065722682,True,True
MED4:OPI1:YAP6,trigenic,C181,-2.1337485987938623,0.11839265442409337,0.3717772496610471,9.50574644441118e-09,3.619495761525795e-08,2.1337485987938623,True,True
MED4:OPI1:TFC7,trigenic,C181,-2.174658597987613,0.11364694634462216,0.37177724966104664,4.934710166079942e-09,1.9633335484560317e-08,2.174658597987613,True,True
MED4:RFX1:RGR1,trigenic,C181,-3.1850630660751262,0.04137563631969784,0.36061378170543673,1.0250947032910486e-18,2.3459276005764603e-17,3.1850630660751262,True,True
MED4:RFX1:RPD3,trigenic,C181,-4.059928340836944,0.01725025520990784,0.3717763985065242,9.214019563070756e-28,2.837031043990771e-25,4.059928340836944,True,True
MED4:RFX1:SPT3,trigenic,C181,-2.8499877454796687,0.05784502973358803,0.36061378170543634,2.719242323397029e-15,3.3048939210079084e-14,2.8499877454796687,True,True
MED4:RFX1:YAP6,trigenic,C181,-3.156234336111371,0.042585803342843995,0.360613781705437,2.088714395307842e-18,4.5951716696772525e-17,3.156234336111371,True,True
MED4:RFX1:TFC7,trigenic,C181,-3.0723075621754594,0.04631415865401524,0.3606137817054362,1.6001952110407765e-17,2.9496263901865544e-16,3.0723075621754594,True,True
MED4:RGR1:RPD3,trigenic,C181,-3.298316734882667,0.03694530383171488,0.36061378170543656,5.886417291147529e-20,2.158353006754094e-18,3.298316734882667,True,True
MED4:RGR1:SPT3,trigenic,C181,-2.2019825806837097,0.110583699779928,0.3606137817054363,1.0202634604419246e-09,4.5498235398085825e-09,2.2019825806837097,True,True
MED4:RGR1:YAP6,trigenic,C181,-2.571568279379113,0.07641561037666643,0.3606137817054369,9.957929182489895e-13,6.893950972493005e-12,2.571568279379113,True,True
MED4:RGR1:TFC7,trigenic,C181,-2.472352202902729,0.0843861320653597,0.3606137817054366,7.083720345974341e-12,4.250232207584605e-11,2.472352202902729,True,True
MED4:RPD3:SPT3,trigenic,C181,-2.7542540821013195,0.06365648447528387,0.36061378170543623,2.2116398509151092e-14,2.1678450023821366e-13,2.7542540821013195,True,True
MED4:RPD3:YAP6,trigenic,C181,-2.7399352409747397,0.06457452854129228,0.3606137817054366,3.0079563400853635e-14,2.8093177138533115e-13,2.7399352409747397,True,True
MED4:RPD3:TFC7,trigenic,C181,-2.6428342678879715,0.0711592989562344,0.3606137817054363,2.3237649979381394e-13,1.870347437364844e-12,2.6428342678879715,True,True
MED4:SPT3:YAP6,trigenic,C181,-2.2306582423412493,0.10745767366020037,0.3606137817054369,6.181708677109452e-10,2.820226539326432e-09,2.2306582423412493,True,True
MED4:SPT3:TFC7,trigenic,C181,-2.1362631950055677,0.11809531870010331,0.36061378170543623,3.1427157168958112e-09,1.2963702332195222e-08,2.1362631950055677,True,True
MED4:YAP6:TFC7,trigenic,C181,-2.438405727915603,0.08729992040172764,0.36061378170543673,1.3626829832620822e-11,7.98258078952344e-11,2.438405727915603,True,True
OPI1:RFX1:RGR1,trigenic,C181,1.4594969730648772,4.303794059411162,0.36061378170543656,5.1821137598123255e-05,0.0001233243418801491,1.4594969730648772,True,True
OPI1:RFX1:RPD3,trigenic,C181,-0.15360376193325903,0.8576117721264515,0.36061378170543645,0.6701436301925027,0.7110848809116588,0.15360376193325903,False,False
OPI1:RFX1:SPT3,trigenic,C181,1.893783330763433,6.644459375478484,0.36061378170543634,1.5081997803673116e-07,4.863575838969506e-07,1.893783330763433,True,True
OPI1:RFX1:YAP6,trigenic,C181,1.7021122090861858,5.485521732556069,0.36061378170543673,2.3579590789353435e-06,6.557245753219073e-06,1.7021122090861858,True,True
OPI1:RFX1:TFC7,trigenic,C181,1.4422877334371926,4.230362697351877,0.36061378170543634,6.346684443949666e-05,0.000147593507283135,1.4422877334371926,True,True
OPI1:RGR1:RPD3,trigenic,C181,0.0348827080436821,1.035498246061417,0.3606137817054362,0.9229396325096563,0.9333097407401018,0.0348827080436821,False,False
OPI1:RGR1:SPT3,trigenic,C181,1.6846250155834945,5.390429226360916,0.36061378170543623,2.989365051102532e-06,8.220753890531962e-06,1.6846250155834945,True,True
OPI1:RGR1:YAP6,trigenic,C181,1.7491885529634548,5.749935014753852,0.36061378170543645,1.2309657056329716e-06,3.5737714034505628e-06,1.7491885529634548,True,True
OPI1:RGR1:TFC7,trigenic,C181,1.5293185669254066,4.61503091585283,0.3606137817054365,2.2264847463661044e-05,5.5382409520161894e-05,1.5293185669254066,True,True
OPI1:RPD3:SPT3,trigenic,C181,1.4194785942479005,4.134963884125959,0.36061378170543623,8.275271453007904e-05,0.00018876771286815264,1.4194785942479005,True,True
OPI1:RPD3:YAP6,trigenic,C181,1.1999021525119757,3.3197920735288093,0.36061378170543634,0.0008766406115663539,0.0017784307488743654,1.1999021525119757,True,True
OPI1:RPD3:TFC7,trigenic,C181,1.4490439026788553,4.259040510683864,0.3606137817054366,5.8626746908528804e-05,0.00013799379058133468,1.4490439026788553,True,True
OPI1:SPT3:YAP6,trigenic,C181,2.002295575478863,7.406037718761046,0.37177724966104686,7.214722419422022e-08,2.4212119305856956e-07,2.002295575478863,True,True
OPI1:SPT3:TFC7,trigenic,C181,1.723798750185103,5.605783037661218,0.36061378170543607,1.7513840680071734e-06,4.93980121745613e-06,1.723798750185103,True,True
OPI1:YAP6:TFC7,trigenic,C181,1.5846715125849336,4.87768885591911,0.36061378170543623,1.1109286023848076e-05,2.9018979323508165e-05,1.5846715125849336,True,True
RFX1:RGR1:RPD3,trigenic,C181,-0.20935175632413772,0.8111098724299985,0.36061378170543634,0.5615485921757268,0.6095757744012824,0.20935175632413772,False,False
RFX1:RGR1:SPT3,trigenic,C181,0.19302997700028746,1.2129191526519356,0.36061378170543623,0.5924550424906344,0.6389221046467626,0.19302997700028746,False,False
RFX1:RGR1:YAP6,trigenic,C181,0.6375913715017698,1.8919184582071842,0.36061378170543645,0.07704875586742481,0.10668289273951127,0.6375913715017698,False,False
RFX1:RGR1:TFC7,trigenic,C181,0.4972893707130219,1.6442582500675962,0.36061378170543634,0.1678922182303102,0.2093366448967344,0.4972893707130219,False,False
RFX1:RPD3:SPT3,trigenic,C181,0.047407760301784174,1.0485494787730474,0.3606137817054367,0.8954081971732593,0.9142113653286038,0.047407760301784174,False,False
RFX1:RPD3:YAP6,trigenic,C181,0.7490306962889108,2.1149489948322944,0.36061378170543645,0.037792379131601196,0.05677459080468162,0.7490306962889108,True,False
RFX1:RPD3:TFC7,trigenic,C181,0.49309325566075435,1.6373732085900552,0.36061378170543673,0.1715086752857431,0.21304088899985654,0.49309325566075435,False,False
RFX1:SPT3:YAP6,trigenic,C181,0.762620339665169,2.1438865778032237,0.36061378170543634,0.0344483413158118,0.052386878498699975,0.762620339665169,True,False
RFX1:SPT3:TFC7,trigenic,C181,0.6997817134930596,2.013313180399281,0.36061378170543673,0.05231536184106733,0.07517011353070632,0.6997817134930596,False,False
RFX1:YAP6:TFC7,trigenic,C181,-1.1199279476557886,0.3263033046940786,0.36061378170543623,0.0018988309548127653,0.003643105901675654,1.1199279476557886,True,True
RGR1:RPD3:SPT3,trigenic,C181,-0.9835075982130401,0.3739969643869268,0.36061378170543623,0.006385193214655155,0.01116844749559824,0.9835075982130401,True,True
RGR1:RPD3:YAP6,trigenic,C181,-0.9207249733361786,0.3982302301085464,0.3717772496610463,0.013265901670237615,0.02218453150935007,0.9207249733361786,True,True
RGR1:RPD3:TFC7,trigenic,C181,-0.7262735875920192,0.48370813182049704,0.36061378170543645,0.044010281371730624,0.06512732220928746,0.7262735875920192,True,False
RGR1:SPT3:YAP6,trigenic,C181,-0.7556991693416057,0.46968211257119036,0.36061378170543645,0.036118445463217436,0.05474726542926881,0.7556991693416057,True,False
RGR1:SPT3:TFC7,trigenic,C181,-0.8372369150998729,0.4329050257532942,0.36061378170543634,0.020249110180894793,0.03239798678770527,0.8372369150998729,True,True
RGR1:YAP6:TFC7,trigenic,C181,-0.8759175051829662,0.41647972202173106,0.3606137817054365,0.015142080760202362,0.02486013259137701,0.8759175051829662,True,True
RPD3:SPT3:YAP6,trigenic,C181,-1.214131215968085,0.296967903225245,0.36061378170543623,0.00076033022161849,0.0015616741066437863,1.214131215968085,True,True
RPD3:SPT3:TFC7,trigenic,C181,-0.9038046998449871,0.4050257231892547,0.36061378170543634,0.012200360801557956,0.02057641770620507,0.9038046998449871,True,True
RPD3:YAP6:TFC7,trigenic,C181,-0.987738031646244,0.37241813704149307,0.3606137817054373,0.006161759800078088,0.010815854968222176,0.987738031646244,True,True
SPT3:YAP6:TFC7,trigenic,C181,-0.560271350491231,0.5710540870162146,0.36061378170543695,0.12026544488865593,0.15790821013232012,0.560271350491231,False,False
FKH1:GCN5,digenic,Total Titer,0.45534941904326987,1.576724224261121,0.13890685544083883,0.001045114137680644,0.0020860141054512855,0.45534941904326987,True,True
FKH1:MED4,digenic,Total Titer,0.11324707477221496,1.1199085999306921,0.13091935184349388,0.38703109401340885,0.44092149950894677,0.11324707477221496,False,False
FKH1:OPI1,digenic,Total Titer,0.6570632085327226,1.9291185881660562,0.13091935184349382,5.198457017605698e-07,1.6032624446821312e-06,0.6570632085327226,True,True
FKH1:RFX1,digenic,Total Titer,0.663418269189586,1.941417291920238,0.13091935184349357,4.0332595156506047e-07,1.2595983976322078e-06,0.663418269189586,True,True
FKH1:RGR1,digenic,Total Titer,0.5721684496809616,1.7721056099135963,0.1309193518434937,1.2402558677259693e-05,3.1892293741524925e-05,0.5721684496809616,True,True
FKH1:RPD3,digenic,Total Titer,0.9887667244833513,2.687917484565284,0.13091935184349357,4.270237382849024e-14,3.808590098216697e-13,0.9887667244833513,True,True
FKH1:SPT3,digenic,Total Titer,0.6519516620390302,1.9192829678414298,0.13091935184349376,6.365133803363793e-07,1.909540141009138e-06,0.6519516620390302,True,True
FKH1:YAP6,digenic,Total Titer,0.7094968292419663,2.0329680711639018,0.13091935184349368,5.98185664089573e-08,2.0211734042616972e-07,0.7094968292419663,True,True
FKH1:TFC7,digenic,Total Titer,0.5722102886473086,1.7721797545316291,0.1309193518434938,1.2384418684270024e-05,3.1892293741524925e-05,0.5722102886473086,True,True
GCN5:MED4,digenic,Total Titer,0.2610704476110006,1.2983191256927953,0.1465027299926657,0.0747463568784497,0.10393102992930507,0.2610704476110006,False,False
GCN5:OPI1,digenic,Total Titer,-0.03300879422496095,0.9675300508746945,0.13890685544083867,0.8121660802240416,0.8384196240060492,0.03300879422496095,False,False
GCN5:RFX1,digenic,Total Titer,0.0640988576118039,1.0661977953195492,0.13890685544083806,0.6444742928073979,0.6880241208776281,0.0640988576118039,False,False
GCN5:RGR1,digenic,Total Titer,-0.02174705844819025,0.9784877039505709,0.13890685544083828,0.8755927573037766,0.8973466146280941,0.02174705844819025,False,False
GCN5:RPD3,digenic,Total Titer,0.28706261363008756,1.332507644004415,0.13890685544083833,0.03877341816059422,0.058160127240891334,0.28706261363008756,True,False
GCN5:SPT3,digenic,Total Titer,0.14348822437103503,1.1542932181984227,0.1389068554408383,0.301612514280303,0.3529508145833333,0.14348822437103503,False,False
GCN5:YAP6,digenic,Total Titer,0.14337581566116775,1.154163472879345,0.13890685544083853,0.30199138466300224,0.3529646127553278,0.14337581566116775,False,False
GCN5:TFC7,digenic,Total Titer,0.783652539213429,2.1894547477811694,0.13890685544083856,1.6850798010336715e-08,6.1558265794219e-08,0.783652539213429,True,True
MED4:OPI1,digenic,Total Titer,0.9294055081086157,2.533002880248271,0.13091935184349376,1.256001229488868e-12,8.635008452735969e-12,0.9294055081086157,True,True
MED4:RFX1,digenic,Total Titer,0.6322246235179994,1.881792205464058,0.13091935184349388,1.3714109996187627e-06,3.958299969745117e-06,0.6322246235179994,True,True
MED4:RGR1,digenic,Total Titer,0.65689178214594,1.9287879146807019,0.130919351843494,5.234001657222223e-07,1.6092116896428575e-06,0.65689178214594,True,True
MED4:RPD3,digenic,Total Titer,1.0869288460589865,2.9651536313316305,0.1309193518434938,1.0213393147407155e-16,1.555578340912782e-15,1.0869288460589865,True,True
MED4:SPT3,digenic,Total Titer,0.5787299878981652,1.7837715800972493,0.13091935184349401,9.846932889638015e-06,2.5857993529818657e-05,0.5787299878981652,True,True
MED4:YAP6,digenic,Total Titer,0.6750753478642406,1.9641809672352275,0.13091935184349396,2.5171406793787866e-07,7.936207874474519e-07,0.6750753478642406,True,True
MED4:TFC7,digenic,Total Titer,0.7625175931359305,2.1436663122142297,0.13091935184349401,5.734195096041127e-09,2.2527195020161574e-08,0.7625175931359305,True,True
OPI1:RFX1,digenic,Total Titer,0.34604849595491993,1.4134711617893052,0.13091935184349368,0.008212194077817465,0.014114708571248769,0.34604849595491993,True,True
OPI1:RGR1,digenic,Total Titer,0.015461482040980488,1.0155816291733524,0.13091935184349374,0.9059889887919705,0.9212448361044402,0.015461482040980488,False,False
OPI1:RPD3,digenic,Total Titer,0.7404233204254795,2.0968229546306536,0.13091935184349357,1.5533155225278518e-08,5.737993907845422e-08,0.7404233204254795,True,True
OPI1:SPT3,digenic,Total Titer,0.3241241952921403,1.382819036069457,0.13091935184349376,0.013295490627430009,0.02219651892269091,0.3241241952921403,True,True
OPI1:YAP6,digenic,Total Titer,0.30473023670474686,1.356259084732869,0.13091935184349382,0.019932398084288778,0.031982291901857196,0.30473023670474686,True,True
OPI1:TFC7,digenic,Total Titer,0.29767630892967323,1.3467257942059683,0.13091935184349396,0.02298174226648891,0.03640307975011844,0.29767630892967323,True,True
RFX1:RGR1,digenic,Total Titer,0.21520480587890956,1.2401158539766532,0.13091935184349357,0.10021819164812266,0.1342571173635202,0.21520480587890956,False,False
RFX1:RPD3,digenic,Total Titer,0.7950813732221487,2.214621200335014,0.13091935184349365,1.2549378045676592e-09,5.473076768819307e-09,0.7950813732221487,True,True
RFX1:SPT3,digenic,Total Titer,0.26788156391831136,1.307192312111052,0.1309193518434937,0.0407409146374707,0.06074323116128914,0.26788156391831136,True,False
RFX1:YAP6,digenic,Total Titer,0.22545575837657883,1.2528936028432536,0.13091935184349365,0.08505203794726299,0.11662260050940493,0.22545575837657883,False,False
RFX1:TFC7,digenic,Total Titer,0.3015560911401778,1.3519609460423045,0.13091935184349338,0.021257869434863682,0.03383487257317531,0.3015560911401778,True,True
RGR1:RPD3,digenic,Total Titer,0.5673087277945109,1.763514561456922,0.1309193518434937,1.4691162922291086e-05,3.738882080480251e-05,0.5673087277945109,True,True
RGR1:SPT3,digenic,Total Titer,0.2507575493136367,1.2849984977927709,0.13091935184349368,0.05544674534630604,0.07932410100121819,0.2507575493136367,False,False
RGR1:YAP6,digenic,Total Titer,0.22311454305180822,1.2499637401979176,0.1309193518434937,0.08834118486280354,0.12029955022582602,0.22311454305180822,False,False
RGR1:TFC7,digenic,Total Titer,0.4518066025400769,1.5711480631486852,0.13091935184349368,0.0005584516206914284,0.0011542110740804053,0.4518066025400769,True,True
RPD3:SPT3,digenic,Total Titer,0.6219836111811017,1.8626190918888104,0.13091935184349382,2.0252197233522664e-06,5.647795848221814e-06,0.6219836111811017,True,True
RPD3:YAP6,digenic,Total Titer,0.6292843142769244,1.8762672809263263,0.1309193518434937,1.5347558089846746e-06,4.378698129379907e-06,0.6292843142769244,True,True
RPD3:TFC7,digenic,Total Titer,0.6119826248902618,1.8440839034585843,0.13091935184349385,2.9466937806483393e-06,8.12598006362634e-06,0.6119826248902618,True,True
SPT3:YAP6,digenic,Total Titer,0.4326653681352174,1.5413603461044885,0.13091935184349376,0.0009503618281201106,0.001920118795589611,0.4326653681352174,True,True
SPT3:TFC7,digenic,Total Titer,0.4885249819681383,1.6299102989219074,0.13091935184349385,0.00019034635491121463,0.00041690905168606746,0.4885249819681383,True,True
YAP6:TFC7,digenic,Total Titer,0.5724571429221039,1.7726172786798724,0.13091935184349382,1.22779051216253e-05,3.1736621593757304e-05,0.5724571429221039,True,True
FKH1:GCN5:MED4,trigenic,Total Titer,0.12588194796737717,1.1341482718710187,0.19647627485888575,0.5217189415681706,0.5726183505016507,0.12588194796737717,False,False
FKH1:GCN5:OPI1,trigenic,Total Titer,-0.9069159229393671,0.4037675560396874,0.19087952005278755,2.021650757099758e-06,5.647795848221814e-06,0.9069159229393671,True,True
FKH1:GCN5:RFX1,trigenic,Total Titer,-1.3421789535621826,0.2612757401772868,0.19087952005278763,2.042511505374977e-12,1.3303199936323864e-11,1.3421789535621826,True,True
FKH1:GCN5:RGR1,trigenic,Total Titer,-0.9276431403920118,0.39548471476712427,0.19087952005278763,1.174831043977567e-06,3.4208315692287984e-06,0.9276431403920118,True,True
FKH1:GCN5:RPD3,trigenic,Total Titer,-1.2650811967278024,0.28221638016358325,0.1908795200527877,3.410905849989625e-11,1.8252955629674207e-10,1.2650811967278024,True,True
FKH1:GCN5:SPT3,trigenic,Total Titer,-1.3757389157760165,0.2526528376463769,0.1908795200527877,5.704375481215928e-13,4.092269366959252e-12,1.3757389157760165,True,True
FKH1:GCN5:YAP6,trigenic,Total Titer,-1.36698304373044,0.254874746745386,0.1908795200527878,7.980096404347365e-13,5.643068171645637e-12,1.36698304373044,True,True
FKH1:GCN5:TFC7,trigenic,Total Titer,-1.668545861977594,0.18852100197685068,0.1908795200527878,2.3032871504810553e-18,4.957074519513575e-17,1.668545861977594,True,True
FKH1:MED4:OPI1,trigenic,Total Titer,-0.3609682806977048,0.6970011065050424,0.18514792295416396,0.05122130723760027,0.07391996233997707,0.3609682806977048,False,False
FKH1:MED4:RFX1,trigenic,Total Titer,-0.41998625966440106,0.6570558479208897,0.18514792295416418,0.023305919466474465,0.03685760426806665,0.41998625966440106,True,True
FKH1:MED4:RGR1,trigenic,Total Titer,-0.42983103915388954,0.6506190145761778,0.18514792295416427,0.020256923052110673,0.03239798678770527,0.42983103915388954,True,True
FKH1:MED4:RPD3,trigenic,Total Titer,-0.5488515525353823,0.5776127875517871,0.185147922954164,0.0030327885224937733,0.005633134403881492,0.5488515525353823,True,True
FKH1:MED4:SPT3,trigenic,Total Titer,-0.5610949631131292,0.5705839532929715,0.18514792295416418,0.0024413092338851842,0.004586140686046172,0.5610949631131292,True,True
FKH1:MED4:YAP6,trigenic,Total Titer,-0.44944863736816476,0.6379798128951175,0.18514792295416413,0.015202821792439335,0.02491853240813732,0.44944863736816476,True,True
FKH1:MED4:TFC7,trigenic,Total Titer,-0.28080675694775437,0.7551742535586615,0.18514792295416416,0.12935212790544046,0.16768155387003808,0.28080675694775437,False,False
FKH1:OPI1:RFX1,trigenic,Total Titer,-1.2389207670052775,0.2896966995250913,0.18514792295416385,2.208664481944453e-11,1.2215518643156473e-10,1.2389207670052775,True,True
FKH1:OPI1:RGR1,trigenic,Total Titer,-0.7243103641444463,0.48465869174212434,0.18514792295416405,9.151097874615019e-05,0.00020826636542227285,0.7243103641444463,True,True
FKH1:OPI1:RPD3,trigenic,Total Titer,-1.4199996343010723,0.2417141052916094,0.19087908304926784,1.0124883478078435e-13,8.353028869414709e-13,1.4199996343010723,True,True
FKH1:OPI1:SPT3,trigenic,Total Titer,-1.246157839104957,0.287607711818503,0.18514792295416413,1.6895716871084093e-11,9.503840739984801e-11,1.246157839104957,True,True
FKH1:OPI1:YAP6,trigenic,Total Titer,-1.260896015883604,0.28339998181761006,0.18514792295416402,9.745718628852309e-12,5.7774020614154403e-11,1.260896015883604,True,True
FKH1:OPI1:TFC7,trigenic,Total Titer,-1.061355290787,0.34598658000580623,0.18514792295416402,9.897735720508043e-09,3.725763636236868e-08,1.061355290787,True,True
FKH1:RFX1:RGR1,trigenic,Total Titer,-1.2378050472701316,0.29002010022868346,0.1851479229541641,2.301493343592024e-11,1.265821338975613e-10,1.2378050472701316,True,True
FKH1:RFX1:RPD3,trigenic,Total Titer,-1.726499823883202,0.17790602387197407,0.18514792295416388,1.1100935867957714e-20,5.2332983377514935e-19,1.726499823883202,True,True
FKH1:RFX1:SPT3,trigenic,Total Titer,-1.311565636242756,0.26939794684660767,0.18514792295416416,1.4017347645841002e-12,9.50491381464561e-12,1.311565636242756,True,True
FKH1:RFX1:YAP6,trigenic,Total Titer,-1.2843607282392346,0.2768274950789098,0.19087879171303196,1.712188488451098e-11,9.576647477777326e-11,1.2843607282392346,True,True
FKH1:RFX1:TFC7,trigenic,Total Titer,-1.2164795820532524,0.29627133209505885,0.185147922954164,5.02100110656285e-11,2.6300481986757783e-10,1.2164795820532524,True,True
FKH1:RGR1:RPD3,trigenic,Total Titer,-1.3096970019777467,0.2699018237151798,0.18514792295416388,1.507614550458111e-12,1.0153322482677073e-11,1.3096970019777467,True,True
FKH1:RGR1:SPT3,trigenic,Total Titer,-1.1729423077769792,0.30945508833430685,0.1851479229541641,2.3709018354593203e-10,1.1339095734805446e-09,1.1729423077769792,True,True
FKH1:RGR1:YAP6,trigenic,Total Titer,-1.0454888239558517,0.35151994600301173,0.18514792295416416,1.6348473712848854e-08,5.994440361377914e-08,1.0454888239558517,True,True
FKH1:RGR1:TFC7,trigenic,Total Titer,-1.2073280623970821,0.298995109355114,0.18514792295416418,6.989439105410568e-11,3.5124592458662243e-10,1.2073280623970821,True,True
FKH1:RPD3:SPT3,trigenic,Total Titer,-1.4185418325175911,0.24206673351397173,0.1851479229541639,1.8353423799606918e-14,1.8540703634296784e-13,1.4185418325175911,True,True
FKH1:RPD3:YAP6,trigenic,Total Titer,-1.423059408144394,0.24097564513135278,0.18514792295416393,1.517266394571479e-14,1.6151545490599615e-13,1.423059408144394,True,True
FKH1:RPD3:TFC7,trigenic,Total Titer,-1.1426032895595406,0.31898752308145156,0.18514792295416402,6.773097056179369e-10,3.0478936752807164e-09,1.1426032895595406,True,True
FKH1:SPT3:YAP6,trigenic,Total Titer,-1.335175418823161,0.2631120166072688,0.18514792295416405,5.538019790233235e-13,4.031352641419781e-12,1.335175418823161,True,True
FKH1:SPT3:TFC7,trigenic,Total Titer,-1.236638734641599,0.2903585516658353,0.1851479229541642,2.4026137067882324e-11,1.3141367788510221e-10,1.236638734641599,True,True
FKH1:YAP6:TFC7,trigenic,Total Titer,-1.3421544354616326,0.2612821462406877,0.18514792295416416,4.1957302013042886e-13,3.1467976509782163e-12,1.3421544354616326,True,True
GCN5:MED4:OPI1,trigenic,Total Titer,-0.7962468804657381,0.4510185179953507,0.1964762748588856,5.064370450356485e-05,0.00012081269267115471,0.7962468804657381,True,True
GCN5:MED4:RFX1,trigenic,Total Titer,-0.884408575425487,0.412958334777815,0.1964762748588853,6.75230552456932e-06,1.7921668818562002e-05,0.884408575425487,True,True
GCN5:MED4:RGR1,trigenic,Total Titer,-0.7216457596504331,0.48595183756616617,0.19647627485888575,0.0002397748870741474,0.0005182906947672619,0.7216457596504331,True,True
GCN5:MED4:RPD3,trigenic,Total Titer,-0.8649397021735982,0.4210769418861986,0.1964762748588852,1.0712892448700881e-05,2.805757546088326e-05,0.8649397021735982,True,True
GCN5:MED4:SPT3,trigenic,Total Titer,-0.7857823363864234,0.4557630022940566,0.19647627485888552,6.350993343698536e-05,0.000147593507283135,0.7857823363864234,True,True
GCN5:MED4:YAP6,trigenic,Total Titer,-0.9475490559191719,0.3876900666275389,0.1964762748588856,1.4161732897002085e-06,4.063801613922337e-06,0.9475490559191719,True,True
GCN5:MED4:TFC7,trigenic,Total Titer,-1.4931580527840103,0.22466203946930063,0.19647627485888552,2.968494678976658e-14,2.8093177138533115e-13,1.4931580527840103,True,True
GCN5:OPI1:RFX1,trigenic,Total Titer,-0.32214448941926577,0.7245934866737066,0.1908795200527876,0.09147172617976487,0.12371176081689511,0.32214448941926577,False,False
GCN5:OPI1:RGR1,trigenic,Total Titer,0.14870389872914935,1.160329363338478,0.19087952005278766,0.43595270400311625,0.4876759061729775,0.14870389872914935,False,False
GCN5:OPI1:RPD3,trigenic,Total Titer,-0.25616092389132916,0.7740174008774348,0.19087952005278755,0.17959496290817356,0.22197130247077632,0.25616092389132916,False,False
GCN5:OPI1:SPT3,trigenic,Total Titer,-0.1629358980908333,0.8496456505773244,0.1908795200527876,0.39332334892263954,0.44635735443789215,0.1629358980908333,False,False
GCN5:OPI1:YAP6,trigenic,Total Titer,-0.28499449535948385,0.7520183938989091,0.19087952005278772,0.13542159269064918,0.1743972765209826,0.28499449535948385,False,False
GCN5:OPI1:TFC7,trigenic,Total Titer,-1.0917944663806602,0.33561370551547876,0.21232078130278478,2.7154973340432155e-07,8.534420192707249e-07,1.0917944663806602,True,True
GCN5:RFX1:RGR1,trigenic,Total Titer,-0.12474521137825101,0.882721781401168,0.1908795200527876,0.5134156053755803,0.5662896967457517,0.12474521137825101,False,False
GCN5:RFX1:RPD3,trigenic,Total Titer,-0.4237071890290205,0.6546155324584749,0.19087952005278752,0.02643489785593812,0.041281226827289165,0.4237071890290205,True,True
GCN5:RFX1:SPT3,trigenic,Total Titer,-0.19444068886731403,0.8232950073678756,0.19087952005278758,0.3083660085681236,0.3577981974056596,0.19444068886731403,False,False
GCN5:RFX1:YAP6,trigenic,Total Titer,-0.24473924441338735,0.7829086594345959,0.19087952005278744,0.19978439527538583,0.24448275812439055,0.24473924441338735,False,False
GCN5:RFX1:TFC7,trigenic,Total Titer,-0.8360681891463138,0.43341126886442566,0.1908795200527876,1.1863397514044569e-05,3.0907272470800324e-05,0.8360681891463138,True,True
GCN5:RGR1:RPD3,trigenic,Total Titer,-0.22492083204775937,0.7985794381556892,0.1908795200527873,0.2386613828570484,0.2867412245491237,0.22492083204775937,False,False
GCN5:RGR1:SPT3,trigenic,Total Titer,-0.31139964841404955,0.7324211064372056,0.19087952005278758,0.10280727123277503,0.13698411644743913,0.31139964841404955,False,False
GCN5:RGR1:YAP6,trigenic,Total Titer,-0.122534148635572,0.8846756939597821,0.19087952005278777,0.520908911216742,0.5723638425134013,0.122534148635572,False,False
GCN5:RGR1:TFC7,trigenic,Total Titer,-0.9974038960557376,0.3688357352219598,0.19650886852207683,3.8623912896504265e-07,1.2100529673271906e-06,0.9974038960557376,True,True
GCN5:RPD3:SPT3,trigenic,Total Titer,-0.5206999425476591,0.5941045633428655,0.1908795200527877,0.0063739231283371865,0.01116844749559824,0.5206999425476591,True,True
GCN5:RPD3:YAP6,trigenic,Total Titer,-0.29502442635631376,0.7445134014941764,0.1908795200527876,0.12219988434992005,0.16009832935635218,0.29502442635631376,False,False
GCN5:RPD3:TFC7,trigenic,Total Titer,-0.7871335124373982,0.4551476020910713,0.1908795200527877,3.728035886435805e-05,9.045969430322175e-05,0.7871335124373982,True,True
GCN5:SPT3:YAP6,trigenic,Total Titer,-0.6264554782312721,0.5344829338402016,0.1908795200527878,0.0010309487650032865,0.002061897530006573,0.6264554782312721,True,True
GCN5:SPT3:TFC7,trigenic,Total Titer,-1.251794453410839,0.28599113835620427,0.19087952005278755,5.4521644178761125e-11,2.840864617735448e-10,1.251794453410839,True,True
GCN5:YAP6:TFC7,trigenic,Total Titer,-1.286494539845056,0.27623742712791005,0.1908795200527876,1.585776319185677e-11,9.127433465080351e-11,1.286494539845056,True,True
MED4:OPI1:RFX1,trigenic,Total Titer,-1.416634553105508,0.2425288629760663,0.18514792295416396,1.9885520790454076e-14,1.9885520790454074e-13,1.416634553105508,True,True
MED4:OPI1:RGR1,trigenic,Total Titer,-1.0334604614153418,0.35577368683585664,0.18514792295416413,2.3802882101525383e-08,8.537990319025409e-08,1.0334604614153418,True,True
MED4:OPI1:RPD3,trigenic,Total Titer,-1.7042038987847101,0.18191715300978845,0.18514792295416382,3.4309572845283506e-20,1.3586590846732268e-18,1.7042038987847101,True,True
MED4:OPI1:SPT3,trigenic,Total Titer,-1.428388518063128,0.23969487514382354,0.18514792295416407,1.2112426974007776e-14,1.3231392600242626e-13,1.428388518063128,True,True
MED4:OPI1:YAP6,trigenic,Total Titer,-1.3546310904132515,0.2580424712363595,0.19087952005278766,1.2769161979669938e-12,8.718255420602233e-12,1.3546310904132515,True,True
MED4:OPI1:TFC7,trigenic,Total Titer,-1.3446733685306618,0.2606248222273336,0.1908795200527878,1.859705310375524e-12,1.2274055048478458e-11,1.3446733685306618,True,True
MED4:RFX1:RGR1,trigenic,Total Titer,-1.2313162286719155,0.2919081068907731,0.1851479229541642,2.9220657085899845e-11,1.5807896456306475e-10,1.2313162286719155,True,True
MED4:RFX1:RPD3,trigenic,Total Titer,-1.7075704431891428,0.18130575057043377,0.19087908304926776,3.6918916328590976e-19,1.0152701990362519e-17,1.7075704431891428,True,True
MED4:RFX1:SPT3,trigenic,Total Titer,-1.1660952079966638,0.3115812288431562,0.1851479229541641,3.0115792230110207e-10,1.4265375266894307e-09,1.1660952079966638,True,True
MED4:RFX1:YAP6,trigenic,Total Titer,-1.3707469882522763,0.2539172155162988,0.18514792295416416,1.3261773541908063e-13,1.085054198883387e-12,1.3707469882522763,True,True
MED4:RFX1:TFC7,trigenic,Total Titer,-1.3979637347726719,0.24709961235350605,0.1851479229541639,4.335123181782345e-14,3.8319392410397513e-13,1.3979637347726719,True,True
MED4:RGR1:RPD3,trigenic,Total Titer,-1.4638515429158054,0.23134352708258152,0.18514792295416407,2.649618625901492e-15,3.278903049553096e-14,1.4638515429158054,True,True
MED4:RGR1:SPT3,trigenic,Total Titer,-1.1971925990672783,0.3020409728662554,0.18514792295416402,1.0053719025302632e-10,4.927317740123566e-10,1.1971925990672783,True,True
MED4:RGR1:YAP6,trigenic,Total Titer,-1.2929476533464443,0.27446057493781983,0.18514792295416407,2.882796407751237e-12,1.8178142953335827e-11,1.2929476533464443,True,True
MED4:RGR1:TFC7,trigenic,Total Titer,-1.3794423784093421,0.2517188778131091,0.18514792295416427,9.299559871706445e-14,7.736608632764185e-13,1.3794423784093421,True,True
MED4:RPD3:SPT3,trigenic,Total Titer,-1.422737716462922,0.24105317746191313,0.18514792295416393,1.5379989836042574e-14,1.6198074401789518e-13,1.422737716462922,True,True
MED4:RPD3:YAP6,trigenic,Total Titer,-1.7736116608276822,0.16971891342554477,0.18514792295416407,9.758150379080182e-22,5.3669827084941007e-20,1.7736116608276822,True,True
MED4:RPD3:TFC7,trigenic,Total Titer,-1.406793554212781,0.24492737175218735,0.18514792295416393,3.0024536288126926e-14,2.8093177138533115e-13,1.406793554212781,True,True
MED4:SPT3:YAP6,trigenic,Total Titer,-1.3533288582075995,0.25837872134317064,0.18514792295416418,2.682448041524985e-13,2.124498848887788e-12,1.3533288582075995,True,True
MED4:SPT3:TFC7,trigenic,Total Titer,-1.4200504565092484,0.24170182115918717,0.18514792295416402,1.7224358424678645e-14,1.7762619625449852e-13,1.4200504565092484,True,True
MED4:YAP6:TFC7,trigenic,Total Titer,-1.587982005189609,0.20433754806329193,0.18514792295416413,9.75247594686667e-18,1.9309902374796008e-16,1.587982005189609,True,True
OPI1:RFX1:RGR1,trigenic,Total Titer,0.27266533623739164,1.3134606035952114,0.18514792295416402,0.14083487506242764,0.18037066793247525,0.27266533623739164,False,False
OPI1:RFX1:RPD3,trigenic,Total Titer,-1.025389338565222,0.35865679929536953,0.18514792295416382,3.0556684887706773e-08,1.0727346822280037e-07,1.025389338565222,True,True
OPI1:RFX1:SPT3,trigenic,Total Titer,0.06083480355815629,1.062723341570917,0.18514792295416405,0.742477662335679,0.7778337414945209,0.06083480355815629,False,False
OPI1:RFX1:YAP6,trigenic,Total Titer,0.14330045997915497,1.1540765033805562,0.18514792295416402,0.43894367076930185,0.49046753280091293,0.14330045997915497,False,False
OPI1:RFX1:TFC7,trigenic,Total Titer,0.11267410722922477,1.1192671124451201,0.18514792295416374,0.5428143798086013,0.5911839780093677,0.11267410722922477,False,False
OPI1:RGR1:RPD3,trigenic,Total Titer,-0.6231076934057683,0.5362752661931416,0.1851479229541639,0.0007641649810355874,0.0015663008928058625,0.6231076934057683,True,True
OPI1:RGR1:SPT3,trigenic,Total Titer,0.23929592251653942,1.2703544074399153,0.18514792295416396,0.19619856637969935,0.24039180781671082,0.23929592251653942,False,False
OPI1:RGR1:YAP6,trigenic,Total Titer,0.29450351654590246,1.3424596841825513,0.18514792295416396,0.1116908306332815,0.14743189643593158,0.29450351654590246,False,False
OPI1:RGR1:TFC7,trigenic,Total Titer,0.22000102258833798,1.2460780048115652,0.18514792295416402,0.23473705073443696,0.28305685776746964,0.22000102258833798,False,False
OPI1:RPD3:SPT3,trigenic,Total Titer,-0.2589447783627383,0.7718656455515437,0.1851479229541639,0.16193800095716293,0.20277072790114042,0.2589447783627383,False,False
OPI1:RPD3:YAP6,trigenic,Total Titer,-0.2544756891653555,0.7753229016085144,0.18514792295416402,0.16930348650317995,0.21083075677754484,0.2544756891653555,False,False
OPI1:RPD3:TFC7,trigenic,Total Titer,-0.021562655282445498,0.9786681568183504,0.18514792295416385,0.9072865810119487,0.9212448361044402,0.021562655282445498,False,False
OPI1:SPT3:YAP6,trigenic,Total Titer,-0.02363609363231567,0.9766410509959176,0.1908795200527879,0.9014520240219387,0.9181455800223449,0.02363609363231567,False,False
OPI1:SPT3:TFC7,trigenic,Total Titer,-0.02120548315951032,0.9790177722342936,0.18514792295416407,0.9088155618655858,0.921851850662838,0.02120548315951032,False,False
OPI1:YAP6:TFC7,trigenic,Total Titer,-0.05886779927756436,0.9428314039112481,0.18514792295416382,0.7505227940897135,0.7829479095351068,0.05886779927756436,False,False
RFX1:RGR1:RPD3,trigenic,Total Titer,-0.2823563889531593,0.7540049176198867,0.1851479229541639,0.12725127564881694,0.16532646048862046,0.2823563889531593,False,False
RFX1:RGR1:SPT3,trigenic,Total Titer,-0.030189402427179823,0.9702617462144413,0.185147922954164,0.8704746716960053,0.8930258289938293,0.030189402427179823,False,False
RFX1:RGR1:YAP6,trigenic,Total Titer,0.19620659980893063,1.216778265525107,0.18514792295416407,0.2892679631778635,0.34011316335639535,0.19620659980893063,False,False
RFX1:RGR1:TFC7,trigenic,Total Titer,0.011857788462677377,1.0119283707436477,0.18514792295416396,0.948934439650431,0.9537513657400272,0.011857788462677377,False,False
RFX1:RPD3:SPT3,trigenic,Total Titer,-0.38699017361875887,0.6790977679674188,0.18514792295416407,0.03660275473980691,0.05523891340306226,0.38699017361875887,True,False
RFX1:RPD3:YAP6,trigenic,Total Titer,-0.0579109223811769,0.9437340092710772,0.18514792295416402,0.7544463542494906,0.7862125165336797,0.0579109223811769,False,False
RFX1:RPD3:TFC7,trigenic,Total Titer,-0.17250500074145106,0.8415540804068775,0.18514792295416402,0.35148410125324314,0.40274219935267447,0.17250500074145106,False,False
RFX1:SPT3:YAP6,trigenic,Total Titer,0.024262068410803028,1.0245587872035586,0.18514792295416402,0.8957424488573189,0.9142113653286038,0.024262068410803028,False,False
RFX1:SPT3:TFC7,trigenic,Total Titer,-0.007149620198141138,0.9928758775337938,0.18514792295416393,0.9691967695531374,0.972142656390685,0.007149620198141138,False,False
RFX1:YAP6:TFC7,trigenic,Total Titer,-0.844532256055234,0.4297583280615232,0.18514792295416382,5.0815609544264195e-06,1.3745205860333757e-05,0.844532256055234,True,True
RGR1:RPD3:SPT3,trigenic,Total Titer,-0.6924195420387365,0.5003639516571692,0.18514792295416388,0.00018415351464223356,0.000406040043420515,0.6924195420387365,True,True
RGR1:RPD3:YAP6,trigenic,Total Titer,-0.7934040867656583,0.45230249477277196,0.19087952005278766,3.230612174746924e-05,7.916599141087759e-05,0.7934040867656583,True,True
RGR1:RPD3:TFC7,trigenic,Total Titer,-0.8208676514451012,0.44004967907922754,0.18514792295416402,9.268220196558983e-06,2.4403026581365408e-05,0.8208676514451012,True,True
RGR1:SPT3:YAP6,trigenic,Total Titer,-0.7701981488067313,0.46292133191327023,0.18514792295416402,3.1837714514963994e-05,7.821175526008524e-05,0.7701981488067313,True,True
RGR1:SPT3:TFC7,trigenic,Total Titer,-0.9766975446098967,0.3765525958787062,0.18514792295416413,1.3259099054127037e-07,4.303773135601891e-07,0.9766975446098967,True,True
RGR1:YAP6:TFC7,trigenic,Total Titer,-0.9796142133734049,0.3754559167867644,0.18514792295416407,1.2166175181444483e-07,3.9750869404719603e-07,0.9796142133734049,True,True
RPD3:SPT3:YAP6,trigenic,Total Titer,-1.494376031068235,0.2243885725561249,0.18514792295416402,6.957943488984705e-16,9.30860007310116e-15,1.494376031068235,True,True
RPD3:SPT3:TFC7,trigenic,Total Titer,-1.4031298316186742,0.24582636352063125,0.18514792295416393,3.497723289041324e-14,3.2062463482878803e-13,1.4031298316186742,True,True
RPD3:YAP6:TFC7,trigenic,Total Titer,-1.4755198342678688,0.2286598309289601,0.18514792295416427,1.5943281441422944e-15,2.0768221877643045e-14,1.4755198342678688,True,True
SPT3:YAP6:TFC7,trigenic,Total Titer,-1.2494519541157691,0.28666185766925556,0.18514792295416416,1.4948597949260618e-11,8.654451444308779e-11,1.2494519541157691,True,True
